,model,truevals,predvals
0,model_4b,0.1742,0.19699828
1,model_4b,0.3472,0.345883
2,model_4b,0.2622,0.25298515
3,model_4b,0.0902,0.12197079
4,model_4b,0.2579,0.29174083
5,model_4b,0.2599,0.23546626
6,model_4b,0.0246,0.014028451
7,model_4b,0.2669,0.2583791
8,model_4b,0.1207,0.20217696
9,model_4b,0.0055,0.043380283
10,model_4b,0.5098,0.504648
11,model_4b,-0.012,0.046063907
12,model_4b,0.7691,0.81316996
13,model_4b,0.5229,0.4953491
14,model_4b,0.3393,0.34185204
15,model_4b,0.1309,0.09491917
16,model_4b,0.172,0.16037835
17,model_4b,0.0511,0.040230125
18,model_4b,-0.0566,-0.025106192
19,model_4b,0.6193,0.5961661
20,model_4b,0.2788,0.2385564
21,model_4b,0.3404,0.24021088
22,model_4b,0.018,0.007812078
23,model_4b,0.109,0.10624154
24,model_4b,0.5985,0.62835664
25,model_4b,0.216,0.16434695
26,model_4b,0.0461,-0.04490932
27,model_4b,0.4293,0.4243192
28,model_4b,0.3765,0.39013082
29,model_4b,0.7156,0.73881215
30,model_4b,0.1617,0.13850771
31,model_4b,0.0708,0.05023683
32,model_4b,0.0481,0.0710143
33,model_4b,0.452,0.5106614
34,model_4b,-0.0023,0.009877563
35,model_4b,0.5507,0.32498968
36,model_4b,0.1282,0.123428926
37,model_4b,0.082,0.07954329
38,model_4b,0.4076,0.25887558
39,model_4b,-0.0092,0.11329837
40,model_4b,-0.1556,-0.14187029
41,model_4b,0.7308,0.7827422
42,model_4b,0.2341,0.21239696
43,model_4b,0.679,0.49907655
44,model_4b,0.2077,0.21091563
45,model_4b,0.5919,0.5497655
46,model_4b,0.1955,0.23420665
47,model_4b,0.4366,0.36984172
48,model_4b,0.1824,0.23476179
49,model_4b,0.3717,0.3372047
50,model_4b,0.0313,0.046246324
51,model_4b,-0.0219,0.016073864
52,model_4b,0.0104,0.027051024
53,model_4b,-0.032,-0.036472958
54,model_4b,-0.0008,0.05260613
55,model_4b,0.1056,0.13285305
56,model_4b,0.9643,0.94586927
57,model_4b,0.4371,0.41445202
58,model_4b,0.4938,0.5580395
59,model_4b,0.6281,0.51506454
60,model_4b,0.2727,0.31823772
61,model_4b,0.5963,0.64679617
62,model_4b,0.4225,0.43047512
63,model_4b,0.142,0.16715465
64,model_4b,0.1854,0.12893836
65,model_4b,0.0249,0.074295625
66,model_4b,0.2698,0.25485134
67,model_4b,0.4806,0.5023475
68,model_4b,0.6473,0.6494245
69,model_4b,0.0937,0.10370511
70,model_4b,0.2429,0.27537474
71,model_4b,0.1974,0.19740002
72,model_4b,0.2327,0.25642198
73,model_4b,0.0672,0.07867675
74,model_4b,0.7554,0.7505911
75,model_4b,0.4633,0.38347602
76,model_4b,0.5518,0.602428
77,model_4b,0.2451,0.44997877
78,model_4b,0.4036,0.35624582
79,model_4b,0.2338,0.1817881
80,model_4b,0.0979,0.111988276
81,model_4b,0.1907,0.14804739
82,model_4b,0.0072,-0.077268966
83,model_4b,0.2432,0.24450065
84,model_4b,0.2318,0.29225364
85,model_4b,-0.0746,-0.07633351
86,model_4b,0.4221,0.45608994
87,model_4b,0.1755,0.23510766
88,model_4b,0.2446,0.23953623
89,model_4b,0.0904,0.12226936
90,model_4b,0.0879,0.10319427
91,model_4b,0.6955,0.68135744
92,model_4b,0.0591,0.13126887
93,model_4b,0.6959,0.68891805
94,model_4b,-0.1278,-0.09806782
95,model_4b,0.0624,0.09814128
96,model_4b,0.0442,0.025412582
97,model_4b,0.6297,0.65245813
98,model_4b,0.2852,0.3444367
99,model_4b,0.0936,0.0774903
100,model_4b,0.0606,0.067653075
101,model_4b,0.1987,0.17251326
102,model_4b,0.09,0.09023285
103,model_4b,0.2364,0.2634995
104,model_4b,0.4779,0.46861416
105,model_4b,0.1909,0.12361266
106,model_4b,0.1822,0.15666242
107,model_4b,0.69,0.6999292
108,model_4b,0.2662,0.26214713
109,model_4b,0.1372,0.1492161
110,model_4b,0.1736,0.121024325
111,model_4b,0.696,0.67918235
112,model_4b,0.2744,0.23081875
113,model_4b,0.1972,0.22166623
114,model_4b,0.2457,0.21789573
115,model_4b,0.1107,0.09636563
116,model_4b,0.3896,0.26589656
117,model_4b,0.2898,0.35614106
118,model_4b,-0.0475,-0.059353374
119,model_4b,-0.1115,-0.06975163
120,model_4b,0.0938,0.18520023
121,model_4b,0.1639,0.16930287
122,model_4b,0.6244,0.5688184
123,model_4b,0.2373,0.262627
124,model_4b,0.3146,0.33145422
125,model_4b,0.2164,0.3308653
126,model_4b,0.1153,0.1307592
127,model_4b,0.2167,0.22076453
128,model_4b,-0.0591,0.0028000055
129,model_4b,0.1402,0.11178637
130,model_4b,0.1971,0.23990367
131,model_4b,0.3754,0.37331527
132,model_4b,0.3665,0.42337346
133,model_4b,0.7798,0.8276504
134,model_4b,0.3074,0.25952107
135,model_4b,0.4226,0.4318704
136,model_4b,0.0883,0.09532019
137,model_4b,0.4308,0.4451102
138,model_4b,0.3496,0.40728384
139,model_4b,0.8872,0.8828341
140,model_4b,0.0269,0.03960319
141,model_4b,0.0201,0.07065709
142,model_4b,0.0545,0.06474881
143,model_4b,0.408,0.3528206
144,model_4b,0.4498,0.41632462
145,model_4b,0.5567,0.5803552
146,model_4b,0.1679,0.22734652
147,model_4b,0.3179,0.29344976
148,model_4b,0.2809,0.29173034
149,model_4b,0.0747,0.0585137
150,model_4b,0.407,0.40616053
151,model_4b,0.8929,0.86341435
152,model_4b,0.2375,0.23088199
153,model_4b,0.0772,0.109235145
154,model_4b,-0.0934,-0.19343331
155,model_4b,0.5798,0.5401812
156,model_4b,0.0314,0.058617875
157,model_4b,0.2242,0.24811925
158,model_4b,0.0061,0.013768473
159,model_4b,0.3947,0.38625583
160,model_4b,0.0621,0.13391899
161,model_4b,0.3024,0.2590638
162,model_4b,-0.0431,-0.05619598
163,model_4b,0.1099,0.09956041
164,model_4b,0.1365,0.1297478
165,model_4b,0.0725,0.058830105
166,model_4b,-0.0899,-0.091144904
167,model_4b,0.0829,0.11035534
168,model_4b,0.1587,0.105238006
169,model_4b,-0.1932,-0.18520966
170,model_4b,0.3215,0.30861768
171,model_4b,0.2174,0.27354264
172,model_4b,0.1512,0.16050144
173,model_4b,0.2669,0.324067
174,model_4b,0.8352,0.87659323
175,model_4b,0.892,0.88101405
176,model_4b,-0.0143,0.027974814
177,model_4b,0.1767,0.2530764
178,model_4b,0.1139,0.1300002
179,model_4b,0.6466,0.62871325
180,model_4b,-0.0505,-0.068210855
181,model_4b,0.7133,0.7122731
182,model_4b,0.0452,0.0933287
183,model_4b,-0.1859,-0.21470873
184,model_4b,0.2571,0.2520963
185,model_4b,0.2027,0.15437908
186,model_4b,0.4073,0.38286892
187,model_4b,0.5139,0.5022068
188,model_4b,-0.0494,-0.076158024
189,model_4b,0.112,0.08126915
190,model_4b,0.4012,0.3764877
191,model_4b,0.3709,0.31134853
192,model_4b,-0.0446,-0.08847557
193,model_4b,0.6359,0.6203888
194,model_4b,0.2515,0.2451951
195,model_4b,0.037,0.060079902
196,model_4b,0.1999,0.19660036
197,model_4b,0.3295,0.34044617
198,model_4b,0.0831,0.13021539
199,model_4b,0.0657,0.027069375
200,model_4b,-0.0492,-0.0204105
201,model_4b,0.1556,0.18964033
202,model_4b,0.2235,0.19275402
203,model_4b,0.4035,0.38617852
204,model_4b,-0.2038,-0.14285348
205,model_4b,0.3139,0.28950435
206,model_4b,0.6596,0.61775404
207,model_4b,0.4091,0.40634567
208,model_4b,0.0072,0.0063818237
209,model_4b,0.0985,0.06837422
210,model_4b,-0.0895,0.047255274
211,model_4b,0.0799,0.12343934
212,model_4b,0.5198,0.5993467
213,model_4b,0.1625,0.16104777
214,model_4b,0.0867,0.15290271
215,model_4b,0.0994,0.08241563
216,model_4b,0.3815,0.36925903
217,model_4b,0.5326,0.5216343
218,model_4b,0.621,0.6746046
219,model_4b,0.2191,0.2319872
220,model_4b,0.1298,0.13105139
221,model_4b,0.2678,0.25573853
222,model_4b,0.0903,0.09630817
223,model_4b,0.3403,0.36431086
224,model_4b,1.0553,1.0286534
225,model_4b,0.1953,0.20021652
226,model_4b,0.4376,0.41952372
227,model_4b,0.2136,0.22139
228,model_4b,0.7193,0.7170333
229,model_4b,0.5463,0.53673726
230,model_4b,0.1313,0.07265385
231,model_4b,0.2144,0.27531627
232,model_4b,0.0857,0.070441574
233,model_4b,0.1052,0.092484266
234,model_4b,0.0242,0.05944909
235,model_4b,0.1174,0.12251158
236,model_4b,0.0628,0.08908322
237,model_4b,0.1227,0.049052414
238,model_4b,0.068,0.12775625
239,model_4b,0.4677,0.42936713
240,model_4b,0.0784,0.14622678
241,model_4b,0.0617,0.031478785
242,model_4b,0.0255,0.031726304
243,model_4b,0.3808,0.38381153
244,model_4b,0.2358,0.3739549
245,model_4b,-0.1035,-0.13649054
246,model_4b,-0.0109,0.031308357
247,model_4b,0.1382,0.11481096
248,model_4b,0.2491,0.21291481
249,model_4b,0.31,0.24105638
250,model_4b,0.331,0.37518394
251,model_4b,0.0336,0.048619978
252,model_4b,0.3975,0.35775805
253,model_4b,0.3994,0.46442986
254,model_4b,0.0091,0.030738048
255,model_4b,0.1408,0.15513761
256,model_4b,0.4389,0.45007592
257,model_4b,-0.0265,-0.04485634
258,model_4b,0.0209,0.06558801
259,model_4b,0.1397,0.10379223
260,model_4b,0.2075,-0.001469045
261,model_4b,0.0072,0.07023868
262,model_4b,0.1147,-0.039522223
263,model_4b,0.1494,0.14056444
264,model_4b,0.8995,0.91448396
265,model_4b,0.4714,0.4943313
266,model_4b,0.1718,0.14921673
267,model_4b,0.128,0.117852405
268,model_4b,0.222,0.24183844
269,model_4b,0.2756,0.31522515
270,model_4b,0.7367,0.7712887
271,model_4b,0.0059,0.042080402
272,model_4b,0.2641,0.26366436
273,model_4b,0.2558,0.28327662
274,model_4b,0.3925,0.41779006
275,model_4b,0.09,0.10300436
276,model_4b,0.3312,0.3578278
277,model_4b,0.0923,0.08683021
278,model_4b,0.74,0.75697035
279,model_4b,0.4446,0.44121197
280,model_4b,0.3847,0.3658697
281,model_4b,0.1489,0.106692426
282,model_4b,0.1605,0.18941382
283,model_4b,0.3687,0.42267388
284,model_4b,0.2024,0.17816079
285,model_4b,0.1016,0.10020073
286,model_4b,0.3067,0.27272415
287,model_4b,0.2185,0.22226368
288,model_4b,0.3781,0.3877641
289,model_4b,0.1113,0.11167231
290,model_4b,-0.0748,-0.05583557
291,model_4b,0.0462,0.045910113
292,model_4b,0.1681,0.15547937
293,model_4b,0.1543,0.19880585
294,model_4b,0.8037,0.7581378
295,model_4b,0.395,0.3767731
296,model_4b,0.8889,0.9096271
297,model_4b,0.2505,0.24203373
298,model_4b,0.1992,0.15894875
299,model_4b,0.2787,0.28619033
300,model_4b,0.1438,0.066423416
301,model_4b,0.502,0.4675771
302,model_4b,0.8745,0.87383235
303,model_4b,0.4289,0.21591498
304,model_4b,0.0447,-0.04671649
305,model_4b,-0.0261,-0.010723584
306,model_4b,0.1399,0.14219387
307,model_4b,-0.1683,-0.22658841
308,model_4b,0.0411,0.09065969
309,model_4b,0.1003,0.05821474
310,model_4b,0.0585,0.09656406
311,model_4b,0.1376,0.099126115
312,model_4b,0.0391,0.06917665
313,model_4b,0.2753,0.2131142
314,model_4b,0.0601,0.06069895
315,model_4b,0.1261,0.15249075
316,model_4b,0.2749,0.24653094
317,model_4b,0.1857,0.099995285
318,model_4b,0.0964,0.075620964
319,model_4b,0.4942,0.47549245
320,model_4b,0.2662,0.203107
321,model_4b,0.3008,0.28312492
322,model_4b,0.0856,0.1099979
323,model_4b,0.1389,0.21604745
324,model_4b,0.3661,0.33096522
325,model_4b,0.0594,0.039180137
326,model_4b,0.3458,0.40978366
327,model_4b,0.0687,0.084400915
328,model_4b,0.3593,0.31471145
329,model_4b,0.137,0.15812798
330,model_4b,0.1341,0.15742497
331,model_4b,0.151,0.20417774
332,model_4b,0.1554,0.15239994
333,model_4b,0.5598,0.54907054
334,model_4b,-0.0274,-0.0077611106
335,model_4b,0.6533,0.65280896
336,model_4b,0.2517,0.18981956
337,model_4b,0.0926,0.01776835
338,model_4b,-0.0574,-0.020576999
339,model_4b,0.2857,0.26076818
340,model_4b,0.0515,0.034282282
341,model_4b,0.3514,0.35662115
342,model_4b,0.252,0.24159165
343,model_4b,0.1008,0.09061877
344,model_4b,0.0225,0.08545814
345,model_4b,0.0394,0.013089533
346,model_4b,0.0743,0.082178004
347,model_4b,0.187,0.21440597
348,model_4b,-0.0037,0.001080892
349,model_4b,0.0697,0.070785016
350,model_4b,0.0024,0.075776815
351,model_4b,0.7582,0.73568016
352,model_4b,-0.0397,-0.040225234
353,model_4b,0.0431,0.04399191
354,model_4b,0.5601,0.5403645
355,model_4b,0.2331,0.25561702
356,model_4b,0.4086,0.43430606
357,model_4b,0.0462,0.018918194
358,model_4b,0.6001,0.63913846
359,model_4b,0.1585,0.22718166
360,model_4b,0.0796,0.08067466
361,model_4b,0.172,0.15901934
362,model_4b,0.1548,0.1320199
363,model_4b,-0.0393,-0.050743952
364,model_4b,0.1352,0.13886563
365,model_4b,0.0435,0.031014916
366,model_4b,0.1,0.10312526
367,model_4b,0.1049,0.10537972
368,model_4b,0.1261,0.1352247
369,model_4b,0.6819,0.73195726
370,model_4b,0.7945,0.7833529
371,model_4b,0.3399,0.21359769
372,model_4b,0.2338,0.2156739
373,model_4b,0.2269,0.38337597
374,model_4b,0.5148,0.5491465
375,model_4b,0.0329,0.033677578
376,model_4b,0.3382,0.3295813
377,model_4b,0.1607,0.2160615
378,model_4b,0.0783,0.06827428
379,model_4b,0.4299,0.35746711
380,model_4b,0.3417,0.32385948
381,model_4b,0.0644,0.0568237
382,model_4b,0.1874,0.15935294
383,model_4b,0.4444,0.4363719
384,model_4b,0.1076,0.12807114
385,model_4b,0.7568,0.7893593
386,model_4b,0.7964,0.8065102
387,model_4b,0.1392,0.1934617
388,model_4b,0.1921,0.22366326
389,model_4b,0.4004,0.35690206
390,model_4b,0.5228,0.48059136
391,model_4b,0.2043,0.21344842
392,model_4b,0.0782,0.0853468
393,model_4b,0.3981,0.40347093
394,model_4b,0.0923,0.08266341
395,model_4b,0.1557,0.101512656
396,model_4b,0.1577,0.1627027
397,model_4b,0.3898,0.3419702
398,model_4b,0.4326,0.4547038
399,model_4b,0.2068,0.23895939
400,model_4b,-0.0641,-0.071183525
401,model_4b,0.2673,0.30263776
402,model_4b,0.2614,0.25166968
403,model_4b,0.4236,0.46167737
404,model_4b,0.4216,0.24625202
405,model_4b,0.0039,-0.012614201
406,model_4b,0.2115,0.3913386
407,model_4b,0.3192,0.33142865
408,model_4b,0.1936,0.21064614
409,model_4b,0.1521,0.17755185
410,model_4b,0.9456,0.94164133
411,model_4b,0.1815,0.121307746
412,model_4b,0.038,0.013714074
413,model_4b,0.2374,0.20630333
414,model_4b,0.1278,0.1507624
415,model_4b,0.2961,0.23729937
416,model_4b,0.3698,0.39599723
417,model_4b,0.0429,0.024847612
418,model_4b,0.1916,0.30154577
419,model_4b,0.7071,0.69635344
420,model_4b,0.1587,0.1853051
421,model_4b,0.0935,0.06456336
422,model_4b,0.3822,0.3790043
423,model_4b,0.4384,0.56873286
424,model_4b,0.2496,0.38517362
425,model_4b,0.0946,0.12360969
426,model_4b,0.1308,0.01465512
427,model_4b,-0.0099,0.045846276
428,model_4b,0.1972,0.17491151
429,model_4b,0.157,0.11660692
430,model_4b,0.2671,0.28952795
431,model_4b,0.1013,0.012093644
432,model_4b,0.0989,0.18740551
433,model_4b,0.0766,0.12440503
434,model_4b,0.1012,0.04852976
435,model_4b,0.2133,0.22261131
436,model_4b,0.0708,0.0897471
437,model_4b,0.0181,0.059732832
438,model_4b,0.0122,0.017772436
439,model_4b,0.2103,0.25775224
440,model_4b,0.1885,0.15727814
441,model_4b,-0.0396,-0.061400533
442,model_4b,0.0187,0.0037704958
443,model_4b,0.1929,0.23758818
444,model_4b,0.1387,0.18613113
445,model_4b,0.0165,0.03488921
446,model_4b,0.2901,0.21099295
447,model_4b,0.0601,0.06401443
448,model_4b,0.5366,0.42487568
449,model_4b,0.1732,0.17887522
450,model_4b,0.0193,0.029881015
451,model_4b,-0.1786,-0.13971435
452,model_4b,0.2832,0.19483693
453,model_4b,0.4806,0.48430026
454,model_4b,0.6522,0.63643235
455,model_4b,0.1207,0.17570154
456,model_4b,0.3049,0.27536863
457,model_4b,0.2049,0.24016434
458,model_4b,0.1401,0.13333118
459,model_4b,0.683,0.535953
460,model_4b,0.0571,0.07975768
461,model_4b,0.6791,0.66089565
462,model_4b,0.0824,0.11303981
463,model_4b,0.0552,0.060629345
464,model_4b,-0.0671,-0.1067469
465,model_4b,0.0288,0.010243767
466,model_4b,0.1335,0.16603152
467,model_4b,0.0382,0.06005401
468,model_4b,0.4276,0.38759187
469,model_4b,-0.0289,-0.005532154
470,model_4b,0.2181,0.20389864
471,model_4b,0.0106,0.0012118584
472,model_4b,-0.1842,-0.12288262
473,model_4b,0.01,-0.01736227
474,model_4b,0.2519,0.2708853
475,model_4b,0.5574,0.57825774
476,model_4b,0.471,0.5683108
477,model_4b,0.5793,0.55170554
478,model_4b,0.0751,0.039203573
479,model_4b,0.0549,0.018509153
480,model_4b,-0.1231,-0.05799994
481,model_4b,0.3804,0.37157616
482,model_4b,0.2664,0.31645185
483,model_4b,0.031,0.035862233
484,model_4b,0.0874,0.10328515
485,model_4b,0.3037,0.3546842
486,model_4b,0.3791,0.325321
487,model_4b,0.2324,0.23935713
488,model_4b,0.3635,0.39796558
489,model_4b,0.395,0.4089224
490,model_4b,0.0645,0.062454835
491,model_4b,0.0271,0.047904283
492,model_4b,0.2627,0.3232179
493,model_4b,0.0887,0.18689668
494,model_4b,0.2047,0.18656169
495,model_4b,0.034,0.054263577
496,model_4b,0.3421,0.38255382
497,model_4b,0.3269,0.43402952
498,model_4b,-0.006,0.0031369934
499,model_4b,0.2316,0.24012253
500,model_4b,0.2071,0.20973267
501,model_4b,0.5018,0.4918744
502,model_4b,0.3524,0.35930008
503,model_4b,0.451,0.42661056
504,model_4b,0.4261,0.43238533
505,model_4b,0.1756,0.12422608
506,model_4b,0.2647,0.25044245
507,model_4b,0.3887,0.42115048
508,model_4b,0.1819,0.11000849
509,model_4b,0.2084,0.15639664
510,model_4b,-0.0771,-0.06258276
511,model_4b,0.0167,0.040048033
512,model_4b,0.1493,0.18013306
513,model_4b,0.1321,0.2018102
514,model_4b,0.2606,0.2574551
515,model_4b,0.3859,0.32964212
516,model_4b,0.3265,0.2727752
517,model_4b,0.1341,0.19780172
518,model_4b,0.0887,0.023091868
519,model_4b,0.3338,0.27107286
520,model_4b,0.1151,0.10545903
521,model_4b,0.1444,0.14126308
522,model_4b,0.1779,0.15090545
523,model_4b,-0.0053,0.009244203
524,model_4b,0.3247,0.27237958
525,model_4b,0.8948,0.90299106
526,model_4b,0.2932,0.16273662
527,model_4b,0.0862,0.1189564
528,model_4b,0.5758,0.6399272
529,model_4b,0.0271,0.041067466
530,model_4b,0.1548,0.13804725
531,model_4b,0.1415,0.38683808
532,model_4b,0.1234,0.13450474
533,model_4b,0.1187,0.1225775
534,model_4b,0.0769,0.15120442
535,model_4b,0.0464,0.042749405
536,model_4b,0.1216,0.09394115
537,model_4b,0.3501,0.38634193
538,model_4b,0.216,0.13794978
539,model_4b,0.439,0.44221035
540,model_4b,0.307,0.33317685
541,model_4b,0.3651,0.43639004
542,model_4b,0.3807,0.38681224
543,model_4b,-0.1916,-0.14884531
544,model_4b,0.1908,0.22022568
545,model_4b,-0.0462,0.019103877
546,model_4b,-0.0505,0.06286429
547,model_4b,0.4435,0.49701113
548,model_4b,0.5313,0.5420051
549,model_4b,0.0167,0.0732166
550,model_4b,0.0434,0.04672849
551,model_4b,0.1337,0.115291744
552,model_4b,0.969,0.9757399
553,model_4b,0.2204,0.21777199
554,model_4b,0.1229,0.07487463
555,model_4b,-0.0462,-0.027727246
556,model_4b,0.0578,0.03109993
557,model_4b,0.3519,0.39629832
558,model_4b,0.9655,0.9953868
559,model_4b,-0.0981,-0.1335666
560,model_4b,0.1246,0.09329496
561,model_4b,0.7556,0.8017829
562,model_4b,0.4195,0.4459002
563,model_4b,-0.0871,-0.18570498
564,model_4b,0.2512,0.29028153
565,model_4b,0.1583,0.094971925
566,model_4b,0.3908,0.4150656
567,model_4b,0.2208,0.22994313
568,model_4b,0.0368,0.041896444
569,model_4b,0.3757,0.40491703
570,model_4b,0.0815,0.073594406
571,model_4b,0.1276,0.117879525
572,model_4b,0.3034,0.3726996
573,model_4b,0.6166,0.55250996
574,model_4b,0.0655,0.03837078
575,model_4b,0.0029,-0.009923258
576,model_4b,0.4797,0.47801113
577,model_4b,0.2118,0.1853184
578,model_4b,0.1921,0.2093213
579,model_4b,0.332,0.25531968
580,model_4b,0.4133,0.47989887
581,model_4b,0.7797,0.7613346
582,model_4b,0.1041,0.090728804
583,model_4b,0.2709,0.3512903
584,model_4b,-0.0555,-0.068981126
585,model_4b,0.1385,0.15114374
586,model_4b,0.0562,0.036229454
587,model_4b,0.2844,0.32239363
588,model_4b,0.2881,0.26812902
589,model_4b,0.1092,0.12231457
590,model_4b,0.5503,0.54661673
591,model_4b,0.2216,0.29017454
592,model_4b,0.2046,0.17066841
593,model_4b,0.406,0.4130928
594,model_4b,0.7724,0.759069
595,model_4b,0.1091,0.07136203
596,model_4b,0.6962,0.72326016
597,model_4b,-0.0485,0.035244074
598,model_4b,-0.0599,0.007285121
599,model_4b,-0.076,-0.12192192
600,model_4b,0.1179,0.08387188
601,model_4b,0.5081,0.47003335
602,model_4b,0.3315,0.28501362
603,model_4b,0.2623,0.30337766
604,model_4b,0.1938,0.18035953
605,model_4b,0.314,0.4025146
606,model_4b,-0.0801,-0.11980045
607,model_4b,0.1009,0.052517626
608,model_4b,0.3551,0.38224503
609,model_4b,0.153,-0.04440528
610,model_4b,0.2559,0.17365162
611,model_4b,0.2024,0.07310645
612,model_4b,0.03,-0.0417529
613,model_4b,0.2319,0.25957766
614,model_4b,0.0034,0.0008218447
615,model_4b,0.0206,0.08494263
616,model_4b,0.1494,0.18547033
617,model_4b,0.8532,0.86988723
618,model_4b,-0.0564,-0.028148398
619,model_4b,-0.0499,-0.046662863
620,model_4b,1.1149,1.1269673
621,model_4b,-0.0019,-0.03468406
622,model_4b,0.3064,0.28583503
623,model_4b,-0.0339,-0.034384836
624,model_4b,0.3182,0.37930107
625,model_4b,0.2744,0.27881342
626,model_4b,0.4154,0.43345746
627,model_4b,0.1947,0.2475427
628,model_4b,0.0489,0.026643477
629,model_4b,0.0224,0.012750792
630,model_4b,0.0982,0.11026534
631,model_4b,0.0544,0.09937997
632,model_4b,0.2342,0.2214207
633,model_4b,0.4862,0.5166032
634,model_4b,0.3874,0.39743978
635,model_4b,0.0772,0.098291725
636,model_4b,0.0587,0.050266184
637,model_4b,0.5955,0.61349815
638,model_4b,0.1503,0.16864733
639,model_4b,0.172,0.087159604
640,model_4b,0.0931,0.099433266
641,model_4b,0.2157,0.17454253
642,model_4b,0.2849,0.33762962
643,model_4b,0.4719,0.5936312
644,model_4b,0.4176,0.23627137
645,model_4b,0.4579,0.41800472
646,model_4b,0.4159,0.47397667
647,model_4b,0.8342,0.8080556
648,model_4b,0.0905,0.17884971
649,model_4b,0.6247,0.579229
650,model_4b,0.3393,0.35232076
651,model_4b,0.6266,0.6213955
652,model_4b,0.5577,0.51473093
653,model_4b,0.2399,0.249703
654,model_4b,0.2094,0.1990743
655,model_4b,0.1543,0.24057545
656,model_4b,0.7775,0.7736183
657,model_4b,0.2499,0.2686205
658,model_4b,-0.0878,-0.08890274
659,model_4b,0.4701,0.4842063
660,model_4b,0.4016,0.37662283
661,model_4b,0.0427,-0.010633437
662,model_4b,-0.1047,-0.16053472
663,model_4b,0.2577,0.21455738
664,model_4b,0.4925,0.50021964
665,model_4b,0.1066,0.12484671
666,model_4b,0.3636,0.3666793
667,model_4b,-0.0344,0.10848154
668,model_4b,0.1362,0.20764516
669,model_4b,0.2301,0.14052673
670,model_4b,0.7444,0.7887088
671,model_4b,0.2985,0.2985073
672,model_4b,0.5036,0.5567592
673,model_4b,-0.0446,-0.01246908
674,model_4b,0.2211,0.23759933
675,model_4b,0.2122,0.18307929
676,model_4b,0.3038,0.35817945
677,model_4b,0.2825,0.284975
678,model_4b,0.169,0.11611234
679,model_4b,0.3098,0.32586676
680,model_4b,0.1704,0.1714661
681,model_4b,0.2319,0.19204958
682,model_4b,0.0874,0.10355033
683,model_4b,0.4624,0.46905312
684,model_4b,0.0298,0.060745113
685,model_4b,0.1836,0.13142148
686,model_4b,0.2052,0.26050675
687,model_4b,0.3052,0.30649543
688,model_4b,0.0353,0.05608639
689,model_4b,0.3946,0.35645726
690,model_4b,0.1838,0.17487378
691,model_4b,-0.0284,0.049210235
692,model_4b,0.1889,0.16768034
693,model_4b,0.2465,0.2435732
694,model_4b,0.3971,0.38195512
695,model_4b,-0.0124,-0.056662418
696,model_4b,0.1483,0.090655886
697,model_4b,0.3929,0.3832788
698,model_4b,0.0385,0.01159981
699,model_4b,0.7409,0.7995476
700,model_4b,0.4319,0.43844622
701,model_4b,0.3547,0.32585916
702,model_4b,0.4181,0.40664572
703,model_4b,0.0931,0.12508743
704,model_4b,0.2301,0.31908506
705,model_4b,0.5099,0.5068354
706,model_4b,0.1069,0.1519676
707,model_4b,0.1407,0.09106628
708,model_4b,0.0037,-0.033351835
709,model_4b,0.4797,0.49868804
710,model_4b,0.3761,0.34943166
711,model_4b,0.2996,0.2880169
712,model_4b,0.7375,0.6923697
713,model_4b,0.0485,0.09801061
714,model_4b,0.4683,0.45435056
715,model_4b,0.3488,0.39906764
716,model_4b,0.1223,0.14334714
717,model_4b,0.0192,0.07196054
718,model_4b,0.1933,0.09646428
719,model_4b,0.2714,0.2923746
720,model_4b,0.2649,0.3180216
721,model_4b,0.0531,0.03083393
722,model_4b,0.6831,0.66377175
723,model_4b,0.2859,0.29717004
724,model_4b,0.6383,0.6233818
725,model_4b,0.6986,0.73709553
726,model_4b,0.1041,0.13405906
727,model_4b,0.8284,0.8706235
728,model_4b,0.2697,0.32353276
729,model_4b,-0.0009,0.051874243
730,model_4b,0.6451,0.5771888
731,model_4b,0.284,0.26120442
732,model_4b,0.128,0.1465617
733,model_4b,0.2157,0.28561163
734,model_4b,0.0139,-0.04045222
735,model_4b,-0.0144,0.10100785
736,model_4b,0.3147,0.3368777
737,model_4b,0.4315,0.43120962
738,model_4b,0.2161,0.21966313
739,model_4b,0.3573,0.28561023
740,model_4b,0.796,0.79658455
741,model_4b,0.2933,0.22975521
742,model_4b,-0.0881,-0.12758963
743,model_4b,0.1768,0.100513965
744,model_4b,0.7058,0.7146787
745,model_4b,0.2011,0.1852173
746,model_4b,-0.0115,0.05606079
747,model_4b,0.2119,0.17073904
748,model_4b,0.4586,0.40841264
749,model_4b,0.0233,0.012103469
750,model_4b,0.0122,0.031260096
751,model_4b,0.0983,0.11571324
752,model_4b,0.2722,0.2654487
753,model_4b,0.2299,0.22212914
754,model_4b,0.4251,0.38904065
755,model_4b,0.0889,0.1708448
756,model_4b,0.5073,0.53452504
757,model_4b,-0.046,-0.13370582
758,model_4b,0.1097,0.101470776
759,model_4b,0.2813,0.261243
760,model_4b,0.0009,-0.001035207
761,model_4b,0.42,0.38139528
762,model_4b,0.1115,0.090187624
763,model_4b,0.0718,0.10218633
764,model_4b,0.354,0.30557448
765,model_4b,0.0613,-0.035683185
766,model_4b,0.2332,0.24953859
767,model_4b,0.1617,0.15512817
768,model_4b,0.1241,0.073231824
769,model_4b,0.2725,0.26847982
770,model_4b,-0.0938,-0.07633577
771,model_4b,0.1787,0.17230865
772,model_4b,0.0769,-0.005546647
773,model_4b,0.6247,0.57274693
774,model_4b,0.6025,0.5987477
775,model_4b,0.2224,0.25920057
776,model_4b,0.221,0.20876677
777,model_4b,-0.0957,-0.07593317
778,model_4b,0.6228,0.44983542
779,model_4b,0.1402,0.13996972
780,model_4b,0.0785,0.07231984
781,model_4b,0.4649,0.48209932
782,model_4b,0.0534,0.046347305
783,model_4b,0.0432,0.018887158
784,model_4b,0.0857,0.12365797
785,model_4b,0.1494,0.13645975
786,model_4b,0.1702,0.16138642
787,model_4b,0.0555,0.06045136
788,model_4b,0.5607,0.55282754
789,model_4b,0.2211,0.27278632
790,model_4b,0.1829,0.22693063
791,model_4b,0.0828,0.04775415
792,model_4b,0.1185,0.12504558
793,model_4b,0.4689,0.4223355
794,model_4b,-0.0693,-0.072540924
795,model_4b,0.2431,0.32317933
796,model_4b,0.33,0.29961586
797,model_4b,0.24,0.14345999
798,model_4b,0.4048,0.4290564
799,model_4b,0.2911,0.28111476
800,model_4b,0.3472,0.29221117
801,model_4b,0.5212,0.5298033
802,model_4b,-0.1166,-0.034345374
803,model_4b,0.4418,0.4436043
804,model_4b,0.6453,0.61888283
805,model_4b,1.0596,1.0135462
806,model_4b,0.0343,0.052025914
807,model_4b,-0.0838,-0.13931638
808,model_4b,0.5552,0.6063428
809,model_4b,0.3621,0.40856385
810,model_4b,0.4155,0.43249714
811,model_4b,0.038,0.06811105
812,model_4b,0.1143,0.14442648
813,model_4b,0.2364,0.21327238
814,model_4b,0.0131,-0.033591468
815,model_4b,0.0897,0.11770511
816,model_4b,-0.1081,-0.08973087
817,model_4b,-0.1038,-0.049394518
818,model_4b,0.116,0.12375285
819,model_4b,-0.0411,-0.0045176065
820,model_4b,0.466,0.37740004
821,model_4b,0.2888,0.29691398
822,model_4b,-0.0303,-0.027815744
823,model_4b,-0.0305,-0.048055623
824,model_4b,0.2728,0.15511754
825,model_4b,0.1741,0.16397889
826,model_4b,0.0994,0.09908028
827,model_4b,0.2165,0.45205587
828,model_4b,0.007,-0.0027344925
829,model_4b,0.0392,0.059428364
830,model_4b,-0.1455,-0.10716401
831,model_4b,0.0619,0.096638486
832,model_4b,0.0353,0.039826274
833,model_4b,0.5533,0.6021752
834,model_4b,-0.1663,-0.17631724
835,model_4b,0.6809,0.69985366
836,model_4b,0.2929,0.3300466
837,model_4b,-0.0058,-0.012077381
838,model_4b,0.0898,0.08127411
839,model_4b,0.145,0.14961359
840,model_4b,0.2094,0.09871736
841,model_4b,0.2704,0.20808138
842,model_4b,0.1188,0.109595865
843,model_4b,0.6314,0.633875
844,model_4b,0.1406,0.11136629
845,model_4b,0.2022,0.27144384
846,model_4b,0.7652,0.7869357
847,model_4b,0.1621,0.092049114
848,model_4b,0.2178,0.229362
849,model_4b,0.2726,0.26663676
850,model_4b,0.2363,0.23724133
851,model_4b,0.4139,0.37891895
852,model_4b,0.1825,0.18650888
853,model_4b,0.5016,0.45046097
854,model_4b,0.6347,0.6523749
855,model_4b,0.7554,0.73923105
856,model_4b,0.1027,0.081677936
857,model_4b,-0.1094,-0.052250214
858,model_4b,0.3547,0.3752336
859,model_4b,0.1812,0.24269004
860,model_4b,0.0262,-0.051313944
861,model_4b,0.0849,0.16526246
862,model_4b,0.1437,0.16279398
863,model_4b,0.6159,0.5659019
864,model_4b,0.0411,0.042253748
865,model_4b,0.2955,0.26951993
866,model_4b,-0.1151,-0.13618954
867,model_4b,-0.0708,-0.13705444
868,model_4b,0.114,0.111131854
869,model_4b,0.0524,0.0425305
870,model_4b,0.5501,0.42029345
871,model_4b,0.4371,0.43525583
872,model_4b,0.317,0.3482713
873,model_4b,0.0996,0.09288807
874,model_4b,0.1167,0.18156104
875,model_4b,0.1268,0.14041927
876,model_4b,-0.0176,0.07128965
877,model_4b,0.1506,0.15386541
878,model_4b,0.3276,0.40356424
879,model_4b,0.0706,0.07216682
880,model_4b,0.1064,0.11664434
881,model_4b,0.1381,0.06305695
882,model_4b,0.131,0.14010485
883,model_4b,0.4821,0.38217175
884,model_4b,0.9283,0.8861989
885,model_4b,0.1891,0.2132621
886,model_4b,0.6693,0.68363136
887,model_4b,0.2743,0.2518732
888,model_4b,0.3777,0.4419564
889,model_4b,0.2924,0.29245466
890,model_4b,0.4658,0.43150935
891,model_4b,0.1288,0.21801741
892,model_4b,0.2396,0.26378688
893,model_4b,0.2653,0.18463174
894,model_4b,0.5545,0.54081804
895,model_4b,0.0018,0.0074527794
896,model_4b,0.6518,0.63091636
897,model_4b,0.0395,0.019519877
898,model_4b,0.0265,0.015497227
899,model_4b,0.3094,0.30512825
900,model_4b,-0.0164,-0.06317932
901,model_4b,-0.034,0.11824942
902,model_4b,0.5405,0.49131805
903,model_4b,0.2763,0.27852964
904,model_4b,0.3355,0.27453408
905,model_4b,0.0487,0.0832575
906,model_4b,0.0896,0.10127416
907,model_4b,0.1681,0.1622865
908,model_4b,0.0166,0.047746256
909,model_4b,-0.0155,0.19544776
910,model_4b,0.2346,0.21525082
911,model_4b,0.1132,0.05966813
912,model_4b,0.1397,0.065951765
913,model_4b,0.1894,0.20084603
914,model_4b,0.3475,0.29445624
915,model_4b,1.0591,1.0382371
916,model_4b,0.4116,0.3953567
917,model_4b,-0.1343,-0.13417819
918,model_4b,0.439,0.44640297
919,model_4b,0.3957,0.4009227
920,model_4b,0.1604,0.12995584
921,model_4b,0.0968,0.1622073
922,model_4b,0.0297,0.03814414
923,model_4b,-0.0063,0.044868726
924,model_4b,0.6647,0.6291843
925,model_4b,0.0672,0.10617477
926,model_4b,0.1363,0.14729549
927,model_4b,0.1498,0.1895868
928,model_4b,0.3098,0.31245637
929,model_4b,0.2873,0.29992938
930,model_4b,0.616,0.6407096
931,model_4b,0.443,0.42973214
932,model_4b,0.0946,0.04373245
933,model_4b,0.5633,0.5652817
934,model_4b,0.4075,0.44060454
935,model_4b,0.2196,0.22800899
936,model_4b,0.9663,0.9678497
937,model_4b,0.2389,0.18400641
938,model_4b,0.4569,0.44614336
939,model_4b,-0.1852,-0.16198005
940,model_4b,0.371,0.36428633
941,model_4b,0.121,0.031158783
942,model_4b,0.0422,0.09852308
943,model_4b,0.1244,0.10872853
944,model_4b,0.1458,0.13453428
945,model_4b,0.1452,0.15576981
946,model_4b,0.844,0.90018207
947,model_4b,0.7141,0.72334653
948,model_4b,0.2651,0.2511223
949,model_4b,0.2086,0.17888975
950,model_4b,0.0579,0.08347535
951,model_4b,0.8904,0.8959104
952,model_4b,0.7091,0.69044966
953,model_4b,0.2084,0.12489988
954,model_4b,0.3998,0.44755313
955,model_4b,0.386,0.39605153
956,model_4b,0.4518,0.39966002
957,model_4b,0.1744,0.17566733
958,model_4b,0.2014,0.16213898
959,model_4b,0.2316,0.2147824
960,model_4b,0.0691,0.07929172
961,model_4b,0.1996,0.21767275
962,model_4b,0.9073,0.84072393
963,model_4b,-0.1141,-0.18060419
964,model_4b,0.253,0.25509694
965,model_4b,0.0579,0.11918318
966,model_4b,0.1161,0.10965823
967,model_4b,-0.0969,-0.082804084
968,model_4b,0.1143,0.102314904
969,model_4b,0.1262,0.10102777
970,model_4b,-0.0383,-0.05609802
971,model_4b,0.1223,0.09506273
972,model_4b,0.298,0.31700504
973,model_4b,0.0674,0.08452858
974,model_4b,0.3549,0.46060115
975,model_4b,-0.0195,-0.0046793288
976,model_4b,0.0172,-0.0031420328
977,model_4b,0.4372,0.4277583
978,model_4b,0.3388,0.38381255
979,model_4b,-0.0483,-0.0045609316
980,model_4b,0.3049,0.25582883
981,model_4b,0.1893,-0.13269569
982,model_4b,0.0767,0.055144392
983,model_4b,0.4799,0.45948452
984,model_4b,0.1223,0.11197051
985,model_4b,0.1656,0.13493493
986,model_4b,0.1588,0.20318408
987,model_4b,0.266,0.34851998
988,model_4b,-0.0093,-0.012000247
989,model_4b,0.1792,0.17446569
990,model_4b,0.3388,0.32867438
991,model_4b,0.2381,0.2605582
992,model_4b,0.1068,0.083416015
993,model_4b,0.2227,0.27372247
994,model_4b,0.0028,0.0002773581
995,model_4b,0.7794,0.7355326
996,model_4b,0.1259,0.18695925
997,model_4b,0.5181,0.5272063
998,model_4b,-0.155,-0.09399833
999,model_4b,0.5012,0.5155928
1000,model_4b,-0.082,-0.061894
1001,model_4b,0.4359,0.39668763
1002,model_4b,0.0782,0.040906116
1003,model_4b,0.3166,0.3691011
1004,model_4b,0.0438,-0.0016924506
1005,model_4b,0.0168,0.024556592
1006,model_4b,0.1866,0.18587005
1007,model_4b,0.7808,0.80902547
1008,model_4b,0.0075,0.028504677
1009,model_4b,0.2561,0.23731567
1010,model_4b,0.2236,0.21340497
1011,model_4b,0.2032,0.22897409
1012,model_4b,0.4011,0.39133668
1013,model_4b,0.6913,0.5906365
1014,model_4b,0.2652,0.32262245
1015,model_4b,0.1145,0.09988481
1016,model_4b,0.1038,0.21797748
1017,model_4b,-0.0875,-0.14979346
1018,model_4b,0.1116,0.09727041
1019,model_4b,0.1014,0.011393751
1020,model_4b,0.2098,0.194621
1021,model_4b,0.1581,0.10283843
1022,model_4b,0.1712,0.1908622
1023,model_4b,0.0893,0.047766566
1024,model_4b,0.0047,-0.0037443088
1025,model_4b,0.4016,0.4336056
1026,model_4b,0.4488,0.47290027
1027,model_4b,0.0774,0.08193189
1028,model_4b,0.2832,0.30701375
1029,model_4b,0.173,0.1666701
1030,model_4b,0.0761,0.09625834
1031,model_4b,0.2816,0.25933123
1032,model_4b,0.0556,0.03974369
1033,model_4b,0.8688,0.8654867
1034,model_4b,0.1271,0.21564768
1035,model_4b,0.4983,0.5035533
1036,model_4b,0.372,0.3892194
1037,model_4b,0.1145,0.09219617
1038,model_4b,0.4987,0.5243412
1039,model_4b,0.1133,0.09173213
1040,model_4b,0.1513,0.18000968
1041,model_4b,-0.0058,0.2545799
1042,model_4b,0.3633,0.3133288
1043,model_4b,0.2643,0.21243833
1044,model_4b,0.3065,0.30772346
1045,model_4b,-0.0597,-0.079670876
1046,model_4b,0.4448,0.54812926
1047,model_4b,0.0615,0.046750087
1048,model_4b,0.3144,0.2954469
1049,model_4b,-0.0334,0.018373229
1050,model_4b,0.1378,0.25738117
1051,model_4b,0.2105,0.18349847
1052,model_4b,0.0373,0.055975936
1053,model_4b,-0.0061,-0.015538341
1054,model_4b,0.4638,0.44022012
1055,model_4b,0.6294,0.64995414
1056,model_4b,0.2137,0.21893106
1057,model_4b,0.249,0.18572707
1058,model_4b,0.0932,0.26114684
1059,model_4b,0.0339,0.03240698
1060,model_4b,0.5246,0.49205214
1061,model_4b,0.1461,0.17324297
1062,model_4b,0.0516,0.22167541
1063,model_4b,0.4704,0.47315326
1064,model_4b,0.2172,0.3075117
1065,model_4b,0.2744,0.33659124
1066,model_4b,0.3777,0.3892821
1067,model_4b,0.2621,0.2993641
1068,model_4b,0.25,0.4257149
1069,model_4b,0.811,0.8180844
1070,model_4b,0.0445,0.03885933
1071,model_4b,0.0928,0.09479007
1072,model_4b,0.3761,0.39724934
1073,model_4b,0.1505,0.10220413
1074,model_4b,0.2054,0.13211142
1075,model_4b,0.0767,0.10604808
1076,model_4b,0.0926,0.11021574
1077,model_4b,0.6509,0.647059
1078,model_4b,0.3879,0.34989
1079,model_4b,0.2715,0.31978586
1080,model_4b,-0.0178,0.049071938
1081,model_4b,-0.0297,0.20742442
1082,model_4b,0.4434,0.41252035
1083,model_4b,0.6381,0.675331
1084,model_4b,0.266,0.22870085
1085,model_4b,0.0539,0.07643565
1086,model_4b,0.267,0.34148377
1087,model_4b,0.387,0.3781783
1088,model_4b,0.0643,0.0051822355
1089,model_4b,0.113,0.11081359
1090,model_4b,0.1309,0.09679293
1091,model_4b,0.3078,0.26149803
1092,model_4b,0.4422,0.48490077
1093,model_4b,0.5726,0.5002313
1094,model_4b,0.1851,0.21684732
1095,model_4b,0.2508,0.29087532
1096,model_4b,0.7067,0.74819565
1097,model_4b,0.377,0.41763294
1098,model_4b,0.0665,0.06684645
1099,model_4b,0.0864,0.0598398
1100,model_4b,0.3752,0.3522996
1101,model_4b,0.1174,0.13263933
1102,model_4b,-0.0892,-0.10431178
1103,model_4b,0.1482,0.108754605
1104,model_4b,0.3293,0.3330993
1105,model_4b,0.3416,0.36033592
1106,model_4b,0.7663,0.74655086
1107,model_4b,0.1877,0.23074065
1108,model_4b,-0.0216,0.000911993
1109,model_4b,0.5266,0.50778157
1110,model_4b,0.3317,0.30484077
1111,model_4b,0.2592,0.25837675
1112,model_4b,0.284,0.3382727
1113,model_4b,0.0741,0.03410262
1114,model_4b,0.4244,0.47234765
1115,model_4b,0.4211,0.3804343
1116,model_4b,0.1605,0.22009748
1117,model_4b,0.1354,0.16136238
1118,model_4b,0.2365,0.2065317
1119,model_4b,0.0594,0.07047529
1120,model_4b,0.1491,0.16041364
1121,model_4b,0.0486,0.045010656
1122,model_4b,0.4665,0.48148298
1123,model_4b,0.4216,0.39696813
1124,model_4b,0.1512,0.1161253
1125,model_4b,0.2881,0.25203073
1126,model_4b,0.4316,0.58297783
1127,model_4b,-0.026,-0.045467913
1128,model_4b,0.164,0.12894757
1129,model_4b,0.3508,0.39608085
1130,model_4b,0.3872,0.40653092
1131,model_4b,0.0432,0.055350862
1132,model_4b,0.4527,0.42457438
1133,model_4b,0.0721,0.10512501
1134,model_4b,0.3224,0.30691412
1135,model_4b,0.1676,0.16606177
1136,model_4b,0.7518,0.77791363
1137,model_4b,0.7299,0.7570223
1138,model_4b,0.0862,0.12006427
1139,model_4b,0.2962,0.21459623
1140,model_4b,0.1888,0.17431328
1141,model_4b,0.3804,0.34611863
1142,model_4b,0.3493,0.52731234
1143,model_4b,-0.0889,-0.054036587
1144,model_4b,0.1579,0.23432423
1145,model_4b,0.3786,0.36012438
1146,model_4b,0.5189,0.57041395
1147,model_4b,0.6179,0.6282918
1148,model_4b,0.0252,0.116953924
1149,model_4b,0.1112,0.1052573
1150,model_4b,0.139,0.16377051
1151,model_4b,0.8558,0.8237118
1152,model_4b,0.081,0.09257374
1153,model_4b,0.3493,0.25564018
1154,model_4b,0.8516,0.84867173
1155,model_4b,0.0794,0.08986707
1156,model_4b,0.1922,0.14833973
1157,model_4b,0.275,0.3075389
1158,model_4b,0.4077,0.41270524
1159,model_4b,0.2581,0.27531078
1160,model_4b,0.7871,0.76828676
1161,model_4b,0.8143,0.80696696
1162,model_4b,0.452,0.40698174
1163,model_4b,0.2987,0.2436821
1164,model_4b,0.6108,0.5904401
1165,model_4b,0.1683,0.13598886
1166,model_4b,0.1671,0.1527295
1167,model_4b,0.2967,0.29424766
1168,model_4b,0.2954,0.403534
1169,model_4b,0.3643,0.35352206
1170,model_4b,0.2669,0.27747956
1171,model_4b,0.0164,0.13268161
1172,model_4b,0.5046,0.4992339
1173,model_4b,0.2705,0.27420688
1174,model_4b,0.3407,0.27818042
1175,model_4b,0.1184,0.052656434
1176,model_4b,0.4211,0.43697894
1177,model_4b,0.4884,0.44124028
1178,model_4b,0.0235,0.06891758
1179,model_4b,0.1446,0.12060578
1180,model_4b,0.331,0.34774452
1181,model_4b,-0.0537,0.09873556
1182,model_4b,0.2296,0.45798552
1183,model_4b,0.7096,0.605118
1184,model_4b,0.2244,0.2520098
1185,model_4b,0.0437,0.16131417
1186,model_4b,0.1183,0.09901474
1187,model_4b,0.8615,0.8605234
1188,model_4b,0.0187,0.031497326
1189,model_4b,0.0837,0.112497106
1190,model_4b,0.3883,0.36505902
1191,model_4b,0.8648,0.8838118
1192,model_4b,0.0502,-0.00896502
1193,model_4b,0.7576,0.7497099
1194,model_4b,0.4708,0.36959985
1195,model_4b,0.4046,0.42670202
1196,model_4b,0.2957,0.3002922
1197,model_4b,0.0517,0.071751505
1198,model_4b,0.4288,0.41798094
1199,model_4b,0.6246,0.67929834
1200,model_4b,0.5726,0.5758125
1201,model_4b,-0.0682,-0.08531885
1202,model_4b,0.128,0.08908314
1203,model_4b,0.1531,0.18537782
1204,model_4b,0.2597,0.29894882
1205,model_4b,0.3983,0.4627208
1206,model_4b,0.1204,0.14597775
1207,model_4b,0.2511,0.2599178
1208,model_4b,0.0046,-0.025991037
1209,model_4b,0.1621,0.13142441
1210,model_4b,0.3951,0.37973237
1211,model_4b,0.3392,0.32467985
1212,model_4b,0.2839,0.21990934
1213,model_4b,0.4702,0.4105412
1214,model_4b,0.2057,0.1693433
1215,model_4b,0.733,0.5676711
1216,model_4b,0.0915,0.09932497
1217,model_4b,0.4428,0.4737863
1218,model_4b,0.0252,0.01997662
1219,model_4b,-0.0284,0.18582182
1220,model_4b,-0.1457,0.16667463
1221,model_4b,0.9885,0.97076505
1222,model_4b,0.1666,0.032822363
1223,model_4b,0.3253,0.36057028
1224,model_4b,0.2986,0.40686154
1225,model_4b,0.3714,0.36341193
1226,model_4b,0.1453,0.17210667
1227,model_4b,0.0136,0.018900912
1228,model_4b,0.2185,0.12109049
1229,model_4b,0.2394,0.32075623
1230,model_4b,0.5437,0.61820537
1231,model_4b,0.1958,0.18059571
1232,model_4b,0.9442,1.0006665
1233,model_4b,0.207,0.19625968
1234,model_4b,0.0225,-0.009962323
1235,model_4b,0.0066,0.05742614
1236,model_4b,0.6326,0.6538569
1237,model_4b,0.0028,-0.017219722
1238,model_4b,0.7214,0.62596226
1239,model_4b,0.1686,0.14331098
1240,model_4b,0.0032,-0.0060774432
1241,model_4b,0.1772,0.19972448
1242,model_4b,0.5219,0.4689453
1243,model_4b,0.4118,0.40255708
1244,model_4b,-0.0206,-0.0032828012
1245,model_4b,0.2712,0.26571786
1246,model_4b,0.1563,0.121360615
1247,model_4b,0.1224,0.14864747
1248,model_4b,0.0169,0.05596678
1249,model_4b,0.2257,0.20014971
1250,model_4b,0.5804,0.5974569
1251,model_4b,0.0259,0.01059709
1252,model_4b,1.0002,0.9500432
1253,model_4b,0.2518,0.24597861
1254,model_4b,-0.0857,-0.011201854
1255,model_4b,0.4011,0.4178972
1256,model_4b,0.1463,0.23473024
1257,model_4b,-0.0271,-0.059756607
1258,model_4b,0.3721,0.38887662
1259,model_4b,0.2038,0.16760366
1260,model_4b,0.2173,0.19901477
1261,model_4b,0.0687,0.1390955
1262,model_4b,0.4037,0.37850928
1263,model_4b,0.2368,0.27369678
1264,model_4b,0.1524,0.11177095
1265,model_4b,0.3606,0.41157073
1266,model_4b,0.4923,0.5211148
1267,model_4b,0.2687,0.082184836
1268,model_4b,0.4663,0.49387366
1269,model_4b,0.0836,0.09944227
1270,model_4b,0.1212,0.15396447
1271,model_4b,0.363,0.31752816
1272,model_4b,0.2771,0.3030381
1273,model_4b,0.1134,0.11499523
1274,model_4b,0.2849,0.31024075
1275,model_4b,0.239,0.2164386
1276,model_4b,0.1354,0.18726523
1277,model_4b,0.7932,0.79793066
1278,model_4b,0.2004,0.19140281
1279,model_4b,0.0815,0.11351388
1280,model_4b,-0.1216,-0.080279484
1281,model_4b,0.3319,0.35327232
1282,model_4b,0.4251,0.41153395
1283,model_4b,0.1852,0.14234672
1284,model_4b,0.3385,0.3191989
1285,model_4b,0.1645,0.13827513
1286,model_4b,0.485,0.48020253
1287,model_4b,0.3649,0.26089913
1288,model_4b,0.0918,0.022360884
1289,model_4b,0.4026,0.40018556
1290,model_4b,-0.0156,-0.0011279061
1291,model_4b,0.3266,0.30850157
1292,model_4b,0.121,0.13210018
1293,model_4b,0.9379,0.89518976
1294,model_4b,0.5696,0.57494533
1295,model_4b,0.1513,0.11668499
1296,model_4b,0.2901,0.21338756
1297,model_4b,-0.0379,0.03673418
1298,model_4b,0.4771,0.41033357
1299,model_4b,0.2526,0.21952608
1300,model_4b,0.051,0.05485274
1301,model_4b,0.3097,0.24849422
1302,model_4b,0.1041,0.10787302
1303,model_4b,0.4887,0.4923125
1304,model_4b,0.2168,0.16202073
1305,model_4b,0.1689,0.22043514
1306,model_4b,0.2043,0.1754817
1307,model_4b,-0.0244,-0.021430593
1308,model_4b,0.8821,0.846008
1309,model_4b,0.1,0.17324647
1310,model_4b,0.0855,0.074852906
1311,model_4b,0.894,0.8363274
1312,model_4b,0.2926,0.21483235
1313,model_4b,0.202,0.21930066
1314,model_4b,0.2287,0.27502018
1315,model_4b,0.2719,0.29873586
1316,model_4b,0.296,0.32035264
1317,model_4b,0.1188,0.15919031
1318,model_4b,-0.076,-0.21419902
1319,model_4b,0.1009,0.061706737
1320,model_4b,0.1446,0.17648984
1321,model_4b,0.659,0.65646756
1322,model_4b,0.6385,0.5997546
1323,model_4b,0.127,0.21499467
1324,model_4b,0.4269,0.42721483
1325,model_4b,0.2321,0.15417312
1326,model_4b,0.1289,0.120217964
1327,model_4b,0.0382,0.021341596
1328,model_4b,0.3862,0.34029058
1329,model_4b,0.1085,0.0913763
1330,model_4b,0.3612,0.34631968
1331,model_4b,-0.0885,-0.07737443
1332,model_4b,0.2871,0.3117472
1333,model_4b,0.0419,0.031214155
1334,model_4b,0.5384,0.57405895
1335,model_4b,0.3856,0.26524103
1336,model_4b,0.1902,0.16632275
1337,model_4b,0.1022,0.12138146
1338,model_4b,0.7441,0.6844284
1339,model_4b,0.0705,0.015687827
1340,model_4b,0.6007,0.58073324
1341,model_4b,0.1348,0.11998196
1342,model_4b,0.1103,0.13672458
1343,model_4b,0.7021,0.70674664
1344,model_4b,0.074,0.04787158
1345,model_4b,0.0788,0.096215695
1346,model_4b,-0.1229,-0.0814187
1347,model_4b,0.0484,0.0499337
1348,model_4b,0.8553,0.86533624
1349,model_4b,0.4497,0.4790991
1350,model_4b,0.5083,0.46344268
1351,model_4b,0.1052,0.08194235
1352,model_4b,0.4082,0.37075055
1353,model_4b,0.9611,0.97287816
1354,model_4b,0.28,0.31665778
1355,model_4b,0.4931,0.45647922
1356,model_4b,0.0609,0.09538162
1357,model_4b,0.128,0.1284674
1358,model_4b,0.0474,0.032650772
1359,model_4b,0.712,0.7447448
1360,model_4b,0.1954,0.16889568
1361,model_4b,0.4323,0.42844942
1362,model_4b,0.2065,0.19519721
1363,model_4b,0.7595,0.74239403
1364,model_4b,0.2318,0.19324167
1365,model_4b,0.0774,0.08826222
1366,model_4b,0.1822,0.12058666
1367,model_4b,0.5433,0.556367
1368,model_4b,0.0952,0.14486578
1369,model_4b,0.1016,0.13611804
1370,model_4b,0.0262,0.10783978
1371,model_4b,0.2433,0.30927914
1372,model_4b,0.0483,0.048438683
1373,model_4b,0.5242,0.4955604
1374,model_4b,-0.1087,-0.03648879
1375,model_4b,0.2239,0.23691729
1376,model_4b,0.3461,0.36181158
1377,model_4b,0.4016,0.36725137
1378,model_4b,-0.0201,0.015900668
1379,model_4b,0.045,0.038734436
1380,model_4b,0.2294,0.29376677
1381,model_4b,0.0726,0.06684364
1382,model_4b,0.0807,0.10431861
1383,model_4b,0.5967,0.560931
1384,model_4b,-0.0893,-0.074515566
1385,model_4b,0.045,0.03170428
1386,model_4b,0.5699,0.58310753
1387,model_4b,0.0373,0.027548619
1388,model_4b,0.0688,0.046945866
1389,model_4b,0.2832,0.3117899
1390,model_4b,0.8389,0.8186591
1391,model_4b,0.4384,0.4796063
1392,model_4b,0.4822,0.43590164
1393,model_4b,0.3306,0.3172262
1394,model_4b,0.4004,0.45455408
1395,model_4b,0.2589,0.28920648
1396,model_4b,0.0812,0.0769337
1397,model_4b,0.2753,0.3348366
1398,model_4b,0.109,0.11167429
1399,model_4b,0.5434,0.51799464
1400,model_4b,0.4242,0.4158255
1401,model_4b,0.323,0.08058031
1402,model_4b,0.016,0.021023493
1403,model_4b,0.0412,-0.034687538
1404,model_4b,0.5476,0.55964476
1405,model_4b,0.0174,0.010716016
1406,model_4b,0.1614,0.14857052
1407,model_4b,0.4072,0.39212126
1408,model_4b,0.174,0.16071738
1409,model_4b,0.3129,0.32483485
1410,model_4b,0.6434,0.68776053
1411,model_4b,0.353,0.33125073
1412,model_4b,0.1901,0.1795248
1413,model_4b,0.1591,0.22294885
1414,model_4b,-0.0801,-0.039580304
1415,model_4b,0.0749,0.051097877
1416,model_4b,0.3967,0.39923304
1417,model_4b,0.5244,0.56510174
1418,model_4b,0.0868,0.11159837
1419,model_4b,0.2047,0.23580943
1420,model_4b,0.4198,0.45557958
1421,model_4b,0.192,0.1882515
1422,model_4b,0.4675,0.4185593
1423,model_4b,0.1132,0.27397257
1424,model_4b,0.4264,0.42465127
1425,model_4b,0.4949,0.5749199
1426,model_4b,-0.0949,-0.090069816
1427,model_4b,0.3015,0.29981792
1428,model_4b,0.1283,0.09512966
1429,model_4b,0.2633,0.2772327
1430,model_4b,0.0581,0.08071277
1431,model_4b,0.1345,0.14451058
1432,model_4b,0.5338,0.548567
1433,model_4b,0.7718,0.7730866
1434,model_4b,0.3358,0.25365347
1435,model_4b,0.6037,0.58910924
1436,model_4b,0.0834,0.06583348
1437,model_4b,0.172,0.2311395
1438,model_4b,0.5371,0.5616807
1439,model_4b,0.355,0.37042075
1440,model_4b,-0.2004,-0.17501812
1441,model_4b,0.6343,0.58403796
1442,model_4b,0.3031,0.32001942
1443,model_4b,0.6922,0.67097014
1444,model_4b,0.7961,0.781748
1445,model_4b,0.2935,0.31992343
1446,model_4b,-0.2648,-0.22119169
1447,model_4b,0.1624,0.14328767
1448,model_4b,0.0556,0.02635137
1449,model_4b,-0.0297,-0.025994103
1450,model_4b,0.4203,0.40967625
1451,model_4b,0.3153,0.16555251
1452,model_4b,0.1,0.1087835
1453,model_4b,0.3418,0.2461835
1454,model_4b,0.1252,0.13230352
1455,model_4b,0.2916,0.28779206
1456,model_4b,0.1667,0.12376417
1457,model_4b,0.4856,0.51160365
1458,model_4b,0.0735,0.0314265
1459,model_4b,0.1372,0.15264682
1460,model_4b,0.023,0.034954727
1461,model_4b,0.1408,0.06419083
1462,model_4b,0.2185,0.28760746
1463,model_4b,0.498,0.4838637
1464,model_4b,-0.0696,0.09561302
1465,model_4b,0.2467,0.19595383
1466,model_4b,0.1299,0.0108287195
1467,model_4b,0.4576,0.34579805
1468,model_4b,0.0613,0.088336974
1469,model_4b,0.3672,0.37304568
1470,model_4b,0.1562,0.24072629
1471,model_4b,0.1586,0.22019613
1472,model_4b,0.3902,0.3899957
1473,model_4b,0.2529,0.2500946
1474,model_4b,0.1726,0.1736976
1475,model_4b,0.1948,0.17103694
1476,model_4b,0.0098,0.07291326
1477,model_4b,0.7789,0.75452286
1478,model_4b,0.648,0.692145
1479,model_4b,0.2284,0.19324379
1480,model_4b,0.0087,0.096993595
1481,model_4b,0.2845,0.271604
1482,model_4b,0.3304,0.18533428
1483,model_4b,0.4893,0.4895763
1484,model_4b,0.048,0.063205436
1485,model_4b,0.6718,0.67747927
1486,model_4b,0.1002,0.10435618
1487,model_4b,0.1434,0.1378129
1488,model_4b,0.1834,0.15690555
1489,model_4b,0.1037,0.1574782
1490,model_4b,-0.0082,0.05550763
1491,model_4b,0.3348,0.25339538
1492,model_4b,0.2168,0.18229534
1493,model_4b,0.4355,0.40304953
1494,model_4b,0.0145,0.06862427
1495,model_4b,0.4228,0.40259105
1496,model_4b,0.2779,0.23649281
1497,model_4b,0.2288,0.14540905
1498,model_4b,0.0642,0.040487178
1499,model_4b,0.2263,-0.07876064
1500,model_4b,0.7852,0.8260794
1501,model_4b,0.3982,0.16751285
1502,model_4b,0.9495,0.9349612
1503,model_4b,-0.0938,-0.07677281
1504,model_4b,0.3349,0.3520063
1505,model_4b,0.2672,0.2486365
1506,model_4b,0.4324,0.4028624
1507,model_4b,0.2398,0.22882621
1508,model_4b,-0.1674,-0.15552998
1509,model_4b,0.5187,0.54206437
1510,model_4b,0.1452,0.19862165
1511,model_4b,0.2014,0.1953588
1512,model_4b,-0.0286,0.019515973
1513,model_4b,0.1816,0.2194707
1514,model_4b,0.0767,0.13222791
1515,model_4b,0.2175,0.20132823
1516,model_4b,0.132,0.102129765
1517,model_4b,0.2706,0.22928335
1518,model_4b,0.0277,0.038355462
1519,model_4b,0.4534,0.40859705
1520,model_4b,0.3538,0.36862883
1521,model_4b,0.1621,0.1463394
1522,model_4b,0.0063,0.050417177
1523,model_4b,0.117,0.074637026
1524,model_4b,-0.1019,-0.1531287
1525,model_4b,0.2197,0.23405415
1526,model_4b,-0.0081,0.0062752636
1527,model_4b,0.066,0.13048974
1528,model_4b,0.1397,0.16904047
1529,model_4b,0.0073,0.012550016
1530,model_4b,0.2529,0.25110057
1531,model_4b,0.434,0.4110986
1532,model_4b,0.605,0.47040707
1533,model_4b,-0.0574,-0.035247978
1534,model_4b,0.0662,0.23733987
1535,model_4b,0.3678,0.37668625
1536,model_4b,0.1628,0.17159419
1537,model_4b,0.0918,0.07680373
1538,model_4b,0.0988,0.15332061
1539,model_4b,0.6383,0.63287646
1540,model_4b,0.2081,0.20202453
1541,model_4b,0.4511,0.4487389
1542,model_4b,0.1065,0.10136907
1543,model_4b,0.34,0.3342692
1544,model_4b,-0.0052,0.0053288015
1545,model_4b,0.0551,0.043649618
1546,model_4b,0.164,0.08523981
1547,model_4b,0.3621,0.38358217
1548,model_4b,0.4879,0.51871485
1549,model_4b,-0.1169,-0.17842323
1550,model_4b,0.2803,0.27138656
1551,model_4b,0.8699,0.8881027
1552,model_4b,0.3602,0.31655836
1553,model_4b,0.1378,0.11399004
1554,model_4b,0.2207,0.23566295
1555,model_4b,-0.0334,-0.036968693
1556,model_4b,0.2138,0.24196781
1557,model_4b,0.1619,0.10623194
1558,model_4b,0.039,0.07610202
1559,model_4b,0.2642,0.28032964
1560,model_4b,0.3946,0.37866873
1561,model_4b,0.0083,0.012535035
1562,model_4b,0.2892,0.29199058
1563,model_4b,0.0761,0.09010604
1564,model_4b,0.3018,0.1617485
1565,model_4b,0.2253,0.20118488
1566,model_4b,-0.0009,-0.03253351
1567,model_4b,-0.0714,-0.08241379
1568,model_4b,0.1869,0.28329998
1569,model_4b,0.0231,0.0010328451
1570,model_4b,0.0105,0.00010904763
1571,model_4b,0.4806,0.46747172
1572,model_4b,-0.0421,0.13333796
1573,model_4b,0.3995,0.43970942
1574,model_4b,0.0902,0.05864615
1575,model_4b,0.4672,0.5244873
1576,model_4b,0.0382,0.039278325
1577,model_4b,0.656,0.5647642
1578,model_4b,0.6017,0.57955533
1579,model_4b,0.0696,0.034124427
1580,model_4b,0.6041,0.558629
1581,model_4b,0.4106,0.32073945
1582,model_4b,-0.013,0.059439987
1583,model_4b,0.1931,0.20710827
1584,model_4b,0.2395,0.21465604
1585,model_4b,0.0829,0.054314524
1586,model_4b,0.0043,0.10454458
1587,model_4b,0.2099,0.15904152
1588,model_4b,0.144,0.13986032
1589,model_4b,0.4955,0.49743927
1590,model_4b,0.4884,0.48633766
1591,model_4b,0.0286,0.024108268
1592,model_4b,-0.1019,-0.047088888
1593,model_4b,0.8831,1.0050253
1594,model_4b,0.4587,0.4554571
1595,model_4b,0.5585,0.57552224
1596,model_4b,0.0828,0.086892396
1597,model_4b,0.1533,0.16379485
1598,model_4b,0.401,0.43378812
1599,model_4b,0.5687,0.6077197
1600,model_4b,0.3737,0.36027718
1601,model_4b,0.1339,0.1521141
1602,model_4b,0.0519,0.0793322
1603,model_4b,0.0746,0.21229155
1604,model_4b,0.3242,0.37267065
1605,model_4b,0.201,0.17836857
1606,model_4b,0.2091,0.23785132
1607,model_4b,0.0201,0.075040154
1608,model_4b,0.2523,0.24560072
1609,model_4b,0.2701,0.12635645
1610,model_4b,0.0578,0.06994881
1611,model_4b,0.5242,0.27283204
1612,model_4b,0.2849,0.3151699
1613,model_4b,0.525,0.51601917
1614,model_4b,0.0624,0.035193052
1615,model_4b,-0.0258,0.005633467
1616,model_4b,0.0856,0.12134652
1617,model_4b,0.3833,0.4014938
1618,model_4b,0.4687,0.45393592
1619,model_4b,0.4492,0.47558036
1620,model_4b,0.8282,0.84551483
1621,model_4b,0.1193,0.11709048
1622,model_4b,0.0064,-0.063906126
1623,model_4b,0.3604,0.31885102
1624,model_4b,0.008,-0.002882991
1625,model_4b,0.3353,0.30752027
1626,model_4b,0.0042,-0.0043845205
1627,model_4b,0.1365,0.12562303
1628,model_4b,0.3151,0.3157646
1629,model_4b,0.1198,0.12954858
1630,model_4b,0.5394,0.50552124
1631,model_4b,0.2255,0.22459942
1632,model_4b,0.3169,0.3391502
1633,model_4b,0.5033,0.4722397
1634,model_4b,0.9488,0.95771295
1635,model_4b,0.4708,0.46851632
1636,model_4b,0.7247,0.7276475
1637,model_4b,0.2032,0.21745314
1638,model_4b,0.438,0.45752287
1639,model_4b,0.1759,0.15118654
1640,model_4b,0.2296,0.19385771
1641,model_4b,0.1175,0.109031595
1642,model_4b,0.2992,0.27021393
1643,model_4b,0.0234,0.06824389
1644,model_4b,0.3993,0.39326274
1645,model_4b,0.3803,0.33946705
1646,model_4b,0.2357,0.26110312
1647,model_4b,-0.0527,-0.0126660755
1648,model_4b,-0.0915,-0.100720525
1649,model_4b,0.5176,0.485722
1650,model_4b,0.1467,0.11477594
1651,model_4b,-0.133,-0.13689369
1652,model_4b,0.0511,0.10240835
1653,model_4b,0.1258,0.14702745
1654,model_4b,0.0692,0.08034374
1655,model_4b,0.139,0.17068814
1656,model_4b,0.1957,0.17690375
1657,model_4b,0.0205,0.048417233
1658,model_4b,0.6028,0.6041206
1659,model_4b,0.5247,0.5041473
1660,model_4b,0.1614,0.2797832
1661,model_4b,-0.0481,-0.07991265
1662,model_4b,0.5875,0.5501165
1663,model_4b,0.4738,0.52119064
1664,model_4b,0.8464,0.86540705
1665,model_4b,0.6334,0.63164455
1666,model_4b,0.3396,0.32080954
1667,model_4b,0.3223,0.35091788
1668,model_4b,0.6003,0.7300828
1669,model_4b,0.2804,0.25577876
1670,model_4b,0.0225,-0.0011691665
1671,model_4b,0.0531,0.04703094
1672,model_4b,0.245,0.23063232
1673,model_4b,0.4695,0.3864581
1674,model_4b,-0.0107,-0.004658549
1675,model_4b,0.2829,0.2574892
1676,model_4b,0.0489,0.023289438
1677,model_4b,-0.0258,0.024877563
1678,model_4b,0.8012,0.80156463
1679,model_4b,0.0384,0.028954275
1680,model_4b,0.2667,0.31140527
1681,model_4b,0.1086,0.12008552
1682,model_4b,0.3154,0.33747673
1683,model_4b,0.214,0.27108276
1684,model_4b,-0.037,0.03317849
1685,model_4b,0.1524,0.05624246
1686,model_4b,0.3186,0.29737094
1687,model_4b,0.0777,0.058727577
1688,model_4b,0.5081,0.5317083
1689,model_4b,0.6181,0.64042205
1690,model_4b,0.0082,-0.03889223
1691,model_4b,0.5186,0.49868482
1692,model_4b,0.2533,0.2543224
1693,model_4b,0.3952,0.37116987
1694,model_4b,-0.1906,-0.19835524
1695,model_4b,0.3783,0.3712153
1696,model_4b,0.2886,0.26803413
1697,model_4b,0.0722,0.14195204
1698,model_4b,0.1924,0.09132922
1699,model_4b,0.3348,0.32466087
1700,model_4b,0.2935,0.29051554
1701,model_4b,0.1346,0.19357751
1702,model_4b,0.6805,0.7013649
1703,model_4b,0.1677,0.14985159
1704,model_4b,0.2878,0.34845003
1705,model_4b,-0.0727,-0.07397086
1706,model_4b,0.4103,0.40657008
1707,model_4b,0.0445,-0.026018694
1708,model_4b,0.1129,0.11742373
1709,model_4b,0.3854,0.27903646
1710,model_4b,0.4533,0.4979909
1711,model_4b,0.1451,0.112939045
1712,model_4b,0.3657,0.35463482
1713,model_4b,0.8949,0.86421573
1714,model_4b,0.0641,0.038518243
1715,model_4b,-0.1158,-0.08572268
1716,model_4b,0.0198,0.025054239
1717,model_4b,0.2413,0.2556839
1718,model_4b,0.3937,0.3946793
1719,model_4b,0.05,0.06504914
1720,model_4b,0.5014,0.4928738
1721,model_4b,0.3544,0.3625085
1722,model_4b,0.2476,0.29790282
1723,model_4b,-0.0343,0.0025907075
1724,model_4b,0.3808,0.36630452
1725,model_4b,0.0194,0.009266204
1726,model_4b,-0.0461,-0.055743568
1727,model_4b,0.0669,0.04501298
1728,model_4b,0.1581,0.15921648
1729,model_4b,0.2801,0.27017537
1730,model_4b,0.0341,0.016894914
1731,model_4b,-0.1354,-0.106144145
1732,model_4b,0.132,0.09655794
1733,model_4b,0.1124,0.10442713
1734,model_4b,0.1666,0.20845197
1735,model_4b,0.1271,0.14740466
1736,model_4b,0.4308,0.49850363
1737,model_4b,0.0201,0.009433511
1738,model_4b,0.0281,0.018941004
1739,model_4b,0.2822,0.31625324
1740,model_4b,0.0986,0.12933595
1741,model_4b,0.8733,0.81598663
1742,model_4b,0.0548,0.02854868
1743,model_4b,0.1067,0.09916937
1744,model_4b,0.3802,0.37858653
1745,model_4b,0.3047,0.33556455
1746,model_4b,0.6382,0.6523648
1747,model_4b,0.3718,0.38856107
1748,model_4b,0.3056,0.3198827
1749,model_4b,0.2556,0.27581877
1750,model_4b,0.5619,0.56782836
1751,model_4b,0.0554,-0.04480491
1752,model_4b,0.0526,0.05236257
1753,model_4b,0.0515,0.07412045
1754,model_4b,0.4371,0.44936386
1755,model_4b,0.2883,0.27294677
1756,model_4b,0.7762,0.7939634
1757,model_4b,0.0073,-0.021108363
1758,model_4b,0.2442,0.29261273
1759,model_4b,0.078,0.061156042
1760,model_4b,0.169,0.17044286
1761,model_4b,0.4511,0.47209805
1762,model_4b,0.831,0.85213834
1763,model_4b,0.4813,0.52186406
1764,model_4b,0.0632,0.1192313
1765,model_4b,0.0151,0.021978807
1766,model_4b,0.0302,0.06457163
1767,model_4b,0.5441,0.5318509
1768,model_4b,-0.1412,-0.11975759
1769,model_4b,0.5619,0.5521674
1770,model_4b,0.1997,0.21076086
1771,model_4b,0.4214,0.3980689
1772,model_4b,0.2085,0.20465799
1773,model_4b,0.6903,0.6838263
1774,model_4b,0.4486,0.4480182
1775,model_4b,0.555,0.14309756
1776,model_4b,0.1447,0.14722182
1777,model_4b,0.6261,0.6008548
1778,model_4b,0.0973,0.07768676
1779,model_4b,0.2029,0.17182164
1780,model_4b,0.7223,0.7657451
1781,model_4b,0.9309,0.94917244
1782,model_4b,0.1465,0.15440431
1783,model_4b,0.0253,0.04509545
1784,model_4b,0.6973,0.72999954
1785,model_4b,0.0793,0.08907038
1786,model_4b,0.1702,0.12325181
1787,model_4b,0.188,0.26517078
1788,model_4b,0.9724,0.9558731
1789,model_4b,0.1568,0.107695326
1790,model_4b,0.307,0.31496227
1791,model_4b,0.0096,0.079016134
1792,model_4b,0.007,-0.031056687
1793,model_4b,0.1113,0.11192073
1794,model_4b,-0.0937,-0.05811051
1795,model_4b,0.2435,0.28727558
1796,model_4b,-0.0739,-0.019348886
1797,model_4b,0.0121,0.00859779
1798,model_4b,0.0693,0.14866777
1799,model_4b,0.3114,0.232933
1800,model_4b,0.2436,0.31257764
1801,model_4b,0.0941,0.05679635
1802,model_4b,0.0944,0.17604472
1803,model_4b,0.3392,0.29841918
1804,model_4b,0.4291,0.41486767
1805,model_4b,0.2061,0.23529822
1806,model_4b,0.2823,0.30577302
1807,model_4b,0.6386,0.66129965
1808,model_4b,0.4165,0.35930014
1809,model_4b,0.4307,0.37400556
1810,model_4b,0.0637,0.057966523
1811,model_4b,0.5743,0.6009403
1812,model_4b,0.2989,0.27896753
1813,model_4b,-0.0153,0.01691595
1814,model_4b,0.1732,0.24517058
1815,model_4b,0.3582,0.36133638
1816,model_4b,0.2253,0.1587206
1817,model_4b,0.329,0.34825063
1818,model_4b,0.0924,0.07587297
1819,model_4b,0.323,0.3064043
1820,model_4b,0.24,0.27438003
1821,model_4b,-0.0496,-0.068936296
1822,model_4b,0.1813,0.1899697
1823,model_4b,0.3167,0.13077773
1824,model_4b,-0.1995,-0.014074457
1825,model_4b,0.4691,0.43898913
1826,model_4b,0.204,0.16703533
1827,model_4b,0.0108,-0.01813211
1828,model_4b,0.2334,0.22332282
1829,model_4b,0.1063,0.10306592
1830,model_4b,0.1541,0.23557809
1831,model_4b,0.0982,0.13422883
1832,model_4b,0.1991,0.24841769
1833,model_4b,0.21,0.21265887
1834,model_4b,0.3,0.3322096
1835,model_4b,0.1882,0.100685224
1836,model_4b,0.2656,0.21134637
1837,model_4b,0.0093,0.004980053
1838,model_4b,0.128,0.14558344
1839,model_4b,0.0912,0.10566982
1840,model_4b,0.2234,0.16209643
1841,model_4b,0.2809,0.23034622
1842,model_4b,0.2623,0.29633462
1843,model_4b,0.1523,0.09007119
1844,model_4b,-0.0061,0.019037724
1845,model_4b,0.1342,0.17811929
1846,model_4b,0.1935,0.29275018
1847,model_4b,0.2143,0.253588
1848,model_4b,0.5605,0.47878963
1849,model_4b,0.7351,0.72484267
1850,model_4b,0.2722,0.23215295
1851,model_4b,0.0339,0.020346195
1852,model_4b,-0.0714,-0.063952245
1853,model_4b,0.1998,0.1781482
1854,model_4b,0.1146,0.07144106
1855,model_4b,0.1568,0.119115785
1856,model_4b,0.3448,0.42001036
1857,model_4b,-0.1529,-0.1738351
1858,model_4b,0.1486,0.14205576
1859,model_4b,0.3611,0.37862656
1860,model_4b,0.0948,0.0537825
1861,model_4b,0.5173,0.5360393
1862,model_4b,0.0495,0.0766224
1863,model_4b,0.445,0.3811847
1864,model_4b,0.3841,0.42329806
1865,model_4b,0.4339,0.39965874
1866,model_4b,0.1102,0.17596485
1867,model_4b,0.5015,0.47644612
1868,model_4b,0.4173,0.3968069
1869,model_4b,-0.067,-0.063137025
1870,model_4b,-0.0166,-0.023508899
1871,model_4b,-0.0258,0.0135659175
1872,model_4b,0.2449,0.29329705
1873,model_4b,0.1174,0.14496702
1874,model_4b,0.162,0.11891408
1875,model_4b,0.2381,0.25953838
1876,model_4b,0.2539,0.25710255
1877,model_4b,0.0735,0.053134464
1878,model_4b,0.9806,0.9758192
1879,model_4b,0.4407,0.45842454
1880,model_4b,0.2269,0.25796813
1881,model_4b,-0.0766,-0.11661008
1882,model_4b,0.0796,0.05365979
1883,model_4b,0.6003,0.5521574
1884,model_4b,0.719,0.71756536
1885,model_4b,0.6339,0.68513364
1886,model_4b,0.0301,0.005510065
1887,model_4b,0.0793,0.11644219
1888,model_4b,0.1956,0.2600276
1889,model_4b,0.8536,0.835121
1890,model_4b,0.165,0.23012516
1891,model_4b,0.3517,0.3232657
1892,model_4b,0.2038,0.287372
1893,model_4b,-0.0053,0.009065156
1894,model_4b,0.0542,0.017830249
1895,model_4b,0.8258,0.7437727
1896,model_4b,0.353,0.32612276
1897,model_4b,0.1711,0.18314777
1898,model_4b,0.4296,0.4822668
1899,model_4b,0.2038,0.21422951
1900,model_4b,0.3169,0.30394003
1901,model_4b,0.3385,0.3500043
1902,model_4b,0.0409,0.04702002
1903,model_4b,0.0625,0.074266985
1904,model_4b,0.7462,0.77080727
1905,model_4b,0.0599,0.13601722
1906,model_4b,0.1386,0.15363298
1907,model_4b,0.0468,0.10131577
1908,model_4b,0.0625,0.08832307
1909,model_4b,0.2048,0.18418907
1910,model_4b,0.6842,0.7012783
1911,model_4b,0.0614,0.0736449
1912,model_4b,0.6128,0.6025501
1913,model_4b,0.1058,0.06657906
1914,model_4b,0.9099,0.8737565
1915,model_4b,0.2142,0.20117067
1916,model_4b,0.0273,-0.05656036
1917,model_4b,0.4871,0.50708187
1918,model_4b,-0.0276,0.1063548
1919,model_4b,0.401,0.40574774
1920,model_4b,0.8835,0.8849922
1921,model_4b,0.2694,0.1874188
1922,model_4b,0.6094,0.6159726
1923,model_4b,0.021,-0.040976003
1924,model_4b,0.1737,0.16658874
1925,model_4b,0.0308,0.08806437
1926,model_4b,0.2844,0.27241826
1927,model_4b,0.606,0.6571625
1928,model_4b,0.0895,0.07241496
1929,model_4b,0.1664,0.17366992
1930,model_4b,0.6168,0.65276545
1931,model_4b,0.0302,0.095834404
1932,model_4b,0.0513,-0.020171907
1933,model_4b,0.0782,0.09852919
1934,model_4b,0.0632,0.061144955
1935,model_4b,0.2951,0.18425597
1936,model_4b,0.7142,0.7291951
1937,model_4b,0.3243,0.3482573
1938,model_4b,0.7871,0.76501495
1939,model_4b,0.8224,0.8188389
1940,model_4b,0.6999,0.67971784
1941,model_4b,0.1011,0.09180006
1942,model_4b,0.3801,0.35486236
1943,model_4b,0.4836,0.46719337
1944,model_4b,0.3291,0.2855572
1945,model_4b,0.5715,0.56705993
1946,model_4b,0.4445,0.425085
1947,model_4b,0.1746,0.24109985
1948,model_4b,0.0899,0.12292592
1949,model_4b,0.0089,-0.023631502
1950,model_4b,0.0246,0.010525399
1951,model_4b,0.1195,0.09170311
1952,model_4b,0.1596,0.15447845
1953,model_4b,0.2312,0.23351784
1954,model_4b,0.2667,0.23401855
1955,model_4b,0.0707,0.05905801
1956,model_4b,0.1318,0.09425581
1957,model_4b,0.1511,0.17341141
1958,model_4b,0.0559,0.08117014
1959,model_4b,0.35,0.34464929
1960,model_4b,0.1918,0.23406403
1961,model_4b,0.0747,0.0483017
1962,model_4b,0.3402,0.28967428
1963,model_4b,0.3088,0.28520054
1964,model_4b,0.5206,0.532546
1965,model_4b,0.1642,0.18987687
1966,model_4b,0.2613,0.20890577
1967,model_4b,0.5009,0.49394095
1968,model_4b,0.0954,0.062531054
1969,model_4b,0.1135,0.08182828
1970,model_4b,0.2908,0.25250837
1971,model_4b,-0.0937,-0.08496939
1972,model_4b,0.0664,0.072441295
1973,model_4b,0.2706,0.21591733
1974,model_4b,0.2689,0.22837871
1975,model_4b,0.4498,0.4344446
1976,model_4b,0.3073,0.23240429
1977,model_4b,0.1672,0.15648954
1978,model_4b,0.0486,0.07296999
1979,model_4b,-0.0287,-0.02390914
1980,model_4b,0.2684,0.22368182
1981,model_4b,0.1404,0.08045003
1982,model_4b,0.4732,0.44659773
1983,model_4b,0.2759,0.27920312
1984,model_4b,0.4503,0.45933044
1985,model_4b,0.1115,0.13692579
1986,model_4b,-0.0236,0.18129946
1987,model_4b,0.2721,0.25096372
1988,model_4b,0.1952,0.18095608
1989,model_4b,-0.0048,0.019042216
1990,model_4b,0.0365,0.04760294
1991,model_4b,0.1785,0.13447776
1992,model_4b,0.1792,0.14546312
1993,model_4b,-0.0119,0.014462096
1994,model_4b,0.2714,0.29240996
1995,model_4b,0.4866,0.52430844
1996,model_4b,0.0556,0.103935435
1997,model_4b,-0.0301,0.04610519
1998,model_4b,0.1028,0.07411168
1999,model_4b,0.175,0.16419473
2000,model_4b,0.2137,0.14720969
2001,model_4b,0.3126,0.27918
2002,model_4b,0.0038,0.07703726
2003,model_4b,0.1805,0.17500462
2004,model_4b,0.4573,0.4502672
2005,model_4b,0.4347,0.38950348
2006,model_4b,-0.0041,0.021170113
2007,model_4b,0.4414,0.43774647
2008,model_4b,0.6146,0.644429
2009,model_4b,0.3626,0.38957733
2010,model_4b,0.3797,0.41318113
2011,model_4b,0.0649,0.04996638
2012,model_4b,0.1213,0.11772443
2013,model_4b,0.5278,0.51133615
2014,model_4b,0.3688,0.3604734
2015,model_4b,0.5026,0.4714924
2016,model_4b,0.5161,0.5480576
2017,model_4b,0.11,0.1211987
2018,model_4b,0.0692,0.06018001
2019,model_4b,0.0205,0.048194334
2020,model_4b,0.4743,0.52438015
2021,model_4b,0.0569,0.14593937
2022,model_4b,0.2556,0.16704859
2023,model_4b,0.1831,0.22581388
2024,model_4b,-0.0558,-0.10077928
2025,model_4b,0.241,0.252974
2026,model_4b,0.0528,0.1044778
2027,model_4b,0.3011,0.20033793
2028,model_4b,0.1446,0.13767786
2029,model_4b,0.3441,0.35694718
2030,model_4b,0.1989,0.21195951
2031,model_4b,0.2735,0.26663378
2032,model_4b,0.6811,0.6186401
2033,model_4b,0.4909,0.51291054
2034,model_4b,0.3854,0.21453878
2035,model_4b,0.009,0.0057499865
2036,model_4b,0.0029,0.020401988
2037,model_4b,0.6713,0.65384275
2038,model_4b,0.6935,0.65720564
2039,model_4b,0.0239,0.01551577
2040,model_4b,0.0817,0.1005312
2041,model_4b,0.1259,0.1209636
2042,model_4b,0.1235,0.16070686
2043,model_4b,0.3109,0.3786696
2044,model_4b,0.1534,0.14506467
2045,model_4b,0.0552,0.08127717
2046,model_4b,0.3115,0.31679368
2047,model_4b,0.4089,0.37111336
2048,model_4b,0.4448,0.46746758
2049,model_4b,0.0684,0.13809751
2050,model_4b,0.1937,0.20878552
2051,model_4b,0.752,0.71390957
2052,model_4b,0.0642,0.1459534
2053,model_4b,0.1313,0.12632129
2054,model_4b,-0.0088,0.0592746
2055,model_4b,0.4224,0.47731146
2056,model_4b,0.0218,0.030810982
2057,model_4b,0.2253,0.2300994
2058,model_4b,0.2724,0.36713874
2059,model_4b,0.0298,-2.7595088e-06
2060,model_4b,0.3521,0.36481696
2061,model_4b,0.6579,0.6298219
2062,model_4b,0.6915,0.7426054
2063,model_4b,0.2314,0.22528197
2064,model_4b,0.5072,0.47933364
2065,model_4b,0.0961,0.062148288
2066,model_4b,0.4058,0.32158667
2067,model_4b,0.7405,0.73593694
2068,model_4b,0.5511,0.4999748
2069,model_4b,0.4924,0.56899846
2070,model_4b,0.0959,0.11250775
2071,model_4b,0.1305,0.09701264
2072,model_4b,0.2622,0.24154909
2073,model_4b,0.2659,0.3569492
2074,model_4b,0.1033,0.10134319
2075,model_4b,0.0842,0.11301934
2076,model_4b,0.2871,0.36061502
2077,model_4b,0.7466,0.7200734
2078,model_4b,0.091,0.11463089
2079,model_4b,0.083,0.073538385
2080,model_4b,0.3376,0.3230365
2081,model_4b,0.1339,0.16279198
2082,model_4b,0.6286,0.5920486
2083,model_4b,0.2948,0.26599282
2084,model_4b,0.4536,0.28537625
2085,model_4b,0.1133,0.11508251
2086,model_4b,0.3551,0.37318814
2087,model_4b,0.0929,0.09974576
2088,model_4b,0.4251,0.36107108
2089,model_4b,0.2704,0.24811952
2090,model_4b,0.2401,0.20787896
2091,model_4b,0.665,0.68871355
2092,model_4b,-0.0031,0.06666406
2093,model_4b,0.7409,0.76257426
2094,model_4b,-0.0025,0.05916816
2095,model_4b,0.0433,0.08621402
2096,model_4b,0.7209,0.777787
2097,model_4b,0.0943,0.07844268
2098,model_4b,0.0329,0.1133269
2099,model_4b,0.1474,0.16879177
2100,model_4b,0.1706,0.060033463
2101,model_4b,-0.0493,-0.027701557
2102,model_4b,-0.0868,-0.021409586
2103,model_4b,0.3644,0.08709782
2104,model_4b,0.5647,0.65873355
2105,model_4b,0.1776,0.12257138
2106,model_4b,0.0648,0.055124417
2107,model_4b,0.0696,0.020919364
2108,model_4b,0.0711,0.12492904
2109,model_4b,-0.0556,-0.009947476
2110,model_4b,0.2539,0.20434196
2111,model_4b,0.4092,0.3681807
2112,model_4b,0.1373,0.22173181
2113,model_4b,0.1552,0.11811946
2114,model_4b,0.3984,0.42906287
2115,model_4b,0.3301,0.28415418
2116,model_4b,0.3196,0.34061867
2117,model_4b,0.4281,0.40810803
2118,model_4b,0.771,0.7576364
2119,model_4b,0.4661,0.40914494
2120,model_4b,0.2645,0.2732764
2121,model_4b,-0.0593,-0.066358276
2122,model_4b,0.1294,0.14083885
2123,model_4b,0.1354,0.14969277
2124,model_4b,0.4814,0.47798282
2125,model_4b,0.1428,0.12435217
2126,model_4b,0.4471,0.35153094
2127,model_4b,0.2941,0.30040354
2128,model_4b,0.5149,0.474601
2129,model_4b,0.0519,0.052246884
2130,model_4b,0.1621,0.1922129
2131,model_4b,0.0542,0.06914632
2132,model_4b,0.2082,0.14292346
2133,model_4b,0.246,0.18610604
2134,model_4b,0.0346,0.13984373
2135,model_4b,0.283,0.27927125
2136,model_4b,0.0914,0.09547662
2137,model_4b,0.2275,0.19312339
2138,model_4b,0.7836,0.79421777
2139,model_4b,0.2079,0.18244714
2140,model_4b,0.1466,0.1670241
2141,model_4b,-0.1392,-0.14995554
2142,model_4b,-0.0122,0.009074713
2143,model_4b,0.2164,0.19839118
2144,model_4b,0.1646,0.15335788
2145,model_4b,0.0769,0.09672108
2146,model_4b,0.8451,0.8190711
2147,model_4b,0.2269,0.20580275
2148,model_4b,0.0412,0.019254543
2149,model_4b,0.0971,0.14318733
2150,model_4b,0.0746,0.06443577
2151,model_4b,0.1097,0.103301466
2152,model_4b,0.2956,0.27128178
2153,model_4b,0.1064,0.1907521
2154,model_4b,0.3524,0.36196202
2155,model_4b,0.4511,0.4794398
2156,model_4b,0.1325,0.09869772
2157,model_4b,-0.0461,-0.05869376
2158,model_4b,0.2438,0.2497042
2159,model_4b,0.2596,0.22115393
2160,model_4b,-0.0488,0.027406909
2161,model_4b,0.4558,0.40549445
2162,model_4b,0.1508,0.21186776
2163,model_4b,0.2979,0.33312857
2164,model_4b,0.0906,0.071614854
2165,model_4b,0.0853,-0.016260825
2166,model_4b,0.4304,0.44936657
2167,model_4b,0.2698,0.32502574
2168,model_4b,0.1653,0.12683322
2169,model_4b,0.3457,0.352
2170,model_4b,0.4683,0.4661402
2171,model_4b,0.1184,0.07833821
2172,model_4b,0.2151,0.20242517
2173,model_4b,0.1276,0.22220917
2174,model_4b,-0.0285,-0.044781648
2175,model_4b,0.1653,0.10808119
2176,model_4b,0.8356,0.78019804
2177,model_4b,0.2983,0.3029253
2178,model_4b,0.5258,0.48230985
2179,model_4b,0.1113,0.12649982
2180,model_4b,0.8023,0.8528463
2181,model_4b,0.1225,0.1375286
2182,model_4b,-0.0278,-0.065693386
2183,model_4b,0.011,0.049203634
2184,model_4b,0.1858,0.18171631
2185,model_4b,-0.0655,-0.033436075
2186,model_4b,0.0168,0.032897867
2187,model_4b,0.2855,0.30974257
2188,model_4b,0.0363,0.036579132
2189,model_4b,0.1185,0.14194743
2190,model_4b,0.5853,0.608391
2191,model_4b,0.1985,0.18653075
2192,model_4b,-0.0767,-0.12205774
2193,model_4b,0.0865,0.11267898
2194,model_4b,0.1367,0.11125238
2195,model_4b,0.4171,0.49546194
2196,model_4b,0.0302,0.031775154
2197,model_4b,0.2236,0.22741233
2198,model_4b,0.081,0.08008169
2199,model_4b,-0.0656,-0.049714778
2200,model_4b,0.0539,0.10601266
2201,model_4b,-0.1132,-0.08493762
2202,model_4b,-0.0558,-0.05068367
2203,model_4b,0.1718,0.12646742
2204,model_4b,0.3226,0.2630751
2205,model_4b,0.4012,0.38652238
2206,model_4b,0.1964,0.19337492
2207,model_4b,0.5025,0.4558651
2208,model_4b,0.1479,0.13366102
2209,model_4b,0.2188,0.30710673
2210,model_4b,0.7906,0.7214281
2211,model_4b,-0.0018,0.0126352655
2212,model_4b,0.0094,0.023083951
2213,model_4b,-0.0241,0.008852524
2214,model_4b,0.133,0.15028721
2215,model_4b,0.1703,0.21641618
2216,model_4b,0.3239,0.37258056
2217,model_4b,0.6986,0.7227015
2218,model_4b,0.4268,0.40743336
2219,model_4b,0.1748,0.2131982
2220,model_4b,0.6091,0.62050515
2221,model_4b,0.2514,0.325164
2222,model_4b,0.1115,0.13230838
2223,model_4b,0.0825,0.07630274
2224,model_4b,0.1045,0.07843089
2225,model_4b,0.0228,0.005884311
2226,model_4b,0.2188,0.23400648
2227,model_4b,0.488,0.33266944
2228,model_4b,0.2498,0.22442059
2229,model_4b,0.4969,0.59698087
2230,model_4b,0.0161,0.0147942165
2231,model_4b,0.2558,0.27805442
2232,model_4b,0.0944,0.10817438
2233,model_4b,0.1596,0.23429793
2234,model_4b,0.0603,0.08047421
2235,model_4b,0.427,0.39958122
2236,model_4b,-0.0324,-0.028250981
2237,model_4b,0.0983,0.20478186
2238,model_4b,0.9195,0.9115546
2239,model_4b,-0.0046,0.056445748
2240,model_4b,0.4353,0.4741152
2241,model_4b,0.4979,0.48692697
2242,model_4b,0.2926,0.26901484
2243,model_4b,0.3598,0.37190223
2244,model_4b,0.5293,0.5501171
2245,model_4b,0.6086,0.55755264
2246,model_4b,0.1407,0.14055501
2247,model_4b,0.2129,0.20175858
2248,model_4b,-0.0813,-0.007844112
2249,model_4b,-0.0861,-0.15180522
2250,model_4b,0.3607,0.5204015
2251,model_4b,0.0736,0.06830038
2252,model_4b,0.4956,0.47440398
2253,model_4b,-0.0069,-0.015106683
2254,model_4b,-0.0042,0.039276466
2255,model_4b,0.3008,0.30084163
2256,model_4b,0.5262,0.50641805
2257,model_4b,0.5154,0.49187577
2258,model_4b,0.5462,0.5577925
2259,model_4b,0.2079,0.28323403
2260,model_4b,0.1106,0.0784662
2261,model_4b,0.4812,0.43549803
2262,model_4b,0.306,0.38497764
2263,model_4b,0.1829,0.16029997
2264,model_4b,0.4184,0.37734666
2265,model_4b,0.0843,0.104264036
2266,model_4b,0.2674,0.35421482
2267,model_4b,0.3302,0.32737216
2268,model_4b,0.0586,0.06444535
2269,model_4b,0.5998,0.6179686
2270,model_4b,0.145,0.27377427
2271,model_4b,-0.1423,-0.114016145
2272,model_4b,0.0996,0.09078431
2273,model_4b,0.1298,0.09676579
2274,model_4b,0.2488,0.5474636
2275,model_4b,0.3637,0.37688845
2276,model_4b,0.0805,0.0716661
2277,model_4b,0.4003,0.36025575
2278,model_4b,0.2231,0.2058972
2279,model_4b,0.1833,0.18356927
2280,model_4b,-0.0799,-0.078613386
2281,model_4b,-0.1773,-0.098935634
2282,model_4b,0.6467,0.64872724
2283,model_4b,0.0156,0.024659112
2284,model_4b,0.6895,0.6820279
2285,model_4b,0.3761,0.30612725
2286,model_4b,0.5106,0.3579892
2287,model_4b,0.0337,0.024097025
2288,model_4b,-0.0027,-0.06698511
2289,model_4b,0.346,0.35551402
2290,model_4b,0.2623,0.30520526
2291,model_4b,0.2178,0.1334648
2292,model_4b,0.9141,0.9319747
2293,model_4b,-0.0143,-0.027644817
2294,model_4b,0.4648,0.45963198
2295,model_4b,0.095,0.15763949
2296,model_4b,0.2232,0.22691439
2297,model_4b,0.4625,0.27460527
2298,model_4b,0.3511,0.352433
2299,model_4b,0.4746,0.48744196
2300,model_4b,0.1545,0.068130895
2301,model_4b,1.0283,1.0642556
2302,model_4b,0.2753,0.40777832
2303,model_4b,0.0433,-0.11906063
2304,model_4b,0.1429,0.108420886
2305,model_4b,0.3277,0.3180091
2306,model_4b,0.126,0.31511033
2307,model_4b,0.8278,0.76410276
2308,model_4b,-0.0626,0.03786482
2309,model_4b,0.2406,0.18061842
2310,model_4b,0.1607,0.16334508
2311,model_4b,0.2547,0.3171475
2312,model_4b,0.2051,0.21430679
2313,model_4b,0.1338,0.05944249
2314,model_4b,0.3423,0.42964035
2315,model_4b,0.1036,0.110817425
2316,model_4b,0.0942,0.03972362
2317,model_4b,0.3219,0.30079782
2318,model_4b,0.0404,-0.013171327
2319,model_4b,0.5314,0.48561907
2320,model_4b,-0.0495,-0.03251295
2321,model_4b,0.2012,0.1803509
2322,model_4b,0.0395,0.034799382
2323,model_4b,-0.0871,-0.17002235
2324,model_4b,0.3962,0.39631504
2325,model_4b,0.0128,0.04529074
2326,model_4b,0.6109,0.6180728
2327,model_4b,-0.0456,-0.046832465
2328,model_4b,0.191,0.1581177
2329,model_4b,0.0226,0.1424808
2330,model_4b,0.1018,0.07231316
2331,model_4b,0.0441,0.07406364
2332,model_4b,0.3571,0.3088373
2333,model_4b,0.1164,0.117178306
2334,model_4b,0.3579,0.3358826
2335,model_4b,0.3431,0.35644805
2336,model_4b,0.0919,0.09871222
2337,model_4b,0.0966,0.09971762
2338,model_4b,0.0786,0.0852586
2339,model_4b,0.2287,0.24332745
2340,model_4b,-0.0612,-0.08249767
2341,model_4b,0.7831,0.75062364
2342,model_4b,0.0844,0.09938579
2343,model_4b,0.0551,0.08058195
2344,model_4b,0.2589,0.17096277
2345,model_4b,0.3022,0.32694036
2346,model_4b,0.0914,0.082563534
2347,model_4b,0.2766,0.31252375
2348,model_4b,0.2123,0.23032741
2349,model_4b,0.0611,0.09023499
2350,model_4b,0.1277,0.12730208
2351,model_4b,0.3579,0.3395578
2352,model_4b,0.5922,0.6273766
2353,model_4b,0.4146,0.40523446
2354,model_4b,0.1249,0.11747447
2355,model_4b,0.225,0.18887338
2356,model_4b,0.1307,0.15837203
2357,model_4b,0.2502,0.273471
2358,model_4b,0.0479,0.043165922
2359,model_4b,0.0683,0.065262586
2360,model_4b,0.1091,0.22382335
2361,model_4b,0.0273,0.023321461
2362,model_4b,0.3553,0.42388666
2363,model_4b,-0.0426,-0.081175864
2364,model_4b,0.0502,0.18381047
2365,model_4b,0.3118,0.25220007
2366,model_4b,0.1987,0.19876944
2367,model_4b,0.385,0.4237669
2368,model_4b,-0.0992,-0.05556583
2369,model_4b,0.4363,0.37435365
2370,model_4b,-0.1531,-0.15448488
2371,model_4b,0.1138,0.12155913
2372,model_4b,0.3308,0.34939483
2373,model_4b,0.3607,0.3834321
2374,model_4b,0.2634,0.24636005
2375,model_4b,0.1535,0.1139982
2376,model_4b,0.0753,0.055451468
2377,model_4b,0.5317,0.4903558
2378,model_4b,0.1409,0.13920592
2379,model_4b,0.0704,0.06401319
2380,model_4b,0.2197,0.2690135
2381,model_4b,0.922,0.9402269
2382,model_4b,0.3426,0.32546398
2383,model_4b,0.2733,0.2652238
2384,model_4b,0.1191,0.10993357
2385,model_4b,0.0177,-0.008383918
2386,model_4b,0.1661,0.19334595
2387,model_4b,0.0241,-0.007981329
2388,model_4b,0.4024,0.38735908
2389,model_4b,-0.043,-0.020924289
2390,model_4b,-0.0965,-0.1222094
2391,model_4b,0.5143,0.47247824
2392,model_4b,-0.0147,-0.033063732
2393,model_4b,0.1855,0.23507395
2394,model_4b,-0.1254,-0.08733779
2395,model_4b,0.1937,0.15950009
2396,model_4b,0.0672,0.07136843
2397,model_4b,0.1045,0.13124378
2398,model_4b,0.0468,0.09279846
2399,model_4b,0.2008,0.17906289
2400,model_4b,0.0697,0.07333794
2401,model_4b,0.0472,0.039373018
2402,model_4b,0.7333,0.7837786
2403,model_4b,0.0066,0.026097238
2404,model_4b,0.2445,0.28009138
2405,model_4b,0.3397,0.39084184
2406,model_4b,0.2334,0.23308146
2407,model_4b,0.125,0.11266316
2408,model_4b,0.3493,0.47779858
2409,model_4b,0.0261,0.008545595
2410,model_4b,0.2084,0.18512386
2411,model_4b,0.414,0.4207677
2412,model_4b,0.3211,0.3213128
2413,model_4b,0.1561,0.15170889
2414,model_4b,-0.0465,-0.017907653
2415,model_4b,-0.1737,-0.15344627
2416,model_4b,0.7037,0.7541332
2417,model_4b,-0.0949,-0.11500078
2418,model_4b,0.0636,0.096974336
2419,model_4b,-0.0622,-0.06683744
2420,model_4b,0.0604,0.046028182
2421,model_4b,0.2381,0.21715017
2422,model_4b,-0.0401,-0.04049436
2423,model_4b,0.2792,0.2756817
2424,model_4b,0.0646,0.08134745
2425,model_4b,0.5045,0.5784673
2426,model_4b,-0.1945,-0.1262692
2427,model_4b,0.0937,0.13630845
2428,model_4b,-0.1968,-0.17782809
2429,model_4b,-0.0879,0.09284416
2430,model_4b,0.4961,0.4480111
2431,model_4b,-0.0307,-0.025114592
2432,model_4b,0.2957,0.24946485
2433,model_4b,0.197,0.1980607
2434,model_4b,0.4483,0.48376974
2435,model_4b,0.1704,0.16307457
2436,model_4b,0.1531,0.15393622
2437,model_4b,0.0805,0.10721342
2438,model_4b,0.2078,0.23890539
2439,model_4b,0.0391,0.047214568
2440,model_4b,0.0785,0.16269052
2441,model_4b,0.1768,0.15804647
2442,model_4b,0.086,0.13953571
2443,model_4b,-0.178,-0.12406764
2444,model_4b,0.0338,0.05287938
2445,model_4b,0.0736,0.14890926
2446,model_4b,0.2707,0.09387054
2447,model_4b,0.5197,0.55062944
2448,model_4b,0.2642,0.28523725
2449,model_4b,0.3548,0.40057433
2450,model_4b,0.3396,0.3660404
2451,model_4b,-0.048,-0.023367949
2452,model_4b,0.3061,0.2637495
2453,model_4b,-0.0196,-0.0635582
2454,model_4b,0.5351,0.5116165
2455,model_4b,0.1002,0.07841263
2456,model_4b,-0.0815,-0.08769018
2457,model_4b,0.0846,0.061904
2458,model_4b,0.2176,0.24263008
2459,model_4b,0.6511,0.6331113
2460,model_4b,-0.1873,-0.20759425
2461,model_4b,0.2092,0.28749156
2462,model_4b,-0.11,-0.1445321
2463,model_4b,0.4118,0.41236264
2464,model_4b,0.0125,0.018118396
2465,model_4b,0.3009,0.33503887
2466,model_4b,0.4287,0.45291445
2467,model_4b,0.0551,0.02861173
2468,model_4b,0.834,0.7665929
2469,model_4b,-0.0629,-0.10148354
2470,model_4b,-0.038,0.06489003
2471,model_4b,0.4538,0.47743583
2472,model_4b,0.1704,0.18641944
2473,model_4b,0.4131,0.47995466
2474,model_4b,0.2959,0.29774967
2475,model_4b,0.0551,0.04928179
2476,model_4b,0.0596,0.08577718
2477,model_4b,-0.1162,-0.07642371
2478,model_4b,0.5159,0.53615326
2479,model_4b,0.4329,0.4385131
2480,model_4b,0.1717,0.13328013
2481,model_4b,0.3216,0.066620834
2482,model_4b,0.2397,0.27243853
2483,model_4b,0.8918,0.92251265
2484,model_4b,0.3256,0.29438132
2485,model_4b,0.636,0.703365
2486,model_4b,0.2361,0.21508278
2487,model_4b,0.267,0.27076054
2488,model_4b,0.5361,0.52539414
2489,model_4b,0.1518,0.141598
2490,model_4b,0.0232,0.034913532
2491,model_4b,0.2436,0.31288463
2492,model_4b,0.2046,0.2054611
2493,model_4b,0.1929,0.19873013
2494,model_4b,0.0415,0.05729884
2495,model_4b,0.087,0.0994227
2496,model_4b,-0.049,-0.027134337
2497,model_4b,0.2735,0.19709374
2498,model_4b,0.3099,0.33973265
2499,model_4b,0.5557,0.593555
2500,model_4b,-0.0168,0.049823612
2501,model_4b,0.1962,0.16442215
2502,model_4b,0.128,0.116190776
2503,model_4b,0.5142,0.55273
2504,model_4b,0.0515,0.019212328
2505,model_4b,0.1594,0.15904598
2506,model_4b,0.2551,0.27396187
2507,model_4b,0.2396,0.26367652
2508,model_4b,0.3163,0.3532318
2509,model_4b,0.2979,0.18263842
2510,model_4b,0.2351,0.16860463
2511,model_4b,0.2938,0.27376905
2512,model_4b,0.4776,0.42793888
2513,model_4b,0.1903,0.21037881
2514,model_4b,0.8565,0.88210577
2515,model_4b,0.5138,0.4733554
2516,model_4b,0.6757,0.68159485
2517,model_4b,0.3403,0.22290358
2518,model_4b,0.137,0.15739106
2519,model_4b,0.1746,0.14706697
2520,model_4b,0.1493,0.12164207
2521,model_4b,-0.0492,-0.037915353
2522,model_4b,0.4227,0.49562985
2523,model_4b,0.4245,0.47941115
2524,model_4b,0.6463,0.67612326
2525,model_4b,0.1008,0.098891735
2526,model_4b,0.4314,0.45422047
2527,model_4b,0.4532,0.4323947
2528,model_4b,0.291,0.2653386
2529,model_4b,0.1376,0.13422833
2530,model_4b,0.5847,0.6449822
2531,model_4b,0.4638,0.44275516
2532,model_4b,0.1733,0.20885453
2533,model_4b,0.3214,0.27878845
2534,model_4b,-0.0151,-0.0051442822
2535,model_4b,0.1374,0.09386838
2536,model_4b,0.4054,0.39498156
2537,model_4b,0.2734,0.2761014
2538,model_4b,0.0193,0.49119228
2539,model_4b,0.2894,0.34856385
2540,model_4b,1.0078,0.987407
2541,model_4b,0.4983,0.48620254
2542,model_4b,0.0486,0.046483442
2543,model_4b,0.2746,0.10542672
2544,model_4b,0.1106,0.12705535
2545,model_4b,0.0978,0.15588637
2546,model_4b,0.0907,0.009598584
2547,model_4b,0.8122,0.8318365
2548,model_4b,-0.023,0.03429098
2549,model_4b,0.0733,0.1064679
2550,model_4b,0.5258,0.59775025
2551,model_4b,0.1525,0.20298745
2552,model_4b,0.768,0.70839274
2553,model_4b,0.0506,0.11899586
2554,model_4b,0.313,0.3485096
2555,model_4b,0.1369,0.1510244
2556,model_4b,0.3134,0.33708626
2557,model_4b,0.2892,0.20236932
2558,model_4b,0.2155,0.10456513
2559,model_4b,0.1167,0.12409015
2560,model_4b,0.1557,0.15384737
2561,model_4b,-0.0525,-0.06407612
2562,model_4b,0.1108,0.10688604
2563,model_4b,0.3512,0.40030792
2564,model_4b,0.7159,0.6692659
2565,model_4b,0.0628,0.051991526
2566,model_4b,0.8403,0.8651003
2567,model_4b,0.3443,0.35966986
2568,model_4b,0.1947,0.105705746
2569,model_4b,0.1618,0.2771725
2570,model_4b,0.0141,0.061667785
2571,model_4b,0.5061,0.35084838
2572,model_4b,0.3179,0.33225614
2573,model_4b,0.2998,0.23637801
2574,model_4b,0.4863,0.48213178
2575,model_4b,0.1439,0.29500028
2576,model_4b,0.4728,0.39461124
2577,model_4b,0.116,0.27710903
2578,model_4b,0.381,0.36862385
2579,model_4b,-0.1074,0.012454757
2580,model_4b,0.1181,0.20936514
2581,model_4b,0.477,0.44207746
2582,model_4b,0.5098,0.5566477
2583,model_4b,0.3188,0.56429684
2584,model_4b,0.5059,0.31905732
2585,model_4b,0.0844,0.20074663
2586,model_4b,0.1045,0.0042373063
2587,model_4b,0.1494,0.065869585
2588,model_4b,0.0213,0.042775832
2589,model_4b,0.2679,0.19261123
2590,model_4b,0.1921,0.09622058
2591,model_4b,0.4574,0.39331847
2592,model_4b,0.0495,0.07985077
2593,model_4b,-0.199,-0.20139632
2594,model_4b,0.2485,0.27832565
2595,model_4b,0.1158,0.10405454
2596,model_4b,0.2572,0.33692056
2597,model_4b,-0.0152,0.0508186
2598,model_4b,0.6111,0.58454615
2599,model_4b,0.2669,0.34496236
2600,model_4b,0.1268,0.17244379
2601,model_4b,0.3886,0.36564788
2602,model_4b,0.187,0.195172
2603,model_4b,-0.0063,-0.009023008
2604,model_4b,0.1124,0.08073341
2605,model_4b,0.5441,0.5642591
2606,model_4b,0.1208,0.12822051
2607,model_4b,0.0166,0.07909835
2608,model_4b,0.1085,0.103932396
2609,model_4b,0.1971,0.23809876
2610,model_4b,0.1604,0.09746899
2611,model_4b,0.2465,0.30839115
2612,model_4b,0.012,-0.018151272
2613,model_4b,0.4643,0.4394933
2614,model_4b,0.22,0.19850393
2615,model_4b,0.4975,0.49981928
2616,model_4b,0.1846,0.10106404
2617,model_4b,0.4857,0.45076096
2618,model_4b,0.0707,0.09160659
2619,model_4b,0.1119,0.06985995
2620,model_4b,0.2441,0.30575085
2621,model_4b,0.144,0.1318341
2622,model_4b,0.4107,0.43132985
2623,model_4b,0.5787,0.54237884
2624,model_4b,0.1498,0.16397412
2625,model_4b,0.0684,0.048787616
2626,model_4b,0.173,0.16234778
2627,model_4b,0.179,0.1647265
2628,model_4b,-0.0701,0.0494136
2629,model_4b,0.1104,0.06734496
2630,model_4b,0.2888,0.2599795
2631,model_4b,-0.0609,-0.037733182
2632,model_4b,0.1403,0.14339465
2633,model_4b,-0.1751,-0.17054772
2634,model_4b,0.7206,0.72146064
2635,model_4b,0.6308,0.6331088
2636,model_4b,0.4534,0.4180606
2637,model_4b,0.4743,0.48257065
2638,model_4b,0.152,0.1506163
2639,model_4b,0.0171,0.0047022505
2640,model_4b,0.711,0.7067017
2641,model_4b,-0.0394,0.026070252
2642,model_4b,0.301,0.3081038
2643,model_4b,0.9379,0.9251159
2644,model_4b,0.2645,0.2000204
2645,model_4b,0.1274,0.12514508
2646,model_4b,0.1756,0.14383666
2647,model_4b,0.0605,0.11174531
2648,model_4b,0.3481,0.30449522
2649,model_4b,0.1336,0.13761477
2650,model_4b,0.1011,0.113731086
2651,model_4b,-0.008,-0.0089385575
2652,model_4b,0.0706,0.06978734
2653,model_4b,0.1649,0.16375422
2654,model_4b,0.1702,0.1810546
2655,model_4b,0.4097,0.4264434
2656,model_4b,-0.088,-0.036998462
2657,model_4b,0.04,0.029459462
2658,model_4b,0.3692,0.32529914
2659,model_4b,0.1376,0.16505331
2660,model_4b,0.4638,0.36570245
2661,model_4b,0.5813,0.5954866
2662,model_4b,0.2439,0.2584554
2663,model_4b,0.4032,0.42661595
2664,model_4b,0.2606,0.25621757
2665,model_4b,0.0893,0.09401661
2666,model_4b,-0.1402,-0.13712431
2667,model_4b,0.2795,0.27491623
2668,model_4b,0.4434,0.47546494
2669,model_4b,0.2694,0.2672984
2670,model_4b,0.362,0.3588462
2671,model_4b,0.4093,0.37259656
2672,model_4b,0.4058,0.40227598
2673,model_4b,0.3144,0.18238623
2674,model_4b,-0.004,0.011790174
2675,model_4b,0.0647,0.04404413
2676,model_4b,0.0591,0.08624467
2677,model_4b,-0.0967,-0.07159378
2678,model_4b,-0.0669,-0.05108414
2679,model_4b,0.0572,0.097529486
2680,model_4b,0.0566,0.07647547
2681,model_4b,0.1546,0.116663665
2682,model_4b,0.4367,0.45156968
2683,model_4b,0.0801,0.18144897
2684,model_4b,-0.0431,0.11698909
2685,model_4b,0.2057,0.23762003
2686,model_4b,0.0793,0.1210631
2687,model_4b,0.2068,0.2179333
2688,model_4b,0.4708,0.4493757
2689,model_4b,0.0485,0.042747766
2690,model_4b,0.183,0.19613092
2691,model_4b,0.0672,0.1212364
2692,model_4b,0.0733,0.09293057
2693,model_4b,0.1141,0.08269364
2694,model_4b,0.295,0.26705804
2695,model_4b,0.4157,0.39274892
2696,model_4b,0.0603,0.08132059
2697,model_4b,0.0512,0.109978475
2698,model_4b,0.5054,0.49032646
2699,model_4b,0.0788,0.09164488
2700,model_4b,-0.1578,-0.21328333
2701,model_4b,0.4295,0.42207128
2702,model_4b,0.0835,0.082257286
2703,model_4b,0.1894,0.18066269
2704,model_4b,0.2404,0.25794345
2705,model_4b,0.1741,0.20992522
2706,model_4b,0.3223,0.37055033
2707,model_4b,0.0523,0.3110262
2708,model_4b,0.3088,0.30686206
2709,model_4b,0.5778,0.581439
2710,model_4b,-0.0242,0.057420515
2711,model_4b,0.1516,0.10461979
2712,model_4b,0.3212,0.202155
2713,model_4b,0.081,0.076203845
2714,model_4b,0.0695,0.046014402
2715,model_4b,0.1831,0.19560213
2716,model_4b,0.5478,0.49631518
2717,model_4b,1.1613,1.1438386
2718,model_4b,-0.0134,0.0034212535
2719,model_4b,0.4061,0.30445567
2720,model_4b,0.2026,0.17782322
2721,model_4b,-0.059,-0.09118083
2722,model_4b,0.1121,0.1719652
2723,model_4b,0.2821,0.27001506
2724,model_4b,-0.1552,-0.057220086
2725,model_4b,0.8197,0.81012625
2726,model_4b,-0.0421,-0.042176507
2727,model_4b,0.4188,0.4066373
2728,model_4b,0.1104,0.11379234
2729,model_4b,0.1979,0.24094601
2730,model_4b,0.0696,0.10037354
2731,model_4b,-0.113,-0.11749016
2732,model_4b,0.4122,0.4133568
2733,model_4b,0.0738,0.16919817
2734,model_4b,-0.0634,-0.041200753
2735,model_4b,0.3446,0.30023563
2736,model_4b,0.365,0.27578336
2737,model_4b,0.6248,0.6114279
2738,model_4b,0.4825,0.47419173
2739,model_4b,0.7402,0.7750398
2740,model_4b,0.3751,0.42542344
2741,model_4b,0.7701,0.81152683
2742,model_4b,0.0874,0.10426642
2743,model_4b,0.198,0.082196854
2744,model_4b,-0.0457,-0.075356
2745,model_4b,0.3826,0.41706568
2746,model_4b,-0.0204,-0.07602571
2747,model_4b,0.2721,0.28253877
2748,model_4b,-0.1113,-0.12612744
2749,model_4b,0.1288,0.083703235
2750,model_4b,0.7548,0.7212151
2751,model_4b,0.2201,0.20441516
2752,model_4b,0.202,0.4659705
2753,model_4b,0.4803,0.508964
2754,model_4b,0.0207,0.02795665
2755,model_4b,0.255,0.27020103
2756,model_4b,-0.1476,-0.106217004
2757,model_4b,0.3636,0.32513517
2758,model_4b,-0.2053,-0.1837555
2759,model_4b,0.6387,0.6257968
2760,model_4b,0.0142,-0.019677013
2761,model_4b,0.2466,0.25382617
2762,model_4b,0.0913,0.045182955
2763,model_4b,0.0021,0.016534153
2764,model_4b,0.5609,0.5678659
2765,model_4b,-0.0314,-0.048286688
2766,model_4b,0.533,0.5343136
2767,model_4b,-0.0139,-0.037263416
2768,model_4b,0.3253,0.2863008
2769,model_4b,0.0541,0.034019943
2770,model_4b,-0.121,-0.20903388
2771,model_4b,0.0941,0.076072946
2772,model_4b,-0.0379,0.047362324
2773,model_4b,0.1564,0.17427832
2774,model_4b,0.0291,-0.007873737
2775,model_4b,0.0497,0.09235895
2776,model_4b,0.2115,0.19730516
2777,model_4b,0.1558,0.12544172
2778,model_4b,0.229,0.29138494
2779,model_4b,0.4195,0.36721247
2780,model_4b,0.1375,0.19141977
2781,model_4b,0.1183,0.15582295
2782,model_4b,0.2866,0.39397824
2783,model_4b,0.072,0.059613094
2784,model_4b,0.1293,0.11186801
2785,model_4b,0.2,0.27389315
2786,model_4b,0.9549,0.9376276
2787,model_4b,0.1836,0.16484465
2788,model_4b,-0.1808,-0.1950766
2789,model_4b,0.5419,0.50969577
2790,model_4b,0.7448,0.78504133
2791,model_4b,0.9199,0.921556
2792,model_4b,0.2716,0.22068161
2793,model_4b,0.129,0.19229738
2794,model_4b,0.2663,0.3047561
2795,model_4b,0.1831,0.24106885
2796,model_4b,0.1104,0.16409366
2797,model_4b,0.2008,0.20834137
2798,model_4b,0.1213,0.07193433
2799,model_4b,0.1551,0.2195671
2800,model_4b,0.1768,0.17013147
2801,model_4b,0.2214,0.2653728
2802,model_4b,0.0654,0.052314896
2803,model_4b,0.712,0.7010495
2804,model_4b,-0.0287,0.031900566
2805,model_4b,0.0894,0.092281014
2806,model_4b,0.4599,0.48446092
2807,model_4b,0.1651,0.18015642
2808,model_4b,-0.0718,-0.106558695
2809,model_4b,0.0238,0.029717907
2810,model_4b,0.1011,0.10241137
2811,model_4b,0.1144,0.093461335
2812,model_4b,0.572,0.5588655
2813,model_4b,0.4166,0.40561444
2814,model_4b,0.3491,0.30252615
2815,model_4b,0.0615,0.030105911
2816,model_4b,0.1096,0.12526326
2817,model_4b,0.2829,0.2731913
2818,model_4b,0.0008,0.06456126
2819,model_4b,0.1525,0.069434814
2820,model_4b,0.4546,0.45196968
2821,model_4b,0.1334,0.16532902
2822,model_4b,0.2839,0.31952614
2823,model_4b,0.1906,0.18384357
2824,model_4b,0.213,0.17066263
2825,model_4b,0.1827,0.16013965
2826,model_4b,0.0978,0.13952895
2827,model_4b,0.4653,0.44283593
2828,model_4b,0.2917,0.2919163
2829,model_4b,0.11,0.118526086
2830,model_4b,-0.0511,0.1383311
2831,model_4b,0.0439,0.16443323
2832,model_4b,0.5813,0.57610965
2833,model_4b,0.9559,0.9679411
2834,model_4b,0.5317,0.5159594
2835,model_4b,0.0793,0.05873452
2836,model_4b,0.2812,0.28860414
2837,model_4b,0.3936,0.30399245
2838,model_4b,0.2717,0.4933353
2839,model_4b,0.1414,0.080682635
2840,model_4b,-0.0268,0.0028287163
2841,model_4b,0.2783,0.34770983
2842,model_4b,0.0123,0.03530758
2843,model_4b,0.2159,0.03776911
2844,model_4b,0.3469,0.33880687
2845,model_4b,0.3581,0.32034442
2846,model_4b,0.2815,0.31328705
2847,model_4b,0.7182,0.7209999
2848,model_4b,0.2981,0.38864434
2849,model_4b,0.8081,0.7209361
2850,model_4b,0.2227,0.2388258
2851,model_4b,0.3392,0.3342133
2852,model_4b,0.4283,0.39561445
2853,model_4b,0.1231,0.11855246
2854,model_4b,-0.1411,-0.089649074
2855,model_4b,0.0618,0.06179806
2856,model_4b,-0.0746,-0.11138794
2857,model_4b,0.2387,0.27955133
2858,model_4b,0.1575,0.15356906
2859,model_4b,-0.0002,0.020496573
2860,model_4b,-0.1061,-0.10565281
2861,model_4b,0.0181,0.042393036
2862,model_4b,0.0531,0.042901896
2863,model_4b,0.0097,0.052563183
2864,model_4b,0.3695,0.39722556
2865,model_4b,0.133,0.15678838
2866,model_4b,0.1619,0.1596678
2867,model_4b,0.0965,0.08383744
2868,model_4b,0.1873,0.16008087
2869,model_4b,0.0996,0.057846084
2870,model_4b,0.2355,0.25196117
2871,model_4b,0.6972,0.6918178
2872,model_4b,0.6764,0.65143245
2873,model_4b,0.162,0.15814832
2874,model_4b,0.2932,0.30605966
2875,model_4b,0.708,0.74630064
2876,model_4b,0.0376,0.043348648
2877,model_4b,0.5975,0.5843658
2878,model_4b,0.2726,0.27102712
2879,model_4b,0.343,0.34926137
2880,model_4b,-0.0864,-0.15053554
2881,model_4b,0.1737,0.10561375
2882,model_4b,0.0168,0.08833385
2883,model_4b,0.7592,0.76985794
2884,model_4b,0.069,0.061521254
2885,model_4b,-0.0097,0.006029078
2886,model_4b,0.1976,0.25324386
2887,model_4b,0.0327,0.025329314
2888,model_4b,0.2297,0.27270022
2889,model_4b,-0.11,-0.14878789
2890,model_4b,0.3816,0.28544444
2891,model_4b,-0.0654,0.021250777
2892,model_4b,0.1343,0.12074964
2893,model_4b,0.2299,0.24232008
2894,model_4b,0.0747,0.062037244
2895,model_4b,0.2501,0.23390624
2896,model_4b,0.3993,0.40080503
2897,model_4b,0.5603,0.53381044
2898,model_4b,0.0661,-0.027247723
2899,model_4b,-0.0478,0.026645944
2900,model_4b,-0.0151,0.01503447
2901,model_4b,-0.0039,0.0638621
2902,model_4b,0.0683,0.063084
2903,model_4b,0.317,0.2900691
2904,model_4b,-0.0525,0.013394524
2905,model_4b,0.0731,0.11633064
2906,model_4b,0.1575,0.22445865
2907,model_4b,0.1224,0.14589907
2908,model_4b,0.6519,0.6954959
2909,model_4b,0.2109,0.20443909
2910,model_4b,0.2305,0.16628702
2911,model_4b,0.4973,0.50353295
2912,model_4b,0.0522,0.005267105
2913,model_4b,0.1025,0.15925537
2914,model_4b,0.494,0.45599872
2915,model_4b,0.3771,0.38177198
2916,model_4b,0.0532,0.019262616
2917,model_4b,-0.0039,0.03499413
2918,model_4b,-0.0468,-0.07680592
2919,model_4b,0.3474,0.3654998
2920,model_4b,0.3348,0.3314251
2921,model_4b,0.096,0.1250711
2922,model_4b,0.2047,0.17783682
2923,model_4b,0.1487,0.104147814
2924,model_4b,0.3968,0.35164702
2925,model_4b,0.1393,0.12477015
2926,model_4b,0.0373,0.025171086
2927,model_4b,0.0595,0.059012674
2928,model_4b,0.1507,0.21295927
2929,model_4b,0.3371,0.34819806
2930,model_4b,0.0646,0.121863246
2931,model_4b,0.2739,0.37153083
2932,model_4b,0.1617,0.12692983
2933,model_4b,0.0773,0.12279828
2934,model_4b,0.5016,0.5509179
2935,model_4b,0.7514,0.7959986
2936,model_4b,0.3941,0.47621927
2937,model_4b,0.0639,0.022323038
2938,model_4b,0.1032,0.13141997
2939,model_4b,0.034,0.015177137
2940,model_4b,0.4648,0.4799443
2941,model_4b,0.1292,0.14622308
2942,model_4b,0.0748,-0.028289873
2943,model_4b,0.5571,0.545626
2944,model_4b,0.3841,0.34095427
2945,model_4b,0.7342,0.785197
2946,model_4b,0.2777,0.31541318
2947,model_4b,0.1518,0.15829633
2948,model_4b,0.2754,0.223612
2949,model_4b,0.351,0.30816844
2950,model_4b,0.1627,0.15093952
2951,model_4b,0.0476,0.083371654
2952,model_4b,0.1803,0.189363
2953,model_4b,0.001,-0.12520765
2954,model_4b,0.2471,0.15359452
2955,model_4b,-0.0259,0.032971896
2956,model_4b,0.3038,0.28822142
2957,model_4b,0.3526,0.3160437
2958,model_4b,0.4114,0.35710078
2959,model_4b,0.8326,0.8604445
2960,model_4b,0.5686,0.489779
2961,model_4b,0.3817,0.39567938
2962,model_4b,0.2909,0.3225832
2963,model_4b,-0.0004,0.029487208
2964,model_4b,0.4612,0.3404981
2965,model_4b,0.1945,0.18047047
2966,model_4b,-0.0064,0.04367733
2967,model_4b,-0.1578,0.14053144
2968,model_4b,0.1332,0.07983753
2969,model_4b,-0.2225,-0.22229593
2970,model_4b,0.1706,0.14444618
2971,model_4b,0.1249,0.14701164
2972,model_4b,0.3952,0.39165944
2973,model_4b,0.0501,0.04847654
2974,model_4b,-0.0417,0.035467926
2975,model_4b,0.2336,0.21788986
2976,model_4b,-0.0104,-0.013731079
2977,model_4b,0.0423,0.037062727
2978,model_4b,0.2468,0.2564156
2979,model_4b,0.7972,0.8032151
2980,model_4b,-0.0754,-0.108436525
2981,model_4b,0.1768,0.17597963
2982,model_4b,0.0331,-0.024290245
2983,model_4b,0.349,0.36009416
2984,model_4b,0.1351,0.22794513
2985,model_4b,-0.0318,-0.025821988
2986,model_4b,0.3173,0.28877044
2987,model_4b,0.6903,0.68777233
2988,model_4b,1.0198,1.0029159
2989,model_4b,0.6015,0.54799575
2990,model_4b,0.2088,0.29387856
2991,model_4b,0.1859,0.17422386
2992,model_4b,0.1461,0.11947961
2993,model_4b,0.3376,0.3027857
2994,model_4b,0.1203,0.16826047
2995,model_4b,0.3384,0.30404118
2996,model_4b,0.3399,0.12557247
2997,model_4b,0.1993,0.11969747
2998,model_4b,0.0457,0.029993191
2999,model_4b,-0.072,-0.06285554
3000,model_4b,0.3183,0.3190927
3001,model_4b,0.1977,0.21004544
3002,model_4b,0.3407,0.3611673
3003,model_4b,0.0959,0.12622865
3004,model_4b,0.1344,0.07496366
3005,model_4b,1.116,1.1071776
3006,model_4b,0.0012,0.028105102
3007,model_4b,-0.032,-0.04532039
3008,model_4b,0.0125,0.0014670361
3009,model_4b,0.0428,0.10830648
3010,model_4b,-0.0225,0.046110414
3011,model_4b,0.2641,0.33000058
3012,model_4b,0.0665,0.06511889
3013,model_4b,0.812,0.8569937
3014,model_4b,0.4073,0.41259056
3015,model_4b,0.3601,0.3291559
3016,model_4b,0.1684,0.1613213
3017,model_4b,0.0668,0.04267253
3018,model_4b,0.0622,0.087188706
3019,model_4b,0.1732,0.12632105
3020,model_4b,0.6512,0.61591804
3021,model_4b,0.0296,0.011663253
3022,model_4b,0.4594,0.44875404
3023,model_4b,-0.0529,-0.0703827
3024,model_4b,-0.1511,-0.029588789
3025,model_4b,0.1905,0.22873528
3026,model_4b,0.4529,0.47650754
3027,model_4b,0.065,0.072666496
3028,model_4b,0.0903,0.04852985
3029,model_4b,0.567,0.545906
3030,model_4b,0.1446,0.15128349
3031,model_4b,-0.1101,-0.119339205
3032,model_4b,0.2391,0.2445272
3033,model_4b,0.3111,0.32538536
3034,model_4b,0.3564,0.3125934
3035,model_4b,0.1524,0.1867698
3036,model_4b,0.3037,0.34556657
3037,model_4b,0.2039,0.31174305
3038,model_4b,0.1688,0.15146743
3039,model_4b,0.0667,0.18959594
3040,model_4b,0.065,0.029543571
3041,model_4b,0.4168,0.50300175
3042,model_4b,0.2504,0.22913639
3043,model_4b,0.3378,0.36850882
3044,model_4b,0.2383,0.26414722
3045,model_4b,0.4149,0.42269915
3046,model_4b,0.2233,0.30146715
3047,model_4b,0.1489,0.10465179
3048,model_4b,-0.1265,-0.104371145
3049,model_4b,0.1119,0.08324908
3050,model_4b,0.2301,0.22978328
3051,model_4b,0.4027,0.2792509
3052,model_4b,0.1859,0.18001305
3053,model_4b,0.1359,0.15086378
3054,model_4b,0.2019,0.14562824
3055,model_4b,0.473,0.45613354
3056,model_4b,0.373,0.4010488
3057,model_4b,0.7679,0.8258353
3058,model_4b,0.7296,0.73147875
3059,model_4b,0.525,0.54147345
3060,model_4b,0.0748,0.07333093
3061,model_4b,0.1301,0.052257363
3062,model_4b,0.1936,0.19696732
3063,model_4b,0.1093,0.09503366
3064,model_4b,0.1363,0.029511318
3065,model_4b,0.7056,0.694555
3066,model_4b,0.1997,0.317491
3067,model_4b,-0.0066,0.0045922445
3068,model_4b,0.2679,0.23732571
3069,model_4b,0.109,0.1189744
3070,model_4b,0.2212,0.18421577
3071,model_4b,0.8021,0.8218892
3072,model_4b,0.3986,0.27112746
3073,model_4b,0.2138,0.16898955
3074,model_4b,0.6021,0.56427485
3075,model_4b,0.0557,0.078476146
3076,model_4b,0.643,0.63657856
3077,model_4b,0.1144,0.07256398
3078,model_4b,0.5098,0.5719798
3079,model_4b,0.0597,0.04213025
3080,model_4b,0.4467,0.4205978
3081,model_4b,0.3538,0.40875062
3082,model_4b,0.253,0.27170938
3083,model_4b,0.4904,0.59392637
3084,model_4b,0.1567,0.1095034
3085,model_4b,0.536,0.5529028
3086,model_4b,0.3107,0.26673657
3087,model_4b,0.3635,0.35295212
3088,model_4b,0.1915,0.46409312
3089,model_4b,0.2688,0.24164687
3090,model_4b,0.4026,0.26924157
3091,model_4b,-0.1449,-0.15409417
3092,model_4b,0.2329,0.2351433
3093,model_4b,0.2307,0.2867335
3094,model_4b,0.1961,0.19599147
3095,model_4b,0.4937,0.51342416
3096,model_4b,0.5188,0.6484856
3097,model_4b,0.1087,0.08640623
3098,model_4b,0.2592,0.27513605
3099,model_4b,-1e-04,0.037469186
3100,model_4b,0.5164,0.5273376
3101,model_4b,0.2575,0.30394152
3102,model_4b,0.7767,0.76906765
3103,model_4b,0.2654,0.28348213
3104,model_4b,0.8086,0.8065159
3105,model_4b,0.2012,0.20519723
3106,model_4b,0.4143,0.41967416
3107,model_4b,0.4287,0.44103518
3108,model_4b,0.3068,0.3239842
3109,model_4b,0.1004,0.008722461
3110,model_4b,0.0432,0.07645784
3111,model_4b,0.0026,0.034302138
3112,model_4b,0.4618,0.48815042
3113,model_4b,-0.0379,-0.047299974
3114,model_4b,0.16,0.21073627
3115,model_4b,0.1129,0.09204066
3116,model_4b,0.0983,0.08837717
3117,model_4b,0.2667,0.26162928
3118,model_4b,0.3638,0.313547
3119,model_4b,0.188,0.24203785
3120,model_4b,0.0731,0.07187849
3121,model_4b,0.237,0.3006801
3122,model_4b,0.8496,0.81243926
3123,model_4b,0.1039,0.11782527
3124,model_4b,0.077,0.083166584
3125,model_4b,0.1919,0.16926174
3126,model_4b,0.1334,0.13143565
3127,model_4b,0.5913,0.58142644
3128,model_4b,0.2739,0.35367855
3129,model_4b,-0.0012,0.036490362
3130,model_4b,0.3474,0.35350984
3131,model_4b,0.1156,0.12507735
3132,model_4b,0.181,0.21358147
3133,model_4b,0.3708,0.24446402
3134,model_4b,0.5903,0.6401718
3135,model_4b,0.1406,0.17481603
3136,model_4b,0.052,0.07533471
3137,model_4b,0.4092,0.37153828
3138,model_4b,0.7462,0.8124125
3139,model_4b,0.1965,0.25874716
3140,model_4b,0.134,0.13684584
3141,model_4b,-0.0432,-0.05152162
3142,model_4b,0.7668,0.75044805
3143,model_4b,0.1089,0.093386136
3144,model_4b,0.0966,0.082335815
3145,model_4b,-0.0281,-0.026915815
3146,model_4b,0.2637,0.23502292
3147,model_4b,0.2676,0.21363027
3148,model_4b,0.0641,0.043040775
3149,model_4b,0.3679,0.38887045
3150,model_4b,0.1104,0.17467742
3151,model_4b,0.3658,0.35062474
3152,model_4b,-0.0219,0.0017232997
3153,model_4b,0.3275,0.32996994
3154,model_4b,0.1682,0.21477051
3155,model_4b,0.6757,0.6939257
3156,model_4b,0.132,0.1719466
3157,model_4b,0.094,0.086361706
3158,model_4b,0.2696,0.26977268
3159,model_4b,0.8463,0.89238614
3160,model_4b,0.7415,0.75090843
3161,model_4b,0.4011,0.30185646
3162,model_4b,-0.0832,-0.07674755
3163,model_4b,0.5934,0.64233404
3164,model_4b,0.2312,0.17170511
3165,model_4b,0.3181,0.31583154
3166,model_4b,0.2114,0.2456945
3167,model_4b,0.2494,0.27898207
3168,model_4b,0.4243,0.49349338
3169,model_4b,0.1994,0.17502138
3170,model_4b,0.0444,0.07148875
3171,model_4b,-0.0306,0.04088624
3172,model_4b,0.1191,0.085665226
3173,model_4b,-0.0247,-0.101935446
3174,model_4b,0.1284,0.103008166
3175,model_4b,0.0439,0.040546395
3176,model_4b,0.6146,0.6324037
3177,model_4b,-0.1272,-0.07389705
3178,model_4b,0.011,-0.0021945788
3179,model_4b,0.1329,0.12122856
3180,model_4b,0.3416,0.18647622
3181,model_4b,0.0102,0.09094959
3182,model_4b,0.2188,0.39006034
3183,model_4b,0.3535,0.33026293
3184,model_4b,0.0208,0.0087496
3185,model_4b,-0.0226,0.0904742
3186,model_4b,0.4674,0.41985387
3187,model_4b,0.4476,0.45530078
3188,model_4b,0.0496,0.06454003
3189,model_4b,0.0699,0.06482863
3190,model_4b,0.5009,0.50020266
3191,model_4b,0.383,0.35702968
3192,model_4b,0.1534,0.026664745
3193,model_4b,0.0933,0.096623786
3194,model_4b,0.0568,0.08260712
3195,model_4b,0.0991,0.10024999
3196,model_4b,0.0701,0.06580564
3197,model_4b,0.1787,0.246464
3198,model_4b,0.3846,0.26806274
3199,model_4b,-0.1014,-0.15944777
3200,model_4b,0.5025,0.43339252
3201,model_4b,0.1353,0.15101257
3202,model_4b,0.4225,0.50216943
3203,model_4b,0.096,0.13860694
3204,model_4b,0.1939,0.1900364
3205,model_4b,-0.1599,-0.15421383
3206,model_4b,0.1196,0.12884782
3207,model_4b,-0.0186,-0.10665534
3208,model_4b,0.3634,0.4072891
3209,model_4b,0.2477,0.23202722
3210,model_4b,0.0576,0.09026684
3211,model_4b,0.0585,0.0040913085
3212,model_4b,0.2514,0.18459685
3213,model_4b,0.18,0.1977618
3214,model_4b,0.2688,0.26432824
3215,model_4b,0.3999,0.19598894
3216,model_4b,0.3508,0.28400487
3217,model_4b,0.2449,0.2434889
3218,model_4b,0.9078,0.9019585
3219,model_4b,0.3642,0.37498832
3220,model_4b,0.2055,0.1410985
3221,model_4b,0.2434,0.24637963
3222,model_4b,0.0596,0.10598511
3223,model_4b,0.142,0.12779419
3224,model_4b,0.2461,0.24962048
3225,model_4b,0.2262,0.19615038
3226,model_4b,0.2009,0.19917177
3227,model_4b,0.1282,0.13264677
3228,model_4b,0.0832,0.13621588
3229,model_4b,0.1574,0.17521138
3230,model_4b,0.602,0.59556687
3231,model_4b,0.1021,0.10349769
3232,model_4b,0.1541,0.18892752
3233,model_4b,-0.0436,0.014617817
3234,model_4b,0.0549,0.06880234
3235,model_4b,0.4987,0.46217087
3236,model_4b,0.4339,0.46750617
3237,model_4b,0.3403,0.34839106
3238,model_4b,0.1667,0.1862034
3239,model_4b,0.2684,0.22169448
3240,model_4b,0.1164,0.1512358
3241,model_4b,0.8516,0.80418783
3242,model_4b,0.0576,0.07240796
3243,model_4b,0.1006,0.09753874
3244,model_4b,0.16,0.20580097
3245,model_4b,0.1729,0.23933397
3246,model_4b,0.1221,0.09191947
3247,model_4b,-0.0683,-0.0728856
3248,model_4b,0.0299,0.06457555
3249,model_4b,0.072,0.08052941
3250,model_4b,0.327,0.31832242
3251,model_4b,-0.0099,-0.014868441
3252,model_4b,0.5201,0.43162388
3253,model_4b,0.0754,0.08079404
3254,model_4b,0.1612,0.16535877
3255,model_4b,0.2095,0.27375227
3256,model_4b,0.1619,0.13653842
3257,model_4b,0.1429,0.15919578
3258,model_4b,0.7818,0.807681
3259,model_4b,0.2033,0.25175962
3260,model_4b,0.5158,0.4446342
3261,model_4b,0.442,0.3838843
3262,model_4b,0.2076,0.18946011
3263,model_4b,0.2299,0.091936335
3264,model_4b,-0.1343,-0.10296707
3265,model_4b,0.3973,0.3595221
3266,model_4b,0.3604,0.38506815
3267,model_4b,0.4247,0.4462064
3268,model_4b,0.2449,0.33835188
3269,model_4b,0.2551,0.38397497
3270,model_4b,0.4912,0.33809373
3271,model_4b,0.079,0.1232395
3272,model_4b,-0.0562,-0.04027231
3273,model_4b,0.1278,0.13717704
3274,model_4b,0.0876,0.14259729
3275,model_4b,0.0201,0.06316735
3276,model_4b,0.1311,0.11243431
3277,model_4b,0.1661,0.15651819
3278,model_4b,0.0573,0.08791991
3279,model_4b,-0.0154,-0.0169922
3280,model_4b,-0.1227,-0.08525675
3281,model_4b,0.1431,0.10044056
3282,model_4b,0.1698,0.20837274
3283,model_4b,0.28,0.3212561
3284,model_4b,0.0619,0.02798976
3285,model_4b,0.0299,0.016807903
3286,model_4b,-0.118,-0.11954163
3287,model_4b,-0.1557,-0.13152443
3288,model_4b,0.558,0.64312214
3289,model_4b,0.5502,0.5544666
3290,model_4b,0.2097,0.21502872
3291,model_4b,0.0531,0.0039056009
3292,model_4b,-0.138,-0.10387514
3293,model_4b,0.1359,0.10518135
3294,model_4b,0.1406,0.15293808
3295,model_4b,0.0288,0.0020218687
3296,model_4b,0.1586,0.003267494
3297,model_4b,-0.0963,-0.087967575
3298,model_4b,0.2686,0.25412992
3299,model_4b,0.7435,0.70522636
3300,model_4b,-0.0387,0.044319488
3301,model_4b,0.1107,0.10233972
3302,model_4b,0.8116,0.77112025
3303,model_4b,0.2259,0.08200708
3304,model_4b,0.8793,0.8928811
3305,model_4b,0.0675,0.02795133
3306,model_4b,0.091,0.006905918
3307,model_4b,0.1391,0.11318492
3308,model_4b,0.1889,0.16883038
3309,model_4b,0.0667,0.032107398
3310,model_4b,0.1976,0.27991906
3311,model_4b,0.0444,0.097289234
3312,model_4b,0.1462,0.17884345
3313,model_4b,0.2989,0.2573341
3314,model_4b,0.016,0.05453737
3315,model_4b,0.152,0.14114301
3316,model_4b,0.0268,0.002374732
3317,model_4b,0.2714,0.10319125
3318,model_4b,0.1718,0.18553601
3319,model_4b,0.0326,0.04409004
3320,model_4b,0.1275,0.15762113
3321,model_4b,0.2503,0.2740221
3322,model_4b,0.0235,0.038227096
3323,model_4b,0.2183,0.2315516
3324,model_4b,0.4182,0.40302074
3325,model_4b,0.1785,0.17401572
3326,model_4b,0.1968,0.19590873
3327,model_4b,-0.0389,-0.05824232
3328,model_4b,-0.0369,-0.0004272638
3329,model_4b,0.1474,0.128808
3330,model_4b,0.0826,0.06703254
3331,model_4b,0.2632,0.18718888
3332,model_4b,0.6335,0.63649845
3333,model_4b,0.4473,0.4193008
3334,model_4b,0.0067,0.21219376
3335,model_4b,0.3347,0.27290958
3336,model_4b,0.1941,0.22044834
3337,model_4b,0.2748,0.2315236
3338,model_4b,0.2408,0.27776617
3339,model_4b,0.1541,0.13996947
3340,model_4b,0.9762,0.9809122
3341,model_4b,0.2449,0.20079438
3342,model_4b,0.3096,0.24304707
3343,model_4b,0.4709,0.531293
3344,model_4b,0.0738,0.0819331
3345,model_4b,0.3729,0.35768473
3346,model_4b,0.2929,0.2661011
3347,model_4b,0.2724,0.27365935
3348,model_4b,0.5796,0.58058983
3349,model_4b,-0.0205,-0.021598052
3350,model_4b,0.0404,0.15463465
3351,model_4b,0.2824,0.28814912
3352,model_4b,-0.0174,-0.023927037
3353,model_4b,0.6115,0.63506097
3354,model_4b,0.4432,0.3916951
3355,model_4b,0.095,0.08449375
3356,model_4b,-0.0051,0.01582291
3357,model_4b,-0.0358,-0.007891606
3358,model_4b,0.8023,0.8460089
3359,model_4b,0.4203,0.39761811
3360,model_4b,0.2752,0.24816723
3361,model_4b,0.3164,0.26263493
3362,model_4b,0.3154,0.34163815
3363,model_4b,0.4061,0.37973762
3364,model_4b,0.0607,0.041393276
3365,model_4b,0.1046,0.08190152
3366,model_4b,-0.0606,-0.09285498
3367,model_4b,0.3355,0.34414735
3368,model_4b,0.2311,0.24815099
3369,model_4b,0.2858,0.27693337
3370,model_4b,0.1502,0.1361297
3371,model_4b,0.0859,0.06686794
3372,model_4b,0.0155,-0.040386945
3373,model_4b,0.2385,0.2721465
3374,model_4b,0.099,0.08957574
3375,model_4b,-0.2022,-0.09670693
3376,model_4b,0.1593,0.20755921
3377,model_4b,-0.022,0.0038284017
3378,model_4b,0.0459,0.01580175
3379,model_4b,0.209,0.19925542
3380,model_4b,0.1435,0.0990265
3381,model_4b,0.0837,0.15359081
3382,model_4b,-0.051,-0.07567605
3383,model_4b,0.1602,0.20922847
3384,model_4b,0.773,0.70150274
3385,model_4b,0.2552,0.17539339
3386,model_4b,0.0781,0.08359371
3387,model_4b,0.2485,0.26917452
3388,model_4b,0.3259,0.29301867
3389,model_4b,0.2573,0.25766945
3390,model_4b,0.0783,0.089389905
3391,model_4b,0.0179,0.074710764
3392,model_4b,0.3722,0.31784293
3393,model_4b,-0.0088,0.008232611
3394,model_4b,0.5566,0.5040831
3395,model_4b,0.1077,0.10180983
3396,model_4b,-0.0944,-0.14266078
3397,model_4b,0.3302,0.33793584
3398,model_4b,0.2083,0.2667722
3399,model_4b,0.105,0.09287892
3400,model_4b,-0.0116,-0.010958706
3401,model_4b,0.2101,0.26299933
3402,model_4b,-0.1705,-0.179597
3403,model_4b,0.1465,0.12516774
3404,model_4b,0.011,0.0040235324
3405,model_4b,0.5119,0.526511
3406,model_4b,0.1776,0.21483064
3407,model_4b,0.0397,0.050205156
3408,model_4b,0.3828,0.34267122
3409,model_4b,0.3046,0.32877964
3410,model_4b,-0.066,0.004948863
3411,model_4b,0.0972,0.088191435
3412,model_4b,0.5548,0.4719612
3413,model_4b,0.5673,0.6177761
3414,model_4b,0.097,0.09269045
3415,model_4b,0.303,0.29997247
3416,model_4b,0.3407,0.32334876
3417,model_4b,0.5083,0.51131827
3418,model_4b,0.3753,0.36841097
3419,model_4b,0.0729,0.050637204
3420,model_4b,0.5045,0.48744357
3421,model_4b,0.244,0.25607646
3422,model_4b,0.1226,0.12105918
3423,model_4b,0.0804,0.08212124
3424,model_4b,0.7252,0.7984646
3425,model_4b,0.2695,0.27818686
3426,model_4b,0.2169,0.13061006
3427,model_4b,0.2102,0.20893337
3428,model_4b,0.974,0.9755607
3429,model_4b,0.0688,0.038159333
3430,model_4b,0.1366,0.13545735
3431,model_4b,0.1717,0.19004643
3432,model_4b,0.0191,0.027695365
3433,model_4b,0.538,0.6092343
3434,model_4b,0.4075,0.44219273
3435,model_4b,0.1275,0.08996473
3436,model_4b,0.0501,0.027359292
3437,model_4b,0.2563,0.18101273
3438,model_4b,0.9826,0.9575951
3439,model_4b,0.0246,0.037695557
3440,model_4b,-0.0682,-0.030882854
3441,model_4b,-0.0277,-0.03576895
3442,model_4b,0.0376,0.1394376
3443,model_4b,0.1666,0.16269872
3444,model_4b,0.1399,0.12882973
3445,model_4b,1.0274,0.9266413
3446,model_4b,0.1428,0.0925183
3447,model_4b,0.0236,0.050382115
3448,model_4b,0.064,0.07974146
3449,model_4b,0.4233,0.40623707
3450,model_4b,0.6393,0.6421132
3451,model_4b,0.3216,0.27711666
3452,model_4b,-0.0694,-0.069821216
3453,model_4b,0.0635,0.06781937
3454,model_4b,0.2211,0.11321009
3455,model_4b,0.2503,0.26931173
3456,model_4b,0.3391,0.330394
3457,model_4b,0.0717,0.08279392
3458,model_4b,0.5521,0.52474946
3459,model_4b,0.0696,0.06887129
3460,model_4b,-0.0872,-0.13688415
3461,model_4b,0.0945,0.12221643
3462,model_4b,0.2557,0.24196328
3463,model_4b,0.2183,0.2558794
3464,model_4b,0.3217,0.34670675
3465,model_4b,0.4158,0.39824063
3466,model_4b,0.2957,0.287956
3467,model_4b,0.2495,0.23037873
3468,model_4b,0.2327,0.2499264
3469,model_4b,0.6501,0.66550237
3470,model_4b,0.1581,0.042494193
3471,model_4b,-0.0835,-0.039348707
3472,model_4b,0.0654,0.062303334
3473,model_4b,0.197,0.16861433
3474,model_4b,0.3412,0.33782953
3475,model_4b,0.1847,0.16511367
3476,model_4b,0.3729,0.352242
3477,model_4b,0.0323,0.027033959
3478,model_4b,0.0401,0.019683413
3479,model_4b,0.1231,0.060022637
3480,model_4b,0.1799,0.123469695
3481,model_4b,0.0995,0.097653225
3482,model_4b,0.2019,0.1529717
3483,model_4b,0.1524,0.15342249
3484,model_4b,0.431,0.45794514
3485,model_4b,0.1017,0.14266787
3486,model_4b,0.7398,0.7504463
3487,model_4b,0.1535,0.15069647
3488,model_4b,0.0207,-0.016089428
3489,model_4b,0.4505,0.4492329
3490,model_4b,0.3056,0.25704867
3491,model_4b,-0.0474,-0.06973125
3492,model_4b,0.1515,0.16398285
3493,model_4b,0.0776,0.0746213
3494,model_4b,0.1822,0.20437159
3495,model_4b,0.0526,0.030579008
3496,model_4b,0.1324,0.013665301
3497,model_4b,0.4235,0.42985284
3498,model_4b,0.0804,0.10894506
3499,model_4b,0.4589,0.4375243
3500,model_4b,0.0891,0.07952047
3501,model_4b,0.5389,0.5860949
3502,model_4b,0.1798,0.18131892
3503,model_4b,0.4174,0.35241345
3504,model_4b,0.2342,0.255709
3505,model_4b,0.1806,0.17505656
3506,model_4b,0.276,0.267475
3507,model_4b,0.1507,0.20202874
3508,model_4b,0.166,0.07835579
3509,model_4b,0.3293,0.34566978
3510,model_4b,0.3523,0.38093737
3511,model_4b,0.2044,0.17548098
3512,model_4b,0.3894,0.3773124
3513,model_4b,0.2867,0.20930094
3514,model_4b,0.1079,0.0759806
3515,model_4b,0.5068,0.45577392
3516,model_4b,0.751,0.741496
3517,model_4b,0.4098,0.4104734
3518,model_4b,0.3285,0.36365256
3519,model_4b,-0.0824,-0.059615023
3520,model_4b,0.3485,0.35850924
3521,model_4b,0.6974,0.7835414
3522,model_4b,0.1694,0.12076333
3523,model_4b,-0.3119,0.07181637
3524,model_4b,-0.0031,0.06310119
3525,model_4b,0.2454,0.21449356
3526,model_4b,0.7885,0.79099333
3527,model_4b,0.5902,0.60026306
3528,model_4b,0.5612,0.5079631
3529,model_4b,0.1329,0.015077443
3530,model_4b,0.3072,0.22966602
3531,model_4b,0.7062,0.6986194
3532,model_4b,0.3474,0.38739818
3533,model_4b,0.2665,0.23605253
3534,model_4b,0.4367,0.40142173
3535,model_4b,0.1662,0.16085082
3536,model_4b,0.0353,0.05378999
3537,model_4b,-0.1818,-0.13196349
3538,model_4b,0.3656,0.39353797
3539,model_4b,0.1932,0.12527679
3540,model_4b,0.058,0.049085267
3541,model_4b,0.09,-0.01697303
3542,model_4b,0.0503,0.061851084
3543,model_4b,0.4023,0.38104618
3544,model_4b,-0.0064,0.044681516
3545,model_4b,0.553,0.5645161
3546,model_4b,0.504,0.42205542
3547,model_4b,0.8109,0.8153529
3548,model_4b,0.1264,0.046979282
3549,model_4b,0.1614,0.18365657
3550,model_4b,0.4891,0.43200734
3551,model_4b,0.0395,0.089591466
3552,model_4b,-0.1119,-0.10289901
3553,model_4b,0.1622,0.1996537
3554,model_4b,0.5764,0.5604274
3555,model_4b,-0.0684,-0.055131912
3556,model_4b,0.1454,0.17355683
3557,model_4b,0.0799,-0.017769594
3558,model_4b,0.2497,0.26369742
3559,model_4b,0.1818,0.18455745
3560,model_4b,0.284,0.19703527
3561,model_4b,-0.1644,-0.2595525
3562,model_4b,0.1897,0.19334902
3563,model_4b,0.3775,0.36192864
3564,model_4b,0.1648,0.22511587
3565,model_4b,0.7259,0.73392266
3566,model_4b,0.1479,0.1569027
3567,model_4b,0.5309,0.46679914
3568,model_4b,0.1578,0.09396632
3569,model_4b,0.3226,0.31579107
3570,model_4b,0.268,0.23722722
3571,model_4b,0.1174,0.1228476
3572,model_4b,0.2919,0.23590429
3573,model_4b,0.0138,0.05462052
3574,model_4b,0.3971,0.3692891
3575,model_4b,0.2218,0.19706608
3576,model_4b,0.138,0.08411055
3577,model_4b,0.5182,0.51819044
3578,model_4b,0.2542,0.3069136
3579,model_4b,0.1709,0.18922977
3580,model_4b,0.6848,0.67607635
3581,model_4b,0.141,0.15259041
3582,model_4b,0.2384,0.14750774
3583,model_4b,0.2414,0.22298503
3584,model_4b,0.36,0.4345769
3585,model_4b,-0.0427,0.09321263
3586,model_4b,0.07,0.12272237
3587,model_4b,0.3388,0.35669655
3588,model_4b,0.1658,0.12626503
3589,model_4b,0.0475,0.09206745
3590,model_4b,0.5908,0.62407994
3591,model_4b,-0.1709,-0.11012563
3592,model_4b,0.1691,0.16287978
3593,model_4b,0.1656,0.1626757
3594,model_4b,0.1224,0.111879945
3595,model_4b,0.1994,0.22241376
3596,model_4b,0.1669,0.20414756
3597,model_4b,-0.0821,-0.07766685
3598,model_4b,0.6186,0.5681514
3599,model_4b,0.0179,0.017788276
3600,model_4b,0.1375,0.061464787
3601,model_4b,0.5903,0.54901034
3602,model_4b,0.3467,0.44206643
3603,model_4b,-0.0263,-0.012086582
3604,model_4b,0.4109,0.41665936
3605,model_4b,0.6916,0.68719023
3606,model_4b,0.416,0.42789507
3607,model_4b,0.3132,0.49638116
3608,model_4b,-0.0458,-0.0083279135
3609,model_4b,0.4565,0.3721915
3610,model_4b,0.0065,0.0029389644
3611,model_4b,0.0602,0.067679554
3612,model_4b,0.1123,0.113779865
3613,model_4b,0.4229,0.44152796
3614,model_4b,0.0637,0.11283522
3615,model_4b,0.4661,0.38428462
3616,model_4b,0.1544,0.13434292
3617,model_4b,0.2668,0.3237909
3618,model_4b,0.078,0.043489017
3619,model_4b,0.5381,0.505672
3620,model_4b,0.2018,0.20732598
3621,model_4b,0.419,0.24958058
3622,model_4b,0.7334,0.747407
3623,model_4b,0.2755,0.24792464
3624,model_4b,0.2632,0.28034276
3625,model_4b,0.1449,0.11008843
3626,model_4b,0.0531,0.1600181
3627,model_4b,0.3051,0.3821152
3628,model_4b,0.2991,0.36858517
3629,model_4b,-0.0328,-0.014679375
3630,model_4b,0.1456,0.17346264
3631,model_4b,0.9045,0.8994637
3632,model_4b,0.046,0.10029238
3633,model_4b,0.3297,0.36477476
3634,model_4b,0.0507,0.06826531
3635,model_4b,0.1903,0.28565025
3636,model_4b,0.305,0.31243852
3637,model_4b,0.2131,0.21354608
3638,model_4b,0.9545,0.90189594
3639,model_4b,0.2816,0.32685792
3640,model_4b,0.2306,0.24781214
3641,model_4b,0.3441,0.30696142
3642,model_4b,0.2367,0.07369043
3643,model_4b,0.2614,0.17394333
3644,model_4b,0.1789,0.1258122
3645,model_4b,0.2887,0.30347976
3646,model_4b,-0.0046,0.020173095
3647,model_4b,0.0095,0.030761573
3648,model_4b,0.4523,0.42207333
3649,model_4b,0.3158,0.21238287
3650,model_4b,0.0769,0.07518139
3651,model_4b,0.169,0.22406395
3652,model_4b,0.0997,0.11928882
3653,model_4b,0.0174,0.018102583
3654,model_4b,0.3583,0.39203346
3655,model_4b,0.0927,0.07690318
3656,model_4b,0.4224,0.3589458
3657,model_4b,0.0782,0.11008552
3658,model_4b,-0.0229,-0.01766903
3659,model_4b,0.0466,0.11054003
3660,model_4b,0.5079,0.5015611
3661,model_4b,0.1812,0.26951623
3662,model_4b,0.3764,0.3488629
3663,model_4b,0.3031,0.27932927
3664,model_4b,0.4124,0.45792842
3665,model_4b,0.0257,0.009158825
3666,model_4b,0.2553,0.2590495
3667,model_4b,0.7995,0.86757857
3668,model_4b,-0.0158,0.012221626
3669,model_4b,0.2759,0.22037943
3670,model_4b,0.0193,0.025568925
3671,model_4b,0.0859,0.032859705
3672,model_4b,0.0331,0.036494844
3673,model_4b,-0.0519,-0.057924062
3674,model_4b,0.8559,0.8682093
3675,model_4b,0.1119,0.17616875
3676,model_4b,0.2068,0.16464852
3677,model_4b,0.2854,0.18041886
3678,model_4b,0.3019,0.2953947
3679,model_4b,0.5524,0.5695676
3680,model_4b,0.0293,0.050392922
3681,model_4b,0.2448,0.31717038
3682,model_4b,0.2051,0.22386806
3683,model_4b,0.3151,0.28340796
3684,model_4b,-0.0376,-0.0052707056
3685,model_4b,0.3825,0.37588227
3686,model_4b,0.0664,0.38237268
3687,model_4b,0.4325,0.3512689
3688,model_4b,0.6083,0.6603034
3689,model_4b,0.1179,0.14141826
3690,model_4b,0.5172,0.51973796
3691,model_4b,0.2364,0.1813412
3692,model_4b,0.2215,0.25950998
3693,model_4b,0.4638,0.45710546
3694,model_4b,0.7501,0.77980155
3695,model_4b,-0.0333,0.0044361586
3696,model_4b,0.4086,0.36617565
3697,model_4b,0.4016,0.4113532
3698,model_4b,0.1283,0.17525144
3699,model_4b,0.3067,0.3153075
3700,model_4b,0.286,0.29794928
3701,model_4b,0.1674,0.11294901
3702,model_4b,0.1877,0.19240223
3703,model_4b,-0.1442,-0.10247828
3704,model_4b,0.3073,0.20372622
3705,model_4b,0.1844,0.14829956
3706,model_4b,0.2551,0.26558098
3707,model_4b,-0.0947,-0.14636281
3708,model_4b,0.1855,0.16683196
3709,model_4b,-0.0191,0.0022072373
3710,model_4b,0.4872,0.4489162
3711,model_4b,0.1302,0.14199589
3712,model_4b,0.0342,0.11184026
3713,model_4b,0.3516,0.24280895
3714,model_4b,0.2912,0.28912374
3715,model_4b,0.0398,0.08903545
3716,model_4b,0.0433,0.089465894
3717,model_4b,0.1345,0.11174282
3718,model_4b,0.2355,0.2154821
3719,model_4b,0.5646,0.52698666
3720,model_4b,0.3734,0.3066021
3721,model_4b,-0.1017,-0.057866424
3722,model_4b,0.1619,0.24504025
3723,model_4b,0.4155,0.44761005
3724,model_4b,-0.1369,-0.096574716
3725,model_4b,-0.1773,-0.11428259
3726,model_4b,0.256,0.2257638
3727,model_4b,0.2411,0.21736036
3728,model_4b,0.1399,0.19518901
3729,model_4b,0.3377,0.31952733
3730,model_4b,0.4026,0.42261675
3731,model_4b,0.1185,0.08141621
3732,model_4b,0.0412,0.026703574
3733,model_4b,0.4743,0.47600615
3734,model_4b,-0.0943,-0.17248325
3735,model_4b,0.5602,0.5297887
3736,model_4b,0.6414,0.58279425
3737,model_4b,0.025,0.00073023234
3738,model_4b,0.4345,0.4565624
3739,model_4b,0.2413,0.25065744
3740,model_4b,0.1842,0.13851409
3741,model_4b,0.1482,0.122565284
3742,model_4b,0.2116,0.228065
3743,model_4b,0.1809,0.25193682
3744,model_4b,0.0008,-0.035638686
3745,model_4b,0.2981,0.30016768
3746,model_4b,0.2653,0.31017417
3747,model_4b,0.2644,0.24440314
3748,model_4b,-0.1238,-0.15081686
3749,model_4b,0.5212,0.45892936
3750,model_4b,0.1893,0.1729499
3751,model_4b,0.1744,0.20952486
3752,model_4b,0.1177,0.17101666
3753,model_4b,0.0587,0.02123956
3754,model_4b,1.0595,1.0620986
3755,model_4b,0.6588,0.7013649
3756,model_4b,0.1134,0.10152471
3757,model_4b,0.1998,0.22593546
3758,model_4b,0.3285,0.3108393
3759,model_4b,0.1102,0.13604628
3760,model_4b,0.4175,0.4195767
3761,model_4b,0.251,0.20872779
3762,model_4b,0.0609,0.048113175
3763,model_4b,0.1804,0.16878071
3764,model_4b,0.106,0.10545077
3765,model_4b,0.1712,0.14956398
3766,model_4b,0.187,0.30582482
3767,model_4b,0.0654,0.04697696
3768,model_4b,0.3935,0.46857372
3769,model_4b,0.0958,0.09216133
3770,model_4b,0.0533,0.04578542
3771,model_4b,0.0653,0.06436364
3772,model_4b,0.3742,0.36561722
3773,model_4b,1.0304,1.0095769
3774,model_4b,0.1741,0.16008627
3775,model_4b,0.5572,0.55449516
3776,model_4b,0.2254,0.26417303
3777,model_4b,-0.0512,-0.072947636
3778,model_4b,-0.2296,-0.21020113
3779,model_4b,0.4832,0.35740972
3780,model_4b,-0.1329,-0.13637422
3781,model_4b,0.4785,0.5119508
3782,model_4b,0.3743,0.38067964
3783,model_4b,-0.0072,0.035795957
3784,model_4b,0.1332,0.14480425
3785,model_4b,0.3787,0.40158203
3786,model_4b,0.3253,0.3227019
3787,model_4b,0.2476,0.317878
3788,model_4b,-0.0354,-0.020896483
3789,model_4b,0.32,0.26292154
3790,model_4b,0.1484,0.12863876
3791,model_4b,-0.0343,-0.06650248
3792,model_4b,0.277,0.2028686
3793,model_4b,0.2425,0.27834442
3794,model_4b,-0.0985,-0.15550731
3795,model_4b,0.2451,0.2549063
3796,model_4b,0.134,0.24623586
3797,model_4b,0.074,0.10034503
3798,model_4b,0.0589,0.17160575
3799,model_4b,0.1314,0.13145395
3800,model_4b,0.0602,0.028427687
3801,model_4b,0.3729,0.3505012
3802,model_4b,0.253,0.2758317
3803,model_4b,0.219,0.17149018
3804,model_4b,0.0739,0.1024098
3805,model_4b,0.1459,0.21523066
3806,model_4b,0.1405,0.08018212
3807,model_4b,0.7486,0.7479016
3808,model_4b,0.1717,0.24245097
3809,model_4b,0.1838,0.15149562
3810,model_4b,0.2001,0.19912715
3811,model_4b,0.7292,0.7080784
3812,model_4b,0.3412,0.26530004
3813,model_4b,-0.0155,0.016143393
3814,model_4b,1.1252,1.1345553
3815,model_4b,0.0705,0.076734245
3816,model_4b,0.0418,0.074402936
3817,model_4b,-0.1063,-0.12597373
3818,model_4b,0.2312,0.21987471
3819,model_4b,0.7003,0.6529445
3820,model_4b,0.1056,0.077434145
3821,model_4b,0.3689,0.39734682
3822,model_4b,-0.1143,-0.084343046
3823,model_4b,0.1096,0.13264354
3824,model_4b,0.0644,0.06604119
3825,model_4b,0.6392,0.6257047
3826,model_4b,0.0918,0.09336092
3827,model_4b,0.0655,0.065263286
3828,model_4b,0.3044,0.32703167
3829,model_4b,0.3341,0.34732485
3830,model_4b,0.0544,0.0120121045
3831,model_4b,0.3984,0.29007065
3832,model_4b,0.0921,0.07193865
3833,model_4b,0.6543,0.65783554
3834,model_4b,0.4395,0.4801048
3835,model_4b,0.0618,-4.223548e-06
3836,model_4b,0.2641,0.3109356
3837,model_4b,0.1596,0.15552975
3838,model_4b,0.4902,0.42289174
3839,model_4b,0.4631,0.5088228
3840,model_4b,0.3601,0.35384512
3841,model_4b,0.0105,0.020530961
3842,model_4b,0.0005,-0.035392083
3843,model_4b,-0.1412,-0.16614959
3844,model_4b,0.1391,0.13657616
3845,model_4b,0.0419,0.05815628
3846,model_4b,0.1369,0.13182785
3847,model_4b,0.2581,0.32733357
3848,model_4b,0.1817,0.23222865
3849,model_4b,0.2312,0.18848847
3850,model_4b,0.2055,0.21713173
3851,model_4b,0.1994,0.23408641
3852,model_4b,0.5643,0.6529053
3853,model_4b,0.4813,0.42868543
3854,model_4b,0.0856,0.07177428
3855,model_4b,0.1119,0.13622664
3856,model_4b,-0.011,-0.050776806
3857,model_4b,0.6037,0.62623054
3858,model_4b,0.1687,0.14553668
3859,model_4b,0.2807,0.28978944
3860,model_4b,0.3666,0.39694095
3861,model_4b,0.3727,0.28600168
3862,model_4b,0.9155,0.8759669
3863,model_4b,0.3328,0.38063294
3864,model_4b,-0.0481,-0.066740006
3865,model_4b,0.0562,0.069082305
3866,model_4b,0.3227,0.29132736
3867,model_4b,0.3441,0.31471658
3868,model_4b,0.109,0.10857749
3869,model_4b,0.1845,0.18266602
3870,model_4b,0.8216,0.84648794
3871,model_4b,0.192,0.21126151
3872,model_4b,0.1581,0.15875886
3873,model_4b,0.0141,0.33086127
3874,model_4b,0.2245,0.23759238
3875,model_4b,0.1141,0.106524274
3876,model_4b,0.6332,0.6742871
3877,model_4b,0.3853,0.35933205
3878,model_4b,0.3859,0.37786722
3879,model_4b,0.0067,0.024459839
3880,model_4b,0.1439,0.1598334
3881,model_4b,0.1776,0.20197399
3882,model_4b,0.5041,0.5241216
3883,model_4b,0.0134,0.096050166
3884,model_4b,0.2035,0.21955462
3885,model_4b,0.2006,0.24808387
3886,model_4b,0.2101,0.15093133
3887,model_4b,0.2382,0.29102322
3888,model_4b,0.4777,0.52298766
3889,model_4b,0.612,0.5598937
3890,model_4b,0.2098,0.2247975
3891,model_4b,0.0809,0.107466355
3892,model_4b,0.0901,0.08750497
3893,model_4b,0.1981,0.19294018
3894,model_4b,0.174,0.16267519
3895,model_4b,0.3087,0.26663166
3896,model_4b,-0.0632,0.033574544
3897,model_4b,0.3858,0.38793927
3898,model_4b,0.0589,0.020233095
3899,model_4b,0.3656,0.33306238
3900,model_4b,0.2931,0.29237956
3901,model_4b,0.2546,0.21641491
3902,model_4b,0.1835,0.23411943
3903,model_4b,-0.0613,0.016260084
3904,model_4b,0.1331,0.11938585
3905,model_4b,0.3016,0.26319766
3906,model_4b,0.2408,0.21866208
3907,model_4b,0.275,0.23887058
3908,model_4b,0.616,0.6282548
3909,model_4b,0.6724,0.666382
3910,model_4b,0.1178,0.119711265
3911,model_4b,0.1716,0.30803603
3912,model_4b,0.6781,0.75240475
3913,model_4b,0.1301,0.16144857
3914,model_4b,0.4894,0.47610024
3915,model_4b,0.3506,0.31331104
3916,model_4b,0.3536,0.32421184
3917,model_4b,0.3403,0.3664036
3918,model_4b,0.5063,0.46994352
3919,model_4b,0.4601,0.4997822
3920,model_4b,0.0225,0.06378534
3921,model_4b,0.792,0.7729929
3922,model_4b,0.7097,0.7217883
3923,model_4b,0.3095,0.29328883
3924,model_4b,0.3484,0.2673869
3925,model_4b,0.2324,0.20277728
3926,model_4b,0.2337,0.13109136
3927,model_4b,0.1111,0.10463598
3928,model_4b,0.2707,0.3123915
3929,model_4b,0.1897,0.18530922
3930,model_4b,0.8078,0.8030279
3931,model_4b,0.086,0.081363596
3932,model_4b,0.5331,0.5651013
3933,model_4b,-0.0477,-0.03663268
3934,model_4b,0.215,0.20817022
3935,model_4b,0.0252,0.033543125
3936,model_4b,0.2596,0.23173529
3937,model_4b,-0.1229,0.087433696
3938,model_4b,0.2592,0.2560134
3939,model_4b,0.4042,0.40777326
3940,model_4b,0.498,0.45817703
3941,model_4b,0.2869,0.33153474
3942,model_4b,0.9065,0.89258504
3943,model_4b,0.0242,0.045082696
3944,model_4b,0.2392,0.10024312
3945,model_4b,0.2679,0.24786665
3946,model_4b,0.0129,-0.01605871
3947,model_4b,0.3067,0.27253485
3948,model_4b,0.3272,0.28774136
3949,model_4b,0.2139,0.17560063
3950,model_4b,0.2653,0.29395664
3951,model_4b,0.0787,0.06844723
3952,model_4b,0.4143,0.42220756
3953,model_4b,0.1181,0.09324229
3954,model_4b,-0.0286,0.013426387
3955,model_4b,-0.0295,-0.009603591
3956,model_4b,0.4011,0.4683773
3957,model_4b,0.3036,0.38417435
3958,model_4b,0.5759,0.5904165
3959,model_4b,0.0457,0.012254116
3960,model_4b,0.1588,0.17106946
3961,model_4b,0.4304,0.34987718
3962,model_4b,0.1268,0.23140706
3963,model_4b,0.3052,0.30000314
3964,model_4b,0.1262,0.12596507
3965,model_4b,0.0774,0.025223237
3966,model_4b,0.1436,0.083795756
3967,model_4b,0.0964,0.113684416
3968,model_4b,0.1654,0.194757
3969,model_4b,0.0685,0.13217813
3970,model_4b,-0.0696,-0.044702277
3971,model_4b,0.4064,0.46261495
3972,model_4b,0.1709,0.20532145
3973,model_4b,0.5629,0.48283714
3974,model_4b,0.0048,0.006064904
3975,model_4b,0.4967,0.49081647
3976,model_4b,0.1974,0.22208786
3977,model_4b,0.1781,0.17182066
3978,model_4b,0.2431,0.53341264
3979,model_4b,0.536,0.2792007
3980,model_4b,0.4795,0.44147387
3981,model_4b,0.3696,0.29861915
3982,model_4b,0.3802,0.4061178
3983,model_4b,-0.0416,-0.026425999
3984,model_4b,0.2533,0.10524478
3985,model_4b,0.0302,0.057495467
3986,model_4b,0.619,0.64893585
3987,model_4b,0.3451,0.34161866
3988,model_4b,0.3273,0.2384844
3989,model_4b,0.0885,0.04677481
3990,model_4b,0.2026,0.1832223
3991,model_4b,-0.1207,-0.12544316
3992,model_4b,0.1663,0.21380663
3993,model_4b,0.0246,0.08739504
3994,model_4b,0.5322,0.51970214
3995,model_4b,-0.026,-0.0155329015
3996,model_4b,0.249,0.3059686
3997,model_4b,0.2708,0.2506044
3998,model_4b,0.0096,-0.017894495
3999,model_4b,0.3603,0.34791222
4000,model_4b,0.0613,0.04573912
4001,model_4b,0.0927,0.09792586
4002,model_4b,0.0623,0.061777353
4003,model_4b,0.3399,0.40497476
4004,model_4b,0.2349,0.18319349
4005,model_4b,-0.1054,-0.06890054
4006,model_4b,0.1305,0.20670807
4007,model_4b,0.4299,0.40081874
4008,model_4b,0.1967,0.20183648
4009,model_4b,0.1221,0.13003482
4010,model_4b,-0.0196,-0.0092961425
4011,model_4b,0.3235,0.4790097
4012,model_4b,0.1107,0.0990082
4013,model_4b,-0.0428,0.054899007
4014,model_4b,0.2556,0.23191908
4015,model_4b,-0.0811,0.016090903
4016,model_4b,0.0188,0.069012046
4017,model_4b,0.1388,0.20312957
4018,model_4b,0.2929,0.31827646
4019,model_4b,-0.1993,-0.13004987
4020,model_4b,-0.0737,-0.07096393
4021,model_4b,0.2381,0.2503061
4022,model_4b,0.321,0.21175818
4023,model_4b,0.0623,0.056241885
4024,model_4b,0.0993,0.023579054
4025,model_4b,0.3033,0.32237607
4026,model_4b,0.3624,0.49522442
4027,model_4b,-0.1902,-0.1610831
4028,model_4b,0.1821,0.22374961
4029,model_4b,0.1224,0.11628975
4030,model_4b,0.6434,0.6456
4031,model_4b,0.0816,0.061544724
4032,model_4b,0.2563,0.3125565
4033,model_4b,-0.0809,-0.07355669
4034,model_4b,0.1272,0.041236334
4035,model_4b,0.761,0.7529324
4036,model_4b,0.9782,0.9584075
4037,model_4b,0.7346,0.73557824
4038,model_4b,-0.2718,-0.27772272
4039,model_4b,0.099,0.16594675
4040,model_4b,0.1593,0.12251483
4041,model_4b,0.8308,0.8298922
4042,model_4b,0.2463,0.26381373
4043,model_4b,-0.1469,-0.09202616
4044,model_4b,0.0716,0.051242698
4045,model_4b,0.2307,0.18947338
4046,model_4b,0.2786,0.19992076
4047,model_4b,0.1573,0.13027757
4048,model_4b,-0.1255,-0.2195056
4049,model_4b,0.083,0.06604488
4050,model_4b,0.6141,0.6227113
4051,model_4b,0.272,0.27831307
4052,model_4b,0.3738,0.42182016
4053,model_4b,0.0771,0.107218064
4054,model_4b,-0.1552,-0.13880472
4055,model_4b,0.0225,0.0022526225
4056,model_4b,0.1476,0.20814951
4057,model_4b,0.2274,0.27551323
4058,model_4b,0.2079,0.10015975
4059,model_4b,0.2457,0.24045372
4060,model_4b,0.2735,0.28409564
4061,model_4b,0.1978,0.14622496
4062,model_4b,0.08,0.08292748
4063,model_4b,-0.0209,-0.00032165553
4064,model_4b,0.2118,-0.024457619
4065,model_4b,0.3023,0.26104537
4066,model_4b,0.2539,0.23880586
4067,model_4b,0.0707,0.06495993
4068,model_4b,0.136,0.15746604
4069,model_4b,0.1599,0.1934887
4070,model_4b,0.6111,0.5580352
4071,model_4b,0.3944,0.51568717
4072,model_4b,0.0551,0.07223049
4073,model_4b,0.4049,0.3788289
4074,model_4b,0.2101,0.15272968
4075,model_4b,0.4686,0.41927767
4076,model_4b,-0.0418,0.03569956
4077,model_4b,0.0298,0.03954474
4078,model_4b,-0.0136,0.050551444
4079,model_4b,0.1846,0.14948338
4080,model_4b,0.0284,0.052037433
4081,model_4b,0.1338,0.1371937
4082,model_4b,0.1026,0.16120775
4083,model_4b,0.8321,0.8489594
4084,model_4b,0.2663,0.14764027
4085,model_4b,0.4497,0.43677598
4086,model_4b,0.4376,0.43643782
4087,model_4b,0.0306,0.019505586
4088,model_4b,0.0394,0.08322217
4089,model_4b,-0.203,-0.18423541
4090,model_4b,0.2541,0.24401791
4091,model_4b,0.1894,0.15495202
4092,model_4b,0.0872,0.08418109
4093,model_4b,0.4771,0.49535394
4094,model_4b,0.0681,0.06786343
4095,model_4b,-0.0103,-0.1339733
4096,model_4b,0.1096,0.12589863
4097,model_4b,0.2077,0.19981925
4098,model_4b,0.154,0.1477061
4099,model_4b,0.2812,0.26439828
4100,model_4b,0.5548,0.55916995
4101,model_4b,0.1924,0.21594161
4102,model_4b,-0.0031,-0.07655795
4103,model_4b,-0.0004,0.040241916
4104,model_4b,0.1871,0.2610336
4105,model_4b,0.1293,0.12229417
4106,model_4b,0.6502,0.6509344
4107,model_4b,0.9013,0.92503315
4108,model_4b,-0.0305,-0.048445776
4109,model_4b,0.319,0.29639417
4110,model_4b,-0.1308,-0.14310232
4111,model_4b,0.5404,0.61461115
4112,model_4b,-0.0398,-0.027662799
4113,model_4b,0.2239,0.21284333
4114,model_4b,0.2115,0.17492466
4115,model_4b,0.1766,0.13360034
4116,model_4b,0.1843,0.19153358
4117,model_4b,0.0917,0.0818734
4118,model_4b,0.1568,0.14565705
4119,model_4b,0.4647,0.36720055
4120,model_4b,0.4308,0.4497744
4121,model_4b,0.2275,0.28380585
4122,model_4b,0.4214,0.41774118
4123,model_4b,0.2582,0.36114007
4124,model_4b,0.1072,0.07927978
4125,model_4b,0.3005,0.2592873
4126,model_4b,0.1624,0.1355377
4127,model_4b,0.1631,0.13667165
4128,model_4b,0.1303,0.12188466
4129,model_4b,0.1131,0.19882518
4130,model_4b,0.3484,0.36705714
4131,model_4b,0.4595,0.42245185
4132,model_4b,0.2166,0.17997849
4133,model_4b,0.0623,0.07100679
4134,model_4b,0.065,0.06137482
4135,model_4b,0.1526,0.10334072
4136,model_4b,0.0158,0.009828935
4137,model_4b,0.0356,0.04370393
4138,model_4b,0.059,0.12007423
4139,model_4b,0.0938,0.10090711
4140,model_4b,0.9534,0.9196419
4141,model_4b,0.1901,0.32362878
4142,model_4b,0.5813,0.5099458
4143,model_4b,0.1318,0.11454613
4144,model_4b,-0.1775,-0.14950895
4145,model_4b,0.1606,0.17778666
4146,model_4b,0.0563,0.049052607
4147,model_4b,0.1307,0.17586319
4148,model_4b,0.2226,0.23724128
4149,model_4b,0.7866,0.7619379
4150,model_4b,0.2205,0.20745711
4151,model_4b,0.4451,0.43846965
4152,model_4b,0.156,0.15254277
4153,model_4b,-0.1083,-0.03867782
4154,model_4b,0.0564,0.16530344
4155,model_4b,0.4211,0.347753
4156,model_4b,0.146,0.11697842
4157,model_4b,-0.0181,-0.013252013
4158,model_4b,0.5689,0.55666417
4159,model_4b,0.2777,0.11477269
4160,model_4b,0.1707,0.18089494
4161,model_4b,0.1485,0.11803375
4162,model_4b,0.2455,0.21531008
4163,model_4b,-0.0107,0.025774278
4164,model_4b,-0.0609,-0.047178403
4165,model_4b,0.4845,0.4953575
4166,model_4b,-0.0678,-0.07533537
4167,model_4b,0.149,0.1282148
4168,model_4b,0.2615,0.33591178
4169,model_4b,0.4463,0.43197072
4170,model_4b,-0.1842,-0.16840075
4171,model_4b,-0.0281,-0.06391478
4172,model_4b,0.0583,0.079212286
4173,model_4b,0.9045,0.90996957
4174,model_4b,0.4643,0.42832893
4175,model_4b,0.3083,0.27160084
4176,model_4b,0.3324,0.3089855
4177,model_4b,0.72,0.63388306
4178,model_4b,0.6579,0.69130373
4179,model_4b,0.1855,0.15487058
4180,model_4b,0.2354,0.1956178
4181,model_4b,0.3258,0.27365258
4182,model_4b,0.0164,-0.0020296155
4183,model_4b,1.0375,0.9571187
4184,model_4b,0.316,0.3039292
4185,model_4b,-0.0123,0.021173608
4186,model_4b,0.15,0.129529
4187,model_4b,0.3945,0.37806225
4188,model_4b,0.0588,0.05579202
4189,model_4b,0.703,0.68982565
4190,model_4b,0.7689,0.7601513
4191,model_4b,0.0864,0.10342555
4192,model_4b,0.1213,0.16097383
4193,model_4b,0.0583,0.0043306025
4194,model_4b,0.1236,0.20541944
4195,model_4b,0.1675,0.31877106
4196,model_4b,0.1384,0.25659698
4197,model_4b,0.0729,0.08054478
4198,model_4b,0.3622,0.3641108
4199,model_4b,0.0907,0.15117134
4200,model_4b,0.8115,0.82315654
4201,model_4b,-0.094,0.059153616
4202,model_4b,0.2585,0.28001267
4203,model_4b,0.1499,0.14062442
4204,model_4b,0.1691,0.19730975
4205,model_4b,0.662,0.6737403
4206,model_4b,-0.0127,-0.00824812
4207,model_4b,0.6682,0.6783498
4208,model_4b,0.099,0.10140293
4209,model_4b,0.3809,0.37848535
4210,model_4b,0.5435,0.5303617
4211,model_4b,-0.0243,-0.061098866
4212,model_4b,-0.0053,0.0063168565
4213,model_4b,0.3056,0.2548656
4214,model_4b,0.0373,0.0357667
4215,model_4b,0.8759,0.89711577
4216,model_4b,0.2478,0.24918433
4217,model_4b,0.2162,0.20699349
4218,model_4b,0.0773,0.060742766
4219,model_4b,0.3395,0.3614516
4220,model_4b,0.9355,0.9249838
4221,model_4b,0.613,0.6814301
4222,model_4b,-0.1075,0.04848284
4223,model_4b,0.0822,0.25109154
4224,model_4b,0.0108,-0.011514331
4225,model_4b,0.259,0.2723583
4226,model_4b,0.5039,0.4542008
4227,model_4b,0.3222,0.39608932
4228,model_4b,0.0214,0.036414612
4229,model_4b,0.0952,0.0684239
4230,model_4b,0.081,0.11053956
4231,model_4b,-0.0042,0.059570223
4232,model_4b,0.4702,0.439651
4233,model_4b,0.554,0.5421561
4234,model_4b,-0.0034,0.030135602
4235,model_4b,-0.0684,-0.031825323
4236,model_4b,0.39,0.3961138
4237,model_4b,0.2728,0.23865461
4238,model_4b,0.0363,0.10210629
4239,model_4b,0.1011,0.12203726
4240,model_4b,0.7641,0.8454124
4241,model_4b,0.0253,0.009418919
4242,model_4b,0.9953,0.9958634
4243,model_4b,0.0248,0.013381633
4244,model_4b,0.8611,0.8793135
4245,model_4b,0.0561,0.07679078
4246,model_4b,-0.0583,-0.072774656
4247,model_4b,0.2976,0.25519198
4248,model_4b,0.4372,0.52122456
4249,model_4b,0.3029,0.2519019
4250,model_4b,-0.0356,0.03272921
4251,model_4b,0.1042,0.10292987
4252,model_4b,0.0965,0.08184636
4253,model_4b,0.4579,0.444742
4254,model_4b,0.2938,0.3099872
4255,model_4b,0.2888,0.29718384
4256,model_4b,0.171,0.21767835
4257,model_4b,0.119,0.09640744
4258,model_4b,0.0013,0.0099021355
4259,model_4b,0.2895,0.264826
4260,model_4b,0.1301,0.14523943
4261,model_4b,0.2691,0.25952104
4262,model_4b,-0.0018,0.09878954
4263,model_4b,-0.0533,0.06418736
4264,model_4b,-0.0197,-0.007347225
4265,model_4b,-0.1484,-0.17125174
4266,model_4b,0.1951,0.20918165
4267,model_4b,0.4055,0.4415639
4268,model_4b,0.1106,0.09196617
4269,model_4b,0.0583,0.10658921
4270,model_4b,0.3938,0.30423915
4271,model_4b,0.3675,0.32297578
4272,model_4b,0.226,0.1635283
4273,model_4b,0.1813,0.18370645
4274,model_4b,0.3399,0.30570328
4275,model_4b,0.5554,0.56952095
4276,model_4b,0.3334,0.33847547
4277,model_4b,0.188,0.18907906
4278,model_4b,0.4514,0.43475065
4279,model_4b,0.7766,0.7637391
4280,model_4b,0.014,0.090303525
4281,model_4b,0.5141,0.52884966
4282,model_4b,0.6249,0.6380778
4283,model_4b,-0.0204,0.09620489
4284,model_4b,-0.0292,0.015410873
4285,model_4b,-0.0013,0.011808633
4286,model_4b,0.521,0.4983645
4287,model_4b,0.0204,0.03204367
4288,model_4b,0.1793,0.24776076
4289,model_4b,0.1437,0.12575735
4290,model_4b,0.3305,0.26294824
4291,model_4b,0.2216,0.24612702
4292,model_4b,0.143,0.14685859
4293,model_4b,0.1599,0.17243119
4294,model_4b,0.4018,0.063441865
4295,model_4b,0.3214,0.30233306
4296,model_4b,-0.0285,0.066879004
4297,model_4b,0.4932,0.46029446
4298,model_4b,0.0513,0.022468626
4299,model_4b,0.2945,0.31012464
4300,model_4b,0.5139,0.5272903
4301,model_4b,0.0032,0.027605128
4302,model_4b,-0.0776,-0.039331634
4303,model_4b,0.7907,0.8078223
4304,model_4b,0.0768,0.072040245
4305,model_4b,0.3617,0.43273163
4306,model_4b,-0.0198,-0.025351368
4307,model_4b,0.6612,0.6426065
4308,model_4b,0.1361,0.09132196
4309,model_4b,0.5632,0.605668
4310,model_4b,0.9331,0.93900925
4311,model_4b,0.0125,-0.18458857
4312,model_4b,0.0072,-0.008053022
4313,model_4b,0.7001,0.83919364
4314,model_4b,0.034,0.02615777
4315,model_4b,0.4225,0.45797485
4316,model_4b,0.1126,0.17456342
4317,model_4b,0.0721,0.033444118
4318,model_4b,0.1665,0.16758133
4319,model_4b,0.078,0.08940706
4320,model_4b,0.06,0.056074746
4321,model_4b,0.1683,0.24508877
4322,model_4b,0.096,0.089155674
4323,model_4b,0.4518,0.46070722
4324,model_4b,0.0037,0.0057697343
4325,model_4b,0.2332,0.22332896
4326,model_4b,0.2451,0.21691902
4327,model_4b,0.1306,0.10766994
4328,model_4b,0.4912,0.42616826
4329,model_4b,0.438,0.45280492
4330,model_4b,0.3898,0.38407618
4331,model_4b,0.3649,0.35396317
4332,model_4b,0.3244,0.32413962
4333,model_4b,0.3028,0.28499386
4334,model_4b,-0.187,-0.15637057
4335,model_4b,0.1084,0.03009922
4336,model_4b,0.5668,0.56167054
4337,model_4b,-0.1221,-0.0716173
4338,model_4b,0.085,0.09995893
4339,model_4b,0.063,0.04294324
4340,model_4b,0.4078,0.29782158
4341,model_4b,0.2179,0.25813693
4342,model_4b,0.1821,0.18119122
4343,model_4b,0.933,0.91877025
4344,model_4b,0.5797,0.5413447
4345,model_4b,0.1825,0.16390498
4346,model_4b,0.8254,0.8175296
4347,model_4b,0.2645,0.34214407
4348,model_4b,-0.0714,-0.07457259
4349,model_4b,-0.0069,0.031323586
4350,model_4b,0.0945,0.37961912
4351,model_4b,0.3143,0.33422667
4352,model_4b,-0.1018,-0.102811635
4353,model_4b,0.6001,0.5923138
4354,model_4b,0.1164,0.17723994
4355,model_4b,0.095,0.11881377
4356,model_4b,-0.0098,0.017516032
4357,model_4b,0.8549,0.87274116
4358,model_4b,0.2036,0.20027368
4359,model_4b,0.2435,0.22841604
4360,model_4b,0.1837,0.18663521
4361,model_4b,0.0951,0.10927921
4362,model_4b,0.516,0.48196208
4363,model_4b,0.1125,0.1576684
4364,model_4b,0.1863,0.16996689
4365,model_4b,0.2154,0.17804523
4366,model_4b,0.1181,0.23963363
4367,model_4b,0.2475,0.26303685
4368,model_4b,0.067,0.119768485
4369,model_4b,0.852,0.8200924
4370,model_4b,0.0897,0.08448355
4371,model_4b,0.4416,0.45918176
4372,model_4b,0.5557,0.56343514
4373,model_4b,0.2298,0.22350653
4374,model_4b,-0.1654,-0.13345201
4375,model_4b,0.0125,0.07734355
4376,model_4b,0.0092,0.044373
4377,model_4b,-0.0897,-0.09076862
4378,model_4b,0.3822,0.3543058
4379,model_4b,0.5789,0.59889144
4380,model_4b,0.4113,0.44157714
4381,model_4b,-0.1034,-0.10197614
4382,model_4b,0.1985,0.2414246
4383,model_4b,0.8832,0.87542063
4384,model_4b,0.1488,0.19253635
4385,model_4b,0.2965,0.25953224
4386,model_4b,0.6032,0.6239452
4387,model_4b,-0.0282,-0.01722996
4388,model_4b,0.0569,0.059906878
4389,model_4b,0.093,0.100659594
4390,model_4b,-0.0459,-0.11758275
4391,model_4b,0.2319,0.15943696
4392,model_4b,0.2506,0.33893776
4393,model_4b,0.4566,0.41494328
4394,model_4b,0.1457,0.17728801
4395,model_4b,-0.0914,-0.02873592
4396,model_4b,0.2942,0.26223454
4397,model_4b,0.5262,0.48977432
4398,model_4b,0.0416,0.060397834
4399,model_4b,0.7257,0.68165714
4400,model_4b,0.6308,0.6560152
4401,model_4b,0.2491,0.26497155
4402,model_4b,-0.0274,0.042299263
4403,model_4b,0.2292,0.19055353
4404,model_4b,0.3416,0.2980399
4405,model_4b,0.3634,0.3368644
4406,model_4b,0.3837,0.38638723
4407,model_4b,0.1869,0.26852667
4408,model_4b,0.364,0.23260215
4409,model_4b,0.2319,0.23353545
4410,model_4b,0.626,0.6347447
4411,model_4b,0.0966,0.095356226
4412,model_4b,0.2582,0.19613542
4413,model_4b,0.1185,0.018273644
4414,model_4b,-0.0204,-0.024157373
4415,model_4b,0.4945,0.48679048
4416,model_4b,0.7915,0.7846665
4417,model_4b,0.1871,0.2179868
4418,model_4b,0.4433,0.3737106
4419,model_4b,0.5355,0.3977471
4420,model_4b,0.2359,0.12287922
4421,model_4b,-0.1723,-0.13270931
4422,model_4b,0.7331,0.76395255
4423,model_4b,0.017,0.105754
4424,model_4b,0.0468,0.045371972
4425,model_4b,0.1081,0.11202455
4426,model_4b,0.5169,0.55573773
4427,model_4b,0.1581,0.13647488
4428,model_4b,0.2716,0.14752345
4429,model_4b,-0.0091,0.07404046
4430,model_4b,0.2845,0.32630187
4431,model_4b,0.1614,0.13160604
4432,model_4b,0.2325,0.2521748
4433,model_4b,0.2657,0.25465238
4434,model_4b,0.3382,0.33304203
4435,model_4b,0.0557,-0.00072630215
4436,model_4b,0.0353,-0.023427505
4437,model_4b,0.4631,0.4088006
4438,model_4b,0.2054,0.27906713
4439,model_4b,0.2047,0.17930292
4440,model_4b,0.2656,0.2977796
4441,model_4b,0.4777,0.48966172
4442,model_4b,0.4064,0.4003656
4443,model_4b,0.0242,0.02357991
4444,model_4b,0.4592,0.30061495
4445,model_4b,0.3243,0.33396375
4446,model_4b,0.1352,0.14652146
4447,model_4b,0.0255,0.059792496
4448,model_4b,0.763,0.750557
4449,model_4b,0.3208,0.41702384
4450,model_4b,0.263,0.27353597
4451,model_4b,-0.1737,-0.1757926
4452,model_4b,0.06,0.11454344
4453,model_4b,0.1509,0.13694642
4454,model_4b,0.0046,0.0039364034
4455,model_4b,0.1508,0.21084853
4456,model_4b,0.4075,0.42915964
4457,model_4b,-0.0958,-0.07420507
4458,model_4b,0.6353,0.60754156
4459,model_4b,0.0677,0.046596486
4460,model_4b,0.0777,0.1263329
4461,model_4b,0.3265,0.32616812
4462,model_4b,0.4886,0.46854994
4463,model_4b,0.3461,0.3665703
4464,model_4b,0.2767,0.30517423
4465,model_4b,0.028,0.021686736
4466,model_4b,-0.0594,-0.022561468
4467,model_4b,0.2676,0.29938298
4468,model_4b,0.6202,0.62694997
4469,model_4b,0.6222,0.62256384
4470,model_4b,0.2337,0.1908272
4471,model_4b,0.0217,0.04982742
4472,model_4b,0.0808,0.06941834
4473,model_4b,0.6454,0.65664345
4474,model_4b,0.2006,0.20767683
4475,model_4b,0.0439,-0.008005151
4476,model_4b,0.0938,0.12506643
4477,model_4b,0.1716,0.13954121
4478,model_4b,0.3675,0.36203098
4479,model_4b,0.0772,0.06515974
4480,model_4b,0.0081,-0.041720655
4481,model_4b,0.3238,0.3086216
4482,model_4b,0.2074,0.25414976
4483,model_4b,-0.1353,-0.154177
4484,model_4b,0.1654,0.16784483
4485,model_4b,0.138,0.12699719
4486,model_4b,0.1193,0.10249472
4487,model_4b,0.3876,0.27042705
4488,model_4b,0.2061,0.2150127
4489,model_4b,0.1914,0.21023868
4490,model_4b,0.1146,0.053773142
4491,model_4b,0.3428,0.38971537
4492,model_4b,0.2016,0.21193032
4493,model_4b,0.004,-0.001700853
4494,model_4b,-0.0615,-0.07438293
4495,model_4b,0.0115,0.0046275603
4496,model_4b,0.3994,0.4079662
4497,model_4b,0.3747,0.42355227
4498,model_4b,-0.0404,-0.07235168
4499,model_4b,0.1129,0.10944172
4500,model_4b,0.0254,0.03984549
4501,model_4b,0.3359,0.30384743
4502,model_4b,0.3289,0.3144223
4503,model_4b,0.2501,0.27754968
4504,model_4b,0.0667,0.066517934
4505,model_4b,0.376,0.3836183
4506,model_4b,0.2322,0.24896736
4507,model_4b,0.6713,0.65621006
4508,model_4b,0.2583,0.23207355
4509,model_4b,-0.1739,-0.15334326
4510,model_4b,0.4033,0.37692207
4511,model_4b,0.3128,0.38582665
4512,model_4b,0.225,0.34077165
4513,model_4b,0.4413,0.39994335
4514,model_4b,0.5502,0.5189026
4515,model_4b,-0.1033,-0.11451286
4516,model_4b,0.4696,0.4603979
4517,model_4b,0.1569,0.08920038
4518,model_4b,0.7745,0.79314065
4519,model_4b,0.0668,0.06228774
4520,model_4b,0.2269,0.29645556
4521,model_4b,0.319,0.28554145
4522,model_4b,0.7016,0.6691565
4523,model_4b,0.4465,0.46032822
4524,model_4b,0.7297,0.7633903
4525,model_4b,0.1823,0.15960358
4526,model_4b,0.0871,0.19394992
4527,model_4b,0.9148,0.94450027
4528,model_4b,0.3055,0.24777414
4529,model_4b,0.1637,0.17289265
4530,model_4b,0.043,0.00290786
4531,model_4b,0.4691,0.47085318
4532,model_4b,-0.0116,0.0056818137
4533,model_4b,0.0677,0.039759666
4534,model_4b,1.0351,0.96325904
4535,model_4b,0.2866,0.28983164
4536,model_4b,0.5892,0.61202276
4537,model_4b,0.2871,0.28338987
4538,model_4b,0.3392,0.34841207
4539,model_4b,0.1945,0.14745231
4540,model_4b,-0.0428,-0.04223442
4541,model_4b,0.1463,0.16697256
4542,model_4b,0.4978,0.50229853
4543,model_4b,0.0223,0.046906114
4544,model_4b,-0.2064,-0.16555357
4545,model_4b,0.132,0.19737135
4546,model_4b,0.4167,0.385162
4547,model_4b,0.2501,0.2579657
4548,model_4b,0.2171,0.25875467
4549,model_4b,0.1105,0.10290859
4550,model_4b,0.0503,0.06071797
4551,model_4b,0.2735,0.23218404
4552,model_4b,0.0873,0.087012425
4553,model_4b,0.5796,0.55871683
4554,model_4b,0.0003,-0.002556785
4555,model_4b,-0.0934,0.017265476
4556,model_4b,0.1482,0.18070622
4557,model_4b,0.0249,0.0439698
4558,model_4b,0.4947,0.5825615
4559,model_4b,0.0184,0.0195597
4560,model_4b,0.0993,0.03573948
4561,model_4b,0.187,0.20908658
4562,model_4b,0.0136,0.1053539
4563,model_4b,0.1294,0.18304007
4564,model_4b,0.6397,0.67037386
4565,model_4b,0.1758,0.105181485
4566,model_4b,0.8494,0.82448626
4567,model_4b,0.281,0.26856488
4568,model_4b,0.3135,0.31368136
4569,model_4b,0.1963,0.18535738
4570,model_4b,0.1392,0.15668716
4571,model_4b,0.0709,0.08584386
4572,model_4b,0.2538,0.20126998
4573,model_4b,0.3353,0.31828937
4574,model_4b,0.1278,0.22156079
4575,model_4b,0.0601,0.16804431
4576,model_4b,0.3528,0.330966
4577,model_4b,-0.0167,-0.009049117
4578,model_4b,0.0699,0.10047871
4579,model_4b,0.3068,0.3401119
4580,model_4b,0.1487,0.11039063
4581,model_4b,0.0721,0.10383227
4582,model_4b,0.0948,0.114582315
4583,model_4b,0.2498,0.18964253
4584,model_4b,-0.0045,0.013227119
4585,model_4b,0.3489,0.5724892
4586,model_4b,0.1775,0.21002062
4587,model_4b,0.9593,0.98855114
4588,model_4b,0.5318,0.6082906
4589,model_4b,0.1328,0.08688302
4590,model_4b,0.8902,0.8640478
4591,model_4b,0.8085,0.81383985
4592,model_4b,0.2134,0.26718768
4593,model_4b,0.0409,0.076563224
4594,model_4b,0.0493,0.15116741
4595,model_4b,0.2674,0.24697618
4596,model_4b,-0.0119,-0.12528534
4597,model_4b,0.0361,0.059299737
4598,model_4b,0.1232,0.13066493
4599,model_4b,0.1429,0.21695979
4600,model_4b,0.2992,0.32677704
4601,model_4b,0.3465,0.3311785
4602,model_4b,0.2316,0.21675476
4603,model_4b,0.1824,0.27019924
4604,model_4b,0.0313,-0.00881864
4605,model_4b,0.0511,0.06351404
4606,model_4b,0.0657,0.06108159
4607,model_4b,0.085,0.08558735
4608,model_4b,0.0969,0.05676607
4609,model_4b,0.3266,0.30049014
4610,model_4b,0.3937,0.4468457
4611,model_4b,0.2028,0.21272622
4612,model_4b,0.6593,0.64816874
4613,model_4b,0.1117,0.1091222
4614,model_4b,0.1911,0.21655618
4615,model_4b,0.5376,0.50401264
4616,model_4b,0.254,0.27806434
4617,model_4b,0.2467,0.3022747
4618,model_4b,0.8268,0.76353806
4619,model_4b,-0.0075,-0.043430027
4620,model_4b,0.4988,0.50280195
4621,model_4b,0.1429,0.04002682
4622,model_4b,0.2088,0.23120384
4623,model_4b,-0.1882,-0.13532168
4624,model_4b,0.1047,0.08771817
4625,model_4b,0.3921,0.41586053
4626,model_4b,0.5848,0.50789654
4627,model_4b,0.062,0.06469971
4628,model_4b,0.4068,0.38928223
4629,model_4b,0.9933,0.96950316
4630,model_4b,-0.0668,-0.037793268
4631,model_4b,-0.0142,-0.02720499
4632,model_4b,0.485,0.4588489
4633,model_4b,0.1266,0.13619807
4634,model_4b,0.1583,0.13993807
4635,model_4b,0.0387,0.02221515
4636,model_4b,-0.0162,0.15661977
4637,model_4b,0.528,0.34930617
4638,model_4b,0.5823,0.560787
4639,model_4b,0.459,0.4507745
4640,model_4b,0.3517,0.36024785
4641,model_4b,-0.0328,0.0732144
4642,model_4b,0.8001,0.8177468
4643,model_4b,0.1329,0.1726603
4644,model_4b,0.5207,0.5158949
4645,model_4b,-0.075,-0.07539471
4646,model_4b,0.193,0.16370463
4647,model_4b,0.368,0.05192379
4648,model_4b,-0.0779,-0.0490126
4649,model_4b,0.1726,0.2403442
4650,model_4b,0.1804,0.18463387
4651,model_4b,-0.2896,0.0060239406
4652,model_4b,0.1925,0.079349004
4653,model_4b,0.1245,0.10853699
4654,model_4b,0.0381,0.06893234
4655,model_4b,0.4929,0.47220322
4656,model_4b,0.0014,-0.026363548
4657,model_4b,0.3769,0.3291996
4658,model_4b,0.3143,0.29118937
4659,model_4b,-0.2217,-0.19281007
4660,model_4b,0.6451,0.69449264
4661,model_4b,0.6323,0.72947025
4662,model_4b,0.071,0.06576193
4663,model_4b,0.408,0.35411367
4664,model_4b,-0.1016,-0.0703837
4665,model_4b,0.22,0.03548091
4666,model_4b,0.0412,0.1413648
4667,model_4b,0.2994,0.26628673
4668,model_4b,-0.1873,-0.15254055
4669,model_4b,0.1714,0.17249636
4670,model_4b,0.3895,0.40098804
4671,model_4b,0.0051,-0.010973918
4672,model_4b,-0.1487,-0.10928781
4673,model_4b,0.0377,0.055987626
4674,model_4b,0.1726,0.015382181
4675,model_4b,0.356,0.3348862
4676,model_4b,0.6026,0.6406929
4677,model_4b,0.9037,0.8552199
4678,model_4b,0.0507,0.02635254
4679,model_4b,0.2412,0.24398859
4680,model_4b,0.4222,0.4813546
4681,model_4b,0.1543,0.16312443
4682,model_4b,-0.1577,-0.09858704
4683,model_4b,0.2097,0.19113763
4684,model_4b,0.051,0.019470166
4685,model_4b,0.2453,0.23070769
4686,model_4b,0.214,0.21056528
4687,model_4b,-0.0804,-0.0918255
4688,model_4b,0.4263,0.4171264
4689,model_4b,0.0379,0.05349648
4690,model_4b,0.6786,0.77912337
4691,model_4b,0.4221,0.38206315
4692,model_4b,0.0802,0.10440489
4693,model_4b,0.563,0.5839339
4694,model_4b,0.1303,-0.0076674977
4695,model_4b,0.0919,-0.07653745
4696,model_4b,0.3505,0.3411051
4697,model_4b,0.242,0.17616649
4698,model_4b,-0.0975,-0.12531057
4699,model_4b,0.0942,0.27663994
4700,model_4b,0.1172,0.16963196
4701,model_4b,0.6905,0.7318123
4702,model_4b,0.371,0.3121798
4703,model_4b,0.4858,0.46150908
4704,model_4b,0.5706,0.5639942
4705,model_4b,-0.1253,-0.120217815
4706,model_4b,0.0834,0.117389426
4707,model_4b,0.6273,0.609076
4708,model_4b,0.3577,0.36664462
4709,model_4b,0.0899,0.1029188
4710,model_4b,0.0335,0.04457717
4711,model_4b,0.0625,0.057507798
4712,model_4b,0.0213,0.02830201
4713,model_4b,0.1919,0.26949227
4714,model_4b,0.4724,0.4750793
4715,model_4b,0.0326,0.048192628
4716,model_4b,0.1128,0.09158535
4717,model_4b,0.1315,0.114394695
4718,model_4b,0.1653,0.19639601
4719,model_4b,-0.0728,-0.06578986
4720,model_4b,-0.114,-0.09478352
4721,model_4b,0.2735,0.30399045
4722,model_4b,0.8884,0.89033014
4723,model_4b,0.2722,0.2442752
4724,model_4b,0.3004,0.38488245
4725,model_4b,0.7474,0.7397061
4726,model_4b,0.2589,0.20286602
4727,model_4b,0.0447,0.031037569
4728,model_4b,0.2061,0.18770804
4729,model_4b,0.0291,0.040461414
4730,model_4b,0.2104,0.19716798
4731,model_4b,0.0187,0.061265096
4732,model_4b,-0.0462,0.012044494
4733,model_4b,0.1764,0.24955483
4734,model_4b,-0.0138,-0.036789723
4735,model_4b,0.2155,0.051611673
4736,model_4b,0.5185,0.5337374
4737,model_4b,0.2074,0.21542947
4738,model_4b,0.0837,0.08274776
4739,model_4b,0.1443,0.1551076
4740,model_4b,0.2864,0.26574343
4741,model_4b,0.3394,0.33048308
4742,model_4b,0.0454,0.024138287
4743,model_4b,0.1845,0.23670083
4744,model_4b,0.9124,0.92479295
4745,model_4b,0.2136,0.15682642
4746,model_4b,0.2462,0.27006298
4747,model_4b,0.4199,0.4470243
4748,model_4b,-0.1537,0.031145059
4749,model_4b,0.1152,0.09468724
4750,model_4b,0.1232,0.13532199
4751,model_4b,0.2091,0.16145276
4752,model_4b,0.4248,0.37358338
4753,model_4b,0.6352,0.53258955
4754,model_4b,-0.1385,-0.16595457
4755,model_4b,0.4064,0.41108537
4756,model_4b,-0.0552,-0.053243194
4757,model_4b,-0.0939,-0.13769567
4758,model_4b,0.4104,0.3525076
4759,model_4b,-0.0073,0.0063171824
4760,model_4b,0.9148,0.91136664
4761,model_4b,0.0083,0.08430827
4762,model_4b,0.0857,0.04745911
4763,model_4b,-0.0063,0.037883207
4764,model_4b,0.2967,0.2283525
4765,model_4b,-0.0607,-0.10998823
4766,model_4b,0.2138,0.23649003
4767,model_4b,0.4736,0.33787143
4768,model_4b,0.1533,0.1439953
4769,model_4b,0.4513,0.4553462
4770,model_4b,0.3395,0.36603433
4771,model_4b,-0.0189,-0.059932955
4772,model_4b,0.8791,0.83252424
4773,model_4b,0.1473,0.2793914
4774,model_4b,0.1698,0.22835547
4775,model_4b,0.1831,0.25707835
4776,model_4b,0.7353,0.77909905
4777,model_4b,0.4847,0.48669362
4778,model_4b,-0.0254,0.008353886
4779,model_4b,0.2209,0.2358756
4780,model_4b,0.7515,0.80078596
4781,model_4b,-0.0264,-0.05819553
4782,model_4b,0.5082,0.37969297
4783,model_4b,0.3588,0.37184182
4784,model_4b,0.5204,0.52294296
4785,model_4b,0.3167,0.39543998
4786,model_4b,0.1102,0.10767635
4787,model_4b,0.1073,0.09659535
4788,model_4b,1.1103,1.13379
4789,model_4b,0.549,0.6185223
4790,model_4b,0.762,0.80981857
4791,model_4b,-0.0115,0.013867953
4792,model_4b,0.1339,0.17086706
4793,model_4b,0.0819,-0.027174927
4794,model_4b,0.2188,0.15623058
4795,model_4b,0.1068,0.18557252
4796,model_4b,0.1457,0.116509184
4797,model_4b,0.7235,0.74080306
4798,model_4b,0.39,0.41487923
4799,model_4b,0.3256,0.39955354
4800,model_4b,0.3115,0.23104803
4801,model_4b,-0.1716,-0.15707563
4802,model_4b,0.1155,0.09203401
4803,model_4b,0.007,0.0036795558
4804,model_4b,0.3953,0.33333904
4805,model_4b,0.072,0.081124574
4806,model_4b,0.3808,0.38622665
4807,model_4b,0.5663,0.5470595
4808,model_4b,0.1624,0.21324907
4809,model_4b,0.0368,0.09738004
4810,model_4b,0.5683,0.57852423
4811,model_4b,-0.0079,-0.04482244
4812,model_4b,0.3517,0.25156263
4813,model_4b,0.6082,0.532444
4814,model_4b,0.7429,0.7378683
4815,model_4b,0.0105,0.050346218
4816,model_4b,0.2693,0.23979658
4817,model_4b,0.517,0.48215258
4818,model_4b,0.5673,0.5873693
4819,model_4b,0.1328,0.107524514
4820,model_4b,0.6668,0.73277897
4821,model_4b,0.2226,0.26911253
4822,model_4b,0.7032,0.68120915
4823,model_4b,-0.1635,-0.16322984
4824,model_4b,0.181,0.16539703
4825,model_4b,-0.0199,-0.031796016
4826,model_4b,0.3274,0.31058973
4827,model_4b,0.3624,0.3567959
4828,model_4b,0.1316,0.15578191
4829,model_4b,0.8579,0.8469431
4830,model_4b,0.7141,0.71312267
4831,model_4b,-0.0444,-0.018586323
4832,model_4b,0.3701,0.3570793
4833,model_4b,0.5904,0.6498529
4834,model_4b,0.3652,0.30430382
4835,model_4b,0.2804,0.3315525
4836,model_4b,0.5209,0.5425333
4837,model_4b,0.1839,0.20703681
4838,model_4b,0.5547,0.55009156
4839,model_4b,0.5531,0.61278456
4840,model_4b,-0.2216,-0.22250773
4841,model_4b,0.0871,0.15390001
4842,model_4b,0.4264,0.47141597
4843,model_4b,0.1815,0.18809137
4844,model_4b,0.4096,0.41203725
4845,model_4b,0.0911,0.11283716
4846,model_4b,0.5758,0.52169675
4847,model_4b,-0.1048,-0.08158834
4848,model_4b,0.8405,0.82007796
4849,model_4b,0.2663,0.36577886
4850,model_4b,0.1075,0.12159334
4851,model_4b,0.2118,0.26000655
4852,model_4b,0.2455,0.21065974
4853,model_4b,0.4032,0.44884765
4854,model_4b,0.3312,0.3049974
4855,model_4b,0.1881,0.14907025
4856,model_4b,-0.0618,-0.052698463
4857,model_4b,0.1864,0.24943878
4858,model_4b,0.2852,0.12583171
4859,model_4b,0.2788,0.33831537
4860,model_4b,0.2227,0.2170011
4861,model_4b,0.4475,0.42636153
4862,model_4b,0.312,0.36811844
4863,model_4b,0.0203,0.04770606
4864,model_4b,0.5141,0.45713624
4865,model_4b,0.1486,0.17345886
4866,model_4b,0.4324,0.4537211
4867,model_4b,0.1087,0.10847935
4868,model_4b,-0.0272,-0.07237381
4869,model_4b,0.4206,0.4139412
4870,model_4b,0.1171,0.109813526
4871,model_4b,-0.0024,-0.03036027
4872,model_4b,0.2331,0.26081863
4873,model_4b,0.6584,0.67211926
4874,model_4b,0.5306,0.4649291
4875,model_4b,0.058,0.05692917
4876,model_4b,0.1694,0.18041652
4877,model_4b,0.2488,0.18527947
4878,model_4b,0.7782,0.84362465
4879,model_4b,0.7301,0.6672419
4880,model_4b,0.4872,0.39078125
4881,model_4b,0.3047,0.29184353
4882,model_4b,0.4026,0.34701854
4883,model_4b,0.2868,0.3007347
4884,model_4b,0.2601,0.22848529
4885,model_4b,0.2864,0.20222501
4886,model_4b,-0.0737,-0.05109769
4887,model_4b,-0.1567,0.001488003
4888,model_4b,0.3182,0.28462648
4889,model_4b,0.1043,0.26432973
4890,model_4b,0.0549,0.020040758
4891,model_4b,0.0428,0.08866812
4892,model_4b,0.1419,0.14883928
4893,model_4b,0.239,0.23326507
4894,model_4b,0.0778,0.060590066
4895,model_4b,0.0979,0.21300061
4896,model_4b,0.2467,0.2460307
4897,model_4b,0.2936,0.2778973
4898,model_4b,0.0184,0.012129947
4899,model_4b,0.5433,0.53358537
4900,model_4b,0.1661,0.20572771
4901,model_4b,0.0102,0.035925195
4902,model_4b,0.328,0.30216825
4903,model_4b,0.3012,0.30908394
4904,model_4b,0.3961,0.36743972
4905,model_4b,-0.046,-0.040437236
4906,model_4b,0.4209,0.39084926
4907,model_4b,-0.0298,-0.031154763
4908,model_4b,0.4238,0.43400508
4909,model_4b,0.7708,0.70621794
4910,model_4b,0.2092,0.32941508
4911,model_4b,0.2682,0.3537682
4912,model_4b,0.2112,0.25008994
4913,model_4b,0.0722,0.055263504
4914,model_4b,0.4688,0.44894424
4915,model_4b,1.2481,1.2245861
4916,model_4b,0.0095,0.058874354
4917,model_4b,-0.0358,-0.055165537
4918,model_4b,0.0479,0.12804899
4919,model_4b,0.288,0.3009992
4920,model_4b,0.1683,0.3106019
4921,model_4b,0.1172,0.095685676
4922,model_4b,0.4266,0.44667888
4923,model_4b,0.3837,0.21550854
4924,model_4b,0.488,0.5427664
4925,model_4b,0.6812,0.7187019
4926,model_4b,0.0646,0.12827083
4927,model_4b,0.4051,0.3952983
4928,model_4b,0.2185,0.24496938
4929,model_4b,0.0046,0.014934682
4930,model_4b,-0.0587,0.0035975361
4931,model_4b,-0.119,-0.15612516
4932,model_4b,0.2613,0.2697659
4933,model_4b,-0.1103,-0.10258366
4934,model_4b,0.3013,0.31582868
4935,model_4b,0.0802,0.19498171
4936,model_4b,0.0919,0.056432076
4937,model_4b,0.0734,0.056255072
4938,model_4b,0.2036,0.15590906
4939,model_4b,0.1758,0.12851854
4940,model_4b,0.4952,0.52902263
4941,model_4b,0.0146,-0.0016450947
4942,model_4b,0.0189,0.011615149
4943,model_4b,0.1586,0.16515131
4944,model_4b,0.1125,0.10141118
4945,model_4b,0.0615,0.119759426
4946,model_4b,0.3706,0.3547626
4947,model_4b,0.3743,0.47400132
4948,model_4b,0.2905,0.24990945
4949,model_4b,0.0613,0.059558116
4950,model_4b,0.3826,0.34558442
4951,model_4b,0.0788,0.15165626
4952,model_4b,0.1944,0.16291338
4953,model_4b,0.149,0.13970418
4954,model_4b,0.0361,0.025827408
4955,model_4b,-0.0545,-0.05229082
4956,model_4b,0.2269,0.24120139
4957,model_4b,0.1526,0.16559495
4958,model_4b,0.5136,0.58452207
4959,model_4b,0.0685,0.06574218
4960,model_4b,0.1305,0.19488628
4961,model_4b,-0.0875,-0.090843305
4962,model_4b,0.236,0.12312673
4963,model_4b,0.1842,0.104871936
4964,model_4b,0.233,0.19590451
4965,model_4b,-0.0317,-0.019679677
4966,model_4b,0.4095,0.38293016
4967,model_4b,0.1546,0.1452748
4968,model_4b,0.037,-0.0061829677
4969,model_4b,0.4872,0.41757664
4970,model_4b,-0.0565,-0.086958565
4971,model_4b,0.2253,0.20490384
4972,model_4b,0.26,0.29233214
4973,model_4b,0.1591,0.19339243
4974,model_4b,0.6129,0.6252369
4975,model_4b,0.2105,0.14872155
4976,model_4b,0.1873,0.250412
4977,model_4b,0.0934,0.07877359
4978,model_4b,0.0877,0.08625744
4979,model_4b,0.0442,0.16626821
4980,model_4b,0.1154,0.15795042
4981,model_4b,0.0082,0.0013347836
4982,model_4b,0.1121,0.11607696
4983,model_4b,-0.0619,-0.10358413
4984,model_4b,0.0969,0.0385742
4985,model_4b,0.6493,0.60322064
4986,model_4b,-0.0399,0.06768023
4987,model_4b,0.3642,0.25961703
4988,model_4b,0.172,0.1312996
4989,model_4b,0.2563,0.21098836
4990,model_4b,0.0851,0.1321332
4991,model_4b,0.2932,0.30420315
4992,model_4b,0.5883,0.5843794
4993,model_4b,0.986,0.9725583
4994,model_4b,0.1693,0.21044178
4995,model_4b,-0.081,-0.09594421
4996,model_4b,0.0795,0.11314669
4997,model_4b,0.598,0.5688948
4998,model_4b,-0.1057,-0.08973999
4999,model_4b,0.0401,0.12947081
5000,model_4b,-0.026,-0.0023012394
5001,model_4b,0.1695,0.15112351
5002,model_4b,0.1457,0.1575748
5003,model_4b,0.048,0.09984007
5004,model_4b,0.4423,0.43164456
5005,model_4b,-0.1047,-0.032934256
5006,model_4b,0.1764,0.21732771
5007,model_4b,0.4468,0.41484183
5008,model_4b,0.2157,0.26211432
5009,model_4b,0.7374,0.6538841
5010,model_4b,0.2831,0.33426818
5011,model_4b,-0.0106,0.07900676
5012,model_4b,0.5457,0.5233829
5013,model_4b,0.38,0.37776455
5014,model_4b,0.2253,0.1832677
5015,model_4b,0.0221,0.07372745
5016,model_4b,0.1607,0.113922976
5017,model_4b,0.1264,0.19218345
5018,model_4b,0.2704,0.22166266
5019,model_4b,0.1481,0.15869962
5020,model_4b,0.0985,0.15499346
5021,model_4b,-0.1075,-0.07476722
5022,model_4b,0.2548,0.19581945
5023,model_4b,0.7477,0.756836
5024,model_4b,0.0613,0.24310674
5025,model_4b,0.2074,0.17428516
5026,model_4b,0.171,0.1666273
5027,model_4b,0.3925,0.44199005
5028,model_4b,0.1038,0.11966707
5029,model_4b,0.1708,0.1842929
5030,model_4b,0.1756,0.27377042
5031,model_4b,0.268,0.23048101
5032,model_4b,0.0115,-0.023230135
5033,model_4b,0.1498,0.108641475
5034,model_4b,0.1774,0.23846062
5035,model_4b,0.2834,0.17964427
5036,model_4b,0.4366,0.47588113
5037,model_4b,-0.1291,-0.035837844
5038,model_4b,0.0543,0.10977278
5039,model_4b,0.166,0.09095669
5040,model_4b,-0.0198,-0.01480604
5041,model_4b,0.5217,0.5534237
5042,model_4b,0.4974,0.5471875
5043,model_4b,0.8018,0.81537706
5044,model_4b,0.001,0.0025706654
5045,model_4b,0.0906,0.3034525
5046,model_4b,0.08,0.07542493
5047,model_4b,0.2989,0.28203952
5048,model_4b,0.5271,0.5106788
5049,model_4b,0.0527,0.07826333
5050,model_4b,0.1759,0.19704825
5051,model_4b,-0.005,-0.01278399
5052,model_4b,0.1326,0.1305666
5053,model_4b,0.4503,0.4762434
5054,model_4b,0.8067,0.81794065
5055,model_4b,0.2021,0.20176348
5056,model_4b,0.0948,0.123088375
5057,model_4b,0.6697,0.6873924
5058,model_4b,0.0943,0.10232572
5059,model_4b,-0.0418,0.06318236
5060,model_4b,-0.1715,-0.13650288
5061,model_4b,0.4907,0.43837938
5062,model_4b,0.3563,0.34713292
5063,model_4b,0.273,0.28309858
5064,model_4b,0.0497,-0.0019437047
5065,model_4b,0.1157,0.1415494
5066,model_4b,0.0683,0.045350857
5067,model_4b,0.4462,0.4529751
5068,model_4b,0.4586,0.47680876
5069,model_4b,0.105,0.110271215
5070,model_4b,-0.0482,0.02566757
5071,model_4b,0.0722,0.039287407
5072,model_4b,0.2229,0.19999838
5073,model_4b,-0.097,-0.14142355
5074,model_4b,-0.0745,-0.0055445665
5075,model_4b,0.1814,0.11620553
5076,model_4b,0.151,0.14393155
5077,model_4b,0.4199,0.3402241
5078,model_4b,0.3911,0.43112212
5079,model_4b,0.2598,0.26236117
5080,model_4b,0.205,0.19918598
5081,model_4b,0.8629,0.90288955
5082,model_4b,0.2017,0.22004995
5083,model_4b,0.2738,0.28627056
5084,model_4b,0.2729,0.15173869
5085,model_4b,0.1047,0.09482332
5086,model_4b,0.2687,0.293404
5087,model_4b,0.4552,0.4582137
5088,model_4b,0.0912,0.136795
5089,model_4b,0.2364,0.2612642
5090,model_4b,0.3752,0.39363542
5091,model_4b,-0.0452,0.026437953
5092,model_4b,0.0379,-0.025257524
5093,model_4b,0.2634,0.23487218
5094,model_4b,0.2613,0.2368133
5095,model_4b,0.5924,0.6136685
5096,model_4b,0.4075,0.37974095
5097,model_4b,0.2985,0.27627283
5098,model_4b,0.0114,0.029115852
5099,model_4b,0.1721,0.19588792
5100,model_4b,0.7463,0.6978006
5101,model_4b,0.822,0.8051434
5102,model_4b,0.092,0.1384822
5103,model_4b,0.5429,0.5579165
5104,model_4b,0.0645,0.07577067
5105,model_4b,0.8555,0.94980174
5106,model_4b,0.5486,0.5728121
5107,model_4b,0.0234,0.079939865
5108,model_4b,0.7415,0.72857505
5109,model_4b,0.1729,0.1661363
5110,model_4b,0.5305,0.5763259
5111,model_4b,0.1403,0.10398257
5112,model_4b,0.1661,0.17330872
5113,model_4b,0.3813,0.36672482
5114,model_4b,0.2974,0.21452925
5115,model_4b,0.1201,0.13204359
5116,model_4b,0.4217,0.44142318
5117,model_4b,0.6828,0.74602324
5118,model_4b,0.0717,0.0532602
5119,model_4b,0.1757,0.16610329
5120,model_4b,0.1569,0.0549317
5121,model_4b,0.6365,0.62628895
5122,model_4b,0.2178,0.19987239
5123,model_4b,0.0698,0.08162071
5124,model_4b,0.344,0.3779657
5125,model_4b,0.0696,0.09150976
5126,model_4b,0.451,0.44220698
5127,model_4b,0.1572,0.15327379
5128,model_4b,0.3793,0.33168855
5129,model_4b,-0.028,-0.0033027204
5130,model_4b,1.0119,0.80925006
5131,model_4b,0.1828,0.12216677
5132,model_4b,0.1722,0.13015617
5133,model_4b,0.1229,0.20818013
5134,model_4b,0.4359,0.3440245
5135,model_4b,0.292,0.27538046
5136,model_4b,0.2342,0.24949045
5137,model_4b,0.1199,-0.0047494927
5138,model_4b,0.585,0.6037565
5139,model_4b,0.1999,0.21877538
5140,model_4b,0.1048,0.13636968
5141,model_4b,0.1235,0.22019611
5142,model_4b,0.1082,0.101687364
5143,model_4b,0.0133,0.03172674
5144,model_4b,0.3418,0.27628574
5145,model_4b,0.0902,0.08917718
5146,model_4b,0.8834,0.89086086
5147,model_4b,0.3075,0.3283099
5148,model_4b,-0.0527,-0.061430484
5149,model_4b,0.4192,0.48302484
5150,model_4b,0.6504,0.6530221
5151,model_4b,0.0907,0.1436895
5152,model_4b,0.4827,0.43754792
5153,model_4b,-0.059,-0.08281261
5154,model_4b,0.0586,0.07869808
5155,model_4b,0.312,0.3485447
5156,model_4b,0.2348,0.18393293
5157,model_4b,0.0987,-0.031988055
5158,model_4b,-0.0676,-0.063289635
5159,model_4b,0.1012,0.08488488
5160,model_4b,0.2383,0.2694046
5161,model_4b,0.1328,0.09990023
5162,model_4b,0.0704,0.073399164
5163,model_4b,-0.0616,-0.0815359
5164,model_4b,0.1936,0.17614327
5165,model_4b,0.0435,0.08232251
5166,model_4b,0.3252,0.30557016
5167,model_4b,0.3996,0.40074933
5168,model_4b,0.1641,0.16003193
5169,model_4b,-0.0151,0.02634538
5170,model_4b,0.4111,0.4122715
5171,model_4b,0.492,0.5065555
5172,model_4b,-0.1004,-0.0850541
5173,model_4b,0.0652,0.052492097
5174,model_4b,0.0,0.039527547
5175,model_4b,0.3253,0.33137345
5176,model_4b,0.1351,0.17267714
5177,model_4b,0.3643,0.31290263
5178,model_4b,0.292,0.32825184
5179,model_4b,0.3349,0.37751496
5180,model_4b,0.2678,0.3027168
5181,model_4b,0.2469,0.32956046
5182,model_4b,0.5129,0.5123386
5183,model_4b,0.0552,0.10168957
5184,model_4b,0.1143,0.12187722
5185,model_4b,0.8039,0.7814955
5186,model_4b,0.3607,0.33319288
5187,model_4b,0.2068,0.26811337
5188,model_4b,0.1913,0.19109012
5189,model_4b,0.125,0.07605951
5190,model_4b,0.1663,0.19500543
5191,model_4b,0.076,0.022772618
5192,model_4b,0.5044,0.50557834
5193,model_4b,0.6423,0.6674388
5194,model_4b,0.2791,0.25071806
5195,model_4b,0.7579,0.807893
5196,model_4b,0.0767,0.093653925
5197,model_4b,0.9146,0.87004733
5198,model_4b,0.1719,0.13329266
5199,model_4b,0.1753,0.17456058
5200,model_4b,0.0097,0.0027163075
5201,model_4b,0.4714,0.47355723
5202,model_4b,0.0081,0.003355763
5203,model_4b,0.0169,-0.034317292
5204,model_4b,0.6104,0.6621031
5205,model_4b,0.112,0.09316687
5206,model_4b,-0.1231,-0.16569316
5207,model_4b,0.0399,0.07001692
5208,model_4b,0.3282,0.34854192
5209,model_4b,0.9108,0.9359327
5210,model_4b,0.5306,0.5344848
5211,model_4b,0.1133,0.09732779
5212,model_4b,0.0486,0.08792488
5213,model_4b,0.2478,0.21966073
5214,model_4b,0.278,0.27441588
5215,model_4b,0.4901,0.43871957
5216,model_4b,0.1069,0.122097924
5217,model_4b,0.2455,0.25740364
5218,model_4b,0.6483,0.7331463
5219,model_4b,0.2966,0.31274837
5220,model_4b,0.3215,0.34325516
5221,model_4b,0.1231,0.15026648
5222,model_4b,0.7772,0.7247876
5223,model_4b,0.4355,0.28514022
5224,model_4b,0.2655,0.33023384
5225,model_4b,0.1822,0.23327969
5226,model_4b,0.6091,0.6109511
5227,model_4b,0.6985,0.71602845
5228,model_4b,0.4363,0.3283136
5229,model_4b,0.2766,0.27944857
5230,model_4b,0.2286,0.24035168
5231,model_4b,0.1054,0.07922128
5232,model_4b,0.0642,0.08168596
5233,model_4b,0.4255,0.4196885
5234,model_4b,0.1174,0.18382165
5235,model_4b,0.1026,0.09965822
5236,model_4b,0.0051,-0.019529317
5237,model_4b,0.2015,0.08337625
5238,model_4b,0.2918,0.30408517
5239,model_4b,0.0296,-0.019019436
5240,model_4b,0.1481,0.18008836
5241,model_4b,0.2316,0.13066095
5242,model_4b,0.5369,0.49019617
5243,model_4b,0.4383,0.3889963
5244,model_4b,0.4534,0.3928361
5245,model_4b,0.1349,0.13522582
5246,model_4b,0.0524,0.060066573
5247,model_4b,0.4313,0.4419393
5248,model_4b,0.2227,0.019393321
5249,model_4b,0.4021,0.43575978
5250,model_4b,-0.0014,0.068007804
5251,model_4b,-0.0802,0.055314414
5252,model_4b,-0.0308,0.0045704013
5253,model_4b,0.104,0.08560184
5254,model_4b,0.2357,0.20682135
5255,model_4b,0.8637,0.8714092
5256,model_4b,-0.0106,-0.008709748
5257,model_4b,0.7437,0.78066355
5258,model_4b,-0.0017,0.041548908
5259,model_4b,-0.0048,0.009284641
5260,model_4b,0.186,0.17294753
5261,model_4b,0.062,0.06463125
5262,model_4b,-0.0208,-0.0076189777
5263,model_4b,0.2101,0.24284579
5264,model_4b,0.2054,0.16695823
5265,model_4b,0.2591,0.28518552
5266,model_4b,-0.1055,-0.12033207
5267,model_4b,0.3345,0.34426498
5268,model_4b,-0.1211,-0.10378494
5269,model_4b,0.108,0.13399713
5270,model_4b,0.1811,0.14605688
5271,model_4b,0.0623,-0.010089002
5272,model_4b,0.2292,0.34103358
5273,model_4b,0.4991,0.5498763
5274,model_4b,-0.0437,-0.0728819
5275,model_4b,0.1702,0.12983973
5276,model_4b,0.0618,0.085978396
5277,model_4b,-0.0174,0.08068605
5278,model_4b,0.3816,0.38001102
5279,model_4b,0.4849,0.48354185
5280,model_4b,0.1649,0.16635941
5281,model_4b,0.2951,0.23299675
5282,model_4b,0.7788,0.729479
5283,model_4b,0.1948,0.17283659
5284,model_4b,0.5949,0.6640409
5285,model_4b,0.1477,0.17482798
5286,model_4b,0.0767,0.14956734
5287,model_4b,0.148,0.18426983
5288,model_4b,0.4527,0.36322346
5289,model_4b,0.145,0.20243166
5290,model_4b,0.5468,0.5953242
5291,model_4b,-0.1215,-0.12198171
5292,model_4b,0.1514,0.24331085
5293,model_4b,0.0015,0.04598113
5294,model_4b,0.2853,0.27878976
5295,model_4b,0.1283,0.12321679
5296,model_4b,0.0971,0.07592443
5297,model_4b,0.2893,0.30934855
5298,model_4b,0.0128,-0.013150693
5299,model_4b,-0.0164,-0.012549999
5300,model_4b,-0.0008,0.007679454
5301,model_4b,0.0161,0.03183109
5302,model_4b,0.3446,0.33184773
5303,model_4b,0.3514,0.28721756
5304,model_4b,0.1152,0.1482519
5305,model_4b,0.3169,0.2990496
5306,model_4b,0.1738,0.18520255
5307,model_4b,0.3424,0.35577667
5308,model_4b,0.7908,0.80035836
5309,model_4b,0.7925,0.7848056
5310,model_4b,0.4727,0.44723856
5311,model_4b,0.2617,0.2734367
5312,model_4b,0.2404,0.25525624
5313,model_4b,0.1501,0.15753506
5314,model_4b,0.1248,0.15242542
5315,model_4b,0.3621,0.320985
5316,model_4b,0.4909,0.48301014
5317,model_4b,0.7419,0.74195665
5318,model_4b,0.1008,0.14465182
5319,model_4b,0.3442,0.3281964
5320,model_4b,0.0637,0.06638455
5321,model_4b,0.514,0.5374228
5322,model_4b,0.2619,0.23391236
5323,model_4b,0.0658,0.10004544
5324,model_4b,0.3037,0.37815487
5325,model_4b,0.074,0.11202322
5326,model_4b,0.1871,0.19265568
5327,model_4b,0.2134,0.3359031
5328,model_4b,0.5407,0.537852
5329,model_4b,0.4332,0.43390775
5330,model_4b,0.1229,0.11666812
5331,model_4b,0.2493,0.29080492
5332,model_4b,0.234,0.2185562
5333,model_4b,0.2104,0.1555619
5334,model_4b,0.1519,0.16687344
5335,model_4b,-0.0452,0.074277714
5336,model_4b,0.3647,0.3739612
5337,model_4b,0.2672,0.27550465
5338,model_4b,0.1208,0.10948891
5339,model_4b,0.0202,-0.01208279
5340,model_4b,-0.131,0.062335208
5341,model_4b,-0.1225,-0.08943894
5342,model_4b,0.5242,0.57389015
5343,model_4b,-0.1262,-0.08460102
5344,model_4b,0.272,0.21064991
5345,model_4b,0.1245,0.116714105
5346,model_4b,0.0872,0.06696367
5347,model_4b,0.0483,0.05285266
5348,model_4b,0.1939,0.2526933
5349,model_4b,0.1929,0.17335775
5350,model_4b,0.2222,0.20804624
5351,model_4b,0.007,-0.005573594
5352,model_4b,0.9202,0.9270027
5353,model_4b,0.5872,0.54318905
5354,model_4b,0.6958,0.70571667
5355,model_4b,0.2428,0.27735263
5356,model_4b,0.0403,0.03786478
5357,model_4b,0.0289,0.032075483
5358,model_4b,0.2927,0.28295437
5359,model_4b,0.3093,0.35031533
5360,model_4b,0.1965,0.12593754
5361,model_4b,0.0879,0.13287884
5362,model_4b,0.2427,0.031559486
5363,model_4b,0.025,0.044263057
5364,model_4b,-0.0065,0.0014914135
5365,model_4b,0.1457,0.09847911
5366,model_4b,0.1703,0.18324074
5367,model_4b,0.8967,0.90557945
5368,model_4b,0.0136,-0.008193544
5369,model_4b,0.2048,0.27203453
5370,model_4b,0.3492,0.38409948
5371,model_4b,0.5395,0.53838813
5372,model_4b,0.6908,0.6709114
5373,model_4b,0.1034,0.08948147
5374,model_4b,0.4113,0.47115028
5375,model_4b,-0.1202,0.0013954444
5376,model_4b,0.3691,0.30962673
5377,model_4b,0.59,0.60401016
5378,model_4b,-0.0194,-0.0156851
5379,model_4b,0.771,0.82211906
5380,model_4b,0.3835,0.3964088
5381,model_4b,0.0076,0.017098814
5382,model_4b,0.1287,0.12025884
5383,model_4b,0.2237,0.21855806
5384,model_4b,-0.0237,0.038232803
5385,model_4b,0.2143,0.18005192
5386,model_4b,0.2354,0.23340142
5387,model_4b,0.7498,0.7483424
5388,model_4b,0.1198,0.06977377
5389,model_4b,0.3478,0.38990572
5390,model_4b,0.1248,0.08168894
5391,model_4b,0.2719,0.3022871
5392,model_4b,0.1084,0.08519288
5393,model_4b,-0.0069,-0.07657414
5394,model_4b,0.1264,0.10747613
5395,model_4b,0.2027,0.18990345
5396,model_4b,0.1449,0.22472158
5397,model_4b,-0.0061,-0.1366319
5398,model_4b,0.1818,0.1199543
5399,model_4b,0.2253,0.32614952
5400,model_4b,0.0039,0.01263274
5401,model_4b,0.9996,0.95914704
5402,model_4b,-0.023,-0.017584931
5403,model_4b,0.1997,0.15140845
5404,model_4b,0.1243,0.15354802
5405,model_4b,0.1921,0.19663821
5406,model_4b,0.0066,-0.009590681
5407,model_4b,0.2046,0.16637342
5408,model_4b,0.1105,0.117482275
5409,model_4b,0.3123,0.3429135
5410,model_4b,0.0193,0.02529918
5411,model_4b,0.0075,0.008055289
5412,model_4b,0.5058,0.48649818
5413,model_4b,0.2169,0.19129823
5414,model_4b,0.7022,0.69719553
5415,model_4b,-0.1831,-0.034340687
5416,model_4b,0.2124,0.16782862
5417,model_4b,-0.0942,-0.075288154
5418,model_4b,0.8283,0.80819565
5419,model_4b,0.8757,0.89695865
5420,model_4b,-0.1128,-0.07560996
5421,model_4b,0.2324,0.099825814
5422,model_4b,0.459,0.48508483
5423,model_4b,0.2739,0.25234446
5424,model_4b,0.1547,0.15061471
5425,model_4b,0.2858,0.24403812
5426,model_4b,0.1958,0.13308387
5427,model_4b,0.3291,0.30618522
5428,model_4b,0.6847,0.7076322
5429,model_4b,0.2337,0.18006907
5430,model_4b,0.109,0.10032906
5431,model_4b,0.5931,0.57760835
5432,model_4b,0.2046,0.17742352
5433,model_4b,0.5625,0.55679613
5434,model_4b,0.3109,0.34523687
5435,model_4b,0.1674,0.2068407
5436,model_4b,0.6159,0.60657126
5437,model_4b,0.2298,0.3249481
5438,model_4b,0.2206,0.18998025
5439,model_4b,0.2208,0.18068938
5440,model_4b,0.3857,0.33486304
5441,model_4b,0.1792,0.11342413
5442,model_4b,0.019,0.06926552
5443,model_4b,0.1989,0.21034674
5444,model_4b,0.2141,0.20569134
5445,model_4b,0.376,0.34594053
5446,model_4b,0.1498,0.2227402
5447,model_4b,0.0335,-0.009929732
5448,model_4b,0.2547,0.289069
5449,model_4b,0.4235,0.41273856
5450,model_4b,0.369,0.3884902
5451,model_4b,0.2347,0.27656758
5452,model_4b,0.5132,0.609281
5453,model_4b,0.6813,0.78301805
5454,model_4b,0.2096,0.20884003
5455,model_4b,0.1504,0.11421693
5456,model_4b,0.1654,0.16179976
5457,model_4b,0.2655,0.28845775
5458,model_4b,-0.0196,-0.06551002
5459,model_4b,0.1818,0.24379908
5460,model_4b,0.2355,0.22664504
5461,model_4b,0.1627,0.18270752
5462,model_4b,0.1224,0.36858457
5463,model_4b,0.3277,0.3394836
5464,model_4b,0.0593,0.06371901
5465,model_4b,0.0822,0.10988364
5466,model_4b,0.5582,0.56642646
5467,model_4b,0.2101,0.28398967
5468,model_4b,0.1047,0.11987622
5469,model_4b,0.4698,0.33339596
5470,model_4b,0.2846,0.31740993
5471,model_4b,0.2647,0.271581
5472,model_4b,-0.0009,-0.14856036
5473,model_4b,0.1054,0.124547645
5474,model_4b,0.0786,0.09566352
5475,model_4b,0.3096,0.36842173
5476,model_4b,0.1641,0.121303365
5477,model_4b,0.0942,0.07152873
5478,model_4b,0.0136,0.030348554
5479,model_4b,0.0959,0.081819065
5480,model_4b,0.8027,0.7962653
5481,model_4b,0.2329,0.09960942
5482,model_4b,0.3372,0.27206072
5483,model_4b,0.0099,0.027616266
5484,model_4b,0.6129,0.60917014
5485,model_4b,0.0818,0.11149114
5486,model_4b,0.0712,0.09145498
5487,model_4b,0.3624,0.30910885
5488,model_4b,0.1103,0.27817065
5489,model_4b,0.2026,0.21974225
5490,model_4b,0.4474,0.43659428
5491,model_4b,0.1322,0.15564957
5492,model_4b,0.3091,0.38300985
5493,model_4b,0.0551,0.055203825
5494,model_4b,0.1049,0.26727363
5495,model_4b,0.263,0.2599228
5496,model_4b,0.421,0.428267
5497,model_4b,0.1589,0.19061401
5498,model_4b,0.5941,0.5582167
5499,model_4b,0.4142,0.43506193
5500,model_4b,0.1854,0.17500047
5501,model_4b,0.2463,0.26457423
5502,model_4b,0.159,0.112965874
5503,model_4b,0.5008,0.42504174
5504,model_4b,0.5742,0.5807114
5505,model_4b,0.3216,0.34341952
5506,model_4b,0.3896,0.34080774
5507,model_4b,0.2792,0.24161555
5508,model_4b,0.0589,0.06361171
5509,model_4b,0.16,0.16326825
5510,model_4b,0.2734,0.22592501
5511,model_4b,0.4223,0.44435757
5512,model_4b,0.067,0.08136785
5513,model_4b,0.364,0.37708354
5514,model_4b,0.3601,0.30247694
5515,model_4b,0.0247,0.020775162
5516,model_4b,0.3551,0.13068427
5517,model_4b,0.3334,0.37719965
5518,model_4b,0.5679,0.5945122
5519,model_4b,0.4679,0.5597309
5520,model_4b,0.1459,0.11926402
5521,model_4b,0.1602,0.10716972
5522,model_4b,-0.0661,-0.07436065
5523,model_4b,-0.055,-0.04778927
5524,model_4b,0.2047,0.33380878
5525,model_4b,0.2421,0.24398424
5526,model_4b,0.2256,0.22216873
5527,model_4b,0.0069,-0.022895243
5528,model_4b,0.7612,0.7413313
5529,model_4b,0.7587,0.7841829
5530,model_4b,0.8633,0.87272984
5531,model_4b,0.0844,0.11744608
5532,model_4b,0.8313,0.84750015
5533,model_4b,0.2207,0.21934976
5534,model_4b,0.1869,0.22392945
5535,model_4b,0.2115,0.21704917
5536,model_4b,0.0609,0.088253394
5537,model_4b,0.192,0.5949962
5538,model_4b,0.2797,0.26642027
5539,model_4b,0.1371,0.16811372
5540,model_4b,0.3043,0.25925806
5541,model_4b,0.0394,0.03127849
5542,model_4b,0.1216,0.14987002
5543,model_4b,0.1245,0.14846876
5544,model_4b,0.5848,0.70726925
5545,model_4b,0.2432,0.2137658
5546,model_4b,0.0048,0.014500181
5547,model_4b,0.0705,0.055620342
5548,model_4b,-0.097,-0.15884252
5549,model_4b,0.074,0.07666051
5550,model_4b,0.552,0.52862155
5551,model_4b,0.1824,0.19625534
5552,model_4b,0.7669,0.7742667
5553,model_4b,0.1632,0.22282176
5554,model_4b,0.2632,0.1540064
5555,model_4b,0.232,0.1954313
5556,model_4b,0.2834,0.2789799
5557,model_4b,0.7602,0.7485884
5558,model_4b,0.3011,0.25356328
5559,model_4b,0.0026,-0.032150745
5560,model_4b,0.0852,0.20546527
5561,model_4b,0.0265,0.09539663
5562,model_4b,0.4961,0.48664913
5563,model_4b,0.0437,0.039829433
5564,model_4b,0.2586,0.21577245
5565,model_4b,0.093,0.083682045
5566,model_4b,0.2223,0.22298793
5567,model_4b,0.1602,0.18388553
5568,model_4b,0.221,0.19773307
5569,model_4b,-0.1928,-0.15937339
5570,model_4b,0.3604,0.30432266
5571,model_4b,-0.0163,-0.060844965
5572,model_4b,0.2293,0.24703361
5573,model_4b,0.0085,-0.015483216
5574,model_4b,0.3513,0.17699541
5575,model_4b,0.0943,0.08917859
5576,model_4b,0.3155,0.29098856
5577,model_4b,0.2512,0.2535352
5578,model_4b,0.3566,0.33409578
5579,model_4b,0.1238,0.13415802
5580,model_4b,0.003,0.020818397
5581,model_4b,0.242,0.34904033
5582,model_4b,0.1499,0.1751853
5583,model_4b,0.183,0.15495996
5584,model_4b,0.3344,0.33409965
5585,model_4b,-0.1987,-0.17673124
5586,model_4b,0.2334,0.24244286
5587,model_4b,0.081,0.07164323
5588,model_4b,0.1888,0.12312634
5589,model_4b,0.0923,0.12682803
5590,model_4b,0.1871,0.101249635
5591,model_4b,0.3479,0.280433
5592,model_4b,0.6415,0.62206507
5593,model_4b,0.7986,0.79907894
5594,model_4b,0.591,0.58997506
5595,model_4b,0.6373,0.6552304
5596,model_4b,0.5626,0.50766176
5597,model_4b,0.2475,0.1751409
5598,model_4b,0.0807,0.10800852
5599,model_4b,0.3149,0.2903307
5600,model_4b,-0.004,0.0053140344
5601,model_4b,0.0315,0.046122365
5602,model_4b,0.6897,0.6381928
5603,model_4b,0.049,0.0650715
5604,model_4b,0.1863,0.15417723
5605,model_4b,0.2395,0.27673143
5606,model_4b,0.3684,0.30507725
5607,model_4b,0.1349,0.24029137
5608,model_4b,0.7558,0.68543756
5609,model_4b,-0.0093,-0.025234599
5610,model_4b,0.1424,0.16548045
5611,model_4b,0.1914,0.22467498
5612,model_4b,0.3664,0.35446188
5613,model_4b,0.428,0.3764217
5614,model_4b,0.3066,0.34938917
5615,model_4b,0.2366,0.2542507
5616,model_4b,0.0673,0.09773619
5617,model_4b,0.1844,0.20188144
5618,model_4b,0.3601,0.39007145
5619,model_4b,0.7097,0.6966328
5620,model_4b,0.1956,0.28628272
5621,model_4b,0.0622,0.12666011
5622,model_4b,0.1181,0.19183986
5623,model_4b,0.0751,0.12298633
5624,model_4b,0.0464,0.0649229
5625,model_4b,0.2715,0.24961464
5626,model_4b,0.1946,0.2121893
5627,model_4b,-0.0171,-0.014631097
5628,model_4b,0.4454,0.4493199
5629,model_4b,0.1567,0.18446831
5630,model_4b,0.3559,0.36991864
5631,model_4b,0.1067,0.08318652
5632,model_4b,0.3285,0.2545119
5633,model_4b,0.0808,0.11958118
5634,model_4b,-0.023,0.03421364
5635,model_4b,0.4467,0.43507987
5636,model_4b,-0.203,-0.19355169
5637,model_4b,0.1753,0.13926367
5638,model_4b,0.1239,0.10370532
5639,model_4b,0.5363,0.516792
5640,model_4b,0.2086,0.17319621
5641,model_4b,0.0631,0.050974045
5642,model_4b,0.6107,0.44666594
5643,model_4b,-0.0504,-0.05012064
5644,model_4b,0.0492,0.04729035
5645,model_4b,0.2865,0.4065593
5646,model_4b,0.0804,0.15877041
5647,model_4b,0.1995,0.28110197
5648,model_4b,0.073,0.25169206
5649,model_4b,0.2945,0.17978734
5650,model_4b,0.8086,0.7906226
5651,model_4b,0.2032,0.18464257
5652,model_4b,0.1317,0.12090732
5653,model_4b,0.381,0.39087462
5654,model_4b,0.1685,0.3467152
5655,model_4b,0.3109,0.30690095
5656,model_4b,0.9031,0.846096
5657,model_4b,0.1289,0.116476655
5658,model_4b,-0.1243,-0.12336154
5659,model_4b,0.3541,0.3707174
5660,model_4b,0.2779,0.2898237
5661,model_4b,0.145,0.1804841
5662,model_4b,0.2584,0.24411066
5663,model_4b,0.4239,0.43007064
5664,model_4b,0.1823,0.15373723
5665,model_4b,0.2583,0.23887457
5666,model_4b,0.2582,0.25157636
5667,model_4b,-0.0728,-0.12597111
5668,model_4b,0.7423,0.8796745
5669,model_4b,0.0398,0.045575622
5670,model_4b,0.232,0.2480032
5671,model_4b,0.3535,0.28977758
5672,model_4b,0.1567,0.12598298
5673,model_4b,0.2001,0.23652266
5674,model_4b,0.17,0.19418842
5675,model_4b,0.1181,0.14528571
5676,model_4b,0.2155,0.2537126
5677,model_4b,0.0574,0.032664917
5678,model_4b,0.2653,0.2962634
5679,model_4b,0.169,0.10877134
5680,model_4b,0.1139,0.114598595
5681,model_4b,0.4252,0.4211236
5682,model_4b,-0.072,-0.09065293
5683,model_4b,0.4998,0.4438483
5684,model_4b,0.1014,0.12196936
5685,model_4b,0.6795,0.6565029
5686,model_4b,0.6253,0.5863233
5687,model_4b,0.4304,0.43935606
5688,model_4b,0.2564,0.27080563
5689,model_4b,0.2246,0.21151286
5690,model_4b,0.5075,0.50186265
5691,model_4b,0.3139,0.40402025
5692,model_4b,0.6472,0.62720114
5693,model_4b,0.0131,-0.005068236
5694,model_4b,0.1693,0.13245384
5695,model_4b,0.1423,0.11595461
5696,model_4b,0.191,0.19387265
5697,model_4b,0.2701,0.14602001
5698,model_4b,0.0245,0.032793865
5699,model_4b,0.8263,0.8530747
5700,model_4b,0.1162,0.11677109
5701,model_4b,0.2257,0.098866194
5702,model_4b,0.3653,0.3172286
5703,model_4b,0.1407,0.11840527
5704,model_4b,0.3483,0.21387798
5705,model_4b,-0.0772,-0.051527932
5706,model_4b,0.3423,0.29790726
5707,model_4b,0.4509,0.39224562
5708,model_4b,0.0021,0.029580165
5709,model_4b,-0.0953,-0.055936802
5710,model_4b,0.047,0.005199096
5711,model_4b,0.1074,0.03570409
5712,model_4b,0.0169,-0.00845218
5713,model_4b,0.1411,0.16645458
5714,model_4b,0.0268,0.070814714
5715,model_4b,0.154,0.14717363
5716,model_4b,0.0007,0.020030312
5717,model_4b,0.0192,0.12089835
5718,model_4b,0.2277,0.22670625
5719,model_4b,0.0527,0.055501133
5720,model_4b,0.7536,0.80703443
5721,model_4b,0.1427,0.14953394
5722,model_4b,0.0372,0.06303631
5723,model_4b,0.083,0.08196871
5724,model_4b,0.692,0.70612824
5725,model_4b,0.1578,0.159004
5726,model_4b,0.1449,0.09256345
5727,model_4b,-0.0913,-0.003118257
5728,model_4b,0.1377,0.07790731
5729,model_4b,-0.0243,0.0024762256
5730,model_4b,0.1316,0.18191426
5731,model_4b,0.071,0.13228428
5732,model_4b,0.0416,0.12990935
5733,model_4b,-0.0078,0.044714462
5734,model_4b,0.0587,0.04947726
5735,model_4b,-0.1209,-0.004190658
5736,model_4b,0.2791,0.31007487
5737,model_4b,0.0006,-0.005120299
5738,model_4b,-0.0347,-0.06209301
5739,model_4b,-0.1586,-0.10740311
5740,model_4b,0.6421,0.60799664
5741,model_4b,0.4223,0.40454972
5742,model_4b,-0.0554,-0.06660674
5743,model_4b,-0.1465,-0.03422442
5744,model_4b,0.4164,0.33830255
5745,model_4b,0.9822,0.9084025
5746,model_4b,0.1536,0.18389374
5747,model_4b,0.1521,0.17099534
5748,model_4b,0.0296,0.023528911
5749,model_4b,0.481,0.51892394
5750,model_4b,0.1582,0.18177564
5751,model_4b,0.2649,0.30566323
5752,model_4b,0.4143,0.45084828
5753,model_4b,0.7998,0.77971834
5754,model_4b,0.3293,0.3349568
5755,model_4b,0.011,0.055987336
5756,model_4b,0.2204,0.18878889
5757,model_4b,0.1795,0.20204787
5758,model_4b,0.2417,0.24424337
5759,model_4b,0.763,0.708082
5760,model_4b,0.0937,0.12751879
5761,model_4b,0.5563,0.55726534
5762,model_4b,0.5296,0.5045729
5763,model_4b,0.7078,0.665491
5764,model_4b,0.4602,0.41210306
5765,model_4b,0.1286,0.1499342
5766,model_4b,0.0062,-0.024498984
5767,model_4b,0.4801,0.48886126
5768,model_4b,0.191,0.1874015
5769,model_4b,0.1877,0.1384777
5770,model_4b,0.1538,0.13392119
5771,model_4b,0.413,0.44011718
5772,model_4b,0.2631,0.3140952
5773,model_4b,0.7893,0.6746747
5774,model_4b,0.5589,0.47708517
5775,model_4b,0.4408,0.39037254
5776,model_4b,0.1751,0.17521344
5777,model_4b,0.338,0.3184502
5778,model_4b,0.0389,0.07181144
5779,model_4b,-0.0409,-0.10634411
5780,model_4b,0.8845,0.91662806
5781,model_4b,0.507,0.48707348
5782,model_4b,0.5069,0.44704318
5783,model_4b,0.159,0.19816671
5784,model_4b,0.3403,0.3047539
5785,model_4b,0.1347,0.123265475
5786,model_4b,-0.0917,-0.16187204
5787,model_4b,0.3132,0.34463212
5788,model_4b,0.1563,0.192652
5789,model_4b,0.1634,0.12226248
5790,model_4b,0.0283,0.061096534
5791,model_4b,0.4156,0.35412478
5792,model_4b,0.2776,0.2803095
5793,model_4b,0.285,0.29486984
5794,model_4b,0.0277,0.06437805
5795,model_4b,0.2433,0.27835804
5796,model_4b,0.0146,0.010764197
5797,model_4b,0.1401,0.19538972
5798,model_4b,0.2873,0.28193307
5799,model_4b,0.2748,0.21583407
5800,model_4b,0.6025,0.5408358
5801,model_4b,0.4643,0.38643676
5802,model_4b,-0.2157,-0.019608945
5803,model_4b,0.1203,0.07262626
5804,model_4b,0.0828,0.10378598
5805,model_4b,0.4831,0.43475842
5806,model_4b,0.2895,0.34255856
5807,model_4b,-0.0352,-0.037554845
5808,model_4b,0.2205,0.19321172
5809,model_4b,0.0719,0.1089923
5810,model_4b,0.1049,0.14864053
5811,model_4b,0.1905,0.19452946
5812,model_4b,0.1619,0.11395952
5813,model_4b,0.3369,0.2870283
5814,model_4b,0.0956,0.13426898
5815,model_4b,0.2671,0.2062711
5816,model_4b,0.4321,0.35515535
5817,model_4b,0.968,1.003969
5818,model_4b,0.2189,0.20815265
5819,model_4b,0.4722,0.43916282
5820,model_4b,0.104,0.12649442
5821,model_4b,0.119,0.15599224
5822,model_4b,0.0959,0.16256884
5823,model_4b,0.1303,0.18989211
5824,model_4b,0.3844,0.39957988
5825,model_4b,0.0468,0.040029842
5826,model_4b,0.0681,0.05743788
5827,model_4b,0.1287,0.066119336
5828,model_4b,-0.0123,0.03656225
5829,model_4b,0.0708,0.066745
5830,model_4b,0.2627,0.18536991
5831,model_4b,0.7374,0.68661076
5832,model_4b,0.1087,0.13042024
5833,model_4b,0.5968,0.6065807
5834,model_4b,0.0077,0.0072491327
5835,model_4b,0.3318,0.30504018
5836,model_4b,1.0182,1.0137788
5837,model_4b,0.3165,0.29126573
5838,model_4b,0.3294,0.3432259
5839,model_4b,0.2514,0.20206924
5840,model_4b,0.1323,0.17881067
5841,model_4b,0.716,0.68565005
5842,model_4b,0.1813,0.18485732
5843,model_4b,-0.1411,-0.15888812
5844,model_4b,0.3845,0.3432662
5845,model_4b,0.2491,0.33053526
5846,model_4b,0.3569,0.28873578
5847,model_4b,0.263,0.25109565
5848,model_4b,0.2614,0.31244254
5849,model_4b,0.0157,0.017695818
5850,model_4b,-0.0157,-0.0063978275
5851,model_4b,0.2534,0.15453681
5852,model_4b,0.1752,0.11210801
5853,model_4b,0.3473,0.38356298
5854,model_4b,0.2273,0.17992334
5855,model_4b,0.1363,0.15171166
5856,model_4b,0.2728,0.26506588
5857,model_4b,0.0689,0.12238224
5858,model_4b,0.1177,0.1470332
5859,model_4b,0.2348,0.26162124
5860,model_4b,0.1175,0.07193975
5861,model_4b,0.3843,0.4291868
5862,model_4b,-0.0015,-0.009565621
5863,model_4b,0.6192,0.61450756
5864,model_4b,0.4464,0.5456823
5865,model_4b,0.0115,0.007106702
5866,model_4b,0.1149,0.14546694
5867,model_4b,0.1727,0.102294445
5868,model_4b,0.762,0.70676243
5869,model_4b,0.0519,0.050306767
5870,model_4b,-0.0504,-0.039082605
5871,model_4b,0.5145,0.494883
5872,model_4b,0.2275,0.14913692
5873,model_4b,0.3701,0.36913124
5874,model_4b,0.8236,0.8226909
5875,model_4b,0.105,0.11132632
5876,model_4b,0.2646,0.1329667
5877,model_4b,0.511,0.57521117
5878,model_4b,0.7372,0.7816251
5879,model_4b,0.6179,0.6223126
5880,model_4b,0.2927,0.31705952
5881,model_4b,0.0958,0.15247512
5882,model_4b,0.2262,0.15471812
5883,model_4b,0.1204,0.15267782
5884,model_4b,0.444,0.4454987
5885,model_4b,0.1689,0.1586072
5886,model_4b,0.1055,0.108538926
5887,model_4b,0.0738,0.051843006
5888,model_4b,0.3141,0.234268
5889,model_4b,0.4324,0.47395664
5890,model_4b,0.4149,0.50064826
5891,model_4b,0.1827,0.12439413
5892,model_4b,0.177,0.16529399
5893,model_4b,0.4184,0.42226976
5894,model_4b,0.4611,0.4740504
5895,model_4b,0.1411,0.106973276
5896,model_4b,0.1326,0.12949558
5897,model_4b,0.0674,0.0794678
5898,model_4b,-0.1918,-0.12811235
5899,model_4b,0.0889,0.074792676
5900,model_4b,0.2759,0.28571382
5901,model_4b,0.2229,0.28347898
5902,model_4b,0.0286,0.028941542
5903,model_4b,0.234,0.21284369
5904,model_4b,0.4041,0.3440863
5905,model_4b,0.55,0.5270454
5906,model_4b,0.4234,0.42971116
5907,model_4b,0.7192,0.76689166
5908,model_4b,0.1053,0.11086491
5909,model_4b,0.5756,0.53174996
5910,model_4b,0.6088,0.6327537
5911,model_4b,0.0527,0.049322315
5912,model_4b,0.0983,0.11258326
5913,model_4b,0.2077,0.28826633
5914,model_4b,0.4189,0.4422382
5915,model_4b,0.3759,0.39920276
5916,model_4b,0.0413,0.074244276
5917,model_4b,0.444,0.466251
5918,model_4b,0.3499,0.3848233
5919,model_4b,0.0417,0.02922744
5920,model_4b,0.2727,0.28530723
5921,model_4b,0.2218,0.08748198
5922,model_4b,0.4209,0.34717968
5923,model_4b,0.4697,0.46925423
5924,model_4b,0.2169,0.13612865
5925,model_4b,0.194,0.20110022
5926,model_4b,0.1483,0.119270205
5927,model_4b,0.0315,0.14204903
5928,model_4b,0.2095,0.26470718
5929,model_4b,0.1968,0.1809251
5930,model_4b,0.1501,0.15875582
5931,model_4b,0.0064,0.015360269
5932,model_4b,0.1139,0.07338794
5933,model_4b,0.3997,0.44332206
5934,model_4b,0.0137,0.08090231
5935,model_4b,0.5632,0.55935913
5936,model_4b,0.364,0.408385
5937,model_4b,0.1252,0.11763951
5938,model_4b,0.8815,0.85728526
5939,model_4b,-0.1031,-0.08099906
5940,model_4b,0.6519,0.66567427
5941,model_4b,-0.1633,-0.189128
5942,model_4b,0.1594,0.27220106
5943,model_4b,0.1353,0.12575644
5944,model_4b,0.0928,0.08028885
5945,model_4b,0.2394,0.1806852
5946,model_4b,-0.1511,-0.10811707
5947,model_4b,0.1249,0.1583112
5948,model_4b,0.1967,0.20000853
5949,model_4b,0.244,0.255217
5950,model_4b,0.2271,0.13754466
5951,model_4b,0.0979,0.10142318
5952,model_4b,0.5082,0.47665852
5953,model_4b,0.0196,0.061748117
5954,model_4b,0.2708,0.33908993
5955,model_4b,-0.0592,0.21936177
5956,model_4b,0.1764,0.19160262
5957,model_4b,0.712,0.71056706
5958,model_4b,0.161,0.15412413
5959,model_4b,0.2217,0.11703482
5960,model_4b,0.0747,0.055707693
5961,model_4b,0.2956,0.29601932
5962,model_4b,-0.1472,-0.1411179
5963,model_4b,0.0653,0.07223886
5964,model_4b,0.4054,0.36562237
5965,model_4b,0.2278,0.2537992
5966,model_4b,0.0893,0.033027075
5967,model_4b,0.1983,0.19461985
5968,model_4b,0.1475,0.108184606
5969,model_4b,0.6911,0.69873106
5970,model_4b,0.2204,0.24100289
5971,model_4b,0.1781,0.2273176
5972,model_4b,0.0152,0.0312775
5973,model_4b,0.3516,0.3007508
5974,model_4b,0.3131,0.30173254
5975,model_4b,0.2978,0.30965084
5976,model_4b,0.5104,0.44348717
5977,model_4b,0.2419,0.26742604
5978,model_4b,0.1082,0.10954428
5979,model_4b,0.3764,0.4161998
5980,model_4b,0.2529,0.3125352
5981,model_4b,0.1246,0.094870925
5982,model_4b,0.1304,0.12445271
5983,model_4b,-0.0045,-0.0054678665
5984,model_4b,0.3164,0.27630168
5985,model_4b,0.1435,0.12271391
5986,model_4b,0.0229,0.11016541
5987,model_4b,0.0309,0.020808645
5988,model_4b,0.0621,0.115414426
5989,model_4b,0.0784,0.106338516
5990,model_4b,0.5824,0.6016887
5991,model_4b,-0.1898,-0.10181801
5992,model_4b,0.06,0.0473318
5993,model_4b,0.0708,-0.010166728
5994,model_4b,0.0177,0.016756728
5995,model_4b,0.0279,0.05058331
5996,model_4b,0.1094,0.15776436
5997,model_4b,0.1045,0.037653767
5998,model_4b,0.0055,0.0037746588
5999,model_4b,0.6646,0.7240453
6000,model_4b,0.0512,0.027210318
6001,model_4b,0.3833,0.36959857
6002,model_4b,0.5024,0.5391925
6003,model_4b,0.126,0.113349326
6004,model_4b,0.0858,0.24035083
6005,model_4b,0.7167,0.67032313
6006,model_4b,0.1458,0.13472675
6007,model_4b,0.8372,0.88499993
6008,model_4b,0.1658,0.12641753
6009,model_4b,0.2899,0.2592731
6010,model_4b,0.0753,0.067967266
6011,model_4b,0.1578,0.13436665
6012,model_4b,0.1004,0.10563415
6013,model_4b,0.0181,0.047662556
6014,model_4b,0.0246,0.028627742
6015,model_4b,0.2726,0.38453317
6016,model_4b,0.336,0.42313755
6017,model_4b,0.2463,0.27882802
6018,model_4b,-0.0199,-0.021389212
6019,model_4b,0.1932,0.14123037
6020,model_4b,0.3848,0.39630097
6021,model_4b,0.3624,0.49631917
6022,model_4b,0.224,0.25550675
6023,model_4b,-0.0369,-0.06823487
6024,model_4b,0.2776,0.28227055
6025,model_4b,0.1372,0.10727202
6026,model_4b,0.2901,0.31062788
6027,model_4b,0.3244,0.33775693
6028,model_4b,0.6171,0.612001
6029,model_4b,0.3473,0.37363547
6030,model_4b,0.1021,0.08960198
6031,model_4b,0.2893,0.26009202
6032,model_4b,0.6872,0.6806358
6033,model_4b,0.1537,-0.020534478
6034,model_4b,0.1725,0.123395056
6035,model_4b,0.6856,0.6859985
6036,model_4b,0.0473,0.06629802
6037,model_4b,0.3468,0.37153906
6038,model_4b,0.1598,0.19493882
6039,model_4b,0.2828,0.22211172
6040,model_4b,0.2706,0.072266296
6041,model_4b,0.2465,0.21274288
6042,model_4b,0.363,0.36118674
6043,model_4b,0.0102,0.047755934
6044,model_4b,0.1531,0.17037992
6045,model_4b,0.0672,0.04095306
6046,model_4b,0.4204,0.42149442
6047,model_4b,0.4323,0.39576948
6048,model_4b,0.0455,0.05166833
6049,model_4b,0.2536,0.2503097
6050,model_4b,0.2168,0.2107478
6051,model_4b,0.1225,0.06802799
6052,model_4b,0.2041,0.104530744
6053,model_4b,0.4143,0.36319298
6054,model_4b,0.133,0.13984679
6055,model_4b,0.7504,0.7171766
6056,model_4b,0.0793,0.103190556
6057,model_4b,0.7187,0.7571309
6058,model_4b,-0.0888,-0.1465224
6059,model_4b,-0.0724,-0.17144571
6060,model_4b,0.1755,0.21142432
6061,model_4b,0.1294,0.13094969
6062,model_4b,0.0995,0.07715341
6063,model_4b,0.427,0.46653944
6064,model_4b,0.6007,0.5925496
6065,model_4b,-0.0566,-0.043049425
6066,model_4b,0.1829,0.16558442
6067,model_4b,0.0908,0.055301912
6068,model_4b,0.0227,0.010569281
6069,model_4b,0.1461,0.12143327
6070,model_4b,0.4368,0.42482376
6071,model_4b,0.4394,0.42190558
6072,model_4b,0.1819,0.21402048
6073,model_4b,0.4523,0.4380329
6074,model_4b,0.2127,0.21485852
6075,model_4b,0.2036,0.16342561
6076,model_4b,0.1276,0.11282905
6077,model_4b,0.1621,0.17869721
6078,model_4b,0.1851,0.19463037
6079,model_4b,0.0788,0.03976976
6080,model_4b,0.5982,0.6279174
6081,model_4b,-0.054,-0.028500788
6082,model_4b,0.4461,0.45715836
6083,model_4b,0.2989,0.32943028
6084,model_4b,0.0467,0.06491683
6085,model_4b,0.074,0.059401833
6086,model_4b,0.1703,0.10375543
6087,model_4b,-0.1722,-0.19931489
6088,model_4b,-0.185,-0.10750154
6089,model_4b,0.0057,-0.00709753
6090,model_4b,0.4083,0.40262133
6091,model_4b,0.0645,0.1211102
6092,model_4b,-0.0974,-0.033578396
6093,model_4b,0.4317,0.45267648
6094,model_4b,-0.0463,-0.0674573
6095,model_4b,0.6555,0.6829346
6096,model_4b,0.3019,0.33713132
6097,model_4b,0.0058,-0.029212039
6098,model_4b,0.2217,0.3444171
6099,model_4b,0.7551,0.73991024
6100,model_4b,0.2415,0.22420149
6101,model_4b,0.0656,0.023474984
6102,model_4b,0.4595,0.48771966
6103,model_4b,0.8544,0.86567533
6104,model_4b,0.3717,0.37601584
6105,model_4b,0.6272,0.64774585
6106,model_4b,0.3022,0.30203864
6107,model_4b,0.3778,0.36946088
6108,model_4b,0.0287,-0.024197891
6109,model_4b,0.3884,0.3474074
6110,model_4b,-0.0232,-0.004099273
6111,model_4b,0.3837,0.36099786
6112,model_4b,0.2799,0.22879146
6113,model_4b,-0.0871,-0.10124616
6114,model_4b,0.057,0.058822148
6115,model_4b,0.8139,0.87997776
6116,model_4b,0.4231,0.38831192
6117,model_4b,0.579,0.5203758
6118,model_4b,0.1442,0.12581441
6119,model_4b,-0.0193,0.0075344266
6120,model_4b,0.3733,0.39378875
6121,model_4b,0.07,0.093181185
6122,model_4b,0.2267,0.26363093
6123,model_4b,0.0168,0.03703803
6124,model_4b,0.2955,0.32215792
6125,model_4b,0.2859,0.26810756
6126,model_4b,0.361,0.31418836
6127,model_4b,-0.026,0.048271097
6128,model_4b,0.2305,0.27161843
6129,model_4b,0.3306,0.3403474
6130,model_4b,0.5237,0.5341649
6131,model_4b,0.1627,0.21329106
6132,model_4b,0.1755,0.13457583
6133,model_4b,0.3975,0.33976617
6134,model_4b,0.5249,0.52041847
6135,model_4b,0.2497,0.16893257
6136,model_4b,0.4996,0.5379112
6137,model_4b,0.1157,0.017210528
6138,model_4b,0.4703,0.50272447
6139,model_4b,0.239,0.21564068
6140,model_4b,-0.112,-0.09079853
6141,model_4b,0.5592,0.52544016
6142,model_4b,-0.093,-0.11138934
6143,model_4b,0.0394,0.010257258
6144,model_4b,0.5545,0.56410307
6145,model_4b,0.172,0.14916117
6146,model_4b,0.0646,0.07103445
6147,model_4b,0.2157,0.21132691
6148,model_4b,-0.0403,-0.111859396
6149,model_4b,0.2253,0.21150072
6150,model_4b,-0.0892,-0.07464015
6151,model_4b,0.605,0.684581
6152,model_4b,0.1725,0.17470203
6153,model_4b,0.2313,0.20163621
6154,model_4b,0.4575,0.47846973
6155,model_4b,0.4148,0.34738433
6156,model_4b,0.7204,0.7337081
6157,model_4b,0.9066,0.9013075
6158,model_4b,0.02,0.027079336
6159,model_4b,1.19,1.0810765
6160,model_4b,0.2233,0.1898788
6161,model_4b,0.0991,0.08834671
6162,model_4b,0.563,0.45246774
6163,model_4b,0.2097,0.22439902
6164,model_4b,0.0878,0.10151072
6165,model_4b,0.1536,0.13737206
6166,model_4b,0.722,0.7230136
6167,model_4b,-0.018,-0.028512787
6168,model_4b,-0.0696,-0.0140133025
6169,model_4b,-0.11,-0.12768643
6170,model_4b,0.0869,0.078115925
6171,model_4b,0.0163,0.021959402
6172,model_4b,0.195,0.1883771
6173,model_4b,0.5799,0.5857921
6174,model_4b,0.3821,0.39994282
6175,model_4b,0.4484,0.40791708
6176,model_4b,0.1293,0.15537235
6177,model_4b,0.0924,0.09165503
6178,model_4b,0.1134,0.14428277
6179,model_4b,0.1729,0.092141084
6180,model_4b,0.7514,0.7705801
6181,model_4b,0.2276,0.1813957
6182,model_4b,-0.0965,-0.057574287
6183,model_4b,0.2775,0.26752025
6184,model_4b,-0.0962,-0.11444424
6185,model_4b,0.6814,0.73250675
6186,model_4b,0.9367,0.8993051
6187,model_4b,0.587,0.55594593
6188,model_4b,0.6261,0.63380486
6189,model_4b,0.8384,0.9333574
6190,model_4b,-0.0616,-0.072165534
6191,model_4b,0.2096,0.117410436
6192,model_4b,0.1658,0.18596429
6193,model_4b,0.3386,0.31068504
6194,model_4b,0.2073,0.2308482
6195,model_4b,0.2365,0.28014842
6196,model_4b,0.4759,0.5216902
6197,model_4b,0.3594,0.32001963
6198,model_4b,-0.0126,-0.057727773
6199,model_4b,0.4295,0.36573178
6200,model_4b,0.1794,0.17026167
6201,model_4b,0.3426,0.333227
6202,model_4b,0.1062,0.14958493
6203,model_4b,0.2959,0.27515602
6204,model_4b,0.0748,0.110865206
6205,model_4b,0.0739,0.10185361
6206,model_4b,0.817,0.8269567
6207,model_4b,0.0618,0.07264528
6208,model_4b,0.1994,0.24451981
6209,model_4b,0.2399,0.22570917
6210,model_4b,-0.1687,-0.16388242
6211,model_4b,0.3406,0.35981876
6212,model_4b,0.0426,-0.14813954
6213,model_4b,0.487,0.5370907
6214,model_4b,0.3844,0.39398682
6215,model_4b,-0.1033,0.027438961
6216,model_4b,0.1726,0.1734802
6217,model_4b,-0.2251,-0.034214627
6218,model_4b,-0.1563,-0.13849269
6219,model_4b,-0.017,-0.0058263214
6220,model_4b,0.1351,0.17728668
6221,model_4b,0.0298,0.07587876
6222,model_4b,0.4114,0.420179
6223,model_4b,0.2823,0.28653193
6224,model_4b,0.3214,0.36957607
6225,model_4b,0.3173,0.32879043
6226,model_4b,0.6335,0.6471233
6227,model_4b,0.4386,0.39687312
6228,model_4b,0.7033,0.7306661
6229,model_4b,0.0961,0.034984425
6230,model_4b,0.2092,0.14210396
6231,model_4b,0.1515,0.18721184
6232,model_4b,0.3138,0.31895047
6233,model_4b,0.019,0.06513908
6234,model_4b,0.0454,0.035025224
6235,model_4b,0.032,0.07891697
6236,model_4b,0.5434,0.4903116
6237,model_4b,0.2446,0.2846275
6238,model_4b,0.2105,0.19191328
6239,model_4b,0.2033,0.23538251
6240,model_4b,0.1468,0.13707358
6241,model_4b,0.0986,0.10461913
6242,model_4b,0.1279,0.11359656
6243,model_4b,0.0499,0.05976218
6244,model_4b,0.3669,0.35895032
6245,model_4b,-0.015,-0.011420944
6246,model_4b,-0.0886,-0.12047087
6247,model_4b,0.0577,0.04865337
6248,model_4b,0.1608,0.1819227
6249,model_4b,0.1703,0.17372556
6250,model_4b,0.3218,0.34029207
6251,model_4b,-0.0403,-0.077419154
6252,model_4b,0.2946,0.33965215
6253,model_4b,0.4484,0.49751848
6254,model_4b,0.9149,0.9541263
6255,model_4b,0.1495,0.13203157
6256,model_4b,0.2393,0.2024541
6257,model_4b,0.2756,0.26721117
6258,model_4b,0.0972,0.10578916
6259,model_4b,0.2435,0.23891427
6260,model_4b,0.3776,0.4904491
6261,model_4b,0.3487,0.36000845
6262,model_4b,0.0518,0.029769514
6263,model_4b,0.1802,0.17179488
6264,model_4b,-0.0121,-0.054509636
6265,model_4b,0.6174,0.6133335
6266,model_4b,0.3866,0.3614558
6267,model_4b,0.2892,0.32336783
6268,model_4b,0.1315,0.17817004
6269,model_4b,0.1742,0.11281092
6270,model_4b,0.1037,-0.013382259
6271,model_4b,0.1609,0.26158914
6272,model_4b,-0.0852,-0.1719761
6273,model_4b,0.0135,0.02534794
6274,model_4b,-0.0106,-0.025434706
6275,model_4b,0.4296,0.3332198
6276,model_4b,0.089,0.27440727
6277,model_4b,0.113,0.1248257
6278,model_4b,0.1457,0.18478459
6279,model_4b,-0.1112,-0.056494314
6280,model_4b,0.4272,0.43808854
6281,model_4b,0.0777,0.10849747
6282,model_4b,0.4754,0.4310629
6283,model_4b,0.0916,0.10411585
6284,model_4b,0.0824,0.14845996
6285,model_4b,0.1173,0.14326485
6286,model_4b,0.2356,0.17774828
6287,model_4b,0.0041,0.009740126
6288,model_4b,0.4338,0.420874
6289,model_4b,-0.0558,-0.08882217
6290,model_4b,0.1597,0.16697557
6291,model_4b,0.4863,0.47371686
6292,model_4b,0.81,0.84224087
6293,model_4b,0.0105,0.03364924
6294,model_4b,0.7994,0.7720761
6295,model_4b,0.0764,0.12008953
6296,model_4b,0.3749,0.368871
6297,model_4b,0.126,0.19055258
6298,model_4b,0.7243,0.6979843
6299,model_4b,0.2803,0.26696774
6300,model_4b,0.2326,0.18385331
6301,model_4b,0.2476,0.25259447
6302,model_4b,0.048,0.02871956
6303,model_4b,-0.0579,-0.062371645
6304,model_4b,0.2671,0.25872928
6305,model_4b,0.2702,0.22038968
6306,model_4b,0.0745,0.099526495
6307,model_4b,-0.044,-0.06755334
6308,model_4b,0.4013,0.20663197
6309,model_4b,0.1741,0.1621862
6310,model_4b,0.28,0.31708854
6311,model_4b,0.3123,0.31695408
6312,model_4b,0.2244,0.19320367
6313,model_4b,-0.0724,0.06379144
6314,model_4b,-0.1737,-0.10999082
6315,model_4b,0.3393,0.3836205
6316,model_4b,0.1571,0.12506972
6317,model_4b,0.1801,0.22600573
6318,model_4b,0.5595,0.6555037
6319,model_4b,0.2539,0.30515152
6320,model_4b,0.1424,0.14684132
6321,model_4b,0.5416,0.5542535
6322,model_4b,0.6322,0.6744532
6323,model_4b,0.9013,0.8691432
6324,model_4b,0.2388,0.18159054
6325,model_4b,0.0292,0.013857585
6326,model_4b,0.2263,0.2866076
6327,model_4b,-0.0301,0.03340981
6328,model_4b,-0.0393,-0.040200196
6329,model_4b,0.3149,0.3099876
6330,model_4b,0.1496,0.18203606
6331,model_4b,0.8375,0.8710064
6332,model_4b,0.3452,0.36740816
6333,model_4b,0.0905,0.10897744
6334,model_4b,0.279,0.2770621
6335,model_4b,0.7465,0.7738001
6336,model_4b,0.4102,0.4551903
6337,model_4b,0.179,0.18180649
6338,model_4b,0.342,0.32790282
6339,model_4b,0.1498,0.18228905
6340,model_4b,0.0013,0.055900276
6341,model_4b,0.1573,0.19703822
6342,model_4b,-0.0692,-0.037206847
6343,model_4b,0.0915,0.14658143
6344,model_4b,-0.1217,-0.07469489
6345,model_4b,0.006,-0.035390843
6346,model_4b,0.1602,0.17776793
6347,model_4b,0.4953,0.51303524
6348,model_4b,0.1028,0.06560133
6349,model_4b,0.4005,0.4332433
6350,model_4b,0.0468,0.08827598
6351,model_4b,0.1325,0.17520548
6352,model_4b,0.3984,0.44160992
6353,model_4b,0.4429,0.46512783
6354,model_4b,0.282,0.30128777
6355,model_4b,-0.0364,-0.030507084
6356,model_4b,0.3952,0.41062993
6357,model_4b,0.1896,0.1951427
6358,model_4b,0.1409,0.17337967
6359,model_4b,0.1024,0.2976943
6360,model_4b,0.3351,0.32524303
6361,model_4b,0.2263,0.1783822
6362,model_4b,0.0505,0.023291074
6363,model_4b,0.095,0.10196484
6364,model_4b,0.1807,0.18992844
6365,model_4b,0.4296,0.5067166
6366,model_4b,0.1463,0.170595
6367,model_4b,0.5338,0.51401466
6368,model_4b,0.2108,0.23488829
6369,model_4b,0.4613,0.44447467
6370,model_4b,0.3876,0.3391488
6371,model_4b,0.0306,0.059631422
6372,model_4b,0.5567,0.59259766
6373,model_4b,0.3687,0.35590693
6374,model_4b,0.1993,0.28266093
6375,model_4b,0.8394,0.7920584
6376,model_4b,0.1974,0.21125586
6377,model_4b,0.0667,0.10762183
6378,model_4b,0.4488,0.48667526
6379,model_4b,0.4274,0.4275208
6380,model_4b,0.2094,0.28626585
6381,model_4b,0.1514,0.20877315
6382,model_4b,0.3395,0.3069134
6383,model_4b,-0.2121,-0.18782572
6384,model_4b,0.4152,0.3889122
6385,model_4b,0.2232,0.2035155
6386,model_4b,0.2168,0.14285782
6387,model_4b,0.3048,0.30795774
6388,model_4b,0.2816,0.25900733
6389,model_4b,0.2313,0.3799529
6390,model_4b,0.2101,0.21167488
6391,model_4b,0.2225,0.21722877
6392,model_4b,0.1334,0.17866097
6393,model_4b,0.4307,0.45027417
6394,model_4b,0.663,0.65059817
6395,model_4b,0.2275,0.14237474
6396,model_4b,-0.0826,-0.095041424
6397,model_4b,0.1978,0.18367307
6398,model_4b,-0.0077,0.007962174
6399,model_4b,0.103,0.16379191
6400,model_4b,0.3007,0.27866453
6401,model_4b,0.372,0.38572997
6402,model_4b,0.512,0.57821614
6403,model_4b,0.2462,0.30687594
6404,model_4b,-0.0971,-0.09381078
6405,model_4b,0.3651,0.44105333
6406,model_4b,0.0519,0.07217553
6407,model_4b,0.1303,0.06383516
6408,model_4b,0.3447,0.36742675
6409,model_4b,0.4096,0.3974073
6410,model_4b,0.3269,0.3380726
6411,model_4b,0.656,0.55396205
6412,model_4b,0.2137,0.16289736
6413,model_4b,0.4386,0.43613124
6414,model_4b,0.4577,0.43865195
6415,model_4b,0.1256,0.13572292
6416,model_4b,0.1109,0.08012873
6417,model_4b,0.0655,0.0773935
6418,model_4b,0.367,0.40057617
6419,model_4b,0.0729,0.101547554
6420,model_4b,-0.012,-0.0067518996
6421,model_4b,0.2063,0.05367308
6422,model_4b,0.2196,0.25144637
6423,model_4b,0.202,0.20154555
6424,model_4b,-0.1732,-0.2078978
6425,model_4b,0.4411,0.40516376
6426,model_4b,0.1692,0.11455568
6427,model_4b,0.3644,0.37011892
6428,model_4b,0.1212,0.12583274
6429,model_4b,0.42,0.38929307
6430,model_4b,0.0774,0.10145675
6431,model_4b,0.2859,0.2656995
6432,model_4b,-0.003,-0.03475645
6433,model_4b,0.3905,0.38421896
6434,model_4b,-0.1157,-0.10198243
6435,model_4b,0.2236,0.23094125
6436,model_4b,0.0544,0.06873363
6437,model_4b,0.127,0.1260762
6438,model_4b,0.388,0.33433086
6439,model_4b,0.6839,0.65506595
6440,model_4b,0.408,0.35253447
6441,model_4b,0.2601,0.24368174
6442,model_4b,0.8404,0.8726474
6443,model_4b,0.2563,0.29281357
6444,model_4b,0.0424,0.063518904
6445,model_4b,-0.0446,-0.06724194
6446,model_4b,0.1528,0.06718898
6447,model_4b,0.0167,0.01439174
6448,model_4b,0.06,0.08308211
6449,model_4b,0.1122,0.11269775
6450,model_4b,0.3215,0.2931611
6451,model_4b,0.1539,0.13759755
6452,model_4b,0.2696,0.19525428
6453,model_4b,-0.1477,-0.086453564
6454,model_4b,-0.2229,-0.15054747
6455,model_4b,0.2328,0.26939225
6456,model_4b,0.4605,0.41735637
6457,model_4b,0.1324,0.16840287
6458,model_4b,0.0226,0.029863901
6459,model_4b,0.4132,0.36799726
6460,model_4b,0.4318,0.16548134
6461,model_4b,0.0504,0.04392787
6462,model_4b,0.3072,0.2601381
6463,model_4b,0.2909,0.27065837
6464,model_4b,-0.1657,-0.12225659
6465,model_4b,0.297,0.25959563
6466,model_4b,-0.0024,0.008639359
6467,model_4b,0.4383,0.40010083
6468,model_4b,0.2722,0.27903092
6469,model_4b,0.2476,0.2258114
6470,model_4b,0.0755,0.05132497
6471,model_4b,0.0671,0.09840742
6472,model_4b,0.1315,0.1812038
6473,model_4b,0.6204,0.07639627
6474,model_4b,0.0764,0.04906857
6475,model_4b,0.2023,0.20112057
6476,model_4b,0.068,0.03275466
6477,model_4b,0.1277,0.22897878
6478,model_4b,0.0902,0.085177064
6479,model_4b,0.0133,0.014846847
6480,model_4b,0.1731,0.15894476
6481,model_4b,0.0095,0.0694927
6482,model_4b,0.0342,-0.031567894
6483,model_4b,0.072,0.07855584
6484,model_4b,0.2915,0.29927444
6485,model_4b,0.3185,0.45189935
6486,model_4b,0.0266,0.1721787
6487,model_4b,0.052,0.10943643
6488,model_4b,0.3406,0.345648
6489,model_4b,0.0676,0.077161506
6490,model_4b,-0.0062,-0.023784272
6491,model_4b,-0.0165,0.02476269
6492,model_4b,0.1178,0.13548303
6493,model_4b,-0.0625,-0.024171788
6494,model_4b,0.6297,0.6341507
6495,model_4b,0.3723,0.41647846
6496,model_4b,0.2008,0.2095339
6497,model_4b,0.1166,0.201001
6498,model_4b,0.0494,0.015174936
6499,model_4b,-0.0394,-0.0004815692
6500,model_4b,0.4779,0.49111098
6501,model_4b,0.1558,0.17545623
6502,model_4b,0.7177,0.6750342
6503,model_4b,0.2762,0.24945702
6504,model_4b,0.3966,0.40816653
6505,model_4b,0.2741,0.33890992
6506,model_4b,-0.0232,-0.04239864
6507,model_4b,0.7848,0.8306842
6508,model_4b,0.1533,0.16270007
6509,model_4b,0.2418,0.18596251
6510,model_4b,0.0668,0.06527069
6511,model_4b,0.2878,0.33943754
6512,model_4b,0.0928,0.08804443
6513,model_4b,0.0987,0.051690783
6514,model_4b,0.4317,0.46795124
6515,model_4b,0.1778,0.09638238
6516,model_4b,0.068,0.051086385
6517,model_4b,0.513,0.5587039
6518,model_4b,0.2727,0.2769916
6519,model_4b,0.056,0.065863684
6520,model_4b,0.0811,0.10882929
6521,model_4b,0.7914,0.7752002
6522,model_4b,0.1931,0.06462167
6523,model_4b,0.1981,0.19461314
6524,model_4b,0.1957,0.20603092
6525,model_4b,0.0694,0.12656401
6526,model_4b,0.6212,0.583991
6527,model_4b,0.4761,0.45408958
6528,model_4b,0.4314,0.4603176
6529,model_4b,0.7991,0.80973476
6530,model_4b,0.0289,0.07472419
6531,model_4b,0.1747,0.15522946
6532,model_4b,-0.0269,-0.018251985
6533,model_4b,0.4011,0.5039395
6534,model_4b,0.3967,0.32911736
6535,model_4b,0.1965,0.31043726
6536,model_4b,0.5402,0.58294505
6537,model_4b,0.3441,0.32647154
6538,model_4b,0.1463,0.20225371
6539,model_4b,0.1934,0.17861237
6540,model_4b,0.7412,0.7418009
6541,model_4b,0.0042,0.033552587
6542,model_4b,0.7054,0.71072644
6543,model_4b,0.1091,0.1472509
6544,model_4b,0.153,0.13988198
6545,model_4b,0.4269,0.49661517
6546,model_4b,-0.1313,-0.0517803
6547,model_4b,0.0209,0.009083024
6548,model_4b,0.0697,0.11928068
6549,model_4b,0.3623,0.39143622
6550,model_4b,0.0823,0.15110655
6551,model_4b,0.2128,0.31932247
6552,model_4b,0.3105,0.27590358
6553,model_4b,0.0689,0.19930626
6554,model_4b,0.4165,0.41372737
6555,model_4b,0.478,0.48870382
6556,model_4b,0.515,0.4974982
6557,model_4b,0.3416,0.32347113
6558,model_4b,0.1077,0.17589553
6559,model_4b,0.2477,0.16820322
6560,model_4b,0.3338,0.29540297
6561,model_4b,0.4154,0.28100795
6562,model_4b,0.564,0.51608896
6563,model_4b,0.1785,0.12772118
6564,model_4b,-0.1396,-0.19862564
6565,model_4b,0.0978,0.17952682
6566,model_4b,0.204,0.19121681
6567,model_4b,0.111,0.15164484
6568,model_4b,0.1836,0.10667104
6569,model_4b,0.4433,0.42962375
6570,model_4b,0.8485,0.8855441
6571,model_4b,-0.0649,-0.0417849
6572,model_4b,0.1367,0.14345843
6573,model_4b,0.1028,0.10335356
6574,model_4b,0.0518,0.102717854
6575,model_4b,0.5816,0.6031188
6576,model_4b,0.1789,0.19000955
6577,model_4b,0.7631,0.70041585
6578,model_4b,0.3558,0.27375066
6579,model_4b,0.1523,0.15927303
6580,model_4b,-0.0507,0.0053634895
6581,model_4b,0.1702,0.18286741
6582,model_4b,0.2592,0.31734574
6583,model_4b,0.3172,0.1616177
6584,model_4b,-0.1875,-0.19831687
6585,model_4b,0.3418,0.38210738
6586,model_4b,0.4076,0.46781367
6587,model_4b,-0.0046,-0.019301984
6588,model_4b,0.3524,0.24907051
6589,model_4b,0.4058,0.44521472
6590,model_4b,0.0849,0.14806217
6591,model_4b,0.3575,0.23425782
6592,model_4b,0.1286,0.18212686
6593,model_4b,0.4645,0.48229092
6594,model_4b,0.2534,0.26986665
6595,model_4b,0.5962,0.6193585
6596,model_4b,0.09,0.08398518
6597,model_4b,0.528,0.5039161
6598,model_4b,0.6171,0.65890783
6599,model_4b,0.826,0.6957266
6600,model_4b,0.1418,0.44410866
6601,model_4b,0.7059,0.7401447
6602,model_4b,0.291,0.26054263
6603,model_4b,0.7719,0.7643488
6604,model_4b,0.4094,0.3520256
6605,model_4b,0.2653,0.29200432
6606,model_4b,0.0583,0.032202046
6607,model_4b,0.2043,0.234266
6608,model_4b,0.1362,0.11945282
6609,model_4b,0.4747,0.40951532
6610,model_4b,0.1026,0.1044449
6611,model_4b,-0.0913,-0.09217122
6612,model_4b,0.2231,0.21333767
6613,model_4b,0.1426,0.16217034
6614,model_4b,-0.1073,-0.046719573
6615,model_4b,0.2361,0.25113523
6616,model_4b,0.4424,0.36710313
6617,model_4b,0.518,0.537216
6618,model_4b,0.1586,0.13556166
6619,model_4b,0.238,0.19036484
6620,model_4b,0.1724,0.21190841
6621,model_4b,-0.1778,-0.20501971
6622,model_4b,0.1317,0.15434282
6623,model_4b,0.1962,0.2003692
6624,model_4b,0.0172,-0.02819188
6625,model_4b,0.5207,0.54953206
6626,model_4b,0.1928,0.14944471
6627,model_4b,0.0629,0.039214484
6628,model_4b,0.5556,0.56527257
6629,model_4b,0.0422,0.04255271
6630,model_4b,0.5849,0.54884464
6631,model_4b,0.827,0.77838254
6632,model_4b,0.0768,0.10909305
6633,model_4b,0.4351,0.40950376
6634,model_4b,0.2702,0.28405803
6635,model_4b,-0.1111,-0.09523617
6636,model_4b,0.2058,0.17087291
6637,model_4b,0.5358,0.6304372
6638,model_4b,0.5499,0.5219976
6639,model_4b,0.1161,0.13940091
6640,model_4b,0.0108,0.128163
6641,model_4b,0.1671,0.11804977
6642,model_4b,0.6596,0.6581112
6643,model_4b,0.4266,0.45817316
6644,model_4b,-0.0402,-0.014642007
6645,model_4b,0.1219,0.12145007
6646,model_4b,0.2061,0.20117715
6647,model_4b,0.7405,0.72621673
6648,model_4b,0.0663,0.051856585
6649,model_4b,0.1984,0.21277057
6650,model_4b,0.3698,0.43823618
6651,model_4b,0.075,0.049393088
6652,model_4b,0.5033,0.4585646
6653,model_4b,0.036,0.023868319
6654,model_4b,-0.0014,-0.06143199
6655,model_4b,-0.0087,0.051639922
6656,model_4b,0.2431,0.24749608
6657,model_4b,0.1045,0.10285796
6658,model_4b,0.1423,0.12409784
6659,model_4b,0.1301,0.11922413
6660,model_4b,0.0557,-0.038871855
6661,model_4b,-0.0719,-0.02207058
6662,model_4b,0.4321,0.4565714
6663,model_4b,0.1055,0.13170578
6664,model_4b,0.1593,0.19805478
6665,model_4b,0.2145,0.19588059
6666,model_4b,0.097,0.14080288
6667,model_4b,0.3077,0.2701499
6668,model_4b,0.4098,0.4117326
6669,model_4b,0.2198,0.2534107
6670,model_4b,-0.0694,-0.09353827
6671,model_4b,-0.0986,-0.12795056
6672,model_4b,-0.0015,-0.015727382
6673,model_4b,-0.0828,-0.12844655
6674,model_4b,0.1829,0.17109184
6675,model_4b,0.0594,0.023601916
6676,model_4b,-0.0483,-0.038039558
6677,model_4b,-0.1731,-0.12859783
6678,model_4b,0.1554,0.17203854
6679,model_4b,0.7179,0.75663435
6680,model_4b,0.1932,0.17870946
6681,model_4b,0.4048,0.39837056
6682,model_4b,0.4387,0.44990015
6683,model_4b,0.1126,0.15897079
6684,model_4b,-0.2122,-0.20105608
6685,model_4b,0.5444,0.47827554
6686,model_4b,0.3127,0.27444237
6687,model_4b,0.3728,0.39381188
6688,model_4b,-0.0718,-0.091866866
6689,model_4b,0.3851,0.40279633
6690,model_4b,0.0227,0.0971258
6691,model_4b,0.8755,0.91247696
6692,model_4b,0.26,0.29242235
6693,model_4b,0.0978,0.05377452
6694,model_4b,0.1429,0.12608562
6695,model_4b,0.3102,0.28436077
6696,model_4b,0.1025,0.11580343
6697,model_4b,0.4923,0.5430791
6698,model_4b,0.1257,0.116222724
6699,model_4b,0.0655,0.12539184
6700,model_4b,0.1257,0.1568748
6701,model_4b,0.1337,0.12670517
6702,model_4b,0.0565,0.051974535
6703,model_4b,0.0358,0.048755273
6704,model_4b,0.219,0.28930315
6705,model_4b,0.1125,0.13376813
6706,model_4b,-0.1224,-0.11833529
6707,model_4b,0.5175,0.511591
6708,model_4b,0.21,0.21049766
6709,model_4b,0.1534,0.086307086
6710,model_4b,-0.0431,0.0041718828
6711,model_4b,0.4648,0.35220104
6712,model_4b,0.1031,0.14195186
6713,model_4b,0.2858,0.34554365
6714,model_4b,0.2066,0.16821824
6715,model_4b,0.1097,0.19309461
6716,model_4b,0.5864,0.61380416
6717,model_4b,0.1359,0.18887329
6718,model_4b,0.7127,0.7067999
6719,model_4b,-0.0416,0.103562385
6720,model_4b,0.2753,0.2584522
6721,model_4b,0.25,0.1577061
6722,model_4b,0.2636,0.23622657
6723,model_4b,0.1919,0.16529499
6724,model_4b,1.0267,0.9593256
6725,model_4b,-0.1257,-0.10927376
6726,model_4b,0.168,0.12566029
6727,model_4b,0.1374,0.12618318
6728,model_4b,0.1609,0.15128992
6729,model_4b,-0.04,-0.06774586
6730,model_4b,0.068,0.04631438
6731,model_4b,0.4405,0.55552703
6732,model_4b,0.7809,0.72790873
6733,model_4b,0.409,0.39181054
6734,model_4b,0.4654,0.44191924
6735,model_4b,0.871,0.86836267
6736,model_4b,0.1976,0.22045739
6737,model_4b,-0.0376,0.02062184
6738,model_4b,0.2928,0.25050336
6739,model_4b,-0.2707,-0.20178662
6740,model_4b,0.2829,0.29695353
6741,model_4b,-0.1185,-0.12243812
6742,model_4b,0.5144,0.5301591
6743,model_4b,-0.1846,-0.09005431
6744,model_4b,0.157,0.18627124
6745,model_4b,0.0615,0.0546297
6746,model_4b,-0.2221,-0.17554216
6747,model_4b,0.2411,0.24823897
6748,model_4b,-0.0456,-0.015548333
6749,model_4b,0.282,0.27688205
6750,model_4b,0.2466,0.17820834
6751,model_4b,0.0492,0.064002246
6752,model_4b,-0.1123,0.10045199
6753,model_4b,0.7365,0.74845797
6754,model_4b,0.3334,0.34507626
6755,model_4b,0.0794,0.076208964
6756,model_4b,0.0398,0.098489985
6757,model_4b,0.2452,0.20396581
6758,model_4b,-0.0365,0.008353124
6759,model_4b,0.5086,0.53584784
6760,model_4b,0.2435,0.27121896
6761,model_4b,0.3967,0.39968985
6762,model_4b,0.3969,0.3586221
6763,model_4b,0.1073,0.0746893
6764,model_4b,0.1072,0.14078538
6765,model_4b,0.0363,-0.011968072
6766,model_4b,-0.1138,-0.119831786
6767,model_4b,0.0653,0.07409804
6768,model_4b,-0.0295,0.019106817
6769,model_4b,0.2637,0.22900899
6770,model_4b,0.1072,0.31328052
6771,model_4b,0.0064,-0.023052793
6772,model_4b,0.3785,0.45897645
6773,model_4b,0.8608,0.92673594
6774,model_4b,0.0772,0.09950143
6775,model_4b,0.3431,0.2969841
6776,model_4b,0.0949,0.1100155
6777,model_4b,0.4475,0.44146025
6778,model_4b,0.6001,0.6090104
6779,model_4b,0.0806,0.06722896
6780,model_4b,-0.2034,-0.21259236
6781,model_4b,0.4424,0.32184824
6782,model_4b,0.1855,0.21441151
6783,model_4b,0.0513,0.08945356
6784,model_4b,0.4497,0.46204966
6785,model_4b,-0.0049,0.014047378
6786,model_4b,0.1728,0.20898919
6787,model_4b,0.173,0.18881391
6788,model_4b,0.0863,0.11719492
6789,model_4b,0.5623,0.5700352
6790,model_4b,-0.1634,-0.07558156
6791,model_4b,0.3863,0.3991385
6792,model_4b,0.2897,0.29924625
6793,model_4b,0.1685,0.21936461
6794,model_4b,0.1949,0.16525279
6795,model_4b,0.129,0.2032014
6796,model_4b,0.3091,0.3643251
6797,model_4b,0.2157,0.22617118
6798,model_4b,0.5034,0.4169842
6799,model_4b,0.0,0.0140070515
6800,model_4b,0.3681,0.30757234
6801,model_4b,0.1152,0.11468609
6802,model_4b,0.4035,0.39788213
6803,model_4b,0.1368,0.16578129
6804,model_4b,0.6793,0.65417355
6805,model_4b,0.0099,0.12819205
6806,model_4b,0.5455,0.5311989
6807,model_4b,0.1477,0.13095893
6808,model_4b,0.5797,0.55219615
6809,model_4b,0.7226,0.7233637
6810,model_4b,0.2771,0.26523647
6811,model_4b,0.2224,0.24872841
6812,model_4b,0.576,0.58160526
6813,model_4b,0.2533,0.18970776
6814,model_4b,0.7663,0.7735246
6815,model_4b,0.5658,0.5744321
6816,model_4b,0.1961,0.2008795
6817,model_4b,0.0764,0.021719526
6818,model_4b,0.6282,0.6177239
6819,model_4b,0.403,0.47450578
6820,model_4b,0.1018,0.042155307
6821,model_4b,0.0508,0.110237055
6822,model_4b,-0.1082,-0.08475432
6823,model_4b,0.0323,0.042159613
6824,model_4b,0.1142,0.08229102
6825,model_4b,0.176,0.16719703
6826,model_4b,0.3041,0.34143564
6827,model_4b,0.4644,0.5015832
6828,model_4b,0.0577,0.049496856
6829,model_4b,-0.127,-0.10454843
6830,model_4b,0.0968,0.11943814
6831,model_4b,0.1701,0.1320828
6832,model_4b,0.1096,0.25951624
6833,model_4b,0.777,0.775415
6834,model_4b,0.7682,0.7481899
6835,model_4b,0.1178,0.1153276
6836,model_4b,0.2699,0.314776
6837,model_4b,0.1092,0.1596595
6838,model_4b,0.1755,0.16814755
6839,model_4b,0.0341,0.061854273
6840,model_4b,-0.0231,-0.010585445
6841,model_4b,0.0221,0.013753762
6842,model_4b,0.7286,0.55997926
6843,model_4b,0.0289,0.056364253
6844,model_4b,0.4099,0.41574636
6845,model_4b,0.6125,0.60286546
6846,model_4b,0.2831,0.27709243
6847,model_4b,-0.0269,-0.016601868
6848,model_4b,0.4988,0.5068787
6849,model_4b,0.1505,0.27318177
6850,model_4b,0.1418,0.12475133
6851,model_4b,-0.1697,-0.14160134
6852,model_4b,0.1139,0.1449321
6853,model_4b,0.7929,0.82967097
6854,model_4b,0.164,0.27004915
6855,model_4b,0.1965,0.21307768
6856,model_4b,0.5778,0.5626927
6857,model_4b,0.3423,0.2872479
6858,model_4b,-0.0633,-0.010936146
6859,model_4b,0.2726,0.26131052
6860,model_4b,0.4312,0.42924824
6861,model_4b,0.2756,0.2152646
6862,model_4b,0.2999,0.30715084
6863,model_4b,0.1013,0.17369218
6864,model_4b,0.191,0.19393526
6865,model_4b,0.2435,0.28012457
6866,model_4b,0.0358,0.030776717
6867,model_4b,0.0788,0.036418397
6868,model_4b,0.1598,0.16670524
6869,model_4b,0.0266,0.25565153
6870,model_4b,0.7153,0.6965535
6871,model_4b,0.4987,0.47270042
6872,model_4b,-0.0154,-0.0007778993
6873,model_4b,0.1921,0.21492775
6874,model_4b,0.1822,0.121589795
6875,model_4b,0.9626,0.9081042
6876,model_4b,0.0815,0.143432
6877,model_4b,0.0659,0.07319687
6878,model_4b,0.2713,0.30020422
6879,model_4b,0.1705,0.30223674
6880,model_4b,0.5863,0.6312147
6881,model_4b,0.1535,0.17816715
6882,model_4b,0.2765,0.21995907
6883,model_4b,0.228,0.17526549
6884,model_4b,0.4205,0.46998408
6885,model_4b,0.1916,0.22762503
6886,model_4b,0.0456,0.00980107
6887,model_4b,0.2487,0.28027955
6888,model_4b,0.3257,0.29285625
6889,model_4b,0.1294,0.10499762
6890,model_4b,0.0682,0.0667438
6891,model_4b,-0.1035,-0.09357029
6892,model_4b,0.5758,0.58255714
6893,model_4b,0.4898,0.48262978
6894,model_4b,0.3345,0.34457028
6895,model_4b,0.4769,0.35968983
6896,model_4b,0.0827,0.07836884
6897,model_4b,0.802,0.7932466
6898,model_4b,0.4964,0.5206604
6899,model_4b,0.2405,0.33265543
6900,model_4b,0.1567,0.16397145
6901,model_4b,0.0318,0.044872463
6902,model_4b,0.0351,0.06967175
6903,model_4b,0.3793,0.43463382
6904,model_4b,0.711,0.717557
6905,model_4b,0.5895,0.6141771
6906,model_4b,0.6604,0.60810846
6907,model_4b,0.3606,0.3351984
6908,model_4b,0.2429,0.20782988
6909,model_4b,0.1798,0.18690203
6910,model_4b,0.2549,0.21580917
6911,model_4b,0.2191,0.1502202
6912,model_4b,0.0669,0.049693767
6913,model_4b,-0.1026,-0.11480894
6914,model_4b,0.7311,0.7634651
6915,model_4b,0.3295,0.3622643
6916,model_4b,0.8279,0.83717245
6917,model_4b,0.1074,0.14207532
6918,model_4b,0.3362,0.3536011
6919,model_4b,0.1393,0.09541987
6920,model_4b,0.1639,0.19880074
6921,model_4b,0.1715,0.21497695
6922,model_4b,0.4336,0.4421668
6923,model_4b,0.2806,0.24271025
6924,model_4b,0.5657,0.59030277
6925,model_4b,0.1233,0.15847002
6926,model_4b,0.2751,0.25500476
6927,model_4b,0.1444,0.21199483
6928,model_4b,0.3768,0.33109728
6929,model_4b,0.5754,0.56417656
6930,model_4b,0.3664,0.35779142
6931,model_4b,0.2502,0.2188863
6932,model_4b,0.0269,0.033834852
6933,model_4b,0.3812,0.39763883
6934,model_4b,0.1806,0.19429222
6935,model_4b,0.6819,0.673346
6936,model_4b,0.3349,0.36018693
6937,model_4b,0.1962,0.1558422
6938,model_4b,0.0152,0.06405004
6939,model_4b,0.0635,0.074723065
6940,model_4b,0.8142,0.8002611
6941,model_4b,0.4701,0.38367835
6942,model_4b,0.2031,0.1615057
6943,model_4b,0.3565,0.36758617
6944,model_4b,0.1344,0.24444087
6945,model_4b,0.937,0.9401459
6946,model_4b,0.0499,0.047339685
6947,model_4b,0.2217,0.20538537
6948,model_4b,0.1445,0.1658264
6949,model_4b,0.2527,0.2642374
6950,model_4b,1.067,1.0733949
6951,model_4b,0.0628,0.18134639
6952,model_4b,0.1884,0.22131722
6953,model_4b,-0.0139,-0.001998392
6954,model_4b,0.0081,0.019209128
6955,model_4b,0.0554,0.08186886
6956,model_4b,0.3289,0.31914455
6957,model_4b,0.1242,0.08695494
6958,model_4b,0.8217,0.9331979
6959,model_4b,0.1312,0.22436728
6960,model_4b,0.2389,0.2353134
6961,model_4b,0.1334,0.10570044
6962,model_4b,0.7724,0.7742272
6963,model_4b,0.1312,0.086274594
6964,model_4b,0.0767,0.07359618
6965,model_4b,-0.1716,-0.0764884
6966,model_4b,0.4157,0.3682298
6967,model_4b,0.2922,0.20087707
6968,model_4b,0.7934,0.8247245
6969,model_4b,0.1275,0.11017324
6970,model_4b,0.3263,0.28979695
6971,model_4b,0.098,0.039797507
6972,model_4b,0.3823,0.32603496
6973,model_4b,0.157,0.18479793
6974,model_4b,0.3437,0.3023601
6975,model_4b,0.2398,0.25612676
6976,model_4b,0.0125,0.03576263
6977,model_4b,0.1507,0.10993831
6978,model_4b,0.4334,0.43790245
6979,model_4b,0.6487,0.6658786
6980,model_4b,0.6348,0.6343013
6981,model_4b,0.135,0.12480664
6982,model_4b,0.1786,0.18059807
6983,model_4b,0.3281,0.37088487
6984,model_4b,0.1093,0.016878966
6985,model_4b,0.0036,-0.01732767
6986,model_4b,0.1931,0.15379961
6987,model_4b,0.471,0.50270975
6988,model_4b,0.0758,0.04375433
6989,model_4b,0.0213,0.028919883
6990,model_4b,0.196,0.17185648
6991,model_4b,0.4399,0.39462805
6992,model_4b,0.626,0.64767057
6993,model_4b,0.275,0.3356595
6994,model_4b,0.5516,0.55792814
6995,model_4b,0.6373,0.65415084
6996,model_4b,0.0175,-0.020894099
6997,model_4b,0.5077,0.5103387
6998,model_4b,0.54,0.50172895
6999,model_4b,0.0018,0.028003454
7000,model_4b,-0.0803,-0.05951888
7001,model_4b,0.2553,0.24391802
7002,model_4b,0.1294,0.18144302
7003,model_4b,0.6421,0.6259467
7004,model_4b,0.0453,0.043701597
7005,model_4b,0.335,0.33234388
7006,model_4b,0.1143,0.088064566
7007,model_4b,0.481,0.55859476
7008,model_4b,0.6586,0.5985198
7009,model_4b,0.1196,0.10615589
7010,model_4b,0.1712,0.19845797
7011,model_4b,0.341,0.360013
7012,model_4b,0.2701,0.31164074
7013,model_4b,0.327,0.21846876
7014,model_4b,-0.1825,-0.14531128
7015,model_4b,-0.187,-0.17801498
7016,model_4b,0.4416,0.4240344
7017,model_4b,0.1193,0.124472186
7018,model_4b,0.2626,0.25246915
7019,model_4b,0.329,0.3550864
7020,model_4b,0.6762,0.69163305
7021,model_4b,0.3858,0.26693755
7022,model_4b,0.0448,-0.032375794
7023,model_4b,0.0203,0.057339698
7024,model_4b,0.3184,0.27127036
7025,model_4b,0.4796,0.4607125
7026,model_4b,0.2943,0.28736073
7027,model_4b,0.4944,0.40642104
7028,model_4b,0.0979,0.1201248
7029,model_4b,0.5357,0.59084404
7030,model_4b,0.2489,0.21879221
7031,model_4b,-0.118,-0.1387336
7032,model_4b,0.1726,0.23637182
7033,model_4b,-0.0489,-0.037438277
7034,model_4b,0.4574,0.47755527
7035,model_4b,0.195,0.13625532
7036,model_4b,0.1011,0.07015758
7037,model_4b,0.4384,0.42168978
7038,model_4b,0.2277,0.27693576
7039,model_4b,0.1127,0.061874576
7040,model_4b,-0.0463,-0.029473852
7041,model_4b,0.2713,0.19164616
7042,model_4b,0.2099,0.2725662
7043,model_4b,0.0025,0.00225735
7044,model_4b,-0.0991,-0.12897834
7045,model_4b,0.6415,0.60037416
7046,model_4b,0.495,0.48149747
7047,model_4b,0.7198,0.753851
7048,model_4b,0.3673,0.33035702
7049,model_4b,0.7941,0.79503345
7050,model_4b,-0.0023,-0.013595625
7051,model_4b,0.2499,0.25928378
7052,model_4b,0.1436,0.13417576
7053,model_4b,0.1444,0.111267895
7054,model_4b,0.0199,0.017777741
7055,model_4b,0.6121,0.59903747
7056,model_4b,0.1998,0.162642
7057,model_4b,-0.1423,-0.14665198
7058,model_4b,0.347,0.34753916
7059,model_4b,0.5633,0.57534605
7060,model_4b,0.0296,0.018158287
7061,model_4b,0.1204,0.13185187
7062,model_4b,0.4313,0.3777477
7063,model_4b,0.3765,0.39018282
7064,model_4b,0.0391,0.024049852
7065,model_4b,-0.067,-0.07002562
7066,model_4b,0.8606,0.93543476
7067,model_4b,0.1058,0.1043389
7068,model_4b,0.4276,0.42818996
7069,model_4b,0.089,0.07469238
7070,model_4b,0.1363,0.23990755
7071,model_4b,0.5358,0.5093431
7072,model_4b,0.1226,0.08228471
7073,model_4b,0.1781,0.24007468
7074,model_4b,0.2071,0.23495112
7075,model_4b,0.4405,0.42848074
7076,model_4b,0.2105,0.23703013
7077,model_4b,0.0385,0.040316697
7078,model_4b,0.4772,0.45788664
7079,model_4b,0.0211,0.07908568
7080,model_4b,0.5517,0.5928705
7081,model_4b,0.5731,0.566976
7082,model_4b,0.5482,0.54937357
7083,model_4b,0.7281,0.70274144
7084,model_4b,0.1954,0.25779465
7085,model_4b,0.0811,0.10843611
7086,model_4b,0.3182,0.40578806
7087,model_4b,0.1673,0.21004823
7088,model_4b,-0.0147,-0.02152938
7089,model_4b,0.2145,0.21029186
7090,model_4b,0.1858,0.17800082
7091,model_4b,-0.0923,-0.09158884
7092,model_4b,0.1003,0.0826496
7093,model_4b,0.3229,0.36807096
7094,model_4b,0.1195,0.16634391
7095,model_4b,0.3331,0.2963163
7096,model_4b,0.2779,0.287674
7097,model_4b,0.1877,0.21732268
7098,model_4b,0.4638,0.47855896
7099,model_4b,0.0754,0.12234031
7100,model_4b,0.241,0.25674227
7101,model_4b,0.1214,0.118545964
7102,model_4b,0.2916,0.28559077
7103,model_4b,0.0528,0.09185888
7104,model_4b,0.0737,0.09271222
7105,model_4b,0.1864,0.1997446
7106,model_4b,0.3521,0.3182849
7107,model_4b,0.1187,0.13892643
7108,model_4b,0.1116,0.13736977
7109,model_4b,0.8346,0.8421483
7110,model_4b,0.0753,0.06337451
7111,model_4b,-0.1465,-0.10569217
7112,model_4b,0.0123,0.00096575636
7113,model_4b,0.281,0.25938773
7114,model_4b,0.6575,0.67183477
7115,model_4b,0.6578,0.69776374
7116,model_4b,0.0075,0.050634146
7117,model_4b,0.3499,0.2861352
7118,model_4b,0.1701,0.13321745
7119,model_4b,-0.0616,0.016272455
7120,model_4b,0.4193,0.3753438
7121,model_4b,0.3505,0.33306855
7122,model_4b,0.0916,0.15123639
7123,model_4b,0.3352,0.35546607
7124,model_4b,0.502,0.5166703
7125,model_4b,-0.0402,0.1531718
7126,model_4b,0.5411,0.51017743
7127,model_4b,0.0189,0.014993642
7128,model_4b,0.9025,0.9283972
7129,model_4b,0.4792,0.4679095
7130,model_4b,0.4359,0.4671428
7131,model_4b,0.0342,0.008889844
7132,model_4b,0.3376,0.4135306
7133,model_4b,0.6672,0.5986374
7134,model_4b,0.7365,0.74914324
7135,model_4b,0.0725,0.059383526
7136,model_4b,0.4256,0.3609935
7137,model_4b,0.4236,0.4038021
7138,model_4b,0.505,0.5162853
7139,model_4b,0.0619,0.052119754
7140,model_4b,0.1557,0.20251559
7141,model_4b,0.6122,0.60264903
7142,model_4b,0.1344,0.13066496
7143,model_4b,0.5733,0.56470066
7144,model_4b,0.0915,0.08044489
7145,model_4b,0.2324,0.20452067
7146,model_4b,0.0089,0.013192744
7147,model_4b,-0.0167,-0.01861205
7148,model_4b,0.5369,0.5340641
7149,model_4b,0.1605,0.13358046
7150,model_4b,0.6034,0.6226345
7151,model_4b,0.2298,0.20865977
7152,model_4b,0.4036,0.44302553
7153,model_4b,0.5426,0.5599678
7154,model_4b,-0.0807,-0.089952126
7155,model_4b,-0.0972,-0.12981279
7156,model_4b,0.9831,0.9638367
7157,model_4b,0.1012,0.098114245
7158,model_4b,0.3333,0.37490106
7159,model_4b,0.2688,0.26338005
7160,model_4b,0.319,0.37623805
7161,model_4b,0.3018,0.2812611
7162,model_4b,0.4321,0.29968837
7163,model_4b,0.0059,0.022601157
7164,model_4b,0.2298,0.22329856
7165,model_4b,-0.0076,0.0042177467
7166,model_4b,0.1878,0.22783242
7167,model_4b,0.4178,0.39685953
7168,model_4b,0.0843,0.12421918
7169,model_4b,0.4898,0.501674
7170,model_4b,0.433,0.41083646
7171,model_4b,0.3664,0.351892
7172,model_4b,0.3443,0.30423933
7173,model_4b,0.1009,0.084724285
7174,model_4b,-0.1764,-0.12869312
7175,model_4b,-0.142,-0.10823518
7176,model_4b,0.1857,0.11285654
7177,model_4b,1.0556,1.0595889
7178,model_4b,0.0007,0.00057859626
7179,model_4b,0.1214,0.16402037
7180,model_4b,0.3586,0.3778196
7181,model_4b,0.4514,0.4727938
7182,model_4b,0.345,0.2421002
7183,model_4b,0.5442,0.51181173
7184,model_4b,0.0526,0.061158694
7185,model_4b,0.1344,0.12406327
7186,model_4b,0.2313,0.20566736
7187,model_4b,0.4946,0.50886536
7188,model_4b,0.1379,0.14559518
7189,model_4b,0.1242,0.09507657
7190,model_4b,0.5859,0.536539
7191,model_4b,0.2368,0.27045196
7192,model_4b,0.217,0.27843493
7193,model_4b,0.1769,0.27485514
7194,model_4b,-0.0167,0.041671053
7195,model_4b,0.0414,0.017118957
7196,model_4b,0.5049,0.4968608
7197,model_4b,-0.0295,-0.03636091
7198,model_4b,-0.0298,0.006777053
7199,model_4b,0.1345,0.18948843
7200,model_4b,0.0585,0.050119158
7201,model_4b,-0.0053,0.025621586
7202,model_4b,-0.0513,-0.031183954
7203,model_4b,0.2394,0.14322715
7204,model_4b,0.0026,-0.0054501565
7205,model_4b,0.1897,0.14996742
7206,model_4b,0.1085,0.066974856
7207,model_4b,0.4222,0.45705476
7208,model_4b,-0.076,-0.04015428
7209,model_4b,0.2336,0.1411302
7210,model_4b,0.015,0.04825665
7211,model_4b,0.0327,0.030769251
7212,model_4b,-0.0777,0.03359381
7213,model_4b,0.7049,0.6827828
7214,model_4b,0.0104,0.017658513
7215,model_4b,0.1947,0.2080264
7216,model_4b,0.2538,0.2882002
7217,model_4b,0.0126,0.0057223802
7218,model_4b,0.4791,0.44048357
7219,model_4b,0.5642,0.53017664
7220,model_4b,0.154,0.15144116
7221,model_4b,0.731,0.7555557
7222,model_4b,0.1106,0.12867108
7223,model_4b,0.2348,0.23043488
7224,model_4b,0.1341,0.13343938
7225,model_4b,0.3334,0.37660047
7226,model_4b,0.2843,0.20242287
7227,model_4b,0.0198,0.022494733
7228,model_4b,0.0567,0.03759998
7229,model_4b,0.625,0.68934935
7230,model_4b,0.414,0.48437232
7231,model_4b,0.1883,0.27309152
7232,model_4b,0.0139,0.01561905
7233,model_4b,0.0278,0.02389995
7234,model_4b,0.2225,0.19423196
7235,model_4b,0.4466,0.44994473
7236,model_4b,0.017,0.0070270253
7237,model_4b,0.1664,0.14355834
7238,model_4b,0.7497,0.7996934
7239,model_4b,0.8427,0.85475034
7240,model_4b,-0.124,-0.20793524
7241,model_4b,0.334,0.30606544
7242,model_4b,0.1582,0.15400541
7243,model_4b,-0.1585,-0.17342024
7244,model_4b,0.9227,0.8941704
7245,model_4b,0.0718,0.09022991
7246,model_4b,0.093,0.0070749456
7247,model_4b,0.34,0.34751597
7248,model_4b,0.4915,0.5215809
7249,model_4b,0.203,0.21543588
7250,model_4b,0.5167,0.540877
7251,model_4b,0.0107,0.0066786027
7252,model_4b,0.3173,0.36739516
7253,model_4b,0.2127,0.2349516
7254,model_4b,0.5266,0.50081813
7255,model_4b,-0.0674,-0.007721246
7256,model_4b,0.2153,0.22488126
7257,model_4b,0.1112,0.09701791
7258,model_4b,0.2634,0.24494042
7259,model_4b,0.0645,0.037077308
7260,model_4b,0.245,0.22557107
7261,model_4b,0.4424,0.40433645
7262,model_4b,0.2736,0.280165
7263,model_4b,0.0702,0.086988
7264,model_4b,-0.1349,-0.08936998
7265,model_4b,0.437,0.39080018
7266,model_4b,0.1666,0.17219073
7267,model_4b,0.1071,0.12758067
7268,model_4b,0.5627,0.59321725
7269,model_4b,0.1663,0.22939862
7270,model_4b,0.3201,0.36578152
7271,model_4b,0.6009,0.51045376
7272,model_4b,0.1004,0.14467819
7273,model_4b,0.0544,0.062727734
7274,model_4b,0.125,0.16618185
7275,model_4b,0.193,0.17805965
7276,model_4b,-0.0252,-0.00031707156
7277,model_4b,-0.0153,0.05843804
7278,model_4b,-0.0437,0.018592354
7279,model_4b,0.0973,0.091484
7280,model_4b,0.196,0.11908127
7281,model_4b,0.1112,0.077031635
7282,model_4b,-0.0243,-0.012919496
7283,model_4b,0.0278,0.06439712
7284,model_4b,0.1136,0.11015004
7285,model_4b,0.352,0.3955228
7286,model_4b,0.8297,0.7807775
7287,model_4b,0.7415,0.7383005
7288,model_4b,0.3901,0.40391812
7289,model_4b,0.0562,0.0860357
7290,model_4b,0.4363,0.48235685
7291,model_4b,0.7698,0.33867654
7292,model_4b,0.6199,0.67300934
7293,model_4b,0.2898,0.28482854
7294,model_4b,0.3921,0.4126383
7295,model_4b,-0.1219,-0.07054956
7296,model_4b,0.4638,0.5025077
7297,model_4b,0.2748,0.24063694
7298,model_4b,0.2485,0.18633474
7299,model_4b,-0.0762,-0.08882985
7300,model_4b,0.1625,0.16885288
7301,model_4b,0.4526,0.39345497
7302,model_4b,0.7691,0.7448011
7303,model_4b,0.1197,0.12714334
7304,model_4b,0.5091,0.4689373
7305,model_4b,0.1806,0.16425772
7306,model_4b,0.5763,0.59563595
7307,model_4b,0.3101,0.33493847
7308,model_4b,0.2138,0.17568816
7309,model_4b,0.3841,0.40270248
7310,model_4b,0.1265,0.1253892
7311,model_4b,0.4383,0.3877861
7312,model_4b,0.2217,0.24451785
7313,model_4b,0.2468,0.1748266
7314,model_4b,0.4665,0.41245845
7315,model_4b,0.1536,0.15613542
7316,model_4b,-0.0673,-0.08883673
7317,model_4b,0.3614,0.40751314
7318,model_4b,0.0246,0.04205525
7319,model_4b,0.2126,0.23679106
7320,model_4b,-0.0125,-0.044548023
7321,model_4b,-0.2356,-0.21961346
7322,model_4b,0.0527,0.048915997
7323,model_4b,0.1466,0.14448702
7324,model_4b,-0.1561,-0.04142815
7325,model_4b,0.1937,-0.021230053
7326,model_4b,-0.0225,0.00955345
7327,model_4b,0.1131,0.11658242
7328,model_4b,0.201,0.19688436
7329,model_4b,0.5849,0.5567731
7330,model_4b,0.3454,0.4549669
7331,model_4b,0.0985,0.10916377
7332,model_4b,0.1893,0.21945013
7333,model_4b,-0.0123,-0.0029007038
7334,model_4b,0.1786,0.16511293
7335,model_4b,0.0997,0.06098505
7336,model_4b,0.5568,0.57035017
7337,model_4b,0.7978,0.7069899
7338,model_4b,0.1048,0.16071968
7339,model_4b,0.1515,0.2676038
7340,model_4b,0.3303,0.28976047
7341,model_4b,0.2885,0.2537971
7342,model_4b,0.4262,0.45764893
7343,model_4b,0.6581,0.43973354
7344,model_4b,0.1013,0.1213353
7345,model_4b,0.6821,0.67274547
7346,model_4b,0.2523,0.24836113
7347,model_4b,-0.0366,0.1762517
7348,model_4b,-0.2424,-0.054422162
7349,model_4b,0.0262,0.11342803
7350,model_4b,-0.0354,-0.032194357
7351,model_4b,0.2123,0.20929618
7352,model_4b,0.3802,0.412333
7353,model_4b,0.0506,0.039115753
7354,model_4b,0.3097,0.2759421
7355,model_4b,0.117,0.12859026
7356,model_4b,0.1017,0.103406265
7357,model_4b,0.5535,0.5730047
7358,model_4b,0.4756,0.51004624
7359,model_4b,0.184,0.16820517
7360,model_4b,0.222,0.1827928
7361,model_4b,0.1367,0.116921455
7362,model_4b,0.0947,0.053391133
7363,model_4b,0.2377,0.19596879
7364,model_4b,0.027,-0.00044752005
7365,model_4b,0.2952,0.3482993
7366,model_4b,0.2216,0.23672868
7367,model_4b,0.1176,0.13320662
7368,model_4b,0.4472,0.46078527
7369,model_4b,0.1249,0.16399243
7370,model_4b,0.1594,0.18084441
7371,model_4b,0.4759,0.48184866
7372,model_4b,0.4621,0.34053642
7373,model_4b,-0.0201,-0.1309147
7374,model_4b,0.7551,0.7418608
7375,model_4b,0.1711,0.22665705
7376,model_4b,0.153,0.2970455
7377,model_4b,-0.107,-0.09982646
7378,model_4b,0.2338,0.13897716
7379,model_4b,0.0829,0.06591375
7380,model_4b,0.308,0.27501807
7381,model_4b,0.513,0.53474253
7382,model_4b,0.0754,0.090956904
7383,model_4b,0.0561,0.049372304
7384,model_4b,0.3066,0.2906174
7385,model_4b,0.1629,0.17975828
7386,model_4b,0.0554,0.06857608
7387,model_4b,0.163,0.13819309
7388,model_4b,0.2746,0.29970428
7389,model_4b,-0.0364,-0.016221663
7390,model_4b,0.3734,0.38193476
7391,model_4b,0.0265,-0.0024088258
7392,model_4b,0.2317,0.29932657
7393,model_4b,0.5595,0.5853875
7394,model_4b,0.486,0.3722329
7395,model_4b,0.37,0.4166194
7396,model_4b,-0.0227,-0.060424875
7397,model_4b,0.2906,0.27634045
7398,model_4b,0.0374,0.051840134
7399,model_4b,0.1764,0.21392335
7400,model_4b,0.2754,0.31984133
7401,model_4b,0.1422,0.03077875
7402,model_4b,0.0779,0.07211998
7403,model_4b,0.1316,0.14804648
7404,model_4b,0.061,0.08967653
7405,model_4b,0.0568,0.1153596
7406,model_4b,0.1312,0.12657237
7407,model_4b,0.2192,0.2198927
7408,model_4b,0.5499,0.615776
7409,model_4b,0.2727,0.3431527
7410,model_4b,0.3238,0.3238123
7411,model_4b,0.1987,0.2149202
7412,model_4b,0.1043,0.043596774
7413,model_4b,0.4335,0.42471138
7414,model_4b,0.1903,0.19999453
7415,model_4b,0.1565,0.14142023
7416,model_4b,0.1464,0.18190463
7417,model_4b,-0.0751,-0.10145803
7418,model_4b,0.136,0.14716779
7419,model_4b,0.8712,0.8893287
7420,model_4b,0.2243,0.3355799
7421,model_4b,0.1915,0.1681643
7422,model_4b,-0.0257,0.013507704
7423,model_4b,-0.0029,0.01672205
7424,model_4b,0.2691,0.29022586
7425,model_4b,0.1199,0.15205088
7426,model_4b,0.4632,0.4436333
7427,model_4b,0.4501,0.44558966
7428,model_4b,0.1384,0.11162153
7429,model_4b,0.3117,0.3168156
7430,model_4b,0.1667,-0.0029603643
7431,model_4b,0.2709,0.25693804
7432,model_4b,0.1377,0.0973384
7433,model_4b,0.0023,0.023959275
7434,model_4b,0.1823,0.116575316
7435,model_4b,0.188,0.2142004
7436,model_4b,0.3083,0.32996243
7437,model_4b,-0.1052,-0.015587238
7438,model_4b,0.1369,0.07114802
7439,model_4b,0.0508,0.107742734
7440,model_4b,0.6057,0.5340526
7441,model_4b,0.0298,0.05278842
7442,model_4b,0.951,0.93625814
7443,model_4b,0.7364,0.7729799
7444,model_4b,0.3655,0.31094387
7445,model_4b,-0.0868,-0.0815142
7446,model_4b,0.2912,0.370131
7447,model_4b,0.0342,0.07925652
7448,model_4b,0.1011,0.037504315
7449,model_4b,0.1264,0.18660374
7450,model_4b,0.0728,0.12806906
7451,model_4b,-0.1733,-0.15097186
7452,model_4b,0.4437,0.47286558
7453,model_4b,0.2847,0.31390375
7454,model_4b,0.3751,0.36680275
7455,model_4b,0.013,0.050918788
7456,model_4b,0.0287,0.04042113
7457,model_4b,0.2012,0.14638306
7458,model_4b,0.1821,0.23215337
7459,model_4b,0.8398,0.8626898
7460,model_4b,0.021,-0.027893439
7461,model_4b,0.2712,0.172935
7462,model_4b,0.8266,0.8271975
7463,model_4b,-0.0589,-0.11508244
7464,model_4b,0.3069,0.31780237
7465,model_4b,-0.1489,-0.119574994
7466,model_4b,0.0577,0.04375357
7467,model_4b,0.0916,0.09913742
7468,model_4b,0.1588,0.11101695
7469,model_4b,0.2312,0.29033434
7470,model_4b,0.4346,0.4400188
7471,model_4b,-0.0147,-0.02080977
7472,model_4b,0.4361,0.38436967
7473,model_4b,-0.0712,-0.09443308
7474,model_4b,-0.1863,-0.1468217
7475,model_4b,0.3692,0.3048032
7476,model_4b,0.7477,0.70012265
7477,model_4b,0.4946,0.4958436
7478,model_4b,0.0446,0.042286217
7479,model_4b,0.4638,0.43883765
7480,model_4b,0.2136,0.29650623
7481,model_4b,-0.0187,-0.0214502
7482,model_4b,0.3986,0.35065478
7483,model_4b,-0.1999,-0.23987664
7484,model_4b,0.1973,0.18106712
7485,model_4b,-0.0583,-0.14985238
7486,model_4b,-0.0068,-0.08675248
7487,model_4b,0.2906,0.23001233
7488,model_4b,0.2122,0.25591308
7489,model_4b,0.0948,0.048004292
7490,model_4b,0.1063,0.13565625
7491,model_4b,0.1561,0.1877519
7492,model_4b,0.5132,0.39719346
7493,model_4b,0.4579,0.39850238
7494,model_4b,-0.0445,-0.038711086
7495,model_4b,0.3432,0.18975352
7496,model_4b,0.0886,0.07483738
7497,model_4b,0.3938,0.46964213
7498,model_4b,0.0991,0.0962373
7499,model_4b,0.3782,0.39357147
7500,model_4b,0.3507,0.37256342
7501,model_4b,0.4007,0.43210015
7502,model_4b,0.4897,0.42934576
7503,model_4b,0.0061,0.011590893
7504,model_4b,-0.2441,-0.0021019066
7505,model_4b,-0.2667,-0.14313622
7506,model_4b,0.3256,0.31966442
7507,model_4b,0.0278,0.056947358
7508,model_4b,0.522,0.44041464
7509,model_4b,-0.0803,-0.13561136
7510,model_4b,0.2214,0.2903218
7511,model_4b,0.1195,0.08091651
7512,model_4b,0.5497,0.51067466
7513,model_4b,0.0584,0.022478983
7514,model_4b,-0.0546,-0.06899669
7515,model_4b,0.3618,0.29543662
7516,model_4b,-0.0266,-0.028467126
7517,model_4b,0.7383,0.70626265
7518,model_4b,0.4452,0.46324214
7519,model_4b,0.0618,0.018463437
7520,model_4b,0.3014,0.26775426
7521,model_4b,0.0412,0.040236913
7522,model_4b,0.0754,0.06369913
7523,model_4b,0.2323,0.25857556
7524,model_4b,0.129,0.22702853
7525,model_4b,-0.1852,-0.1595504
7526,model_4b,0.0586,-0.0011050096
7527,model_4b,0.4307,0.44068933
7528,model_4b,0.0009,-0.020791974
7529,model_4b,0.1341,0.07886585
7530,model_4b,0.088,0.066144034
7531,model_4b,0.317,0.40915748
7532,model_4b,0.0333,0.063449144
7533,model_4b,-0.0535,-0.05179363
7534,model_4b,0.4628,0.43189266
7535,model_4b,0.0758,0.06851733
7536,model_4b,0.1737,0.16944654
7537,model_4b,0.2798,0.25204253
7538,model_4b,-0.0352,-0.018539041
7539,model_4b,0.2469,0.27007723
7540,model_4b,0.4488,0.4869961
7541,model_4b,0.1244,0.11002381
7542,model_4b,0.3142,0.24099773
7543,model_4b,0.2088,0.24582054
7544,model_4b,0.1047,0.09701252
7545,model_4b,0.0542,0.05522424
7546,model_4b,0.594,0.73358256
7547,model_4b,0.1575,0.15719922
7548,model_4b,0.4553,0.49516445
7549,model_4b,0.5147,0.5645775
7550,model_4b,0.3859,0.36373547
7551,model_4b,-0.011,0.18675692
7552,model_4b,0.191,0.15878573
7553,model_4b,-0.1217,-0.13021515
7554,model_4b,0.0613,0.03821116
7555,model_4b,0.0995,0.09178432
7556,model_4b,0.17,0.31359175
7557,model_4b,0.0721,0.08626483
7558,model_4b,0.034,0.07852998
7559,model_4b,0.4836,0.4717722
7560,model_4b,0.3355,0.3022241
7561,model_4b,0.2584,0.34713393
7562,model_4b,0.4338,0.44123107
7563,model_4b,0.3421,0.35996354
7564,model_4b,0.0531,0.04166781
7565,model_4b,0.1993,0.19486119
7566,model_4b,0.1738,0.16445395
7567,model_4b,-0.0583,-0.19129892
7568,model_4b,0.3243,0.32092038
7569,model_4b,0.8565,0.8628306
7570,model_4b,-0.052,0.061336122
7571,model_4b,0.8588,0.81491464
7572,model_4b,0.0077,0.020290736
7573,model_4b,0.4212,0.33567846
7574,model_4b,-0.205,-0.15872085
7575,model_4b,0.7088,0.68622166
7576,model_4b,0.156,0.25819337
7577,model_4b,0.1977,0.1722326
7578,model_4b,0.3191,0.27166042
7579,model_4b,0.3547,0.3512181
7580,model_4b,0.4533,0.40471703
7581,model_4b,0.2233,0.21522962
7582,model_4b,0.2652,0.25359738
7583,model_4b,0.8498,0.8497307
7584,model_4b,0.0997,0.1176974
7585,model_4b,0.1391,0.097760886
7586,model_4b,-0.0899,-0.13761611
7587,model_4b,0.3812,0.23038387
7588,model_4b,0.2053,0.19247936
7589,model_4b,0.1387,0.23739181
7590,model_4b,0.1988,0.24071813
7591,model_4b,0.2538,0.2795586
7592,model_4b,0.4954,0.4864293
7593,model_4b,0.1239,-0.066112794
7594,model_4b,0.1201,0.12537561
7595,model_4b,0.7626,0.75712657
7596,model_4b,0.6754,0.64411914
7597,model_4b,0.0445,0.12803371
7598,model_4b,0.3562,0.40505576
7599,model_4b,0.695,0.64877456
7600,model_4b,0.1571,0.15557002
7601,model_4b,0.3424,0.34786806
7602,model_4b,0.2698,0.29684526
7603,model_4b,0.0662,0.065942585
7604,model_4b,0.1604,0.1927603
7605,model_4b,-0.2069,-0.19210292
7606,model_4b,0.0925,0.041188326
7607,model_4b,0.3833,0.3238058
7608,model_4b,0.0551,0.086444005
7609,model_4b,0.4173,0.3906176
7610,model_4b,0.1471,0.16153082
7611,model_4b,0.239,0.25691187
7612,model_4b,0.0615,0.10200413
7613,model_4b,-0.121,-0.11302863
7614,model_4b,0.508,0.52591383
7615,model_4b,0.1788,0.13349317
7616,model_4b,0.1813,0.22466142
7617,model_4b,0.4837,0.4320382
7618,model_4b,0.4034,0.3178544
7619,model_4b,0.516,0.5008893
7620,model_4b,0.1309,0.13576068
7621,model_4b,0.1019,0.09220003
7622,model_4b,0.2802,0.22169268
7623,model_4b,0.5535,0.55544597
7624,model_4b,0.1515,0.19787635
7625,model_4b,0.0072,-0.012014632
7626,model_4b,0.1939,0.2377358
7627,model_4b,-0.0453,0.027233314
7628,model_4b,0.1845,0.18338674
7629,model_4b,0.6,0.5528453
7630,model_4b,0.7875,0.7903029
7631,model_4b,0.3052,0.2677555
7632,model_4b,0.0214,0.4965843
7633,model_4b,-0.0389,-0.0011432255
7634,model_4b,0.1277,0.08232135
7635,model_4b,0.1638,0.11687295
7636,model_4b,0.1365,0.14207183
7637,model_4b,0.1018,0.1410266
7638,model_4b,0.559,0.54471916
7639,model_4b,0.2306,0.15950532
7640,model_4b,0.1817,0.21401207
7641,model_4b,0.3523,0.3138982
7642,model_4b,0.1933,0.21110472
7643,model_4b,0.1334,0.12165037
7644,model_4b,0.3723,0.4358591
7645,model_4b,0.8032,0.7657227
7646,model_4b,-0.2069,-0.11352283
7647,model_4b,0.0572,0.076233655
7648,model_4b,-0.1588,-0.16541484
7649,model_4b,0.1902,0.19212343
7650,model_4b,0.2198,0.19384028
7651,model_4b,0.2062,0.19027565
7652,model_4b,0.2178,0.16197665
7653,model_4b,0.5964,0.60025793
7654,model_4b,0.6139,0.69245005
7655,model_4b,0.8674,0.82450205
7656,model_4b,0.1727,0.17201854
7657,model_4b,0.6951,0.7113041
7658,model_4b,0.0993,0.13176294
7659,model_4b,0.2609,0.27776477
7660,model_4b,-0.0737,-0.08327609
7661,model_4b,0.1199,0.07923283
7662,model_4b,0.5871,0.6095443
7663,model_4b,-0.0262,-0.01013538
7664,model_4b,0.0015,0.08029392
7665,model_4b,-0.0839,-0.0690092
7666,model_4b,0.1463,0.19392508
7667,model_4b,0.372,0.33001867
7668,model_4b,-0.2334,-0.22081985
7669,model_4b,0.5,0.48854125
7670,model_4b,0.1008,0.098068014
7671,model_4b,0.0595,0.051962905
7672,model_4b,0.1666,0.17143285
7673,model_4b,0.0456,0.029610366
7674,model_4b,0.1695,0.16284676
7675,model_4b,0.1122,0.09954666
7676,model_4b,0.5221,0.47730848
7677,model_4b,0.2872,0.29953068
7678,model_4b,0.2908,0.20001565
7679,model_4b,0.3371,0.34726262
7680,model_4b,0.2536,0.22731873
7681,model_4b,0.2987,0.27881008
7682,model_4b,0.0344,0.02495934
7683,model_4b,-0.0008,-0.00036222022
7684,model_4b,0.3776,0.3489653
7685,model_4b,0.1389,0.22109586
7686,model_4b,0.5696,0.5194246
7687,model_4b,0.6434,0.66819304
7688,model_4b,0.0497,0.07998037
7689,model_4b,0.1627,0.19484876
7690,model_4b,-0.0176,0.11999528
7691,model_4b,0.8162,0.8644232
7692,model_4b,0.2964,0.31403422
7693,model_4b,0.6381,0.6897821
7694,model_4b,0.3905,0.43170887
7695,model_4b,0.0912,0.192941
7696,model_4b,0.231,0.30757752
7697,model_4b,0.3373,0.30355465
7698,model_4b,0.2965,0.30237526
7699,model_4b,0.1444,0.15928172
7700,model_4b,0.4532,0.44506228
7701,model_4b,0.122,0.10025971
7702,model_4b,0.628,0.66583014
7703,model_4b,0.2851,0.28626975
7704,model_4b,0.03,0.02602075
7705,model_4b,-0.0039,-0.11173358
7706,model_4b,-0.0154,-0.07281017
7707,model_4b,0.1912,0.20193888
7708,model_4b,0.2824,0.27509785
7709,model_4b,0.2118,0.24754815
7710,model_4b,0.1922,0.1592115
7711,model_4b,0.3824,0.29698744
7712,model_4b,0.02,0.041600063
7713,model_4b,0.3946,0.32032084
7714,model_4b,0.0635,0.13765758
7715,model_4b,-0.039,-0.0108191725
7716,model_4b,0.4585,0.5275142
7717,model_4b,0.3243,0.3200735
7718,model_4b,0.1648,0.11410415
7719,model_4b,0.1987,0.19501947
7720,model_4b,0.1872,0.1145496
7721,model_4b,0.1378,0.15333599
7722,model_4b,-0.099,-0.10875139
7723,model_4b,0.2793,0.1774751
7724,model_4b,0.3316,0.3069015
7725,model_4b,0.1795,0.25682515
7726,model_4b,0.1547,0.1630898
7727,model_4b,-0.1771,-0.15872224
7728,model_4b,0.0196,0.051475763
7729,model_4b,0.1495,0.15926363
7730,model_4b,0.3225,0.2835448
7731,model_4b,0.0093,-0.0038105873
7732,model_4b,0.1619,0.16864239
7733,model_4b,0.1378,0.085261986
7734,model_4b,-0.0671,-0.11474337
7735,model_4b,0.0388,0.05453644
7736,model_4b,0.4338,0.4392066
7737,model_4b,0.1449,0.15556373
7738,model_4b,0.1351,0.12981325
7739,model_4b,0.2102,0.103445254
7740,model_4b,0.3019,0.31950754
7741,model_4b,-0.1359,-0.08567207
7742,model_4b,0.0403,0.03217263
7743,model_4b,0.4138,0.4319384
7744,model_4b,0.196,0.17220311
7745,model_4b,0.025,0.10802439
7746,model_4b,0.0448,0.050551314
7747,model_4b,0.1714,0.12880145
7748,model_4b,0.7873,0.7826706
7749,model_4b,0.0168,0.0075245937
7750,model_4b,0.3336,0.3539322
7751,model_4b,-0.1008,-0.046053797
7752,model_4b,0.336,0.37756103
7753,model_4b,0.1174,0.05780188
7754,model_4b,-0.0528,0.0018191012
7755,model_4b,0.6153,0.6087171
7756,model_4b,0.0935,0.039665494
7757,model_4b,-0.1282,-0.035867106
7758,model_4b,0.3772,0.37386155
7759,model_4b,0.3381,0.29403418
7760,model_4b,0.4151,0.4446328
7761,model_4b,-0.1532,-0.16962385
7762,model_4b,0.1122,0.118409604
7763,model_4b,0.2025,0.31795207
7764,model_4b,0.487,0.53959686
7765,model_4b,0.2475,0.21687911
7766,model_4b,0.1275,0.14030387
7767,model_4b,0.2696,0.24204327
7768,model_4b,0.3628,0.34284028
7769,model_4b,0.4541,0.45512614
7770,model_4b,-0.1636,-0.14992255
7771,model_4b,0.0396,0.031898946
7772,model_4b,0.0041,-0.032064192
7773,model_4b,-0.0169,-0.1031067
7774,model_4b,0.1009,0.053961284
7775,model_4b,-0.1121,-0.13215767
7776,model_4b,0.3194,0.36972737
7777,model_4b,0.1527,0.1636843
7778,model_4b,0.7047,0.6618126
7779,model_4b,0.1183,0.09169408
7780,model_4b,0.2584,0.29105195
7781,model_4b,-0.1028,-0.01565205
7782,model_4b,0.3608,0.36718667
7783,model_4b,0.0576,0.10632155
7784,model_4b,0.4577,0.4658339
7785,model_4b,0.4063,0.45264864
7786,model_4b,0.0818,0.09150672
7787,model_4b,0.2836,0.28668934
7788,model_4b,0.5066,0.48249444
7789,model_4b,0.4282,0.41332263
7790,model_4b,0.67,0.6250753
7791,model_4b,0.4959,0.50125325
7792,model_4b,0.2656,0.25857788
7793,model_4b,-0.0384,-0.003885894
7794,model_4b,0.1246,0.09557332
7795,model_4b,0.4572,0.4874085
7796,model_4b,0.3305,0.28061646
7797,model_4b,0.3568,0.33050385
7798,model_4b,0.3911,0.4205141
7799,model_4b,0.0545,0.13120286
7800,model_4b,0.01,0.12831968
7801,model_4b,0.0781,0.08639348
7802,model_4b,-0.1036,-0.07104253
7803,model_4b,0.1,0.06370857
7804,model_4b,0.6253,0.65362006
7805,model_4b,0.1911,0.20934118
7806,model_4b,0.3308,0.30087727
7807,model_4b,0.0041,0.010944909
7808,model_4b,0.1375,0.1489752
7809,model_4b,0.3768,0.38783875
7810,model_4b,0.2134,0.19765781
7811,model_4b,0.0861,0.095200345
7812,model_4b,0.2894,0.2636298
7813,model_4b,0.4128,0.4128486
7814,model_4b,0.3812,0.40628454
7815,model_4b,0.147,0.22670606
7816,model_4b,0.7102,0.7227354
7817,model_4b,0.4021,0.43392882
7818,model_4b,0.1532,0.2517041
7819,model_4b,0.2071,0.23166467
7820,model_4b,0.1293,0.2788982
7821,model_4b,0.0626,0.07169551
7822,model_4b,0.3771,0.34231743
7823,model_4b,0.3758,0.3882563
7824,model_4b,0.2291,0.32703608
7825,model_4b,0.8525,0.8316404
7826,model_4b,0.5083,0.45137423
7827,model_4b,0.0404,0.0006973492
7828,model_4b,0.496,0.51795226
7829,model_4b,0.0823,0.10057502
7830,model_4b,0.0519,0.07251306
7831,model_4b,0.0538,0.10717896
7832,model_4b,0.7802,0.7502263
7833,model_4b,0.0349,0.061868295
7834,model_4b,0.5019,0.5480853
7835,model_4b,0.2279,0.23294677
7836,model_4b,0.5218,0.49411172
7837,model_4b,0.266,0.29214942
7838,model_4b,0.1681,0.24596564
7839,model_4b,0.112,0.11332386
7840,model_4b,0.0314,0.06533456
7841,model_4b,0.2514,0.1490887
7842,model_4b,0.1654,0.1837886
7843,model_4b,0.2911,0.31691533
7844,model_4b,0.1324,0.057739317
7845,model_4b,0.1451,0.19578236
7846,model_4b,0.2122,0.17891037
7847,model_4b,0.4885,0.5180182
7848,model_4b,0.1422,0.12916736
7849,model_4b,0.893,0.86918944
7850,model_4b,0.172,0.1705827
7851,model_4b,0.0872,0.07139778
7852,model_4b,0.3202,0.26694897
7853,model_4b,0.4865,0.51039284
7854,model_4b,0.3982,0.39157945
7855,model_4b,0.045,0.036768615
7856,model_4b,0.3512,0.41280934
7857,model_4b,0.2605,0.25893474
7858,model_4b,0.5737,0.5674899
7859,model_4b,0.7863,0.78965133
7860,model_4b,0.1633,0.36199272
7861,model_4b,0.1534,0.118191764
7862,model_4b,0.1058,0.09544094
7863,model_4b,-0.0711,-0.08493004
7864,model_4b,0.3967,0.36140773
7865,model_4b,0.2556,0.2402046
7866,model_4b,0.2316,0.10082698
7867,model_4b,0.0237,-0.040319324
7868,model_4b,-0.1965,-0.17951865
7869,model_4b,0.1664,0.13956593
7870,model_4b,-0.044,-0.022441536
7871,model_4b,0.4254,0.45591745
7872,model_4b,0.5146,0.59656006
7873,model_4b,0.5227,0.5339573
7874,model_4b,0.3813,0.39850843
7875,model_4b,0.2022,0.217984
7876,model_4b,0.174,0.18709764
7877,model_4b,0.4442,0.39457503
7878,model_4b,0.1327,0.11986031
7879,model_4b,0.1344,0.14056928
7880,model_4b,0.0602,0.014286439
7881,model_4b,0.1259,0.1886874
7882,model_4b,-0.085,-0.1353883
7883,model_4b,0.6118,0.5986462
7884,model_4b,0.0827,0.06332412
7885,model_4b,0.468,0.4909681
7886,model_4b,0.8082,0.77329177
7887,model_4b,0.0236,0.029935218
7888,model_4b,0.0834,0.06821143
7889,model_4b,0.0741,0.09832962
7890,model_4b,-0.0312,0.03495499
7891,model_4b,0.4812,0.47660932
7892,model_4b,0.1985,0.24529435
7893,model_4b,0.5729,0.50553906
7894,model_4b,0.806,0.8143993
7895,model_4b,0.0111,0.033112116
7896,model_4b,0.3479,0.35146654
7897,model_4b,0.2207,0.26827672
7898,model_4b,0.1676,0.1442948
7899,model_4b,0.1055,0.10577301
7900,model_4b,0.128,0.10450166
7901,model_4b,0.0259,0.016480643
7902,model_4b,0.1212,0.16046713
7903,model_4b,0.1985,0.23525208
7904,model_4b,0.0954,0.112711325
7905,model_4b,0.5642,0.3716481
7906,model_4b,0.1757,0.3050338
7907,model_4b,0.1588,0.11820085
7908,model_4b,0.2185,0.22531526
7909,model_4b,0.0539,0.07031728
7910,model_4b,0.7087,0.66798896
7911,model_4b,0.1029,0.1744057
7912,model_4b,-0.0829,-0.05660463
7913,model_4b,0.3109,0.28303838
7914,model_4b,0.3895,0.27152073
7915,model_4b,-0.1633,-0.032519598
7916,model_4b,0.2135,0.20786053
7917,model_4b,0.1851,0.24461038
7918,model_4b,0.2973,0.3201774
7919,model_4b,0.0036,0.029293273
7920,model_4b,0.41,0.3993768
7921,model_4b,0.0959,0.08146462
7922,model_4b,0.0548,0.0440549
7923,model_4b,0.0076,-0.039176214
7924,model_4b,-0.0779,-0.10872452
7925,model_4b,0.08,0.057917662
7926,model_4b,0.2207,0.29335666
7927,model_4b,0.4413,0.4483742
7928,model_4b,0.0658,0.003543633
7929,model_4b,0.3493,0.35763976
7930,model_4b,0.2391,0.23143333
7931,model_4b,0.023,0.05295102
7932,model_4b,0.594,0.61526185
7933,model_4b,0.3332,0.33514324
7934,model_4b,0.482,0.5141232
7935,model_4b,0.2071,0.13944004
7936,model_4b,0.8894,0.88329333
7937,model_4b,0.0461,0.10235673
7938,model_4b,0.2497,0.2718102
7939,model_4b,-0.2304,-0.23853387
7940,model_4b,0.3956,0.33698732
7941,model_4b,0.155,0.4513748
7942,model_4b,0.5459,0.5753743
7943,model_4b,0.1457,0.14157061
7944,model_4b,0.611,0.6867779
7945,model_4b,-0.0513,-0.06808825
7946,model_4b,0.2687,0.279118
7947,model_4b,0.0447,0.0038177883
7948,model_4b,0.513,0.46317238
7949,model_4b,0.2302,0.37333387
7950,model_4b,0.5604,0.57952565
7951,model_4b,0.6187,0.5625439
7952,model_4b,0.1463,0.13610257
7953,model_4b,0.2603,0.2455196
7954,model_4b,0.0076,0.020788565
7955,model_4b,0.0315,0.060063735
7956,model_4b,0.1645,0.25220788
7957,model_4b,0.2143,0.22272258
7958,model_4b,0.329,0.29756236
7959,model_4b,-0.0139,0.026343685
7960,model_4b,0.3738,0.36250618
7961,model_4b,0.1203,0.11276423
7962,model_4b,0.0547,0.16587195
7963,model_4b,0.2056,0.17046548
7964,model_4b,0.1251,0.1278623
7965,model_4b,0.2334,0.20502876
7966,model_4b,0.2282,0.21482264
7967,model_4b,-0.0475,-0.08423762
7968,model_4b,0.1753,0.21706577
7969,model_4b,0.2433,0.18402438
7970,model_4b,0.3039,0.35008448
7971,model_4b,0.2911,0.30349806
7972,model_4b,0.5312,0.51753885
7973,model_4b,0.0045,-0.004487545
7974,model_4b,0.2446,0.24561705
7975,model_4b,0.0783,0.09792744
7976,model_4b,0.1593,0.14764504
7977,model_4b,0.7371,0.715736
7978,model_4b,0.4262,0.44306332
7979,model_4b,0.4948,0.47194865
7980,model_4b,0.169,0.1467283
7981,model_4b,0.1676,0.1689158
7982,model_4b,0.2038,0.23776141
7983,model_4b,0.1706,0.17333099
7984,model_4b,0.4307,0.36394316
7985,model_4b,0.1734,0.18864073
7986,model_4b,0.2079,0.17275389
7987,model_4b,0.1839,0.07972859
7988,model_4b,0.2274,0.1944743
7989,model_4b,0.2536,0.4325187
7990,model_4b,0.374,0.3743673
7991,model_4b,0.5417,0.5737867
7992,model_4b,0.815,0.83088547
7993,model_4b,0.2078,0.22207592
7994,model_4b,0.1419,0.21029375
7995,model_4b,0.2589,0.21270862
7996,model_4b,0.281,0.2919219
7997,model_4b,0.5114,0.45050693
7998,model_4b,0.0358,0.020391595
7999,model_4b,0.7986,0.79543394
8000,model_4b,0.6542,0.637979
8001,model_4b,0.088,0.07059547
8002,model_4b,0.025,0.07252328
8003,model_4b,-0.0112,-0.03821077
8004,model_4b,0.3338,0.34465188
8005,model_4b,0.2818,0.31242925
8006,model_4b,0.269,0.26986843
8007,model_4b,-0.0424,-0.13187702
8008,model_4b,0.1803,0.1607974
8009,model_4b,0.169,0.14856307
8010,model_4b,0.236,0.25932273
8011,model_4b,0.2198,0.25705177
8012,model_4b,0.1866,0.20488073
8013,model_4b,0.4248,0.5231766
8014,model_4b,0.2512,0.25336787
8015,model_4b,0.2158,0.20135042
8016,model_4b,-0.1,-0.12146804
8017,model_4b,-0.5749,0.027210735
8018,model_4b,0.0946,0.101143315
8019,model_4b,0.8552,0.87486637
8020,model_4b,-0.1193,-0.11341527
8021,model_4b,0.5345,0.54548544
8022,model_4b,-0.0114,-0.018255617
8023,model_4b,0.2066,0.26171258
8024,model_4b,0.0119,0.05577366
8025,model_4b,-0.1535,-0.13707155
8026,model_4b,0.3214,0.28305057
8027,model_4b,0.3994,0.38092718
8028,model_4b,0.0641,0.013478101
8029,model_4b,0.4663,0.46323693
8030,model_4b,-0.0225,0.008141105
8031,model_4b,0.5976,0.595048
8032,model_4b,0.2496,0.23894279
8033,model_4b,0.2314,0.25165954
8034,model_4b,0.0476,0.09912172
8035,model_4b,0.2053,0.21746936
8036,model_4b,0.3204,0.4073691
8037,model_4b,0.3088,0.24971123
8038,model_4b,-0.142,-0.1705783
8039,model_4b,0.3433,0.35988903
8040,model_4b,0.252,0.18512802
8041,model_4b,0.2221,0.26773345
8042,model_4b,0.2191,0.22748065
8043,model_4b,0.2066,0.18114607
8044,model_4b,0.0754,0.036361277
8045,model_4b,0.1489,0.12427886
8046,model_4b,0.1556,0.13702123
8047,model_4b,0.2323,0.22686757
8048,model_4b,0.1005,0.11336416
8049,model_4b,0.4096,0.39467195
8050,model_4b,0.1339,0.16483873
8051,model_4b,0.3487,0.29806373
8052,model_4b,0.144,-0.06729612
8053,model_4b,-0.047,-0.015191157
8054,model_4b,0.0231,0.0130901085
8055,model_4b,0.0609,0.03926766
8056,model_4b,0.929,0.9651738
8057,model_4b,0.6836,0.61221534
8058,model_4b,0.4013,0.36270642
8059,model_4b,0.4146,0.42104477
8060,model_4b,0.1216,0.055777237
8061,model_4b,0.2479,0.31876567
8062,model_4b,0.2411,0.32646057
8063,model_4b,0.0501,0.08799939
8064,model_4b,0.2792,0.31108814
8065,model_4b,0.3772,0.40084392
8066,model_4b,0.5453,0.4972151
8067,model_4b,0.0991,0.09081137
8068,model_4b,0.8317,0.8087488
8069,model_4b,0.4374,0.46032876
8070,model_4b,0.0686,0.10925695
8071,model_4b,0.3364,0.3013354
8072,model_4b,0.298,0.28117508
8073,model_4b,0.1833,0.2920646
8074,model_4b,0.1203,0.19484551
8075,model_4b,0.4889,0.4936959
8076,model_4b,0.3597,0.3571121
8077,model_4b,0.1821,0.19999717
8078,model_4b,0.6694,0.60331464
8079,model_4b,0.386,0.34573942
8080,model_4b,0.1627,0.14629857
8081,model_4b,0.4063,0.33727342
8082,model_4b,0.2047,0.17785913
8083,model_4b,0.4378,0.41556692
8084,model_4b,0.2944,0.31652087
8085,model_4b,0.0882,0.078260444
8086,model_4b,0.477,0.47270745
8087,model_4b,0.0561,0.07937788
8088,model_4b,0.2365,0.20322646
8089,model_4b,0.4709,0.45924467
8090,model_4b,0.3123,0.28475603
8091,model_4b,0.1103,0.115534246
8092,model_4b,0.5381,0.5709079
8093,model_4b,-0.0282,0.0013523931
8094,model_4b,-0.1078,-0.03467708
8095,model_4b,0.1588,0.19453532
8096,model_4b,0.312,0.29513526
8097,model_4b,0.6709,0.6559698
8098,model_4b,0.1096,0.09743495
8099,model_4b,0.5135,0.4716673
8100,model_4b,0.1184,0.10448737
8101,model_4b,-0.0023,-0.0019396292
8102,model_4b,0.4592,0.46901867
8103,model_4b,0.3461,0.30279422
8104,model_4b,0.7936,0.8436688
8105,model_4b,0.468,0.43951526
8106,model_4b,-0.0229,-0.034334123
8107,model_4b,0.8707,0.8870518
8108,model_4b,0.3845,0.3556251
8109,model_4b,0.4534,0.44526926
8110,model_4b,0.314,0.27917084
8111,model_4b,0.5015,0.44229496
8112,model_4b,0.3327,0.40491194
8113,model_4b,0.1622,0.1834547
8114,model_4b,0.1257,0.098566085
8115,model_4b,0.3908,0.4814579
8116,model_4b,0.108,0.14405018
8117,model_4b,0.3197,0.28695163
8118,model_4b,0.1599,0.15198927
8119,model_4b,0.4747,0.45907152
8120,model_4b,0.5028,0.46684945
8121,model_4b,0.5039,0.26477575
8122,model_4b,0.3143,0.24997641
8123,model_4b,0.2406,0.23956738
8124,model_4b,0.3679,0.34268448
8125,model_4b,0.3705,0.38881278
8126,model_4b,0.7953,0.8103416
8127,model_4b,-0.0161,-0.015620328
8128,model_4b,0.311,0.2579059
8129,model_4b,0.2225,0.1610399
8130,model_4b,0.4598,0.42739463
8131,model_4b,0.2595,0.3079861
8132,model_4b,0.4819,0.4939571
8133,model_4b,0.2515,0.21854912
8134,model_4b,-0.13,-0.14780551
8135,model_4b,0.5165,0.5423012
8136,model_4b,0.331,0.31677157
8137,model_4b,0.295,0.29612857
8138,model_4b,0.1406,0.10373584
8139,model_4b,0.467,0.41879368
8140,model_4b,0.391,0.38130918
8141,model_4b,0.2831,0.2543707
8142,model_4b,0.0039,0.034899835
8143,model_4b,-0.1949,-0.16604337
8144,model_4b,0.8661,0.8947538
8145,model_4b,0.3169,0.2786458
8146,model_4b,0.1683,0.25466713
8147,model_4b,0.0904,0.080079034
8148,model_4b,0.1558,0.1319985
8149,model_4b,0.2756,0.2984494
8150,model_4b,0.2354,0.17951639
8151,model_4b,0.2313,0.211619
8152,model_4b,-0.2592,-0.1721823
8153,model_4b,0.47,0.5056598
8154,model_4b,0.3482,0.4280876
8155,model_4b,0.2288,0.23571993
8156,model_4b,0.1333,-0.008963739
8157,model_4b,0.0752,0.10196888
8158,model_4b,0.5703,0.6182749
8159,model_4b,0.1318,0.18788217
8160,model_4b,0.4238,0.44704628
8161,model_4b,0.1957,0.15475543
8162,model_4b,-0.0309,-0.032143783
8163,model_4b,-0.2026,-0.13095142
8164,model_4b,0.1492,0.1993473
8165,model_4b,0.101,0.1507777
8166,model_4b,0.4566,0.37881398
8167,model_4b,0.5861,0.5857632
8168,model_4b,0.5031,0.50250775
8169,model_4b,0.286,0.20542692
8170,model_4b,-0.1244,-0.03284366
8171,model_4b,-0.0963,-0.09371765
8172,model_4b,0.1343,0.06267887
8173,model_4b,-0.0445,-0.06400987
8174,model_4b,0.3268,0.37625244
8175,model_4b,0.0759,0.09719807
8176,model_4b,-0.0004,0.0043312805
8177,model_4b,0.1804,0.17290182
8178,model_4b,0.3891,0.39871705
8179,model_4b,0.476,0.47960818
8180,model_4b,0.1044,0.41231805
8181,model_4b,0.1481,0.10304684
8182,model_4b,0.2509,0.2502339
8183,model_4b,-0.0014,-0.007948396
8184,model_4b,0.0709,0.073342375
8185,model_4b,0.0406,0.030163638
8186,model_4b,0.9323,0.9335515
8187,model_4b,0.2264,0.2111366
8188,model_4b,0.0986,0.022543192
8189,model_4b,0.0672,0.08394346
8190,model_4b,0.0755,0.100813724
8191,model_4b,0.197,0.27300477
8192,model_4b,0.516,0.5313755
8193,model_4b,0.2858,0.31605592
8194,model_4b,0.8269,0.8400635
8195,model_4b,0.9665,0.9797699
8196,model_4b,0.2358,0.23813991
8197,model_4b,-0.1734,-0.16825573
8198,model_4b,0.4393,0.26376504
8199,model_4b,-0.14,-0.16806711
8200,model_4b,0.5755,0.58791566
8201,model_4b,0.6711,0.77590954
8202,model_4b,0.2002,0.3105523
8203,model_4b,0.1867,0.19478019
8204,model_4b,0.3063,0.30975324
8205,model_4b,0.7297,0.7392815
8206,model_4b,0.1701,0.1300973
8207,model_4b,0.3475,0.35070276
8208,model_4b,0.0842,0.0865355
8209,model_4b,-0.0014,0.08809906
8210,model_4b,0.1991,0.15259485
8211,model_4b,0.1758,0.20596029
8212,model_4b,-0.0328,-0.013471902
8213,model_4b,0.1432,-0.0125239855
8214,model_4b,0.1607,0.15168792
8215,model_4b,0.0929,0.09545979
8216,model_4b,0.1573,0.13581966
8217,model_4b,-0.0366,-0.033448834
8218,model_4b,0.1659,0.1932485
8219,model_4b,0.6421,0.65536505
8220,model_4b,0.1158,0.091628894
8221,model_4b,0.5968,0.56585854
8222,model_4b,0.4382,0.47560915
8223,model_4b,-0.0089,0.003957809
8224,model_4b,0.7888,0.7768968
8225,model_4b,0.1321,0.21857989
8226,model_4b,0.1556,0.18749
8227,model_4b,0.1571,0.12998305
8228,model_4b,0.2813,0.3096224
8229,model_4b,-0.0553,-0.048303917
8230,model_4b,-0.0286,0.041455984
8231,model_4b,0.0898,0.103665605
8232,model_4b,0.256,0.24221341
8233,model_4b,0.1174,0.12243138
8234,model_4b,-0.1422,-0.11786282
8235,model_4b,0.2153,0.25325352
8236,model_4b,0.089,0.25946653
8237,model_4b,0.1971,0.17159955
8238,model_4b,0.1902,0.18749578
8239,model_4b,0.5737,0.5973723
8240,model_4b,-0.0696,0.024038881
8241,model_4b,0.3303,0.32807922
8242,model_4b,0.32,0.36262503
8243,model_4b,-0.0404,-0.027105879
8244,model_4b,0.0821,0.0663192
8245,model_4b,0.0895,0.14969663
8246,model_4b,0.3422,0.34793967
8247,model_4b,0.6671,0.6312482
8248,model_4b,0.1434,0.18225013
8249,model_4b,0.0903,0.07973081
8250,model_4b,-0.0377,-0.06868026
8251,model_4b,0.2015,0.3184479
8252,model_4b,-0.2146,-0.20302236
8253,model_4b,0.4999,0.51266843
8254,model_4b,0.1687,0.12789324
8255,model_4b,0.1481,0.20756833
8256,model_4b,-0.0119,-0.053137764
8257,model_4b,0.1368,0.4229656
8258,model_4b,0.532,0.52288705
8259,model_4b,0.1131,0.11249283
8260,model_4b,0.2654,0.21841818
8261,model_4b,0.5252,0.48607853
8262,model_4b,0.102,0.078412
8263,model_4b,0.1438,0.121185035
8264,model_4b,0.3371,0.2876703
8265,model_4b,-0.1646,-0.11552252
8266,model_4b,0.0757,0.11876032
8267,model_4b,0.3713,0.35659972
8268,model_4b,0.261,0.21450892
8269,model_4b,0.4555,0.4097085
8270,model_4b,0.523,0.5545694
8271,model_4b,0.2208,0.18196899
8272,model_4b,0.1665,0.21552037
8273,model_4b,0.1519,0.17202656
8274,model_4b,0.084,0.091272786
8275,model_4b,0.2562,0.17703152
8276,model_4b,0.1587,0.20705576
8277,model_4b,0.2921,0.30408502
8278,model_4b,0.346,0.35644177
8279,model_4b,0.1752,0.17513403
8280,model_4b,0.0576,0.044562656
8281,model_4b,0.2593,0.2981888
8282,model_4b,0.6237,0.63261205
8283,model_4b,0.6642,0.62404585
8284,model_4b,0.1626,0.22691667
8285,model_4b,0.0199,-0.0053539677
8286,model_4b,0.351,0.37211263
8287,model_4b,0.1391,0.1292079
8288,model_4b,0.1439,0.18702681
8289,model_4b,-0.118,-0.047889035
8290,model_4b,0.1575,0.17126681
8291,model_4b,0.1039,0.06869151
8292,model_4b,0.058,-0.0037528118
8293,model_4b,0.3379,0.3849691
8294,model_4b,0.1154,0.09810599
8295,model_4b,-0.0239,-0.046068866
8296,model_4b,0.018,0.027890302
8297,model_4b,-0.0247,-0.100533165
8298,model_4b,0.0036,0.0076751066
8299,model_4b,0.2146,0.18656135
8300,model_4b,0.8651,0.87495404
8301,model_4b,0.0975,0.120818645
8302,model_4b,0.203,0.2165863
8303,model_4b,0.2146,0.26375255
8304,model_4b,0.7202,0.6847939
8305,model_4b,0.0498,0.06029427
8306,model_4b,-0.0454,-0.08203103
8307,model_4b,0.0339,0.031790547
8308,model_4b,0.4762,0.35155874
8309,model_4b,0.1491,0.10262229
8310,model_4b,0.3627,0.35061312
8311,model_4b,0.842,0.85587853
8312,model_4b,0.2339,0.1879582
8313,model_4b,0.0146,-0.028260726
8314,model_4b,0.1571,0.16680284
8315,model_4b,-0.0455,-0.115199305
8316,model_4b,0.2512,0.22953919
8317,model_4b,0.1304,0.01589026
8318,model_4b,0.6412,0.6643786
8319,model_4b,0.2924,0.26892757
8320,model_4b,0.1715,0.14572337
8321,model_4b,0.0157,0.008015863
8322,model_4b,0.1155,0.13575739
8323,model_4b,-0.0113,0.06909077
8324,model_4b,0.1165,0.05265139
8325,model_4b,0.4428,0.42346436
8326,model_4b,0.4851,0.47466174
8327,model_4b,0.3105,0.3096752
8328,model_4b,0.2339,0.23745233
8329,model_4b,0.6122,0.617758
8330,model_4b,0.0809,0.08236618
8331,model_4b,0.9447,0.8925206
8332,model_4b,0.1303,0.123045996
8333,model_4b,0.2879,0.31797063
8334,model_4b,-0.0406,0.024319481
8335,model_4b,0.1661,0.18802188
8336,model_4b,0.4717,0.43052357
8337,model_4b,0.2581,0.25803557
8338,model_4b,0.2614,0.26619124
8339,model_4b,0.2206,0.2707523
8340,model_4b,0.4404,0.35907662
8341,model_4b,-0.0225,-0.069659024
8342,model_4b,0.1362,0.14488758
8343,model_4b,0.122,0.085758
8344,model_4b,0.2478,0.2745605
8345,model_4b,0.0804,0.10683966
8346,model_4b,0.0896,0.08786443
8347,model_4b,0.2589,0.2853301
8348,model_4b,0.1241,0.10757426
8349,model_4b,0.0953,0.13612318
8350,model_4b,0.3806,0.37177226
8351,model_4b,0.3132,0.31489605
8352,model_4b,0.1667,0.1286936
8353,model_4b,0.4849,0.4401846
8354,model_4b,-0.0329,0.14439899
8355,model_4b,0.5584,0.5468955
8356,model_4b,0.0591,0.03052
8357,model_4b,0.4223,0.4183854
8358,model_4b,-0.1287,-0.13154647
8359,model_4b,0.2548,0.269848
8360,model_4b,0.1733,0.22379097
8361,model_4b,0.0309,0.002616276
8362,model_4b,0.1838,0.20368849
8363,model_4b,0.0496,0.07796194
8364,model_4b,0.6049,0.5686779
8365,model_4b,0.2337,0.25122666
8366,model_4b,-0.163,-0.104984455
8367,model_4b,0.633,0.5495873
8368,model_4b,0.2357,0.32176617
8369,model_4b,0.0549,0.09468503
8370,model_4b,0.1392,0.14389111
8371,model_4b,0.499,0.5101345
8372,model_4b,0.4157,0.37532076
8373,model_4b,0.3054,0.29401934
8374,model_4b,0.1348,0.26160264
8375,model_4b,0.1066,0.13846311
8376,model_4b,0.2705,0.2960444
8377,model_4b,0.2422,0.25415653
8378,model_4b,0.1623,0.117439166
8379,model_4b,0.1289,0.11994271
8380,model_4b,0.0515,0.055721767
8381,model_4b,0.3696,0.4202538
8382,model_4b,0.5245,0.46422446
8383,model_4b,0.1274,0.19137765
8384,model_4b,0.074,0.11747143
8385,model_4b,0.2207,0.24271397
8386,model_4b,-0.0335,-0.07609457
8387,model_4b,0.2783,0.26241517
8388,model_4b,0.0534,0.13583635
8389,model_4b,0.5358,0.4757465
8390,model_4b,0.0646,0.064215
8391,model_4b,0.2973,0.29391843
8392,model_4b,-0.2085,-0.277887
8393,model_4b,-0.0118,0.039453484
8394,model_4b,0.3737,0.40040636
8395,model_4b,0.1555,0.18626113
8396,model_4b,0.3779,0.38089126
8397,model_4b,0.1482,0.09708695
8398,model_4b,0.2755,0.20128785
8399,model_4b,0.3749,0.35912222
8400,model_4b,0.0899,0.012352158
8401,model_4b,0.3519,0.42051142
8402,model_4b,0.4123,0.36201587
8403,model_4b,0.1541,0.34170932
8404,model_4b,-0.0532,-0.011325379
8405,model_4b,0.3114,0.30136597
8406,model_4b,0.3575,0.39140785
8407,model_4b,0.3541,0.37620044
8408,model_4b,0.0643,0.1400645
8409,model_4b,0.1829,0.1737783
8410,model_4b,0.4503,0.42867333
8411,model_4b,-0.1198,-0.020628273
8412,model_4b,0.0585,0.048325922
8413,model_4b,-0.0512,-0.048932467
8414,model_4b,0.6584,0.6100134
8415,model_4b,0.4088,0.42860705
8416,model_4b,0.3131,0.2943662
8417,model_4b,0.8609,0.83762425
8418,model_4b,0.3183,0.33572194
8419,model_4b,0.4465,0.4400446
8420,model_4b,-0.1397,-0.103810996
8421,model_4b,0.1518,0.14733995
8422,model_4b,0.3018,0.2971756
8423,model_4b,0.2035,0.16273966
8424,model_4b,0.3751,0.39845088
8425,model_4b,0.1341,0.13105981
8426,model_4b,0.0226,0.04244609
8427,model_4b,0.2792,0.24714468
8428,model_4b,0.1594,0.17295425
8429,model_4b,0.1327,0.13426624
8430,model_4b,0.6031,0.6133731
8431,model_4b,-0.0169,-0.004438185
8432,model_4b,-0.2042,-0.20108114
8433,model_4b,-0.1098,-0.11328133
8434,model_4b,-0.06,-0.125917
8435,model_4b,0.5641,0.5241851
8436,model_4b,0.1709,0.1976536
8437,model_4b,0.2249,0.25534135
8438,model_4b,0.2594,0.257756
8439,model_4b,-0.2033,-0.2673512
8440,model_4b,0.3997,0.2882861
8441,model_4b,0.2886,0.303109
8442,model_4b,0.0537,0.060236044
8443,model_4b,0.1632,0.2052072
8444,model_4b,0.0502,0.23333566
8445,model_4b,0.2989,0.280078
8446,model_4b,0.7463,0.7045276
8447,model_4b,0.0917,0.10200697
8448,model_4b,0.1228,0.11646487
8449,model_4b,0.0764,0.09741193
8450,model_4b,0.1997,0.2850022
8451,model_4b,0.0639,0.012317027
8452,model_4b,0.2147,0.2011609
8453,model_4b,0.1924,0.2039863
8454,model_4b,0.2336,0.17853722
8455,model_4b,0.1368,0.15504844
8456,model_4b,-0.0726,0.093437806
8457,model_4b,0.0723,0.04550139
8458,model_4b,0.5147,0.51780546
8459,model_4b,0.6486,0.6201308
8460,model_4b,0.4589,0.4136704
8461,model_4b,0.1824,-0.0046962174
8462,model_4b,0.5554,0.5167148
8463,model_4b,0.1301,0.104757726
8464,model_4b,0.0471,0.04375625
8465,model_4b,0.1604,0.29208845
8466,model_4b,0.1757,0.20946144
8467,model_4b,0.1223,0.10116583
8468,model_4b,0.1768,0.14214472
8469,model_4b,0.111,0.09416072
8470,model_4b,0.1488,0.21996148
8471,model_4b,0.4514,0.4661148
8472,model_4b,0.0752,0.09358959
8473,model_4b,0.1796,0.1910273
8474,model_4b,0.1721,0.26015633
8475,model_4b,0.3159,0.31111255
8476,model_4b,0.0185,0.032165274
8477,model_4b,0.2317,0.2085595
8478,model_4b,0.839,0.8225667
8479,model_4b,-0.1053,-0.1699587
8480,model_4b,0.6241,0.6102194
8481,model_4b,0.2437,0.3073804
8482,model_4b,0.4658,0.27531758
8483,model_4b,0.5296,0.5148929
8484,model_4b,0.3454,0.38298354
8485,model_4b,-0.0523,-0.02599933
8486,model_4b,0.2367,0.28200507
8487,model_4b,-0.0318,0.017242309
8488,model_4b,-0.1389,-0.032474924
8489,model_4b,0.4072,0.46463746
8490,model_4b,0.2072,0.14667456
8491,model_4b,-0.1929,-0.17979832
8492,model_4b,-0.044,-0.067803614
8493,model_4b,0.024,-0.03297618
8494,model_4b,0.0527,0.06205733
8495,model_4b,0.4268,0.41679817
8496,model_4b,0.0467,0.083099365
8497,model_4b,0.2166,0.20954843
8498,model_4b,0.3644,0.16874005
8499,model_4b,0.0742,0.15517099
8500,model_4b,0.1657,0.18027245
8501,model_4b,-0.0197,-0.02087311
8502,model_4b,0.1168,0.13737465
8503,model_4b,0.6326,0.6269315
8504,model_4b,0.7376,0.711869
8505,model_4b,0.0216,-0.04741468
8506,model_4b,0.1767,0.1649775
8507,model_4b,0.1621,0.20319329
8508,model_4b,0.3109,0.3269143
8509,model_4b,0.1434,0.16639774
8510,model_4b,0.1444,0.23087378
8511,model_4b,0.3419,0.28739583
8512,model_4b,-0.1969,-0.17813496
8513,model_4b,0.2819,0.24861939
8514,model_4b,0.1428,0.15047756
8515,model_4b,0.0376,0.07461561
8516,model_4b,0.074,0.10591318
8517,model_4b,0.1678,0.13789184
8518,model_4b,0.3727,0.36001837
8519,model_4b,0.3913,0.39638716
8520,model_4b,0.59,0.6315752
8521,model_4b,0.2115,-0.010562672
8522,model_4b,0.1805,0.13027959
8523,model_4b,0.297,0.21785846
8524,model_4b,0.0675,0.071771726
8525,model_4b,0.0249,0.030645113
8526,model_4b,0.2209,0.21431886
8527,model_4b,0.0484,0.031113919
8528,model_4b,0.1844,0.17351143
8529,model_4b,0.0703,0.24997188
8530,model_4b,0.7797,0.8342884
8531,model_4b,0.2194,0.17527491
8532,model_4b,0.2741,0.29650468
8533,model_4b,0.264,-0.063082434
8534,model_4b,0.089,0.16269258
8535,model_4b,-0.0174,-0.09407616
8536,model_4b,0.3093,0.29704794
8537,model_4b,0.0401,0.07245755
8538,model_4b,0.0969,0.19034044
8539,model_4b,0.218,0.25146958
8540,model_4b,0.1445,0.13341887
8541,model_4b,-0.0434,0.017393347
8542,model_4b,0.0831,0.12746193
8543,model_4b,0.1982,0.2797145
8544,model_4b,0.4415,0.445063
8545,model_4b,0.395,0.30170608
8546,model_4b,0.7228,0.64851314
8547,model_4b,0.2033,0.29730475
8548,model_4b,0.3381,0.28406477
8549,model_4b,-1e-04,0.0015511448
8550,model_4b,0.1251,0.17752936
8551,model_4b,0.2526,0.2545796
8552,model_4b,0.3148,0.36051643
8553,model_4b,0.2407,0.33915788
8554,model_4b,0.5303,0.5112054
8555,model_4b,0.2007,0.15963699
8556,model_4b,0.3103,0.2424558
8557,model_4b,0.5572,0.5460622
8558,model_4b,0.1321,0.16773227
8559,model_4b,0.0921,0.12899855
8560,model_4b,0.1829,0.22174136
8561,model_4b,0.7506,0.7727898
8562,model_4b,0.1686,0.20858808
8563,model_4b,0.5172,0.50890595
8564,model_4b,0.04,0.036898248
8565,model_4b,0.6926,0.6750053
8566,model_4b,0.2028,0.26182732
8567,model_4b,0.1676,0.20255946
8568,model_4b,0.2867,0.30850106
8569,model_4b,-0.0258,-0.043130323
8570,model_4b,0.6387,0.6552555
8571,model_4b,0.1085,0.13288586
8572,model_4b,0.167,0.15071242
8573,model_4b,-0.0846,-0.051933594
8574,model_4b,0.3308,0.38454533
8575,model_4b,0.3568,0.33677298
8576,model_4b,0.218,0.24069631
8577,model_4b,0.0208,0.0056262156
8578,model_4b,-0.0647,-0.046630938
8579,model_4b,0.1977,0.19176361
8580,model_4b,0.1041,0.11024988
8581,model_4b,0.9135,0.9914493
8582,model_4b,-0.2031,-0.17704894
8583,model_4b,0.0515,0.06396387
8584,model_4b,0.0193,0.09798685
8585,model_4b,0.0221,-0.010906945
8586,model_4b,0.1164,0.07142377
8587,model_4b,-0.0303,-0.1450673
8588,model_4b,0.55,0.54147434
8589,model_4b,0.3811,0.4192307
8590,model_4b,0.2575,0.26328233
8591,model_4b,0.0269,0.025405902
8592,model_4b,0.4508,0.50743395
8593,model_4b,0.0571,0.045525208
8594,model_4b,0.1278,0.14783986
8595,model_4b,-0.0011,-0.028656192
8596,model_4b,0.0649,0.10279149
8597,model_4b,0.0711,0.0057140673
8598,model_4b,0.375,0.38942087
8599,model_4b,0.0558,0.048556324
8600,model_4b,0.0616,0.048469916
8601,model_4b,0.5182,0.51172876
8602,model_4b,0.104,0.051174372
8603,model_4b,0.444,0.4345025
8604,model_4b,0.4833,0.48469856
8605,model_4b,0.6148,0.5840027
8606,model_4b,0.426,0.51609427
8607,model_4b,0.7315,0.71001583
8608,model_4b,0.3543,0.2837313
8609,model_4b,0.0255,0.018684834
8610,model_4b,0.6569,0.6311955
8611,model_4b,0.3936,0.33746377
8612,model_4b,0.2241,0.20127349
8613,model_4b,0.2179,0.14986104
8614,model_4b,0.302,0.27231175
8615,model_4b,0.1527,0.09884774
8616,model_4b,0.1559,0.12079954
8617,model_4b,0.2001,0.20483999
8618,model_4b,0.6468,0.6980805
8619,model_4b,-0.0176,-0.011606571
8620,model_4b,0.1027,0.093812756
8621,model_4b,0.5252,0.5208606
8622,model_4b,0.4195,0.4777275
8623,model_4b,0.5664,0.389951
8624,model_4b,0.1416,0.110080935
8625,model_4b,0.2203,0.21285586
8626,model_4b,-0.086,-0.042467967
8627,model_4b,0.0932,0.06394399
8628,model_4b,0.5271,0.44221577
8629,model_4b,-0.013,0.013638931
8630,model_4b,0.0938,0.15207009
8631,model_4b,0.206,0.09215658
8632,model_4b,0.2484,0.2987642
8633,model_4b,0.7504,0.7242278
8634,model_4b,0.0003,-0.021999508
8635,model_4b,0.2637,0.31639495
8636,model_4b,0.5564,0.54428285
8637,model_4b,0.1587,0.1757798
8638,model_4b,0.1794,0.2173598
8639,model_4b,0.1351,0.16241199
8640,model_4b,0.0623,-0.007881862
8641,model_4b,0.1824,0.35543334
8642,model_4b,0.0131,-0.023605194
8643,model_4b,0.3673,0.2527848
8644,model_4b,0.0234,0.07081271
8645,model_4b,0.1953,0.19027904
8646,model_4b,0.5578,0.5106433
8647,model_4b,0.7461,0.69745404
8648,model_4b,0.2784,0.27636424
8649,model_4b,0.5476,0.56641454
8650,model_4b,-0.0334,0.0030858507
8651,model_4b,0.1289,0.12025489
8652,model_4b,0.1565,0.24487327
8653,model_4b,0.7226,0.70916694
8654,model_4b,0.3916,0.36786783
8655,model_4b,0.2194,0.23263927
8656,model_4b,0.3526,0.23648618
8657,model_4b,0.1283,0.091415256
8658,model_4b,0.1929,0.1983396
8659,model_4b,0.9727,0.94813854
8660,model_4b,0.1142,0.10976221
8661,model_4b,-0.1553,-0.15312333
8662,model_4b,0.128,0.12667088
8663,model_4b,0.3765,0.37024313
8664,model_4b,0.2108,0.15320735
8665,model_4b,0.217,0.21189936
8666,model_4b,0.0973,0.336187
8667,model_4b,0.2432,0.2747897
8668,model_4b,0.1885,0.15124919
8669,model_4b,0.1057,0.072565496
8670,model_4b,0.8701,0.9082164
8671,model_4b,0.0011,0.0066206576
8672,model_4b,0.1408,0.09805762
8673,model_4b,0.3124,0.303555
8674,model_4b,0.3196,0.3457696
8675,model_4b,0.178,0.2046339
8676,model_4b,0.0912,0.10353599
8677,model_4b,0.0044,0.044844456
8678,model_4b,0.0709,0.11541537
8679,model_4b,0.2204,0.20443968
8680,model_4b,0.379,0.4794984
8681,model_4b,0.1896,0.17143008
8682,model_4b,0.3547,0.38580048
8683,model_4b,0.1272,-0.0043953573
8684,model_4b,0.3462,0.31270373
8685,model_4b,0.3293,0.20559046
8686,model_4b,0.0992,0.06456356
8687,model_4b,0.1706,0.18238015
8688,model_4b,0.0812,0.050825093
8689,model_4b,0.0391,0.32626477
8690,model_4b,0.1354,0.139719
8691,model_4b,0.334,0.36926562
8692,model_4b,0.4088,0.41105413
8693,model_4b,0.2823,0.29838523
8694,model_4b,0.5985,0.579048
8695,model_4b,0.6831,0.7018394
8696,model_4b,0.6066,0.6292475
8697,model_4b,0.3036,0.27765337
8698,model_4b,0.5453,0.5105639
8699,model_4b,0.0505,0.073688194
8700,model_4b,0.3587,0.32184845
8701,model_4b,0.2416,0.28610265
8702,model_4b,0.3545,0.38389
8703,model_4b,0.8793,0.9584061
8704,model_4b,-0.105,-0.00299655
8705,model_4b,0.8845,0.8732847
8706,model_4b,-0.0169,0.006261305
8707,model_4b,-0.0828,-0.087291084
8708,model_4b,0.1403,0.087382264
8709,model_4b,0.1739,0.1907552
8710,model_4b,0.202,0.28361422
8711,model_4b,0.0943,0.071558915
8712,model_4b,0.2933,0.27262953
8713,model_4b,0.07,0.09011103
8714,model_4b,0.0956,0.07485966
8715,model_4b,0.0794,0.08551397
8716,model_4b,0.5511,0.5867371
8717,model_4b,1.0087,1.0103735
8718,model_4b,-0.0792,-0.115217246
8719,model_4b,0.0412,0.05443473
8720,model_4b,0.2127,0.2929126
8721,model_4b,0.0715,0.058322787
8722,model_4b,0.0786,0.07440859
8723,model_4b,0.1993,0.1850376
8724,model_4b,-0.1476,0.20529813
8725,model_4b,0.4982,0.5597053
8726,model_4b,0.5049,0.49649924
8727,model_4b,0.3699,0.3472919
8728,model_4b,0.0702,0.09656344
8729,model_4b,0.1016,0.10834297
8730,model_4b,0.059,0.122898385
8731,model_4b,0.0585,0.012992098
8732,model_4b,0.0948,0.101032495
8733,model_4b,0.7572,0.730171
8734,model_4b,-0.0057,0.039329268
8735,model_4b,0.6502,0.587971
8736,model_4b,0.1441,0.19347142
8737,model_4b,0.5463,0.48228765
8738,model_4b,0.0193,0.0018055579
8739,model_4b,0.5895,0.62201184
8740,model_4b,-0.1888,-0.12563004
8741,model_4b,0.1717,0.15972607
8742,model_4b,0.0838,0.117253214
8743,model_4b,0.7194,0.74272364
8744,model_4b,-0.0628,-0.114193514
8745,model_4b,-0.1818,-0.08508603
8746,model_4b,0.2796,0.28553146
8747,model_4b,0.4335,0.44793156
8748,model_4b,0.6846,0.7361048
8749,model_4b,0.5616,0.50046813
8750,model_4b,0.2364,0.24334951
8751,model_4b,0.8542,0.86260587
8752,model_4b,0.2339,0.21772441
8753,model_4b,0.3931,0.4052059
8754,model_4b,0.8486,0.83438355
8755,model_4b,0.1571,0.13553233
8756,model_4b,0.123,0.11775376
8757,model_4b,-0.1357,-0.1661839
8758,model_4b,0.314,0.3505277
8759,model_4b,0.5013,0.51341885
8760,model_4b,0.1815,0.20223537
8761,model_4b,0.6097,0.619675
8762,model_4b,0.0008,0.039500915
8763,model_4b,0.4833,0.5239144
8764,model_4b,0.7169,0.72674143
8765,model_4b,0.775,0.8287267
8766,model_4b,0.4415,0.4788946
8767,model_4b,0.1374,0.13676451
8768,model_4b,0.4842,0.4465191
8769,model_4b,0.402,0.41634953
8770,model_4b,0.0492,0.09576261
8771,model_4b,0.2518,0.32217467
8772,model_4b,0.8606,0.89239115
8773,model_4b,0.3908,0.6826737
8774,model_4b,0.3168,0.29790753
8775,model_4b,0.7317,0.755184
8776,model_4b,0.1058,0.08912999
8777,model_4b,0.113,0.07579628
8778,model_4b,0.2431,0.22953483
8779,model_4b,0.2694,0.22624718
8780,model_4b,0.2864,0.28611463
8781,model_4b,0.3009,0.3563618
8782,model_4b,0.1228,0.11681184
8783,model_4b,0.0436,0.03138477
8784,model_4b,0.0602,0.07188606
8785,model_4b,0.2054,0.13457279
8786,model_4b,0.1275,0.10523495
8787,model_4b,0.1402,0.077394314
8788,model_4b,0.3687,0.3897922
8789,model_4b,0.1841,0.1857643
8790,model_4b,0.4592,0.432123
8791,model_4b,-0.0305,-0.020921562
8792,model_4b,0.2515,0.3135427
8793,model_4b,0.0776,0.0637227
8794,model_4b,0.1262,0.12387119
8795,model_4b,0.152,0.20567949
8796,model_4b,0.3442,0.3394755
8797,model_4b,0.4843,0.35089198
8798,model_4b,0.1324,0.0809386
8799,model_4b,0.4714,0.46748438
8800,model_4b,0.2463,0.23522995
8801,model_4b,-0.152,-0.1725552
8802,model_4b,0.7393,0.7612583
8803,model_4b,0.4274,0.43844938
8804,model_4b,0.1693,0.22701305
8805,model_4b,0.5058,0.4560349
8806,model_4b,0.5043,0.526147
8807,model_4b,-0.11,-0.10587897
8808,model_4b,0.0489,0.03221622
8809,model_4b,-0.0029,0.03653232
8810,model_4b,0.0359,0.11402569
8811,model_4b,0.2133,0.17276846
8812,model_4b,0.5089,0.51940197
8813,model_4b,0.316,0.33648235
8814,model_4b,0.2799,0.31049162
8815,model_4b,0.228,0.23665513
8816,model_4b,0.5807,0.6025886
8817,model_4b,0.5129,0.47495717
8818,model_4b,0.349,0.39139825
8819,model_4b,0.1349,0.12383403
8820,model_4b,0.2496,0.29954973
8821,model_4b,0.0886,0.11456181
8822,model_4b,0.411,0.38554126
8823,model_4b,0.4205,0.43250507
8824,model_4b,0.1695,0.1187371
8825,model_4b,0.3467,0.25490025
8826,model_4b,0.0975,0.10782838
8827,model_4b,-0.0579,-0.006852162
8828,model_4b,0.2092,0.14067437
8829,model_4b,0.1089,0.1285272
8830,model_4b,0.3131,0.29971758
8831,model_4b,0.5563,0.5377345
8832,model_4b,0.0166,-0.019403763
8833,model_4b,0.1892,0.23001938
8834,model_4b,0.1586,0.110090196
8835,model_4b,0.3294,0.32153404
8836,model_4b,0.1983,0.16850309
8837,model_4b,0.1547,0.09467049
8838,model_4b,0.0751,0.059987165
8839,model_4b,0.4295,0.3750047
8840,model_4b,-0.0502,-0.07072997
8841,model_4b,0.5133,0.5076359
8842,model_4b,-0.1092,-0.14901914
8843,model_4b,-0.0123,0.03244386
8844,model_4b,0.7003,0.72139335
8845,model_4b,-0.0303,-0.0173776
8846,model_4b,0.1254,0.068072766
8847,model_4b,0.4098,0.3866514
8848,model_4b,0.0535,0.06527799
8849,model_4b,0.2869,0.2831362
8850,model_4b,0.5128,0.537418
8851,model_4b,0.0724,0.06889533
8852,model_4b,0.1794,0.19699423
8853,model_4b,0.6155,0.7754198
8854,model_4b,0.2079,0.18515356
8855,model_4b,0.3355,0.41764566
8856,model_4b,0.2043,0.15815863
8857,model_4b,0.497,0.41800332
8858,model_4b,0.1859,0.05065527
8859,model_4b,0.1302,0.027785346
8860,model_4b,0.3435,0.30936387
8861,model_4b,0.0597,0.03867551
8862,model_4b,0.4149,0.42596644
8863,model_4b,0.1627,0.18993536
8864,model_4b,0.3603,0.33792734
8865,model_4b,0.259,0.2704348
8866,model_4b,0.5804,0.59156305
8867,model_4b,0.4961,0.4376409
8868,model_4b,0.4055,0.42314973
8869,model_4b,-0.1447,-0.13431318
8870,model_4b,0.52,0.54890364
8871,model_4b,-0.0973,-0.059597462
8872,model_4b,0.1266,0.1507964
8873,model_4b,-0.1773,-0.16855127
8874,model_4b,0.0077,0.019821044
8875,model_4b,-0.1947,-0.1890657
8876,model_4b,0.1742,0.16379996
8877,model_4b,0.0883,0.08891688
8878,model_4b,0.1592,0.16355349
8879,model_4b,0.2319,0.21582265
8880,model_4b,0.0809,0.061684728
8881,model_4b,-0.1656,-0.16020133
8882,model_4b,0.0301,0.03519924
8883,model_4b,0.8711,0.8283768
8884,model_4b,0.0064,-0.028790344
8885,model_4b,0.7413,0.7457417
8886,model_4b,0.1538,0.16519962
8887,model_4b,0.126,0.14594594
8888,model_4b,0.4213,0.39691913
8889,model_4b,0.5487,0.5291252
8890,model_4b,0.1051,0.13957502
8891,model_4b,0.2526,0.28160393
8892,model_4b,0.0446,0.046981677
8893,model_4b,0.3029,0.2118205
8894,model_4b,0.3675,0.32787097
8895,model_4b,0.12,0.10726486
8896,model_4b,0.3272,0.33629286
8897,model_4b,0.3044,0.3293357
8898,model_4b,0.6197,0.53589773
8899,model_4b,-0.1249,-0.12347703
8900,model_4b,0.2858,0.35277885
8901,model_4b,0.0394,0.046088934
8902,model_4b,0.5866,0.5793979
8903,model_4b,0.1104,0.1488109
8904,model_4b,0.3012,0.34094426
8905,model_4b,0.0195,0.0053858487
8906,model_4b,-0.064,-0.07320309
8907,model_4b,0.3011,0.32935664
8908,model_4b,0.1564,0.21325052
8909,model_4b,0.2869,0.27611578
8910,model_4b,0.17,0.067160465
8911,model_4b,0.1081,0.0897887
8912,model_4b,0.2513,0.26117945
8913,model_4b,0.1134,0.091114074
8914,model_4b,0.1789,0.15752785
8915,model_4b,0.2225,0.2440861
8916,model_4b,0.4575,0.4647269
8917,model_4b,1.0372,1.019514
8918,model_4b,0.304,0.28643066
8919,model_4b,0.0947,0.08698562
8920,model_4b,0.0785,0.076306894
8921,model_4b,0.4168,0.36880225
8922,model_4b,0.1076,0.12868954
8923,model_4b,0.36,0.3311541
8924,model_4b,0.2679,0.26201832
8925,model_4b,0.2502,0.34912837
8926,model_4b,0.4212,0.42198968
8927,model_4b,0.081,0.09048953
8928,model_4b,0.4438,0.4845454
8929,model_4b,0.1166,0.08534576
8930,model_4b,0.4411,0.4210285
8931,model_4b,0.1037,0.1462604
8932,model_4b,0.4777,0.3542404
8933,model_4b,0.7143,0.75856894
8934,model_4b,0.465,0.46654963
8935,model_4b,0.1431,0.12995361
8936,model_4b,-0.0443,-0.015388553
8937,model_4b,0.3535,0.33000192
8938,model_4b,0.1989,0.2479824
8939,model_4b,0.0753,0.04999063
8940,model_4b,0.7543,0.74465424
8941,model_4b,0.1048,0.11917801
8942,model_4b,0.2423,0.23573132
8943,model_4b,0.0751,0.09010554
8944,model_4b,0.1811,0.19506527
8945,model_4b,0.2077,0.18670103
8946,model_4b,0.2644,0.228
8947,model_4b,0.1267,0.10696116
8948,model_4b,0.0905,0.12218054
8949,model_4b,0.4364,0.4520061
8950,model_4b,0.1593,0.16308944
8951,model_4b,0.2516,0.30067647
8952,model_4b,0.3078,0.26473212
8953,model_4b,-0.0307,-0.035345804
8954,model_4b,0.0234,0.072939456
8955,model_4b,0.1202,0.118126675
8956,model_4b,0.3412,0.34135926
8957,model_4b,0.1823,0.185263
8958,model_4b,0.2258,0.23012799
8959,model_4b,0.1107,0.06666067
8960,model_4b,0.7138,0.6459961
8961,model_4b,0.2787,0.26547164
8962,model_4b,0.0409,0.024307683
8963,model_4b,0.7057,0.66925806
8964,model_4b,0.1592,0.15072264
8965,model_4b,0.0628,0.07306221
8966,model_4b,0.4588,0.3245759
8967,model_4b,0.5756,0.597858
8968,model_4b,0.4857,0.4397281
8969,model_4b,0.4057,0.409704
8970,model_4b,0.217,0.20147969
8971,model_4b,0.3933,0.43540516
8972,model_4b,0.4487,0.508268
8973,model_4b,0.1067,0.10052106
8974,model_4b,0.1358,0.17587063
8975,model_4b,0.0479,0.06502757
8976,model_4b,0.3972,0.4632945
8977,model_4b,0.0085,-0.023185953
8978,model_4b,0.5367,0.5480117
8979,model_4b,0.7953,0.77851766
8980,model_4b,0.1984,0.19568391
8981,model_4b,0.2351,0.25156954
8982,model_4b,0.5608,0.5866397
8983,model_4b,0.707,0.6954259
8984,model_4b,0.1896,0.15205568
8985,model_4b,0.17,0.13584946
8986,model_4b,0.0265,0.024353575
8987,model_4b,0.4113,0.34052375
8988,model_4b,0.6551,0.6262922
8989,model_4b,-0.0158,-0.039094284
8990,model_4b,0.2872,0.23430811
8991,model_4b,0.0793,0.08398004
8992,model_4b,0.1652,0.12462573
8993,model_4b,0.0771,0.093192756
8994,model_4b,0.9234,0.8997973
8995,model_4b,0.1173,0.0780587
8996,model_4b,0.1833,0.06714569
8997,model_4b,0.0508,0.13560714
8998,model_4b,0.065,0.1185914
8999,model_4b,0.6498,0.6381373
9000,model_4b,0.698,0.65597236
9001,model_4b,0.3276,0.3204022
9002,model_4b,0.6542,0.45405057
9003,model_4b,0.1239,0.1453636
9004,model_4b,0.4132,0.46721065
9005,model_4b,0.1375,0.12159479
9006,model_4b,0.2242,0.22836441
9007,model_4b,0.0525,0.05431948
9008,model_4b,0.193,0.18684264
9009,model_4b,0.5679,0.566667
9010,model_4b,0.1618,0.19440208
9011,model_4b,0.281,0.26882577
9012,model_4b,0.162,0.16565184
9013,model_4b,0.0726,0.12575354
9014,model_4b,0.1511,0.1579311
9015,model_4b,0.2536,0.24362127
9016,model_4b,0.1587,0.2260366
9017,model_4b,0.216,0.15133421
9018,model_4b,0.3324,0.441979
9019,model_4b,0.417,0.38611344
9020,model_4b,-0.1014,-0.04330963
9021,model_4b,0.0412,0.0542121
9022,model_4b,0.0781,0.06419274
9023,model_4b,-0.0402,-0.06558572
9024,model_4b,0.2982,0.32990903
9025,model_4b,0.4806,0.44172862
9026,model_4b,0.4612,0.4302659
9027,model_4b,0.0965,0.09992546
9028,model_4b,0.4105,0.34628797
9029,model_4b,0.4148,0.41724485
9030,model_4b,0.8205,0.84234536
9031,model_4b,0.3381,0.28777277
9032,model_4b,0.1551,0.22255705
9033,model_4b,0.3059,0.3279981
9034,model_4b,-0.1324,-0.11532017
9035,model_4b,0.4211,0.4539831
9036,model_4b,0.6454,0.63063973
9037,model_4b,0.0274,0.010364191
9038,model_4b,0.1692,0.1894558
9039,model_4b,0.2795,0.23536834
9040,model_4b,-0.0724,-0.08071087
9041,model_4b,-0.097,-0.076941974
9042,model_4b,-0.116,-0.09426657
9043,model_4b,0.451,0.44950038
9044,model_4b,0.6104,0.6623589
9045,model_4b,0.5859,0.6142731
9046,model_4b,0.4774,0.47278094
9047,model_4b,0.6269,0.62526435
9048,model_4b,-0.1433,-0.14482406
9049,model_4b,0.1664,0.18404682
9050,model_4b,0.0982,0.097775616
9051,model_4b,0.2967,0.30894783
9052,model_4b,0.7447,0.7183943
9053,model_4b,0.035,0.03542539
9054,model_4b,0.9396,0.9452178
9055,model_4b,0.1447,0.16107413
9056,model_4b,0.7369,0.7625497
9057,model_4b,0.0846,0.10375674
9058,model_4b,0.1836,0.18385744
9059,model_4b,0.0528,0.026882485
9060,model_4b,-0.0232,-0.012154159
9061,model_4b,0.1239,0.09675612
9062,model_4b,0.1943,0.16752775
9063,model_4b,0.081,0.1371174
9064,model_4b,0.4332,0.45811838
9065,model_4b,-0.0172,0.012764641
9066,model_4b,0.4998,0.4855963
9067,model_4b,0.6995,0.69406813
9068,model_4b,0.7247,0.7542057
9069,model_4b,0.0497,0.10009046
9070,model_4b,-0.0201,-0.056167886
9071,model_4b,0.1146,0.083876885
9072,model_4b,0.1783,0.17510958
9073,model_4b,0.4161,0.44008034
9074,model_4b,0.2536,0.26286665
9075,model_4b,0.9311,0.9249802
9076,model_4b,0.2063,0.20538047
9077,model_4b,0.0646,0.14410226
9078,model_4b,0.3422,0.2903798
9079,model_4b,0.0692,0.08969722
9080,model_4b,0.2363,0.27046472
9081,model_4b,0.3791,0.3731618
9082,model_4b,0.5663,0.5519357
9083,model_4b,0.2193,0.2166495
9084,model_4b,0.2128,0.24669622
9085,model_4b,0.1677,0.30170608
9086,model_4b,0.3091,0.28020376
9087,model_4b,0.025,0.06637435
9088,model_4b,0.0123,0.019135501
9089,model_4b,0.1395,0.12357734
9090,model_4b,-0.0458,-0.078647435
9091,model_4b,0.1865,0.18582176
9092,model_4b,0.0361,0.000119016506
9093,model_4b,0.1338,0.1340424
9094,model_4b,-0.2173,-0.22885555
9095,model_4b,0.1973,0.16102186
9096,model_4b,-0.0599,0.028383728
9097,model_4b,0.0534,0.0690426
9098,model_4b,0.8197,0.79731345
9099,model_4b,0.1452,0.17749073
9100,model_4b,0.1897,0.19828598
9101,model_4b,0.1246,0.12957673
9102,model_4b,0.0804,0.07631414
9103,model_4b,0.3415,0.37347957
9104,model_4b,0.7141,0.6587662
9105,model_4b,0.6777,0.6533386
9106,model_4b,0.054,0.101300165
9107,model_4b,0.208,0.22344716
9108,model_4b,0.0023,0.0019513229
9109,model_4b,0.4453,0.45020723
9110,model_4b,-0.109,-0.02449892
9111,model_4b,0.0352,0.049925912
9112,model_4b,0.6094,0.6051423
9113,model_4b,0.2276,0.1816658
9114,model_4b,0.2359,0.2035658
9115,model_4b,0.3483,0.27247804
9116,model_4b,-0.1801,-0.109161474
9117,model_4b,-0.0114,-0.0047683073
9118,model_4b,1.089,1.2234323
9119,model_4b,0.0183,0.03189146
9120,model_4b,-0.1799,-0.14583737
9121,model_4b,0.3473,0.34159392
9122,model_4b,0.4226,0.37205267
9123,model_4b,0.5643,0.4739661
9124,model_4b,0.1009,0.11772472
9125,model_4b,0.1775,0.09831775
9126,model_4b,0.4361,0.3993913
9127,model_4b,0.5251,0.5191211
9128,model_4b,0.0826,0.06921135
9129,model_4b,0.2221,0.17334084
9130,model_4b,0.0646,0.069743454
9131,model_4b,0.4224,0.35917595
9132,model_4b,0.4336,0.37298205
9133,model_4b,0.8245,0.8259453
9134,model_4b,-0.0587,0.07182251
9135,model_4b,0.0557,0.09187469
9136,model_4b,0.0479,0.078096285
9137,model_4b,0.146,0.30224517
9138,model_4b,0.2619,0.23739111
9139,model_4b,0.0273,0.15144645
9140,model_4b,0.0966,0.10309324
9141,model_4b,0.1323,0.14705573
9142,model_4b,0.1452,0.079338744
9143,model_4b,0.1664,0.19372253
9144,model_4b,0.7897,0.7748075
9145,model_4b,0.103,0.15914327
9146,model_4b,0.4162,0.4019084
9147,model_4b,0.4901,0.47867954
9148,model_4b,-0.0019,0.010014827
9149,model_4b,0.3698,0.28455472
9150,model_4b,0.1127,0.07420947
9151,model_4b,0.1626,0.2185628
9152,model_4b,0.1321,0.106585875
9153,model_4b,-0.0495,0.016381174
9154,model_4b,0.0541,0.09178984
9155,model_4b,-0.0178,0.005546187
9156,model_4b,0.5007,0.43297714
9157,model_4b,0.6687,0.6063467
9158,model_4b,-0.0479,0.04710248
9159,model_4b,-0.0499,-0.047407225
9160,model_4b,0.17,0.20684451
9161,model_4b,0.4782,0.34502384
9162,model_4b,-0.0079,-0.01004396
9163,model_4b,0.6023,0.5484962
9164,model_4b,0.9052,0.88670355
9165,model_4b,0.0009,-0.011020227
9166,model_4b,0.1406,0.07048178
9167,model_4b,0.0091,0.1130245
9168,model_4b,0.1015,0.15540372
9169,model_4b,-0.0035,0.012780025
9170,model_4b,-0.1553,-0.10166323
9171,model_4b,0.2253,0.19463344
9172,model_4b,0.6501,0.68533754
9173,model_4b,0.2416,0.2389549
9174,model_4b,-0.0655,0.05046241
9175,model_4b,0.4323,0.42675704
9176,model_4b,0.9483,0.98643833
9177,model_4b,0.2863,0.29481682
9178,model_4b,0.1458,0.07988945
9179,model_4b,0.0581,0.0462246
9180,model_4b,0.1677,0.09815369
9181,model_4b,0.3812,0.22128661
9182,model_4b,0.3159,0.34637618
9183,model_4b,0.6112,0.6325148
9184,model_4b,0.6508,0.67220324
9185,model_4b,0.8592,0.7202662
9186,model_4b,0.6186,0.619469
9187,model_4b,0.2946,0.24266474
9188,model_4b,-0.0513,-0.0033960612
9189,model_4b,0.1201,0.17605348
9190,model_4b,-0.2098,-0.18238328
9191,model_4b,0.4466,0.47047243
9192,model_4b,-0.155,-0.18496959
9193,model_4b,0.0405,0.03053832
9194,model_4b,0.1661,0.17055851
9195,model_4b,-0.173,-0.1416606
9196,model_4b,0.09,0.08610041
9197,model_4b,0.3146,0.21646072
9198,model_4b,0.5213,0.49706072
9199,model_4b,0.1976,0.21673721
9200,model_4b,0.202,0.1424764
9201,model_4b,0.3496,0.3727293
9202,model_4b,0.3103,0.34030774
9203,model_4b,0.0956,0.09381738
9204,model_4b,0.1671,0.21855614
9205,model_4b,0.0342,0.0695113
9206,model_4b,0.1086,0.14804082
9207,model_4b,0.5722,0.55035204
9208,model_4b,0.5164,0.45996934
9209,model_4b,0.3901,0.42191258
9210,model_4b,0.0555,0.052237872
9211,model_4b,0.7691,0.7778278
9212,model_4b,0.2969,0.26008368
9213,model_4b,0.3036,0.30170783
9214,model_4b,0.0139,0.010703751
9215,model_4b,-0.1405,-0.11191191
9216,model_4b,0.1354,0.24060358
9217,model_4b,0.1829,0.14844133
9218,model_4b,-0.004,0.029334776
9219,model_4b,0.0357,0.006158204
9220,model_4b,-0.0042,-0.013612765
9221,model_4b,0.2008,0.18672018
9222,model_4b,0.3133,0.32377023
9223,model_4b,0.2449,0.1888541
9224,model_4b,0.0547,0.065971136
9225,model_4b,0.2477,0.2778021
9226,model_4b,-0.0964,-0.10809495
9227,model_4b,-0.0088,-0.028317794
9228,model_4b,0.273,0.28069174
9229,model_4b,0.0839,0.07615795
9230,model_4b,0.1091,0.11227027
9231,model_4b,0.4449,0.43596518
9232,model_4b,0.2849,0.30475244
9233,model_4b,0.2534,0.1740322
9234,model_4b,0.4229,0.510034
9235,model_4b,0.2793,0.29990107
9236,model_4b,0.3674,0.40596035
9237,model_4b,0.3926,0.36711746
9238,model_4b,0.2665,0.26063693
9239,model_4b,0.3893,0.40018687
9240,model_4b,0.3525,0.34987906
9241,model_4b,0.0951,0.1227593
9242,model_4b,0.2181,0.17895626
9243,model_4b,0.1225,0.08741245
9244,model_4b,0.1145,0.14759661
9245,model_4b,-0.0783,0.015433953
9246,model_4b,-0.0482,-0.08294067
9247,model_4b,0.3295,0.41772187
9248,model_4b,0.471,0.45782405
9249,model_4b,0.0731,0.09089961
9250,model_4b,0.163,0.21161559
9251,model_4b,0.0915,0.12632279
9252,model_4b,0.0015,0.08896008
9253,model_4b,0.178,0.2270639
9254,model_4b,0.3283,0.374394
9255,model_4b,0.2848,0.23742932
9256,model_4b,0.2433,0.18885158
9257,model_4b,0.7057,0.73291093
9258,model_4b,0.0876,0.14907913
9259,model_4b,0.0898,0.15062611
9260,model_4b,0.0695,0.11585907
9261,model_4b,0.3435,0.30382505
9262,model_4b,-0.1082,-0.08638857
9263,model_4b,0.1046,0.073874906
9264,model_4b,-0.014,-0.049219638
9265,model_4b,0.2636,0.24530984
9266,model_4b,0.1518,0.0748765
9267,model_4b,0.7739,0.73730624
9268,model_4b,0.7027,0.70067316
9269,model_4b,0.0533,0.07058868
9270,model_4b,0.0512,0.042996857
9271,model_4b,0.272,0.24642573
9272,model_4b,0.4255,0.43462843
9273,model_4b,-0.0029,-0.025732927
9274,model_4b,-0.0823,-0.08846635
9275,model_4b,0.1072,0.17641732
9276,model_4b,0.1425,0.1307085
9277,model_4b,0.1038,0.4691874
9278,model_4b,0.2698,0.24624808
9279,model_4b,0.0844,0.07060897
9280,model_4b,0.0576,0.04456397
9281,model_4b,0.0762,0.07921821
9282,model_4b,-0.1801,-0.1948292
9283,model_4b,0.0106,0.08576581
9284,model_4b,0.05,0.19397591
9285,model_4b,0.2834,0.30892855
9286,model_4b,0.3011,0.272222
9287,model_4b,0.2428,0.20039965
9288,model_4b,0.0383,0.06767996
9289,model_4b,0.0639,0.04586932
9290,model_4b,0.2302,0.2889808
9291,model_4b,-0.0431,-0.07897575
9292,model_4b,0.4013,0.3930418
9293,model_4b,-0.0073,0.03423373
9294,model_4b,0.7943,0.7898318
9295,model_4b,0.3901,0.38032317
9296,model_4b,0.4267,0.41387844
9297,model_4b,0.1293,0.25484693
9298,model_4b,0.2189,0.2236073
9299,model_4b,0.5944,0.5858474
9300,model_4b,0.6693,0.65334725
9301,model_4b,0.2613,0.23831749
9302,model_4b,0.2571,0.30206284
9303,model_4b,0.0608,0.003253865
9304,model_4b,0.0778,0.20586328
9305,model_4b,0.0823,0.10685817
9306,model_4b,-0.0534,0.0031953147
9307,model_4b,0.1749,0.27710173
9308,model_4b,0.2962,0.31855312
9309,model_4b,0.5192,0.506343
9310,model_4b,0.1508,0.121581525
9311,model_4b,0.5797,0.6258305
9312,model_4b,0.5159,0.49171454
9313,model_4b,0.2282,0.21405356
9314,model_4b,-0.0267,0.019531645
9315,model_4b,0.0563,0.07711465
9316,model_4b,0.8457,0.85584944
9317,model_4b,0.2939,0.25555307
9318,model_4b,0.7397,0.757734
9319,model_4b,-0.1009,0.0065848073
9320,model_4b,0.3603,0.3729865
9321,model_4b,-0.0011,0.023134671
9322,model_4b,-0.0047,0.017767485
9323,model_4b,0.1114,0.028845333
9324,model_4b,-0.0825,0.033096943
9325,model_4b,0.7373,0.73506683
9326,model_4b,-0.081,-0.08920111
9327,model_4b,0.3541,0.39788613
9328,model_4b,0.0642,0.06514535
9329,model_4b,0.2023,0.22792654
9330,model_4b,0.3568,0.36660403
9331,model_4b,0.3265,0.3310555
9332,model_4b,0.2596,0.18071218
9333,model_4b,0.2489,0.24703242
9334,model_4b,0.6474,0.7855783
9335,model_4b,0.1249,0.08631365
9336,model_4b,0.2951,0.32001245
9337,model_4b,0.196,0.2064321
9338,model_4b,0.7194,0.7279718
9339,model_4b,0.4165,0.43323404
9340,model_4b,0.2483,0.19202651
9341,model_4b,0.0259,0.041497424
9342,model_4b,0.2035,0.24355857
9343,model_4b,1.1005,0.9081348
9344,model_4b,0.1838,0.1346059
9345,model_4b,0.8401,0.8273782
9346,model_4b,0.2459,0.17386566
9347,model_4b,0.58,0.5979763
9348,model_4b,0.2526,0.24558662
9349,model_4b,0.6513,0.6294815
9350,model_4b,0.0607,0.06023453
9351,model_4b,0.1071,0.078400485
9352,model_4b,0.3834,0.39681113
9353,model_4b,0.5966,0.5444494
9354,model_4b,0.2624,0.24712326
9355,model_4b,0.1243,0.12146212
9356,model_4b,0.045,0.023649141
9357,model_4b,-0.0433,-0.063170195
9358,model_4b,0.0725,0.11486761
9359,model_4b,-0.011,0.070641465
9360,model_4b,0.1207,0.1356249
9361,model_4b,0.409,0.43993837
9362,model_4b,0.0618,0.06071701
9363,model_4b,-0.0679,-0.06690433
9364,model_4b,0.1566,0.2010101
9365,model_4b,-0.1904,-0.18028371
9366,model_4b,-0.084,-0.0802912
9367,model_4b,0.0609,0.099306256
9368,model_4b,0.5172,0.5016099
9369,model_4b,0.0232,0.04705799
9370,model_4b,0.0828,0.055189945
9371,model_4b,0.1113,0.09016892
9372,model_4b,0.5179,0.5102931
9373,model_4b,0.2514,0.25949782
9374,model_4b,0.0332,0.046054043
9375,model_4b,0.1674,0.1031803
9376,model_4b,0.1602,0.13296734
9377,model_4b,0.0589,0.09111997
9378,model_4b,0.1073,0.02411823
9379,model_4b,0.3232,0.26817486
9380,model_4b,0.0338,0.027691126
9381,model_4b,0.4093,0.445573
9382,model_4b,0.1483,0.13727514
9383,model_4b,0.4418,0.4569418
9384,model_4b,1.0954,1.0708194
9385,model_4b,0.0752,0.03364517
9386,model_4b,0.2606,0.27544194
9387,model_4b,0.2895,0.29421604
9388,model_4b,0.2589,0.24280243
9389,model_4b,0.2065,0.19613332
9390,model_4b,0.2511,0.26166528
9391,model_4b,0.4819,0.43470344
9392,model_4b,-0.1398,-0.10442148
9393,model_4b,0.1893,0.0631982
9394,model_4b,0.1587,0.18865871
9395,model_4b,-0.1323,-0.10010875
9396,model_4b,0.7995,0.8070894
9397,model_4b,0.7259,0.7263202
9398,model_4b,0.1705,0.20978536
9399,model_4b,0.2732,0.29612774
9400,model_4b,0.3708,0.35093415
9401,model_4b,0.7018,0.6566784
9402,model_4b,0.6136,0.64438194
9403,model_4b,0.2571,0.29208767
9404,model_4b,0.2058,0.19925214
9405,model_4b,0.2577,0.2502193
9406,model_4b,0.4679,0.35974038
9407,model_4b,0.0634,0.11705379
9408,model_4b,0.0534,0.07425252
9409,model_4b,0.021,-0.021785896
9410,model_4b,0.1929,0.16302915
9411,model_4b,0.1163,0.12566845
9412,model_4b,0.0669,0.05948001
9413,model_4b,0.6328,0.64411026
9414,model_4b,0.1073,0.1039436
9415,model_4b,0.889,0.9345522
9416,model_4b,0.1308,0.14582345
9417,model_4b,0.1337,0.1272388
9418,model_4b,0.705,0.69301295
9419,model_4b,0.499,0.5049814
9420,model_4b,0.048,0.03366237
9421,model_4b,0.1035,0.08718128
9422,model_4b,0.2256,0.20359923
9423,model_4b,0.9365,0.96057445
9424,model_4b,0.0043,0.004538185
9425,model_4b,0.5362,0.5104833
9426,model_4b,0.2929,0.3191734
9427,model_4b,0.1385,0.15629843
9428,model_4b,0.1338,0.12957335
9429,model_4b,0.3848,0.46299925
9430,model_4b,0.2528,0.3212777
9431,model_4b,0.1061,0.070266075
9432,model_4b,-0.2122,-0.20289645
9433,model_4b,0.6565,0.71306247
9434,model_4b,0.8133,0.7883335
9435,model_4b,0.2406,0.2059987
9436,model_4b,0.3441,0.38224888
9437,model_4b,0.5085,0.5052884
9438,model_4b,0.1014,0.15781696
9439,model_4b,0.3993,0.4203875
9440,model_4b,0.3459,0.3661365
9441,model_4b,0.1441,0.25028396
9442,model_4b,0.3608,0.38300088
9443,model_4b,0.0445,0.01530384
9444,model_4b,0.2572,0.2330753
9445,model_4b,0.0788,0.00037606526
9446,model_4b,0.358,0.36688846
9447,model_4b,0.6667,0.6602321
9448,model_4b,0.4349,0.39367682
9449,model_4b,0.2612,0.31130433
9450,model_4b,0.3301,0.30898476
9451,model_4b,0.0541,0.11017673
9452,model_4b,-0.0493,-0.00015854929
9453,model_4b,0.1598,0.113588996
9454,model_4b,0.263,0.24556865
9455,model_4b,0.2538,0.27197915
9456,model_4b,0.9651,1.0051025
9457,model_4b,0.2936,0.27342382
9458,model_4b,0.2095,0.21271221
9459,model_4b,0.1488,0.20071457
9460,model_4b,0.1007,0.08980091
9461,model_4b,0.2958,0.26655614
9462,model_4b,0.3264,0.28631204
9463,model_4b,0.5824,0.5598532
9464,model_4b,0.4068,0.44136977
9465,model_4b,0.2807,0.3230067
9466,model_4b,0.1024,0.102793224
9467,model_4b,0.0433,-0.086342335
9468,model_4b,0.2497,0.18993393
9469,model_4b,0.6191,0.59781367
9470,model_4b,0.0401,0.053534303
9471,model_4b,0.1287,0.21391995
9472,model_4b,0.129,0.09752281
9473,model_4b,0.7099,0.7392002
9474,model_4b,0.3591,0.30003038
9475,model_4b,0.1385,0.13485561
9476,model_4b,0.4733,0.44472873
9477,model_4b,0.1108,0.07599606
9478,model_4b,0.8355,0.73087984
9479,model_4b,0.419,0.3065185
9480,model_4b,0.7787,0.8056309
9481,model_4b,0.0843,0.09440613
9482,model_4b,0.2513,0.26044786
9483,model_4b,0.0007,0.05048134
9484,model_4b,0.1305,0.14296149
9485,model_4b,0.0379,0.060929216
9486,model_4b,0.0179,0.027546488
9487,model_4b,0.0682,0.06400667
9488,model_4b,0.4679,0.122797295
9489,model_4b,0.0004,-0.02107687
9490,model_4b,0.1013,0.13619784
9491,model_4b,0.3108,0.38501802
9492,model_4b,0.0511,0.1317305
9493,model_4b,0.0347,0.08441536
9494,model_4b,0.2153,0.19303524
9495,model_4b,0.2857,0.14847527
9496,model_4b,0.1179,0.10771118
9497,model_4b,0.0575,-0.04714679
9498,model_4b,0.2357,0.24429972
9499,model_4b,0.1558,0.13230123
9500,model_4b,0.4699,0.54150957
9501,model_4b,0.126,0.15090503
9502,model_4b,0.1459,0.21239538
9503,model_4b,0.1339,0.1471202
9504,model_4b,-0.0823,-0.0061105406
9505,model_4b,0.1218,0.10054153
9506,model_4b,0.295,0.27996606
9507,model_4b,0.0451,0.02404096
9508,model_4b,-0.1382,-0.14375061
9509,model_4b,0.7228,0.77514166
9510,model_4b,0.0411,0.04404226
9511,model_4b,-0.0503,-0.020513982
9512,model_4b,0.1809,0.23251285
9513,model_4b,-0.0743,0.03257476
9514,model_4b,0.1692,0.10156791
9515,model_4b,-0.0187,-0.009752166
9516,model_4b,0.061,0.11246382
9517,model_4b,0.0334,0.053666532
9518,model_4b,0.148,0.077917784
9519,model_4b,0.4291,0.39632767
9520,model_4b,0.1265,0.13958934
9521,model_4b,0.1887,0.1829996
9522,model_4b,0.1974,0.18116643
9523,model_4b,0.2446,0.21644469
9524,model_4b,0.0241,0.05035822
9525,model_4b,0.7444,0.8319894
9526,model_4b,0.1523,0.15551908
9527,model_4b,0.4218,0.46434286
9528,model_4b,0.2543,0.20553012
9529,model_4b,0.2455,0.28332108
9530,model_4b,0.0283,0.03831081
9531,model_4b,0.0755,0.071187474
9532,model_4b,0.5331,0.5187283
9533,model_4b,0.0446,0.04955988
9534,model_4b,0.1312,0.18541037
9535,model_4b,0.129,0.16068843
9536,model_4b,0.9347,0.94448227
9537,model_4b,-0.2161,-0.13508125
9538,model_4b,0.9059,0.8928845
9539,model_4b,0.311,0.3476413
9540,model_4b,0.8458,0.8301932
9541,model_4b,0.127,0.080447756
9542,model_4b,0.3697,0.3603549
9543,model_4b,0.0532,0.025825098
9544,model_4b,0.6292,0.6228314
9545,model_4b,0.2438,0.21142232
9546,model_4b,0.4411,0.44400042
9547,model_4b,0.3951,0.35331464
9548,model_4b,0.1836,0.09535496
9549,model_4b,0.2106,0.21061133
9550,model_4b,0.5017,0.4988091
9551,model_4b,0.3235,0.31823367
9552,model_4b,0.3573,0.38794714
9553,model_4b,-0.0465,-0.0087427
9554,model_4b,0.3984,0.41433704
9555,model_4b,0.0441,0.06626013
9556,model_4b,0.154,0.115786366
9557,model_4b,0.0318,0.06864111
9558,model_4b,0.3471,0.4099629
9559,model_4b,0.2321,0.18440185
9560,model_4b,0.2519,0.23537545
9561,model_4b,0.1683,0.08736338
9562,model_4b,0.6905,0.70421535
9563,model_4b,0.7929,0.81208664
9564,model_4b,0.2021,0.25049984
9565,model_4b,0.202,0.20582427
9566,model_4b,0.5684,0.5912736
9567,model_4b,0.0214,0.050259873
9568,model_4b,0.3543,0.40863025
9569,model_4b,0.071,0.08400136
9570,model_4b,0.8694,0.8669087
9571,model_4b,0.1517,0.1862668
9572,model_4b,0.1276,0.13365026
9573,model_4b,0.127,0.10998042
9574,model_4b,0.0044,-0.003963842
9575,model_4b,0.3768,0.4925319
9576,model_4b,0.5024,0.40980506
9577,model_4b,0.1176,0.085752755
9578,model_4b,0.0666,0.13748537
9579,model_4b,0.1956,0.17651233
9580,model_4b,0.5414,0.5540764
9581,model_4b,0.1355,0.10773614
9582,model_4b,0.1167,0.10290099
9583,model_4b,0.0611,0.073697254
9584,model_4b,0.307,0.31691575
9585,model_4b,0.0512,-0.0012146542
9586,model_4b,0.295,0.25173163
9587,model_4b,0.1039,0.15179436
9588,model_4b,0.7086,0.7099647
9589,model_4b,0.1651,0.14760485
9590,model_4b,0.1642,0.14308038
9591,model_4b,0.1388,0.13715582
9592,model_4b,-0.0022,-0.0434787
9593,model_4b,0.4457,0.5083953
9594,model_4b,-0.0297,0.035369106
9595,model_4b,0.2719,0.2999854
9596,model_4b,-0.0966,-0.07951133
9597,model_4b,0.1048,0.14384738
9598,model_4b,0.4069,0.1827404
9599,model_4b,0.1997,0.12488946
9600,model_4b,-0.0116,0.063538946
9601,model_4b,0.2078,0.25306702
9602,model_4b,0.4836,0.49090934
9603,model_4b,0.1863,0.23443048
9604,model_4b,0.362,0.20402355
9605,model_4b,0.2268,0.19974843
9606,model_4b,0.249,0.19453304
9607,model_4b,0.4932,0.4800772
9608,model_4b,0.292,0.29233095
9609,model_4b,0.1233,0.15516925
9610,model_4b,0.0517,0.07173242
9611,model_4b,0.751,0.7320705
9612,model_4b,0.1522,0.04285144
9613,model_4b,0.1936,0.26698357
9614,model_4b,-0.0445,-0.051811703
9615,model_4b,0.5298,0.551374
9616,model_4b,0.3741,0.36640954
9617,model_4b,0.3903,0.33037302
9618,model_4b,0.3642,0.35781485
9619,model_4b,0.8593,0.9154061
9620,model_4b,-0.048,0.012740991
9621,model_4b,-0.0667,-0.07846824
9622,model_4b,0.2688,0.25433752
9623,model_4b,0.2375,0.17013876
9624,model_4b,0.1418,0.14488639
9625,model_4b,0.4094,0.39808315
9626,model_4b,0.3228,0.29323024
9627,model_4b,0.2364,0.22427683
9628,model_4b,0.3392,0.39477283
9629,model_4b,0.1583,0.122782245
9630,model_4b,0.0374,0.038738444
9631,model_4b,0.006,-0.0502787
9632,model_4b,0.628,0.6552678
9633,model_4b,0.277,0.22972657
9634,model_4b,0.3404,0.140361
9635,model_4b,0.0868,0.06044887
9636,model_4b,0.1473,0.20479526
9637,model_4b,0.1708,0.11768913
9638,model_4b,0.2602,0.29148662
9639,model_4b,0.6417,0.5820669
9640,model_4b,0.2694,0.24004544
9641,model_4b,0.2062,0.20736994
9642,model_4b,0.2356,0.13950485
9643,model_4b,0.4068,0.39764792
9644,model_4b,0.5324,0.5003223
9645,model_4b,0.4149,0.34356254
9646,model_4b,0.1489,0.15794888
9647,model_4b,0.5229,0.55945987
9648,model_4b,0.2194,0.26467416
9649,model_4b,0.0457,0.019984104
9650,model_4b,0.421,0.43884158
9651,model_4b,-0.2134,-0.18693838
9652,model_4b,0.0274,-0.02399439
9653,model_4b,0.2479,0.25860736
9654,model_4b,0.2126,0.1530485
9655,model_4b,0.261,0.31331664
9656,model_4b,0.0767,0.101680756
9657,model_4b,0.1906,0.22355732
9658,model_4b,0.907,0.89246
9659,model_4b,0.3348,0.35052168
9660,model_4b,0.0981,0.14518903
9661,model_4b,0.0503,0.078095004
9662,model_4b,0.0637,0.068111695
9663,model_4b,0.0812,0.094909094
9664,model_4b,0.2677,0.28359902
9665,model_4b,0.2157,0.17534463
9666,model_4b,0.476,0.29188222
9667,model_4b,0.0915,0.13884008
9668,model_4b,0.2307,0.17393279
9669,model_4b,0.4413,0.47131374
9670,model_4b,0.4538,0.47921002
9671,model_4b,0.1267,0.18457101
9672,model_4b,0.0969,0.16686429
9673,model_4b,0.5879,0.561063
9674,model_4b,0.3947,0.38164684
9675,model_4b,0.8101,0.8515344
9676,model_4b,0.0612,0.08190003
9677,model_4b,0.0486,0.03627673
9678,model_4b,0.1424,0.13191797
9679,model_4b,0.4787,0.4534229
9680,model_4b,0.1137,0.15556067
9681,model_4b,-0.0505,-0.019365389
9682,model_4b,0.1446,0.10006132
9683,model_4b,0.1384,0.11904131
9684,model_4b,0.2114,0.22527434
9685,model_4b,0.0085,0.016407698
9686,model_4b,-0.1217,-0.07791561
9687,model_4b,0.211,0.17201038
9688,model_4b,0.2418,0.1540162
9689,model_4b,0.3499,0.35058996
9690,model_4b,0.2659,0.3357641
9691,model_4b,0.4139,0.47550845
9692,model_4b,0.2004,0.2131239
9693,model_4b,0.1268,0.16202731
9694,model_4b,0.4527,0.43932706
9695,model_4b,0.0998,0.14782724
9696,model_4b,-0.2078,-0.15336306
9697,model_4b,0.0751,0.08859758
9698,model_4b,0.9662,0.93646103
9699,model_4b,0.1911,0.19048952
9700,model_4b,-0.0199,-0.011401636
9701,model_4b,-0.0262,-0.06648763
9702,model_4b,0.1911,0.12887634
9703,model_4b,0.1331,0.11974864
9704,model_4b,0.2628,0.30404365
9705,model_4b,0.4328,0.40353483
9706,model_4b,0.1921,0.16517162
9707,model_4b,0.317,0.36003968
9708,model_4b,0.4629,0.43351257
9709,model_4b,0.198,0.2112617
9710,model_4b,0.4372,0.4164324
9711,model_4b,-0.0902,-0.04174548
9712,model_4b,0.2551,0.19856443
9713,model_4b,0.5555,0.59291035
9714,model_4b,0.8958,0.91149384
9715,model_4b,0.1444,0.2301506
9716,model_4b,0.1311,0.10525086
9717,model_4b,0.3125,0.29517788
9718,model_4b,0.4089,0.37503776
9719,model_4b,0.077,0.057536215
9720,model_4b,0.8549,0.8670127
9721,model_4b,0.657,0.65883607
9722,model_4b,0.2998,0.29659265
9723,model_4b,0.0915,0.038828053
9724,model_4b,-0.0765,-0.09031791
9725,model_4b,0.0437,0.03916375
9726,model_4b,-0.1632,-0.10997743
9727,model_4b,0.2769,0.25793904
9728,model_4b,0.1088,0.10110351
9729,model_4b,0.4198,0.41118765
9730,model_4b,0.1674,0.18998459
9731,model_4b,0.3163,0.25508818
9732,model_4b,0.2986,0.34019947
9733,model_4b,0.0935,0.08048178
9734,model_4b,0.1892,0.24921052
9735,model_4b,0.8698,0.8450975
9736,model_4b,0.2915,0.3157106
9737,model_4b,0.035,0.039110743
9738,model_4b,0.3009,0.21864511
9739,model_4b,0.5048,0.46736774
9740,model_4b,0.0179,0.004182636
9741,model_4b,0.0901,0.11617722
9742,model_4b,0.6144,0.62477297
9743,model_4b,-0.1085,-0.06717486
9744,model_4b,-0.1185,-0.08637002
9745,model_4b,0.1697,0.19346961
9746,model_4b,0.0187,0.13430224
9747,model_4b,0.4266,0.44841665
9748,model_4b,0.4312,0.37541246
9749,model_4b,0.7237,0.7231787
9750,model_4b,0.0761,0.07003702
9751,model_4b,0.043,0.054009825
9752,model_4b,0.2649,0.371101
9753,model_4b,-0.0154,-0.081887096
9754,model_4b,0.083,0.01135563
9755,model_4b,0.0286,0.0076374514
9756,model_4b,0.01,-0.03565415
9757,model_4b,0.2822,0.26122183
9758,model_4b,0.6996,0.7108061
9759,model_4b,0.7837,0.7732858
9760,model_4b,0.1525,0.13793622
9761,model_4b,-0.0255,0.014331599
9762,model_4b,0.3336,0.2852686
9763,model_4b,0.3572,0.38539898
9764,model_4b,0.0421,0.11242433
9765,model_4b,0.3091,0.38996434
9766,model_4b,0.1278,0.057200663
9767,model_4b,0.0406,0.06138669
9768,model_4b,-0.0026,0.17091642
9769,model_4b,0.7285,0.7189171
9770,model_4b,-0.0418,0.0679463
9771,model_4b,0.4164,0.38851452
9772,model_4b,0.2772,0.2824434
9773,model_4b,-0.0162,-0.016888065
9774,model_4b,0.4035,0.3838887
9775,model_4b,0.5042,0.53147775
9776,model_4b,0.4648,0.4611641
9777,model_4b,0.2604,0.1801235
9778,model_4b,0.1491,0.17918727
9779,model_4b,0.012,0.016558193
9780,model_4b,0.2225,0.2811123
9781,model_4b,0.2312,0.061707504
9782,model_4b,0.6449,0.6535617
9783,model_4b,0.259,0.2837203
9784,model_4b,0.1399,0.106866196
9785,model_4b,0.4947,0.5538816
9786,model_4b,0.0802,0.065798044
9787,model_4b,0.0975,0.058067888
9788,model_4b,0.1282,0.11481031
9789,model_4b,-0.0397,0.07818805
9790,model_4b,0.1034,0.06189166
9791,model_4b,-0.0912,0.36845386
9792,model_4b,0.1344,0.069875866
9793,model_4b,0.1877,0.18598996
9794,model_4b,0.1106,0.18008515
9795,model_4b,0.0884,0.08329071
9796,model_4b,0.2197,0.28883362
9797,model_4b,-0.0719,-0.072121486
9798,model_4b,-0.0219,0.04705042
9799,model_4b,0.2138,0.18456566
9800,model_4b,-0.0576,-0.07660088
9801,model_4b,0.5599,0.562431
9802,model_4b,0.235,0.33421156
9803,model_4b,0.0638,0.069249675
9804,model_4b,0.1023,0.09296094
9805,model_4b,0.4621,0.45087984
9806,model_4b,0.1566,0.1236942
9807,model_4b,-0.0475,-0.06341926
9808,model_4b,0.2673,0.26223403
9809,model_4b,0.0987,0.2504049
9810,model_4b,0.3588,0.21732406
9811,model_4b,-0.0981,-0.09632923
9812,model_4b,0.2204,0.27213854
9813,model_4b,0.3277,0.41638976
9814,model_4b,0.0259,0.040021107
9815,model_4b,0.0245,0.019907963
9816,model_4b,0.0752,0.062147275
9817,model_4b,-0.2074,-0.16683798
9818,model_4b,0.1601,0.18955009
9819,model_4b,0.3877,0.37759113
9820,model_4b,0.3747,0.3273203
9821,model_4b,0.0725,0.07051548
9822,model_4b,0.3704,0.20799439
9823,model_4b,-0.0659,-0.0023814002
9824,model_4b,0.3402,0.34885886
9825,model_4b,0.4117,0.41619095
9826,model_4b,0.2663,0.28335556
9827,model_4b,0.7291,0.71949023
9828,model_4b,-0.0922,-0.072246924
9829,model_4b,0.1399,0.1525008
9830,model_4b,0.221,0.27044356
9831,model_4b,0.415,0.4220878
9832,model_4b,0.0691,0.07405937
9833,model_4b,0.0356,0.039708756
9834,model_4b,0.418,0.46623224
9835,model_4b,0.3318,0.38097948
9836,model_4b,0.1023,0.0838373
9837,model_4b,0.6491,0.66567063
9838,model_4b,0.203,0.16562434
9839,model_4b,0.2804,0.17099488
9840,model_4b,0.3307,0.5269772
9841,model_4b,0.3233,0.33313495
9842,model_4b,0.1961,0.12906875
9843,model_4b,0.0142,0.064052716
9844,model_4b,0.3291,0.24596684
9845,model_4b,0.2404,0.22153556
9846,model_4b,0.2357,0.23076533
9847,model_4b,0.4767,0.47976124
9848,model_4b,-0.0691,-0.034443785
9849,model_4b,0.1162,0.113238424
9850,model_4b,0.0803,0.09568238
9851,model_4b,0.1129,0.118000284
9852,model_4b,0.348,0.37774497
9853,model_4b,0.8981,0.94250935
9854,model_4b,0.1843,0.30543226
9855,model_4b,0.194,0.19149663
9856,model_4b,0.1941,0.33314925
9857,model_4b,0.5945,0.54495186
9858,model_4b,0.3253,0.36051795
9859,model_4b,0.7907,0.79314053
9860,model_4b,0.5632,0.55271626
9861,model_4b,0.2268,0.23007272
9862,model_4b,0.0569,0.041376494
9863,model_4b,0.0205,0.079461575
9864,model_4b,0.4199,0.38499644
9865,model_4b,0.147,0.12336153
9866,model_4b,0.0188,0.098555505
9867,model_4b,-0.1539,-0.12910637
9868,model_4b,0.1318,0.115886405
9869,model_4b,0.1675,0.21722893
9870,model_4b,-0.2495,-0.26825672
9871,model_4b,0.3716,0.3807345
9872,model_4b,0.1775,0.17175734
9873,model_4b,0.417,0.45727798
9874,model_4b,0.4731,0.484546
9875,model_4b,-0.0632,-0.06885489
9876,model_4b,-0.0378,-0.016916152
9877,model_4b,0.1285,0.09471973
9878,model_4b,0.5484,0.56303257
9879,model_4b,0.5413,0.49818623
9880,model_4b,0.3591,0.42097178
9881,model_4b,0.2468,0.24753524
9882,model_4b,0.6208,0.6512481
9883,model_4b,0.2782,0.22204001
9884,model_4b,0.4231,0.41579762
9885,model_4b,0.1098,0.11473274
9886,model_4b,0.1322,0.1284403
9887,model_4b,-0.0513,0.0011027241
9888,model_4b,0.3671,0.35224205
9889,model_4b,0.1984,0.22064115
9890,model_4b,0.4609,0.46660444
9891,model_4b,0.2129,0.21088558
9892,model_4b,0.3308,0.24955653
9893,model_4b,0.5332,0.5416456
9894,model_4b,0.1051,0.058698803
9895,model_4b,0.1219,0.034575168
9896,model_4b,0.3184,0.40174532
9897,model_4b,0.5127,0.5290255
9898,model_4b,-0.0418,-0.02005076
9899,model_4b,0.2453,0.2882319
9900,model_4b,-0.0526,-0.05894231
9901,model_4b,0.2302,0.21470974
9902,model_4b,0.2048,0.019596405
9903,model_4b,0.5012,0.4854717
9904,model_4b,0.0247,0.0400025
9905,model_4b,0.3498,0.3161157
9906,model_4b,0.2581,0.23761226
9907,model_4b,0.2902,0.36667198
9908,model_4b,0.127,0.20728935
9909,model_4b,0.1738,0.08847092
9910,model_4b,0.3216,0.25441173
9911,model_4b,0.2038,0.2378918
9912,model_4b,0.3106,0.29318163
9913,model_4b,0.2261,0.2569635
9914,model_4b,0.119,0.07979013
9915,model_4b,0.6291,0.5449442
9916,model_4b,0.1265,0.1351446
9917,model_4b,0.6135,0.60366756
9918,model_4b,0.2088,0.2552892
9919,model_4b,0.6576,0.59902525
9920,model_4b,0.2223,0.26025307
9921,model_4b,0.1441,0.09295218
9922,model_4b,0.1135,0.055142403
9923,model_4b,0.1723,0.17280664
9924,model_4b,0.0413,0.056049332
9925,model_4b,0.0305,0.009875695
9926,model_4b,0.2661,0.25663787
9927,model_4b,-0.2272,-0.14623137
9928,model_4b,0.1897,0.17536491
9929,model_4b,0.1463,0.013586239
9930,model_4b,0.0954,0.13923527
9931,model_4b,0.1637,0.21524863
9932,model_4b,-0.0082,-0.015229143
9933,model_4b,0.0324,0.056302376
9934,model_4b,0.1432,0.10885577
9935,model_4b,0.6276,0.60639334
9936,model_4b,0.5317,0.5913455
9937,model_4b,0.3003,0.3289703
9938,model_4b,0.4644,0.47328958
9939,model_4b,0.6357,0.6085582
9940,model_4b,0.1275,0.14407729
9941,model_4b,0.0118,-0.009947999
9942,model_4b,-0.0672,-0.05355203
9943,model_4b,0.6828,0.7085086
9944,model_4b,0.2908,0.28016636
9945,model_4b,0.4486,0.4412647
9946,model_4b,0.035,0.050145946
9947,model_4b,0.1286,0.16637981
9948,model_4b,0.3044,0.2998459
9949,model_4b,0.3054,0.29053745
9950,model_4b,0.0887,0.11677864
9951,model_4b,0.303,0.27096483
9952,model_4b,0.0947,0.09169534
9953,model_4b,0.3285,0.12322216
9954,model_4b,0.1502,0.046881743
9955,model_4b,0.6467,0.61686176
9956,model_4b,0.1569,0.17139271
9957,model_4b,0.3489,0.18528827
9958,model_4b,0.2395,0.14941208
9959,model_4b,0.0002,0.020342395
9960,model_4b,0.1714,0.16025876
9961,model_4b,0.1372,0.17938708
9962,model_4b,0.551,0.5370748
9963,model_4b,0.245,0.31432837
9964,model_4b,0.1127,0.05130671
9965,model_4b,0.0346,0.07762951
9966,model_4b,1.0469,1.0089074
9967,model_4b,0.1668,0.16183043
9968,model_4b,-0.0004,-0.036066554
9969,model_4b,0.0281,0.056330323
9970,model_4b,0.2422,0.26746237
9971,model_4b,0.0906,0.12954754
9972,model_4b,0.6866,0.6711073
9973,model_4b,0.2193,0.20452912
9974,model_4b,0.2241,0.23139074
9975,model_4b,0.1189,0.15276153
9976,model_4b,0.0681,0.06279088
9977,model_4b,0.1981,0.23199666
9978,model_4b,0.7888,0.76979357
9979,model_4b,-0.1117,-0.19815181
9980,model_4b,0.3695,0.37612855
9981,model_4b,0.2163,0.23439814
9982,model_4b,-0.0374,-0.024379626
9983,model_4b,0.3276,0.2981878
9984,model_4b,0.2161,0.26160783
9985,model_4b,-0.0338,0.10326177
9986,model_4b,0.1964,0.28301996
9987,model_4b,0.2197,0.23551086
9988,model_4b,0.0488,-0.084046744
9989,model_4b,-0.0139,-0.02242098
9990,model_4b,0.358,0.3300039
9991,model_4b,0.0146,0.045012593
9992,model_4b,0.1459,0.12656595
9993,model_4b,0.0515,0.049173556
9994,model_4b,-0.191,-0.18985505
9995,model_4b,0.0064,0.034955796
9996,model_4b,0.2378,0.2840188
9997,model_4b,0.0804,0.055045493
9998,model_4b,0.5507,0.55655766
9999,model_4b,-0.1189,-0.054608047
10000,model_4b,0.1737,0.10718851
10001,model_4b,0.1549,0.17065805
10002,model_4b,-0.1279,-0.091849424
10003,model_4b,0.1672,0.28936905
10004,model_4b,0.191,0.20042804
10005,model_4b,0.0489,0.007947235
10006,model_4b,0.2186,0.21734855
10007,model_4b,0.4036,0.41603372
10008,model_4b,0.1032,0.14667632
10009,model_4b,0.3471,0.37146184
10010,model_4b,0.1593,0.18939972
10011,model_4b,0.2669,0.24589957
10012,model_4b,0.1294,0.08028053
10013,model_4b,0.7793,0.7964622
10014,model_4b,0.4005,0.45304263
10015,model_4b,0.9503,0.97818077
10016,model_4b,0.0115,0.032481007
10017,model_4b,0.1465,0.13760343
10018,model_4b,0.121,0.12362164
10019,model_4b,0.2244,0.2372931
10020,model_4b,0.7301,0.7170657
10021,model_4b,0.0773,0.052695293
10022,model_4b,0.1666,0.14921166
10023,model_4b,0.4267,0.35692993
10024,model_4b,0.2615,0.38864237
10025,model_4b,0.0818,0.08740151
10026,model_4b,0.1295,0.19909368
10027,model_4b,0.3442,0.3275736
10028,model_4b,0.3666,0.4136437
10029,model_4b,0.396,0.3885048
10030,model_4b,0.7715,0.74073064
10031,model_4b,0.4563,0.423726
10032,model_4b,0.7455,0.7306422
10033,model_4b,0.1853,0.2643047
10034,model_4b,1.0633,0.9802643
10035,model_4b,0.2337,0.2623756
10036,model_4b,-0.0135,-0.012579213
10037,model_4b,0.1296,0.15540665
10038,model_4b,0.1512,0.14906736
10039,model_4b,0.0931,0.06615201
10040,model_4b,0.0005,0.03933306
10041,model_4b,0.3708,0.37457666
10042,model_4b,0.3079,0.25452793
10043,model_4b,-0.042,-0.019788042
10044,model_4b,0.627,0.6090323
10045,model_4b,0.2661,0.2528001
10046,model_4b,0.0493,0.064026326
10047,model_4b,0.4473,0.2524451
10048,model_4b,0.0444,0.055947676
10049,model_4b,0.4475,0.383062
10050,model_4b,0.1068,0.08983216
10051,model_4b,0.0387,0.057222277
10052,model_4b,0.8357,0.7752753
10053,model_4b,0.1957,0.13348348
10054,model_4b,0.1534,0.13908105
10055,model_4b,0.1778,0.18941267
10056,model_4b,0.082,0.039809108
10057,model_4b,0.0983,0.07194991
10058,model_4b,0.1909,0.19217949
10059,model_4b,-0.1421,-0.08655813
10060,model_4b,0.3538,0.31608003
10061,model_4b,0.0383,0.04503939
10062,model_4b,0.1273,0.15267289
10063,model_4b,0.229,0.31427956
10064,model_4b,0.7005,0.6480147
10065,model_4b,0.2638,0.28454167
10066,model_4b,0.2175,0.25515464
10067,model_4b,0.2979,0.313796
10068,model_4b,0.0459,0.068231136
10069,model_4b,0.0454,0.044292234
10070,model_4b,-0.0247,-0.021300986
10071,model_4b,-0.0405,-0.034190238
10072,model_4b,0.8188,0.81826776
10073,model_4b,0.0055,-0.038871016
10074,model_4b,0.3056,0.3022383
10075,model_4b,0.1291,0.22322147
10076,model_4b,0.1137,0.09766313
10077,model_4b,0.1191,0.08846399
10078,model_4b,0.5019,0.6500322
10079,model_4b,0.4398,0.42294973
10080,model_4b,0.0995,0.09905231
10081,model_4b,0.4024,0.44886255
10082,model_4b,-0.0104,0.11903083
10083,model_4b,0.0802,0.08382659
10084,model_4b,0.243,0.24440138
10085,model_4b,0.3213,0.35178185
10086,model_4b,0.1324,0.16158248
10087,model_4b,0.0276,0.108690195
10088,model_4b,0.1115,0.09821785
10089,model_4b,0.2279,0.23814818
10090,model_4b,0.1277,0.21176802
10091,model_4b,0.1345,0.15757106
10092,model_4b,0.6448,0.6352872
10093,model_4b,0.0634,0.13511024
10094,model_4b,0.1931,0.17988816
10095,model_4b,-0.0443,-0.020376336
10096,model_4b,0.5976,0.5767619
10097,model_4b,0.4237,0.44911748
10098,model_4b,0.4184,0.38774142
10099,model_4b,0.2369,0.1958341
10100,model_4b,0.3262,0.278899
10101,model_4b,0.1064,0.24941678
10102,model_4b,0.2266,0.18019737
10103,model_4b,0.3056,0.2620668
10104,model_4b,0.1059,0.044734545
10105,model_4b,0.1512,0.24380292
10106,model_4b,0.6412,0.6740727
10107,model_4b,-0.1093,-0.05376497
10108,model_4b,0.197,0.19512318
10109,model_4b,0.2793,0.15799469
10110,model_4b,0.0949,0.13011743
10111,model_4b,0.0941,0.09774213
10112,model_4b,0.2681,0.14271735
10113,model_4b,0.1506,0.15079163
10114,model_4b,0.541,0.49241328
10115,model_4b,-0.197,-0.16000295
10116,model_4b,0.0207,0.07883366
10117,model_4b,0.1612,0.11150119
10118,model_4b,0.2976,0.17980401
10119,model_4b,0.1053,0.060119368
10120,model_4b,0.0605,0.08404389
10121,model_4b,0.203,0.28150663
10122,model_4b,0.5301,0.5229439
10123,model_4b,0.0644,0.07212687
10124,model_4b,0.0101,0.05502359
10125,model_4b,0.0735,0.054018304
10126,model_4b,0.2993,0.5299908
10127,model_4b,0.2165,0.11418553
10128,model_4b,0.1326,0.11300094
10129,model_4b,0.2096,0.20504166
10130,model_4b,0.2176,0.23819473
10131,model_4b,0.0781,0.13477229
10132,model_4b,0.5963,0.56650543
10133,model_4b,0.4866,0.4765978
10134,model_4b,0.0308,0.037983157
10135,model_4b,0.1031,0.073147506
10136,model_4b,0.5107,0.49201292
10137,model_4b,0.1572,0.20986886
10138,model_4b,0.0631,0.082224295
10139,model_4b,0.0194,0.024775777
10140,model_4b,0.2488,0.14661974
10141,model_4b,0.3295,0.28994387
10142,model_4b,0.0123,0.051708907
10143,model_4b,0.3926,0.32467347
10144,model_4b,0.494,0.53653395
10145,model_4b,-0.0401,-0.0180009
10146,model_4b,0.4773,0.32842696
10147,model_4b,0.3363,0.33001062
10148,model_4b,0.0693,0.05378923
10149,model_4b,0.095,0.087961815
10150,model_4b,-0.0204,-0.051835477
10151,model_4b,0.4606,0.36856195
10152,model_4b,0.2732,0.27343798
10153,model_4b,-0.221,0.06846996
10154,model_4b,0.2259,0.15840885
10155,model_4b,0.1978,0.24765255
10156,model_4b,0.8971,0.9282909
10157,model_4b,0.3388,0.37382662
10158,model_4b,0.0889,0.09649642
10159,model_4b,0.3391,0.38182813
10160,model_4b,0.347,0.33129215
10161,model_4b,-0.0311,0.03382698
10162,model_4b,0.0086,0.0545146
10163,model_4b,0.2081,0.24988295
10164,model_4b,0.3199,0.33152598
10165,model_4b,0.3753,0.41277698
10166,model_4b,0.571,0.5667229
10167,model_4b,0.2248,0.2069193
10168,model_4b,0.4147,0.41079026
10169,model_4b,0.0817,0.12723832
10170,model_4b,0.1542,0.14854091
10171,model_4b,0.3194,0.37213063
10172,model_4b,0.1097,0.12056492
10173,model_4b,0.1974,0.20899798
10174,model_4b,0.1406,0.14693435
10175,model_4b,0.3283,0.31461182
10176,model_4b,-0.0121,-0.0012043798
10177,model_4b,0.816,0.8573788
10178,model_4b,0.0789,0.14212738
10179,model_4b,-0.0363,-0.093710825
10180,model_4b,0.1535,0.15844068
10181,model_4b,0.3245,0.37240672
10182,model_4b,0.005,0.018774275
10183,model_4b,0.079,0.12597485
10184,model_4b,0.2828,0.28587472
10185,model_4b,0.6512,0.66440445
10186,model_4b,0.0492,0.09072544
10187,model_4b,0.3056,0.2887566
10188,model_4b,0.1809,0.13316609
10189,model_4b,0.1179,0.040111
10190,model_4b,0.3913,0.19822477
10191,model_4b,0.3729,0.37650558
10192,model_4b,0.1774,0.17152642
10193,model_4b,0.078,0.04400663
10194,model_4b,0.0252,0.049469065
10195,model_4b,0.1526,0.12712462
10196,model_4b,0.0115,0.11750941
10197,model_4b,0.9149,0.9157032
10198,model_4b,0.2847,0.2944178
10199,model_4b,0.2467,0.16102582
10200,model_4b,0.2093,0.12224595
10201,model_4b,0.1879,0.13689488
10202,model_4b,0.1796,0.096751
10203,model_4b,0.2218,0.12625073
10204,model_4b,0.5081,0.5390691
10205,model_4b,0.0782,0.07146948
10206,model_4b,0.1901,0.20027085
10207,model_4b,0.6441,0.63650507
10208,model_4b,0.0603,0.041756697
10209,model_4b,0.0707,0.068110816
10210,model_4b,-0.0354,-0.032564208
10211,model_4b,0.1585,0.15649916
10212,model_4b,0.0387,0.02881442
10213,model_4b,0.0831,0.11519225
10214,model_4b,0.2568,0.32655
10215,model_4b,0.0097,0.0735617
10216,model_4b,0.3818,0.3706252
10217,model_4b,0.316,0.32797727
10218,model_4b,-0.1671,-0.1225985
10219,model_4b,-0.2004,-0.14375994
10220,model_4b,0.0032,-0.00497796
10221,model_4b,0.1909,0.2112569
10222,model_4b,0.0881,0.106094316
10223,model_4b,0.3561,0.28376842
10224,model_4b,0.0406,0.012082667
10225,model_4b,0.3386,0.32379994
10226,model_4b,0.4512,0.4500971
10227,model_4b,0.3188,0.32155895
10228,model_4b,-0.0581,-0.077742144
10229,model_4b,0.1224,0.070869215
10230,model_4b,0.2503,0.19057064
10231,model_4b,0.3742,0.35880876
10232,model_4b,0.2559,0.35307726
10233,model_4b,0.251,0.26550502
10234,model_4b,0.8897,0.8829406
10235,model_4b,0.2299,0.21385333
10236,model_4b,0.3352,0.3771682
10237,model_4b,0.2725,0.26335034
10238,model_4b,-0.0393,0.034124196
10239,model_4b,0.341,0.26694965
10240,model_4b,-0.1158,-0.036375985
10241,model_4b,0.1794,0.22507964
10242,model_4b,0.6834,0.73346764
10243,model_4b,0.0123,0.0035703955
10244,model_4b,0.0318,0.06590179
10245,model_4b,0.4215,0.43838084
10246,model_4b,0.1461,0.1865387
10247,model_4b,0.4939,0.5243612
10248,model_4b,0.2,0.27765435
10249,model_4b,-0.0005,-0.013680268
10250,model_4b,0.2523,0.13761182
10251,model_4b,0.3581,0.36410594
10252,model_4b,0.0932,0.12755398
10253,model_4b,0.3157,0.2753122
10254,model_4b,0.3824,0.40622306
10255,model_4b,0.2338,0.3289218
10256,model_4b,0.7108,0.7420681
10257,model_4b,0.273,0.14638832
10258,model_4b,0.7293,0.6699464
10259,model_4b,0.0767,0.07925771
10260,model_4b,0.2564,0.23630343
10261,model_4b,0.2476,0.26915962
10262,model_4b,0.2067,0.2278071
10263,model_4b,0.1913,0.22659601
10264,model_4b,0.0675,0.05480919
10265,model_4b,-0.0054,0.01940161
10266,model_4b,0.2115,0.20626001
10267,model_4b,0.13,0.11844319
10268,model_4b,0.4002,0.35457316
10269,model_4b,0.2019,0.18066648
10270,model_4b,0.2081,0.169699
10271,model_4b,0.1041,0.11498468
10272,model_4b,0.2262,0.17563297
10273,model_4b,0.2419,0.27775967
10274,model_4b,0.1488,0.20681103
10275,model_4b,0.4167,0.42269546
10276,model_4b,0.3476,0.3528825
10277,model_4b,0.1692,0.21340404
10278,model_4b,0.0908,0.10709295
10279,model_4b,0.4398,0.46974713
10280,model_4b,0.1441,0.15943049
10281,model_4b,-0.151,-0.15268198
10282,model_4b,0.2805,0.02111242
10283,model_4b,0.0563,0.05403176
10284,model_4b,-0.0013,-0.00016012322
10285,model_4b,0.3462,0.29253066
10286,model_4b,0.1595,0.17592977
10287,model_4b,0.1481,0.15350492
10288,model_4b,0.1656,0.21297012
10289,model_4b,0.882,0.91994554
10290,model_4b,0.4558,0.47403646
10291,model_4b,-0.0536,-0.044791505
10292,model_4b,0.1436,0.10197112
10293,model_4b,0.1817,0.17528844
10294,model_4b,0.1295,0.18543911
10295,model_4b,0.0757,0.0952201
10296,model_4b,0.1167,0.11791231
10297,model_4b,0.0541,0.11699559
10298,model_4b,0.0337,-0.02122766
10299,model_4b,0.6602,0.64702976
10300,model_4b,0.0268,0.012465932
10301,model_4b,0.0422,0.036172852
10302,model_4b,0.1782,0.14774539
10303,model_4b,0.4441,0.39627606
10304,model_4b,0.0323,0.087186456
10305,model_4b,0.6639,0.6241198
10306,model_4b,0.0376,0.024409682
10307,model_4b,0.5638,0.5618634
10308,model_4b,0.2352,0.24790575
10309,model_4b,0.0876,-0.11686416
10310,model_4b,-0.1387,-0.13187173
10311,model_4b,0.5722,0.55772024
10312,model_4b,0.2226,0.19859044
10313,model_4b,0.8884,0.9135391
10314,model_4b,0.227,0.1889551
10315,model_4b,0.2463,0.30759278
10316,model_4b,0.5207,0.5551692
10317,model_4b,0.3029,0.28912354
10318,model_4b,0.2458,0.25051427
10319,model_4b,0.0555,0.040140577
10320,model_4b,0.2703,0.29734153
10321,model_4b,0.1372,0.17888288
10322,model_4b,-0.076,-0.1663692
10323,model_4b,0.2013,0.2149526
10324,model_4b,0.1571,0.17370565
10325,model_4b,0.2774,0.27274936
10326,model_4b,0.7497,0.7596955
10327,model_4b,0.3513,0.30832815
10328,model_4b,0.1974,0.19045968
10329,model_4b,0.0347,0.023572773
10330,model_4b,-0.1634,-0.11855058
10331,model_4b,0.0919,-0.0012534307
10332,model_4b,0.2581,0.25834495
10333,model_4b,0.2677,0.25500256
10334,model_4b,0.6615,0.6447721
10335,model_4b,0.2844,0.35891995
10336,model_4b,0.2768,0.29304737
10337,model_4b,0.0322,-0.022102717
10338,model_4b,0.4114,0.44219804
10339,model_4b,0.2891,0.3592791
10340,model_4b,-0.1213,-0.083741024
10341,model_4b,0.0137,-0.041104957
10342,model_4b,0.4425,0.42620644
10343,model_4b,0.171,0.19375488
10344,model_4b,-0.1109,-0.13738796
10345,model_4b,0.3187,0.29649663
10346,model_4b,0.034,0.065278925
10347,model_4b,0.0391,0.052448116
10348,model_4b,0.278,0.26671737
10349,model_4b,-0.0065,-0.046149224
10350,model_4b,0.0317,0.05028628
10351,model_4b,0.2692,0.1430528
10352,model_4b,0.3194,0.30064175
10353,model_4b,0.0552,0.03321024
10354,model_4b,0.1209,0.072117515
10355,model_4b,0.2694,0.30186862
10356,model_4b,0.2114,0.17138007
10357,model_4b,0.0968,0.05773598
10358,model_4b,0.2243,0.21407248
10359,model_4b,0.1315,0.13994715
10360,model_4b,0.4578,0.5220198
10361,model_4b,0.7186,0.70925707
10362,model_4b,0.7336,0.71158534
10363,model_4b,0.2202,0.25694484
10364,model_4b,0.2336,0.2579518
10365,model_4b,0.1791,0.15241641
10366,model_4b,0.5939,0.62271696
10367,model_4b,0.4736,0.47611094
10368,model_4b,0.6839,0.7483254
10369,model_4b,0.4972,0.49577254
10370,model_4b,0.0961,0.08693814
10371,model_4b,0.0988,0.11240888
10372,model_4b,0.3287,0.3094612
10373,model_4b,0.3233,0.19971626
10374,model_4b,-0.0581,-0.002810496
10375,model_4b,0.0896,0.1468536
10376,model_4b,0.6775,0.6800953
10377,model_4b,0.3069,0.2956919
10378,model_4b,-0.0195,-0.09378485
10379,model_4b,0.0418,0.06187518
10380,model_4b,0.1425,0.23924936
10381,model_4b,-0.1394,-0.12136143
10382,model_4b,0.5988,0.6262601
10383,model_4b,-0.047,-0.083608955
10384,model_4b,0.0816,0.051286973
10385,model_4b,0.2695,0.15480952
10386,model_4b,0.1244,0.06715527
10387,model_4b,0.1779,0.1547818
10388,model_4b,0.6033,0.6296372
10389,model_4b,0.1064,0.06329778
10390,model_4b,0.046,0.06783287
10391,model_4b,0.1202,0.1553758
10392,model_4b,0.5019,0.6286128
10393,model_4b,0.0017,0.044644266
10394,model_4b,0.3738,0.40477818
10395,model_4b,0.0798,0.073505305
10396,model_4b,0.3139,0.30005598
10397,model_4b,0.2962,0.3199923
10398,model_4b,0.4756,0.4533478
10399,model_4b,0.1559,0.18063049
10400,model_4b,0.8671,0.83890224
10401,model_4b,0.0357,0.036074772
10402,model_4b,0.0232,0.103979714
10403,model_4b,0.2867,0.27626184
10404,model_4b,0.2936,0.302245
10405,model_4b,0.3752,0.34079197
10406,model_4b,0.3892,0.40243813
10407,model_4b,0.0857,0.08352509
10408,model_4b,-0.1297,-0.092052296
10409,model_4b,0.3019,0.34613273
10410,model_4b,0.0906,0.04813539
10411,model_4b,0.0705,0.090662256
10412,model_4b,0.0892,0.0946186
10413,model_4b,0.0534,0.027553823
10414,model_4b,0.3242,0.2599215
10415,model_4b,0.4617,0.47810137
10416,model_4b,-0.1094,-0.108297184
10417,model_4b,0.2628,0.3156361
10418,model_4b,0.4246,0.22880305
10419,model_4b,0.3841,0.31972903
10420,model_4b,0.0125,0.065325625
10421,model_4b,0.2735,0.29962438
10422,model_4b,0.3603,0.33134103
10423,model_4b,0.7488,0.5852416
10424,model_4b,0.3669,0.340691
10425,model_4b,0.4798,0.4671136
10426,model_4b,0.2088,0.27411252
10427,model_4b,0.2065,0.44070688
10428,model_4b,0.4067,0.4086799
10429,model_4b,0.4177,0.31348616
10430,model_4b,0.05,0.027400333
10431,model_4b,-0.0858,-0.13623218
10432,model_4b,0.3011,0.329354
10433,model_4b,0.0367,0.07230956
10434,model_4b,0.1726,0.18488707
10435,model_4b,0.2722,0.39503932
10436,model_4b,0.007,0.024986472
10437,model_4b,0.1991,0.12676467
10438,model_4b,0.1447,0.1208612
10439,model_4b,0.9204,0.9050196
10440,model_4b,0.1682,0.1485972
10441,model_4b,0.3648,0.32521924
10442,model_4b,0.0616,0.050272066
10443,model_4b,0.9915,0.97852135
10444,model_4b,-0.013,-0.008216278
10445,model_4b,0.4678,0.4425059
10446,model_4b,0.4732,0.45104724
10447,model_4b,0.1624,0.36442265
10448,model_4b,0.0874,0.030187994
10449,model_4b,0.2213,0.24210797
10450,model_4b,0.1921,0.12037933
10451,model_4b,0.6105,0.6550594
10452,model_4b,0.2677,0.21448697
10453,model_4b,0.0104,0.03723868
10454,model_4b,0.2394,0.1434984
10455,model_4b,0.2982,0.20672686
10456,model_4b,0.0512,0.083645195
10457,model_4b,0.4783,0.45717126
10458,model_4b,-0.0343,-0.24123415
10459,model_4b,-0.0991,-0.04766331
10460,model_4b,-0.1123,-0.03181515
10461,model_4b,0.2391,0.24330728
10462,model_4b,0.5738,0.5602843
10463,model_4b,0.2239,0.15082714
10464,model_4b,0.051,0.043008614
10465,model_4b,-0.1367,-0.057674553
10466,model_4b,0.3705,0.3662013
10467,model_4b,0.1093,0.10243783
10468,model_4b,0.1749,0.19357042
10469,model_4b,0.1765,0.16389216
10470,model_4b,0.0555,0.13298641
10471,model_4b,0.2369,0.2521158
10472,model_4b,0.0737,0.05796598
10473,model_4b,0.0739,0.13352905
10474,model_4b,0.0349,0.118646786
10475,model_4b,0.1911,0.18604799
10476,model_4b,0.4731,0.4665981
10477,model_4b,0.6034,0.6042797
10478,model_4b,0.1201,0.11732118
10479,model_4b,0.4201,0.44622645
10480,model_4b,0.0998,0.14582472
10481,model_4b,0.3019,0.29458666
10482,model_4b,0.2721,0.37589887
10483,model_4b,0.5276,0.5642279
10484,model_4b,-0.1083,-0.037638117
10485,model_4b,0.2696,0.23539199
10486,model_4b,-0.0311,0.04027511
10487,model_4b,0.2508,0.26883858
10488,model_4b,0.3039,0.24046706
10489,model_4b,-0.0314,-0.0067676073
10490,model_4b,0.3863,0.41783917
10491,model_4b,0.1919,0.19535089
10492,model_4b,-0.0266,-0.028596055
10493,model_4b,-0.0687,-0.051435336
10494,model_4b,0.3339,0.34051228
10495,model_4b,0.0969,0.103600115
10496,model_4b,0.7938,0.7844344
10497,model_4b,0.5657,0.55474365
10498,model_4b,0.1286,0.1011364
10499,model_4b,0.3885,0.3818274
10500,model_4b,-0.0489,-0.059238426
10501,model_4b,0.255,0.26390105
10502,model_4b,0.0386,0.094187155
10503,model_4b,0.5836,0.58797956
10504,model_4b,0.3233,0.26572725
10505,model_4b,0.4311,0.43081197
10506,model_4b,0.0128,0.02967076
10507,model_4b,0.0126,0.002007871
10508,model_4b,0.2527,0.3079328
10509,model_4b,0.0752,0.076665
10510,model_4b,0.334,0.23404014
10511,model_4b,0.0758,0.06534622
10512,model_4b,0.3366,0.2784045
10513,model_4b,0.1089,0.14161487
10514,model_4b,0.1692,0.16571037
10515,model_4b,0.2228,0.24519749
10516,model_4b,0.0287,0.05238114
10517,model_4b,0.4356,0.3903917
10518,model_4b,0.0859,0.067608826
10519,model_4b,0.6341,0.6143021
10520,model_4b,0.0561,0.031824164
10521,model_4b,0.0566,0.05298901
10522,model_4b,0.1331,0.093536384
10523,model_4b,0.066,0.042114057
10524,model_4b,0.0936,0.08078767
10525,model_4b,0.2449,0.29174745
10526,model_4b,-0.0098,0.029194832
10527,model_4b,0.1675,0.05576677
10528,model_4b,0.4185,0.37536466
10529,model_4b,0.1566,0.1952289
10530,model_4b,0.3762,0.3746314
10531,model_4b,-0.0079,-0.03408801
10532,model_4b,0.0353,0.01923396
10533,model_4b,0.1644,0.1089409
10534,model_4b,0.0658,0.081892535
10535,model_4b,0.3621,0.39634842
10536,model_4b,0.1763,0.32544678
10537,model_4b,0.2067,0.19448183
10538,model_4b,0.3036,0.22972102
10539,model_4b,0.1705,0.23479195
10540,model_4b,0.0643,0.048272803
10541,model_4b,0.2181,0.20517054
10542,model_4b,0.359,0.31456098
10543,model_4b,0.7038,0.73645
10544,model_4b,0.0609,0.08729139
10545,model_4b,-0.0449,-0.055943586
10546,model_4b,0.1028,0.10328959
10547,model_4b,0.1165,0.105433926
10548,model_4b,0.1325,0.10350019
10549,model_4b,0.4258,0.4571026
10550,model_4b,0.113,0.11071239
10551,model_4b,0.2893,0.34516114
10552,model_4b,0.0332,0.1187496
10553,model_4b,0.417,0.44620436
10554,model_4b,0.0296,0.032430112
10555,model_4b,0.3096,0.35181844
10556,model_4b,0.4775,0.45072246
10557,model_4b,0.0254,0.006032183
10558,model_4b,-0.0355,-0.11465387
10559,model_4b,0.1213,0.10856211
10560,model_4b,0.1306,0.09863694
10561,model_4b,0.0947,0.09387505
10562,model_4b,0.0422,-0.01405218
10563,model_4b,-0.1869,-0.18833117
10564,model_4b,0.0338,0.046146154
10565,model_4b,0.093,0.1042001
10566,model_4b,0.4244,0.47147548
10567,model_4b,0.146,0.14263116
10568,model_4b,0.2625,0.24939261
10569,model_4b,0.6186,0.6087237
10570,model_4b,0.6094,0.561909
10571,model_4b,-0.155,-0.14868088
10572,model_4b,-0.0334,0.009426258
10573,model_4b,0.1951,0.21724503
10574,model_4b,0.2711,0.35274464
10575,model_4b,0.0548,0.036002755
10576,model_4b,0.754,0.7622773
10577,model_4b,-0.0088,0.039392497
10578,model_4b,0.353,0.36993873
10579,model_4b,0.2414,0.20539309
10580,model_4b,0.2154,0.20567112
10581,model_4b,0.0493,0.035298944
10582,model_4b,0.3207,0.3209701
10583,model_4b,0.1382,0.14374115
10584,model_4b,-0.1783,-0.16829674
10585,model_4b,0.8257,0.84090185
10586,model_4b,0.4864,0.47635013
10587,model_4b,0.6914,0.61172795
10588,model_4b,0.1373,0.23117183
10589,model_4b,0.2125,0.17956863
10590,model_4b,0.2492,0.17269056
10591,model_4b,0.5314,0.5394464
10592,model_4b,0.4265,0.4399984
10593,model_4b,0.3585,0.3773859
10594,model_4b,-0.0642,-0.0031974548
10595,model_4b,0.102,0.19947784
10596,model_4b,0.8595,0.87652755
10597,model_4b,0.2612,0.25363347
10598,model_4b,0.4236,0.39670956
10599,model_4b,0.1992,0.16567928
10600,model_4b,0.4507,0.40291327
10601,model_4b,0.7115,0.71038604
10602,model_4b,-0.1164,-0.11226323
10603,model_4b,0.195,0.15205555
10604,model_4b,-0.0374,-0.046809867
10605,model_4b,0.2711,0.3176158
10606,model_4b,-0.0186,-0.075101405
10607,model_4b,0.2629,0.2897489
10608,model_4b,0.0375,0.022030327
10609,model_4b,-0.0356,-0.060415283
10610,model_4b,0.1238,0.09789121
10611,model_4b,-0.0333,-0.05925236
10612,model_4b,0.3234,0.37322867
10613,model_4b,0.1518,0.13162066
10614,model_4b,0.2643,0.2294467
10615,model_4b,0.1736,0.16871381
10616,model_4b,0.5562,0.46100786
10617,model_4b,0.6766,0.6667978
10618,model_4b,0.8419,0.8196812
10619,model_4b,0.387,0.43256813
10620,model_4b,0.8076,0.82684815
10621,model_4b,0.1448,0.15074222
10622,model_4b,-0.0785,-0.072507344
10623,model_4b,0.6639,0.64391404
10624,model_4b,0.0613,0.10487051
10625,model_4b,-0.0464,-0.041501105
10626,model_4b,0.3354,0.33316767
10627,model_4b,0.2963,0.27994585
10628,model_4b,0.2019,0.20464768
10629,model_4b,0.1824,0.21708585
10630,model_4b,0.1763,0.1626489
10631,model_4b,0.2625,0.27509847
10632,model_4b,-0.0045,0.01844925
10633,model_4b,0.1073,0.08869882
10634,model_4b,0.187,0.21228687
10635,model_4b,0.0886,0.18136482
10636,model_4b,-0.0699,-0.082049124
10637,model_4b,0.1262,0.2286404
10638,model_4b,0.4338,0.45804977
10639,model_4b,0.4657,0.43743077
10640,model_4b,0.6045,0.56612545
10641,model_4b,-0.0867,-0.09940073
10642,model_4b,0.3523,0.33062893
10643,model_4b,-0.0355,-0.037123043
10644,model_4b,0.318,0.32854968
10645,model_4b,0.2709,0.287714
10646,model_4b,0.3761,0.35438704
10647,model_4b,-0.1246,-0.030475348
10648,model_4b,0.1193,0.13435821
10649,model_4b,0.1881,0.24242209
10650,model_4b,0.3726,0.42416602
10651,model_4b,0.6418,0.6633498
10652,model_4b,0.256,0.28844523
10653,model_4b,0.2293,0.19808239
10654,model_4b,0.115,0.11289299
10655,model_4b,0.7218,0.723646
10656,model_4b,0.1697,0.14970447
10657,model_4b,0.375,0.391573
10658,model_4b,0.4355,0.40485647
10659,model_4b,0.1799,0.10648298
10660,model_4b,0.1048,0.121521264
10661,model_4b,0.2793,0.24124263
10662,model_4b,0.0345,0.09726994
10663,model_4b,-0.0262,-0.04880321
10664,model_4b,0.0416,0.0025550714
10665,model_4b,1.0144,1.0287728
10666,model_4b,0.2524,0.27068937
10667,model_4b,-0.0124,-0.03702853
10668,model_4b,-0.1637,-0.1262786
10669,model_4b,0.1381,0.1024037
10670,model_4b,0.6514,0.6552264
10671,model_4b,-0.0627,0.005346638
10672,model_4b,0.4353,0.3750437
10673,model_4b,0.1745,0.16071363
10674,model_4b,0.122,0.14543244
10675,model_4b,0.2754,0.28360987
10676,model_4b,0.111,0.09241481
10677,model_4b,0.4005,0.38199395
10678,model_4b,0.475,0.49697345
10679,model_4b,0.3676,0.3910001
10680,model_4b,0.0766,0.10445257
10681,model_4b,0.6857,0.64584714
10682,model_4b,0.6249,0.65115815
10683,model_4b,0.2694,0.26470923
10684,model_4b,0.233,0.20836341
10685,model_4b,0.353,0.30457008
10686,model_4b,-0.0391,-0.04704246
10687,model_4b,0.1883,0.18587297
10688,model_4b,0.2604,0.22984804
10689,model_4b,0.2336,0.20800996
10690,model_4b,0.6381,0.6073924
10691,model_4b,0.0683,0.076751254
10692,model_4b,0.0146,0.40287393
10693,model_4b,-0.0181,-0.06337606
10694,model_4b,0.1454,0.15432289
10695,model_4b,-0.0251,0.04305111
10696,model_4b,-0.1216,-0.063086174
10697,model_4b,0.2582,0.25112438
10698,model_4b,0.1739,0.21900116
10699,model_4b,0.1532,0.13598226
10700,model_4b,0.2166,0.23902586
10701,model_4b,0.1988,0.20745327
10702,model_4b,0.1604,0.1669557
10703,model_4b,0.724,0.6780348
10704,model_4b,0.0657,0.11629571
10705,model_4b,0.5618,0.5145572
10706,model_4b,-0.0271,-0.07637624
10707,model_4b,0.1773,0.17461179
10708,model_4b,0.3252,0.31411302
10709,model_4b,0.198,0.20328337
10710,model_4b,-0.0942,-0.07411447
10711,model_4b,0.6169,0.63304263
10712,model_4b,0.0827,0.09187573
10713,model_4b,0.4194,0.41826677
10714,model_4b,0.1056,0.002983353
10715,model_4b,-0.016,-0.042335466
10716,model_4b,-0.0152,0.059842177
10717,model_4b,0.1894,0.24869932
10718,model_4b,0.5376,0.6298639
10719,model_4b,0.4014,0.38545915
10720,model_4b,0.8186,0.77028257
10721,model_4b,-0.0249,-0.038913406
10722,model_4b,-0.0612,-0.06326273
10723,model_4b,-0.206,-0.15177745
10724,model_4b,0.5272,0.5067679
10725,model_4b,0.2488,0.2824372
10726,model_4b,0.1423,0.1536995
10727,model_4b,-0.0698,-0.11516816
10728,model_4b,0.1052,0.10096344
10729,model_4b,0.0292,0.06954874
10730,model_4b,0.0857,0.092775986
10731,model_4b,0.2841,0.28992063
10732,model_4b,0.1528,0.19878961
10733,model_4b,0.4868,0.52542317
10734,model_4b,0.0453,0.043225028
10735,model_4b,0.5002,0.4992792
10736,model_4b,0.2072,0.16351189
10737,model_4b,0.1822,0.24896516
10738,model_4b,0.2111,0.24718331
10739,model_4b,0.2864,0.26248473
10740,model_4b,0.0528,0.087317474
10741,model_4b,0.3802,0.27544582
10742,model_4b,0.5333,0.5364818
10743,model_4b,0.2706,0.26516792
10744,model_4b,-0.1413,-0.2446948
10745,model_4b,0.1266,0.21087275
10746,model_4b,0.1285,0.115964115
10747,model_4b,0.3442,0.3409252
10748,model_4b,0.3737,0.23697568
10749,model_4b,0.2735,0.2805053
10750,model_4b,0.362,0.37294132
10751,model_4b,0.0378,0.03479018
10752,model_4b,0.3053,0.4568469
10753,model_4b,0.2755,0.20532511
10754,model_4b,0.2456,0.23106575
10755,model_4b,0.2428,0.21555693
10756,model_4b,0.4214,0.39423212
10757,model_4b,-0.0668,-0.040007435
10758,model_4b,0.072,0.044979326
10759,model_4b,0.4906,0.5242898
10760,model_4b,0.7962,0.8004525
10761,model_4b,0.1824,0.19868992
10762,model_4b,0.0267,-0.01816294
10763,model_4b,-0.0807,-0.092681564
10764,model_4b,0.2998,0.3550967
10765,model_4b,0.7914,0.86990607
10766,model_4b,0.5554,0.56202227
10767,model_4b,0.6613,0.6770199
10768,model_4b,0.1391,0.13063042
10769,model_4b,0.0907,0.07644558
10770,model_4b,0.4981,0.43892002
10771,model_4b,0.1138,0.124969766
10772,model_4b,0.2464,0.23813309
10773,model_4b,0.1193,0.16835855
10774,model_4b,0.1552,0.09277986
10775,model_4b,0.1722,0.009652804
10776,model_4b,0.4893,0.32026562
10777,model_4b,0.4786,0.5516439
10778,model_4b,0.5731,0.5778731
10779,model_4b,0.3182,0.27564055
10780,model_4b,0.1024,0.10370662
10781,model_4b,0.834,0.8191525
10782,model_4b,0.0119,-0.0056211585
10783,model_4b,-0.0682,-0.013071268
10784,model_4b,0.2639,0.20521905
10785,model_4b,0.0865,0.09474771
10786,model_4b,0.3875,0.40672088
10787,model_4b,0.6545,0.5990977
10788,model_4b,-0.0593,-0.035845313
10789,model_4b,0.5307,0.52605426
10790,model_4b,0.4603,0.47268286
10791,model_4b,0.3729,0.27919877
10792,model_4b,0.3442,0.3019912
10793,model_4b,0.2174,0.16924386
10794,model_4b,0.1505,0.02901718
10795,model_4b,0.4155,0.39449024
10796,model_4b,-0.1341,-0.03520715
10797,model_4b,0.3035,0.36984754
10798,model_4b,0.2483,0.24255873
10799,model_4b,0.3472,0.3512285
10800,model_4b,0.4148,0.444995
10801,model_4b,0.074,0.12073496
10802,model_4b,0.1852,0.19368349
10803,model_4b,0.0474,0.07787847
10804,model_4b,-0.2197,-0.13652301
10805,model_4b,0.2903,0.2941316
10806,model_4b,0.0917,0.09586522
10807,model_4b,0.0484,0.10200375
10808,model_4b,0.1054,0.09545602
10809,model_4b,0.1959,0.17858598
10810,model_4b,0.2398,0.2863567
10811,model_4b,0.0737,0.03492706
10812,model_4b,0.2692,0.43539578
10813,model_4b,0.3841,0.37075248
10814,model_4b,0.6215,0.61173695
10815,model_4b,0.0801,0.109136395
10816,model_4b,0.0483,0.06478795
10817,model_4b,0.3929,0.4595543
10818,model_4b,0.1631,0.12824889
10819,model_4b,0.0222,0.020936236
10820,model_4b,0.4742,0.53912956
10821,model_4b,0.2134,0.18525395
10822,model_4b,0.1285,0.10369209
10823,model_4b,0.2461,0.21788986
10824,model_4b,0.6245,0.47324648
10825,model_4b,0.0083,0.027731176
10826,model_4b,0.2612,0.29181412
10827,model_4b,0.2475,0.31164712
10828,model_4b,0.0566,-0.016876336
10829,model_4b,0.2895,0.25935975
10830,model_4b,0.3308,0.36610153
10831,model_4b,0.2631,0.36532268
10832,model_4b,-0.2061,-0.1800989
10833,model_4b,0.1494,0.11379564
10834,model_4b,-0.0297,0.059516296
10835,model_4b,0.1774,0.15061659
10836,model_4b,0.0808,0.07669696
10837,model_4b,0.114,0.15774657
10838,model_4b,0.0987,0.08750717
10839,model_4b,-0.0136,-0.0062332647
10840,model_4b,0.1174,0.08743087
10841,model_4b,0.3768,0.36415508
10842,model_4b,0.2963,0.30307585
10843,model_4b,0.1514,0.17482433
10844,model_4b,0.2605,0.35912633
10845,model_4b,0.1416,0.14897488
10846,model_4b,0.0,0.006614414
10847,model_4b,0.2481,0.18671055
10848,model_4b,0.4925,0.59398824
10849,model_4b,0.4123,0.42895544
10850,model_4b,0.2293,0.16139214
10851,model_4b,0.1969,0.27998495
10852,model_4b,0.5025,0.49971634
10853,model_4b,0.0838,0.22494145
10854,model_4b,0.103,0.11984189
10855,model_4b,0.3434,0.36261147
10856,model_4b,0.2999,0.3277672
10857,model_4b,-0.2141,-0.10671369
10858,model_4b,0.0386,0.05677218
10859,model_4b,0.2813,0.22691129
10860,model_4b,0.3179,0.24863602
10861,model_4b,0.1665,0.16547053
10862,model_4b,0.068,0.061275452
10863,model_4b,0.1639,0.13675983
10864,model_4b,0.1427,0.11925273
10865,model_4b,0.352,0.38124597
10866,model_4b,0.3143,0.24496277
10867,model_4b,0.4993,0.5015682
10868,model_4b,0.1926,0.20000567
10869,model_4b,0.2297,0.20888571
10870,model_4b,0.0957,0.108836986
10871,model_4b,0.0873,0.06580911
10872,model_4b,0.2542,0.3004212
10873,model_4b,0.3934,0.37731385
10874,model_4b,0.4205,0.41998056
10875,model_4b,0.2097,0.2650351
10876,model_4b,-0.0093,-0.0038959654
10877,model_4b,-0.064,0.0745517
10878,model_4b,-0.0638,-0.0407498
10879,model_4b,0.5304,0.49885565
10880,model_4b,0.1782,0.17845686
10881,model_4b,0.0668,0.07503617
10882,model_4b,-0.0223,-0.030353561
10883,model_4b,0.0224,0.018167015
10884,model_4b,0.0633,0.027242772
10885,model_4b,0.1513,0.14916392
10886,model_4b,0.1875,0.09339957
10887,model_4b,0.2298,0.2942032
10888,model_4b,0.5945,0.67696434
10889,model_4b,0.405,0.35474372
10890,model_4b,0.1843,0.15335084
10891,model_4b,0.2151,0.27195135
10892,model_4b,0.4072,0.39657485
10893,model_4b,1.0229,1.0542148
10894,model_4b,0.2465,0.22788553
10895,model_4b,0.3792,0.43250406
10896,model_4b,0.1214,-0.015182429
10897,model_4b,0.2769,0.262763
10898,model_4b,0.4407,0.42824027
10899,model_4b,0.005,0.027921658
10900,model_4b,0.136,0.17336895
10901,model_4b,0.3105,0.29170594
10902,model_4b,0.205,0.23315564
10903,model_4b,0.3226,0.36842066
10904,model_4b,0.2561,0.2902627
10905,model_4b,0.2626,0.25433725
10906,model_4b,0.0762,0.1440569
10907,model_4b,0.3176,0.29597393
10908,model_4b,0.1217,0.08474543
10909,model_4b,0.3185,0.32352108
10910,model_4b,0.3052,0.30914235
10911,model_4b,0.3909,0.38612762
10912,model_4b,0.7971,0.8119133
10913,model_4b,0.299,0.2408824
10914,model_4b,0.4135,0.3911081
10915,model_4b,0.0792,0.06982713
10916,model_4b,0.9226,0.93540764
10917,model_4b,0.1958,0.20265321
10918,model_4b,0.1063,0.07265566
10919,model_4b,0.156,0.13536747
10920,model_4b,0.5999,0.5415577
10921,model_4b,0.558,0.5952998
10922,model_4b,0.2627,0.2539397
10923,model_4b,0.351,0.33954316
10924,model_4b,0.1938,0.16950224
10925,model_4b,0.4099,0.34394026
10926,model_4b,0.0478,0.03460812
10927,model_4b,0.0251,0.01640604
10928,model_4b,0.1263,0.16952427
10929,model_4b,0.2461,0.22425626
10930,model_4b,0.3564,0.34113184
10931,model_4b,0.4621,0.49613756
10932,model_4b,0.2537,0.3359745
10933,model_4b,0.3808,0.42116314
10934,model_4b,0.0143,0.023953006
10935,model_4b,0.3736,0.38052207
10936,model_4b,0.2683,0.3646211
10937,model_4b,0.1603,0.19161366
10938,model_4b,0.3838,0.42558277
10939,model_4b,0.2206,0.28131497
10940,model_4b,0.3103,0.31082284
10941,model_4b,0.1545,0.16519003
10942,model_4b,0.2975,0.3184399
10943,model_4b,0.0213,0.049786717
10944,model_4b,0.139,0.1198978
10945,model_4b,-0.1196,-0.14023937
10946,model_4b,0.427,0.40433398
10947,model_4b,0.1902,0.25658822
10948,model_4b,0.088,0.07662508
10949,model_4b,0.1175,0.07059631
10950,model_4b,0.2849,0.2733705
10951,model_4b,0.1405,0.14348786
10952,model_4b,0.7506,0.78988534
10953,model_4b,0.3688,0.40360644
10954,model_4b,0.3629,0.37754315
10955,model_4b,0.3063,0.30917314
10956,model_4b,0.0852,0.11242114
10957,model_4b,0.3637,0.36239347
10958,model_4b,0.0919,0.16604744
10959,model_4b,0.0236,0.055006906
10960,model_4b,0.7146,0.72668517
10961,model_4b,0.173,0.30295628
10962,model_4b,0.2916,0.285781
10963,model_4b,0.586,0.5403739
10964,model_4b,0.0704,0.069115736
10965,model_4b,0.3744,0.40041184
10966,model_4b,0.0507,0.032840878
10967,model_4b,0.0398,0.11906059
10968,model_4b,0.1713,0.24089265
10969,model_4b,0.0504,0.069222584
10970,model_4b,0.1171,0.13117422
10971,model_4b,0.0365,0.05118208
10972,model_4b,0.1831,0.17648886
10973,model_4b,0.4958,0.42485023
10974,model_4b,0.3801,0.292294
10975,model_4b,0.4758,0.44512472
10976,model_4b,0.1422,0.10302011
10977,model_4b,-0.0055,0.016601253
10978,model_4b,0.228,0.19977735
10979,model_4b,0.1197,0.100668386
10980,model_4b,0.3709,0.3581735
10981,model_4b,0.4927,0.47263268
10982,model_4b,0.3543,0.38238943
10983,model_4b,0.1241,0.14339824
10984,model_4b,0.7845,0.73974603
10985,model_4b,0.0084,0.031004936
10986,model_4b,0.2433,0.27505565
10987,model_4b,0.3002,0.26331475
10988,model_4b,-0.045,-0.060148075
10989,model_4b,0.809,0.82385904
10990,model_4b,-0.1874,-0.14242539
10991,model_4b,0.0954,0.089751534
10992,model_4b,0.0649,0.14130382
10993,model_4b,0.0488,0.037977286
10994,model_4b,0.0999,0.12810199
10995,model_4b,0.4613,0.38598984
10996,model_4b,0.2215,0.2486725
10997,model_4b,0.0279,0.062314644
10998,model_4b,0.0804,0.0907979
10999,model_4b,0.6824,0.7353858
11000,model_4b,0.1438,0.16701704
11001,model_4b,0.3329,0.3463102
11002,model_4b,-0.1231,0.031133309
11003,model_4b,0.4077,0.3419283
11004,model_4b,0.098,0.07649021
11005,model_4b,0.1445,0.15795363
11006,model_4b,0.0494,0.08827601
11007,model_4b,0.029,0.0387825
11008,model_4b,0.4666,0.33822352
11009,model_4b,0.236,0.2205653
11010,model_4b,0.2067,0.21104982
11011,model_4b,0.1138,0.09332469
11012,model_4b,0.0908,0.07491018
11013,model_4b,0.0632,-0.008247002
11014,model_4b,0.2981,0.25388795
11015,model_4b,0.3582,0.40004107
11016,model_4b,0.0888,0.07005517
11017,model_4b,0.0949,0.16139796
11018,model_4b,0.5858,0.5919217
11019,model_4b,0.0634,0.09631358
11020,model_4b,-0.0264,0.019661818
11021,model_4b,0.1495,0.19014488
11022,model_4b,-0.1293,-0.07224797
11023,model_4b,0.2242,0.3223464
11024,model_4b,0.1476,0.17581029
11025,model_4b,-0.1992,-0.14650331
11026,model_4b,0.1129,0.10874454
11027,model_4b,0.0901,0.16434398
11028,model_4b,0.1168,0.008175059
11029,model_4b,0.3422,0.36620298
11030,model_4b,0.3234,0.24396361
11031,model_4b,0.1595,0.1918485
11032,model_4b,0.4481,0.42126307
11033,model_4b,0.0839,0.084551536
11034,model_4b,0.266,0.20036186
11035,model_4b,0.3038,0.27316123
11036,model_4b,0.0618,0.054958694
11037,model_4b,-0.0563,0.02258946
11038,model_4b,-0.0696,0.1144496
11039,model_4b,0.2162,0.18714958
11040,model_4b,0.3247,0.35720575
11041,model_4b,0.1945,0.22388776
11042,model_4b,0.195,0.32601961
11043,model_4b,0.0707,0.08931619
11044,model_4b,0.0883,0.10199794
11045,model_4b,0.6459,0.6375728
11046,model_4b,0.752,0.7256822
11047,model_4b,0.0805,0.112611204
11048,model_4b,0.4072,0.28446275
11049,model_4b,0.1375,0.12759174
11050,model_4b,0.1063,0.06864412
11051,model_4b,0.017,0.16173595
11052,model_4b,0.2834,0.27321613
11053,model_4b,0.1295,0.12856774
11054,model_4b,0.1867,0.41679472
11055,model_4b,0.2553,0.27363974
11056,model_4b,0.1714,0.19749045
11057,model_4b,0.0848,-0.12193032
11058,model_4b,0.2484,0.30810457
11059,model_4b,0.567,0.6055346
11060,model_4b,0.3208,0.31654057
11061,model_4b,0.1699,0.22594331
11062,model_4b,0.0792,0.089925766
11063,model_4b,-0.0587,-0.013146593
11064,model_4b,0.32,0.3838947
11065,model_4b,0.0676,0.08994901
11066,model_4b,0.1869,0.25867957
11067,model_4b,0.3516,0.38105488
11068,model_4b,0.2406,0.23583068
11069,model_4b,0.2365,0.23712488
11070,model_4b,0.7883,0.77109337
11071,model_4b,0.0477,0.034037556
11072,model_4b,-0.0058,-0.019707505
11073,model_4b,0.0904,0.10425528
11074,model_4b,0.216,0.23232873
11075,model_4b,0.3624,0.38605756
11076,model_4b,0.4707,0.4021045
11077,model_4b,0.4918,0.5079103
11078,model_4b,0.5266,0.5622713
11079,model_4b,0.0428,0.07609257
11080,model_4b,0.0559,0.051139824
11081,model_4b,0.0011,0.020929575
11082,model_4b,0.3292,0.3518111
11083,model_4b,0.6414,0.7998852
11084,model_4b,0.0649,0.090620995
11085,model_4b,0.2356,0.16536522
11086,model_4b,0.2241,0.19613393
11087,model_4b,-0.0184,0.09622069
11088,model_4b,0.8583,0.82689834
11089,model_4b,0.0865,0.059723288
11090,model_4b,0.2614,0.27069843
11091,model_4b,0.0702,0.07153659
11092,model_4b,0.0818,0.06387231
11093,model_4b,0.1874,0.18777086
11094,model_4b,0.148,0.1783625
11095,model_4b,0.5617,0.51975155
11096,model_4b,-0.1217,-0.079844706
11097,model_4b,0.3277,0.35871533
11098,model_4b,0.13,0.1262436
11099,model_4b,0.0293,0.030019246
11100,model_4b,0.0576,0.09622938
11101,model_4b,0.4101,0.3799409
11102,model_4b,0.4201,0.37265596
11103,model_4b,0.1497,0.17661907
11104,model_4b,0.4107,0.32651362
11105,model_4b,0.6921,0.6824911
11106,model_4b,0.3037,0.3035984
11107,model_4b,0.319,0.28387457
11108,model_4b,-0.035,0.023759365
11109,model_4b,0.1777,0.12669317
11110,model_4b,-0.0038,0.088636614
11111,model_4b,0.2415,0.28321946
11112,model_4b,-0.0784,-0.08699942
11113,model_4b,-0.1111,0.018081736
11114,model_4b,0.1459,0.15563892
11115,model_4b,0.3786,0.3583387
11116,model_4b,0.3347,0.3615013
11117,model_4b,0.1828,0.18324007
11118,model_4b,0.2818,0.34960955
11119,model_4b,0.0881,0.10926688
11120,model_4b,0.2557,0.31308293
11121,model_4b,0.2929,0.3001031
11122,model_4b,0.1651,0.14752807
11123,model_4b,0.2267,0.29663903
11124,model_4b,0.1507,0.20285477
11125,model_4b,0.2934,0.20458698
11126,model_4b,0.1462,0.15567635
11127,model_4b,0.2023,0.20681672
11128,model_4b,0.1702,0.21086214
11129,model_4b,0.6418,0.6828726
11130,model_4b,0.158,0.2704023
11131,model_4b,0.2057,0.12781145
11132,model_4b,0.0459,0.044294603
11133,model_4b,0.6986,0.7285664
11134,model_4b,0.2051,0.17170261
11135,model_4b,0.3447,0.46155262
11136,model_4b,0.0844,0.073424295
11137,model_4b,0.1006,0.13276342
11138,model_4b,0.4047,0.36242312
11139,model_4b,0.0489,0.038752258
11140,model_4b,0.5458,0.51183146
11141,model_4b,0.3245,0.32243976
11142,model_4b,0.1788,0.13312793
11143,model_4b,0.0417,0.023642905
11144,model_4b,0.0326,0.0689439
11145,model_4b,0.3791,0.3508221
11146,model_4b,0.2594,0.26454306
11147,model_4b,0.4771,0.5165701
11148,model_4b,0.192,0.19609043
11149,model_4b,0.5103,0.5104771
11150,model_4b,0.3477,0.36992684
11151,model_4b,0.5277,0.6537574
11152,model_4b,0.4144,0.379179
11153,model_4b,0.2183,0.1914383
11154,model_4b,0.1394,0.1436152
11155,model_4b,0.6138,0.67341506
11156,model_4b,0.2474,0.25880665
11157,model_4b,0.4536,0.40304708
11158,model_4b,0.1421,0.17512025
11159,model_4b,0.2981,0.18772121
11160,model_4b,0.9825,0.95052797
11161,model_4b,0.9298,0.88627476
11162,model_4b,0.6964,0.67361206
11163,model_4b,0.3255,0.28846735
11164,model_4b,0.3058,0.25390244
11165,model_4b,-0.0787,-0.025908247
11166,model_4b,0.7815,0.7621651
11167,model_4b,0.5367,0.59076047
11168,model_4b,0.2829,0.33893037
11169,model_4b,0.1477,0.36672062
11170,model_4b,0.2789,0.26281205
11171,model_4b,0.1075,0.11465458
11172,model_4b,0.1685,0.17930816
11173,model_4b,-0.2613,0.6041596
11174,model_4b,-0.0404,-0.04457313
11175,model_4b,0.3044,0.29544204
11176,model_4b,0.1926,0.17173721
11177,model_4b,0.1838,0.2545715
11178,model_4b,0.4107,0.34429887
11179,model_4b,0.3862,0.43653983
11180,model_4b,0.2354,0.23779608
11181,model_4b,0.2961,0.30103847
11182,model_4b,0.0942,0.09716369
11183,model_4b,0.1184,0.108423084
11184,model_4b,0.0921,0.09602903
11185,model_4b,0.4291,0.38425195
11186,model_4b,0.7201,0.7317007
11187,model_4b,0.5858,0.5892858
11188,model_4b,0.3869,0.40400073
11189,model_4b,0.6304,0.67331916
11190,model_4b,0.4408,0.4215333
11191,model_4b,0.1854,0.24919842
11192,model_4b,-0.0117,0.09846231
11193,model_4b,0.7519,0.81640214
11194,model_4b,0.1042,0.09499018
11195,model_4b,0.3924,0.31726277
11196,model_4b,0.431,0.46967876
11197,model_4b,0.1218,0.22244112
11198,model_4b,0.3164,0.23336971
11199,model_4b,0.1226,0.12118323
11200,model_4b,-0.0902,-0.07881825
11201,model_4b,0.2505,0.23590243
11202,model_4b,0.413,0.3305638
11203,model_4b,0.1704,0.13554052
11204,model_4b,-0.1821,-0.18193372
11205,model_4b,0.401,0.36589307
11206,model_4b,0.5054,0.45272064
11207,model_4b,0.1048,0.12832493
11208,model_4b,0.3487,0.32328883
11209,model_4b,0.0807,0.16577347
11210,model_4b,0.2676,0.29137668
11211,model_4b,0.0371,-0.013317705
11212,model_4b,0.3336,0.18550682
11213,model_4b,0.2569,0.23589732
11214,model_4b,0.348,0.27495298
11215,model_4b,0.5071,0.5044595
11216,model_4b,0.0782,0.07434198
11217,model_4b,0.4709,0.38834864
11218,model_4b,-0.0239,-0.0029906714
11219,model_4b,0.1928,0.20684426
11220,model_4b,0.0225,-0.0067007104
11221,model_4b,-0.0389,0.021955345
11222,model_4b,0.4735,0.45945263
11223,model_4b,0.1408,0.17928658
11224,model_4b,0.8831,0.88105816
11225,model_4b,0.037,0.024739549
11226,model_4b,0.3199,0.26211303
11227,model_4b,0.0834,0.03388329
11228,model_4b,0.2327,0.1982566
11229,model_4b,0.9058,0.86627656
11230,model_4b,0.3432,0.30263746
11231,model_4b,0.5666,0.649052
11232,model_4b,0.2939,0.32919905
11233,model_4b,0.1295,0.09119649
11234,model_4b,0.0317,0.0245906
11235,model_4b,0.3671,0.37533075
11236,model_4b,0.1248,0.15928438
11237,model_4b,0.6174,0.5578468
11238,model_4b,0.0598,0.072033264
11239,model_4b,0.1877,0.1879536
11240,model_4b,0.105,0.046641737
11241,model_4b,0.4395,0.40470758
11242,model_4b,0.0908,0.120010376
11243,model_4b,0.3508,0.3826393
11244,model_4b,0.3978,0.3655386
11245,model_4b,-0.1665,-0.16644825
11246,model_4b,0.31,0.3428814
11247,model_4b,0.4222,0.5222946
11248,model_4b,0.1232,0.12065843
11249,model_4b,0.3391,0.35119227
11250,model_4b,0.549,0.54043806
11251,model_4b,0.1009,0.050302763
11252,model_4b,-0.0518,-0.046923056
11253,model_4b,-0.0276,0.00878024
11254,model_4b,0.2821,0.2599622
11255,model_4b,0.7468,0.73998374
11256,model_4b,-0.0742,-0.114572495
11257,model_4b,0.1005,0.09364858
11258,model_4b,0.1921,0.2021422
11259,model_4b,0.8607,0.8613041
11260,model_4b,0.7758,0.7535877
11261,model_4b,0.2861,0.31425288
11262,model_4b,0.2767,0.23419325
11263,model_4b,0.0951,0.19461186
11264,model_4b,0.5097,0.5124465
11265,model_4b,0.0357,0.015376468
11266,model_4b,-0.0165,0.0928376
11267,model_4b,-0.1478,-0.09922044
11268,model_4b,0.1299,0.15797614
11269,model_4b,0.2679,0.2704462
11270,model_4b,0.0111,0.033106327
11271,model_4b,-0.0681,-0.120959714
11272,model_4b,0.1707,0.20754202
11273,model_4b,0.3304,0.26037276
11274,model_4b,0.3407,0.33221897
11275,model_4b,0.398,0.35146904
11276,model_4b,0.1057,0.121479705
11277,model_4b,0.259,0.26187024
11278,model_4b,0.3918,0.331971
11279,model_4b,0.4796,0.50403816
11280,model_4b,0.0013,0.1705562
11281,model_4b,0.1598,0.17996632
11282,model_4b,0.5673,0.5349827
11283,model_4b,-0.0845,-0.07437096
11284,model_4b,0.188,0.17509653
11285,model_4b,0.5427,0.5013033
11286,model_4b,-0.1603,-0.13113673
11287,model_4b,0.4978,0.42231876
11288,model_4b,0.1261,0.12381928
11289,model_4b,1.1149,0.85118777
11290,model_4b,-0.1663,-0.1582361
11291,model_4b,-0.0119,0.124709144
11292,model_4b,-0.0326,-0.027707044
11293,model_4b,0.3459,0.29519087
11294,model_4b,0.0157,0.042868353
11295,model_4b,0.4001,0.3592075
11296,model_4b,-0.0279,-0.037294053
11297,model_4b,0.4198,0.45607826
11298,model_4b,0.2493,0.24875651
11299,model_4b,0.1426,0.17632525
11300,model_4b,0.0584,0.064160496
11301,model_4b,0.4356,0.41551524
11302,model_4b,0.1632,0.17289759
11303,model_4b,0.3685,0.3576264
11304,model_4b,0.0774,0.06536763
11305,model_4b,0.103,0.07640578
11306,model_4b,0.091,0.057371825
11307,model_4b,0.4157,0.405883
11308,model_4b,0.4915,0.4522112
11309,model_4b,0.3208,0.32712793
11310,model_4b,-0.0642,-0.04111235
11311,model_4b,0.3818,0.44116092
11312,model_4b,0.3244,0.33550155
11313,model_4b,0.3363,0.41620585
11314,model_4b,0.3247,0.25520715
11315,model_4b,0.5227,0.46422538
11316,model_4b,0.0922,0.12861164
11317,model_4b,-0.0668,0.015680857
11318,model_4b,0.0966,0.15081705
11319,model_4b,0.0583,0.062335297
11320,model_4b,0.6074,0.6539758
11321,model_4b,0.0248,0.060165733
11322,model_4b,0.5441,0.55427307
11323,model_4b,0.3205,0.29261628
11324,model_4b,0.3632,0.20793298
11325,model_4b,0.0903,0.10943982
11326,model_4b,0.3414,0.31861013
11327,model_4b,0.289,0.283314
11328,model_4b,0.1289,0.1490727
11329,model_4b,0.2957,0.05464652
11330,model_4b,0.1742,0.123324946
11331,model_4b,0.3178,0.31098032
11332,model_4b,0.1158,0.09162902
11333,model_4b,0.1374,0.09437792
11334,model_4b,0.159,0.1364257
11335,model_4b,0.3305,0.25893784
11336,model_4b,-0.199,-0.19679461
11337,model_4b,0.5141,0.44577566
11338,model_4b,-0.0726,-0.0676879
11339,model_4b,0.9068,0.8722231
11340,model_4b,0.431,0.43443024
11341,model_4b,0.2753,0.28339398
11342,model_4b,0.5012,0.48784047
11343,model_4b,0.1876,0.16050647
11344,model_4b,0.2049,0.2391611
11345,model_4b,0.2423,0.1804076
11346,model_4b,0.0304,0.016428683
11347,model_4b,0.0448,0.07863031
11348,model_4b,-0.001,-0.004167893
11349,model_4b,0.2764,0.239939
11350,model_4b,0.2038,0.15127246
11351,model_4b,0.3635,0.33889732
11352,model_4b,0.1029,0.13289087
11353,model_4b,-0.149,-0.13892728
11354,model_4b,0.2571,0.2718081
11355,model_4b,0.378,0.34036696
11356,model_4b,-0.001,-0.013859066
11357,model_4b,0.3118,0.31555498
11358,model_4b,-0.0163,-0.041522592
11359,model_4b,0.3748,0.38085878
11360,model_4b,0.4103,0.3730294
11361,model_4b,0.1265,0.101052925
11362,model_4b,0.1366,0.11213976
11363,model_4b,0.1944,0.21186979
11364,model_4b,-0.0655,-0.12163553
11365,model_4b,0.1574,0.1391579
11366,model_4b,0.6748,0.6924639
11367,model_4b,0.3382,0.29452235
11368,model_4b,0.0865,0.10799806
11369,model_4b,0.0168,0.28776994
11370,model_4b,-0.0505,0.01278003
11371,model_4b,0.3118,0.3076914
11372,model_4b,0.4521,0.47623312
11373,model_4b,0.19,0.2050363
11374,model_4b,0.2891,0.3233115
11375,model_4b,0.6117,0.59328514
11376,model_4b,0.8619,0.88488394
11377,model_4b,-0.1676,-0.15232147
11378,model_4b,0.1286,0.11575014
11379,model_4b,0.3544,0.32952708
11380,model_4b,0.214,0.29646385
11381,model_4b,0.1411,0.10998884
11382,model_4b,0.0737,0.05105043
11383,model_4b,0.241,0.23133908
11384,model_4b,0.0041,0.02408889
11385,model_4b,0.1638,0.2127892
11386,model_4b,0.1557,0.09696707
11387,model_4b,0.6845,0.65833825
11388,model_4b,0.005,0.02394035
11389,model_4b,-0.1989,-0.18776926
11390,model_4b,0.1107,0.09623346
11391,model_4b,0.2336,0.23823217
11392,model_4b,0.1182,0.14010371
11393,model_4b,0.2438,0.18798067
11394,model_4b,0.355,0.34792316
11395,model_4b,0.2675,0.20932528
11396,model_4b,0.6704,0.6286187
11397,model_4b,0.8743,0.8734817
11398,model_4b,-0.0202,0.12926622
11399,model_4b,0.7464,0.69662195
11400,model_4b,-0.0334,0.0074381614
11401,model_4b,0.6194,0.64603734
11402,model_4b,0.2175,0.10048911
11403,model_4b,0.4729,0.47863802
11404,model_4b,0.2485,0.240259
11405,model_4b,0.3097,0.32971108
11406,model_4b,0.162,0.12491192
11407,model_4b,0.1052,0.12089905
11408,model_4b,0.206,0.1711459
11409,model_4b,0.2191,0.1990488
11410,model_4b,0.1877,0.16469035
11411,model_4b,0.006,0.053349197
11412,model_4b,0.4585,0.46121743
11413,model_4b,-0.0777,-0.12433441
11414,model_4b,0.1722,0.09674668
11415,model_4b,0.1772,0.19777636
11416,model_4b,0.022,0.017522704
11417,model_4b,0.0057,0.00047562737
11418,model_4b,0.6311,0.60878146
11419,model_4b,0.2829,0.23311335
11420,model_4b,0.1227,0.17821576
11421,model_4b,0.1707,0.17479126
11422,model_4b,0.42,0.41018024
11423,model_4b,0.0278,0.0027818652
11424,model_4b,0.2645,0.25433612
11425,model_4b,0.0886,0.07382949
11426,model_4b,0.4786,0.47841975
11427,model_4b,0.2481,0.25699878
11428,model_4b,0.9944,1.0466384
11429,model_4b,0.7653,0.8205586
11430,model_4b,0.9508,0.972724
11431,model_4b,0.1723,0.22944663
11432,model_4b,0.6396,0.6834343
11433,model_4b,0.6683,0.6441061
11434,model_4b,0.0043,0.018979914
11435,model_4b,-0.0599,0.034005143
11436,model_4b,0.2165,0.255576
11437,model_4b,0.1348,0.115427576
11438,model_4b,0.3933,0.4207066
11439,model_4b,0.1752,0.14747699
11440,model_4b,0.0134,0.051637556
11441,model_4b,0.5965,0.5429492
11442,model_4b,0.2806,0.18909352
11443,model_4b,-0.2259,-0.1932549
11444,model_4b,0.3369,0.33999002
11445,model_4b,-0.1075,-0.08852729
11446,model_4b,0.0716,0.09956436
11447,model_4b,0.2196,0.21173127
11448,model_4b,0.5954,0.6242155
11449,model_4b,0.4503,0.41713563
11450,model_4b,0.4573,0.43872297
11451,model_4b,-0.114,-0.18731281
11452,model_4b,0.4692,0.4048767
11453,model_4b,0.4236,0.4314568
11454,model_4b,0.1654,0.22174492
11455,model_4b,0.5159,0.5019248
11456,model_4b,-0.0773,-0.10149345
11457,model_4b,0.2111,0.23782495
11458,model_4b,0.2347,0.26720348
11459,model_4b,0.399,0.37218207
11460,model_4b,0.0505,0.044686813
11461,model_4b,0.2536,0.19950345
11462,model_4b,0.1721,0.17675541
11463,model_4b,0.2293,0.24830462
11464,model_4b,0.3645,0.30475897
11465,model_4b,-0.2013,-0.17422047
11466,model_4b,0.4368,0.50546026
11467,model_4b,0.5238,0.5166535
11468,model_4b,0.6141,0.5959727
11469,model_4b,0.0623,0.12062964
11470,model_4b,-0.0022,-0.0059729973
11471,model_4b,0.0771,0.08439709
11472,model_4b,0.3603,0.33291346
11473,model_4b,0.776,0.80314475
11474,model_4b,0.2837,0.3382036
11475,model_4b,0.162,0.14652395
11476,model_4b,0.4903,0.41656584
11477,model_4b,0.096,0.07392118
11478,model_4b,-0.0188,-0.024131168
11479,model_4b,0.0193,0.010634624
11480,model_4b,0.1454,0.11223739
11481,model_4b,0.2203,0.24700375
11482,model_4b,0.3782,0.40728223
11483,model_4b,0.1081,0.08703172
11484,model_4b,-0.0662,-0.08577791
11485,model_4b,0.6191,0.5767082
11486,model_4b,-0.0491,-0.052804694
11487,model_4b,0.1175,0.17689082
11488,model_4b,0.4576,0.50604373
11489,model_4b,0.2655,0.28810245
11490,model_4b,0.271,0.25813454
11491,model_4b,0.2974,0.22601324
11492,model_4b,0.1548,0.15674314
11493,model_4b,0.1891,0.28086385
11494,model_4b,0.8132,0.8190885
11495,model_4b,0.3302,0.34008422
11496,model_4b,-0.0447,-0.06304031
11497,model_4b,0.1673,0.17489696
11498,model_4b,0.2428,0.23407423
11499,model_4b,0.0579,0.08104396
11500,model_4b,0.6647,0.66910285
11501,model_4b,0.051,0.027916051
11502,model_4b,0.2837,0.21520467
11503,model_4b,-0.0534,0.07558818
11504,model_4b,-0.2682,-0.26263037
11505,model_4b,0.1501,0.11664641
11506,model_4b,0.2098,0.19818585
11507,model_4b,0.1311,0.17870589
11508,model_4b,0.3802,0.40313476
11509,model_4b,0.5262,0.54517
11510,model_4b,0.4179,0.38262215
11511,model_4b,0.0619,0.14766592
11512,model_4b,0.1194,0.09725985
11513,model_4b,0.215,0.17697527
11514,model_4b,0.0761,0.12936531
11515,model_4b,0.0706,0.06797533
11516,model_4b,0.0537,0.09081887
11517,model_4b,0.1886,0.20787261
11518,model_4b,0.5257,0.5029858
11519,model_4b,0.6605,0.6939219
11520,model_4b,0.1618,0.12538421
11521,model_4b,0.0333,0.050606012
11522,model_4b,0.1143,0.08220288
11523,model_4b,0.0272,0.036708534
11524,model_4b,0.5085,0.543132
11525,model_4b,0.3091,0.31767634
11526,model_4b,0.3816,0.26288348
11527,model_4b,0.4603,0.4650677
11528,model_4b,0.157,0.16052817
11529,model_4b,0.527,0.53002465
11530,model_4b,0.0384,-0.10390159
11531,model_4b,0.7046,0.7184828
11532,model_4b,-0.0417,-0.046479918
11533,model_4b,0.2511,0.23779637
11534,model_4b,0.3258,0.2989598
11535,model_4b,0.2083,0.2553763
11536,model_4b,0.2428,0.2638021
11537,model_4b,0.1319,0.0774039
11538,model_4b,-0.0217,-0.035802472
11539,model_4b,0.5947,0.5820118
11540,model_4b,0.3167,0.27495506
11541,model_4b,0.1356,0.14197023
11542,model_4b,0.1559,0.1663308
11543,model_4b,0.37,0.3765058
11544,model_4b,0.2728,0.24531175
11545,model_4b,0.0136,0.0077086957
11546,model_4b,-0.0551,0.00016959291
11547,model_4b,0.2897,0.3000847
11548,model_4b,0.1699,0.19956605
11549,model_4b,0.4788,0.4484067
11550,model_4b,0.2873,0.21690126
11551,model_4b,0.0919,0.09446539
11552,model_4b,0.4234,0.33345985
11553,model_4b,0.4921,0.5257724
11554,model_4b,0.1038,0.10470219
11555,model_4b,0.0676,0.08064383
11556,model_4b,0.1953,0.20242737
11557,model_4b,0.7143,0.70187026
11558,model_4b,0.3217,0.32605517
11559,model_4b,0.0417,0.07907165
11560,model_4b,0.2364,0.21975912
11561,model_4b,0.0036,0.03618336
11562,model_4b,0.7117,0.7153645
11563,model_4b,0.1059,0.103897475
11564,model_4b,-0.0234,0.012923972
11565,model_4b,0.3358,0.34663662
11566,model_4b,0.2895,0.23842262
11567,model_4b,0.4581,0.435762
11568,model_4b,0.065,0.062002182
11569,model_4b,0.114,0.20312561
11570,model_4b,0.048,0.06453134
11571,model_4b,0.1708,0.17030324
11572,model_4b,0.1106,0.10050981
11573,model_4b,0.529,0.5120981
11574,model_4b,0.0318,0.060691066
11575,model_4b,0.3154,0.38662767
11576,model_4b,0.1019,0.12899972
11577,model_4b,0.1684,0.1402006
11578,model_4b,0.3117,0.3500096
11579,model_4b,0.2291,0.38315013
11580,model_4b,0.6071,0.6096059
11581,model_4b,0.1696,0.1651841
11582,model_4b,0.2293,0.2012086
11583,model_4b,0.1625,0.12755756
11584,model_4b,0.4524,0.4592442
11585,model_4b,0.1709,0.16653965
11586,model_4b,-0.1447,-0.10954761
11587,model_4b,0.1709,0.17271638
11588,model_4b,0.113,0.16294095
11589,model_4b,0.1158,0.046687916
11590,model_4b,0.467,0.49515426
11591,model_4b,0.2428,0.18831146
11592,model_4b,0.7755,0.69941646
11593,model_4b,0.3484,0.3410254
11594,model_4b,0.9593,0.9932024
11595,model_4b,0.0991,0.08226152
11596,model_4b,0.303,0.28136426
11597,model_4b,0.4121,0.4480279
11598,model_4b,0.0886,0.08828685
11599,model_4b,0.2694,0.23877923
11600,model_4b,0.125,0.095889
11601,model_4b,0.0156,-0.022257272
11602,model_4b,0.1642,0.35600126
11603,model_4b,0.2791,0.28267238
11604,model_4b,0.0876,0.07577208
11605,model_4b,0.2815,0.25713384
11606,model_4b,0.0485,0.07221027
11607,model_4b,0.3775,0.37103036
11608,model_4b,0.1896,0.19275175
11609,model_4b,-0.0798,-0.082931824
11610,model_4b,0.9095,0.9012426
11611,model_4b,0.0975,0.08758285
11612,model_4b,0.1048,0.13195331
11613,model_4b,0.1603,0.18926479
11614,model_4b,0.1898,0.19563504
11615,model_4b,0.3441,0.37998205
11616,model_4b,0.1022,0.09536689
11617,model_4b,0.6464,0.66427696
11618,model_4b,0.3675,0.3514154
11619,model_4b,0.1349,0.1327758
11620,model_4b,0.216,0.24772193
11621,model_4b,0.475,0.4551632
11622,model_4b,0.3702,0.38119608
11623,model_4b,0.3929,0.3897037
11624,model_4b,0.0533,-0.010231144
11625,model_4b,0.5746,0.58431745
11626,model_4b,0.17,0.19535026
11627,model_4b,0.2161,0.25799906
11628,model_4b,0.0725,0.08461921
11629,model_4b,0.003,-0.019257974
11630,model_4b,0.319,0.29851913
11631,model_4b,0.1522,0.10100175
11632,model_4b,0.4052,0.4986152
11633,model_4b,0.0293,0.004696929
11634,model_4b,0.3751,0.33022112
11635,model_4b,0.3787,0.36480352
11636,model_4b,-0.1232,-0.03132119
11637,model_4b,0.1062,0.0850266
11638,model_4b,-0.0854,-0.025446959
11639,model_4b,0.2235,0.24203266
11640,model_4b,0.3085,0.29758793
11641,model_4b,0.2658,0.23404653
11642,model_4b,0.4202,0.39589864
11643,model_4b,0.2486,0.18901281
11644,model_4b,-0.1036,0.09293035
11645,model_4b,0.0603,0.046486765
11646,model_4b,0.0417,0.07526255
11647,model_4b,0.1595,0.13197085
11648,model_4b,0.1782,0.15239029
11649,model_4b,0.153,0.11474837
11650,model_4b,0.149,0.1618505
11651,model_4b,0.0873,0.05514293
11652,model_4b,0.0858,0.08883977
11653,model_4b,0.2409,0.21482842
11654,model_4b,-0.0398,0.007649121
11655,model_4b,0.3925,0.40448576
11656,model_4b,0.2143,0.21584748
11657,model_4b,-0.1957,-0.18932532
11658,model_4b,0.0472,0.0723177
11659,model_4b,0.6488,0.6407159
11660,model_4b,0.0998,0.14298831
11661,model_4b,0.2083,0.20795618
11662,model_4b,0.6853,0.7328789
11663,model_4b,0.4074,0.3958325
11664,model_4b,0.4462,0.41679198
11665,model_4b,0.0999,0.09630494
11666,model_4b,0.2391,0.22801153
11667,model_4b,0.2243,0.18484928
11668,model_4b,0.3835,0.40846252
11669,model_4b,0.1917,0.2241753
11670,model_4b,0.4574,0.49785
11671,model_4b,0.8432,0.8427438
11672,model_4b,0.4905,0.4745803
11673,model_4b,0.0273,0.038100474
11674,model_4b,0.1601,0.20928548
11675,model_4b,0.3144,0.21117696
11676,model_4b,0.3617,0.4054985
11677,model_4b,0.1558,0.13109799
11678,model_4b,0.0412,-0.004985447
11679,model_4b,0.3156,0.28068542
11680,model_4b,0.1165,0.09165193
11681,model_4b,-0.1168,-0.11934249
11682,model_4b,0.1257,0.13176924
11683,model_4b,0.3255,0.2572705
11684,model_4b,0.3503,0.3431114
11685,model_4b,0.6876,0.66727525
11686,model_4b,-0.0813,-0.08578281
11687,model_4b,0.0711,0.02841866
11688,model_4b,0.7033,0.74442893
11689,model_4b,0.0917,0.06802676
11690,model_4b,0.8238,0.8732719
11691,model_4b,0.3047,0.32181814
11692,model_4b,0.1768,0.108641535
11693,model_4b,0.3666,0.39445013
11694,model_4b,0.3013,0.30998588
11695,model_4b,0.1511,0.12652378
11696,model_4b,-0.0287,0.018902574
11697,model_4b,0.3471,0.30739728
11698,model_4b,0.321,0.34084505
11699,model_4b,0.0147,0.043553583
11700,model_4b,0.4653,0.48305535
11701,model_4b,0.1572,0.17079778
11702,model_4b,0.0295,0.048904546
11703,model_4b,-0.159,-0.11806686
11704,model_4b,0.5776,0.653009
11705,model_4b,0.0433,0.0672784
11706,model_4b,0.3461,0.3385008
11707,model_4b,0.0217,0.02347958
11708,model_4b,0.2392,0.21153343
11709,model_4b,0.2279,0.17987625
11710,model_4b,0.2365,0.290578
11711,model_4b,0.2869,0.3648548
11712,model_4b,0.005,-0.031198792
11713,model_4b,0.2857,0.2706965
11714,model_4b,0.4109,0.4554587
11715,model_4b,0.0718,0.060272515
11716,model_4b,-0.0082,-0.031711545
11717,model_4b,0.4885,0.38967082
11718,model_4b,0.2314,0.17626508
11719,model_4b,0.0997,0.048941318
11720,model_4b,0.4104,0.4016984
11721,model_4b,-0.0849,-0.07164581
11722,model_4b,0.5418,0.544251
11723,model_4b,0.1985,0.18253514
11724,model_4b,-0.023,0.0128957005
11725,model_4b,0.2228,0.24656697
11726,model_4b,0.4315,0.40642625
11727,model_4b,0.3684,0.3743332
11728,model_4b,-0.0106,0.29913116
11729,model_4b,0.0958,0.110855356
11730,model_4b,0.4557,0.48889816
11731,model_4b,0.593,0.64305925
11732,model_4b,0.251,0.29292917
11733,model_4b,0.2243,0.22727077
11734,model_4b,0.0353,0.014344388
11735,model_4b,0.0268,0.046717674
11736,model_4b,0.0337,0.082104206
11737,model_4b,0.0592,0.114629
11738,model_4b,0.1011,0.12677275
11739,model_4b,0.0995,0.08830682
11740,model_4b,0.365,0.32978898
11741,model_4b,0.1736,0.19786562
11742,model_4b,0.0602,0.023647945
11743,model_4b,0.0903,0.12233476
11744,model_4b,-0.0102,0.016903762
11745,model_4b,0.3178,0.26801556
11746,model_4b,0.512,0.49810177
11747,model_4b,0.1552,0.2509302
11748,model_4b,0.4109,0.35973233
11749,model_4b,0.7805,0.7975312
11750,model_4b,0.4164,0.4204052
11751,model_4b,0.0548,0.30596405
11752,model_4b,0.0408,0.036141787
11753,model_4b,0.1394,0.1255322
11754,model_4b,0.2527,0.21321912
11755,model_4b,0.0668,0.053266328
11756,model_4b,0.7044,0.64476806
11757,model_4b,0.1543,0.112414256
11758,model_4b,-0.046,-0.049041804
11759,model_4b,0.0436,0.031390365
11760,model_4b,0.0826,0.012937087
11761,model_4b,0.1611,0.11058524
11762,model_4b,0.0491,0.039430354
11763,model_4b,0.0986,0.10932721
11764,model_4b,0.1751,0.12931208
11765,model_4b,-0.0325,-0.03756877
11766,model_4b,0.312,0.2613969
11767,model_4b,0.3171,0.24407502
11768,model_4b,-1e-04,-0.027067255
11769,model_4b,0.3182,0.26615396
11770,model_4b,0.7026,0.6289922
11771,model_4b,0.0734,0.105242774
11772,model_4b,0.9063,0.93539935
11773,model_4b,-0.0336,-0.038980708
11774,model_4b,0.5062,0.5199042
11775,model_4b,0.3705,0.2776782
11776,model_4b,0.3183,0.3031637
11777,model_4b,0.1873,0.20799302
11778,model_4b,0.3317,0.26115912
11779,model_4b,0.0357,0.079153515
11780,model_4b,-0.1047,-0.03756366
11781,model_4b,0.1237,0.114379905
11782,model_4b,1.0423,1.0076007
11783,model_4b,0.9443,0.98630106
11784,model_4b,0.7544,0.7393316
11785,model_4b,0.5172,0.5280939
11786,model_4b,0.1602,0.13901724
11787,model_4b,0.116,0.15542276
11788,model_4b,0.4788,0.4183434
11789,model_4b,0.1521,0.20473893
11790,model_4b,0.3555,0.391306
11791,model_4b,-0.1877,-0.18662782
11792,model_4b,0.1146,0.14291577
11793,model_4b,0.6791,0.664229
11794,model_4b,0.2011,0.19381644
11795,model_4b,0.2658,0.16606434
11796,model_4b,0.3303,0.44590294
11797,model_4b,0.2502,0.244817
11798,model_4b,0.3003,0.37221313
11799,model_4b,0.1146,0.05375439
11800,model_4b,0.3595,0.305494
11801,model_4b,0.1464,0.17109497
11802,model_4b,0.0922,0.18154293
11803,model_4b,0.7619,0.78327864
11804,model_4b,0.0861,0.092864245
11805,model_4b,0.306,0.30621067
11806,model_4b,0.062,0.107393086
11807,model_4b,0.183,0.06027475
11808,model_4b,0.2923,0.34249783
11809,model_4b,0.608,0.593375
11810,model_4b,0.2762,0.27409774
11811,model_4b,0.5089,0.45785967
11812,model_4b,0.2848,0.3176181
11813,model_4b,0.4641,0.44801983
11814,model_4b,0.0877,0.13711213
11815,model_4b,0.233,0.2396208
11816,model_4b,0.2356,0.25754574
11817,model_4b,0.2723,0.28749985
11818,model_4b,0.0371,0.06374726
11819,model_4b,0.0948,0.12220451
11820,model_4b,0.1558,0.08294143
11821,model_4b,0.2235,0.2529265
11822,model_4b,0.0767,0.080743894
11823,model_4b,0.1009,0.08497176
11824,model_4b,0.0842,0.095169164
11825,model_4b,0.2114,0.11823127
11826,model_4b,0.4335,0.427867
11827,model_4b,0.3325,0.34271255
11828,model_4b,0.9521,0.8252921
11829,model_4b,0.0018,0.007544418
11830,model_4b,0.1956,0.19227956
11831,model_4b,0.1691,0.14042197
11832,model_4b,-0.0383,-0.056774125
11833,model_4b,0.037,0.079155974
11834,model_4b,0.2242,0.13332416
11835,model_4b,0.1952,0.17874028
11836,model_4b,0.465,0.3554434
11837,model_4b,0.7616,0.7337715
11838,model_4b,0.534,0.59666306
11839,model_4b,0.2078,0.25914788
11840,model_4b,0.0984,0.08755389
11841,model_4b,0.5467,0.5521199
11842,model_4b,0.7601,0.74578655
11843,model_4b,0.2498,0.2989493
11844,model_4b,0.1477,0.24912767
11845,model_4b,0.0578,0.0873509
11846,model_4b,0.1773,0.16411613
11847,model_4b,0.1059,0.09325601
11848,model_4b,0.9553,0.97001517
11849,model_4b,0.2169,0.15706535
11850,model_4b,0.4745,0.46692294
11851,model_4b,-0.0708,0.013119307
11852,model_4b,0.2137,0.22575165
11853,model_4b,-0.0833,-0.002089235
11854,model_4b,0.2997,0.35292378
11855,model_4b,0.1491,0.16459037
11856,model_4b,0.507,0.5113316
11857,model_4b,0.0628,0.079782225
11858,model_4b,-0.2071,-0.19336925
11859,model_4b,0.0451,0.001848883
11860,model_4b,0.295,0.28545836
11861,model_4b,-0.0022,-0.022063076
11862,model_4b,0.0125,-0.010472448
11863,model_4b,0.2333,0.24007045
11864,model_4b,0.0809,0.14120384
11865,model_4b,0.2365,0.2090321
11866,model_4b,0.108,-0.07545696
11867,model_4b,0.3838,0.36724544
11868,model_4b,0.4012,0.3343587
11869,model_4b,0.5127,0.5348305
11870,model_4b,0.127,0.11765134
11871,model_4b,0.0713,0.054660507
11872,model_4b,-0.0928,-0.01662596
11873,model_4b,0.1757,0.29958883
11874,model_4b,0.1351,0.14681046
11875,model_4b,0.9771,0.8923514
11876,model_4b,0.1313,0.15659074
11877,model_4b,0.2147,0.17826323
11878,model_4b,0.2093,0.23063782
11879,model_4b,0.4627,0.4354117
11880,model_4b,-0.1959,-0.19643195
11881,model_4b,-0.1146,-0.09056165
11882,model_4b,0.5569,0.55949086
11883,model_4b,0.7598,0.7781845
11884,model_4b,0.137,0.15693651
11885,model_4b,0.1325,0.1017682
11886,model_4b,0.1731,0.19672711
11887,model_4b,-0.1352,-0.15807734
11888,model_4b,0.3547,0.35188192
11889,model_4b,0.727,0.76840407
11890,model_4b,0.3951,0.37880218
11891,model_4b,0.3512,0.34458363
11892,model_4b,0.5255,0.5465375
11893,model_4b,0.2186,0.24029164
11894,model_4b,0.3345,0.267946
11895,model_4b,-0.0339,-0.011687971
11896,model_4b,0.1597,0.14097504
11897,model_4b,0.2647,0.32661384
11898,model_4b,0.2557,0.27487165
11899,model_4b,0.0686,0.072931975
11900,model_4b,0.1508,0.20923574
11901,model_4b,0.1913,0.2066732
11902,model_4b,0.3069,0.33483696
11903,model_4b,0.0586,0.08252041
11904,model_4b,0.0413,0.06600485
11905,model_4b,0.7071,0.717442
11906,model_4b,0.6158,0.60990256
11907,model_4b,0.0511,0.048200853
11908,model_4b,0.153,0.027223535
11909,model_4b,0.3946,0.35952246
11910,model_4b,0.1342,0.19049041
11911,model_4b,0.3712,0.3585393
11912,model_4b,0.1076,0.14287752
11913,model_4b,0.3683,0.29531336
11914,model_4b,0.3326,0.35353282
11915,model_4b,0.2097,0.23133297
11916,model_4b,0.3543,0.36788106
11917,model_4b,-0.0182,0.10200405
11918,model_4b,0.314,0.33746457
11919,model_4b,0.26,0.21390809
11920,model_4b,0.0417,0.04327367
11921,model_4b,0.9621,1.0190896
11922,model_4b,0.1104,0.098641515
11923,model_4b,0.0868,0.07213241
11924,model_4b,0.2733,0.27833953
11925,model_4b,0.1143,0.11757794
11926,model_4b,0.2761,0.2811999
11927,model_4b,-0.0071,0.044083532
11928,model_4b,-0.0521,0.0039340397
11929,model_4b,0.0374,0.069322795
11930,model_4b,0.0691,0.10469105
11931,model_4b,0.3538,0.32232058
11932,model_4b,0.0748,0.11142459
11933,model_4b,0.3632,0.3426824
11934,model_4b,0.4813,0.43850192
11935,model_4b,0.03,0.028556347
11936,model_4b,0.343,0.36490855
11937,model_4b,0.0804,0.07661009
11938,model_4b,0.5401,0.49094552
11939,model_4b,0.0466,0.046632603
11940,model_4b,-0.1724,-0.12410617
11941,model_4b,0.5453,0.55842304
11942,model_4b,0.8049,0.73187286
11943,model_4b,0.0429,0.015510707
11944,model_4b,0.2047,0.098703295
11945,model_4b,0.0531,0.097721174
11946,model_4b,0.1167,0.10529264
11947,model_4b,0.3222,0.30699337
11948,model_4b,0.8294,0.9064465
11949,model_4b,0.3726,0.36593664
11950,model_4b,0.077,0.048902705
11951,model_4b,0.0653,0.0690646
11952,model_4b,0.3871,0.44365156
11953,model_4b,0.3854,0.37185508
11954,model_4b,0.3677,0.38368338
11955,model_4b,0.1539,0.13161531
11956,model_4b,0.0157,0.026233215
11957,model_4b,0.0494,0.07054523
11958,model_4b,0.3474,0.34937802
11959,model_4b,-0.0826,-0.06694357
11960,model_4b,0.3704,0.42972416
11961,model_4b,0.2125,0.16793562
11962,model_4b,0.0805,0.04888342
11963,model_4b,0.2033,0.46439368
11964,model_4b,0.0865,0.12490083
11965,model_4b,0.0505,0.11259135
11966,model_4b,0.0158,0.033509936
11967,model_4b,0.2868,0.22284627
11968,model_4b,0.5765,0.5373735
11969,model_4b,0.4482,0.40426725
11970,model_4b,0.1104,0.14970635
11971,model_4b,0.0525,0.048684068
11972,model_4b,0.257,0.29071113
11973,model_4b,-0.0257,-0.072628826
11974,model_4b,0.4437,0.47103122
11975,model_4b,0.0862,0.16802631
11976,model_4b,-0.0631,0.04041961
11977,model_4b,0.1411,0.21137194
11978,model_4b,0.2443,0.21203221
11979,model_4b,0.1559,0.15673237
11980,model_4b,0.0694,0.08459352
11981,model_4b,0.1802,0.2127228
11982,model_4b,0.1957,0.18593965
11983,model_4b,0.6495,0.5985975
11984,model_4b,0.0289,0.07055068
11985,model_4b,-0.0381,0.013715192
11986,model_4b,0.7517,0.7579981
11987,model_4b,0.1402,0.17477389
11988,model_4b,0.1915,0.04966826
11989,model_4b,0.1314,0.12644967
11990,model_4b,0.6158,0.61487734
11991,model_4b,0.1766,0.1682558
11992,model_4b,0.3239,0.27314246
11993,model_4b,0.4011,0.42725807
11994,model_4b,0.3023,0.35468298
11995,model_4b,0.0257,0.0034498228
11996,model_4b,0.1641,0.12965728
11997,model_4b,0.1688,0.164486
11998,model_4b,0.1972,0.2361753
11999,model_4b,0.3209,0.31156492
12000,model_4b,0.0824,0.10138916
12001,model_4b,-0.2574,-0.2810852
12002,model_4b,0.2357,0.37707382
12003,model_4b,-0.0537,-0.030732352
12004,model_4b,0.1384,0.14601995
12005,model_4b,0.2704,0.22823709
12006,model_4b,0.0492,0.036386866
12007,model_4b,0.4292,0.41634834
12008,model_4b,0.0561,-0.05382123
12009,model_4b,0.422,0.43018273
12010,model_4b,0.1621,0.116024986
12011,model_4b,0.4694,0.46203977
12012,model_4b,0.6701,0.63774973
12013,model_4b,0.2897,0.19056596
12014,model_4b,0.0851,0.056239165
12015,model_4b,0.444,0.50146484
12016,model_4b,0.1751,0.17805211
12017,model_4b,0.2739,0.28214705
12018,model_4b,0.2062,0.17381005
12019,model_4b,0.3186,0.3082454
12020,model_4b,0.4658,0.28329515
12021,model_4b,0.1108,0.14336492
12022,model_4b,0.3058,0.3054527
12023,model_4b,0.0073,-0.024324331
12024,model_4b,0.1669,0.122280434
12025,model_4b,0.1436,0.1523215
12026,model_4b,0.1688,0.1748152
12027,model_4b,0.5488,0.5432254
12028,model_4b,0.1483,0.06850767
12029,model_4b,0.1801,0.16112845
12030,model_4b,0.2856,0.2517895
12031,model_4b,0.1723,0.14638157
12032,model_4b,-0.003,0.036287904
12033,model_4b,0.0877,0.068756655
12034,model_4b,0.5325,0.40581316
12035,model_4b,0.4467,0.4761557
12036,model_4b,0.2161,0.2532216
12037,model_4b,0.0731,0.095131606
12038,model_4b,0.324,0.3001442
12039,model_4b,0.5059,0.5900399
12040,model_4b,0.3098,0.30901995
12041,model_4b,0.6702,0.6758941
12042,model_4b,0.4454,0.44235972
12043,model_4b,0.482,0.4909204
12044,model_4b,0.1827,0.18548435
12045,model_4b,0.2382,0.233027
12046,model_4b,0.062,0.05895622
12047,model_4b,0.0764,0.20590332
12048,model_4b,0.9909,0.97408324
12049,model_4b,0.0017,0.106154546
12050,model_4b,0.0725,0.10547599
12051,model_4b,0.6986,0.68719417
12052,model_4b,0.1026,0.08516912
12053,model_4b,0.2602,0.3340387
12054,model_4b,0.1597,0.1483145
12055,model_4b,0.0999,0.11690746
12056,model_4b,0.105,0.034253657
12057,model_4b,0.1339,0.1529286
12058,model_4b,0.7248,0.718798
12059,model_4b,0.3623,0.28164145
12060,model_4b,-0.0926,-0.061057888
12061,model_4b,0.5097,0.41053367
12062,model_4b,0.6611,0.6728719
12063,model_4b,0.1565,0.14046626
12064,model_4b,0.2494,0.26761088
12065,model_4b,0.4328,0.40094423
12066,model_4b,0.0906,0.08666602
12067,model_4b,0.2333,0.18739563
12068,model_4b,0.4523,0.4327871
12069,model_4b,0.4513,0.4900934
12070,model_4b,-0.0806,0.15332465
12071,model_4b,0.2082,0.26468962
12072,model_4b,0.0444,0.020071365
12073,model_4b,0.0515,0.14084022
12074,model_4b,0.1515,0.14385977
12075,model_4b,0.1362,0.15280356
12076,model_4b,0.2108,0.21238893
12077,model_4b,0.5363,0.5038126
12078,model_4b,-0.0176,-0.014905662
12079,model_4b,-0.0186,-0.038957052
12080,model_4b,0.232,0.1900005
12081,model_4b,0.1942,0.3392405
12082,model_4b,-0.0013,0.12119867
12083,model_4b,0.7549,0.74283475
12084,model_4b,0.3891,0.40277076
12085,model_4b,-0.041,-0.14826739
12086,model_4b,0.3095,0.3271707
12087,model_4b,0.1665,0.18379594
12088,model_4b,0.5498,0.5530912
12089,model_4b,0.0528,0.026116468
12090,model_4b,0.1209,0.0922243
12091,model_4b,0.9988,0.9669189
12092,model_4b,0.3377,0.3486545
12093,model_4b,0.1862,0.17789297
12094,model_4b,0.0614,0.06555261
12095,model_4b,0.3948,0.3892645
12096,model_4b,0.6397,0.59351534
12097,model_4b,0.321,0.43088722
12098,model_4b,0.6869,0.7406208
12099,model_4b,0.4119,0.45444712
12100,model_4b,0.4386,0.45197138
12101,model_4b,-0.0079,0.07078044
12102,model_4b,0.0023,0.018648542
12103,model_4b,0.1769,0.24650349
12104,model_4b,0.356,0.39443266
12105,model_4b,0.4449,0.4419224
12106,model_4b,0.1678,0.17994235
12107,model_4b,0.1169,0.12528442
12108,model_4b,0.4938,0.42512545
12109,model_4b,0.6969,0.68242925
12110,model_4b,0.1261,0.10036944
12111,model_4b,0.4533,0.5175954
12112,model_4b,0.0178,0.03931193
12113,model_4b,0.5146,0.55851066
12114,model_4b,0.2465,0.2961449
12115,model_4b,0.2617,0.25398192
12116,model_4b,0.1071,0.1324296
12117,model_4b,0.0194,0.025244609
12118,model_4b,-0.0767,-0.13802862
12119,model_4b,0.3278,0.32130826
12120,model_4b,0.3123,0.3587818
12121,model_4b,0.245,0.23994343
12122,model_4b,0.0665,0.04887444
12123,model_4b,-0.0257,0.0316332
12124,model_4b,0.0631,0.05161107
12125,model_4b,0.3602,0.34080982
12126,model_4b,0.0649,-0.018234048
12127,model_4b,0.3413,0.31054026
12128,model_4b,0.2721,0.21916799
12129,model_4b,0.1052,0.10031178
12130,model_4b,0.1647,0.1806932
12131,model_4b,0.0129,-0.00910263
12132,model_4b,0.0821,0.084025264
12133,model_4b,0.9447,0.958126
12134,model_4b,0.3237,0.3187788
12135,model_4b,0.2409,0.20794521
12136,model_4b,-0.0645,-0.08667721
12137,model_4b,0.1196,0.11144047
12138,model_4b,-0.0008,0.010395688
12139,model_4b,0.1626,0.16185074
12140,model_4b,0.2777,0.15144421
12141,model_4b,0.1176,0.14460488
12142,model_4b,0.0325,-0.020693846
12143,model_4b,0.1183,0.13897096
12144,model_4b,0.0764,0.020417903
12145,model_4b,0.0641,0.0659411
12146,model_4b,0.0812,0.10019921
12147,model_4b,0.1039,0.03643261
12148,model_4b,0.2007,0.005375036
12149,model_4b,0.5081,0.4895933
12150,model_4b,0.642,0.6629469
12151,model_4b,0.0237,0.10846486
12152,model_4b,0.0803,0.054136656
12153,model_4b,0.2485,0.2373717
12154,model_4b,0.0893,0.13296117
12155,model_4b,0.0782,0.053457342
12156,model_4b,0.3216,0.30095953
12157,model_4b,0.2341,0.22196089
12158,model_4b,0.0152,-0.006115363
12159,model_4b,0.3037,0.26874793
12160,model_4b,-0.0442,-0.0055869324
12161,model_4b,0.3209,0.31645072
12162,model_4b,0.128,0.10954922
12163,model_4b,0.1038,0.0878413
12164,model_4b,0.1089,0.10021102
12165,model_4b,0.1399,0.1232838
12166,model_4b,0.6823,0.7089878
12167,model_4b,0.7385,0.7653393
12168,model_4b,0.3429,0.29138887
12169,model_4b,0.2529,0.17299615
12170,model_4b,0.3689,0.3520813
12171,model_4b,0.5257,0.50120354
12172,model_4b,0.0012,-0.023584466
12173,model_4b,0.8678,0.88789743
12174,model_4b,0.1774,0.20626006
12175,model_4b,0.2203,0.20571433
12176,model_4b,-0.0972,-0.10807542
12177,model_4b,0.3152,0.27937984
12178,model_4b,0.1818,0.1478425
12179,model_4b,0.5364,0.5769157
12180,model_4b,0.7901,0.77065796
12181,model_4b,0.0785,0.02581117
12182,model_4b,0.1997,0.21425013
12183,model_4b,0.2815,0.25601846
12184,model_4b,0.2452,0.2062741
12185,model_4b,0.1275,0.13280922
12186,model_4b,0.3963,0.3774235
12187,model_4b,0.089,0.10454024
12188,model_4b,0.0624,0.06346384
12189,model_4b,0.0776,0.056003593
12190,model_4b,0.3946,0.3600999
12191,model_4b,0.403,0.38828334
12192,model_4b,0.0627,0.12464853
12193,model_4b,-0.0737,-0.06660452
12194,model_4b,0.8804,0.8912524
12195,model_4b,0.298,0.21166866
12196,model_4b,-0.0083,-0.009518103
12197,model_4b,0.1106,0.083570644
12198,model_4b,0.4197,0.42549306
12199,model_4b,-0.021,0.061537437
12200,model_4b,0.191,0.23648827
12201,model_4b,-0.0004,0.09523265
12202,model_4b,0.1601,0.16645391
12203,model_4b,0.0154,-0.03460642
12204,model_4b,0.0235,-0.0017946744
12205,model_4b,0.7121,0.7343808
12206,model_4b,0.6052,0.5800644
12207,model_4b,0.3601,0.37569362
12208,model_4b,0.3501,0.48309362
12209,model_4b,0.4112,0.41333836
12210,model_4b,0.1825,0.12122269
12211,model_4b,0.4484,0.37366998
12212,model_4b,0.234,0.18027557
12213,model_4b,0.2976,0.35204014
12214,model_4b,0.2147,0.21488284
12215,model_4b,0.439,0.45708987
12216,model_4b,0.1585,0.1632095
12217,model_4b,0.2821,0.3077584
12218,model_4b,0.1454,0.15915412
12219,model_4b,0.4025,0.41684923
12220,model_4b,0.3501,0.2910314
12221,model_4b,-0.0383,0.35294342
12222,model_4b,0.1922,0.17647417
12223,model_4b,0.2171,0.20405377
12224,model_4b,0.5988,0.6095679
12225,model_4b,0.0137,0.07802864
12226,model_4b,0.4819,0.47793156
12227,model_4b,0.0926,0.029070333
12228,model_4b,0.1254,0.12835047
12229,model_4b,0.8625,0.85335106
12230,model_4b,0.1567,0.15040438
12231,model_4b,0.6133,0.59519035
12232,model_4b,0.0246,0.034453433
12233,model_4b,0.1009,0.0953696
12234,model_4b,0.4123,0.43033588
12235,model_4b,0.3014,0.15310004
12236,model_4b,0.3082,0.2999776
12237,model_4b,0.8376,0.83699924
12238,model_4b,0.1774,0.18639752
12239,model_4b,0.6211,0.59406656
12240,model_4b,0.2409,0.19653459
12241,model_4b,-0.0716,-0.109595686
12242,model_4b,-0.0724,0.401738
12243,model_4b,0.3842,0.35845858
12244,model_4b,0.3266,0.30503362
12245,model_4b,0.0744,0.089244716
12246,model_4b,0.6124,0.6708457
12247,model_4b,0.1175,0.09508443
12248,model_4b,0.1588,0.2252398
12249,model_4b,-0.1069,-0.0035002427
12250,model_4b,0.0678,0.06674186
12251,model_4b,-0.0896,-0.046359517
12252,model_4b,0.7713,0.7665402
12253,model_4b,0.0351,0.054870136
12254,model_4b,0.1707,0.20028666
12255,model_4b,0.2714,0.24873857
12256,model_4b,0.0278,0.059696853
12257,model_4b,0.0846,0.13057122
12258,model_4b,-0.0503,-0.043264665
12259,model_4b,-0.0389,0.039796527
12260,model_4b,-0.0311,-0.08506616
12261,model_4b,0.6206,0.61470014
12262,model_4b,0.2605,0.29998887
12263,model_4b,0.3653,0.34588924
12264,model_4b,0.2205,0.19453274
12265,model_4b,-0.0438,-0.03191201
12266,model_4b,0.4235,0.41670245
12267,model_4b,0.121,0.057281084
12268,model_4b,0.3362,0.30651504
12269,model_4b,-0.1321,-0.089085825
12270,model_4b,0.0314,0.016460452
12271,model_4b,0.1679,0.05454053
12272,model_4b,0.3675,0.37708014
12273,model_4b,0.2304,0.3039068
12274,model_4b,0.167,0.16470866
12275,model_4b,0.1969,0.18747512
12276,model_4b,0.023,0.037499297
12277,model_4b,0.2442,0.23488767
12278,model_4b,0.2335,0.22948228
12279,model_4b,0.0371,0.022457935
12280,model_4b,0.4213,0.32990244
12281,model_4b,0.5258,-0.13222077
12282,model_4b,-0.2644,-0.24056935
12283,model_4b,0.0224,0.033570543
12284,model_4b,0.0563,0.03491684
12285,model_4b,0.2866,0.28359708
12286,model_4b,0.0647,0.09768461
12287,model_4b,0.1334,0.111599766
12288,model_4b,0.0877,0.07734392
12289,model_4b,0.2819,0.30183583
12290,model_4b,0.2393,0.22696453
12291,model_4b,0.0375,0.06043467
12292,model_4b,0.1944,0.2130136
12293,model_4b,0.5885,0.6204242
12294,model_4b,-0.0723,-0.09317427
12295,model_4b,0.6856,0.76343197
12296,model_4b,0.3233,0.33978766
12297,model_4b,0.0515,0.036077715
12298,model_4b,0.183,0.24235673
12299,model_4b,0.9575,0.97862273
12300,model_4b,-0.0373,-0.02206375
12301,model_4b,0.0326,0.017026383
12302,model_4b,0.1989,0.18242958
12303,model_4b,0.7656,0.6965188
12304,model_4b,0.102,0.16510327
12305,model_4b,-0.2391,-0.25922912
12306,model_4b,0.3455,0.33115813
12307,model_4b,0.2932,0.23164071
12308,model_4b,0.451,0.47184902
12309,model_4b,0.8838,0.9272656
12310,model_4b,0.2518,0.24492283
12311,model_4b,0.0905,0.103762366
12312,model_4b,0.2021,0.19312336
12313,model_4b,0.2407,0.16549172
12314,model_4b,0.2092,0.21200736
12315,model_4b,0.7049,0.75676936
12316,model_4b,0.0254,0.09371787
12317,model_4b,0.1278,0.13412558
12318,model_4b,0.3201,0.31126702
12319,model_4b,0.0056,0.15246518
12320,model_4b,0.2916,0.2582428
12321,model_4b,0.3702,0.35593456
12322,model_4b,0.1984,0.21471094
12323,model_4b,0.1083,0.08068499
12324,model_4b,0.003,0.0030859066
12325,model_4b,0.2616,0.31129363
12326,model_4b,0.2619,0.23186961
12327,model_4b,0.5927,0.62136656
12328,model_4b,0.2018,0.23891057
12329,model_4b,0.221,0.17684548
12330,model_4b,0.0315,-0.036346775
12331,model_4b,-0.0022,0.010263263
12332,model_4b,0.4317,0.46666992
12333,model_4b,0.5453,0.5379384
12334,model_4b,0.4226,0.42605045
12335,model_4b,0.1121,0.12730442
12336,model_4b,0.2813,0.3607332
12337,model_4b,0.3219,0.5223047
12338,model_4b,1.0694,1.0365605
12339,model_4b,0.1168,0.06715539
12340,model_4b,0.0884,0.036795303
12341,model_4b,0.3383,0.22572078
12342,model_4b,0.1106,0.15023556
12343,model_4b,0.0705,0.05935332
12344,model_4b,0.132,0.16285063
12345,model_4b,0.362,0.38990438
12346,model_4b,0.0863,0.030343417
12347,model_4b,0.0917,0.067709416
12348,model_4b,0.4727,0.4331058
12349,model_4b,0.1261,0.1092985
12350,model_4b,-0.1833,-0.1262723
12351,model_4b,0.3651,0.33437732
12352,model_4b,0.0955,0.097946145
12353,model_4b,0.1457,0.08137128
12354,model_4b,-0.0158,0.026956879
12355,model_4b,-0.0288,-0.10651006
12356,model_4b,0.4866,0.45480832
12357,model_4b,0.2488,0.28913423
12358,model_4b,0.2733,0.226248
12359,model_4b,0.0703,0.060264014
12360,model_4b,0.6585,0.6017777
12361,model_4b,0.3023,0.267678
12362,model_4b,0.1064,0.1339959
12363,model_4b,0.1608,0.1455354
12364,model_4b,0.2236,0.14603709
12365,model_4b,0.1278,0.12753524
12366,model_4b,0.5283,0.5200785
12367,model_4b,-0.0622,-0.18039909
12368,model_4b,0.3666,0.34050596
12369,model_4b,0.4571,0.42632836
12370,model_4b,0.1839,0.17522506
12371,model_4b,0.1012,0.06844184
12372,model_4b,0.1767,0.16976959
12373,model_4b,0.129,0.13109717
12374,model_4b,1.0084,0.973988
12375,model_4b,0.1126,0.16961586
12376,model_4b,0.2273,0.19246833
12377,model_4b,0.1495,0.26967224
12378,model_4b,0.4172,0.412988
12379,model_4b,0.0618,0.06516083
12380,model_4b,0.2271,0.2589872
12381,model_4b,0.3056,0.33093864
12382,model_4b,0.0586,0.39876884
12383,model_4b,0.2231,0.17487639
12384,model_4b,0.0123,-0.016224675
12385,model_4b,0.1047,0.113075554
12386,model_4b,0.0093,0.08634974
12387,model_4b,0.028,0.06931036
12388,model_4b,0.0982,0.04392375
12389,model_4b,0.3204,0.27349582
12390,model_4b,0.3326,0.2646643
12391,model_4b,0.0743,0.085499726
12392,model_4b,0.1978,0.24828534
12393,model_4b,0.1617,0.17348678
12394,model_4b,0.2357,0.16974284
12395,model_4b,0.2791,0.24922492
12396,model_4b,0.437,0.496208
12397,model_4b,0.0417,0.07600336
12398,model_4b,0.1199,0.12384726
12399,model_4b,0.2938,0.2532466
12400,model_4b,0.0197,-0.025273439
12401,model_4b,0.3909,0.3434498
12402,model_4b,0.0758,0.11401814
12403,model_4b,0.302,0.31429866
12404,model_4b,0.5343,0.5383441
12405,model_4b,0.5045,0.5002145
12406,model_4b,0.0099,-0.07572973
12407,model_4b,0.2024,0.15159573
12408,model_4b,-0.0409,0.100337386
12409,model_4b,0.0624,0.0994177
12410,model_4b,0.1756,0.15811281
12411,model_4b,0.5883,0.6381544
12412,model_4b,0.1992,0.24292786
12413,model_4b,-0.0463,-0.05883766
12414,model_4b,0.3596,0.30803764
12415,model_4b,-0.1507,0.044921543
12416,model_4b,0.2598,0.30996054
12417,model_4b,0.6846,0.70503974
12418,model_4b,-0.0717,-0.07364133
12419,model_4b,0.0229,-0.011877486
12420,model_4b,-0.059,-0.055294797
12421,model_4b,0.0616,0.046354506
12422,model_4b,0.5577,0.5827811
12423,model_4b,-0.2074,-0.17567003
12424,model_4b,0.9935,1.0145606
12425,model_4b,0.042,0.059664235
12426,model_4b,0.3986,0.33183214
12427,model_4b,0.0273,0.012069755
12428,model_4b,0.7775,0.8259844
12429,model_4b,0.1545,0.15060289
12430,model_4b,0.461,0.4641715
12431,model_4b,0.3274,0.36917454
12432,model_4b,0.16,0.08414283
12433,model_4b,0.3145,0.04541582
12434,model_4b,0.4777,0.52819365
12435,model_4b,0.4208,0.42771995
12436,model_4b,0.0288,0.016541798
12437,model_4b,0.0535,0.009483495
12438,model_4b,0.2877,0.2677993
12439,model_4b,0.2275,0.23668814
12440,model_4b,-0.191,-0.21661447
12441,model_4b,0.4734,0.4883847
12442,model_4b,0.1687,0.18298428
12443,model_4b,0.6685,0.69468033
12444,model_4b,0.0595,0.021825805
12445,model_4b,0.1041,0.12825908
12446,model_4b,0.2558,0.23063006
12447,model_4b,0.2774,0.32285875
12448,model_4b,0.1777,0.15052007
12449,model_4b,0.1203,0.12216489
12450,model_4b,0.2357,0.24704044
12451,model_4b,0.0812,0.055160306
12452,model_4b,0.0905,0.1057227
12453,model_4b,-0.0528,0.0031795586
12454,model_4b,-0.0019,-0.0315894
12455,model_4b,-0.0341,-0.021436028
12456,model_4b,0.0679,0.010433308
12457,model_4b,0.2223,0.09811911
12458,model_4b,0.231,0.2740959
12459,model_4b,0.0884,0.096555784
12460,model_4b,0.3931,0.38633707
12461,model_4b,0.1375,0.09625812
12462,model_4b,-0.0795,-0.1079064
12463,model_4b,0.7355,0.78327996
12464,model_4b,0.3339,0.33102834
12465,model_4b,-0.2144,-0.18237948
12466,model_4b,0.118,0.09599024
12467,model_4b,0.0296,0.09066475
12468,model_4b,0.6286,0.6438651
12469,model_4b,0.4091,0.5145983
12470,model_4b,0.131,0.13528056
12471,model_4b,-0.115,-0.11135456
12472,model_4b,0.1049,0.08573848
12473,model_4b,0.1711,0.21552123
12474,model_4b,0.1577,0.356069
12475,model_4b,0.2978,0.25573915
12476,model_4b,0.0488,0.12820466
12477,model_4b,0.2989,0.30913255
12478,model_4b,0.215,0.20692496
12479,model_4b,0.128,0.10995162
12480,model_4b,0.0637,0.06282923
12481,model_4b,0.1858,0.21198122
12482,model_4b,0.0393,0.042235646
12483,model_4b,0.434,0.4474066
12484,model_4b,0.3888,0.3971585
12485,model_4b,0.0395,0.026308086
12486,model_4b,0.1581,0.17720628
12487,model_4b,-0.03,-0.021743204
12488,model_4b,0.0291,0.032555897
12489,model_4b,0.1399,0.19636618
12490,model_4b,0.0173,-0.010980013
12491,model_4b,0.1282,0.13917369
12492,model_4b,0.2572,0.30106428
12493,model_4b,0.435,0.46137244
12494,model_4b,0.2802,0.07013743
12495,model_4b,0.2689,0.2929182
12496,model_4b,0.0468,0.06303996
12497,model_4b,0.1025,0.16815536
12498,model_4b,-0.05,-0.055004045
12499,model_4b,-0.1592,-0.14130695
12500,model_4b,0.1687,0.07207357
12501,model_4b,0.4928,0.5316763
12502,model_4b,-0.0636,-0.06675843
12503,model_4b,0.1068,0.06630093
12504,model_4b,0.0931,0.11985205
12505,model_4b,0.3282,0.31236234
12506,model_4b,0.1573,0.05471062
12507,model_4b,0.1287,0.121479064
12508,model_4b,0.4604,0.5144329
12509,model_4b,0.1201,0.09790979
12510,model_4b,0.3361,0.38832253
12511,model_4b,0.0621,0.120151654
12512,model_4b,-0.1847,-0.2112466
12513,model_4b,0.0485,0.022883259
12514,model_4b,0.4567,0.44091696
12515,model_4b,-0.1292,-0.13094456
12516,model_4b,0.7675,0.80503994
12517,model_4b,0.3149,0.3802954
12518,model_4b,-0.083,-0.08179211
12519,model_4b,0.2395,0.32565427
12520,model_4b,0.2051,0.22593214
12521,model_4b,0.1324,0.10240314
12522,model_4b,0.3537,0.37403804
12523,model_4b,0.0982,0.09151442
12524,model_4b,0.1095,0.06876707
12525,model_4b,-0.2217,-0.21482077
12526,model_4b,0.1526,0.16452493
12527,model_4b,0.232,0.36333472
12528,model_4b,-0.0158,0.00239925
12529,model_4b,0.0166,0.037636504
12530,model_4b,0.1155,0.11281727
12531,model_4b,0.2733,0.29878083
12532,model_4b,0.13,0.16386224
12533,model_4b,0.3311,0.35884798
12534,model_4b,0.1182,0.14727314
12535,model_4b,0.3592,0.27372947
12536,model_4b,0.3111,0.29608154
12537,model_4b,0.0415,0.063259885
12538,model_4b,0.1187,0.102593355
12539,model_4b,0.7772,0.77180797
12540,model_4b,0.2588,0.30022618
12541,model_4b,0.735,0.7468713
12542,model_4b,0.041,0.073892206
12543,model_4b,0.2724,0.24641185
12544,model_4b,0.2566,0.20377512
12545,model_4b,-0.1324,-0.18540744
12546,model_4b,0.3071,0.29200345
12547,model_4b,0.5916,0.61439246
12548,model_4b,0.0077,-0.06871322
12549,model_4b,0.5662,0.5134464
12550,model_4b,0.2165,0.23208205
12551,model_4b,0.5293,0.5647395
12552,model_4b,0.1005,0.1604723
12553,model_4b,0.8876,0.8700067
12554,model_4b,0.173,0.15041281
12555,model_4b,0.0714,0.06942664
12556,model_4b,0.0339,0.06004505
12557,model_4b,0.1482,0.14266445
12558,model_4b,0.3772,0.39736706
12559,model_4b,0.034,0.018656917
12560,model_4b,0.567,0.5606913
12561,model_4b,0.0107,-0.0056996113
12562,model_4b,0.3303,0.34860927
12563,model_4b,0.0591,0.059334524
12564,model_4b,0.6132,0.6540199
12565,model_4b,-0.0429,0.009732324
12566,model_4b,0.2831,0.2883489
12567,model_4b,-0.2733,-0.16170083
12568,model_4b,0.226,0.26475614
12569,model_4b,0.8807,0.8585848
12570,model_4b,0.241,0.14976089
12571,model_4b,0.0381,0.071734294
12572,model_4b,-0.0338,-0.061455067
12573,model_4b,0.4345,0.45604387
12574,model_4b,0.0364,0.114782654
12575,model_4b,0.4064,0.42304796
12576,model_4b,0.412,0.3431344
12577,model_4b,0.2817,0.2912365
12578,model_4b,0.1879,0.15674116
12579,model_4b,-0.0113,0.0156453
12580,model_4b,-0.0236,0.004626519
12581,model_4b,0.3069,0.23872285
12582,model_4b,-0.0439,-0.08156109
12583,model_4b,0.2801,0.31592882
12584,model_4b,0.2033,0.24809875
12585,model_4b,0.3744,0.44443917
12586,model_4b,0.1066,0.10495718
12587,model_4b,0.0532,0.02992016
12588,model_4b,0.1265,0.15220574
12589,model_4b,0.086,0.13005368
12590,model_4b,0.1606,0.10896841
12591,model_4b,0.1982,0.23063955
12592,model_4b,0.1505,0.13254641
12593,model_4b,0.1731,0.22022095
12594,model_4b,-0.0235,0.0049212957
12595,model_4b,-0.052,-0.16406588
12596,model_4b,0.147,0.13693468
12597,model_4b,0.0409,0.06897128
12598,model_4b,0.1544,0.12561518
12599,model_4b,0.0369,0.07654063
12600,model_4b,-0.0288,-0.026099194
12601,model_4b,0.1176,0.101573616
12602,model_4b,0.3555,0.34159687
12603,model_4b,0.0783,0.072322905
12604,model_4b,0.3068,0.30983043
12605,model_4b,0.0297,0.09616105
12606,model_4b,0.0715,0.071571425
12607,model_4b,0.349,0.31407487
12608,model_4b,-0.0808,-0.10792655
12609,model_4b,0.1447,0.1570217
12610,model_4b,0.1368,0.11734535
12611,model_4b,0.3513,0.36142677
12612,model_4b,0.2381,0.26003492
12613,model_4b,0.1751,0.15387191
12614,model_4b,0.5688,0.5785227
12615,model_4b,0.0665,0.09506902
12616,model_4b,-0.0838,-0.08842198
12617,model_4b,0.2989,0.24846621
12618,model_4b,0.2179,0.19144012
12619,model_4b,0.076,0.10018711
12620,model_4b,-0.0258,0.0014606053
12621,model_4b,0.4251,0.4568469
12622,model_4b,0.0705,0.036849856
12623,model_4b,0.106,0.10498298
12624,model_4b,-0.0074,0.02082682
12625,model_4b,0.3835,0.53902006
12626,model_4b,0.5912,0.57253945
12627,model_4b,0.0357,0.08337462
12628,model_4b,0.0207,0.011193831
12629,model_4b,0.0784,0.10114257
12630,model_4b,0.6486,0.65408826
12631,model_4b,0.1986,0.4691852
12632,model_4b,0.0171,0.07607275
12633,model_4b,0.1963,0.15115775
12634,model_4b,0.1965,0.1484819
12635,model_4b,0.9418,0.9341679
12636,model_4b,0.5196,0.52606386
12637,model_4b,0.8232,0.854549
12638,model_4b,0.1177,0.081294596
12639,model_4b,0.721,0.66717577
12640,model_4b,0.0585,0.12121771
12641,model_4b,0.5093,0.50374824
12642,model_4b,0.0556,0.03819201
12643,model_4b,0.1981,0.059539147
12644,model_4b,0.0863,0.09017345
12645,model_4b,0.2411,0.22831441
12646,model_4b,0.0484,0.06209994
12647,model_4b,-0.0212,-0.01836317
12648,model_4b,0.5165,0.4787651
12649,model_4b,0.2213,0.20674644
12650,model_4b,0.0019,-0.04996913
12651,model_4b,0.4825,0.49370098
12652,model_4b,0.1377,0.13656108
12653,model_4b,0.5618,0.57305175
12654,model_4b,-0.0784,0.09978327
12655,model_4b,0.4283,0.29529285
12656,model_4b,0.2691,0.27714834
12657,model_4b,0.1053,0.14925511
12658,model_4b,0.2661,0.10518707
12659,model_4b,0.1647,0.22088243
12660,model_4b,0.4259,0.4178561
12661,model_4b,0.0386,-0.0010370156
12662,model_4b,0.566,0.5049646
12663,model_4b,-0.0127,0.052434187
12664,model_4b,0.1307,0.19900852
12665,model_4b,0.3116,0.3228089
12666,model_4b,0.4665,0.5238595
12667,model_4b,0.6543,0.63414603
12668,model_4b,0.2602,0.25541782
12669,model_4b,0.6845,0.6852971
12670,model_4b,-0.0589,-0.060238153
12671,model_4b,0.079,0.03241235
12672,model_4b,0.1539,0.15682901
12673,model_4b,0.2943,0.28471714
12674,model_4b,0.4917,0.5040088
12675,model_4b,0.1384,0.12251718
12676,model_4b,0.0702,0.06999587
12677,model_4b,0.2235,0.25814608
12678,model_4b,0.2114,0.2233813
12679,model_4b,-0.0125,-0.02644705
12680,model_4b,0.1483,0.13257523
12681,model_4b,0.1852,0.19388437
12682,model_4b,0.0538,0.12222542
12683,model_4b,0.0913,0.09441732
12684,model_4b,0.1581,0.17060475
12685,model_4b,0.1462,0.17728768
12686,model_4b,0.6081,0.63614
12687,model_4b,0.4326,0.47693273
12688,model_4b,0.1595,0.16837265
12689,model_4b,0.2902,0.26077965
12690,model_4b,0.2738,0.24881412
12691,model_4b,0.2637,0.27724788
12692,model_4b,0.4687,0.48891658
12693,model_4b,0.2605,0.25789
12694,model_4b,-0.0042,0.017564237
12695,model_4b,0.9086,0.93148464
12696,model_4b,0.3124,0.4199034
12697,model_4b,0.3717,0.42082742
12698,model_4b,0.1081,0.07066587
12699,model_4b,-0.0283,-0.027695168
12700,model_4b,0.1601,0.062763736
12701,model_4b,0.1652,0.20981707
12702,model_4b,0.1156,0.13321067
12703,model_4b,0.3286,0.2677194
12704,model_4b,0.1283,0.11304173
12705,model_4b,-0.0328,-0.04303945
12706,model_4b,0.6685,0.68465084
12707,model_4b,0.2951,0.30698058
12708,model_4b,0.2457,0.37839356
12709,model_4b,-0.0024,0.0025512436
12710,model_4b,0.5856,0.7516474
12711,model_4b,0.572,0.60837585
12712,model_4b,-0.0592,-0.045388807
12713,model_4b,0.2104,0.22201563
12714,model_4b,0.6566,0.60098684
12715,model_4b,0.2643,0.17653142
12716,model_4b,0.3508,0.34112817
12717,model_4b,0.4756,0.52262133
12718,model_4b,0.488,0.51658255
12719,model_4b,0.5584,0.5198259
12720,model_4b,0.0054,0.1731845
12721,model_4b,0.5034,0.5304418
12722,model_4b,0.0406,0.038969688
12723,model_4b,0.1352,0.17894602
12724,model_4b,0.0801,0.1003719
12725,model_4b,0.065,0.071989134
12726,model_4b,0.6081,0.61269325
12727,model_4b,0.369,0.42277607
12728,model_4b,0.0143,0.03942947
12729,model_4b,0.8946,0.88715214
12730,model_4b,0.3761,0.39192137
12731,model_4b,0.1528,0.15982369
12732,model_4b,0.0422,0.107517794
12733,model_4b,0.2115,0.2256065
12734,model_4b,0.8827,0.9037792
12735,model_4b,0.2545,0.13307847
12736,model_4b,0.206,0.20513307
12737,model_4b,0.0591,0.12768574
12738,model_4b,0.3763,0.354348
12739,model_4b,0.255,0.27002165
12740,model_4b,0.4148,0.32010472
12741,model_4b,0.2358,0.24762328
12742,model_4b,-0.0634,-0.07408413
12743,model_4b,0.1779,0.1863991
12744,model_4b,0.166,0.22303616
12745,model_4b,0.038,-0.0063364217
12746,model_4b,0.0982,0.09390703
12747,model_4b,0.0641,0.047698397
12748,model_4b,0.4112,0.40267164
12749,model_4b,0.092,0.12002866
12750,model_4b,0.0035,0.00079175364
12751,model_4b,0.2008,0.16464393
12752,model_4b,0.0663,0.014540217
12753,model_4b,0.5619,0.51993495
12754,model_4b,0.0997,0.11378384
12755,model_4b,0.1647,0.111372545
12756,model_4b,0.1373,0.16849992
12757,model_4b,0.3361,0.33694658
12758,model_4b,0.0937,0.079105735
12759,model_4b,0.563,0.47845367
12760,model_4b,0.3155,0.22769107
12761,model_4b,0.0261,0.026053824
12762,model_4b,0.049,0.050131645
12763,model_4b,0.245,0.23772782
12764,model_4b,0.3956,0.4575599
12765,model_4b,0.2245,0.20116656
12766,model_4b,0.1731,0.14642234
12767,model_4b,0.0217,0.019389391
12768,model_4b,0.2011,0.17129922
12769,model_4b,0.3439,0.32736492
12770,model_4b,0.3255,0.32471308
12771,model_4b,0.2361,0.24406846
12772,model_4b,0.0736,0.049463615
12773,model_4b,0.0804,0.09484977
12774,model_4b,0.5891,0.71214074
12775,model_4b,0.2558,0.1489123
12776,model_4b,0.1678,0.19629514
12777,model_4b,-0.2197,-0.16243257
12778,model_4b,0.1938,0.18980564
12779,model_4b,0.0716,0.09418386
12780,model_4b,0.2957,0.14380501
12781,model_4b,0.2004,0.23827983
12782,model_4b,0.0797,0.11788745
12783,model_4b,-0.046,-0.009664764
12784,model_4b,0.1148,0.080762416
12785,model_4b,0.0891,0.065261886
12786,model_4b,0.2601,0.23496579
12787,model_4b,-0.1399,-0.14176334
12788,model_4b,0.0176,0.02391775
12789,model_4b,0.0248,0.00012683775
12790,model_4b,0.6591,0.6163581
12791,model_4b,0.3234,0.20114233
12792,model_4b,0.1256,0.14157094
12793,model_4b,0.3433,0.37514025
12794,model_4b,0.5293,0.5343473
12795,model_4b,0.1142,0.09591253
12796,model_4b,0.3092,0.33376977
12797,model_4b,0.039,0.07393938
12798,model_4b,0.1734,0.17113796
12799,model_4b,-0.1775,-0.12373166
12800,model_4b,0.2009,0.17644769
12801,model_4b,0.4088,0.3341928
12802,model_4b,0.1724,0.1476534
12803,model_4b,0.5123,0.52009827
12804,model_4b,-0.0811,-0.038712677
12805,model_4b,-0.0817,-0.0207319
12806,model_4b,0.2125,0.27537134
12807,model_4b,-0.1993,-0.19153018
12808,model_4b,0.2165,0.19852296
12809,model_4b,-0.165,-0.16115831
12810,model_4b,-0.1462,-0.040640954
12811,model_4b,0.0796,0.08114019
12812,model_4b,0.3886,0.35214704
12813,model_4b,0.0652,0.045794196
12814,model_4b,0.0194,-0.00057276245
12815,model_4b,0.3042,0.27176702
12816,model_4b,0.1018,0.09233036
12817,model_4b,0.4397,0.41271544
12818,model_4b,0.0723,0.07345345
12819,model_4b,0.1931,0.22174196
12820,model_4b,0.4281,0.42604682
12821,model_4b,0.1722,0.14443204
12822,model_4b,-0.0123,-0.014495598
12823,model_4b,0.1324,0.1256756
12824,model_4b,0.4355,0.46959233
12825,model_4b,0.5291,0.41615537
12826,model_4b,0.6363,0.64584684
12827,model_4b,0.1514,0.14537637
12828,model_4b,0.1863,0.35373718
12829,model_4b,0.4414,0.44846332
12830,model_4b,0.3719,0.3635084
12831,model_4b,0.0158,0.11533676
12832,model_4b,0.5778,0.5555508
12833,model_4b,0.1629,0.18148084
12834,model_4b,0.4192,0.41660085
12835,model_4b,0.1708,0.13684474
12836,model_4b,0.2558,0.17741889
12837,model_4b,0.0917,0.08564682
12838,model_4b,0.3537,0.43114096
12839,model_4b,-0.0368,-0.03603065
12840,model_4b,0.7761,0.75060916
12841,model_4b,0.0891,0.0834171
12842,model_4b,-0.0881,-0.063794166
12843,model_4b,0.1764,0.12997612
12844,model_4b,-0.052,-0.071993686
12845,model_4b,0.1426,0.18623377
12846,model_4b,0.391,0.35725677
12847,model_4b,0.2517,0.160513
12848,model_4b,0.157,0.1655673
12849,model_4b,0.1531,0.109379314
12850,model_4b,0.2734,0.23922925
12851,model_4b,-0.066,-0.081850104
12852,model_4b,-0.0146,0.025484294
12853,model_4b,0.2261,0.24302997
12854,model_4b,0.3354,0.30796146
12855,model_4b,0.7219,0.76432633
12856,model_4b,0.4346,0.3992231
12857,model_4b,0.2178,0.14205512
12858,model_4b,-0.0181,0.07170719
12859,model_4b,0.1517,0.18406227
12860,model_4b,-0.1776,-0.17930104
12861,model_4b,0.2588,0.28230834
12862,model_4b,0.0411,0.02312816
12863,model_4b,0.1639,0.08340177
12864,model_4b,0.2243,0.24659516
12865,model_4b,0.5976,0.61181915
12866,model_4b,-0.1045,-0.0971201
12867,model_4b,-0.0606,0.0027783448
12868,model_4b,0.1491,0.15695773
12869,model_4b,0.3917,0.43198863
12870,model_4b,0.1045,0.13814144
12871,model_4b,0.1386,0.1258922
12872,model_4b,0.1509,0.21765949
12873,model_4b,0.0829,0.11074764
12874,model_4b,0.8336,0.8318741
12875,model_4b,0.1276,0.45771766
12876,model_4b,0.0321,0.05292772
12877,model_4b,0.5333,0.51018715
12878,model_4b,-0.0972,-0.09308573
12879,model_4b,0.1745,0.15368123
12880,model_4b,0.4804,0.5165324
12881,model_4b,0.4611,0.40998745
12882,model_4b,-0.0286,-0.0069453856
12883,model_4b,0.1235,0.07301344
12884,model_4b,0.8562,0.80709964
12885,model_4b,0.1649,0.15349318
12886,model_4b,0.0255,0.014732574
12887,model_4b,-0.0389,-0.08239096
12888,model_4b,-0.1821,-0.20140368
12889,model_4b,0.0078,-0.03825261
12890,model_4b,0.0857,0.08368799
12891,model_4b,0.2202,0.2122566
12892,model_4b,0.3746,0.36924565
12893,model_4b,0.9284,0.8748357
12894,model_4b,0.5441,0.52336365
12895,model_4b,0.0203,0.03413187
12896,model_4b,0.099,0.17008652
12897,model_4b,0.3893,0.42273906
12898,model_4b,0.03,0.058680996
12899,model_4b,-0.0803,-0.078328304
12900,model_4b,0.5742,0.50821215
12901,model_4b,0.2608,0.29451936
12902,model_4b,0.3424,0.41368848
12903,model_4b,0.7563,0.7278079
12904,model_4b,0.5924,0.49999052
12905,model_4b,0.451,0.3994795
12906,model_4b,0.3,0.30087954
12907,model_4b,0.1947,0.3323187
12908,model_4b,-0.0702,-0.027316183
12909,model_4b,0.342,0.3565905
12910,model_4b,0.3785,0.38529557
12911,model_4b,0.2008,0.28123224
12912,model_4b,0.67,0.6364967
12913,model_4b,0.0135,-0.025005497
12914,model_4b,0.6326,0.6172071
12915,model_4b,0.1651,0.18363164
12916,model_4b,-0.0075,0.005180129
12917,model_4b,0.3243,0.37086195
12918,model_4b,0.3912,0.23845202
12919,model_4b,0.0343,0.041778035
12920,model_4b,0.1206,0.13497464
12921,model_4b,0.1135,0.13672344
12922,model_4b,-0.1125,0.022197664
12923,model_4b,0.3516,0.34562165
12924,model_4b,0.293,0.27577153
12925,model_4b,0.2027,0.22886598
12926,model_4b,0.2425,0.30956236
12927,model_4b,0.0284,0.027296197
12928,model_4b,0.28,0.3048666
12929,model_4b,-0.1329,-0.028717976
12930,model_4b,-0.1792,-0.25077343
12931,model_4b,0.0496,0.039370432
12932,model_4b,0.0071,0.06045463
12933,model_4b,0.3846,0.33399224
12934,model_4b,-0.0135,-0.018111717
12935,model_4b,0.4117,0.38362253
12936,model_4b,0.4377,0.49138057
12937,model_4b,0.2263,0.26898426
12938,model_4b,0.5533,0.5609799
12939,model_4b,0.0284,0.06295044
12940,model_4b,0.1983,0.18232799
12941,model_4b,0.4829,0.48659337
12942,model_4b,0.9129,0.89739823
12943,model_4b,0.2616,0.39125198
12944,model_4b,0.1055,0.08433204
12945,model_4b,0.0399,0.037038703
12946,model_4b,0.7594,0.7309987
12947,model_4b,0.1042,0.11610505
12948,model_4b,0.1463,0.13464384
12949,model_4b,-0.0073,-0.0086161615
12950,model_4b,0.1361,0.10864693
12951,model_4b,-0.0054,-0.0062048277
12952,model_4b,0.0832,0.08826513
12953,model_4b,0.1179,0.1595581
12954,model_4b,0.1619,0.1716892
12955,model_4b,0.2164,0.102430485
12956,model_4b,0.5985,0.60132277
12957,model_4b,-0.2122,-0.18808933
12958,model_4b,0.6985,0.72824335
12959,model_4b,0.5042,0.53460735
12960,model_4b,0.7343,0.73075527
12961,model_4b,0.6019,0.55535936
12962,model_4b,1.1122,1.0932071
12963,model_4b,0.0971,0.11159775
12964,model_4b,0.3718,0.37620318
12965,model_4b,-0.0553,-0.12558107
12966,model_4b,0.0426,0.017017804
12967,model_4b,0.35,0.33946174
12968,model_4b,0.1098,0.17228961
12969,model_4b,0.4064,0.35917884
12970,model_4b,0.2813,0.26398146
12971,model_4b,0.4188,0.38912594
12972,model_4b,0.1664,0.11501472
12973,model_4b,0.1342,0.12281065
12974,model_4b,0.0433,0.039237294
12975,model_4b,0.0848,0.08509003
12976,model_4b,-0.0383,0.026607502
12977,model_4b,0.4807,0.45939717
12978,model_4b,0.5837,0.6147774
12979,model_4b,0.0805,0.1113016
12980,model_4b,0.3234,0.3493453
12981,model_4b,0.2488,0.32392132
12982,model_4b,0.1852,0.24087687
12983,model_4b,0.1338,0.10762564
12984,model_4b,0.1576,0.09716322
12985,model_4b,0.5512,0.5486294
12986,model_4b,0.4166,0.44541374
12987,model_4b,0.2141,0.18325742
12988,model_4b,0.8555,0.88058156
12989,model_4b,0.4522,0.47719568
12990,model_4b,0.3551,0.26053378
12991,model_4b,0.2276,0.23507772
12992,model_4b,0.1845,0.1886849
12993,model_4b,0.3565,0.35502023
12994,model_4b,0.5087,0.52529484
12995,model_4b,0.0695,0.12547092
12996,model_4b,0.1732,0.2034341
12997,model_4b,-0.0577,-0.047324218
12998,model_4b,0.1981,0.17810412
12999,model_4b,-0.1917,-0.23916139
13000,model_4b,0.2953,0.3234617
13001,model_4b,0.296,0.3601456
13002,model_4b,0.487,0.44927996
13003,model_4b,0.2441,0.12894006
13004,model_4b,0.0522,0.05721505
13005,model_4b,0.0191,0.14385597
13006,model_4b,-0.0034,0.08345876
13007,model_4b,0.0962,0.10098684
13008,model_4b,-0.0496,-0.035128612
13009,model_4b,0.0264,-0.0340132
13010,model_4b,0.3547,0.35053998
13011,model_4b,0.2352,0.21461634
13012,model_4b,0.3528,0.38647977
13013,model_4b,-0.0739,-0.04669646
13014,model_4b,0.9373,1.0179679
13015,model_4b,0.6157,0.66117567
13016,model_4b,-0.1214,-0.14418355
13017,model_4b,0.2627,0.20922746
13018,model_4b,0.4245,0.43397713
13019,model_4b,0.4759,0.37793046
13020,model_4b,0.3899,0.18324776
13021,model_4b,0.284,0.2600591
13022,model_4b,0.1183,0.15302987
13023,model_4b,0.137,0.08202421
13024,model_4b,0.0825,0.009270462
13025,model_4b,0.291,0.29280412
13026,model_4b,0.5936,0.6513997
13027,model_4b,0.2891,0.33021644
13028,model_4b,0.1963,0.19871186
13029,model_4b,0.0478,0.06266309
13030,model_4b,-0.2112,-0.17913435
13031,model_4b,0.429,0.36096016
13032,model_4b,0.4055,0.45463422
13033,model_4b,0.0052,0.038325954
13034,model_4b,0.11,0.11880073
13035,model_4b,0.5224,0.5520113
13036,model_4b,0.2109,0.26987672
13037,model_4b,0.0963,0.08063646
13038,model_4b,0.0973,0.057438157
13039,model_4b,0.3659,0.51340085
13040,model_4b,-0.0723,-0.038714394
13041,model_4b,0.1341,0.14828067
13042,model_4b,0.1894,0.1438808
13043,model_4b,0.0907,0.12847228
13044,model_4b,-0.0892,-0.018736802
13045,model_4b,0.6345,0.65216976
13046,model_4b,0.7779,0.79791504
13047,model_4b,0.1558,0.17668745
13048,model_4b,0.2271,0.25200164
13049,model_4b,0.1716,0.149255
13050,model_4b,0.2336,0.26156676
13051,model_4b,0.1207,0.17058624
13052,model_4b,0.9467,0.968412
13053,model_4b,0.7206,0.7926547
13054,model_4b,0.2789,0.3209417
13055,model_4b,0.3348,0.34326792
13056,model_4b,0.1485,0.15597016
13057,model_4b,0.1808,0.15112315
13058,model_4b,0.2877,0.24127017
13059,model_4b,0.4756,0.40304074
13060,model_4b,0.2724,0.33039102
13061,model_4b,0.142,0.1374603
13062,model_4b,-0.0088,0.025108151
13063,model_4b,0.1715,0.14722905
13064,model_4b,0.5349,0.58864534
13065,model_4b,0.1872,0.19177233
13066,model_4b,0.0341,0.054168954
13067,model_4b,0.5408,0.5606283
13068,model_4b,0.46,0.48168093
13069,model_4b,0.1282,0.1029277
13070,model_4b,0.0597,-0.055886973
13071,model_4b,0.0547,0.06041441
13072,model_4b,0.2546,0.2394907
13073,model_4b,0.0538,0.010491933
13074,model_4b,0.2136,0.2129135
13075,model_4b,0.2111,0.21435525
13076,model_4b,0.3971,0.39591736
13077,model_4b,0.3892,0.46393353
13078,model_4b,0.1469,0.16778843
13079,model_4b,0.2855,0.24918921
13080,model_4b,0.065,0.099388525
13081,model_4b,0.1539,0.13807772
13082,model_4b,0.0312,0.019850567
13083,model_4b,0.8707,0.87366325
13084,model_4b,0.2785,0.24562408
13085,model_4b,0.2351,0.23654084
13086,model_4b,-0.0285,-0.013348556
13087,model_4b,0.3096,0.26537222
13088,model_4b,0.0264,0.07529837
13089,model_4b,0.0795,0.115861215
13090,model_4b,0.0566,0.075552106
13091,model_4b,0.2144,0.20760222
13092,model_4b,0.4176,0.40630737
13093,model_4b,0.3137,0.2568621
13094,model_4b,0.154,0.19814609
13095,model_4b,-0.0804,-0.012294241
13096,model_4b,0.0441,0.038981456
13097,model_4b,0.0269,0.04780387
13098,model_4b,0.0114,0.038097933
13099,model_4b,0.0689,-0.0007999437
13100,model_4b,0.3162,0.36115563
13101,model_4b,0.3555,0.34688652
13102,model_4b,-0.0222,0.020820927
13103,model_4b,0.1238,0.11013724
13104,model_4b,0.1071,0.12523058
13105,model_4b,0.2458,0.16826159
13106,model_4b,0.2583,0.26968163
13107,model_4b,0.1056,0.090525076
13108,model_4b,0.2645,0.26248553
13109,model_4b,0.211,0.15829973
13110,model_4b,0.5544,0.5105199
13111,model_4b,0.0287,0.048737146
13112,model_4b,0.072,0.030164413
13113,model_4b,0.452,0.37391514
13114,model_4b,0.1095,0.09926506
13115,model_4b,0.8376,0.85065407
13116,model_4b,0.5036,0.6151049
13117,model_4b,0.3726,0.358102
13118,model_4b,0.1951,0.13820569
13119,model_4b,0.2187,0.2265209
13120,model_4b,0.3652,0.34752613
13121,model_4b,0.327,0.29948595
13122,model_4b,0.0355,0.047643982
13123,model_4b,0.5786,0.61586136
13124,model_4b,0.2727,0.34235933
13125,model_4b,0.1646,0.15553422
13126,model_4b,0.1424,0.1943538
13127,model_4b,0.2931,0.33950207
13128,model_4b,0.1301,0.026876375
13129,model_4b,0.3108,0.3344803
13130,model_4b,0.1729,0.18829262
13131,model_4b,-0.2126,-0.21579894
13132,model_4b,0.3504,0.17243093
13133,model_4b,-0.0529,-0.0343727
13134,model_4b,0.5158,0.5216091
13135,model_4b,0.6658,0.64226204
13136,model_4b,0.2048,0.13339727
13137,model_4b,0.0162,0.04151227
13138,model_4b,0.0962,0.07370328
13139,model_4b,0.3612,0.32587564
13140,model_4b,0.1472,0.14785944
13141,model_4b,0.782,0.8350745
13142,model_4b,0.1146,0.15552072
13143,model_4b,0.1863,0.15284593
13144,model_4b,0.5125,0.62261134
13145,model_4b,0.1419,0.1571271
13146,model_4b,0.1435,0.10842035
13147,model_4b,0.2646,0.22178079
13148,model_4b,0.7454,0.75843436
13149,model_4b,0.9861,1.0121119
13150,model_4b,0.1417,0.1837774
13151,model_4b,0.4211,0.41013765
13152,model_4b,0.1873,0.25950903
13153,model_4b,0.0253,0.050483808
13154,model_4b,0.1456,0.16236089
13155,model_4b,0.2658,0.26052132
13156,model_4b,0.0329,0.10214634
13157,model_4b,0.0307,0.10230882
13158,model_4b,0.5141,0.48129648
13159,model_4b,0.1393,0.099840924
13160,model_4b,0.9072,0.9534315
13161,model_4b,-0.0024,-0.033864345
13162,model_4b,0.3241,0.28977972
13163,model_4b,0.4579,0.19435327
13164,model_4b,0.2838,0.17867465
13165,model_4b,0.1896,0.23157059
13166,model_4b,0.2833,0.37384087
13167,model_4b,0.1595,0.20811267
13168,model_4b,0.0519,0.1616113
13169,model_4b,0.0289,0.0904569
13170,model_4b,0.0332,0.0680541
13171,model_4b,0.365,0.3372482
13172,model_4b,1e-04,-0.026645228
13173,model_4b,0.5036,0.53464997
13174,model_4b,0.4386,0.4115585
13175,model_4b,0.1015,0.14062734
13176,model_4b,0.1862,0.1493168
13177,model_4b,0.0048,-0.0008261027
13178,model_4b,-0.0113,0.0125697395
13179,model_4b,0.5677,0.5579105
13180,model_4b,0.314,0.30755693
13181,model_4b,0.197,0.21024072
13182,model_4b,0.2981,0.39767963
13183,model_4b,0.385,0.4385241
13184,model_4b,0.0922,0.071697414
13185,model_4b,0.1423,0.19470035
13186,model_4b,0.2113,0.20926906
13187,model_4b,0.8454,0.9254616
13188,model_4b,0.4754,0.36353087
13189,model_4b,0.0502,0.071240835
13190,model_4b,0.1413,0.12695098
13191,model_4b,-0.0554,-0.06682727
13192,model_4b,0.1681,0.16332363
13193,model_4b,0.4217,0.4200205
13194,model_4b,0.1583,0.1352365
13195,model_4b,0.2031,0.2742601
13196,model_4b,0.4481,0.4479445
13197,model_4b,0.591,0.6337189
13198,model_4b,0.3445,0.32020152
13199,model_4b,0.2028,0.1403516
13200,model_4b,0.3105,0.31352922
13201,model_4b,0.0532,0.06987944
13202,model_4b,0.1011,0.08133999
13203,model_4b,0.0554,0.038744994
13204,model_4b,0.3909,0.39428553
13205,model_4b,0.6055,0.5706478
13206,model_4b,-0.0279,-0.03278088
13207,model_4b,0.1032,0.17024375
13208,model_4b,0.0946,0.13472347
13209,model_4b,0.0314,0.057077765
13210,model_4b,-0.0354,-0.14099234
13211,model_4b,0.4957,0.43033653
13212,model_4b,0.0657,0.06482388
13213,model_4b,0.1778,0.24187149
13214,model_4b,0.2782,0.22017606
13215,model_4b,0.2589,0.24838363
13216,model_4b,0.452,0.4539613
13217,model_4b,0.0613,0.065017186
13218,model_4b,0.0072,-0.024156146
13219,model_4b,1.1488,1.1468407
13220,model_4b,0.7791,0.7793974
13221,model_4b,0.773,0.8187678
13222,model_4b,0.0352,0.07527125
13223,model_4b,0.2377,0.29344335
13224,model_4b,0.0594,0.06336281
13225,model_4b,0.0983,0.11701687
13226,model_4b,0.1972,0.21295811
13227,model_4b,0.517,0.48751932
13228,model_4b,-0.0333,-0.043236095
13229,model_4b,0.0014,0.012288381
13230,model_4b,0.0082,0.06092517
13231,model_4b,0.1248,0.20128717
13232,model_4b,0.3919,0.41706088
13233,model_4b,0.7631,0.7824343
13234,model_4b,0.1827,0.06703056
13235,model_4b,0.457,0.37568033
13236,model_4b,0.0033,0.033160765
13237,model_4b,0.0113,-0.0038501685
13238,model_4b,0.1388,0.13367933
13239,model_4b,-0.0542,-0.0777929
13240,model_4b,0.7521,0.7660935
13241,model_4b,-0.0126,0.0049205916
13242,model_4b,0.9116,0.8650784
13243,model_4b,0.4736,0.4776388
13244,model_4b,0.9467,0.9149377
13245,model_4b,0.8626,0.86989444
13246,model_4b,0.4525,0.40118742
13247,model_4b,0.4805,0.3854686
13248,model_4b,0.2294,0.14693494
13249,model_4b,0.2109,0.27762288
13250,model_4b,0.3895,0.35841328
13251,model_4b,0.6194,0.6179412
13252,model_4b,0.336,0.3515119
13253,model_4b,0.3508,0.27357483
13254,model_4b,0.1063,0.0681671
13255,model_4b,0.3209,0.27876526
13256,model_4b,-0.1305,0.045320358
13257,model_4b,0.1308,0.11381947
13258,model_4b,0.2332,0.21670194
13259,model_4b,0.0262,0.024435341
13260,model_4b,0.4121,0.41089424
13261,model_4b,0.5795,0.55319387
13262,model_4b,-0.2184,-0.07980626
13263,model_4b,0.1944,0.14824821
13264,model_4b,0.3266,0.2947644
13265,model_4b,0.7498,0.76735014
13266,model_4b,0.0748,0.18410486
13267,model_4b,0.2608,0.25077158
13268,model_4b,0.6066,0.6251553
13269,model_4b,-0.049,-0.09660263
13270,model_4b,0.4533,0.029334541
13271,model_4b,0.0489,0.028267689
13272,model_4b,-0.0524,-0.0627328
13273,model_4b,0.1214,0.086029984
13274,model_4b,0.1349,0.08000658
13275,model_4b,0.5979,0.58895487
13276,model_4b,0.0872,0.06643905
13277,model_4b,0.318,0.35650232
13278,model_4b,0.2653,0.32831094
13279,model_4b,0.0808,0.050620347
13280,model_4b,0.1323,0.10806979
13281,model_4b,0.096,0.104854144
13282,model_4b,0.299,0.28647792
13283,model_4b,0.0033,-0.009360145
13284,model_4b,-0.0092,-0.020936701
13285,model_4b,0.272,0.2530506
13286,model_4b,0.4508,0.4761532
13287,model_4b,0.2634,0.25405222
13288,model_4b,0.1633,0.17218785
13289,model_4b,0.1333,0.11064508
13290,model_4b,0.3495,0.24425323
13291,model_4b,0.1048,0.20554395
13292,model_4b,0.1198,0.16888367
13293,model_4b,-0.0043,0.014511322
13294,model_4b,0.4489,0.2793735
13295,model_4b,0.1631,0.1503429
13296,model_4b,0.9563,0.93575746
13297,model_4b,0.4738,0.48718932
13298,model_4b,0.0725,0.09258139
13299,model_4b,0.4155,0.44639283
13300,model_4b,0.1499,0.12998341
13301,model_4b,0.0688,0.060726576
13302,model_4b,0.0381,-0.070193484
13303,model_4b,0.3569,0.30211636
13304,model_4b,0.7972,0.81145996
13305,model_4b,0.2212,0.2738825
13306,model_4b,0.355,0.34233695
13307,model_4b,0.336,0.41387063
13308,model_4b,0.5555,0.55110717
13309,model_4b,0.4603,0.43054682
13310,model_4b,0.7141,0.7111385
13311,model_4b,0.265,0.31711835
13312,model_4b,-0.1181,-0.123468034
13313,model_4b,0.0851,0.07256357
13314,model_4b,0.385,0.4023335
13315,model_4b,0.1071,0.039044686
13316,model_4b,-0.0117,0.020137407
13317,model_4b,0.1963,0.16162965
13318,model_4b,0.1242,0.12308706
13319,model_4b,0.4865,0.44582832
13320,model_4b,-0.1261,-0.12512027
13321,model_4b,0.2501,0.21896373
13322,model_4b,0.4312,0.4403927
13323,model_4b,0.2962,0.14094485
13324,model_4b,0.218,0.18862475
13325,model_4b,0.3698,0.34885728
13326,model_4b,0.7461,0.7137006
13327,model_4b,0.194,0.22165734
13328,model_4b,0.1808,0.109509945
13329,model_4b,0.4745,0.49210376
13330,model_4b,0.3008,0.3053319
13331,model_4b,0.2046,0.20144822
13332,model_4b,0.1094,0.23692733
13333,model_4b,-0.2134,-0.21571891
13334,model_4b,0.5296,0.51766205
13335,model_4b,0.1539,0.21388735
13336,model_4b,0.0766,0.055629052
13337,model_4b,0.6032,0.5881744
13338,model_4b,0.2886,0.27150565
13339,model_4b,0.7923,0.75693995
13340,model_4b,0.5686,0.5431064
13341,model_4b,0.2972,0.31621116
13342,model_4b,0.3508,0.39927474
13343,model_4b,0.3847,0.39556843
13344,model_4b,0.4299,0.24481602
13345,model_4b,0.2939,0.36508048
13346,model_4b,0.1845,0.21690004
13347,model_4b,-0.0479,-0.048417818
13348,model_4b,0.172,0.19236803
13349,model_4b,0.1248,0.14219798
13350,model_4b,0.5103,0.49732047
13351,model_4b,0.1977,0.18072134
13352,model_4b,0.1619,0.05414863
13353,model_4b,0.2296,0.270007
13354,model_4b,0.1099,0.07790502
13355,model_4b,-0.0637,-0.11501566
13356,model_4b,0.8403,0.83878964
13357,model_4b,0.0637,0.045380555
13358,model_4b,0.2041,0.1308843
13359,model_4b,0.0465,0.015022648
13360,model_4b,0.0101,0.03720869
13361,model_4b,0.2409,0.25130317
13362,model_4b,0.0093,0.0105090095
13363,model_4b,0.4028,0.36478227
13364,model_4b,0.2084,0.23693696
13365,model_4b,0.1163,0.06825963
13366,model_4b,0.5024,0.4715563
13367,model_4b,0.2284,0.19748585
13368,model_4b,0.8808,0.8741784
13369,model_4b,0.2597,0.16342187
13370,model_4b,0.072,0.07583341
13371,model_4b,0.1738,0.18465038
13372,model_4b,0.4511,0.48646003
13373,model_4b,0.052,0.07972041
13374,model_4b,-0.0326,0.033004604
13375,model_4b,0.4512,0.4608957
13376,model_4b,0.3017,0.28773338
13377,model_4b,0.1598,0.16558136
13378,model_4b,0.1222,0.11825307
13379,model_4b,0.0635,0.12969686
13380,model_4b,0.6543,0.67613095
13381,model_4b,0.4857,0.49376255
13382,model_4b,0.1966,0.24766807
13383,model_4b,0.5113,0.437134
13384,model_4b,0.1198,0.15220098
13385,model_4b,0.0328,0.025570534
13386,model_4b,0.0196,0.0036830073
13387,model_4b,0.0331,0.026151527
13388,model_4b,0.4467,0.46486574
13389,model_4b,-0.0102,0.10340362
13390,model_4b,0.058,0.059991755
13391,model_4b,0.2564,0.26504934
13392,model_4b,0.6732,0.63437015
13393,model_4b,0.4332,0.36266994
13394,model_4b,0.0675,0.085377745
13395,model_4b,0.6779,0.68868005
13396,model_4b,0.7647,0.7223404
13397,model_4b,-0.0555,-0.021147763
13398,model_4b,0.373,0.3637544
13399,model_4b,0.0998,0.09031453
13400,model_4b,0.1463,0.14978243
13401,model_4b,-0.0189,-0.024518412
13402,model_4b,0.0831,0.024249367
13403,model_4b,0.1446,0.17161117
13404,model_4b,0.638,0.6112985
13405,model_4b,0.6596,0.6928798
13406,model_4b,0.2615,0.25872692
13407,model_4b,-0.0527,-0.09285681
13408,model_4b,0.1305,0.13199589
13409,model_4b,0.479,0.47242835
13410,model_4b,-0.0128,-0.007979174
13411,model_4b,0.2885,0.2809803
13412,model_4b,0.8212,0.88026994
13413,model_4b,0.9306,0.80988294
13414,model_4b,0.254,0.23896308
13415,model_4b,0.166,0.16002952
13416,model_4b,0.4765,0.45975506
13417,model_4b,0.1633,-0.019869495
13418,model_4b,0.1265,0.13052027
13419,model_4b,0.1724,0.17910036
13420,model_4b,0.4079,0.4270944
13421,model_4b,0.6684,0.740238
13422,model_4b,0.1849,0.114894494
13423,model_4b,-0.0953,-0.07974266
13424,model_4b,0.5769,0.5909966
13425,model_4b,0.3919,0.3751176
13426,model_4b,0.4085,0.3911312
13427,model_4b,0.144,0.26161504
13428,model_4b,0.2652,0.24878977
13429,model_4b,0.1924,0.17824589
13430,model_4b,0.9163,0.89762336
13431,model_4b,0.1918,0.17540841
13432,model_4b,0.7624,0.7740833
13433,model_4b,0.485,0.420015
13434,model_4b,0.0751,0.068730205
13435,model_4b,-0.05,0.24157758
13436,model_4b,0.2362,0.270555
13437,model_4b,0.348,0.3072934
13438,model_4b,0.5385,0.5449049
13439,model_4b,0.3454,0.3591993
13440,model_4b,0.1225,0.09076125
13441,model_4b,0.0754,0.082703605
13442,model_4b,0.6634,0.7201564
13443,model_4b,0.1094,0.03526017
13444,model_4b,0.1368,0.11641039
13445,model_4b,0.2327,0.19468988
13446,model_4b,0.4911,0.4663682
13447,model_4b,0.2826,0.28824103
13448,model_4b,0.1687,0.47453755
13449,model_4b,0.0848,0.06553394
13450,model_4b,-0.176,-0.2277488
13451,model_4b,0.0121,0.032665223
13452,model_4b,0.6249,0.64679474
13453,model_4b,0.4349,0.33784127
13454,model_4b,0.4019,0.44590035
13455,model_4b,0.1304,0.13934538
13456,model_4b,0.2117,0.23565991
13457,model_4b,0.0995,0.16027491
13458,model_4b,0.4471,0.4463114
13459,model_4b,0.203,0.2138889
13460,model_4b,0.033,0.03749798
13461,model_4b,-0.152,-0.16075295
13462,model_4b,-0.0279,0.04680622
13463,model_4b,0.6791,0.7164437
13464,model_4b,-0.0085,-0.007869556
13465,model_4b,0.2231,0.25188047
13466,model_4b,0.6359,0.63496846
13467,model_4b,0.7664,0.8095071
13468,model_4b,0.4791,0.4568486
13469,model_4b,0.2057,0.15963326
13470,model_4b,0.0699,0.042213388
13471,model_4b,0.1294,0.059189014
13472,model_4b,0.3033,0.34369904
13473,model_4b,0.1264,0.17249405
13474,model_4b,0.2875,0.33702797
13475,model_4b,0.6002,0.645076
13476,model_4b,0.4248,0.41172442
13477,model_4b,0.4448,0.49837345
13478,model_4b,0.1347,0.11809336
13479,model_4b,0.3252,0.26974103
13480,model_4b,0.2669,0.52136225
13481,model_4b,0.3598,0.40467486
13482,model_4b,-0.0156,0.022218004
13483,model_4b,0.4737,0.57901996
13484,model_4b,0.0403,0.086620815
13485,model_4b,0.5694,0.5582642
13486,model_4b,0.4045,0.38972354
13487,model_4b,0.009,0.04109867
13488,model_4b,0.1342,0.06638935
13489,model_4b,0.7054,0.7485245
13490,model_4b,0.3168,0.3722536
13491,model_4b,0.1717,0.18534791
13492,model_4b,0.2772,0.26742524
13493,model_4b,0.8242,0.7815113
13494,model_4b,0.2709,0.27509403
13495,model_4b,0.0393,0.10258342
13496,model_4b,0.147,0.12546135
13497,model_4b,0.3942,0.34510154
13498,model_4b,0.1524,0.07101607
13499,model_4b,0.2367,0.20209625
13500,model_4b,0.2284,0.25842476
13501,model_4b,-0.1283,0.053051364
13502,model_4b,0.6358,0.59324676
13503,model_4b,0.0786,0.07990119
13504,model_4b,0.5718,0.59297335
13505,model_4b,0.066,0.266846
13506,model_4b,0.2079,0.12340522
13507,model_4b,0.0708,0.08663227
13508,model_4b,-0.054,-0.039010707
13509,model_4b,0.1035,0.08549439
13510,model_4b,0.108,0.08254995
13511,model_4b,0.3439,0.3610223
13512,model_4b,0.0384,0.05626753
13513,model_4b,0.2795,0.33219603
13514,model_4b,-0.1262,-0.13015853
13515,model_4b,0.438,0.45673472
13516,model_4b,0.3907,0.3667503
13517,model_4b,-0.0814,-0.082810804
13518,model_4b,0.1678,0.30871305
13519,model_4b,0.0802,0.039496087
13520,model_4b,0.1455,0.17335619
13521,model_4b,0.2875,0.38899887
13522,model_4b,0.0117,0.028074175
13523,model_4b,0.4269,0.43760186
13524,model_4b,0.1911,0.23139523
13525,model_4b,0.0549,0.14172094
13526,model_4b,0.2011,0.19456868
13527,model_4b,0.5978,0.6286847
13528,model_4b,0.0324,-0.045404155
13529,model_4b,0.2864,0.26949245
13530,model_4b,0.1105,0.12684478
13531,model_4b,-0.1103,-0.120844476
13532,model_4b,0.4346,0.48937786
13533,model_4b,0.2428,0.5338982
13534,model_4b,0.0361,0.078323826
13535,model_4b,0.2358,0.18440817
13536,model_4b,-0.0825,-0.08048206
13537,model_4b,0.0403,0.057878196
13538,model_4b,0.1929,0.11525173
13539,model_4b,0.244,0.22633645
13540,model_4b,0.3449,0.33273667
13541,model_4b,0.2486,0.091082856
13542,model_4b,0.0712,0.19350846
13543,model_4b,-0.103,-0.13823108
13544,model_4b,0.3753,0.3362193
13545,model_4b,0.0006,0.048414245
13546,model_4b,0.044,0.06667797
13547,model_4b,0.1785,0.14698194
13548,model_4b,0.4131,0.39196625
13549,model_4b,0.2087,0.20937365
13550,model_4b,0.3613,0.32044044
13551,model_4b,0.0645,0.047694262
13552,model_4b,0.0967,0.124912426
13553,model_4b,0.6455,0.6205869
13554,model_4b,0.1528,0.09653641
13555,model_4b,1.0079,1.0095037
13556,model_4b,0.6653,0.69700253
13557,model_4b,0.0932,0.08022113
13558,model_4b,-0.0429,-0.04392899
13559,model_4b,0.0913,0.11863804
13560,model_4b,0.6575,0.6464011
13561,model_4b,0.8496,0.83871174
13562,model_4b,0.2605,0.21782933
13563,model_4b,0.3398,0.31229475
13564,model_4b,0.2501,0.22653371
13565,model_4b,0.271,0.25673944
13566,model_4b,-0.061,-0.05213947
13567,model_4b,0.4203,0.37296975
13568,model_4b,-0.0005,0.018245436
13569,model_4b,0.1558,0.062309034
13570,model_4b,0.3335,0.3080306
13571,model_4b,-0.0132,-0.05200147
13572,model_4b,-0.1693,-0.1539476
13573,model_4b,0.165,0.20821689
13574,model_4b,0.1295,0.08959799
13575,model_4b,0.175,0.12215656
13576,model_4b,-0.0299,-0.005942908
13577,model_4b,0.0498,0.04060956
13578,model_4b,0.216,0.2184109
13579,model_4b,0.7059,0.7866747
13580,model_4b,0.3241,0.38248652
13581,model_4b,0.2366,0.21897347
13582,model_4b,0.131,0.10315894
13583,model_4b,0.3216,0.10638487
13584,model_4b,0.5217,0.6277551
13585,model_4b,0.0427,0.05975637
13586,model_4b,0.2335,0.24340416
13587,model_4b,0.1227,0.15192866
13588,model_4b,0.1921,0.4845363
13589,model_4b,-0.1265,-0.16403578
13590,model_4b,0.0169,0.040089533
13591,model_4b,0.1836,0.21853422
13592,model_4b,0.4508,0.427508
13593,model_4b,0.2019,0.15640141
13594,model_4b,0.2379,0.25409353
13595,model_4b,0.308,0.29978305
13596,model_4b,0.4073,0.40168175
13597,model_4b,0.221,0.19693221
13598,model_4b,0.1163,0.13426131
13599,model_4b,0.0952,0.102748394
13600,model_4b,0.4853,0.45576584
13601,model_4b,0.1418,0.115827635
13602,model_4b,0.6652,0.6810351
13603,model_4b,0.0419,0.03821366
13604,model_4b,0.1895,0.18370046
13605,model_4b,-0.0431,-0.059643798
13606,model_4b,-0.0173,-0.007066476
13607,model_4b,0.5333,0.26510644
13608,model_4b,0.8141,0.8086998
13609,model_4b,0.454,0.41630092
13610,model_4b,0.0665,0.1484703
13611,model_4b,0.1774,0.17902295
13612,model_4b,0.1839,0.06433986
13613,model_4b,0.1469,0.1468602
13614,model_4b,-0.5033,0.16762169
13615,model_4b,0.3018,0.29046047
13616,model_4b,0.1145,0.12327969
13617,model_4b,0.0179,0.021218281
13618,model_4b,0.6383,0.6344019
13619,model_4b,0.36,0.32268587
13620,model_4b,0.0825,0.15458758
13621,model_4b,0.6585,0.71678257
13622,model_4b,0.2583,0.21770655
13623,model_4b,0.1623,0.17112042
13624,model_4b,-0.1698,-0.1487893
13625,model_4b,0.1941,0.24861796
13626,model_4b,0.3273,0.26550007
13627,model_4b,0.1749,0.18421991
13628,model_4b,0.3254,0.30008674
13629,model_4b,0.0251,0.07500135
13630,model_4b,0.0766,0.07630636
13631,model_4b,-0.016,0.035509296
13632,model_4b,0.3858,0.42221653
13633,model_4b,-0.0388,0.06857095
13634,model_4b,0.3729,0.28866416
13635,model_4b,0.1852,0.14671758
13636,model_4b,0.6184,0.68017596
13637,model_4b,0.3669,0.32965556
13638,model_4b,0.1481,0.068886034
13639,model_4b,0.0361,0.014122977
13640,model_4b,0.3179,0.33902627
13641,model_4b,0.223,0.18753411
13642,model_4b,0.0428,0.0299869
13643,model_4b,0.1823,0.4931265
13644,model_4b,0.1405,0.14768879
13645,model_4b,0.0957,0.10881354
13646,model_4b,0.5819,0.62963325
13647,model_4b,-0.1337,-0.117365345
13648,model_4b,0.2142,0.1161359
13649,model_4b,-0.0016,0.01037112
13650,model_4b,0.5373,0.50237185
13651,model_4b,0.1383,0.048797347
13652,model_4b,0.3459,0.37186205
13653,model_4b,0.1608,0.14333056
13654,model_4b,0.8387,0.83179957
13655,model_4b,0.1567,0.14733095
13656,model_4b,0.0416,0.024338402
13657,model_4b,0.1188,0.15052769
13658,model_4b,0.3047,0.29708004
13659,model_4b,0.1303,0.13724495
13660,model_4b,-0.085,-0.07553154
13661,model_4b,-0.0164,0.008251608
13662,model_4b,0.1152,0.10881483
13663,model_4b,-0.0169,-0.013776396
13664,model_4b,0.1036,0.1273274
13665,model_4b,0.5212,0.507101
13666,model_4b,0.3666,0.41267315
13667,model_4b,-0.098,-0.1351249
13668,model_4b,0.1084,0.09820724
13669,model_4b,0.8723,0.89833724
13670,model_4b,0.1322,0.13007592
13671,model_4b,0.1147,0.24607967
13672,model_4b,0.1247,0.104016155
13673,model_4b,-0.1924,-0.19904982
13674,model_4b,0.449,0.4416833
13675,model_4b,0.3894,0.43903714
13676,model_4b,0.5257,0.55211884
13677,model_4b,0.1153,0.09357045
13678,model_4b,0.0533,0.062332526
13679,model_4b,0.1737,0.19654508
13680,model_4b,0.03,0.028860867
13681,model_4b,-0.0147,-0.008427541
13682,model_4b,0.2641,0.28688794
13683,model_4b,0.4854,0.5020935
13684,model_4b,0.3445,0.43444932
13685,model_4b,0.4229,0.40379673
13686,model_4b,0.0477,0.034616053
13687,model_4b,0.1157,0.17078634
13688,model_4b,0.441,0.4338677
13689,model_4b,0.1002,0.097233325
13690,model_4b,0.8973,0.92540675
13691,model_4b,-0.0655,-0.036683917
13692,model_4b,0.3526,0.4049065
13693,model_4b,0.4466,0.45913547
13694,model_4b,0.0852,0.08696812
13695,model_4b,0.7809,0.789596
13696,model_4b,0.0133,0.032018192
13697,model_4b,0.4147,0.42404443
13698,model_4b,0.0922,0.06053193
13699,model_4b,0.1637,0.107577346
13700,model_4b,0.2647,0.2805253
13701,model_4b,0.2417,0.20166557
13702,model_4b,0.1029,0.026125818
13703,model_4b,0.2201,0.24979545
13704,model_4b,0.0164,6.4739026e-05
13705,model_4b,0.6812,0.6893866
13706,model_4b,0.0405,0.10345502
13707,model_4b,0.5053,0.42510056
13708,model_4b,0.2447,0.17874388
13709,model_4b,0.4093,0.47884005
13710,model_4b,0.0639,0.08664704
13711,model_4b,0.0072,0.04970975
13712,model_4b,0.5435,0.58624387
13713,model_4b,0.2698,0.25486732
13714,model_4b,0.3711,0.36243403
13715,model_4b,0.2884,0.22579776
13716,model_4b,0.1866,0.16119115
13717,model_4b,0.9287,0.88601494
13718,model_4b,0.175,0.16363676
13719,model_4b,-0.0025,0.034361552
13720,model_4b,0.1725,0.17703658
13721,model_4b,0.6452,0.68189377
13722,model_4b,0.3289,0.2549443
13723,model_4b,0.5133,0.4612492
13724,model_4b,0.3051,0.2521177
13725,model_4b,0.8136,0.8715246
13726,model_4b,0.2089,0.23257534
13727,model_4b,0.8454,0.90066177
13728,model_4b,0.7122,0.7249182
13729,model_4b,0.1855,0.2017031
13730,model_4b,0.4717,0.48381448
13731,model_4b,0.4186,0.48423627
13732,model_4b,0.5399,0.5582487
13733,model_4b,0.1329,0.17705919
13734,model_4b,0.1832,0.15555236
13735,model_4b,0.169,0.22760893
13736,model_4b,-0.0272,-0.041420218
13737,model_4b,0.0991,0.3036201
13738,model_4b,0.7323,0.7560217
