,model,truevals,predvals
0,model_3,0.1742,0.1366844
1,model_3,0.3472,0.31870794
2,model_3,0.2622,0.2688217
3,model_3,0.0902,0.19056478
4,model_3,0.2579,0.27704307
5,model_3,0.2599,0.27164495
6,model_3,0.0246,0.07841694
7,model_3,0.2669,0.28255475
8,model_3,0.1207,0.26979017
9,model_3,0.0055,0.07087751
10,model_3,0.5098,0.4949451
11,model_3,-0.012,-0.022215236
12,model_3,0.7691,0.6988581
13,model_3,0.5229,0.5092516
14,model_3,0.3393,0.27636564
15,model_3,0.1309,0.17279227
16,model_3,0.172,0.18033919
17,model_3,0.0511,0.017175788
18,model_3,-0.0566,-0.09923191
19,model_3,0.6193,0.59500843
20,model_3,0.2788,0.20558052
21,model_3,0.3404,0.14949356
22,model_3,0.018,0.06439878
23,model_3,0.109,0.10685754
24,model_3,0.5985,0.70088565
25,model_3,0.216,0.13593829
26,model_3,0.0461,0.26360273
27,model_3,0.4293,0.3534512
28,model_3,0.3765,0.41073537
29,model_3,0.7156,0.7658439
30,model_3,0.1617,0.2025136
31,model_3,0.0708,0.071050145
32,model_3,0.0481,0.08046445
33,model_3,0.452,0.4307006
34,model_3,-0.0023,0.03572082
35,model_3,0.5507,0.4481959
36,model_3,0.1282,0.12044656
37,model_3,0.082,0.041866604
38,model_3,0.4076,0.35332072
39,model_3,-0.0092,0.10746682
40,model_3,-0.1556,-0.12093665
41,model_3,0.7308,0.75888926
42,model_3,0.2341,0.29522064
43,model_3,0.679,0.53437585
44,model_3,0.2077,0.4098721
45,model_3,0.5919,0.5139535
46,model_3,0.1955,0.12596689
47,model_3,0.4366,0.42069608
48,model_3,0.1824,0.13969897
49,model_3,0.3717,0.3430352
50,model_3,0.0313,0.041329887
51,model_3,-0.0219,0.045050304
52,model_3,0.0104,0.025587644
53,model_3,-0.032,-0.041972347
54,model_3,-0.0008,0.022017347
55,model_3,0.1056,0.14226349
56,model_3,0.9643,0.86103696
57,model_3,0.4371,0.3923301
58,model_3,0.4938,0.5690022
59,model_3,0.6281,0.4590748
60,model_3,0.2727,0.22840482
61,model_3,0.5963,0.59480846
62,model_3,0.4225,0.49058306
63,model_3,0.142,0.1506397
64,model_3,0.1854,0.20687746
65,model_3,0.0249,0.025539145
66,model_3,0.2698,0.10630852
67,model_3,0.4806,0.43988895
68,model_3,0.6473,0.64355475
69,model_3,0.0937,0.13842653
70,model_3,0.2429,0.23662008
71,model_3,0.1974,0.26425457
72,model_3,0.2327,0.26637185
73,model_3,0.0672,0.08147904
74,model_3,0.7554,0.7608617
75,model_3,0.4633,0.43643802
76,model_3,0.5518,0.61964005
77,model_3,0.2451,0.41406476
78,model_3,0.4036,0.30454993
79,model_3,0.2338,0.17585298
80,model_3,0.0979,0.09122875
81,model_3,0.1907,0.18841499
82,model_3,0.0072,0.025827343
83,model_3,0.2432,0.2901946
84,model_3,0.2318,0.055470128
85,model_3,-0.0746,-0.10046098
86,model_3,0.4221,0.27763638
87,model_3,0.1755,0.13490297
88,model_3,0.2446,0.2813623
89,model_3,0.0904,0.10402855
90,model_3,0.0879,0.05995189
91,model_3,0.6955,0.6515123
92,model_3,0.0591,0.116429836
93,model_3,0.6959,0.67283344
94,model_3,-0.1278,-0.14755939
95,model_3,0.0624,0.091827735
96,model_3,0.0442,0.006094143
97,model_3,0.6297,0.6453413
98,model_3,0.2852,0.2850469
99,model_3,0.0936,0.081583366
100,model_3,0.0606,0.07649872
101,model_3,0.1987,0.21131133
102,model_3,0.09,0.10780732
103,model_3,0.2364,0.2518247
104,model_3,0.4779,0.48008478
105,model_3,0.1909,0.19657277
106,model_3,0.1822,0.08000229
107,model_3,0.69,0.6405768
108,model_3,0.2662,0.2350402
109,model_3,0.1372,0.10963647
110,model_3,0.1736,0.13370663
111,model_3,0.696,0.69750357
112,model_3,0.2744,0.27112237
113,model_3,0.1972,0.21580414
114,model_3,0.2457,0.2247719
115,model_3,0.1107,0.10017151
116,model_3,0.3896,0.24523777
117,model_3,0.2898,0.2442163
118,model_3,-0.0475,-0.040317997
119,model_3,-0.1115,0.0008824989
120,model_3,0.0938,0.31501135
121,model_3,0.1639,0.2086371
122,model_3,0.6244,0.542972
123,model_3,0.2373,0.17573558
124,model_3,0.3146,0.2727251
125,model_3,0.2164,0.3401714
126,model_3,0.1153,0.15030277
127,model_3,0.2167,0.1970804
128,model_3,-0.0591,0.023757
129,model_3,0.1402,0.11384426
130,model_3,0.1971,0.24567701
131,model_3,0.3754,0.36619464
132,model_3,0.3665,0.42465448
133,model_3,0.7798,0.69749385
134,model_3,0.3074,0.3340758
135,model_3,0.4226,0.34832913
136,model_3,0.0883,0.07537356
137,model_3,0.4308,0.37107044
138,model_3,0.3496,0.33228284
139,model_3,0.8872,0.8435876
140,model_3,0.0269,0.08956526
141,model_3,0.0201,-0.018440396
142,model_3,0.0545,0.050486367
143,model_3,0.408,0.3624143
144,model_3,0.4498,0.41790497
145,model_3,0.5567,0.5467874
146,model_3,0.1679,0.2096459
147,model_3,0.3179,0.17517532
148,model_3,0.2809,0.28894335
149,model_3,0.0747,0.11063407
150,model_3,0.407,0.37007773
151,model_3,0.8929,0.7777142
152,model_3,0.2375,0.2173625
153,model_3,0.0772,0.1195257
154,model_3,-0.0934,-0.058704037
155,model_3,0.5798,0.58646375
156,model_3,0.0314,-0.04619808
157,model_3,0.2242,0.24201131
158,model_3,0.0061,0.012773842
159,model_3,0.3947,0.38371164
160,model_3,0.0621,0.16150862
161,model_3,0.3024,0.28733787
162,model_3,-0.0431,-0.0037908405
163,model_3,0.1099,0.061015747
164,model_3,0.1365,0.14493267
165,model_3,0.0725,0.12826401
166,model_3,-0.0899,-0.06309815
167,model_3,0.0829,0.16772312
168,model_3,0.1587,0.10609141
169,model_3,-0.1932,-0.17226964
170,model_3,0.3215,0.35928476
171,model_3,0.2174,0.19219416
172,model_3,0.1512,0.13029592
173,model_3,0.2669,0.30346197
174,model_3,0.8352,0.8164056
175,model_3,0.892,0.9069722
176,model_3,-0.0143,0.05049866
177,model_3,0.1767,0.41692793
178,model_3,0.1139,0.113137454
179,model_3,0.6466,0.5934966
180,model_3,-0.0505,-0.033536874
181,model_3,0.7133,0.71646297
182,model_3,0.0452,0.0440525
183,model_3,-0.1859,-0.21815579
184,model_3,0.2571,0.30057523
185,model_3,0.2027,0.2699149
186,model_3,0.4073,0.3770336
187,model_3,0.5139,0.53282636
188,model_3,-0.0494,-0.038866594
189,model_3,0.112,0.10744572
190,model_3,0.4012,0.34035805
191,model_3,0.3709,0.31762436
192,model_3,-0.0446,0.020146536
193,model_3,0.6359,0.62709904
194,model_3,0.2515,0.2603998
195,model_3,0.037,0.08926013
196,model_3,0.1999,0.17802657
197,model_3,0.3295,0.2784573
198,model_3,0.0831,0.104077965
199,model_3,0.0657,0.07211694
200,model_3,-0.0492,-0.008679789
201,model_3,0.1556,0.17758039
202,model_3,0.2235,0.09983428
203,model_3,0.4035,0.35970587
204,model_3,-0.2038,0.008338478
205,model_3,0.3139,0.3491257
206,model_3,0.6596,0.69797176
207,model_3,0.4091,0.43168625
208,model_3,0.0072,0.03199532
209,model_3,0.0985,0.08379486
210,model_3,-0.0895,0.20266576
211,model_3,0.0799,0.28612235
212,model_3,0.5198,0.37395304
213,model_3,0.1625,0.18704055
214,model_3,0.0867,0.1426724
215,model_3,0.0994,0.06823577
216,model_3,0.3815,0.40316057
217,model_3,0.5326,0.5604401
218,model_3,0.621,0.70078343
219,model_3,0.2191,0.20110592
220,model_3,0.1298,0.15683381
221,model_3,0.2678,0.21408176
222,model_3,0.0903,0.07431655
223,model_3,0.3403,0.38197425
224,model_3,1.0553,0.97332126
225,model_3,0.1953,0.17579454
226,model_3,0.4376,0.4538223
227,model_3,0.2136,0.19367345
228,model_3,0.7193,0.65092313
229,model_3,0.5463,0.545596
230,model_3,0.1313,-0.012481444
231,model_3,0.2144,0.17214383
232,model_3,0.0857,0.17280082
233,model_3,0.1052,0.058395926
234,model_3,0.0242,0.080756426
235,model_3,0.1174,0.1849433
236,model_3,0.0628,0.101190135
237,model_3,0.1227,0.1116987
238,model_3,0.068,0.1148601
239,model_3,0.4677,0.3928041
240,model_3,0.0784,0.115155384
241,model_3,0.0617,-0.008392192
242,model_3,0.0255,0.03056892
243,model_3,0.3808,0.3484784
244,model_3,0.2358,0.2457973
245,model_3,-0.1035,-0.020220608
246,model_3,-0.0109,0.1518309
247,model_3,0.1382,0.09477019
248,model_3,0.2491,0.18821137
249,model_3,0.31,0.197611
250,model_3,0.331,0.26635653
251,model_3,0.0336,0.048583917
252,model_3,0.3975,0.37014297
253,model_3,0.3994,0.33965296
254,model_3,0.0091,-0.014275957
255,model_3,0.1408,0.10443942
256,model_3,0.4389,0.43452206
257,model_3,-0.0265,-0.07167597
258,model_3,0.0209,0.028003182
259,model_3,0.1397,0.05225851
260,model_3,0.2075,0.07635002
261,model_3,0.0072,0.027844219
262,model_3,0.1147,-0.008409891
263,model_3,0.1494,0.10464284
264,model_3,0.8995,0.91861624
265,model_3,0.4714,0.5828605
266,model_3,0.1718,0.2015704
267,model_3,0.128,0.053621653
268,model_3,0.222,0.24297146
269,model_3,0.2756,0.35638726
270,model_3,0.7367,0.6958862
271,model_3,0.0059,0.092378706
272,model_3,0.2641,0.2808433
273,model_3,0.2558,0.18623666
274,model_3,0.3925,0.33188775
275,model_3,0.09,0.12767054
276,model_3,0.3312,0.31405672
277,model_3,0.0923,0.09450792
278,model_3,0.74,0.73819745
279,model_3,0.4446,0.5524891
280,model_3,0.3847,0.3911106
281,model_3,0.1489,0.14494932
282,model_3,0.1605,0.16390486
283,model_3,0.3687,0.304877
284,model_3,0.2024,0.1831923
285,model_3,0.1016,0.11092119
286,model_3,0.3067,0.2923658
287,model_3,0.2185,0.24431936
288,model_3,0.3781,0.37303337
289,model_3,0.1113,0.08066696
290,model_3,-0.0748,-0.006783543
291,model_3,0.0462,0.1160578
292,model_3,0.1681,0.13368367
293,model_3,0.1543,0.19981371
294,model_3,0.8037,0.7374479
295,model_3,0.395,0.30986536
296,model_3,0.8889,0.89530206
297,model_3,0.2505,0.2028123
298,model_3,0.1992,0.2019137
299,model_3,0.2787,0.33311963
300,model_3,0.1438,0.09421757
301,model_3,0.502,0.45418385
302,model_3,0.8745,0.75221616
303,model_3,0.4289,0.31664652
304,model_3,0.0447,-0.008820161
305,model_3,-0.0261,0.008587733
306,model_3,0.1399,0.01788768
307,model_3,-0.1683,-0.21072358
308,model_3,0.0411,0.038754307
309,model_3,0.1003,0.11547728
310,model_3,0.0585,0.11748445
311,model_3,0.1376,0.320263
312,model_3,0.0391,0.10042618
313,model_3,0.2753,0.15442584
314,model_3,0.0601,0.02059999
315,model_3,0.1261,0.13682237
316,model_3,0.2749,0.32331485
317,model_3,0.1857,0.1831517
318,model_3,0.0964,0.075369865
319,model_3,0.4942,0.43055665
320,model_3,0.2662,0.27095127
321,model_3,0.3008,0.2906819
322,model_3,0.0856,0.033960246
323,model_3,0.1389,0.24126746
324,model_3,0.3661,0.2734563
325,model_3,0.0594,0.054135572
326,model_3,0.3458,0.39500058
327,model_3,0.0687,0.071477845
328,model_3,0.3593,0.36393481
329,model_3,0.137,0.15203081
330,model_3,0.1341,0.18122828
331,model_3,0.151,0.18944712
332,model_3,0.1554,0.21125837
333,model_3,0.5598,0.5957137
334,model_3,-0.0274,0.18307225
335,model_3,0.6533,0.7660032
336,model_3,0.2517,0.19352268
337,model_3,0.0926,0.05285454
338,model_3,-0.0574,0.000506185
339,model_3,0.2857,0.2869792
340,model_3,0.0515,0.007544361
341,model_3,0.3514,0.31799674
342,model_3,0.252,0.27792406
343,model_3,0.1008,0.131856
344,model_3,0.0225,0.13206069
345,model_3,0.0394,0.057757173
346,model_3,0.0743,0.07607655
347,model_3,0.187,0.23193568
348,model_3,-0.0037,-0.022121787
349,model_3,0.0697,0.11307426
350,model_3,0.0024,0.044996757
351,model_3,0.7582,0.84359914
352,model_3,-0.0397,-0.031947684
353,model_3,0.0431,0.1419385
354,model_3,0.5601,0.60367066
355,model_3,0.2331,0.2423423
356,model_3,0.4086,0.48058438
357,model_3,0.0462,0.07207909
358,model_3,0.6001,0.6241893
359,model_3,0.1585,0.24624044
360,model_3,0.0796,0.0709122
361,model_3,0.172,0.1780035
362,model_3,0.1548,0.19249502
363,model_3,-0.0393,-0.011831211
364,model_3,0.1352,0.1226885
365,model_3,0.0435,0.04946992
366,model_3,0.1,0.108774886
367,model_3,0.1049,0.16571416
368,model_3,0.1261,0.04821826
369,model_3,0.6819,0.7385364
370,model_3,0.7945,0.8182346
371,model_3,0.3399,0.39813483
372,model_3,0.2338,0.22641283
373,model_3,0.2269,0.25787124
374,model_3,0.5148,0.55179733
375,model_3,0.0329,0.026408711
376,model_3,0.3382,0.39326355
377,model_3,0.1607,0.279975
378,model_3,0.0783,0.110383704
379,model_3,0.4299,0.40867874
380,model_3,0.3417,0.27399197
381,model_3,0.0644,0.051276837
382,model_3,0.1874,0.13260368
383,model_3,0.4444,0.48337823
384,model_3,0.1076,0.14238158
385,model_3,0.7568,0.7455844
386,model_3,0.7964,0.8032864
387,model_3,0.1392,0.12284365
388,model_3,0.1921,0.1893655
389,model_3,0.4004,0.34660703
390,model_3,0.5228,0.5472162
391,model_3,0.2043,0.13432238
392,model_3,0.0782,0.07237683
393,model_3,0.3981,0.37711793
394,model_3,0.0923,0.032108895
395,model_3,0.1557,0.097706676
396,model_3,0.1577,0.11747357
397,model_3,0.3898,0.23092808
398,model_3,0.4326,0.41055143
399,model_3,0.2068,0.19235267
400,model_3,-0.0641,-0.036899865
401,model_3,0.2673,0.25134465
402,model_3,0.2614,0.2427011
403,model_3,0.4236,0.39693373
404,model_3,0.4216,0.3396954
405,model_3,0.0039,-0.062652215
406,model_3,0.2115,0.36681366
407,model_3,0.3192,0.32662064
408,model_3,0.1936,0.21938172
409,model_3,0.1521,0.18520215
410,model_3,0.9456,0.9135513
411,model_3,0.1815,0.11622545
412,model_3,0.038,0.083379135
413,model_3,0.2374,0.24965931
414,model_3,0.1278,0.07382028
415,model_3,0.2961,0.21162996
416,model_3,0.3698,0.4267718
417,model_3,0.0429,-0.03637457
418,model_3,0.1916,0.31033835
419,model_3,0.7071,0.73360103
420,model_3,0.1587,0.22057424
421,model_3,0.0935,0.07178769
422,model_3,0.3822,0.35446376
423,model_3,0.4384,0.09681715
424,model_3,0.2496,0.25423115
425,model_3,0.0946,0.06279151
426,model_3,0.1308,0.07886791
427,model_3,-0.0099,0.18919744
428,model_3,0.1972,0.18406291
429,model_3,0.157,0.16715108
430,model_3,0.2671,0.29610792
431,model_3,0.1013,0.23760077
432,model_3,0.0989,0.17419814
433,model_3,0.0766,0.10814951
434,model_3,0.1012,0.12836143
435,model_3,0.2133,0.1991903
436,model_3,0.0708,0.060371052
437,model_3,0.0181,0.21250276
438,model_3,0.0122,-0.024149653
439,model_3,0.2103,0.32042694
440,model_3,0.1885,0.1776297
441,model_3,-0.0396,-0.024206128
442,model_3,0.0187,0.04061111
443,model_3,0.1929,0.16405234
444,model_3,0.1387,0.13373801
445,model_3,0.0165,0.2113875
446,model_3,0.2901,0.18206812
447,model_3,0.0601,0.054768573
448,model_3,0.5366,0.39899206
449,model_3,0.1732,0.18141605
450,model_3,0.0193,0.03254899
451,model_3,-0.1786,-0.17956693
452,model_3,0.2832,0.117003486
453,model_3,0.4806,0.464496
454,model_3,0.6522,0.6282637
455,model_3,0.1207,0.092779666
456,model_3,0.3049,0.37393713
457,model_3,0.2049,0.2075669
458,model_3,0.1401,0.09535675
459,model_3,0.683,0.48665172
460,model_3,0.0571,0.1011917
461,model_3,0.6791,0.6141488
462,model_3,0.0824,0.12579902
463,model_3,0.0552,0.058809195
464,model_3,-0.0671,-0.060325716
465,model_3,0.0288,0.060466316
466,model_3,0.1335,0.20312923
467,model_3,0.0382,0.030166103
468,model_3,0.4276,0.35188413
469,model_3,-0.0289,-0.047554363
470,model_3,0.2181,0.26251358
471,model_3,0.0106,0.047594603
472,model_3,-0.1842,-0.17680894
473,model_3,0.01,-0.052272264
474,model_3,0.2519,0.29123276
475,model_3,0.5574,0.4345126
476,model_3,0.471,0.47532982
477,model_3,0.5793,0.57387865
478,model_3,0.0751,-0.061239343
479,model_3,0.0549,0.024149511
480,model_3,-0.1231,-0.14907907
481,model_3,0.3804,0.36729854
482,model_3,0.2664,0.45286387
483,model_3,0.031,0.040871054
484,model_3,0.0874,0.14480726
485,model_3,0.3037,0.34471464
486,model_3,0.3791,0.27225113
487,model_3,0.2324,0.2592033
488,model_3,0.3635,0.34711617
489,model_3,0.395,0.35781607
490,model_3,0.0645,0.05215931
491,model_3,0.0271,0.3156075
492,model_3,0.2627,0.31230906
493,model_3,0.0887,0.15303452
494,model_3,0.2047,0.205237
495,model_3,0.034,0.070104964
496,model_3,0.3421,0.35048825
497,model_3,0.3269,0.24301599
498,model_3,-0.006,-0.02299295
499,model_3,0.2316,0.17994933
500,model_3,0.2071,0.2339081
501,model_3,0.5018,0.521855
502,model_3,0.3524,0.40954274
503,model_3,0.451,0.45689332
504,model_3,0.4261,0.38506866
505,model_3,0.1756,0.12700602
506,model_3,0.2647,0.15595861
507,model_3,0.3887,0.38101637
508,model_3,0.1819,0.19810005
509,model_3,0.2084,0.16284771
510,model_3,-0.0771,-0.0057206303
511,model_3,0.0167,0.044930745
512,model_3,0.1493,0.09137708
513,model_3,0.1321,0.23236187
514,model_3,0.2606,0.24083388
515,model_3,0.3859,0.3804009
516,model_3,0.3265,0.2760409
517,model_3,0.1341,0.21926515
518,model_3,0.0887,0.08747025
519,model_3,0.3338,0.31822008
520,model_3,0.1151,0.07971443
521,model_3,0.1444,0.16633345
522,model_3,0.1779,0.18489465
523,model_3,-0.0053,0.044220436
524,model_3,0.3247,0.2533285
525,model_3,0.8948,0.93302065
526,model_3,0.2932,0.18408264
527,model_3,0.0862,0.15660837
528,model_3,0.5758,0.65431637
529,model_3,0.0271,0.06811328
530,model_3,0.1548,0.095321104
531,model_3,0.1415,0.24414966
532,model_3,0.1234,0.12560545
533,model_3,0.1187,0.069157034
534,model_3,0.0769,0.07403752
535,model_3,0.0464,0.07049092
536,model_3,0.1216,0.15090178
537,model_3,0.3501,0.37301672
538,model_3,0.216,0.17440638
539,model_3,0.439,0.46518868
540,model_3,0.307,0.33601892
541,model_3,0.3651,0.34382117
542,model_3,0.3807,0.37715292
543,model_3,-0.1916,-0.15996142
544,model_3,0.1908,0.19285114
545,model_3,-0.0462,0.014865667
546,model_3,-0.0505,-0.028958838
547,model_3,0.4435,0.44640362
548,model_3,0.5313,0.5022588
549,model_3,0.0167,0.046095226
550,model_3,0.0434,0.017388187
551,model_3,0.1337,0.11988266
552,model_3,0.969,0.8952885
553,model_3,0.2204,0.2072525
554,model_3,0.1229,0.1884344
555,model_3,-0.0462,-0.05546846
556,model_3,0.0578,0.077919915
557,model_3,0.3519,0.42069507
558,model_3,0.9655,0.97941875
559,model_3,-0.0981,-0.09538396
560,model_3,0.1246,0.076467454
561,model_3,0.7556,0.7973295
562,model_3,0.4195,0.41681665
563,model_3,-0.0871,-0.099317655
564,model_3,0.2512,0.31759918
565,model_3,0.1583,0.070932895
566,model_3,0.3908,0.4435749
567,model_3,0.2208,0.31567705
568,model_3,0.0368,0.07124776
569,model_3,0.3757,0.36990988
570,model_3,0.0815,0.08752173
571,model_3,0.1276,0.15810363
572,model_3,0.3034,0.34313047
573,model_3,0.6166,0.6274153
574,model_3,0.0655,0.053058613
575,model_3,0.0029,0.034733042
576,model_3,0.4797,0.44923842
577,model_3,0.2118,0.20258346
578,model_3,0.1921,0.18316244
579,model_3,0.332,0.2677253
580,model_3,0.4133,0.38930368
581,model_3,0.7797,0.6590398
582,model_3,0.1041,0.10826667
583,model_3,0.2709,0.27741057
584,model_3,-0.0555,-0.061845865
585,model_3,0.1385,0.13804415
586,model_3,0.0562,0.076474115
587,model_3,0.2844,0.24415992
588,model_3,0.2881,0.24860449
589,model_3,0.1092,0.08412412
590,model_3,0.5503,0.50366634
591,model_3,0.2216,0.17799982
592,model_3,0.2046,0.12940645
593,model_3,0.406,0.3998567
594,model_3,0.7724,0.8302146
595,model_3,0.1091,0.045231488
596,model_3,0.6962,0.7346653
597,model_3,-0.0485,0.019887373
598,model_3,-0.0599,-0.032127764
599,model_3,-0.076,-0.09159896
600,model_3,0.1179,0.1663145
601,model_3,0.5081,0.48752034
602,model_3,0.3315,0.313798
603,model_3,0.2623,0.2627952
604,model_3,0.1938,0.18812145
605,model_3,0.314,0.31581086
606,model_3,-0.0801,-0.053437967
607,model_3,0.1009,0.09162295
608,model_3,0.3551,0.31584877
609,model_3,0.153,-0.028692905
610,model_3,0.2559,0.21790911
611,model_3,0.2024,0.33999872
612,model_3,0.03,0.04790045
613,model_3,0.2319,0.1833881
614,model_3,0.0034,-0.042231545
615,model_3,0.0206,0.16186357
616,model_3,0.1494,0.15434824
617,model_3,0.8532,0.7780779
618,model_3,-0.0564,-0.048731178
619,model_3,-0.0499,-0.036883984
620,model_3,1.1149,1.1119403
621,model_3,-0.0019,-0.03244406
622,model_3,0.3064,0.27844027
623,model_3,-0.0339,0.0009855572
624,model_3,0.3182,0.4711578
625,model_3,0.2744,0.23709327
626,model_3,0.4154,0.41796643
627,model_3,0.1947,0.22966704
628,model_3,0.0489,0.019295972
629,model_3,0.0224,0.045036297
630,model_3,0.0982,0.14109129
631,model_3,0.0544,0.07060939
632,model_3,0.2342,0.20746492
633,model_3,0.4862,0.4466725
634,model_3,0.3874,0.4440131
635,model_3,0.0772,0.105372205
636,model_3,0.0587,0.06610342
637,model_3,0.5955,0.5876375
638,model_3,0.1503,0.18926771
639,model_3,0.172,0.11752692
640,model_3,0.0931,0.10697995
641,model_3,0.2157,0.12910405
642,model_3,0.2849,0.27301684
643,model_3,0.4719,0.425234
644,model_3,0.4176,0.13352658
645,model_3,0.4579,0.4408511
646,model_3,0.4159,0.450451
647,model_3,0.8342,0.89788127
648,model_3,0.0905,0.18130632
649,model_3,0.6247,0.5978236
650,model_3,0.3393,0.32180703
651,model_3,0.6266,0.6933936
652,model_3,0.5577,0.5303915
653,model_3,0.2399,0.25193623
654,model_3,0.2094,0.23769695
655,model_3,0.1543,0.24373753
656,model_3,0.7775,0.78122145
657,model_3,0.2499,0.18706754
658,model_3,-0.0878,-0.010502707
659,model_3,0.4701,0.4295919
660,model_3,0.4016,0.36395466
661,model_3,0.0427,0.01683722
662,model_3,-0.1047,-0.09432767
663,model_3,0.2577,0.33683342
664,model_3,0.4925,0.41279086
665,model_3,0.1066,0.13302296
666,model_3,0.3636,0.28423303
667,model_3,-0.0344,0.01651626
668,model_3,0.1362,0.18487968
669,model_3,0.2301,0.2417004
670,model_3,0.7444,0.7798963
671,model_3,0.2985,0.2935962
672,model_3,0.5036,0.39898646
673,model_3,-0.0446,-0.014158338
674,model_3,0.2211,0.19532831
675,model_3,0.2122,0.24400996
676,model_3,0.3038,0.33696234
677,model_3,0.2825,0.1894403
678,model_3,0.169,0.25838578
679,model_3,0.3098,0.28386247
680,model_3,0.1704,0.17354412
681,model_3,0.2319,0.119850546
682,model_3,0.0874,0.08577609
683,model_3,0.4624,0.38037288
684,model_3,0.0298,0.031174004
685,model_3,0.1836,0.20371756
686,model_3,0.2052,0.16270986
687,model_3,0.3052,0.24720304
688,model_3,0.0353,0.11907481
689,model_3,0.3946,0.28942633
690,model_3,0.1838,0.13787127
691,model_3,-0.0284,0.05053023
692,model_3,0.1889,0.25566941
693,model_3,0.2465,0.2880887
694,model_3,0.3971,0.41786385
695,model_3,-0.0124,0.019821657
696,model_3,0.1483,0.2651572
697,model_3,0.3929,0.4274001
698,model_3,0.0385,0.08133362
699,model_3,0.7409,0.7670147
700,model_3,0.4319,0.41911256
701,model_3,0.3547,0.28940764
702,model_3,0.4181,0.1884393
703,model_3,0.0931,0.08108963
704,model_3,0.2301,0.28395033
705,model_3,0.5099,0.5384904
706,model_3,0.1069,0.16647306
707,model_3,0.1407,0.12155035
708,model_3,0.0037,0.010016661
709,model_3,0.4797,0.44987896
710,model_3,0.3761,0.38705003
711,model_3,0.2996,0.254205
712,model_3,0.7375,0.7587196
713,model_3,0.0485,0.27425158
714,model_3,0.4683,0.29634607
715,model_3,0.3488,0.2913511
716,model_3,0.1223,0.11778703
717,model_3,0.0192,0.11541736
718,model_3,0.1933,0.16546817
719,model_3,0.2714,0.20956829
720,model_3,0.2649,0.22824386
721,model_3,0.0531,0.07267848
722,model_3,0.6831,0.6226725
723,model_3,0.2859,0.3164032
724,model_3,0.6383,0.7160532
725,model_3,0.6986,0.7962262
726,model_3,0.1041,0.12078747
727,model_3,0.8284,0.84689033
728,model_3,0.2697,0.2369475
729,model_3,-0.0009,0.06635097
730,model_3,0.6451,0.5682846
731,model_3,0.284,0.26789254
732,model_3,0.128,0.12267865
733,model_3,0.2157,0.39849597
734,model_3,0.0139,-0.012284238
735,model_3,-0.0144,0.06441626
736,model_3,0.3147,0.41402957
737,model_3,0.4315,0.4032013
738,model_3,0.2161,0.2540485
739,model_3,0.3573,0.20773129
740,model_3,0.796,0.7880716
741,model_3,0.2933,0.21027216
742,model_3,-0.0881,-0.07159455
743,model_3,0.1768,0.08165532
744,model_3,0.7058,0.6331627
745,model_3,0.2011,0.14678384
746,model_3,-0.0115,0.14581577
747,model_3,0.2119,0.45139635
748,model_3,0.4586,0.35622668
749,model_3,0.0233,0.03121334
750,model_3,0.0122,0.059308972
751,model_3,0.0983,0.11853835
752,model_3,0.2722,0.34792718
753,model_3,0.2299,0.23710926
754,model_3,0.4251,0.4174252
755,model_3,0.0889,0.20078789
756,model_3,0.5073,0.51018006
757,model_3,-0.046,0.044136543
758,model_3,0.1097,0.18130039
759,model_3,0.2813,0.2874285
760,model_3,0.0009,-0.006505277
761,model_3,0.42,0.39489174
762,model_3,0.1115,0.07204289
763,model_3,0.0718,0.11256099
764,model_3,0.354,0.33472052
765,model_3,0.0613,0.020909624
766,model_3,0.2332,0.2905525
767,model_3,0.1617,0.14453286
768,model_3,0.1241,0.10031015
769,model_3,0.2725,0.2901056
770,model_3,-0.0938,-0.0408854
771,model_3,0.1787,0.16931294
772,model_3,0.0769,0.10489327
773,model_3,0.6247,0.5859396
774,model_3,0.6025,0.5048579
775,model_3,0.2224,0.16523226
776,model_3,0.221,0.2892405
777,model_3,-0.0957,-0.007504413
778,model_3,0.6228,0.5756133
779,model_3,0.1402,0.23762752
780,model_3,0.0785,0.05367114
781,model_3,0.4649,0.4452837
782,model_3,0.0534,0.079962626
783,model_3,0.0432,0.00016267225
784,model_3,0.0857,0.11386672
785,model_3,0.1494,0.14672343
786,model_3,0.1702,0.15254696
787,model_3,0.0555,0.07464014
788,model_3,0.5607,0.5992548
789,model_3,0.2211,0.24341905
790,model_3,0.1829,0.23002625
791,model_3,0.0828,0.07595497
792,model_3,0.1185,0.05976245
793,model_3,0.4689,0.4356593
794,model_3,-0.0693,0.032480806
795,model_3,0.2431,0.29222375
796,model_3,0.33,0.22498965
797,model_3,0.24,0.26443708
798,model_3,0.4048,0.51614887
799,model_3,0.2911,0.10125497
800,model_3,0.3472,0.21273607
801,model_3,0.5212,0.52657175
802,model_3,-0.1166,-0.09336777
803,model_3,0.4418,0.3741141
804,model_3,0.6453,0.64657295
805,model_3,1.0596,0.99319214
806,model_3,0.0343,0.041649226
807,model_3,-0.0838,-0.12582286
808,model_3,0.5552,0.5561224
809,model_3,0.3621,0.33924598
810,model_3,0.4155,0.44678542
811,model_3,0.038,0.032389827
812,model_3,0.1143,0.22758488
813,model_3,0.2364,0.24660073
814,model_3,0.0131,-0.050164122
815,model_3,0.0897,0.10362823
816,model_3,-0.1081,-0.052142177
817,model_3,-0.1038,-0.0008744318
818,model_3,0.116,0.12180866
819,model_3,-0.0411,0.02983518
820,model_3,0.466,0.36849713
821,model_3,0.2888,0.23082116
822,model_3,-0.0303,-0.046522822
823,model_3,-0.0305,-0.004452735
824,model_3,0.2728,0.17250971
825,model_3,0.1741,0.18768041
826,model_3,0.0994,0.10206027
827,model_3,0.2165,0.4074229
828,model_3,0.007,0.022735232
829,model_3,0.0392,0.0605913
830,model_3,-0.1455,-0.078667894
831,model_3,0.0619,0.12835625
832,model_3,0.0353,0.019525046
833,model_3,0.5533,0.49472094
834,model_3,-0.1663,-0.18473609
835,model_3,0.6809,0.61168915
836,model_3,0.2929,0.32593897
837,model_3,-0.0058,-0.08755115
838,model_3,0.0898,0.18061434
839,model_3,0.145,0.10736309
840,model_3,0.2094,0.06821693
841,model_3,0.2704,0.120005265
842,model_3,0.1188,0.118086725
843,model_3,0.6314,0.68204343
844,model_3,0.1406,0.10056758
845,model_3,0.2022,0.17340481
846,model_3,0.7652,0.7255531
847,model_3,0.1621,0.12848054
848,model_3,0.2178,0.20947856
849,model_3,0.2726,0.08139655
850,model_3,0.2363,0.21223311
851,model_3,0.4139,0.2928732
852,model_3,0.1825,0.24291834
853,model_3,0.5016,0.41856772
854,model_3,0.6347,0.6352604
855,model_3,0.7554,0.7469409
856,model_3,0.1027,0.05877317
857,model_3,-0.1094,-0.08169705
858,model_3,0.3547,0.30883297
859,model_3,0.1812,0.17504668
860,model_3,0.0262,-0.05460422
861,model_3,0.0849,0.04498907
862,model_3,0.1437,0.13790013
863,model_3,0.6159,0.58319265
864,model_3,0.0411,0.105146825
865,model_3,0.2955,0.2876277
866,model_3,-0.1151,-0.068413556
867,model_3,-0.0708,0.009343285
868,model_3,0.114,0.0713404
869,model_3,0.0524,0.059858136
870,model_3,0.5501,0.3789943
871,model_3,0.4371,0.4319232
872,model_3,0.317,0.33414292
873,model_3,0.0996,0.105969906
874,model_3,0.1167,0.12658179
875,model_3,0.1268,0.13338345
876,model_3,-0.0176,0.04124827
877,model_3,0.1506,0.1373473
878,model_3,0.3276,0.29680654
879,model_3,0.0706,0.1395696
880,model_3,0.1064,0.14537589
881,model_3,0.1381,0.15807754
882,model_3,0.131,0.16991548
883,model_3,0.4821,0.44572812
884,model_3,0.9283,0.8702792
885,model_3,0.1891,0.2504863
886,model_3,0.6693,0.6713664
887,model_3,0.2743,0.18998738
888,model_3,0.3777,0.3819899
889,model_3,0.2924,0.23638105
890,model_3,0.4658,0.47351593
891,model_3,0.1288,0.18111621
892,model_3,0.2396,0.20188193
893,model_3,0.2653,0.25133616
894,model_3,0.5545,0.5666496
895,model_3,0.0018,0.014290415
896,model_3,0.6518,0.6465654
897,model_3,0.0395,0.08104363
898,model_3,0.0265,0.08341333
899,model_3,0.3094,0.33531088
900,model_3,-0.0164,0.011081453
901,model_3,-0.034,0.032069013
902,model_3,0.5405,0.6426362
903,model_3,0.2763,0.32511795
904,model_3,0.3355,0.27156326
905,model_3,0.0487,0.06758401
906,model_3,0.0896,0.08842115
907,model_3,0.1681,0.24154548
908,model_3,0.0166,-0.041104827
909,model_3,-0.0155,0.30107298
910,model_3,0.2346,0.15956421
911,model_3,0.1132,0.024990164
912,model_3,0.1397,0.059389092
913,model_3,0.1894,0.18072139
914,model_3,0.3475,0.30275688
915,model_3,1.0591,0.9618265
916,model_3,0.4116,0.33672416
917,model_3,-0.1343,-0.08573073
918,model_3,0.439,0.42628038
919,model_3,0.3957,0.39854273
920,model_3,0.1604,0.10367504
921,model_3,0.0968,0.087219656
922,model_3,0.0297,0.15915082
923,model_3,-0.0063,0.010505907
924,model_3,0.6647,0.6080767
925,model_3,0.0672,0.10181925
926,model_3,0.1363,0.11171566
927,model_3,0.1498,0.18375872
928,model_3,0.3098,0.27538326
929,model_3,0.2873,0.2846603
930,model_3,0.616,0.5601829
931,model_3,0.443,0.4155143
932,model_3,0.0946,0.18326974
933,model_3,0.5633,0.5405145
934,model_3,0.4075,0.32879183
935,model_3,0.2196,0.23704746
936,model_3,0.9663,0.94226164
937,model_3,0.2389,0.21945684
938,model_3,0.4569,0.46965873
939,model_3,-0.1852,-0.12377587
940,model_3,0.371,0.42936438
941,model_3,0.121,-0.042682096
942,model_3,0.0422,0.16658036
943,model_3,0.1244,0.10730426
944,model_3,0.1458,0.14279577
945,model_3,0.1452,0.14419611
946,model_3,0.844,0.8408528
947,model_3,0.7141,0.6962099
948,model_3,0.2651,0.38282022
949,model_3,0.2086,0.20598997
950,model_3,0.0579,0.13992916
951,model_3,0.8904,0.92608
952,model_3,0.7091,0.6319939
953,model_3,0.2084,0.13162588
954,model_3,0.3998,0.3334136
955,model_3,0.386,0.38248336
956,model_3,0.4518,0.38867652
957,model_3,0.1744,0.18007639
958,model_3,0.2014,0.13939863
959,model_3,0.2316,0.21536557
960,model_3,0.0691,0.042584825
961,model_3,0.1996,0.18002725
962,model_3,0.9073,0.8662955
963,model_3,-0.1141,-0.20372398
964,model_3,0.253,0.29023963
965,model_3,0.0579,0.24477285
966,model_3,0.1161,0.09003872
967,model_3,-0.0969,-0.10020201
968,model_3,0.1143,0.13454321
969,model_3,0.1262,0.079492584
970,model_3,-0.0383,-0.0408527
971,model_3,0.1223,0.2079501
972,model_3,0.298,0.37291858
973,model_3,0.0674,0.027889106
974,model_3,0.3549,0.38680828
975,model_3,-0.0195,-0.00012075156
976,model_3,0.0172,0.032036833
977,model_3,0.4372,0.2507051
978,model_3,0.3388,0.46193174
979,model_3,-0.0483,0.050127897
980,model_3,0.3049,0.36081177
981,model_3,0.1893,-0.1299522
982,model_3,0.0767,0.047062945
983,model_3,0.4799,0.55934364
984,model_3,0.1223,0.035337582
985,model_3,0.1656,0.11099702
986,model_3,0.1588,0.30247003
987,model_3,0.266,0.31375748
988,model_3,-0.0093,-0.000981858
989,model_3,0.1792,0.20500098
990,model_3,0.3388,0.35919052
991,model_3,0.2381,0.28226155
992,model_3,0.1068,0.09371571
993,model_3,0.2227,0.19457941
994,model_3,0.0028,0.053484805
995,model_3,0.7794,0.6620093
996,model_3,0.1259,0.20262168
997,model_3,0.5181,0.4926799
998,model_3,-0.155,-0.07373007
999,model_3,0.5012,0.47209945
1000,model_3,-0.082,-0.020590842
1001,model_3,0.4359,0.2335263
1002,model_3,0.0782,0.06833959
1003,model_3,0.3166,0.2661687
1004,model_3,0.0438,-0.0015561357
1005,model_3,0.0168,0.01599301
1006,model_3,0.1866,0.25403276
1007,model_3,0.7808,0.7079304
1008,model_3,0.0075,-0.002297379
1009,model_3,0.2561,0.23689413
1010,model_3,0.2236,0.16778155
1011,model_3,0.2032,0.16209209
1012,model_3,0.4011,0.3817726
1013,model_3,0.6913,0.64810663
1014,model_3,0.2652,0.29994288
1015,model_3,0.1145,0.21481861
1016,model_3,0.1038,0.28320047
1017,model_3,-0.0875,-0.10787299
1018,model_3,0.1116,0.08904494
1019,model_3,0.1014,-0.0081847645
1020,model_3,0.2098,0.12485051
1021,model_3,0.1581,0.07762912
1022,model_3,0.1712,0.20864552
1023,model_3,0.0893,0.09543055
1024,model_3,0.0047,0.020697908
1025,model_3,0.4016,0.2882618
1026,model_3,0.4488,0.49073803
1027,model_3,0.0774,0.061112832
1028,model_3,0.2832,0.2966097
1029,model_3,0.173,0.18609968
1030,model_3,0.0761,-0.0075579267
1031,model_3,0.2816,0.25185922
1032,model_3,0.0556,0.093996555
1033,model_3,0.8688,0.86224693
1034,model_3,0.1271,0.16612346
1035,model_3,0.4983,0.4938466
1036,model_3,0.372,0.38355875
1037,model_3,0.1145,0.058740545
1038,model_3,0.4987,0.537257
1039,model_3,0.1133,0.103489354
1040,model_3,0.1513,0.16511439
1041,model_3,-0.0058,0.07916449
1042,model_3,0.3633,0.34080964
1043,model_3,0.2643,0.26211017
1044,model_3,0.3065,0.36935717
1045,model_3,-0.0597,-0.11136788
1046,model_3,0.4448,0.59290475
1047,model_3,0.0615,0.085357085
1048,model_3,0.3144,0.3543688
1049,model_3,-0.0334,0.023352584
1050,model_3,0.1378,0.35431644
1051,model_3,0.2105,0.1968364
1052,model_3,0.0373,0.05208451
1053,model_3,-0.0061,0.046622828
1054,model_3,0.4638,0.40477526
1055,model_3,0.6294,0.6280565
1056,model_3,0.2137,0.21498378
1057,model_3,0.249,0.27477473
1058,model_3,0.0932,0.18682833
1059,model_3,0.0339,0.020891238
1060,model_3,0.5246,0.4915955
1061,model_3,0.1461,0.14505132
1062,model_3,0.0516,0.07420902
1063,model_3,0.4704,0.45687616
1064,model_3,0.2172,0.101688296
1065,model_3,0.2744,0.31236836
1066,model_3,0.3777,0.3568822
1067,model_3,0.2621,0.23291148
1068,model_3,0.25,0.39922547
1069,model_3,0.811,0.8429762
1070,model_3,0.0445,0.0519226
1071,model_3,0.0928,0.12026787
1072,model_3,0.3761,0.3792736
1073,model_3,0.1505,0.21597537
1074,model_3,0.2054,0.2171822
1075,model_3,0.0767,0.18116651
1076,model_3,0.0926,0.1214692
1077,model_3,0.6509,0.68407565
1078,model_3,0.3879,0.38005966
1079,model_3,0.2715,0.27511483
1080,model_3,-0.0178,-0.019595072
1081,model_3,-0.0297,0.11192088
1082,model_3,0.4434,0.37227905
1083,model_3,0.6381,0.57121676
1084,model_3,0.266,0.26870954
1085,model_3,0.0539,0.036282435
1086,model_3,0.267,0.30015874
1087,model_3,0.387,0.35918978
1088,model_3,0.0643,-0.0062180087
1089,model_3,0.113,0.1254577
1090,model_3,0.1309,0.14218856
1091,model_3,0.3078,0.30082953
1092,model_3,0.4422,0.44220242
1093,model_3,0.5726,0.47414735
1094,model_3,0.1851,0.23897699
1095,model_3,0.2508,0.21861935
1096,model_3,0.7067,0.6701667
1097,model_3,0.377,0.381588
1098,model_3,0.0665,0.11433749
1099,model_3,0.0864,0.025689501
1100,model_3,0.3752,0.31120706
1101,model_3,0.1174,0.13390428
1102,model_3,-0.0892,-0.08787578
1103,model_3,0.1482,0.0049904995
1104,model_3,0.3293,0.30329323
1105,model_3,0.3416,0.34081197
1106,model_3,0.7663,0.7064093
1107,model_3,0.1877,0.24925683
1108,model_3,-0.0216,0.012564374
1109,model_3,0.5266,0.46470487
1110,model_3,0.3317,0.2851465
1111,model_3,0.2592,0.29860735
1112,model_3,0.284,0.3340546
1113,model_3,0.0741,-0.009654973
1114,model_3,0.4244,0.4544072
1115,model_3,0.4211,0.34503007
1116,model_3,0.1605,0.124369726
1117,model_3,0.1354,0.1752716
1118,model_3,0.2365,0.20248547
1119,model_3,0.0594,0.0725568
1120,model_3,0.1491,0.113178715
1121,model_3,0.0486,0.024905978
1122,model_3,0.4665,0.4415077
1123,model_3,0.4216,0.41375798
1124,model_3,0.1512,0.15815179
1125,model_3,0.2881,0.27204174
1126,model_3,0.4316,0.7134697
1127,model_3,-0.026,-0.07527827
1128,model_3,0.164,0.12554689
1129,model_3,0.3508,0.35274065
1130,model_3,0.3872,0.4123112
1131,model_3,0.0432,0.029782845
1132,model_3,0.4527,0.42676562
1133,model_3,0.0721,0.096545994
1134,model_3,0.3224,0.2606906
1135,model_3,0.1676,0.14815046
1136,model_3,0.7518,0.7990028
1137,model_3,0.7299,0.7404238
1138,model_3,0.0862,0.058640752
1139,model_3,0.2962,0.2137505
1140,model_3,0.1888,0.22322316
1141,model_3,0.3804,0.38406932
1142,model_3,0.3493,0.2745908
1143,model_3,-0.0889,0.079628885
1144,model_3,0.1579,0.21060969
1145,model_3,0.3786,0.35129166
1146,model_3,0.5189,0.36649656
1147,model_3,0.6179,0.57660794
1148,model_3,0.0252,0.09272082
1149,model_3,0.1112,-0.011018258
1150,model_3,0.139,0.19945343
1151,model_3,0.8558,0.8109496
1152,model_3,0.081,0.12331882
1153,model_3,0.3493,0.21635292
1154,model_3,0.8516,0.8082135
1155,model_3,0.0794,0.16522588
1156,model_3,0.1922,0.105138525
1157,model_3,0.275,0.104206935
1158,model_3,0.4077,0.3562655
1159,model_3,0.2581,0.24584948
1160,model_3,0.7871,0.62966937
1161,model_3,0.8143,0.8314424
1162,model_3,0.452,0.38076478
1163,model_3,0.2987,0.26847088
1164,model_3,0.6108,0.5971671
1165,model_3,0.1683,0.22143175
1166,model_3,0.1671,0.20517747
1167,model_3,0.2967,0.29124624
1168,model_3,0.2954,0.33441597
1169,model_3,0.3643,0.36901146
1170,model_3,0.2669,0.2145008
1171,model_3,0.0164,0.087494165
1172,model_3,0.5046,0.5904079
1173,model_3,0.2705,0.28678316
1174,model_3,0.3407,0.34274024
1175,model_3,0.1184,0.115706086
1176,model_3,0.4211,0.50044906
1177,model_3,0.4884,0.54993
1178,model_3,0.0235,0.14614616
1179,model_3,0.1446,0.1640709
1180,model_3,0.331,0.3225389
1181,model_3,-0.0537,0.2356707
1182,model_3,0.2296,0.3497964
1183,model_3,0.7096,0.6496477
1184,model_3,0.2244,0.18050876
1185,model_3,0.0437,0.09237501
1186,model_3,0.1183,0.084348336
1187,model_3,0.8615,0.68750316
1188,model_3,0.0187,0.048435953
1189,model_3,0.0837,0.1320837
1190,model_3,0.3883,0.44058853
1191,model_3,0.8648,0.77329236
1192,model_3,0.0502,0.06064387
1193,model_3,0.7576,0.66738313
1194,model_3,0.4708,0.34918657
1195,model_3,0.4046,0.44666824
1196,model_3,0.2957,0.2453563
1197,model_3,0.0517,0.028866015
1198,model_3,0.4288,0.3299011
1199,model_3,0.6246,0.6586929
1200,model_3,0.5726,0.5479731
1201,model_3,-0.0682,-0.017353643
1202,model_3,0.128,0.11276908
1203,model_3,0.1531,0.17605482
1204,model_3,0.2597,0.251726
1205,model_3,0.3983,0.3641523
1206,model_3,0.1204,0.18198851
1207,model_3,0.2511,0.2563618
1208,model_3,0.0046,0.0018900558
1209,model_3,0.1621,0.15113288
1210,model_3,0.3951,0.25105423
1211,model_3,0.3392,0.3285654
1212,model_3,0.2839,0.21992363
1213,model_3,0.4702,0.46553308
1214,model_3,0.2057,0.19467063
1215,model_3,0.733,0.59428096
1216,model_3,0.0915,0.13181674
1217,model_3,0.4428,0.34627974
1218,model_3,0.0252,0.06174566
1219,model_3,-0.0284,0.12611979
1220,model_3,-0.1457,0.14100985
1221,model_3,0.9885,1.0180119
1222,model_3,0.1666,0.00071500055
1223,model_3,0.3253,0.30979842
1224,model_3,0.2986,0.33344495
1225,model_3,0.3714,0.32029366
1226,model_3,0.1453,0.15401313
1227,model_3,0.0136,-0.011207603
1228,model_3,0.2185,0.13110904
1229,model_3,0.2394,0.33290786
1230,model_3,0.5437,0.2899357
1231,model_3,0.1958,0.16974585
1232,model_3,0.9442,1.0829731
1233,model_3,0.207,0.16149046
1234,model_3,0.0225,0.019575648
1235,model_3,0.0066,0.026250703
1236,model_3,0.6326,0.6088514
1237,model_3,0.0028,-0.013510834
1238,model_3,0.7214,0.57950646
1239,model_3,0.1686,0.15932937
1240,model_3,0.0032,0.07691172
1241,model_3,0.1772,0.12909237
1242,model_3,0.5219,0.4297639
1243,model_3,0.4118,0.35597867
1244,model_3,-0.0206,0.001071522
1245,model_3,0.2712,0.26069507
1246,model_3,0.1563,0.107912704
1247,model_3,0.1224,0.17567703
1248,model_3,0.0169,0.046227105
1249,model_3,0.2257,0.0865787
1250,model_3,0.5804,0.57455
1251,model_3,0.0259,0.05333091
1252,model_3,1.0002,0.9532797
1253,model_3,0.2518,0.22022238
1254,model_3,-0.0857,-0.042161804
1255,model_3,0.4011,0.34301117
1256,model_3,0.1463,0.16551068
1257,model_3,-0.0271,-0.023191221
1258,model_3,0.3721,0.30892372
1259,model_3,0.2038,0.22122039
1260,model_3,0.2173,0.09886961
1261,model_3,0.0687,0.04076478
1262,model_3,0.4037,0.25105512
1263,model_3,0.2368,0.24284141
1264,model_3,0.1524,0.07141273
1265,model_3,0.3606,0.36164427
1266,model_3,0.4923,0.48146167
1267,model_3,0.2687,0.14014544
1268,model_3,0.4663,0.43417507
1269,model_3,0.0836,0.1433599
1270,model_3,0.1212,0.16608526
1271,model_3,0.363,0.3821382
1272,model_3,0.2771,0.30510443
1273,model_3,0.1134,0.09885016
1274,model_3,0.2849,0.2550691
1275,model_3,0.239,0.26142666
1276,model_3,0.1354,0.11535944
1277,model_3,0.7932,0.7646459
1278,model_3,0.2004,0.17988744
1279,model_3,0.0815,0.18257536
1280,model_3,-0.1216,-0.06357308
1281,model_3,0.3319,0.27074176
1282,model_3,0.4251,0.385233
1283,model_3,0.1852,0.16039598
1284,model_3,0.3385,0.30205038
1285,model_3,0.1645,0.27879542
1286,model_3,0.485,0.48071542
1287,model_3,0.3649,0.3587285
1288,model_3,0.0918,0.05435613
1289,model_3,0.4026,0.37432343
1290,model_3,-0.0156,0.06596716
1291,model_3,0.3266,0.2105176
1292,model_3,0.121,0.09909168
1293,model_3,0.9379,0.87383884
1294,model_3,0.5696,0.5308521
1295,model_3,0.1513,0.10295291
1296,model_3,0.2901,0.308621
1297,model_3,-0.0379,0.03518198
1298,model_3,0.4771,0.28630805
1299,model_3,0.2526,0.2444922
1300,model_3,0.051,0.012419298
1301,model_3,0.3097,0.36340135
1302,model_3,0.1041,0.023853473
1303,model_3,0.4887,0.4613477
1304,model_3,0.2168,0.17415902
1305,model_3,0.1689,0.23268081
1306,model_3,0.2043,0.19390784
1307,model_3,-0.0244,-0.009689892
1308,model_3,0.8821,0.7241578
1309,model_3,0.1,0.16108774
1310,model_3,0.0855,0.086521536
1311,model_3,0.894,0.83518636
1312,model_3,0.2926,0.25046787
1313,model_3,0.202,0.19517444
1314,model_3,0.2287,0.25588182
1315,model_3,0.2719,0.24407202
1316,model_3,0.296,0.32072443
1317,model_3,0.1188,0.12994158
1318,model_3,-0.076,-0.13163148
1319,model_3,0.1009,0.06259711
1320,model_3,0.1446,0.20390399
1321,model_3,0.659,0.68600017
1322,model_3,0.6385,0.5694044
1323,model_3,0.127,0.077888325
1324,model_3,0.4269,0.39390492
1325,model_3,0.2321,0.17101729
1326,model_3,0.1289,0.1558543
1327,model_3,0.0382,0.0438412
1328,model_3,0.3862,0.34104314
1329,model_3,0.1085,0.10007107
1330,model_3,0.3612,0.3891949
1331,model_3,-0.0885,-0.0806945
1332,model_3,0.2871,0.22753163
1333,model_3,0.0419,0.086811095
1334,model_3,0.5384,0.5468018
1335,model_3,0.3856,0.40788853
1336,model_3,0.1902,0.14458087
1337,model_3,0.1022,0.08264582
1338,model_3,0.7441,0.7177761
1339,model_3,0.0705,0.039266292
1340,model_3,0.6007,0.6021363
1341,model_3,0.1348,0.19086541
1342,model_3,0.1103,0.16796811
1343,model_3,0.7021,0.7910411
1344,model_3,0.074,0.06342305
1345,model_3,0.0788,0.01749381
1346,model_3,-0.1229,0.17875089
1347,model_3,0.0484,0.034769855
1348,model_3,0.8553,0.8431475
1349,model_3,0.4497,0.4359064
1350,model_3,0.5083,0.50056624
1351,model_3,0.1052,0.08655466
1352,model_3,0.4082,0.39407194
1353,model_3,0.9611,0.9607688
1354,model_3,0.28,0.22532326
1355,model_3,0.4931,0.5833111
1356,model_3,0.0609,0.0656331
1357,model_3,0.128,0.058818508
1358,model_3,0.0474,-0.044340707
1359,model_3,0.712,0.7937605
1360,model_3,0.1954,0.20341621
1361,model_3,0.4323,0.44602495
1362,model_3,0.2065,0.21846204
1363,model_3,0.7595,0.6878631
1364,model_3,0.2318,0.23388714
1365,model_3,0.0774,0.11148983
1366,model_3,0.1822,0.1230979
1367,model_3,0.5433,0.46783096
1368,model_3,0.0952,0.12895922
1369,model_3,0.1016,0.18425126
1370,model_3,0.0262,0.5169733
1371,model_3,0.2433,0.41258773
1372,model_3,0.0483,0.052961316
1373,model_3,0.5242,0.55251676
1374,model_3,-0.1087,-0.043065596
1375,model_3,0.2239,0.12490669
1376,model_3,0.3461,0.37883657
1377,model_3,0.4016,0.37164295
1378,model_3,-0.0201,0.07349275
1379,model_3,0.045,0.048859496
1380,model_3,0.2294,0.2552539
1381,model_3,0.0726,0.03161612
1382,model_3,0.0807,0.109718174
1383,model_3,0.5967,0.58398503
1384,model_3,-0.0893,-0.044717155
1385,model_3,0.045,0.08492425
1386,model_3,0.5699,0.53398794
1387,model_3,0.0373,0.022077577
1388,model_3,0.0688,0.21141373
1389,model_3,0.2832,0.3254395
1390,model_3,0.8389,0.7994499
1391,model_3,0.4384,0.48798132
1392,model_3,0.4822,0.3749708
1393,model_3,0.3306,0.34622145
1394,model_3,0.4004,0.38098037
1395,model_3,0.2589,0.34432384
1396,model_3,0.0812,0.112305
1397,model_3,0.2753,0.30623072
1398,model_3,0.109,0.070290744
1399,model_3,0.5434,0.5113414
1400,model_3,0.4242,0.32329524
1401,model_3,0.323,0.08953513
1402,model_3,0.016,0.006948149
1403,model_3,0.0412,0.06981308
1404,model_3,0.5476,0.5908527
1405,model_3,0.0174,0.042032033
1406,model_3,0.1614,0.15212929
1407,model_3,0.4072,0.37041065
1408,model_3,0.174,0.099981755
1409,model_3,0.3129,0.3327575
1410,model_3,0.6434,0.5709396
1411,model_3,0.353,0.38587624
1412,model_3,0.1901,0.19786371
1413,model_3,0.1591,0.19901802
1414,model_3,-0.0801,-0.117769614
1415,model_3,0.0749,0.109387875
1416,model_3,0.3967,0.38512832
1417,model_3,0.5244,0.53691024
1418,model_3,0.0868,0.13301495
1419,model_3,0.2047,0.15088437
1420,model_3,0.4198,0.41368818
1421,model_3,0.192,0.14968626
1422,model_3,0.4675,0.43427438
1423,model_3,0.1132,0.23197582
1424,model_3,0.4264,0.39881706
1425,model_3,0.4949,0.49907088
1426,model_3,-0.0949,-0.07672498
1427,model_3,0.3015,0.26545757
1428,model_3,0.1283,0.13363382
1429,model_3,0.2633,0.2958261
1430,model_3,0.0581,0.21869272
1431,model_3,0.1345,0.22813772
1432,model_3,0.5338,0.58107144
1433,model_3,0.7718,0.8043352
1434,model_3,0.3358,0.22898217
1435,model_3,0.6037,0.6054968
1436,model_3,0.0834,0.07677522
1437,model_3,0.172,0.19923475
1438,model_3,0.5371,0.5676554
1439,model_3,0.355,0.39466864
1440,model_3,-0.2004,-0.20488714
1441,model_3,0.6343,0.5264372
1442,model_3,0.3031,0.3093329
1443,model_3,0.6922,0.6634818
1444,model_3,0.7961,0.79196644
1445,model_3,0.2935,0.32161772
1446,model_3,-0.2648,-0.16201748
1447,model_3,0.1624,0.0884452
1448,model_3,0.0556,0.037174203
1449,model_3,-0.0297,0.036458515
1450,model_3,0.4203,0.40300778
1451,model_3,0.3153,0.2044889
1452,model_3,0.1,0.07836814
1453,model_3,0.3418,0.31060803
1454,model_3,0.1252,0.11644733
1455,model_3,0.2916,0.31371248
1456,model_3,0.1667,0.06464523
1457,model_3,0.4856,0.40373233
1458,model_3,0.0735,0.08448884
1459,model_3,0.1372,0.04571367
1460,model_3,0.023,0.09530106
1461,model_3,0.1408,0.13231227
1462,model_3,0.2185,0.28715926
1463,model_3,0.498,0.4694625
1464,model_3,-0.0696,0.038950562
1465,model_3,0.2467,0.30055565
1466,model_3,0.1299,0.12669197
1467,model_3,0.4576,0.42549893
1468,model_3,0.0613,0.1343357
1469,model_3,0.3672,0.31561083
1470,model_3,0.1562,0.19354641
1471,model_3,0.1586,0.2778412
1472,model_3,0.3902,0.42940545
1473,model_3,0.2529,0.27157122
1474,model_3,0.1726,0.14101864
1475,model_3,0.1948,0.15097752
1476,model_3,0.0098,0.09621239
1477,model_3,0.7789,0.77077264
1478,model_3,0.648,0.61188185
1479,model_3,0.2284,0.17665672
1480,model_3,0.0087,0.07294236
1481,model_3,0.2845,0.29434937
1482,model_3,0.3304,0.29686597
1483,model_3,0.4893,0.49333632
1484,model_3,0.048,0.02176882
1485,model_3,0.6718,0.678873
1486,model_3,0.1002,0.1299693
1487,model_3,0.1434,0.15741207
1488,model_3,0.1834,0.28227648
1489,model_3,0.1037,0.16272189
1490,model_3,-0.0082,-0.051149424
1491,model_3,0.3348,0.15139605
1492,model_3,0.2168,0.21643053
1493,model_3,0.4355,0.4522322
1494,model_3,0.0145,0.07445979
1495,model_3,0.4228,0.4352271
1496,model_3,0.2779,0.21719483
1497,model_3,0.2288,0.20528714
1498,model_3,0.0642,0.015571816
1499,model_3,0.2263,0.10004468
1500,model_3,0.7852,0.764173
1501,model_3,0.3982,0.11775626
1502,model_3,0.9495,0.96999425
1503,model_3,-0.0938,-0.0668692
1504,model_3,0.3349,0.26765195
1505,model_3,0.2672,0.20819518
1506,model_3,0.4324,0.4175757
1507,model_3,0.2398,0.21163453
1508,model_3,-0.1674,-0.10626665
1509,model_3,0.5187,0.51092774
1510,model_3,0.1452,0.19379206
1511,model_3,0.2014,0.21325415
1512,model_3,-0.0286,0.09230603
1513,model_3,0.1816,0.054015
1514,model_3,0.0767,0.11018801
1515,model_3,0.2175,0.18602279
1516,model_3,0.132,0.14352158
1517,model_3,0.2706,0.1494491
1518,model_3,0.0277,0.03268168
1519,model_3,0.4534,0.38504785
1520,model_3,0.3538,0.3619578
1521,model_3,0.1621,0.11582872
1522,model_3,0.0063,0.022840401
1523,model_3,0.117,0.10235499
1524,model_3,-0.1019,-0.11071007
1525,model_3,0.2197,0.30718726
1526,model_3,-0.0081,-0.012637898
1527,model_3,0.066,0.017238513
1528,model_3,0.1397,0.06308189
1529,model_3,0.0073,0.032050073
1530,model_3,0.2529,0.20526138
1531,model_3,0.434,0.45972186
1532,model_3,0.605,0.45953065
1533,model_3,-0.0574,-0.047403257
1534,model_3,0.0662,0.1585503
1535,model_3,0.3678,0.36910233
1536,model_3,0.1628,0.19148234
1537,model_3,0.0918,0.05971983
1538,model_3,0.0988,0.11911653
1539,model_3,0.6383,0.6838949
1540,model_3,0.2081,0.18226035
1541,model_3,0.4511,0.43435806
1542,model_3,0.1065,0.17883198
1543,model_3,0.34,0.34210053
1544,model_3,-0.0052,0.076189995
1545,model_3,0.0551,0.08275016
1546,model_3,0.164,0.046592858
1547,model_3,0.3621,0.39610845
1548,model_3,0.4879,0.44216412
1549,model_3,-0.1169,-0.059039135
1550,model_3,0.2803,0.25928384
1551,model_3,0.8699,0.8698048
1552,model_3,0.3602,0.31373304
1553,model_3,0.1378,0.083269686
1554,model_3,0.2207,0.2322935
1555,model_3,-0.0334,-0.0493228
1556,model_3,0.2138,0.26803565
1557,model_3,0.1619,0.191276
1558,model_3,0.039,0.032202862
1559,model_3,0.2642,0.24645768
1560,model_3,0.3946,0.35538968
1561,model_3,0.0083,0.030696828
1562,model_3,0.2892,0.26868242
1563,model_3,0.0761,0.07334489
1564,model_3,0.3018,0.23572464
1565,model_3,0.2253,0.2714235
1566,model_3,-0.0009,0.025497034
1567,model_3,-0.0714,-0.047613673
1568,model_3,0.1869,0.21037328
1569,model_3,0.0231,-0.016974058
1570,model_3,0.0105,0.006824579
1571,model_3,0.4806,0.4175161
1572,model_3,-0.0421,0.09037711
1573,model_3,0.3995,0.1522194
1574,model_3,0.0902,0.033542838
1575,model_3,0.4672,0.57177114
1576,model_3,0.0382,0.05146539
1577,model_3,0.656,0.6345086
1578,model_3,0.6017,0.63673925
1579,model_3,0.0696,0.06099553
1580,model_3,0.6041,0.6777321
1581,model_3,0.4106,0.17839728
1582,model_3,-0.013,0.005791599
1583,model_3,0.1931,0.17042229
1584,model_3,0.2395,0.2585065
1585,model_3,0.0829,0.11571942
1586,model_3,0.0043,0.078271
1587,model_3,0.2099,0.19692732
1588,model_3,0.144,0.1488325
1589,model_3,0.4955,0.47740555
1590,model_3,0.4884,0.45049503
1591,model_3,0.0286,0.042977888
1592,model_3,-0.1019,-0.11377582
1593,model_3,0.8831,0.93154854
1594,model_3,0.4587,0.46855378
1595,model_3,0.5585,0.5807573
1596,model_3,0.0828,0.023519317
1597,model_3,0.1533,0.16656436
1598,model_3,0.401,0.434362
1599,model_3,0.5687,0.58721447
1600,model_3,0.3737,0.3952741
1601,model_3,0.1339,0.12522207
1602,model_3,0.0519,0.0734863
1603,model_3,0.0746,0.2600287
1604,model_3,0.3242,0.34277487
1605,model_3,0.201,0.15786399
1606,model_3,0.2091,0.27888665
1607,model_3,0.0201,0.12788051
1608,model_3,0.2523,0.22546066
1609,model_3,0.2701,0.18206044
1610,model_3,0.0578,0.07911481
1611,model_3,0.5242,0.22137
1612,model_3,0.2849,0.26239726
1613,model_3,0.525,0.42341775
1614,model_3,0.0624,-0.01057764
1615,model_3,-0.0258,0.002357265
1616,model_3,0.0856,0.09975274
1617,model_3,0.3833,0.32449466
1618,model_3,0.4687,0.3294983
1619,model_3,0.4492,0.43356693
1620,model_3,0.8282,0.7876136
1621,model_3,0.1193,0.10811399
1622,model_3,0.0064,-0.015950855
1623,model_3,0.3604,0.30307746
1624,model_3,0.008,0.02965581
1625,model_3,0.3353,0.23353557
1626,model_3,0.0042,0.06274682
1627,model_3,0.1365,0.1576391
1628,model_3,0.3151,0.31884134
1629,model_3,0.1198,0.13803123
1630,model_3,0.5394,0.44945073
1631,model_3,0.2255,0.24367194
1632,model_3,0.3169,0.23610683
1633,model_3,0.5033,0.5245335
1634,model_3,0.9488,0.8964548
1635,model_3,0.4708,0.39305562
1636,model_3,0.7247,0.73678356
1637,model_3,0.2032,0.16463208
1638,model_3,0.438,0.47143406
1639,model_3,0.1759,0.11992477
1640,model_3,0.2296,0.20043334
1641,model_3,0.1175,0.16775943
1642,model_3,0.2992,0.19073895
1643,model_3,0.0234,-0.011369633
1644,model_3,0.3993,0.43523818
1645,model_3,0.3803,0.30700928
1646,model_3,0.2357,0.22645825
1647,model_3,-0.0527,-0.0036868118
1648,model_3,-0.0915,-0.13356103
1649,model_3,0.5176,0.49302694
1650,model_3,0.1467,0.1557322
1651,model_3,-0.133,-0.12663524
1652,model_3,0.0511,0.15235214
1653,model_3,0.1258,0.117023245
1654,model_3,0.0692,0.10617216
1655,model_3,0.139,0.20028834
1656,model_3,0.1957,0.19626896
1657,model_3,0.0205,0.09353463
1658,model_3,0.6028,0.6365462
1659,model_3,0.5247,0.5491293
1660,model_3,0.1614,0.22001517
1661,model_3,-0.0481,-0.035681363
1662,model_3,0.5875,0.41997933
1663,model_3,0.4738,0.4644026
1664,model_3,0.8464,0.79534626
1665,model_3,0.6334,0.6243736
1666,model_3,0.3396,0.3911295
1667,model_3,0.3223,0.21090949
1668,model_3,0.6003,0.63376564
1669,model_3,0.2804,0.20846248
1670,model_3,0.0225,0.1072337
1671,model_3,0.0531,0.07109627
1672,model_3,0.245,0.18502001
1673,model_3,0.4695,0.2925871
1674,model_3,-0.0107,-0.072541386
1675,model_3,0.2829,0.2722306
1676,model_3,0.0489,0.054885212
1677,model_3,-0.0258,-0.0023551434
1678,model_3,0.8012,0.81779665
1679,model_3,0.0384,0.09688637
1680,model_3,0.2667,0.32114714
1681,model_3,0.1086,0.13127872
1682,model_3,0.3154,0.31804335
1683,model_3,0.214,0.2712778
1684,model_3,-0.037,0.111413464
1685,model_3,0.1524,0.16379732
1686,model_3,0.3186,0.30898875
1687,model_3,0.0777,0.06119148
1688,model_3,0.5081,0.45299983
1689,model_3,0.6181,0.64642566
1690,model_3,0.0082,-0.032860465
1691,model_3,0.5186,0.56534785
1692,model_3,0.2533,0.24575241
1693,model_3,0.3952,0.49120027
1694,model_3,-0.1906,-0.20716776
1695,model_3,0.3783,0.2865922
1696,model_3,0.2886,0.31691286
1697,model_3,0.0722,-0.0052512214
1698,model_3,0.1924,0.08434002
1699,model_3,0.3348,0.337785
1700,model_3,0.2935,0.30379102
1701,model_3,0.1346,0.20819457
1702,model_3,0.6805,0.5691234
1703,model_3,0.1677,0.11177917
1704,model_3,0.2878,0.29330286
1705,model_3,-0.0727,-0.07080862
1706,model_3,0.4103,0.35006285
1707,model_3,0.0445,0.040818263
1708,model_3,0.1129,0.10711129
1709,model_3,0.3854,0.3014546
1710,model_3,0.4533,0.45844874
1711,model_3,0.1451,0.14509462
1712,model_3,0.3657,0.3523054
1713,model_3,0.8949,0.79660124
1714,model_3,0.0641,0.10494129
1715,model_3,-0.1158,-0.1039173
1716,model_3,0.0198,0.06736156
1717,model_3,0.2413,0.15774453
1718,model_3,0.3937,0.37229496
1719,model_3,0.05,0.07064006
1720,model_3,0.5014,0.5003907
1721,model_3,0.3544,0.2910714
1722,model_3,0.2476,0.26291102
1723,model_3,-0.0343,-0.016256656
1724,model_3,0.3808,0.37698752
1725,model_3,0.0194,0.045616012
1726,model_3,-0.0461,-0.021830417
1727,model_3,0.0669,0.026192978
1728,model_3,0.1581,0.1574657
1729,model_3,0.2801,0.24483816
1730,model_3,0.0341,0.04247197
1731,model_3,-0.1354,-0.14961664
1732,model_3,0.132,0.35512084
1733,model_3,0.1124,0.105248794
1734,model_3,0.1666,0.16364865
1735,model_3,0.1271,0.13991441
1736,model_3,0.4308,0.47322458
1737,model_3,0.0201,0.08902463
1738,model_3,0.0281,0.0820609
1739,model_3,0.2822,0.20642279
1740,model_3,0.0986,0.13920218
1741,model_3,0.8733,0.85058385
1742,model_3,0.0548,0.030622598
1743,model_3,0.1067,0.16390128
1744,model_3,0.3802,0.35352123
1745,model_3,0.3047,0.34413436
1746,model_3,0.6382,0.61619717
1747,model_3,0.3718,0.3143658
1748,model_3,0.3056,0.28098452
1749,model_3,0.2556,0.27986836
1750,model_3,0.5619,0.57297724
1751,model_3,0.0554,0.05889478
1752,model_3,0.0526,0.04970626
1753,model_3,0.0515,0.04678044
1754,model_3,0.4371,0.47295997
1755,model_3,0.2883,0.23569587
1756,model_3,0.7762,0.7465622
1757,model_3,0.0073,0.06853433
1758,model_3,0.2442,0.36925322
1759,model_3,0.078,0.053145617
1760,model_3,0.169,0.26276958
1761,model_3,0.4511,0.47143906
1762,model_3,0.831,0.7887991
1763,model_3,0.4813,0.49306744
1764,model_3,0.0632,0.14588782
1765,model_3,0.0151,0.004738245
1766,model_3,0.0302,0.08894141
1767,model_3,0.5441,0.5163265
1768,model_3,-0.1412,-0.16665374
1769,model_3,0.5619,0.5291572
1770,model_3,0.1997,0.13393015
1771,model_3,0.4214,0.36592513
1772,model_3,0.2085,0.1897694
1773,model_3,0.6903,0.7164516
1774,model_3,0.4486,0.49562222
1775,model_3,0.555,0.13067503
1776,model_3,0.1447,0.16754718
1777,model_3,0.6261,0.6225768
1778,model_3,0.0973,0.11027768
1779,model_3,0.2029,0.19323152
1780,model_3,0.7223,0.75254
1781,model_3,0.9309,0.89537483
1782,model_3,0.1465,0.18084553
1783,model_3,0.0253,0.07220572
1784,model_3,0.6973,0.6937815
1785,model_3,0.0793,0.08425422
1786,model_3,0.1702,0.13489312
1787,model_3,0.188,0.19638647
1788,model_3,0.9724,0.938541
1789,model_3,0.1568,0.12729454
1790,model_3,0.307,0.34922656
1791,model_3,0.0096,0.05232009
1792,model_3,0.007,0.011174332
1793,model_3,0.1113,0.09023161
1794,model_3,-0.0937,-0.04619069
1795,model_3,0.2435,0.2675896
1796,model_3,-0.0739,-0.059554312
1797,model_3,0.0121,0.036080536
1798,model_3,0.0693,0.09829587
1799,model_3,0.3114,0.29513878
1800,model_3,0.2436,0.26674873
1801,model_3,0.0941,0.14645849
1802,model_3,0.0944,0.17643198
1803,model_3,0.3392,0.47410268
1804,model_3,0.4291,0.40621728
1805,model_3,0.2061,0.26052004
1806,model_3,0.2823,0.32057965
1807,model_3,0.6386,0.5515236
1808,model_3,0.4165,0.38354677
1809,model_3,0.4307,0.41734666
1810,model_3,0.0637,0.04944305
1811,model_3,0.5743,0.47345138
1812,model_3,0.2989,0.24668224
1813,model_3,-0.0153,0.008724079
1814,model_3,0.1732,0.17020564
1815,model_3,0.3582,0.45293176
1816,model_3,0.2253,0.20057838
1817,model_3,0.329,0.3630089
1818,model_3,0.0924,0.10369831
1819,model_3,0.323,0.29217464
1820,model_3,0.24,0.12400636
1821,model_3,-0.0496,0.029528944
1822,model_3,0.1813,0.2638949
1823,model_3,0.3167,0.122259796
1824,model_3,-0.1995,0.070477985
1825,model_3,0.4691,0.44239688
1826,model_3,0.204,0.17038122
1827,model_3,0.0108,-0.06919573
1828,model_3,0.2334,0.27604234
1829,model_3,0.1063,-0.023659896
1830,model_3,0.1541,0.3236894
1831,model_3,0.0982,0.16241412
1832,model_3,0.1991,0.19184504
1833,model_3,0.21,0.090297565
1834,model_3,0.3,0.27050263
1835,model_3,0.1882,0.18032302
1836,model_3,0.2656,0.107874796
1837,model_3,0.0093,0.05371388
1838,model_3,0.128,0.2141288
1839,model_3,0.0912,0.02450582
1840,model_3,0.2234,0.18602721
1841,model_3,0.2809,0.19493844
1842,model_3,0.2623,0.26698214
1843,model_3,0.1523,0.04307089
1844,model_3,-0.0061,0.04261335
1845,model_3,0.1342,0.17631023
1846,model_3,0.1935,0.25848728
1847,model_3,0.2143,0.2033722
1848,model_3,0.5605,0.48245972
1849,model_3,0.7351,0.6658682
1850,model_3,0.2722,0.2381129
1851,model_3,0.0339,0.017372873
1852,model_3,-0.0714,-0.077884525
1853,model_3,0.1998,0.03230172
1854,model_3,0.1146,0.19647776
1855,model_3,0.1568,0.14641972
1856,model_3,0.3448,0.32308936
1857,model_3,-0.1529,-0.04671765
1858,model_3,0.1486,0.1270442
1859,model_3,0.3611,0.28481013
1860,model_3,0.0948,0.081924036
1861,model_3,0.5173,0.51452595
1862,model_3,0.0495,0.0706415
1863,model_3,0.445,0.19096227
1864,model_3,0.3841,0.35821438
1865,model_3,0.4339,0.40392607
1866,model_3,0.1102,0.16322948
1867,model_3,0.5015,0.45603764
1868,model_3,0.4173,0.39745247
1869,model_3,-0.067,-0.05995797
1870,model_3,-0.0166,-0.031954233
1871,model_3,-0.0258,0.20892079
1872,model_3,0.2449,0.19084813
1873,model_3,0.1174,0.12420641
1874,model_3,0.162,0.18036123
1875,model_3,0.2381,0.2065339
1876,model_3,0.2539,0.12473573
1877,model_3,0.0735,0.03694067
1878,model_3,0.9806,0.9308957
1879,model_3,0.4407,0.45648527
1880,model_3,0.2269,0.21679972
1881,model_3,-0.0766,-0.08301364
1882,model_3,0.0796,0.080426514
1883,model_3,0.6003,0.51299024
1884,model_3,0.719,0.6484971
1885,model_3,0.6339,0.5755183
1886,model_3,0.0301,0.0035859179
1887,model_3,0.0793,0.099053875
1888,model_3,0.1956,0.16626178
1889,model_3,0.8536,0.8727794
1890,model_3,0.165,0.18327253
1891,model_3,0.3517,0.2910931
1892,model_3,0.2038,0.21479686
1893,model_3,-0.0053,0.115966395
1894,model_3,0.0542,0.028492665
1895,model_3,0.8258,0.7439434
1896,model_3,0.353,0.21186396
1897,model_3,0.1711,0.15356393
1898,model_3,0.4296,0.45107037
1899,model_3,0.2038,0.29544258
1900,model_3,0.3169,0.34567276
1901,model_3,0.3385,0.35121536
1902,model_3,0.0409,0.032264177
1903,model_3,0.0625,0.11066033
1904,model_3,0.7462,0.6946679
1905,model_3,0.0599,0.07677917
1906,model_3,0.1386,0.15507598
1907,model_3,0.0468,0.058412675
1908,model_3,0.0625,0.07166615
1909,model_3,0.2048,0.20250042
1910,model_3,0.6842,0.7146301
1911,model_3,0.0614,0.08302455
1912,model_3,0.6128,0.5652494
1913,model_3,0.1058,0.08550185
1914,model_3,0.9099,0.8509613
1915,model_3,0.2142,0.23472506
1916,model_3,0.0273,0.11332984
1917,model_3,0.4871,0.46698985
1918,model_3,-0.0276,0.118748724
1919,model_3,0.401,0.38440496
1920,model_3,0.8835,0.89614785
1921,model_3,0.2694,0.14689678
1922,model_3,0.6094,0.60572344
1923,model_3,0.021,-0.062063236
1924,model_3,0.1737,0.12781176
1925,model_3,0.0308,0.04839476
1926,model_3,0.2844,0.31496418
1927,model_3,0.606,0.60928303
1928,model_3,0.0895,0.06359695
1929,model_3,0.1664,0.19187619
1930,model_3,0.6168,0.595482
1931,model_3,0.0302,0.09418036
1932,model_3,0.0513,0.008465391
1933,model_3,0.0782,0.15842818
1934,model_3,0.0632,0.05996718
1935,model_3,0.2951,0.29960817
1936,model_3,0.7142,0.7213715
1937,model_3,0.3243,0.4972802
1938,model_3,0.7871,0.80523163
1939,model_3,0.8224,0.8467059
1940,model_3,0.6999,0.70509154
1941,model_3,0.1011,0.08252555
1942,model_3,0.3801,0.37139055
1943,model_3,0.4836,0.45335114
1944,model_3,0.3291,0.32877195
1945,model_3,0.5715,0.54978216
1946,model_3,0.4445,0.45789644
1947,model_3,0.1746,0.16797285
1948,model_3,0.0899,0.104834676
1949,model_3,0.0089,0.046222117
1950,model_3,0.0246,0.062888965
1951,model_3,0.1195,0.1532512
1952,model_3,0.1596,0.14980578
1953,model_3,0.2312,0.21051537
1954,model_3,0.2667,0.2142426
1955,model_3,0.0707,0.10646805
1956,model_3,0.1318,0.00011514034
1957,model_3,0.1511,0.16062506
1958,model_3,0.0559,0.036506668
1959,model_3,0.35,0.39953223
1960,model_3,0.1918,0.2001898
1961,model_3,0.0747,0.055093788
1962,model_3,0.3402,0.22898208
1963,model_3,0.3088,0.29792944
1964,model_3,0.5206,0.48232782
1965,model_3,0.1642,0.17246039
1966,model_3,0.2613,0.14621542
1967,model_3,0.5009,0.4889488
1968,model_3,0.0954,0.09672435
1969,model_3,0.1135,0.09386444
1970,model_3,0.2908,0.35508177
1971,model_3,-0.0937,-0.008631308
1972,model_3,0.0664,0.14862436
1973,model_3,0.2706,0.23763917
1974,model_3,0.2689,0.27404445
1975,model_3,0.4498,0.3883449
1976,model_3,0.3073,0.20093848
1977,model_3,0.1672,0.12500855
1978,model_3,0.0486,0.042163055
1979,model_3,-0.0287,-0.059540156
1980,model_3,0.2684,0.24261253
1981,model_3,0.1404,0.17482099
1982,model_3,0.4732,0.38292736
1983,model_3,0.2759,0.2469758
1984,model_3,0.4503,0.43212882
1985,model_3,0.1115,0.11073071
1986,model_3,-0.0236,0.23452775
1987,model_3,0.2721,0.3288287
1988,model_3,0.1952,0.19337772
1989,model_3,-0.0048,-0.002846375
1990,model_3,0.0365,0.069812804
1991,model_3,0.1785,0.08455819
1992,model_3,0.1792,0.17289464
1993,model_3,-0.0119,0.008271781
1994,model_3,0.2714,0.1655695
1995,model_3,0.4866,0.47974518
1996,model_3,0.0556,0.1012173
1997,model_3,-0.0301,0.031469695
1998,model_3,0.1028,0.09386939
1999,model_3,0.175,0.14087822
2000,model_3,0.2137,0.28563744
2001,model_3,0.3126,0.27554953
2002,model_3,0.0038,0.006184045
2003,model_3,0.1805,0.15493512
2004,model_3,0.4573,0.48764423
2005,model_3,0.4347,0.15579578
2006,model_3,-0.0041,0.012728541
2007,model_3,0.4414,0.32461902
2008,model_3,0.6146,0.607654
2009,model_3,0.3626,0.28425586
2010,model_3,0.3797,0.26922283
2011,model_3,0.0649,0.07451759
2012,model_3,0.1213,0.22318326
2013,model_3,0.5278,0.5087603
2014,model_3,0.3688,0.37083653
2015,model_3,0.5026,0.41173422
2016,model_3,0.5161,0.5459369
2017,model_3,0.11,0.036105163
2018,model_3,0.0692,0.038068626
2019,model_3,0.0205,0.07309783
2020,model_3,0.4743,0.5156773
2021,model_3,0.0569,0.15093656
2022,model_3,0.2556,0.19854152
2023,model_3,0.1831,0.18904506
2024,model_3,-0.0558,-0.07332903
2025,model_3,0.241,0.21811645
2026,model_3,0.0528,0.037009317
2027,model_3,0.3011,0.14980103
2028,model_3,0.1446,0.067251205
2029,model_3,0.3441,0.31480962
2030,model_3,0.1989,0.23318191
2031,model_3,0.2735,0.19005919
2032,model_3,0.6811,0.52044326
2033,model_3,0.4909,0.49149
2034,model_3,0.3854,0.13572414
2035,model_3,0.009,0.03304913
2036,model_3,0.0029,0.10964437
2037,model_3,0.6713,0.6168979
2038,model_3,0.6935,0.59295076
2039,model_3,0.0239,0.06848025
2040,model_3,0.0817,0.07923338
2041,model_3,0.1259,0.1913779
2042,model_3,0.1235,0.20634602
2043,model_3,0.3109,0.23136207
2044,model_3,0.1534,0.13858409
2045,model_3,0.0552,0.21100087
2046,model_3,0.3115,0.28163528
2047,model_3,0.4089,0.40603554
2048,model_3,0.4448,0.49346486
2049,model_3,0.0684,0.1256887
2050,model_3,0.1937,0.17638685
2051,model_3,0.752,0.6694656
2052,model_3,0.0642,0.093261644
2053,model_3,0.1313,0.08148523
2054,model_3,-0.0088,0.022419145
2055,model_3,0.4224,0.38580528
2056,model_3,0.0218,0.047608167
2057,model_3,0.2253,0.21418376
2058,model_3,0.2724,0.28655392
2059,model_3,0.0298,0.043743458
2060,model_3,0.3521,0.33963543
2061,model_3,0.6579,0.6342315
2062,model_3,0.6915,0.7221659
2063,model_3,0.2314,0.27719593
2064,model_3,0.5072,0.5132684
2065,model_3,0.0961,0.09680703
2066,model_3,0.4058,0.4033441
2067,model_3,0.7405,0.69671226
2068,model_3,0.5511,0.5371585
2069,model_3,0.4924,0.5317115
2070,model_3,0.0959,0.093165785
2071,model_3,0.1305,0.037674133
2072,model_3,0.2622,0.279922
2073,model_3,0.2659,0.31128556
2074,model_3,0.1033,0.098364756
2075,model_3,0.0842,0.06921871
2076,model_3,0.2871,0.3455664
2077,model_3,0.7466,0.7468639
2078,model_3,0.091,0.0933388
2079,model_3,0.083,0.1147313
2080,model_3,0.3376,0.3606975
2081,model_3,0.1339,0.13263129
2082,model_3,0.6286,0.5799683
2083,model_3,0.2948,0.3213781
2084,model_3,0.4536,0.4285065
2085,model_3,0.1133,0.16223332
2086,model_3,0.3551,0.24203843
2087,model_3,0.0929,0.11265573
2088,model_3,0.4251,0.34638122
2089,model_3,0.2704,0.24458997
2090,model_3,0.2401,0.19192053
2091,model_3,0.665,0.6031638
2092,model_3,-0.0031,0.00744503
2093,model_3,0.7409,0.7935184
2094,model_3,-0.0025,0.02558513
2095,model_3,0.0433,0.09437622
2096,model_3,0.7209,0.69628674
2097,model_3,0.0943,0.09239614
2098,model_3,0.0329,0.10376185
2099,model_3,0.1474,0.17596593
2100,model_3,0.1706,0.13774627
2101,model_3,-0.0493,-0.014258245
2102,model_3,-0.0868,-0.005204618
2103,model_3,0.3644,0.111905634
2104,model_3,0.5647,0.6418026
2105,model_3,0.1776,0.14492525
2106,model_3,0.0648,0.03542838
2107,model_3,0.0696,0.03946477
2108,model_3,0.0711,0.07618213
2109,model_3,-0.0556,-0.008936007
2110,model_3,0.2539,0.20837511
2111,model_3,0.4092,0.31877202
2112,model_3,0.1373,0.21718241
2113,model_3,0.1552,0.123527735
2114,model_3,0.3984,0.3546317
2115,model_3,0.3301,0.3777187
2116,model_3,0.3196,0.24114822
2117,model_3,0.4281,0.36429963
2118,model_3,0.771,0.74855536
2119,model_3,0.4661,0.45155007
2120,model_3,0.2645,0.2956463
2121,model_3,-0.0593,-0.029137738
2122,model_3,0.1294,0.20525849
2123,model_3,0.1354,0.2246941
2124,model_3,0.4814,0.35858834
2125,model_3,0.1428,0.118751824
2126,model_3,0.4471,0.2732876
2127,model_3,0.2941,0.28198737
2128,model_3,0.5149,0.52800214
2129,model_3,0.0519,0.051179275
2130,model_3,0.1621,0.2235316
2131,model_3,0.0542,0.09608358
2132,model_3,0.2082,0.16233285
2133,model_3,0.246,0.13249654
2134,model_3,0.0346,0.11776112
2135,model_3,0.283,0.28346738
2136,model_3,0.0914,0.050110035
2137,model_3,0.2275,0.2512702
2138,model_3,0.7836,0.80214435
2139,model_3,0.2079,0.19096313
2140,model_3,0.1466,0.13130488
2141,model_3,-0.1392,-0.13846801
2142,model_3,-0.0122,0.052185845
2143,model_3,0.2164,0.16928649
2144,model_3,0.1646,0.17906527
2145,model_3,0.0769,0.15847094
2146,model_3,0.8451,0.74082774
2147,model_3,0.2269,0.16715099
2148,model_3,0.0412,0.027313845
2149,model_3,0.0971,0.20285831
2150,model_3,0.0746,0.07796177
2151,model_3,0.1097,0.08826096
2152,model_3,0.2956,0.25023136
2153,model_3,0.1064,0.18984209
2154,model_3,0.3524,0.3466964
2155,model_3,0.4511,0.48496374
2156,model_3,0.1325,0.14775549
2157,model_3,-0.0461,-0.005937008
2158,model_3,0.2438,0.29623425
2159,model_3,0.2596,0.24542417
2160,model_3,-0.0488,0.09595621
2161,model_3,0.4558,0.39424878
2162,model_3,0.1508,0.22695704
2163,model_3,0.2979,0.28059316
2164,model_3,0.0906,0.06194215
2165,model_3,0.0853,0.04878028
2166,model_3,0.4304,0.51517725
2167,model_3,0.2698,0.27548242
2168,model_3,0.1653,0.14091231
2169,model_3,0.3457,0.41327888
2170,model_3,0.4683,0.3298531
2171,model_3,0.1184,0.11002752
2172,model_3,0.2151,0.26135728
2173,model_3,0.1276,0.20645414
2174,model_3,-0.0285,-0.11493349
2175,model_3,0.1653,0.13987748
2176,model_3,0.8356,0.75957197
2177,model_3,0.2983,0.27606177
2178,model_3,0.5258,0.4677321
2179,model_3,0.1113,0.12179394
2180,model_3,0.8023,0.8244678
2181,model_3,0.1225,0.16104437
2182,model_3,-0.0278,0.04157877
2183,model_3,0.011,0.028855827
2184,model_3,0.1858,0.19160844
2185,model_3,-0.0655,0.06953572
2186,model_3,0.0168,0.03010201
2187,model_3,0.2855,0.22801751
2188,model_3,0.0363,0.06327749
2189,model_3,0.1185,0.09475155
2190,model_3,0.5853,0.5777663
2191,model_3,0.1985,0.18357863
2192,model_3,-0.0767,-0.06524508
2193,model_3,0.0865,0.09474231
2194,model_3,0.1367,0.07118648
2195,model_3,0.4171,0.36827636
2196,model_3,0.0302,0.050212856
2197,model_3,0.2236,0.27889207
2198,model_3,0.081,0.07062486
2199,model_3,-0.0656,0.028071115
2200,model_3,0.0539,0.10170166
2201,model_3,-0.1132,-0.041572362
2202,model_3,-0.0558,0.036822032
2203,model_3,0.1718,0.06430358
2204,model_3,0.3226,0.31014395
2205,model_3,0.4012,0.39438173
2206,model_3,0.1964,0.20033248
2207,model_3,0.5025,0.37889934
2208,model_3,0.1479,0.22588427
2209,model_3,0.2188,0.18583648
2210,model_3,0.7906,0.69435674
2211,model_3,-0.0018,-0.00750646
2212,model_3,0.0094,0.00047565997
2213,model_3,-0.0241,-0.049017753
2214,model_3,0.133,0.1456371
2215,model_3,0.1703,0.16774718
2216,model_3,0.3239,0.36725688
2217,model_3,0.6986,0.6234513
2218,model_3,0.4268,0.4525568
2219,model_3,0.1748,0.15898143
2220,model_3,0.6091,0.6814535
2221,model_3,0.2514,0.37455696
2222,model_3,0.1115,0.12607715
2223,model_3,0.0825,0.06106059
2224,model_3,0.1045,0.16626848
2225,model_3,0.0228,0.030589089
2226,model_3,0.2188,0.19368762
2227,model_3,0.488,0.34142315
2228,model_3,0.2498,0.21170549
2229,model_3,0.4969,0.64481795
2230,model_3,0.0161,0.12907535
2231,model_3,0.2558,0.2674755
2232,model_3,0.0944,0.11242929
2233,model_3,0.1596,0.20241788
2234,model_3,0.0603,0.10842632
2235,model_3,0.427,0.40069193
2236,model_3,-0.0324,-0.023835465
2237,model_3,0.0983,0.2189041
2238,model_3,0.9195,0.86890584
2239,model_3,-0.0046,0.07589057
2240,model_3,0.4353,0.40297264
2241,model_3,0.4979,0.504561
2242,model_3,0.2926,0.15260597
2243,model_3,0.3598,0.24611624
2244,model_3,0.5293,0.4426244
2245,model_3,0.6086,0.5882977
2246,model_3,0.1407,0.0660609
2247,model_3,0.2129,0.26829797
2248,model_3,-0.0813,-0.012838457
2249,model_3,-0.0861,-0.13873391
2250,model_3,0.3607,0.096886605
2251,model_3,0.0736,0.0832625
2252,model_3,0.4956,0.47085458
2253,model_3,-0.0069,0.029297832
2254,model_3,-0.0042,0.02519617
2255,model_3,0.3008,0.3489099
2256,model_3,0.5262,0.45310986
2257,model_3,0.5154,0.37631437
2258,model_3,0.5462,0.5630997
2259,model_3,0.2079,0.22161046
2260,model_3,0.1106,0.055670056
2261,model_3,0.4812,0.44896203
2262,model_3,0.306,0.2691487
2263,model_3,0.1829,0.3203994
2264,model_3,0.4184,0.3291235
2265,model_3,0.0843,0.08673492
2266,model_3,0.2674,0.2823264
2267,model_3,0.3302,0.24505048
2268,model_3,0.0586,0.08131498
2269,model_3,0.5998,0.63782793
2270,model_3,0.145,0.256458
2271,model_3,-0.1423,-0.13944525
2272,model_3,0.0996,0.030125497
2273,model_3,0.1298,0.13012634
2274,model_3,0.2488,0.60538256
2275,model_3,0.3637,0.33615842
2276,model_3,0.0805,0.0366484
2277,model_3,0.4003,0.40044877
2278,model_3,0.2231,0.21134904
2279,model_3,0.1833,0.20522182
2280,model_3,-0.0799,-0.067499325
2281,model_3,-0.1773,-0.06221536
2282,model_3,0.6467,0.63662285
2283,model_3,0.0156,-0.0014534965
2284,model_3,0.6895,0.65236866
2285,model_3,0.3761,0.29923725
2286,model_3,0.5106,0.06480287
2287,model_3,0.0337,0.07430585
2288,model_3,-0.0027,-0.029799338
2289,model_3,0.346,0.34791237
2290,model_3,0.2623,0.24025121
2291,model_3,0.2178,0.12207705
2292,model_3,0.9141,0.9058363
2293,model_3,-0.0143,0.12221672
2294,model_3,0.4648,0.48063558
2295,model_3,0.095,0.24889475
2296,model_3,0.2232,0.19919877
2297,model_3,0.4625,0.38117176
2298,model_3,0.3511,0.2315041
2299,model_3,0.4746,0.49797815
2300,model_3,0.1545,0.16097447
2301,model_3,1.0283,1.0081733
2302,model_3,0.2753,0.027841602
2303,model_3,0.0433,-0.06230669
2304,model_3,0.1429,0.10903332
2305,model_3,0.3277,0.31176656
2306,model_3,0.126,0.3103131
2307,model_3,0.8278,0.78566337
2308,model_3,-0.0626,0.012348192
2309,model_3,0.2406,0.19363141
2310,model_3,0.1607,0.25529534
2311,model_3,0.2547,0.17936529
2312,model_3,0.2051,0.12469536
2313,model_3,0.1338,0.08673856
2314,model_3,0.3423,0.36688513
2315,model_3,0.1036,0.17938842
2316,model_3,0.0942,0.046921585
2317,model_3,0.3219,0.22677954
2318,model_3,0.0404,-0.040299457
2319,model_3,0.5314,0.5309319
2320,model_3,-0.0495,0.01814001
2321,model_3,0.2012,0.3001691
2322,model_3,0.0395,0.045873933
2323,model_3,-0.0871,-0.20128688
2324,model_3,0.3962,0.3930493
2325,model_3,0.0128,0.0507075
2326,model_3,0.6109,0.55320466
2327,model_3,-0.0456,-0.079794854
2328,model_3,0.191,0.1705396
2329,model_3,0.0226,0.0974628
2330,model_3,0.1018,0.048869487
2331,model_3,0.0441,0.0416573
2332,model_3,0.3571,0.40009943
2333,model_3,0.1164,0.12777145
2334,model_3,0.3579,0.23747854
2335,model_3,0.3431,0.32455757
2336,model_3,0.0919,0.26028866
2337,model_3,0.0966,0.11833726
2338,model_3,0.0786,0.12652119
2339,model_3,0.2287,0.26914734
2340,model_3,-0.0612,-0.008228831
2341,model_3,0.7831,0.7893171
2342,model_3,0.0844,0.09345101
2343,model_3,0.0551,0.14706565
2344,model_3,0.2589,0.22619691
2345,model_3,0.3022,0.28798258
2346,model_3,0.0914,0.086247385
2347,model_3,0.2766,0.29083887
2348,model_3,0.2123,0.18177603
2349,model_3,0.0611,0.17919195
2350,model_3,0.1277,0.08256835
2351,model_3,0.3579,0.3460216
2352,model_3,0.5922,0.68930537
2353,model_3,0.4146,0.38088718
2354,model_3,0.1249,0.1049664
2355,model_3,0.225,0.11228055
2356,model_3,0.1307,0.13950737
2357,model_3,0.2502,0.31675673
2358,model_3,0.0479,0.07570362
2359,model_3,0.0683,0.1993858
2360,model_3,0.1091,0.20496225
2361,model_3,0.0273,0.044564534
2362,model_3,0.3553,0.37760022
2363,model_3,-0.0426,-0.11316621
2364,model_3,0.0502,0.2646752
2365,model_3,0.3118,0.14612852
2366,model_3,0.1987,0.24883004
2367,model_3,0.385,0.37661776
2368,model_3,-0.0992,-0.04459222
2369,model_3,0.4363,0.48409712
2370,model_3,-0.1531,-0.11573078
2371,model_3,0.1138,0.14154266
2372,model_3,0.3308,0.2512818
2373,model_3,0.3607,0.45515293
2374,model_3,0.2634,0.2410771
2375,model_3,0.1535,0.073457964
2376,model_3,0.0753,0.061891545
2377,model_3,0.5317,0.50944537
2378,model_3,0.1409,0.14677566
2379,model_3,0.0704,0.068150654
2380,model_3,0.2197,0.2723161
2381,model_3,0.922,0.95868164
2382,model_3,0.3426,0.3903563
2383,model_3,0.2733,-0.012976799
2384,model_3,0.1191,0.13989757
2385,model_3,0.0177,-0.0548548
2386,model_3,0.1661,0.21317019
2387,model_3,0.0241,0.01742778
2388,model_3,0.4024,0.32256126
2389,model_3,-0.043,-0.03178322
2390,model_3,-0.0965,-0.18497048
2391,model_3,0.5143,0.42216617
2392,model_3,-0.0147,-0.005316492
2393,model_3,0.1855,0.18841831
2394,model_3,-0.1254,-0.10043822
2395,model_3,0.1937,0.13360313
2396,model_3,0.0672,0.07116416
2397,model_3,0.1045,0.15808043
2398,model_3,0.0468,0.16618823
2399,model_3,0.2008,0.23277943
2400,model_3,0.0697,0.070785135
2401,model_3,0.0472,0.020054523
2402,model_3,0.7333,0.70145255
2403,model_3,0.0066,0.050949354
2404,model_3,0.2445,0.23927125
2405,model_3,0.3397,0.2621631
2406,model_3,0.2334,0.22619842
2407,model_3,0.125,0.19262788
2408,model_3,0.3493,0.35306317
2409,model_3,0.0261,0.013203252
2410,model_3,0.2084,0.15532525
2411,model_3,0.414,0.41646582
2412,model_3,0.3211,0.31651196
2413,model_3,0.1561,0.12401405
2414,model_3,-0.0465,0.027875643
2415,model_3,-0.1737,-0.16434376
2416,model_3,0.7037,0.8202305
2417,model_3,-0.0949,-0.048765127
2418,model_3,0.0636,0.013868291
2419,model_3,-0.0622,-0.08226989
2420,model_3,0.0604,0.08814371
2421,model_3,0.2381,0.24045393
2422,model_3,-0.0401,0.09850146
2423,model_3,0.2792,0.2885206
2424,model_3,0.0646,0.10499227
2425,model_3,0.5045,0.48418468
2426,model_3,-0.1945,-0.0898186
2427,model_3,0.0937,0.3411134
2428,model_3,-0.1968,-0.17452328
2429,model_3,-0.0879,0.03269326
2430,model_3,0.4961,0.36333397
2431,model_3,-0.0307,-0.0010749884
2432,model_3,0.2957,0.23394059
2433,model_3,0.197,0.16287263
2434,model_3,0.4483,0.4656508
2435,model_3,0.1704,0.10648787
2436,model_3,0.1531,0.15744318
2437,model_3,0.0805,0.10414982
2438,model_3,0.2078,0.25397488
2439,model_3,0.0391,0.03004766
2440,model_3,0.0785,0.14270689
2441,model_3,0.1768,0.1527509
2442,model_3,0.086,0.0769438
2443,model_3,-0.178,-0.17340478
2444,model_3,0.0338,0.10748571
2445,model_3,0.0736,0.13439226
2446,model_3,0.2707,0.14555079
2447,model_3,0.5197,0.5689934
2448,model_3,0.2642,0.34695
2449,model_3,0.3548,0.32025346
2450,model_3,0.3396,0.36244386
2451,model_3,-0.048,0.0011291001
2452,model_3,0.3061,0.2659384
2453,model_3,-0.0196,0.01741353
2454,model_3,0.5351,0.5222376
2455,model_3,0.1002,0.032632772
2456,model_3,-0.0815,-0.048821125
2457,model_3,0.0846,0.04814621
2458,model_3,0.2176,0.2147399
2459,model_3,0.6511,0.6579991
2460,model_3,-0.1873,-0.17785133
2461,model_3,0.2092,0.27326396
2462,model_3,-0.11,-0.027264077
2463,model_3,0.4118,0.42072362
2464,model_3,0.0125,-0.0006278008
2465,model_3,0.3009,0.27301383
2466,model_3,0.4287,0.4420155
2467,model_3,0.0551,0.037614893
2468,model_3,0.834,0.73697484
2469,model_3,-0.0629,-0.018823612
2470,model_3,-0.038,0.026429798
2471,model_3,0.4538,0.51239747
2472,model_3,0.1704,0.16745485
2473,model_3,0.4131,0.38459128
2474,model_3,0.2959,0.31635737
2475,model_3,0.0551,0.08963747
2476,model_3,0.0596,0.10876779
2477,model_3,-0.1162,0.012302365
2478,model_3,0.5159,0.45167464
2479,model_3,0.4329,0.4422113
2480,model_3,0.1717,0.10325299
2481,model_3,0.3216,0.27905518
2482,model_3,0.2397,0.22286637
2483,model_3,0.8918,0.8801375
2484,model_3,0.3256,0.31807524
2485,model_3,0.636,0.6111707
2486,model_3,0.2361,0.1736259
2487,model_3,0.267,0.21529083
2488,model_3,0.5361,0.6153503
2489,model_3,0.1518,0.025756676
2490,model_3,0.0232,0.022558797
2491,model_3,0.2436,0.26923165
2492,model_3,0.2046,0.24877854
2493,model_3,0.1929,0.21191342
2494,model_3,0.0415,0.033357576
2495,model_3,0.087,0.090228796
2496,model_3,-0.049,0.013391877
2497,model_3,0.2735,0.17207997
2498,model_3,0.3099,0.38469723
2499,model_3,0.5557,0.45621175
2500,model_3,-0.0168,0.013993932
2501,model_3,0.1962,0.21162748
2502,model_3,0.128,0.10432294
2503,model_3,0.5142,0.5062987
2504,model_3,0.0515,0.047493774
2505,model_3,0.1594,0.40997335
2506,model_3,0.2551,0.23880285
2507,model_3,0.2396,0.25957772
2508,model_3,0.3163,0.3701533
2509,model_3,0.2979,0.34200048
2510,model_3,0.2351,0.15911593
2511,model_3,0.2938,0.29217452
2512,model_3,0.4776,0.4491588
2513,model_3,0.1903,0.13449757
2514,model_3,0.8565,0.8179803
2515,model_3,0.5138,0.5582739
2516,model_3,0.6757,0.68163836
2517,model_3,0.3403,0.27905077
2518,model_3,0.137,0.17783488
2519,model_3,0.1746,0.16097264
2520,model_3,0.1493,0.1752734
2521,model_3,-0.0492,0.028622925
2522,model_3,0.4227,0.39975342
2523,model_3,0.4245,0.42386758
2524,model_3,0.6463,0.60544926
2525,model_3,0.1008,0.0435126
2526,model_3,0.4314,0.45331472
2527,model_3,0.4532,0.4582976
2528,model_3,0.291,0.2647618
2529,model_3,0.1376,0.115361154
2530,model_3,0.5847,0.2722053
2531,model_3,0.4638,0.49795023
2532,model_3,0.1733,0.13698266
2533,model_3,0.3214,0.29238454
2534,model_3,-0.0151,-0.0028675152
2535,model_3,0.1374,0.096894205
2536,model_3,0.4054,0.34166953
2537,model_3,0.2734,0.28436765
2538,model_3,0.0193,0.18124184
2539,model_3,0.2894,0.17501502
2540,model_3,1.0078,0.920544
2541,model_3,0.4983,0.55204064
2542,model_3,0.0486,0.042093106
2543,model_3,0.2746,0.16797335
2544,model_3,0.1106,0.11716707
2545,model_3,0.0978,0.14166637
2546,model_3,0.0907,0.13602062
2547,model_3,0.8122,0.8058818
2548,model_3,-0.023,0.0061958116
2549,model_3,0.0733,0.10634084
2550,model_3,0.5258,0.555599
2551,model_3,0.1525,0.15076654
2552,model_3,0.768,0.71589607
2553,model_3,0.0506,0.16675712
2554,model_3,0.313,0.2705356
2555,model_3,0.1369,0.16859631
2556,model_3,0.3134,0.2975468
2557,model_3,0.2892,0.39731583
2558,model_3,0.2155,0.09887728
2559,model_3,0.1167,0.09495576
2560,model_3,0.1557,0.11320825
2561,model_3,-0.0525,-0.06687234
2562,model_3,0.1108,0.070116624
2563,model_3,0.3512,0.36521983
2564,model_3,0.7159,0.71410483
2565,model_3,0.0628,0.05750486
2566,model_3,0.8403,0.80960846
2567,model_3,0.3443,0.28913984
2568,model_3,0.1947,0.09728564
2569,model_3,0.1618,0.32073855
2570,model_3,0.0141,0.08719568
2571,model_3,0.5061,0.30819345
2572,model_3,0.3179,0.35679084
2573,model_3,0.2998,0.17851707
2574,model_3,0.4863,0.5592399
2575,model_3,0.1439,0.23921908
2576,model_3,0.4728,0.43794644
2577,model_3,0.116,0.18370356
2578,model_3,0.381,0.38242692
2579,model_3,-0.1074,-0.10232957
2580,model_3,0.1181,0.21782874
2581,model_3,0.477,0.47902873
2582,model_3,0.5098,0.43997973
2583,model_3,0.3188,0.21669035
2584,model_3,0.5059,0.40509325
2585,model_3,0.0844,0.23297845
2586,model_3,0.1045,0.02193816
2587,model_3,0.1494,0.09952466
2588,model_3,0.0213,0.23552524
2589,model_3,0.2679,0.22346292
2590,model_3,0.1921,0.0569042
2591,model_3,0.4574,0.42846298
2592,model_3,0.0495,0.16880964
2593,model_3,-0.199,-0.17449823
2594,model_3,0.2485,0.2835626
2595,model_3,0.1158,0.11795393
2596,model_3,0.2572,0.31298018
2597,model_3,-0.0152,-0.027310926
2598,model_3,0.6111,0.64750624
2599,model_3,0.2669,0.24209331
2600,model_3,0.1268,0.17448215
2601,model_3,0.3886,0.14956348
2602,model_3,0.187,0.2732354
2603,model_3,-0.0063,0.0154843
2604,model_3,0.1124,0.11449763
2605,model_3,0.5441,0.55878264
2606,model_3,0.1208,0.24540174
2607,model_3,0.0166,0.06555919
2608,model_3,0.1085,0.0801757
2609,model_3,0.1971,0.24860868
2610,model_3,0.1604,0.109317794
2611,model_3,0.2465,0.22277212
2612,model_3,0.012,0.054773908
2613,model_3,0.4643,0.50806314
2614,model_3,0.22,0.26193458
2615,model_3,0.4975,0.42825228
2616,model_3,0.1846,0.13157006
2617,model_3,0.4857,0.44584554
2618,model_3,0.0707,0.18469371
2619,model_3,0.1119,0.029404474
2620,model_3,0.2441,0.22833186
2621,model_3,0.144,0.11952484
2622,model_3,0.4107,0.335744
2623,model_3,0.5787,0.45503646
2624,model_3,0.1498,0.15823922
2625,model_3,0.0684,0.006842453
2626,model_3,0.173,0.16318332
2627,model_3,0.179,0.23281214
2628,model_3,-0.0701,0.08332929
2629,model_3,0.1104,0.116245
2630,model_3,0.2888,0.24595587
2631,model_3,-0.0609,-0.048694476
2632,model_3,0.1403,0.14162415
2633,model_3,-0.1751,-0.12343824
2634,model_3,0.7206,0.66500634
2635,model_3,0.6308,0.70219725
2636,model_3,0.4534,0.4060775
2637,model_3,0.4743,0.46316922
2638,model_3,0.152,0.10396792
2639,model_3,0.0171,0.012861382
2640,model_3,0.711,0.68328243
2641,model_3,-0.0394,0.012512479
2642,model_3,0.301,0.23772408
2643,model_3,0.9379,0.9314771
2644,model_3,0.2645,0.23341878
2645,model_3,0.1274,0.0281092
2646,model_3,0.1756,0.18789493
2647,model_3,0.0605,0.09111893
2648,model_3,0.3481,0.26158977
2649,model_3,0.1336,0.15986873
2650,model_3,0.1011,0.11048482
2651,model_3,-0.008,0.020829095
2652,model_3,0.0706,0.053728662
2653,model_3,0.1649,0.11571632
2654,model_3,0.1702,0.1506521
2655,model_3,0.4097,0.395657
2656,model_3,-0.088,0.022049882
2657,model_3,0.04,-0.040909227
2658,model_3,0.3692,0.36910945
2659,model_3,0.1376,0.17013632
2660,model_3,0.4638,0.28727913
2661,model_3,0.5813,0.5735279
2662,model_3,0.2439,0.292815
2663,model_3,0.4032,0.3896682
2664,model_3,0.2606,0.26027644
2665,model_3,0.0893,0.16280906
2666,model_3,-0.1402,-0.14008681
2667,model_3,0.2795,0.30762854
2668,model_3,0.4434,0.4678535
2669,model_3,0.2694,0.25947836
2670,model_3,0.362,0.39262235
2671,model_3,0.4093,0.35654038
2672,model_3,0.4058,0.41037637
2673,model_3,0.3144,0.24515206
2674,model_3,-0.004,0.02791692
2675,model_3,0.0647,0.013208441
2676,model_3,0.0591,0.04974443
2677,model_3,-0.0967,-0.009055408
2678,model_3,-0.0669,0.012281503
2679,model_3,0.0572,0.095192105
2680,model_3,0.0566,0.123739764
2681,model_3,0.1546,0.17880227
2682,model_3,0.4367,0.40359193
2683,model_3,0.0801,0.073869705
2684,model_3,-0.0431,0.063786164
2685,model_3,0.2057,0.16948803
2686,model_3,0.0793,0.116810486
2687,model_3,0.2068,0.2548661
2688,model_3,0.4708,0.4224214
2689,model_3,0.0485,0.09379126
2690,model_3,0.183,0.008846616
2691,model_3,0.0672,0.090329304
2692,model_3,0.0733,0.06753022
2693,model_3,0.1141,0.21199994
2694,model_3,0.295,0.22790426
2695,model_3,0.4157,0.39529297
2696,model_3,0.0603,0.0944573
2697,model_3,0.0512,0.077709004
2698,model_3,0.5054,0.51408607
2699,model_3,0.0788,0.093118355
2700,model_3,-0.1578,-0.12461273
2701,model_3,0.4295,0.38531733
2702,model_3,0.0835,0.054402124
2703,model_3,0.1894,0.18472596
2704,model_3,0.2404,0.23109016
2705,model_3,0.1741,0.27402672
2706,model_3,0.3223,0.39126384
2707,model_3,0.0523,0.11574575
2708,model_3,0.3088,0.18147798
2709,model_3,0.5778,0.50153023
2710,model_3,-0.0242,0.077288255
2711,model_3,0.1516,0.13730963
2712,model_3,0.3212,0.282979
2713,model_3,0.081,0.114161044
2714,model_3,0.0695,0.073265806
2715,model_3,0.1831,0.17396091
2716,model_3,0.5478,0.54031444
2717,model_3,1.1613,1.1233284
2718,model_3,-0.0134,-0.01090179
2719,model_3,0.4061,0.39738283
2720,model_3,0.2026,0.15252937
2721,model_3,-0.059,-0.04448095
2722,model_3,0.1121,0.17370893
2723,model_3,0.2821,0.31137353
2724,model_3,-0.1552,-0.12494613
2725,model_3,0.8197,0.7158575
2726,model_3,-0.0421,0.05760823
2727,model_3,0.4188,0.406536
2728,model_3,0.1104,0.1342867
2729,model_3,0.1979,0.1811039
2730,model_3,0.0696,0.11401035
2731,model_3,-0.113,-0.057194736
2732,model_3,0.4122,0.4054888
2733,model_3,0.0738,0.5048445
2734,model_3,-0.0634,-0.017274868
2735,model_3,0.3446,0.32584643
2736,model_3,0.365,0.40802124
2737,model_3,0.6248,0.61695796
2738,model_3,0.4825,0.4835291
2739,model_3,0.7402,0.8006088
2740,model_3,0.3751,0.41738385
2741,model_3,0.7701,0.81822675
2742,model_3,0.0874,0.12996162
2743,model_3,0.198,0.12639971
2744,model_3,-0.0457,-0.073470786
2745,model_3,0.3826,0.3574239
2746,model_3,-0.0204,-0.030961987
2747,model_3,0.2721,0.25781098
2748,model_3,-0.1113,-0.16560018
2749,model_3,0.1288,0.12597743
2750,model_3,0.7548,0.6682814
2751,model_3,0.2201,0.1845055
2752,model_3,0.202,0.43983692
2753,model_3,0.4803,0.49468952
2754,model_3,0.0207,0.035541512
2755,model_3,0.255,0.12411009
2756,model_3,-0.1476,-0.08435485
2757,model_3,0.3636,0.31521338
2758,model_3,-0.2053,-0.17834783
2759,model_3,0.6387,0.7051664
2760,model_3,0.0142,0.0240068
2761,model_3,0.2466,0.27242008
2762,model_3,0.0913,0.10286552
2763,model_3,0.0021,0.031695947
2764,model_3,0.5609,0.595913
2765,model_3,-0.0314,-0.021826845
2766,model_3,0.533,0.46225744
2767,model_3,-0.0139,-0.03764787
2768,model_3,0.3253,0.33819243
2769,model_3,0.0541,0.007927664
2770,model_3,-0.121,-0.16184026
2771,model_3,0.0941,0.09217024
2772,model_3,-0.0379,0.042946
2773,model_3,0.1564,0.15651773
2774,model_3,0.0291,0.019487532
2775,model_3,0.0497,0.046500463
2776,model_3,0.2115,0.2237082
2777,model_3,0.1558,0.104947254
2778,model_3,0.229,0.2371548
2779,model_3,0.4195,0.37276053
2780,model_3,0.1375,0.1641301
2781,model_3,0.1183,-0.0031646602
2782,model_3,0.2866,0.4140998
2783,model_3,0.072,0.09051585
2784,model_3,0.1293,0.09822518
2785,model_3,0.2,0.26914376
2786,model_3,0.9549,0.93041146
2787,model_3,0.1836,0.107093975
2788,model_3,-0.1808,-0.09972708
2789,model_3,0.5419,0.51974636
2790,model_3,0.7448,0.6874309
2791,model_3,0.9199,0.96887684
2792,model_3,0.2716,0.26864934
2793,model_3,0.129,0.19741154
2794,model_3,0.2663,0.2654848
2795,model_3,0.1831,0.08472884
2796,model_3,0.1104,0.10895009
2797,model_3,0.2008,0.21133038
2798,model_3,0.1213,0.070670396
2799,model_3,0.1551,0.15925603
2800,model_3,0.1768,0.16664355
2801,model_3,0.2214,0.23904523
2802,model_3,0.0654,0.0751396
2803,model_3,0.712,0.7721339
2804,model_3,-0.0287,0.04011309
2805,model_3,0.0894,0.06233715
2806,model_3,0.4599,0.41620788
2807,model_3,0.1651,0.1738324
2808,model_3,-0.0718,-0.050676115
2809,model_3,0.0238,0.053833168
2810,model_3,0.1011,0.094461665
2811,model_3,0.1144,0.108712405
2812,model_3,0.572,0.649054
2813,model_3,0.4166,0.36533883
2814,model_3,0.3491,0.3502646
2815,model_3,0.0615,0.07805973
2816,model_3,0.1096,0.16075446
2817,model_3,0.2829,0.20821667
2818,model_3,0.0008,0.18998526
2819,model_3,0.1525,0.10770267
2820,model_3,0.4546,0.30954814
2821,model_3,0.1334,0.121086985
2822,model_3,0.2839,0.30528456
2823,model_3,0.1906,0.16471545
2824,model_3,0.213,0.21855862
2825,model_3,0.1827,0.24012133
2826,model_3,0.0978,0.060605492
2827,model_3,0.4653,0.4827167
2828,model_3,0.2917,0.24593048
2829,model_3,0.11,0.2591064
2830,model_3,-0.0511,0.21772046
2831,model_3,0.0439,0.20539401
2832,model_3,0.5813,0.5549805
2833,model_3,0.9559,0.9551221
2834,model_3,0.5317,0.5476205
2835,model_3,0.0793,-0.0027920473
2836,model_3,0.2812,0.274807
2837,model_3,0.3936,0.4385852
2838,model_3,0.2717,0.20666592
2839,model_3,0.1414,0.10475831
2840,model_3,-0.0268,-0.083572164
2841,model_3,0.2783,0.29056266
2842,model_3,0.0123,0.15663297
2843,model_3,0.2159,0.29623994
2844,model_3,0.3469,0.41265774
2845,model_3,0.3581,0.28853926
2846,model_3,0.2815,0.15986133
2847,model_3,0.7182,0.6839343
2848,model_3,0.2981,0.28271157
2849,model_3,0.8081,0.7597577
2850,model_3,0.2227,0.14711292
2851,model_3,0.3392,0.2792986
2852,model_3,0.4283,0.28150505
2853,model_3,0.1231,0.12499513
2854,model_3,-0.1411,0.009275207
2855,model_3,0.0618,0.034148656
2856,model_3,-0.0746,-0.17651094
2857,model_3,0.2387,0.11041431
2858,model_3,0.1575,0.20135356
2859,model_3,-0.0002,0.008620322
2860,model_3,-0.1061,-0.12711872
2861,model_3,0.0181,0.055937406
2862,model_3,0.0531,0.05878986
2863,model_3,0.0097,0.019828431
2864,model_3,0.3695,0.37582853
2865,model_3,0.133,0.13755187
2866,model_3,0.1619,0.10884608
2867,model_3,0.0965,0.10371643
2868,model_3,0.1873,0.19080563
2869,model_3,0.0996,0.06038076
2870,model_3,0.2355,0.2230127
2871,model_3,0.6972,0.71443444
2872,model_3,0.6764,0.6478066
2873,model_3,0.162,0.15675674
2874,model_3,0.2932,0.3474401
2875,model_3,0.708,0.7742736
2876,model_3,0.0376,0.046165615
2877,model_3,0.5975,0.663274
2878,model_3,0.2726,0.18414699
2879,model_3,0.343,0.24308029
2880,model_3,-0.0864,-0.12757312
2881,model_3,0.1737,0.11795646
2882,model_3,0.0168,0.092029035
2883,model_3,0.7592,0.7703528
2884,model_3,0.069,0.094500735
2885,model_3,-0.0097,0.082494244
2886,model_3,0.1976,0.30924416
2887,model_3,0.0327,0.07769978
2888,model_3,0.2297,0.24870616
2889,model_3,-0.11,-0.103090346
2890,model_3,0.3816,0.321924
2891,model_3,-0.0654,0.06864774
2892,model_3,0.1343,0.11296801
2893,model_3,0.2299,0.3164944
2894,model_3,0.0747,0.0609586
2895,model_3,0.2501,0.21416529
2896,model_3,0.3993,0.29080084
2897,model_3,0.5603,0.4735322
2898,model_3,0.0661,0.119996935
2899,model_3,-0.0478,0.045884542
2900,model_3,-0.0151,0.046602793
2901,model_3,-0.0039,0.053836547
2902,model_3,0.0683,0.080789745
2903,model_3,0.317,0.24722101
2904,model_3,-0.0525,0.07057964
2905,model_3,0.0731,0.027994063
2906,model_3,0.1575,0.15891235
2907,model_3,0.1224,0.22428636
2908,model_3,0.6519,0.6575969
2909,model_3,0.2109,0.17567374
2910,model_3,0.2305,0.13485706
2911,model_3,0.4973,0.5012385
2912,model_3,0.0522,0.0067919195
2913,model_3,0.1025,0.058015402
2914,model_3,0.494,0.4703102
2915,model_3,0.3771,0.33182633
2916,model_3,0.0532,0.05385684
2917,model_3,-0.0039,0.014211673
2918,model_3,-0.0468,-0.12732695
2919,model_3,0.3474,0.3933667
2920,model_3,0.3348,0.31516638
2921,model_3,0.096,0.11720669
2922,model_3,0.2047,0.24300343
2923,model_3,0.1487,0.16295822
2924,model_3,0.3968,0.2775814
2925,model_3,0.1393,0.14557143
2926,model_3,0.0373,0.0924124
2927,model_3,0.0595,0.06960058
2928,model_3,0.1507,0.30946562
2929,model_3,0.3371,0.34585825
2930,model_3,0.0646,0.032742206
2931,model_3,0.2739,0.22261946
2932,model_3,0.1617,0.08588755
2933,model_3,0.0773,0.112756476
2934,model_3,0.5016,0.47151405
2935,model_3,0.7514,0.692469
2936,model_3,0.3941,0.4394465
2937,model_3,0.0639,0.1068186
2938,model_3,0.1032,0.13372597
2939,model_3,0.034,0.16052368
2940,model_3,0.4648,0.5507591
2941,model_3,0.1292,0.10174462
2942,model_3,0.0748,0.018700704
2943,model_3,0.5571,0.5252422
2944,model_3,0.3841,0.31606662
2945,model_3,0.7342,0.74206513
2946,model_3,0.2777,0.24527098
2947,model_3,0.1518,0.20086157
2948,model_3,0.2754,0.24322487
2949,model_3,0.351,0.30705166
2950,model_3,0.1627,0.20897894
2951,model_3,0.0476,0.112118885
2952,model_3,0.1803,0.11440772
2953,model_3,0.001,-0.099188104
2954,model_3,0.2471,0.1623108
2955,model_3,-0.0259,-0.008057166
2956,model_3,0.3038,0.32428113
2957,model_3,0.3526,0.33098266
2958,model_3,0.4114,0.34874883
2959,model_3,0.8326,0.84416395
2960,model_3,0.5686,0.50180477
2961,model_3,0.3817,0.43422166
2962,model_3,0.2909,0.25599697
2963,model_3,-0.0004,-0.009285778
2964,model_3,0.4612,0.42692617
2965,model_3,0.1945,0.16771543
2966,model_3,-0.0064,0.060982745
2967,model_3,-0.1578,0.1509483
2968,model_3,0.1332,0.001122687
2969,model_3,-0.2225,-0.20149295
2970,model_3,0.1706,0.15745582
2971,model_3,0.1249,0.14138353
2972,model_3,0.3952,0.42233855
2973,model_3,0.0501,0.09975034
2974,model_3,-0.0417,0.041729428
2975,model_3,0.2336,0.18086289
2976,model_3,-0.0104,-0.020406757
2977,model_3,0.0423,0.07666026
2978,model_3,0.2468,0.23984629
2979,model_3,0.7972,0.7831655
2980,model_3,-0.0754,-0.090837345
2981,model_3,0.1768,0.10591242
2982,model_3,0.0331,0.09301405
2983,model_3,0.349,0.31360817
2984,model_3,0.1351,0.1252608
2985,model_3,-0.0318,-0.047585286
2986,model_3,0.3173,0.3518638
2987,model_3,0.6903,0.6333782
2988,model_3,1.0198,0.99641585
2989,model_3,0.6015,0.58366627
2990,model_3,0.2088,0.25227746
2991,model_3,0.1859,0.21701445
2992,model_3,0.1461,0.13717371
2993,model_3,0.3376,0.2796278
2994,model_3,0.1203,0.115010664
2995,model_3,0.3384,0.310104
2996,model_3,0.3399,-0.034017872
2997,model_3,0.1993,0.197648
2998,model_3,0.0457,0.11536044
2999,model_3,-0.072,0.0823465
3000,model_3,0.3183,0.28707427
3001,model_3,0.1977,0.21051909
3002,model_3,0.3407,0.3170699
3003,model_3,0.0959,0.07970497
3004,model_3,0.1344,0.1621284
3005,model_3,1.116,1.023021
3006,model_3,0.0012,0.01625474
3007,model_3,-0.032,-0.09772356
3008,model_3,0.0125,0.009598441
3009,model_3,0.0428,0.057875104
3010,model_3,-0.0225,0.003281328
3011,model_3,0.2641,0.30828285
3012,model_3,0.0665,0.05958742
3013,model_3,0.812,0.7679562
3014,model_3,0.4073,0.3700465
3015,model_3,0.3601,0.3218262
3016,model_3,0.1684,0.117679
3017,model_3,0.0668,0.01880566
3018,model_3,0.0622,0.08547291
3019,model_3,0.1732,0.1440167
3020,model_3,0.6512,0.641771
3021,model_3,0.0296,-0.04194097
3022,model_3,0.4594,0.48560107
3023,model_3,-0.0529,-0.0517865
3024,model_3,-0.1511,-0.07460779
3025,model_3,0.1905,0.20693396
3026,model_3,0.4529,0.44983643
3027,model_3,0.065,0.03269632
3028,model_3,0.0903,0.05472536
3029,model_3,0.567,0.59144604
3030,model_3,0.1446,0.108064234
3031,model_3,-0.1101,-0.12868822
3032,model_3,0.2391,0.21614602
3033,model_3,0.3111,0.30540246
3034,model_3,0.3564,0.16542614
3035,model_3,0.1524,0.122714356
3036,model_3,0.3037,0.33022416
3037,model_3,0.2039,0.2844376
3038,model_3,0.1688,0.123367846
3039,model_3,0.0667,0.1856227
3040,model_3,0.065,0.02195887
3041,model_3,0.4168,0.3755495
3042,model_3,0.2504,0.2069156
3043,model_3,0.3378,0.43349257
3044,model_3,0.2383,0.22257985
3045,model_3,0.4149,0.43046862
3046,model_3,0.2233,0.2635131
3047,model_3,0.1489,0.1588628
3048,model_3,-0.1265,-0.060004693
3049,model_3,0.1119,0.059687782
3050,model_3,0.2301,0.1965172
3051,model_3,0.4027,0.23790109
3052,model_3,0.1859,0.23533322
3053,model_3,0.1359,0.15477042
3054,model_3,0.2019,0.088268876
3055,model_3,0.473,0.45567375
3056,model_3,0.373,0.282058
3057,model_3,0.7679,0.80891263
3058,model_3,0.7296,0.6828174
3059,model_3,0.525,0.5273417
3060,model_3,0.0748,0.08960281
3061,model_3,0.1301,0.042841714
3062,model_3,0.1936,0.2295598
3063,model_3,0.1093,0.08419584
3064,model_3,0.1363,0.08963084
3065,model_3,0.7056,0.6969962
3066,model_3,0.1997,0.32143202
3067,model_3,-0.0066,0.045690794
3068,model_3,0.2679,0.25483048
3069,model_3,0.109,0.1420184
3070,model_3,0.2212,0.24373221
3071,model_3,0.8021,0.7070753
3072,model_3,0.3986,0.29737422
3073,model_3,0.2138,0.11204514
3074,model_3,0.6021,0.5548665
3075,model_3,0.0557,0.0054802634
3076,model_3,0.643,0.7287593
3077,model_3,0.1144,0.116404355
3078,model_3,0.5098,0.6124536
3079,model_3,0.0597,0.07668668
3080,model_3,0.4467,0.4383825
3081,model_3,0.3538,0.41173488
3082,model_3,0.253,0.2615924
3083,model_3,0.4904,0.500663
3084,model_3,0.1567,0.16132058
3085,model_3,0.536,0.5310992
3086,model_3,0.3107,0.2812835
3087,model_3,0.3635,0.38152307
3088,model_3,0.1915,0.37889707
3089,model_3,0.2688,0.1544029
3090,model_3,0.4026,0.31539083
3091,model_3,-0.1449,-0.14772831
3092,model_3,0.2329,0.25847363
3093,model_3,0.2307,0.35960734
3094,model_3,0.1961,0.22542018
3095,model_3,0.4937,0.53824264
3096,model_3,0.5188,0.61173445
3097,model_3,0.1087,0.10801013
3098,model_3,0.2592,0.22465317
3099,model_3,-1e-04,0.07875979
3100,model_3,0.5164,0.51178813
3101,model_3,0.2575,0.069411755
3102,model_3,0.7767,0.77320325
3103,model_3,0.2654,0.2662047
3104,model_3,0.8086,0.8373617
3105,model_3,0.2012,0.18416949
3106,model_3,0.4143,0.35850674
3107,model_3,0.4287,0.45744327
3108,model_3,0.3068,0.29372942
3109,model_3,0.1004,0.09769724
3110,model_3,0.0432,0.040606476
3111,model_3,0.0026,-0.031094339
3112,model_3,0.4618,0.4689521
3113,model_3,-0.0379,-0.03609788
3114,model_3,0.16,0.22948414
3115,model_3,0.1129,0.12313442
3116,model_3,0.0983,0.17492966
3117,model_3,0.2667,0.2373804
3118,model_3,0.3638,0.2671671
3119,model_3,0.188,0.20553538
3120,model_3,0.0731,0.030989546
3121,model_3,0.237,0.29019418
3122,model_3,0.8496,0.75074726
3123,model_3,0.1039,0.07094237
3124,model_3,0.077,0.089787826
3125,model_3,0.1919,0.1399067
3126,model_3,0.1334,0.09657286
3127,model_3,0.5913,0.6114127
3128,model_3,0.2739,0.24542083
3129,model_3,-0.0012,0.09554459
3130,model_3,0.3474,0.45307755
3131,model_3,0.1156,0.1371031
3132,model_3,0.181,0.19707058
3133,model_3,0.3708,0.36105978
3134,model_3,0.5903,0.66131866
3135,model_3,0.1406,0.23788004
3136,model_3,0.052,0.06694746
3137,model_3,0.4092,0.27911404
3138,model_3,0.7462,0.73918957
3139,model_3,0.1965,0.24257106
3140,model_3,0.134,0.18694979
3141,model_3,-0.0432,-0.0699254
3142,model_3,0.7668,0.7800662
3143,model_3,0.1089,0.080803975
3144,model_3,0.0966,0.108964235
3145,model_3,-0.0281,-0.02587941
3146,model_3,0.2637,0.15956599
3147,model_3,0.2676,0.18649083
3148,model_3,0.0641,0.11315416
3149,model_3,0.3679,0.42935342
3150,model_3,0.1104,0.15057857
3151,model_3,0.3658,0.343965
3152,model_3,-0.0219,0.022631006
3153,model_3,0.3275,0.29808632
3154,model_3,0.1682,0.21880008
3155,model_3,0.6757,0.5264244
3156,model_3,0.132,0.13264258
3157,model_3,0.094,0.10366452
3158,model_3,0.2696,0.21720599
3159,model_3,0.8463,0.909766
3160,model_3,0.7415,0.6899074
3161,model_3,0.4011,0.33502504
3162,model_3,-0.0832,0.016696146
3163,model_3,0.5934,0.6625454
3164,model_3,0.2312,0.13200173
3165,model_3,0.3181,0.3434881
3166,model_3,0.2114,0.3098068
3167,model_3,0.2494,0.25968206
3168,model_3,0.4243,0.36884832
3169,model_3,0.1994,0.12368967
3170,model_3,0.0444,0.09834407
3171,model_3,-0.0306,0.042439967
3172,model_3,0.1191,0.061413854
3173,model_3,-0.0247,-0.0042674076
3174,model_3,0.1284,0.027323466
3175,model_3,0.0439,0.06761648
3176,model_3,0.6146,0.60711515
3177,model_3,-0.1272,-0.10559589
3178,model_3,0.011,0.027003374
3179,model_3,0.1329,0.08067751
3180,model_3,0.3416,0.29022092
3181,model_3,0.0102,0.0927612
3182,model_3,0.2188,0.3438083
3183,model_3,0.3535,0.33901358
3184,model_3,0.0208,0.022601696
3185,model_3,-0.0226,0.05775397
3186,model_3,0.4674,0.4205197
3187,model_3,0.4476,0.4257479
3188,model_3,0.0496,0.032951806
3189,model_3,0.0699,0.09509118
3190,model_3,0.5009,0.50953513
3191,model_3,0.383,0.385778
3192,model_3,0.1534,0.030852314
3193,model_3,0.0933,0.09906432
3194,model_3,0.0568,0.07214933
3195,model_3,0.0991,0.10821679
3196,model_3,0.0701,0.027131364
3197,model_3,0.1787,0.20843506
3198,model_3,0.3846,0.3793158
3199,model_3,-0.1014,-0.11166637
3200,model_3,0.5025,0.4092257
3201,model_3,0.1353,0.14649794
3202,model_3,0.4225,0.4066826
3203,model_3,0.096,0.13520081
3204,model_3,0.1939,0.14406596
3205,model_3,-0.1599,-0.12007712
3206,model_3,0.1196,0.17459576
3207,model_3,-0.0186,-0.037408095
3208,model_3,0.3634,0.34490424
3209,model_3,0.2477,0.1891052
3210,model_3,0.0576,0.08884099
3211,model_3,0.0585,0.004630099
3212,model_3,0.2514,0.19469984
3213,model_3,0.18,0.19035862
3214,model_3,0.2688,0.3377496
3215,model_3,0.3999,0.44492877
3216,model_3,0.3508,0.30696982
3217,model_3,0.2449,0.25588566
3218,model_3,0.9078,0.91082144
3219,model_3,0.3642,0.306392
3220,model_3,0.2055,0.18494909
3221,model_3,0.2434,0.23587896
3222,model_3,0.0596,0.10468446
3223,model_3,0.142,0.11164001
3224,model_3,0.2461,0.27068138
3225,model_3,0.2262,0.20195273
3226,model_3,0.2009,0.20559765
3227,model_3,0.1282,0.03527254
3228,model_3,0.0832,0.083076
3229,model_3,0.1574,0.1861718
3230,model_3,0.602,0.6495742
3231,model_3,0.1021,0.1131051
3232,model_3,0.1541,0.13777028
3233,model_3,-0.0436,0.15603256
3234,model_3,0.0549,0.10671802
3235,model_3,0.4987,0.4810943
3236,model_3,0.4339,0.43330234
3237,model_3,0.3403,0.28168917
3238,model_3,0.1667,0.1639177
3239,model_3,0.2684,0.26242962
3240,model_3,0.1164,0.113963336
3241,model_3,0.8516,0.74409515
3242,model_3,0.0576,0.046553507
3243,model_3,0.1006,0.09608269
3244,model_3,0.16,0.2932502
3245,model_3,0.1729,0.23886365
3246,model_3,0.1221,0.07241255
3247,model_3,-0.0683,-0.018924396
3248,model_3,0.0299,0.049271517
3249,model_3,0.072,0.14104943
3250,model_3,0.327,0.3810482
3251,model_3,-0.0099,0.0035873577
3252,model_3,0.5201,0.5848021
3253,model_3,0.0754,0.0864322
3254,model_3,0.1612,0.26942593
3255,model_3,0.2095,0.3349368
3256,model_3,0.1619,0.11485362
3257,model_3,0.1429,0.01969757
3258,model_3,0.7818,0.796634
3259,model_3,0.2033,0.35376936
3260,model_3,0.5158,0.37728173
3261,model_3,0.442,0.3866307
3262,model_3,0.2076,0.20055763
3263,model_3,0.2299,0.1966066
3264,model_3,-0.1343,-0.12960468
3265,model_3,0.3973,0.2636424
3266,model_3,0.3604,0.3721518
3267,model_3,0.4247,0.41025278
3268,model_3,0.2449,0.28140646
3269,model_3,0.2551,0.23146804
3270,model_3,0.4912,0.24634625
3271,model_3,0.079,0.068072654
3272,model_3,-0.0562,-0.0180282
3273,model_3,0.1278,0.18820576
3274,model_3,0.0876,0.17475253
3275,model_3,0.0201,0.032868892
3276,model_3,0.1311,0.1284584
3277,model_3,0.1661,0.18862775
3278,model_3,0.0573,0.13724636
3279,model_3,-0.0154,-0.04291734
3280,model_3,-0.1227,-0.14947477
3281,model_3,0.1431,0.19262362
3282,model_3,0.1698,0.17951022
3283,model_3,0.28,0.33783543
3284,model_3,0.0619,0.019468447
3285,model_3,0.0299,0.00874894
3286,model_3,-0.118,-0.11382608
3287,model_3,-0.1557,-0.15596539
3288,model_3,0.558,0.58025306
3289,model_3,0.5502,0.48883364
3290,model_3,0.2097,0.24552478
3291,model_3,0.0531,-0.025899846
3292,model_3,-0.138,-0.08189207
3293,model_3,0.1359,0.12546241
3294,model_3,0.1406,0.13039982
3295,model_3,0.0288,0.014719106
3296,model_3,0.1586,0.14359315
3297,model_3,-0.0963,-0.009799808
3298,model_3,0.2686,0.3575663
3299,model_3,0.7435,0.6562593
3300,model_3,-0.0387,0.04723696
3301,model_3,0.1107,0.17169024
3302,model_3,0.8116,0.6534975
3303,model_3,0.2259,0.32412732
3304,model_3,0.8793,0.90704036
3305,model_3,0.0675,0.13758944
3306,model_3,0.091,0.04886653
3307,model_3,0.1391,0.07301859
3308,model_3,0.1889,0.2195663
3309,model_3,0.0667,0.09712963
3310,model_3,0.1976,0.2382218
3311,model_3,0.0444,0.09144598
3312,model_3,0.1462,0.20248808
3313,model_3,0.2989,0.29702175
3314,model_3,0.016,0.02454935
3315,model_3,0.152,0.16105734
3316,model_3,0.0268,0.052835617
3317,model_3,0.2714,0.1393018
3318,model_3,0.1718,0.20760998
3319,model_3,0.0326,0.06924167
3320,model_3,0.1275,0.15327086
3321,model_3,0.2503,0.24285436
3322,model_3,0.0235,-0.0061828457
3323,model_3,0.2183,0.19530524
3324,model_3,0.4182,0.38606775
3325,model_3,0.1785,0.112774506
3326,model_3,0.1968,0.16557337
3327,model_3,-0.0389,-0.10058898
3328,model_3,-0.0369,0.024248391
3329,model_3,0.1474,0.15545894
3330,model_3,0.0826,0.032830138
3331,model_3,0.2632,0.2733967
3332,model_3,0.6335,0.6397453
3333,model_3,0.4473,0.41459465
3334,model_3,0.0067,0.15947524
3335,model_3,0.3347,0.30182648
3336,model_3,0.1941,0.18785502
3337,model_3,0.2748,0.19675797
3338,model_3,0.2408,0.270482
3339,model_3,0.1541,0.17863302
3340,model_3,0.9762,0.93361324
3341,model_3,0.2449,0.17195837
3342,model_3,0.3096,0.24168622
3343,model_3,0.4709,0.4814891
3344,model_3,0.0738,0.16767715
3345,model_3,0.3729,0.28818566
3346,model_3,0.2929,0.23113076
3347,model_3,0.2724,0.13369323
3348,model_3,0.5796,0.5733569
3349,model_3,-0.0205,-0.055795763
3350,model_3,0.0404,0.08362435
3351,model_3,0.2824,0.28083277
3352,model_3,-0.0174,0.091154575
3353,model_3,0.6115,0.5941525
3354,model_3,0.4432,0.35594174
3355,model_3,0.095,0.081107065
3356,model_3,-0.0051,0.026477793
3357,model_3,-0.0358,-0.08924843
3358,model_3,0.8023,0.86603624
3359,model_3,0.4203,0.37908468
3360,model_3,0.2752,0.2987045
3361,model_3,0.3164,0.2618608
3362,model_3,0.3154,0.40200412
3363,model_3,0.4061,0.3243153
3364,model_3,0.0607,0.055065777
3365,model_3,0.1046,0.059829406
3366,model_3,-0.0606,0.024877872
3367,model_3,0.3355,0.31674838
3368,model_3,0.2311,0.24526548
3369,model_3,0.2858,0.25086904
3370,model_3,0.1502,0.1263489
3371,model_3,0.0859,0.048658907
3372,model_3,0.0155,-0.014915351
3373,model_3,0.2385,0.21258645
3374,model_3,0.099,0.083594024
3375,model_3,-0.2022,-0.08023876
3376,model_3,0.1593,0.17767008
3377,model_3,-0.022,-0.01487726
3378,model_3,0.0459,0.031832915
3379,model_3,0.209,0.23808989
3380,model_3,0.1435,0.14769764
3381,model_3,0.0837,0.13143581
3382,model_3,-0.051,-0.09934254
3383,model_3,0.1602,0.17729248
3384,model_3,0.773,0.74855167
3385,model_3,0.2552,0.1466558
3386,model_3,0.0781,0.093847126
3387,model_3,0.2485,0.21442991
3388,model_3,0.3259,0.27567714
3389,model_3,0.2573,0.19874288
3390,model_3,0.0783,0.048718046
3391,model_3,0.0179,0.033238553
3392,model_3,0.3722,0.27403164
3393,model_3,-0.0088,-0.029145736
3394,model_3,0.5566,0.4911152
3395,model_3,0.1077,0.11815101
3396,model_3,-0.0944,-0.08016701
3397,model_3,0.3302,0.3527725
3398,model_3,0.2083,0.32833326
3399,model_3,0.105,0.03293618
3400,model_3,-0.0116,0.0004523266
3401,model_3,0.2101,0.20387034
3402,model_3,-0.1705,-0.16275805
3403,model_3,0.1465,0.11144915
3404,model_3,0.011,0.0054377895
3405,model_3,0.5119,0.58557606
3406,model_3,0.1776,0.17877506
3407,model_3,0.0397,0.02227844
3408,model_3,0.3828,0.5187597
3409,model_3,0.3046,0.1695892
3410,model_3,-0.066,-0.12587439
3411,model_3,0.0972,0.13184597
3412,model_3,0.5548,0.47967076
3413,model_3,0.5673,0.6521754
3414,model_3,0.097,0.22754641
3415,model_3,0.303,0.26754653
3416,model_3,0.3407,0.2745179
3417,model_3,0.5083,0.44681662
3418,model_3,0.3753,0.25154567
3419,model_3,0.0729,0.088173464
3420,model_3,0.5045,0.24327
3421,model_3,0.244,0.26011243
3422,model_3,0.1226,0.087503344
3423,model_3,0.0804,0.07220356
3424,model_3,0.7252,0.8279675
3425,model_3,0.2695,0.31291297
3426,model_3,0.2169,0.13270827
3427,model_3,0.2102,0.24308245
3428,model_3,0.974,0.9424678
3429,model_3,0.0688,0.16226117
3430,model_3,0.1366,0.1372268
3431,model_3,0.1717,0.16605248
3432,model_3,0.0191,0.012412436
3433,model_3,0.538,0.5963935
3434,model_3,0.4075,0.32068247
3435,model_3,0.1275,0.12834452
3436,model_3,0.0501,0.06629634
3437,model_3,0.2563,0.089028955
3438,model_3,0.9826,0.9745214
3439,model_3,0.0246,0.069821745
3440,model_3,-0.0682,0.12046301
3441,model_3,-0.0277,0.0076420484
3442,model_3,0.0376,0.18095009
3443,model_3,0.1666,0.13873878
3444,model_3,0.1399,0.10102324
3445,model_3,1.0274,0.8054438
3446,model_3,0.1428,0.06240763
3447,model_3,0.0236,-0.0004564114
3448,model_3,0.064,0.021575311
3449,model_3,0.4233,0.45636982
3450,model_3,0.6393,0.6707319
3451,model_3,0.3216,0.23671906
3452,model_3,-0.0694,-0.044903014
3453,model_3,0.0635,0.06790581
3454,model_3,0.2211,0.28146914
3455,model_3,0.2503,0.33522725
3456,model_3,0.3391,0.3316235
3457,model_3,0.0717,0.09695828
3458,model_3,0.5521,0.44885707
3459,model_3,0.0696,0.16171159
3460,model_3,-0.0872,-0.046391137
3461,model_3,0.0945,0.09240706
3462,model_3,0.2557,0.13230678
3463,model_3,0.2183,0.32771704
3464,model_3,0.3217,0.37423152
3465,model_3,0.4158,0.43425202
3466,model_3,0.2957,0.20460647
3467,model_3,0.2495,0.29266238
3468,model_3,0.2327,0.14279228
3469,model_3,0.6501,0.6651595
3470,model_3,0.1581,0.13303429
3471,model_3,-0.0835,-0.062089194
3472,model_3,0.0654,0.042902686
3473,model_3,0.197,0.06641294
3474,model_3,0.3412,0.28605026
3475,model_3,0.1847,0.16336374
3476,model_3,0.3729,0.35659873
3477,model_3,0.0323,0.090624526
3478,model_3,0.0401,0.10304548
3479,model_3,0.1231,-0.027855542
3480,model_3,0.1799,0.15336037
3481,model_3,0.0995,0.09604137
3482,model_3,0.2019,0.16522568
3483,model_3,0.1524,0.1982673
3484,model_3,0.431,0.41490385
3485,model_3,0.1017,0.12257734
3486,model_3,0.7398,0.8306244
3487,model_3,0.1535,0.13506176
3488,model_3,0.0207,0.22327323
3489,model_3,0.4505,0.4182245
3490,model_3,0.3056,0.2371632
3491,model_3,-0.0474,-0.03925644
3492,model_3,0.1515,0.18372579
3493,model_3,0.0776,0.069944665
3494,model_3,0.1822,0.21244767
3495,model_3,0.0526,0.07988885
3496,model_3,0.1324,0.07355708
3497,model_3,0.4235,0.48885512
3498,model_3,0.0804,0.12063423
3499,model_3,0.4589,0.48635966
3500,model_3,0.0891,0.053424962
3501,model_3,0.5389,0.4957789
3502,model_3,0.1798,0.16812788
3503,model_3,0.4174,0.44225332
3504,model_3,0.2342,0.14537239
3505,model_3,0.1806,0.22328155
3506,model_3,0.276,0.30415255
3507,model_3,0.1507,0.1948645
3508,model_3,0.166,0.16280393
3509,model_3,0.3293,0.33892846
3510,model_3,0.3523,0.37359524
3511,model_3,0.2044,0.1435333
3512,model_3,0.3894,0.363985
3513,model_3,0.2867,0.14787711
3514,model_3,0.1079,0.10633737
3515,model_3,0.5068,0.46123546
3516,model_3,0.751,0.7230087
3517,model_3,0.4098,0.39790234
3518,model_3,0.3285,0.39427555
3519,model_3,-0.0824,-0.09021348
3520,model_3,0.3485,0.31241864
3521,model_3,0.6974,0.7790144
3522,model_3,0.1694,0.15435687
3523,model_3,-0.3119,0.06825906
3524,model_3,-0.0031,0.008745875
3525,model_3,0.2454,0.23742114
3526,model_3,0.7885,0.7770126
3527,model_3,0.5902,0.6594625
3528,model_3,0.5612,0.5401015
3529,model_3,0.1329,0.103437945
3530,model_3,0.3072,0.23379984
3531,model_3,0.7062,0.63354117
3532,model_3,0.3474,0.37719417
3533,model_3,0.2665,0.24706008
3534,model_3,0.4367,0.34454256
3535,model_3,0.1662,0.15926349
3536,model_3,0.0353,0.013374417
3537,model_3,-0.1818,-0.04058903
3538,model_3,0.3656,0.3544353
3539,model_3,0.1932,0.21871786
3540,model_3,0.058,0.028902285
3541,model_3,0.09,0.2713225
3542,model_3,0.0503,0.03407294
3543,model_3,0.4023,0.3060073
3544,model_3,-0.0064,0.09311065
3545,model_3,0.553,0.4763166
3546,model_3,0.504,0.51010394
3547,model_3,0.8109,0.72059363
3548,model_3,0.1264,0.13521206
3549,model_3,0.1614,0.17998587
3550,model_3,0.4891,0.50945
3551,model_3,0.0395,0.068403155
3552,model_3,-0.1119,-0.075314075
3553,model_3,0.1622,0.2501672
3554,model_3,0.5764,0.5687735
3555,model_3,-0.0684,-0.041844245
3556,model_3,0.1454,0.19494878
3557,model_3,0.0799,0.15860297
3558,model_3,0.2497,0.20963721
3559,model_3,0.1818,0.13228676
3560,model_3,0.284,0.18363973
3561,model_3,-0.1644,-0.17647429
3562,model_3,0.1897,0.1633415
3563,model_3,0.3775,0.39500815
3564,model_3,0.1648,0.38440886
3565,model_3,0.7259,0.7006447
3566,model_3,0.1479,0.10951063
3567,model_3,0.5309,0.43284506
3568,model_3,0.1578,0.12900132
3569,model_3,0.3226,0.3116098
3570,model_3,0.268,0.23598194
3571,model_3,0.1174,0.12317102
3572,model_3,0.2919,0.2527371
3573,model_3,0.0138,0.13971467
3574,model_3,0.3971,0.29016238
3575,model_3,0.2218,0.21311183
3576,model_3,0.138,0.12246929
3577,model_3,0.5182,0.56236565
3578,model_3,0.2542,0.21859719
3579,model_3,0.1709,0.15840338
3580,model_3,0.6848,0.6190998
3581,model_3,0.141,0.18203375
3582,model_3,0.2384,0.2612931
3583,model_3,0.2414,0.24451743
3584,model_3,0.36,0.36524022
3585,model_3,-0.0427,0.030481048
3586,model_3,0.07,0.08179985
3587,model_3,0.3388,0.28305298
3588,model_3,0.1658,0.10200854
3589,model_3,0.0475,0.12985794
3590,model_3,0.5908,0.54993415
3591,model_3,-0.1709,-0.10350852
3592,model_3,0.1691,0.13380887
3593,model_3,0.1656,0.08091107
3594,model_3,0.1224,0.1573554
3595,model_3,0.1994,0.24710552
3596,model_3,0.1669,0.118806824
3597,model_3,-0.0821,-0.07453658
3598,model_3,0.6186,0.58388346
3599,model_3,0.0179,0.04786677
3600,model_3,0.1375,0.09539515
3601,model_3,0.5903,0.592887
3602,model_3,0.3467,0.37841272
3603,model_3,-0.0263,0.006152829
3604,model_3,0.4109,0.41632548
3605,model_3,0.6916,0.707707
3606,model_3,0.416,0.3821671
3607,model_3,0.3132,0.42212844
3608,model_3,-0.0458,0.013599446
3609,model_3,0.4565,0.26960847
3610,model_3,0.0065,0.11104864
3611,model_3,0.0602,0.08110887
3612,model_3,0.1123,0.11351575
3613,model_3,0.4229,0.44908366
3614,model_3,0.0637,0.024984991
3615,model_3,0.4661,0.45994395
3616,model_3,0.1544,0.18956767
3617,model_3,0.2668,0.2614364
3618,model_3,0.078,0.019552095
3619,model_3,0.5381,0.42287943
3620,model_3,0.2018,0.1356696
3621,model_3,0.419,0.33391082
3622,model_3,0.7334,0.70712185
3623,model_3,0.2755,0.24415599
3624,model_3,0.2632,0.19855453
3625,model_3,0.1449,0.22795944
3626,model_3,0.0531,0.13020541
3627,model_3,0.3051,0.3702426
3628,model_3,0.2991,0.344118
3629,model_3,-0.0328,-0.04937885
3630,model_3,0.1456,0.1304988
3631,model_3,0.9045,0.75895065
3632,model_3,0.046,0.03868244
3633,model_3,0.3297,0.31695116
3634,model_3,0.0507,0.020451818
3635,model_3,0.1903,0.30737942
3636,model_3,0.305,0.34499377
3637,model_3,0.2131,0.20569019
3638,model_3,0.9545,0.7932288
3639,model_3,0.2816,0.28673077
3640,model_3,0.2306,0.24955012
3641,model_3,0.3441,0.38678154
3642,model_3,0.2367,0.18057297
3643,model_3,0.2614,0.21549286
3644,model_3,0.1789,0.21427387
3645,model_3,0.2887,0.33095714
3646,model_3,-0.0046,-0.018593803
3647,model_3,0.0095,0.041980784
3648,model_3,0.4523,0.34498847
3649,model_3,0.3158,0.22045563
3650,model_3,0.0769,0.06906654
3651,model_3,0.169,0.2864964
3652,model_3,0.0997,0.094215855
3653,model_3,0.0174,0.050903875
3654,model_3,0.3583,0.4273767
3655,model_3,0.0927,0.110809416
3656,model_3,0.4224,0.41306996
3657,model_3,0.0782,0.07299241
3658,model_3,-0.0229,-0.0501028
3659,model_3,0.0466,0.06663285
3660,model_3,0.5079,0.47534385
3661,model_3,0.1812,0.18938403
3662,model_3,0.3764,0.337588
3663,model_3,0.3031,0.31026077
3664,model_3,0.4124,0.40642327
3665,model_3,0.0257,0.07799211
3666,model_3,0.2553,0.26426548
3667,model_3,0.7995,0.82185394
3668,model_3,-0.0158,-0.036795493
3669,model_3,0.2759,0.26174954
3670,model_3,0.0193,0.020184245
3671,model_3,0.0859,0.08216819
3672,model_3,0.0331,0.02826827
3673,model_3,-0.0519,-0.015907977
3674,model_3,0.8559,0.8529696
3675,model_3,0.1119,0.12903894
3676,model_3,0.2068,0.37164375
3677,model_3,0.2854,0.19917138
3678,model_3,0.3019,0.29987776
3679,model_3,0.5524,0.6247217
3680,model_3,0.0293,0.019258024
3681,model_3,0.2448,0.11173059
3682,model_3,0.2051,0.17561013
3683,model_3,0.3151,0.25398758
3684,model_3,-0.0376,0.009299693
3685,model_3,0.3825,0.41623917
3686,model_3,0.0664,0.2374613
3687,model_3,0.4325,0.1952859
3688,model_3,0.6083,0.55225545
3689,model_3,0.1179,0.1407318
3690,model_3,0.5172,0.49184865
3691,model_3,0.2364,0.18006207
3692,model_3,0.2215,0.2449175
3693,model_3,0.4638,0.43593743
3694,model_3,0.7501,0.7629889
3695,model_3,-0.0333,-0.018321507
3696,model_3,0.4086,0.43294954
3697,model_3,0.4016,0.34839332
3698,model_3,0.1283,0.11853798
3699,model_3,0.3067,0.31926733
3700,model_3,0.286,0.26291156
3701,model_3,0.1674,0.13904023
3702,model_3,0.1877,0.17458823
3703,model_3,-0.1442,-0.14077516
3704,model_3,0.3073,0.23097053
3705,model_3,0.1844,0.19334006
3706,model_3,0.2551,0.28512955
3707,model_3,-0.0947,-0.15517141
3708,model_3,0.1855,0.2111997
3709,model_3,-0.0191,-0.03585459
3710,model_3,0.4872,0.4942366
3711,model_3,0.1302,0.1374762
3712,model_3,0.0342,0.1000202
3713,model_3,0.3516,0.20819652
3714,model_3,0.2912,0.26099584
3715,model_3,0.0398,0.07784197
3716,model_3,0.0433,0.11319186
3717,model_3,0.1345,0.09094599
3718,model_3,0.2355,0.22766931
3719,model_3,0.5646,0.5177141
3720,model_3,0.3734,0.28332454
3721,model_3,-0.1017,-0.09847769
3722,model_3,0.1619,0.15607844
3723,model_3,0.4155,0.4677469
3724,model_3,-0.1369,-0.03312854
3725,model_3,-0.1773,-0.099655345
3726,model_3,0.256,0.09427573
3727,model_3,0.2411,0.22903699
3728,model_3,0.1399,0.18104202
3729,model_3,0.3377,0.3382924
3730,model_3,0.4026,0.35439765
3731,model_3,0.1185,0.06340775
3732,model_3,0.0412,0.032671332
3733,model_3,0.4743,0.4496722
3734,model_3,-0.0943,-0.096972555
3735,model_3,0.5602,0.48140344
3736,model_3,0.6414,0.5760526
3737,model_3,0.025,0.07224767
3738,model_3,0.4345,0.42874098
3739,model_3,0.2413,0.18981494
3740,model_3,0.1842,0.16997346
3741,model_3,0.1482,0.1864108
3742,model_3,0.2116,0.21667734
3743,model_3,0.1809,0.08942865
3744,model_3,0.0008,0.017430063
3745,model_3,0.2981,0.27574137
3746,model_3,0.2653,0.26191843
3747,model_3,0.2644,0.28493255
3748,model_3,-0.1238,-0.15024497
3749,model_3,0.5212,0.47185493
3750,model_3,0.1893,0.23128499
3751,model_3,0.1744,0.16674897
3752,model_3,0.1177,0.14506787
3753,model_3,0.0587,0.04065383
3754,model_3,1.0595,1.0294607
3755,model_3,0.6588,0.620646
3756,model_3,0.1134,0.13333791
3757,model_3,0.1998,0.19779581
3758,model_3,0.3285,0.30866086
3759,model_3,0.1102,0.1210164
3760,model_3,0.4175,0.36536336
3761,model_3,0.251,0.26498383
3762,model_3,0.0609,0.08240579
3763,model_3,0.1804,0.27826193
3764,model_3,0.106,0.09372702
3765,model_3,0.1712,0.18198656
3766,model_3,0.187,0.27647242
3767,model_3,0.0654,0.18085448
3768,model_3,0.3935,0.5077798
3769,model_3,0.0958,0.03935498
3770,model_3,0.0533,0.031578276
3771,model_3,0.0653,0.0739816
3772,model_3,0.3742,0.38688684
3773,model_3,1.0304,1.0115649
3774,model_3,0.1741,0.058507543
3775,model_3,0.5572,0.4994343
3776,model_3,0.2254,0.27159864
3777,model_3,-0.0512,0.08056629
3778,model_3,-0.2296,-0.19718008
3779,model_3,0.4832,0.41229343
3780,model_3,-0.1329,-0.10908079
3781,model_3,0.4785,0.44556847
3782,model_3,0.3743,0.34259504
3783,model_3,-0.0072,-0.008914344
3784,model_3,0.1332,0.12880866
3785,model_3,0.3787,0.36497253
3786,model_3,0.3253,0.2389339
3787,model_3,0.2476,0.23877849
3788,model_3,-0.0354,0.012722531
3789,model_3,0.32,0.28501147
3790,model_3,0.1484,0.18921654
3791,model_3,-0.0343,0.03694198
3792,model_3,0.277,0.27344227
3793,model_3,0.2425,0.24307436
3794,model_3,-0.0985,-0.13546844
3795,model_3,0.2451,0.0806866
3796,model_3,0.134,0.39614552
3797,model_3,0.074,0.119564295
3798,model_3,0.0589,0.15375568
3799,model_3,0.1314,0.17709742
3800,model_3,0.0602,0.037299722
3801,model_3,0.3729,0.3734527
3802,model_3,0.253,0.24508029
3803,model_3,0.219,0.2095805
3804,model_3,0.0739,0.10000922
3805,model_3,0.1459,0.23233567
3806,model_3,0.1405,0.044892956
3807,model_3,0.7486,0.7122154
3808,model_3,0.1717,0.20379461
3809,model_3,0.1838,0.13446888
3810,model_3,0.2001,0.23187025
3811,model_3,0.7292,0.7241493
3812,model_3,0.3412,0.21075849
3813,model_3,-0.0155,-0.026756845
3814,model_3,1.1252,1.1100115
3815,model_3,0.0705,0.087815136
3816,model_3,0.0418,0.06852862
3817,model_3,-0.1063,-0.027170856
3818,model_3,0.2312,0.23414685
3819,model_3,0.7003,0.6011408
3820,model_3,0.1056,0.14182168
3821,model_3,0.3689,0.36306965
3822,model_3,-0.1143,-0.08102
3823,model_3,0.1096,0.17986162
3824,model_3,0.0644,0.032324962
3825,model_3,0.6392,0.7514475
3826,model_3,0.0918,0.079929665
3827,model_3,0.0655,0.057773896
3828,model_3,0.3044,0.32308686
3829,model_3,0.3341,0.27048194
3830,model_3,0.0544,0.06339261
3831,model_3,0.3984,0.3666922
3832,model_3,0.0921,0.26178008
3833,model_3,0.6543,0.7003455
3834,model_3,0.4395,0.47020376
3835,model_3,0.0618,0.0057602543
3836,model_3,0.2641,0.29370663
3837,model_3,0.1596,0.1487992
3838,model_3,0.4902,0.475906
3839,model_3,0.4631,0.5249608
3840,model_3,0.3601,0.30186653
3841,model_3,0.0105,0.009887474
3842,model_3,0.0005,0.008232812
3843,model_3,-0.1412,-0.14307375
3844,model_3,0.1391,0.13507967
3845,model_3,0.0419,0.0583844
3846,model_3,0.1369,0.18727766
3847,model_3,0.2581,0.3569321
3848,model_3,0.1817,0.21383496
3849,model_3,0.2312,0.3542822
3850,model_3,0.2055,0.16695784
3851,model_3,0.1994,0.23040204
3852,model_3,0.5643,0.56092507
3853,model_3,0.4813,0.3693983
3854,model_3,0.0856,0.10703111
3855,model_3,0.1119,0.13285398
3856,model_3,-0.011,0.0033193734
3857,model_3,0.6037,0.5846539
3858,model_3,0.1687,0.1766101
3859,model_3,0.2807,0.17473318
3860,model_3,0.3666,0.39498532
3861,model_3,0.3727,0.26133946
3862,model_3,0.9155,0.9133367
3863,model_3,0.3328,0.33528492
3864,model_3,-0.0481,-0.033617377
3865,model_3,0.0562,0.025775969
3866,model_3,0.3227,0.28609666
3867,model_3,0.3441,0.37654966
3868,model_3,0.109,0.09455758
3869,model_3,0.1845,0.1894064
3870,model_3,0.8216,0.82505447
3871,model_3,0.192,0.18684834
3872,model_3,0.1581,0.0023328215
3873,model_3,0.0141,0.19561543
3874,model_3,0.2245,0.17967579
3875,model_3,0.1141,0.08909419
3876,model_3,0.6332,0.6150697
3877,model_3,0.3853,0.2464614
3878,model_3,0.3859,0.35181665
3879,model_3,0.0067,0.036888115
3880,model_3,0.1439,0.15510567
3881,model_3,0.1776,0.1738039
3882,model_3,0.5041,0.41086102
3883,model_3,0.0134,0.10492273
3884,model_3,0.2035,0.14468402
3885,model_3,0.2006,0.2469442
3886,model_3,0.2101,0.21134935
3887,model_3,0.2382,0.20487572
3888,model_3,0.4777,0.43983388
3889,model_3,0.612,0.60011
3890,model_3,0.2098,0.24645855
3891,model_3,0.0809,0.070164636
3892,model_3,0.0901,0.1140317
3893,model_3,0.1981,0.17587496
3894,model_3,0.174,0.33700514
3895,model_3,0.3087,0.1742015
3896,model_3,-0.0632,-0.06500524
3897,model_3,0.3858,0.22086202
3898,model_3,0.0589,0.047959886
3899,model_3,0.3656,0.20221831
3900,model_3,0.2931,0.16329567
3901,model_3,0.2546,0.205699
3902,model_3,0.1835,0.22512494
3903,model_3,-0.0613,0.05528276
3904,model_3,0.1331,0.16858703
3905,model_3,0.3016,0.21441875
3906,model_3,0.2408,0.23288663
3907,model_3,0.275,0.26555058
3908,model_3,0.616,0.5926456
3909,model_3,0.6724,0.69233173
3910,model_3,0.1178,0.12361567
3911,model_3,0.1716,0.16494246
3912,model_3,0.6781,0.7403571
3913,model_3,0.1301,0.15118836
3914,model_3,0.4894,0.27889657
3915,model_3,0.3506,0.35315084
3916,model_3,0.3536,0.32278764
3917,model_3,0.3403,0.37049037
3918,model_3,0.5063,0.5107814
3919,model_3,0.4601,0.519951
3920,model_3,0.0225,0.07084504
3921,model_3,0.792,0.7638672
3922,model_3,0.7097,0.7106406
3923,model_3,0.3095,0.22526251
3924,model_3,0.3484,0.23563753
3925,model_3,0.2324,0.21592613
3926,model_3,0.2337,0.16182029
3927,model_3,0.1111,0.1993738
3928,model_3,0.2707,0.249084
3929,model_3,0.1897,0.10966991
3930,model_3,0.8078,0.77422696
3931,model_3,0.086,0.07447849
3932,model_3,0.5331,0.6527998
3933,model_3,-0.0477,0.026208397
3934,model_3,0.215,0.2398685
3935,model_3,0.0252,0.045146845
3936,model_3,0.2596,0.24534142
3937,model_3,-0.1229,0.08744584
3938,model_3,0.2592,0.22395457
3939,model_3,0.4042,0.37128794
3940,model_3,0.498,0.4957469
3941,model_3,0.2869,0.28394687
3942,model_3,0.9065,0.8634375
3943,model_3,0.0242,0.051001694
3944,model_3,0.2392,0.1611359
3945,model_3,0.2679,0.22715722
3946,model_3,0.0129,-0.023601219
3947,model_3,0.3067,0.34493774
3948,model_3,0.3272,0.3178553
3949,model_3,0.2139,0.18228479
3950,model_3,0.2653,0.31841195
3951,model_3,0.0787,0.032299504
3952,model_3,0.4143,0.36632758
3953,model_3,0.1181,0.31485713
3954,model_3,-0.0286,-0.03552663
3955,model_3,-0.0295,-0.031085525
3956,model_3,0.4011,0.47176725
3957,model_3,0.3036,0.41978315
3958,model_3,0.5759,0.6835974
3959,model_3,0.0457,0.057018045
3960,model_3,0.1588,0.23568064
3961,model_3,0.4304,0.3565623
3962,model_3,0.1268,0.20717537
3963,model_3,0.3052,0.23617001
3964,model_3,0.1262,0.1484488
3965,model_3,0.0774,0.055891383
3966,model_3,0.1436,0.038911138
3967,model_3,0.0964,0.080390826
3968,model_3,0.1654,0.10126752
3969,model_3,0.0685,0.10413855
3970,model_3,-0.0696,-0.017334286
3971,model_3,0.4064,0.43653357
3972,model_3,0.1709,0.22503142
3973,model_3,0.5629,0.44534844
3974,model_3,0.0048,0.0076198485
3975,model_3,0.4967,0.4617231
3976,model_3,0.1974,0.2463163
3977,model_3,0.1781,0.17503183
3978,model_3,0.2431,0.64717835
3979,model_3,0.536,0.28374773
3980,model_3,0.4795,0.44768542
3981,model_3,0.3696,0.3748331
3982,model_3,0.3802,0.4462228
3983,model_3,-0.0416,0.029382063
3984,model_3,0.2533,0.27745497
3985,model_3,0.0302,0.09699358
3986,model_3,0.619,0.6375522
3987,model_3,0.3451,0.31005895
3988,model_3,0.3273,0.20711671
3989,model_3,0.0885,0.10480413
3990,model_3,0.2026,0.12237528
3991,model_3,-0.1207,-0.14012162
3992,model_3,0.1663,0.2059779
3993,model_3,0.0246,0.16403466
3994,model_3,0.5322,0.50935155
3995,model_3,-0.026,0.03459888
3996,model_3,0.249,0.3156879
3997,model_3,0.2708,0.2342677
3998,model_3,0.0096,0.038001306
3999,model_3,0.3603,0.3525244
4000,model_3,0.0613,0.026078105
4001,model_3,0.0927,0.06923147
4002,model_3,0.0623,0.07279079
4003,model_3,0.3399,0.33083248
4004,model_3,0.2349,0.13039784
4005,model_3,-0.1054,0.049449
4006,model_3,0.1305,0.1465243
4007,model_3,0.4299,0.36221588
4008,model_3,0.1967,0.25312322
4009,model_3,0.1221,0.1814333
4010,model_3,-0.0196,-0.04039
4011,model_3,0.3235,0.24513492
4012,model_3,0.1107,0.06072062
4013,model_3,-0.0428,0.24848089
4014,model_3,0.2556,0.20966525
4015,model_3,-0.0811,0.022987802
4016,model_3,0.0188,0.07952733
4017,model_3,0.1388,0.15927112
4018,model_3,0.2929,0.23863094
4019,model_3,-0.1993,-0.16766183
4020,model_3,-0.0737,-0.07701863
4021,model_3,0.2381,0.25871217
4022,model_3,0.321,0.24206485
4023,model_3,0.0623,0.06441887
4024,model_3,0.0993,0.044854272
4025,model_3,0.3033,0.22584194
4026,model_3,0.3624,0.48820716
4027,model_3,-0.1902,-0.13338247
4028,model_3,0.1821,0.19713782
4029,model_3,0.1224,0.13080333
4030,model_3,0.6434,0.6311801
4031,model_3,0.0816,0.029921677
4032,model_3,0.2563,0.2529009
4033,model_3,-0.0809,-0.100982234
4034,model_3,0.1272,0.13413861
4035,model_3,0.761,0.79402435
4036,model_3,0.9782,1.030332
4037,model_3,0.7346,0.7230362
4038,model_3,-0.2718,-0.14298743
4039,model_3,0.099,0.12364814
4040,model_3,0.1593,0.11828175
4041,model_3,0.8308,0.89558464
4042,model_3,0.2463,0.25433412
4043,model_3,-0.1469,-0.066246286
4044,model_3,0.0716,0.07692391
4045,model_3,0.2307,0.25783038
4046,model_3,0.2786,0.061343547
4047,model_3,0.1573,0.18114658
4048,model_3,-0.1255,-0.21084224
4049,model_3,0.083,0.07200506
4050,model_3,0.6141,0.61069244
4051,model_3,0.272,0.21447285
4052,model_3,0.3738,0.3697857
4053,model_3,0.0771,0.08006707
4054,model_3,-0.1552,-0.13261342
4055,model_3,0.0225,0.055932518
4056,model_3,0.1476,0.19041438
4057,model_3,0.2274,0.23389657
4058,model_3,0.2079,0.1824216
4059,model_3,0.2457,0.28173965
4060,model_3,0.2735,0.24579245
4061,model_3,0.1978,0.17042972
4062,model_3,0.08,0.08273876
4063,model_3,-0.0209,-0.017008785
4064,model_3,0.2118,0.021791602
4065,model_3,0.3023,0.2055079
4066,model_3,0.2539,0.27173805
4067,model_3,0.0707,0.0693983
4068,model_3,0.136,0.1303356
4069,model_3,0.1599,0.31975222
4070,model_3,0.6111,0.6373655
4071,model_3,0.3944,0.41753647
4072,model_3,0.0551,0.07853459
4073,model_3,0.4049,0.36950514
4074,model_3,0.2101,0.15335074
4075,model_3,0.4686,0.38598114
4076,model_3,-0.0418,-0.013643831
4077,model_3,0.0298,0.03180886
4078,model_3,-0.0136,0.013126946
4079,model_3,0.1846,0.19344443
4080,model_3,0.0284,0.004710869
4081,model_3,0.1338,0.14492874
4082,model_3,0.1026,0.13324061
4083,model_3,0.8321,0.8531729
4084,model_3,0.2663,0.29152638
4085,model_3,0.4497,0.4067246
4086,model_3,0.4376,0.5095859
4087,model_3,0.0306,0.042356778
4088,model_3,0.0394,0.07867429
4089,model_3,-0.203,-0.21153574
4090,model_3,0.2541,0.3084497
4091,model_3,0.1894,0.2313201
4092,model_3,0.0872,0.048831895
4093,model_3,0.4771,0.36388743
4094,model_3,0.0681,0.093176365
4095,model_3,-0.0103,-0.043758985
4096,model_3,0.1096,0.16550118
4097,model_3,0.2077,0.1778339
4098,model_3,0.154,0.13771476
4099,model_3,0.2812,0.24656144
4100,model_3,0.5548,0.6036207
4101,model_3,0.1924,0.17216812
4102,model_3,-0.0031,-0.053609777
4103,model_3,-0.0004,0.056695007
4104,model_3,0.1871,0.1796792
4105,model_3,0.1293,0.08267686
4106,model_3,0.6502,0.66681224
4107,model_3,0.9013,0.874557
4108,model_3,-0.0305,-0.034099285
4109,model_3,0.319,0.4419218
4110,model_3,-0.1308,-0.12752645
4111,model_3,0.5404,0.6081075
4112,model_3,-0.0398,0.0051380917
4113,model_3,0.2239,0.18643863
4114,model_3,0.2115,0.23174505
4115,model_3,0.1766,0.1186202
4116,model_3,0.1843,0.24976082
4117,model_3,0.0917,0.048447028
4118,model_3,0.1568,0.036515754
4119,model_3,0.4647,0.46414828
4120,model_3,0.4308,0.4760823
4121,model_3,0.2275,0.21566467
4122,model_3,0.4214,0.39075267
4123,model_3,0.2582,0.2904251
4124,model_3,0.1072,0.11416978
4125,model_3,0.3005,0.30633813
4126,model_3,0.1624,0.13519818
4127,model_3,0.1631,0.19937351
4128,model_3,0.1303,0.12218337
4129,model_3,0.1131,0.20686974
4130,model_3,0.3484,0.34172285
4131,model_3,0.4595,0.48400334
4132,model_3,0.2166,0.22654268
4133,model_3,0.0623,0.16074573
4134,model_3,0.065,0.05016901
4135,model_3,0.1526,0.1785808
4136,model_3,0.0158,-0.041785195
4137,model_3,0.0356,0.03933382
4138,model_3,0.059,0.11741139
4139,model_3,0.0938,0.13378486
4140,model_3,0.9534,0.80205864
4141,model_3,0.1901,0.24314395
4142,model_3,0.5813,0.42032766
4143,model_3,0.1318,0.12877026
4144,model_3,-0.1775,-0.08213805
4145,model_3,0.1606,0.18997741
4146,model_3,0.0563,0.067143634
4147,model_3,0.1307,0.16826268
4148,model_3,0.2226,0.12741113
4149,model_3,0.7866,0.6996326
4150,model_3,0.2205,0.20605744
4151,model_3,0.4451,0.44746727
4152,model_3,0.156,0.17967108
4153,model_3,-0.1083,-0.010480005
4154,model_3,0.0564,0.23773527
4155,model_3,0.4211,0.38517636
4156,model_3,0.146,0.17387699
4157,model_3,-0.0181,-0.040534154
4158,model_3,0.5689,0.532752
4159,model_3,0.2777,0.09712398
4160,model_3,0.1707,0.116438136
4161,model_3,0.1485,0.1324621
4162,model_3,0.2455,0.14166136
4163,model_3,-0.0107,-0.0027861595
4164,model_3,-0.0609,-0.07330519
4165,model_3,0.4845,0.3017221
4166,model_3,-0.0678,-0.022966482
4167,model_3,0.149,0.10531916
4168,model_3,0.2615,0.17772876
4169,model_3,0.4463,0.39552253
4170,model_3,-0.1842,-0.15049009
4171,model_3,-0.0281,0.005940524
4172,model_3,0.0583,0.07467444
4173,model_3,0.9045,0.89398664
4174,model_3,0.4643,0.47594884
4175,model_3,0.3083,0.3535046
4176,model_3,0.3324,0.2840604
4177,model_3,0.72,0.6441791
4178,model_3,0.6579,0.7432535
4179,model_3,0.1855,0.27652448
4180,model_3,0.2354,0.22165969
4181,model_3,0.3258,0.4136014
4182,model_3,0.0164,0.1124322
4183,model_3,1.0375,0.97141427
4184,model_3,0.316,0.3256376
4185,model_3,-0.0123,-0.01167107
4186,model_3,0.15,0.12939171
4187,model_3,0.3945,0.3778271
4188,model_3,0.0588,0.094344065
4189,model_3,0.703,0.69772583
4190,model_3,0.7689,0.75112915
4191,model_3,0.0864,0.04986009
4192,model_3,0.1213,0.1472403
4193,model_3,0.0583,-0.013623219
4194,model_3,0.1236,0.15660772
4195,model_3,0.1675,0.40836543
4196,model_3,0.1384,0.17214997
4197,model_3,0.0729,0.09613454
4198,model_3,0.3622,0.38629547
4199,model_3,0.0907,0.18833841
4200,model_3,0.8115,0.8482603
4201,model_3,-0.094,0.10995126
4202,model_3,0.2585,0.22394426
4203,model_3,0.1499,0.1381371
4204,model_3,0.1691,0.21580835
4205,model_3,0.662,0.6593379
4206,model_3,-0.0127,-0.005057521
4207,model_3,0.6682,0.6107575
4208,model_3,0.099,0.073902264
4209,model_3,0.3809,0.40277475
4210,model_3,0.5435,0.5180368
4211,model_3,-0.0243,-0.009807933
4212,model_3,-0.0053,0.007828325
4213,model_3,0.3056,0.28452155
4214,model_3,0.0373,0.0064203385
4215,model_3,0.8759,0.8893734
4216,model_3,0.2478,0.13272254
4217,model_3,0.2162,0.20098431
4218,model_3,0.0773,0.069371335
4219,model_3,0.3395,0.38447192
4220,model_3,0.9355,0.8854527
4221,model_3,0.613,0.5182237
4222,model_3,-0.1075,-0.045595895
4223,model_3,0.0822,0.04521507
4224,model_3,0.0108,0.012769593
4225,model_3,0.259,0.17852105
4226,model_3,0.5039,0.27553013
4227,model_3,0.3222,0.36443287
4228,model_3,0.0214,-0.017635591
4229,model_3,0.0952,0.12969312
4230,model_3,0.081,0.10055968
4231,model_3,-0.0042,-0.03346909
4232,model_3,0.4702,0.5051396
4233,model_3,0.554,0.5357837
4234,model_3,-0.0034,0.010715615
4235,model_3,-0.0684,-0.06958075
4236,model_3,0.39,0.36522275
4237,model_3,0.2728,0.24330725
4238,model_3,0.0363,0.14638922
4239,model_3,0.1011,0.1795832
4240,model_3,0.7641,0.8182935
4241,model_3,0.0253,-0.010546414
4242,model_3,0.9953,0.9848346
4243,model_3,0.0248,0.022312459
4244,model_3,0.8611,0.8790036
4245,model_3,0.0561,0.056518257
4246,model_3,-0.0583,-0.07643685
4247,model_3,0.2976,0.20494853
4248,model_3,0.4372,0.4665355
4249,model_3,0.3029,0.19912164
4250,model_3,-0.0356,0.07179192
4251,model_3,0.1042,0.09354864
4252,model_3,0.0965,0.0984537
4253,model_3,0.4579,0.45327184
4254,model_3,0.2938,0.27553168
4255,model_3,0.2888,0.27329987
4256,model_3,0.171,0.2467458
4257,model_3,0.119,0.084922984
4258,model_3,0.0013,0.034539066
4259,model_3,0.2895,0.18557622
4260,model_3,0.1301,0.07071405
4261,model_3,0.2691,0.21448658
4262,model_3,-0.0018,0.03893825
4263,model_3,-0.0533,-0.024228591
4264,model_3,-0.0197,-0.031793956
4265,model_3,-0.1484,-0.18801244
4266,model_3,0.1951,0.30771327
4267,model_3,0.4055,0.305907
4268,model_3,0.1106,0.10330519
4269,model_3,0.0583,0.08240673
4270,model_3,0.3938,0.3840812
4271,model_3,0.3675,0.3633833
4272,model_3,0.226,0.198467
4273,model_3,0.1813,0.21673352
4274,model_3,0.3399,0.30735484
4275,model_3,0.5554,0.47546765
4276,model_3,0.3334,0.32605812
4277,model_3,0.188,0.28711516
4278,model_3,0.4514,0.44568324
4279,model_3,0.7766,0.7343915
4280,model_3,0.014,0.059757803
4281,model_3,0.5141,0.5602873
4282,model_3,0.6249,0.677703
4283,model_3,-0.0204,0.1345358
4284,model_3,-0.0292,0.0024582315
4285,model_3,-0.0013,0.028722674
4286,model_3,0.521,0.48905635
4287,model_3,0.0204,-0.036307998
4288,model_3,0.1793,0.2634094
4289,model_3,0.1437,0.14181168
4290,model_3,0.3305,0.26600936
4291,model_3,0.2216,0.1966893
4292,model_3,0.143,0.16536684
4293,model_3,0.1599,0.083526075
4294,model_3,0.4018,0.23651443
4295,model_3,0.3214,0.17748563
4296,model_3,-0.0285,0.09877077
4297,model_3,0.4932,0.51559633
4298,model_3,0.0513,0.049274992
4299,model_3,0.2945,0.3001362
4300,model_3,0.5139,0.46766403
4301,model_3,0.0032,0.004007412
4302,model_3,-0.0776,0.13764912
4303,model_3,0.7907,0.75048333
4304,model_3,0.0768,0.070020735
4305,model_3,0.3617,0.40389198
4306,model_3,-0.0198,-0.03247503
4307,model_3,0.6612,0.6541112
4308,model_3,0.1361,0.06325553
4309,model_3,0.5632,0.61550146
4310,model_3,0.9331,0.9016103
4311,model_3,0.0125,-0.10012475
4312,model_3,0.0072,-0.06592509
4313,model_3,0.7001,0.67960995
4314,model_3,0.034,0.08260144
4315,model_3,0.4225,0.42827287
4316,model_3,0.1126,0.08938433
4317,model_3,0.0721,-0.005870335
4318,model_3,0.1665,0.15527157
4319,model_3,0.078,0.085343525
4320,model_3,0.06,0.07905927
4321,model_3,0.1683,0.21474221
4322,model_3,0.096,0.14034607
4323,model_3,0.4518,0.375499
4324,model_3,0.0037,0.017496457
4325,model_3,0.2332,0.15534405
4326,model_3,0.2451,0.27657512
4327,model_3,0.1306,0.12964562
4328,model_3,0.4912,0.46582675
4329,model_3,0.438,0.40271175
4330,model_3,0.3898,0.36179763
4331,model_3,0.3649,0.42733306
4332,model_3,0.3244,0.3291921
4333,model_3,0.3028,0.29623193
4334,model_3,-0.187,-0.15830447
4335,model_3,0.1084,0.11323482
4336,model_3,0.5668,0.5752766
4337,model_3,-0.1221,0.03309793
4338,model_3,0.085,0.05684205
4339,model_3,0.063,0.047232997
4340,model_3,0.4078,0.35259128
4341,model_3,0.2179,0.28267413
4342,model_3,0.1821,0.16306375
4343,model_3,0.933,0.8523029
4344,model_3,0.5797,0.5610034
4345,model_3,0.1825,0.19221227
4346,model_3,0.8254,0.9206831
4347,model_3,0.2645,0.21309191
4348,model_3,-0.0714,-0.038418975
4349,model_3,-0.0069,-0.01782183
4350,model_3,0.0945,0.11091624
4351,model_3,0.3143,0.37811455
4352,model_3,-0.1018,-0.042499766
4353,model_3,0.6001,0.56944627
4354,model_3,0.1164,0.16772124
4355,model_3,0.095,0.23403803
4356,model_3,-0.0098,0.043389592
4357,model_3,0.8549,0.85418403
4358,model_3,0.2036,0.19541493
4359,model_3,0.2435,0.18166532
4360,model_3,0.1837,0.1363704
4361,model_3,0.0951,0.110976666
4362,model_3,0.516,0.58069175
4363,model_3,0.1125,0.20266348
4364,model_3,0.1863,0.1703812
4365,model_3,0.2154,0.21919931
4366,model_3,0.1181,0.12422742
4367,model_3,0.2475,0.20922367
4368,model_3,0.067,0.1283555
4369,model_3,0.852,0.7261165
4370,model_3,0.0897,0.0393153
4371,model_3,0.4416,0.44515586
4372,model_3,0.5557,0.5484782
4373,model_3,0.2298,0.25977758
4374,model_3,-0.1654,-0.059612084
4375,model_3,0.0125,0.05801955
4376,model_3,0.0092,0.078952044
4377,model_3,-0.0897,-0.066428006
4378,model_3,0.3822,0.33636826
4379,model_3,0.5789,0.57089645
4380,model_3,0.4113,0.40909442
4381,model_3,-0.1034,0.109360054
4382,model_3,0.1985,0.27167717
4383,model_3,0.8832,0.85347736
4384,model_3,0.1488,0.18977645
4385,model_3,0.2965,0.27647996
4386,model_3,0.6032,0.6780635
4387,model_3,-0.0282,-0.014554977
4388,model_3,0.0569,0.057192188
4389,model_3,0.093,0.09642805
4390,model_3,-0.0459,0.31338033
4391,model_3,0.2319,0.15249507
4392,model_3,0.2506,0.27613842
4393,model_3,0.4566,0.45905033
4394,model_3,0.1457,0.19213463
4395,model_3,-0.0914,-0.029419273
4396,model_3,0.2942,0.26862758
4397,model_3,0.5262,0.48231328
4398,model_3,0.0416,0.043464746
4399,model_3,0.7257,0.71973747
4400,model_3,0.6308,0.69547987
4401,model_3,0.2491,0.34009677
4402,model_3,-0.0274,0.2727765
4403,model_3,0.2292,0.2761683
4404,model_3,0.3416,0.2782738
4405,model_3,0.3634,0.33176523
4406,model_3,0.3837,0.33985472
4407,model_3,0.1869,0.14464243
4408,model_3,0.364,0.38231847
4409,model_3,0.2319,0.22110699
4410,model_3,0.626,0.6465378
4411,model_3,0.0966,0.078455195
4412,model_3,0.2582,0.23597275
4413,model_3,0.1185,0.12794316
4414,model_3,-0.0204,-0.0066126194
4415,model_3,0.4945,0.56426406
4416,model_3,0.7915,0.7375074
4417,model_3,0.1871,0.24038313
4418,model_3,0.4433,0.48933834
4419,model_3,0.5355,0.3661132
4420,model_3,0.2359,0.16908602
4421,model_3,-0.1723,-0.17807731
4422,model_3,0.7331,0.66599894
4423,model_3,0.017,0.11517839
4424,model_3,0.0468,0.08241463
4425,model_3,0.1081,0.10252397
4426,model_3,0.5169,0.5012799
4427,model_3,0.1581,0.16758277
4428,model_3,0.2716,0.123245284
4429,model_3,-0.0091,0.08858019
4430,model_3,0.2845,0.28946492
4431,model_3,0.1614,0.16382782
4432,model_3,0.2325,0.19741535
4433,model_3,0.2657,0.2806135
4434,model_3,0.3382,0.31601712
4435,model_3,0.0557,0.029478388
4436,model_3,0.0353,0.02651537
4437,model_3,0.4631,0.41600165
4438,model_3,0.2054,0.26397902
4439,model_3,0.2047,0.23273726
4440,model_3,0.2656,0.32811427
4441,model_3,0.4777,0.50074434
4442,model_3,0.4064,0.36072102
4443,model_3,0.0242,0.08224295
4444,model_3,0.4592,0.22132517
4445,model_3,0.3243,0.30097932
4446,model_3,0.1352,0.14419289
4447,model_3,0.0255,0.053039152
4448,model_3,0.763,0.6487616
4449,model_3,0.3208,0.37005466
4450,model_3,0.263,0.24207279
4451,model_3,-0.1737,-0.16313268
4452,model_3,0.06,0.06088129
4453,model_3,0.1509,0.23644127
4454,model_3,0.0046,-0.0005375929
4455,model_3,0.1508,0.16513442
4456,model_3,0.4075,0.4323691
4457,model_3,-0.0958,0.040542465
4458,model_3,0.6353,0.70723814
4459,model_3,0.0677,0.069578454
4460,model_3,0.0777,0.07283203
4461,model_3,0.3265,0.3023864
4462,model_3,0.4886,0.29260373
4463,model_3,0.3461,0.3677018
4464,model_3,0.2767,0.3018437
4465,model_3,0.028,0.15042408
4466,model_3,-0.0594,0.07540053
4467,model_3,0.2676,0.25484735
4468,model_3,0.6202,0.6348995
4469,model_3,0.6222,0.58644515
4470,model_3,0.2337,0.23692958
4471,model_3,0.0217,0.06078563
4472,model_3,0.0808,0.031522408
4473,model_3,0.6454,0.5093428
4474,model_3,0.2006,0.18773489
4475,model_3,0.0439,0.01386073
4476,model_3,0.0938,0.09294982
4477,model_3,0.1716,0.23611894
4478,model_3,0.3675,0.42370573
4479,model_3,0.0772,0.10651222
4480,model_3,0.0081,0.03391207
4481,model_3,0.3238,0.17096089
4482,model_3,0.2074,0.24153797
4483,model_3,-0.1353,-0.066762686
4484,model_3,0.1654,0.17548023
4485,model_3,0.138,0.14996733
4486,model_3,0.1193,0.121289656
4487,model_3,0.3876,0.31780517
4488,model_3,0.2061,0.17840241
4489,model_3,0.1914,0.17752244
4490,model_3,0.1146,0.108606115
4491,model_3,0.3428,0.40243864
4492,model_3,0.2016,0.17748451
4493,model_3,0.004,-0.026547186
4494,model_3,-0.0615,-0.05732454
4495,model_3,0.0115,0.04750767
4496,model_3,0.3994,0.44632426
4497,model_3,0.3747,0.36934108
4498,model_3,-0.0404,-0.110330954
4499,model_3,0.1129,0.1255916
4500,model_3,0.0254,0.06264381
4501,model_3,0.3359,0.30016434
4502,model_3,0.3289,0.3660528
4503,model_3,0.2501,0.26345658
4504,model_3,0.0667,0.016287405
4505,model_3,0.376,0.4194591
4506,model_3,0.2322,0.19247009
4507,model_3,0.6713,0.68177456
4508,model_3,0.2583,0.20681211
4509,model_3,-0.1739,-0.090387195
4510,model_3,0.4033,0.29836264
4511,model_3,0.3128,0.18336456
4512,model_3,0.225,0.30337918
4513,model_3,0.4413,0.24335666
4514,model_3,0.5502,0.4772887
4515,model_3,-0.1033,-0.08967276
4516,model_3,0.4696,0.47723362
4517,model_3,0.1569,0.100096956
4518,model_3,0.7745,0.74238753
4519,model_3,0.0668,0.050265517
4520,model_3,0.2269,0.23090552
4521,model_3,0.319,0.29022753
4522,model_3,0.7016,0.64447373
4523,model_3,0.4465,0.27251208
4524,model_3,0.7297,0.75105816
4525,model_3,0.1823,0.1594273
4526,model_3,0.0871,0.2312653
4527,model_3,0.9148,0.89293903
4528,model_3,0.3055,0.47319347
4529,model_3,0.1637,0.20800777
4530,model_3,0.043,0.02984806
4531,model_3,0.4691,0.46699905
4532,model_3,-0.0116,0.090549126
4533,model_3,0.0677,0.1136359
4534,model_3,1.0351,0.9665436
4535,model_3,0.2866,0.27496192
4536,model_3,0.5892,0.48038128
4537,model_3,0.2871,0.28097886
4538,model_3,0.3392,0.18396033
4539,model_3,0.1945,0.14548929
4540,model_3,-0.0428,0.020259742
4541,model_3,0.1463,0.16017433
4542,model_3,0.4978,0.52097213
4543,model_3,0.0223,0.036836367
4544,model_3,-0.2064,-0.15044025
4545,model_3,0.132,0.21367781
4546,model_3,0.4167,0.41655138
4547,model_3,0.2501,0.16946788
4548,model_3,0.2171,0.1651106
4549,model_3,0.1105,0.11805084
4550,model_3,0.0503,0.065260276
4551,model_3,0.2735,0.22203265
4552,model_3,0.0873,0.06372577
4553,model_3,0.5796,0.51262003
4554,model_3,0.0003,0.12406503
4555,model_3,-0.0934,-0.10188793
4556,model_3,0.1482,0.048141494
4557,model_3,0.0249,0.030633809
4558,model_3,0.4947,0.50915885
4559,model_3,0.0184,0.03974889
4560,model_3,0.0993,0.0849781
4561,model_3,0.187,0.17358819
4562,model_3,0.0136,0.17051677
4563,model_3,0.1294,0.09281789
4564,model_3,0.6397,0.6578329
4565,model_3,0.1758,0.15723798
4566,model_3,0.8494,0.7986733
4567,model_3,0.281,0.3015887
4568,model_3,0.3135,0.34550717
4569,model_3,0.1963,0.09591523
4570,model_3,0.1392,0.16618632
4571,model_3,0.0709,0.10682948
4572,model_3,0.2538,0.23718373
4573,model_3,0.3353,0.37710544
4574,model_3,0.1278,0.16101164
4575,model_3,0.0601,0.14682777
4576,model_3,0.3528,0.34505174
4577,model_3,-0.0167,-0.022034433
4578,model_3,0.0699,0.10346289
4579,model_3,0.3068,0.32172903
4580,model_3,0.1487,0.16523454
4581,model_3,0.0721,0.09295547
4582,model_3,0.0948,0.16263889
4583,model_3,0.2498,0.24719691
4584,model_3,-0.0045,0.0114567885
4585,model_3,0.3489,0.31815726
4586,model_3,0.1775,0.18864927
4587,model_3,0.9593,0.96628445
4588,model_3,0.5318,0.5127546
4589,model_3,0.1328,0.07097964
4590,model_3,0.8902,0.88974833
4591,model_3,0.8085,0.7600196
4592,model_3,0.2134,0.2570373
4593,model_3,0.0409,0.11918625
4594,model_3,0.0493,0.07073948
4595,model_3,0.2674,0.26834136
4596,model_3,-0.0119,-0.13296728
4597,model_3,0.0361,0.07940692
4598,model_3,0.1232,0.124518424
4599,model_3,0.1429,0.2346677
4600,model_3,0.2992,0.33447155
4601,model_3,0.3465,0.32757992
4602,model_3,0.2316,0.1491181
4603,model_3,0.1824,0.24454877
4604,model_3,0.0313,-0.030898582
4605,model_3,0.0511,0.03608363
4606,model_3,0.0657,0.06350387
4607,model_3,0.085,0.09983271
4608,model_3,0.0969,0.040738508
4609,model_3,0.3266,0.4001662
4610,model_3,0.3937,0.44643512
4611,model_3,0.2028,0.1557282
4612,model_3,0.6593,0.6336129
4613,model_3,0.1117,0.029884629
4614,model_3,0.1911,0.15864082
4615,model_3,0.5376,0.37504262
4616,model_3,0.254,0.2080033
4617,model_3,0.2467,0.26664987
4618,model_3,0.8268,0.7626814
4619,model_3,-0.0075,-0.008051945
4620,model_3,0.4988,0.5211031
4621,model_3,0.1429,0.0540474
4622,model_3,0.2088,0.26329827
4623,model_3,-0.1882,-0.109505996
4624,model_3,0.1047,0.112238646
4625,model_3,0.3921,0.3987742
4626,model_3,0.5848,0.42442852
4627,model_3,0.062,-0.038759742
4628,model_3,0.4068,0.3633561
4629,model_3,0.9933,0.93798286
4630,model_3,-0.0668,0.041210376
4631,model_3,-0.0142,-0.013643339
4632,model_3,0.485,0.4827327
4633,model_3,0.1266,0.1845295
4634,model_3,0.1583,0.09663434
4635,model_3,0.0387,0.049617633
4636,model_3,-0.0162,0.29420084
4637,model_3,0.528,0.08182098
4638,model_3,0.5823,0.5804211
4639,model_3,0.459,0.529638
4640,model_3,0.3517,0.37693277
4641,model_3,-0.0328,-0.0080071855
4642,model_3,0.8001,0.85067654
4643,model_3,0.1329,0.19512816
4644,model_3,0.5207,0.5590362
4645,model_3,-0.075,-0.057078946
4646,model_3,0.193,0.21588759
4647,model_3,0.368,0.3426466
4648,model_3,-0.0779,0.17927808
4649,model_3,0.1726,0.22490703
4650,model_3,0.1804,0.1829692
4651,model_3,-0.2896,0.02712617
4652,model_3,0.1925,0.14159268
4653,model_3,0.1245,0.1370189
4654,model_3,0.0381,0.10888624
4655,model_3,0.4929,0.28190982
4656,model_3,0.0014,0.043639377
4657,model_3,0.3769,0.33851105
4658,model_3,0.3143,0.2396755
4659,model_3,-0.2217,-0.20505112
4660,model_3,0.6451,0.6746687
4661,model_3,0.6323,0.62409323
4662,model_3,0.071,0.08939645
4663,model_3,0.408,0.45999697
4664,model_3,-0.1016,-0.0904609
4665,model_3,0.22,0.3479352
4666,model_3,0.0412,0.036860052
4667,model_3,0.2994,0.27513963
4668,model_3,-0.1873,-0.17643797
4669,model_3,0.1714,0.23297915
4670,model_3,0.3895,0.423279
4671,model_3,0.0051,0.011011932
4672,model_3,-0.1487,-0.10879411
4673,model_3,0.0377,0.0419431
4674,model_3,0.1726,0.038858943
4675,model_3,0.356,0.30626917
4676,model_3,0.6026,0.6528771
4677,model_3,0.9037,0.88688195
4678,model_3,0.0507,0.041623533
4679,model_3,0.2412,0.24269284
4680,model_3,0.4222,0.41673344
4681,model_3,0.1543,0.14374287
4682,model_3,-0.1577,-0.16586727
4683,model_3,0.2097,0.20678256
4684,model_3,0.051,0.13196476
4685,model_3,0.2453,0.30156136
4686,model_3,0.214,0.20169823
4687,model_3,-0.0804,-0.082977474
4688,model_3,0.4263,0.36444658
4689,model_3,0.0379,0.034688573
4690,model_3,0.6786,0.74398965
4691,model_3,0.4221,0.34695435
4692,model_3,0.0802,0.050333817
4693,model_3,0.563,0.59068805
4694,model_3,0.1303,0.0242006
4695,model_3,0.0919,0.014707617
4696,model_3,0.3505,0.26735425
4697,model_3,0.242,0.3720402
4698,model_3,-0.0975,-0.059135992
4699,model_3,0.0942,0.29620507
4700,model_3,0.1172,0.11499672
4701,model_3,0.6905,0.73075837
4702,model_3,0.371,0.24997738
4703,model_3,0.4858,0.60677946
4704,model_3,0.5706,0.45518696
4705,model_3,-0.1253,-0.052897837
4706,model_3,0.0834,0.074942455
4707,model_3,0.6273,0.56994575
4708,model_3,0.3577,0.327801
4709,model_3,0.0899,0.15019567
4710,model_3,0.0335,0.03365183
4711,model_3,0.0625,0.12573886
4712,model_3,0.0213,-0.020629354
4713,model_3,0.1919,0.21542029
4714,model_3,0.4724,0.5058501
4715,model_3,0.0326,0.15502898
4716,model_3,0.1128,0.12201235
4717,model_3,0.1315,0.12165503
4718,model_3,0.1653,0.18098433
4719,model_3,-0.0728,0.14825954
4720,model_3,-0.114,-0.0964527
4721,model_3,0.2735,0.2785447
4722,model_3,0.8884,0.9048844
4723,model_3,0.2722,0.23797971
4724,model_3,0.3004,0.30563575
4725,model_3,0.7474,0.7254543
4726,model_3,0.2589,0.16187932
4727,model_3,0.0447,0.074047774
4728,model_3,0.2061,0.21472347
4729,model_3,0.0291,0.03170672
4730,model_3,0.2104,0.2032201
4731,model_3,0.0187,0.19792941
4732,model_3,-0.0462,-0.045962546
4733,model_3,0.1764,0.16736053
4734,model_3,-0.0138,-0.008578692
4735,model_3,0.2155,0.27486667
4736,model_3,0.5185,0.43409064
4737,model_3,0.2074,0.13434762
4738,model_3,0.0837,0.082773685
4739,model_3,0.1443,0.10990423
4740,model_3,0.2864,0.22882606
4741,model_3,0.3394,0.37602133
4742,model_3,0.0454,0.06442239
4743,model_3,0.1845,0.1255039
4744,model_3,0.9124,0.9066761
4745,model_3,0.2136,0.19248347
4746,model_3,0.2462,0.26487017
4747,model_3,0.4199,0.35324728
4748,model_3,-0.1537,-0.032266673
4749,model_3,0.1152,0.22272134
4750,model_3,0.1232,0.101196736
4751,model_3,0.2091,0.15512118
4752,model_3,0.4248,0.30606502
4753,model_3,0.6352,0.5928541
4754,model_3,-0.1385,-0.17245682
4755,model_3,0.4064,0.4442032
4756,model_3,-0.0552,0.016985163
4757,model_3,-0.0939,-0.109613776
4758,model_3,0.4104,0.46353126
4759,model_3,-0.0073,-0.0025930684
4760,model_3,0.9148,1.0062078
4761,model_3,0.0083,0.107901126
4762,model_3,0.0857,0.13505115
4763,model_3,-0.0063,0.05928737
4764,model_3,0.2967,0.3180542
4765,model_3,-0.0607,-0.033290427
4766,model_3,0.2138,0.20629473
4767,model_3,0.4736,0.3759872
4768,model_3,0.1533,0.11093786
4769,model_3,0.4513,0.47093248
4770,model_3,0.3395,0.2735328
4771,model_3,-0.0189,0.0954708
4772,model_3,0.8791,0.8538888
4773,model_3,0.1473,0.13019653
4774,model_3,0.1698,0.24188171
4775,model_3,0.1831,0.26483262
4776,model_3,0.7353,0.66599196
4777,model_3,0.4847,0.433425
4778,model_3,-0.0254,-0.01430976
4779,model_3,0.2209,0.21191725
4780,model_3,0.7515,0.9084142
4781,model_3,-0.0264,-0.056797992
4782,model_3,0.5082,0.437973
4783,model_3,0.3588,0.36101747
4784,model_3,0.5204,0.48212564
4785,model_3,0.3167,0.37376928
4786,model_3,0.1102,0.078961745
4787,model_3,0.1073,0.13587357
4788,model_3,1.1103,1.0367444
4789,model_3,0.549,0.5668406
4790,model_3,0.762,0.83456355
4791,model_3,-0.0115,-0.033675637
4792,model_3,0.1339,0.17923309
4793,model_3,0.0819,0.06787573
4794,model_3,0.2188,0.13483953
4795,model_3,0.1068,0.13475634
4796,model_3,0.1457,0.18167038
4797,model_3,0.7235,0.7267906
4798,model_3,0.39,0.4117326
4799,model_3,0.3256,0.33656964
4800,model_3,0.3115,0.25509894
4801,model_3,-0.1716,-0.17167366
4802,model_3,0.1155,0.073365256
4803,model_3,0.007,0.053167637
4804,model_3,0.3953,0.3778097
4805,model_3,0.072,0.09843607
4806,model_3,0.3808,0.4019249
4807,model_3,0.5663,0.590639
4808,model_3,0.1624,0.34169778
4809,model_3,0.0368,0.124230996
4810,model_3,0.5683,0.6449425
4811,model_3,-0.0079,-0.038435593
4812,model_3,0.3517,0.2989721
4813,model_3,0.6082,0.5420366
4814,model_3,0.7429,0.72037685
4815,model_3,0.0105,0.037607584
4816,model_3,0.2693,0.28123197
4817,model_3,0.517,0.4154756
4818,model_3,0.5673,0.55297625
4819,model_3,0.1328,0.123709366
4820,model_3,0.6668,0.6811605
4821,model_3,0.2226,0.15704022
4822,model_3,0.7032,0.6571796
4823,model_3,-0.1635,-0.13592155
4824,model_3,0.181,0.1995266
4825,model_3,-0.0199,0.0074233236
4826,model_3,0.3274,0.3296309
4827,model_3,0.3624,0.22927532
4828,model_3,0.1316,0.15246424
4829,model_3,0.8579,0.7446661
4830,model_3,0.7141,0.6317081
4831,model_3,-0.0444,0.10065043
4832,model_3,0.3701,0.33652365
4833,model_3,0.5904,0.5426416
4834,model_3,0.3652,0.29826847
4835,model_3,0.2804,0.2976538
4836,model_3,0.5209,0.58983755
4837,model_3,0.1839,0.23246427
4838,model_3,0.5547,0.560613
4839,model_3,0.5531,0.5866656
4840,model_3,-0.2216,-0.2145436
4841,model_3,0.0871,0.2337937
4842,model_3,0.4264,0.4163006
4843,model_3,0.1815,0.21074243
4844,model_3,0.4096,0.39490062
4845,model_3,0.0911,0.06764671
4846,model_3,0.5758,0.5323848
4847,model_3,-0.1048,-0.07951616
4848,model_3,0.8405,0.8218518
4849,model_3,0.2663,0.11711037
4850,model_3,0.1075,0.13152826
4851,model_3,0.2118,0.15241897
4852,model_3,0.2455,0.26775205
4853,model_3,0.4032,0.3969919
4854,model_3,0.3312,0.36880845
4855,model_3,0.1881,0.12730427
4856,model_3,-0.0618,-0.056981172
4857,model_3,0.1864,0.18961756
4858,model_3,0.2852,0.14858331
4859,model_3,0.2788,0.32507265
4860,model_3,0.2227,0.29548115
4861,model_3,0.4475,0.45028213
4862,model_3,0.312,0.30433926
4863,model_3,0.0203,0.053594235
4864,model_3,0.5141,0.45890617
4865,model_3,0.1486,0.113818705
4866,model_3,0.4324,0.4552666
4867,model_3,0.1087,0.11587037
4868,model_3,-0.0272,0.005814671
4869,model_3,0.4206,0.4091916
4870,model_3,0.1171,0.11741647
4871,model_3,-0.0024,0.023419326
4872,model_3,0.2331,0.25811914
4873,model_3,0.6584,0.63344085
4874,model_3,0.5306,0.4112702
4875,model_3,0.058,0.1386808
4876,model_3,0.1694,0.139515
4877,model_3,0.2488,0.25491694
4878,model_3,0.7782,0.7919374
4879,model_3,0.7301,0.6885103
4880,model_3,0.4872,0.34292305
4881,model_3,0.3047,0.25294262
4882,model_3,0.4026,0.3296789
4883,model_3,0.2868,0.33592555
4884,model_3,0.2601,0.25919208
4885,model_3,0.2864,0.06520356
4886,model_3,-0.0737,0.051850162
4887,model_3,-0.1567,0.14757925
4888,model_3,0.3182,0.28778687
4889,model_3,0.1043,0.13262843
4890,model_3,0.0549,0.20609795
4891,model_3,0.0428,0.076347455
4892,model_3,0.1419,0.07761529
4893,model_3,0.239,0.20765723
4894,model_3,0.0778,0.048251253
4895,model_3,0.0979,0.1628466
4896,model_3,0.2467,0.2809955
4897,model_3,0.2936,0.30367637
4898,model_3,0.0184,0.026504118
4899,model_3,0.5433,0.51529914
4900,model_3,0.1661,0.2770644
4901,model_3,0.0102,0.00049434975
4902,model_3,0.328,0.356996
4903,model_3,0.3012,0.28056338
4904,model_3,0.3961,0.45916647
4905,model_3,-0.046,-0.07709202
4906,model_3,0.4209,0.3491855
4907,model_3,-0.0298,-0.03398065
4908,model_3,0.4238,0.27854428
4909,model_3,0.7708,0.71234864
4910,model_3,0.2092,0.2170174
4911,model_3,0.2682,0.34806663
4912,model_3,0.2112,0.24264577
4913,model_3,0.0722,0.059853073
4914,model_3,0.4688,0.41547677
4915,model_3,1.2481,1.2239097
4916,model_3,0.0095,0.005675394
4917,model_3,-0.0358,0.07233526
4918,model_3,0.0479,0.03172313
4919,model_3,0.288,0.32185
4920,model_3,0.1683,0.32882574
4921,model_3,0.1172,0.066755824
4922,model_3,0.4266,0.34499383
4923,model_3,0.3837,0.24263944
4924,model_3,0.488,0.41259998
4925,model_3,0.6812,0.6569073
4926,model_3,0.0646,0.13389492
4927,model_3,0.4051,0.39193767
4928,model_3,0.2185,0.2403463
4929,model_3,0.0046,0.08002016
4930,model_3,-0.0587,-0.03608304
4931,model_3,-0.119,-0.12641405
4932,model_3,0.2613,0.24728034
4933,model_3,-0.1103,-0.149086
4934,model_3,0.3013,0.24046953
4935,model_3,0.0802,0.22757813
4936,model_3,0.0919,0.026766393
4937,model_3,0.0734,0.09426746
4938,model_3,0.2036,0.10742064
4939,model_3,0.1758,0.1186876
4940,model_3,0.4952,0.48614663
4941,model_3,0.0146,0.01987667
4942,model_3,0.0189,0.054571036
4943,model_3,0.1586,0.1307802
4944,model_3,0.1125,0.10556471
4945,model_3,0.0615,0.13983683
4946,model_3,0.3706,0.22937341
4947,model_3,0.3743,0.41296187
4948,model_3,0.2905,0.324835
4949,model_3,0.0613,0.07857941
4950,model_3,0.3826,0.3488838
4951,model_3,0.0788,0.21215357
4952,model_3,0.1944,0.16308206
4953,model_3,0.149,0.12801671
4954,model_3,0.0361,0.0993948
4955,model_3,-0.0545,-0.048322197
4956,model_3,0.2269,0.17178713
4957,model_3,0.1526,0.14534752
4958,model_3,0.5136,0.67018306
4959,model_3,0.0685,0.08878425
4960,model_3,0.1305,0.08758019
4961,model_3,-0.0875,-0.12936825
4962,model_3,0.236,0.15531574
4963,model_3,0.1842,0.12373419
4964,model_3,0.233,0.25377655
4965,model_3,-0.0317,-0.011539454
4966,model_3,0.4095,0.3231301
4967,model_3,0.1546,0.11903049
4968,model_3,0.037,-0.02757756
4969,model_3,0.4872,0.44182578
4970,model_3,-0.0565,-0.024374489
4971,model_3,0.2253,0.17391475
4972,model_3,0.26,0.2850346
4973,model_3,0.1591,0.17543758
4974,model_3,0.6129,0.5643329
4975,model_3,0.2105,0.12929364
4976,model_3,0.1873,0.28254133
4977,model_3,0.0934,0.12540309
4978,model_3,0.0877,0.106639355
4979,model_3,0.0442,-0.029738862
4980,model_3,0.1154,0.13387752
4981,model_3,0.0082,0.011160726
4982,model_3,0.1121,0.08587229
4983,model_3,-0.0619,-0.08463159
4984,model_3,0.0969,0.046695326
4985,model_3,0.6493,0.6830812
4986,model_3,-0.0399,0.11712864
4987,model_3,0.3642,0.3044385
4988,model_3,0.172,0.18633743
4989,model_3,0.2563,0.23110974
4990,model_3,0.0851,0.121988714
4991,model_3,0.2932,0.3082784
4992,model_3,0.5883,0.48181856
4993,model_3,0.986,0.9030577
4994,model_3,0.1693,0.16294427
4995,model_3,-0.081,-0.08484809
4996,model_3,0.0795,0.059043158
4997,model_3,0.598,0.6878308
4998,model_3,-0.1057,-0.09378241
4999,model_3,0.0401,0.048891764
5000,model_3,-0.026,0.0017201137
5001,model_3,0.1695,0.16525298
5002,model_3,0.1457,0.17225198
5003,model_3,0.048,0.045314427
5004,model_3,0.4423,0.39457077
5005,model_3,-0.1047,-0.12231715
5006,model_3,0.1764,0.23318446
5007,model_3,0.4468,0.37945598
5008,model_3,0.2157,0.26847687
5009,model_3,0.7374,0.6722237
5010,model_3,0.2831,0.31159016
5011,model_3,-0.0106,0.032191437
5012,model_3,0.5457,0.52049404
5013,model_3,0.38,0.3698101
5014,model_3,0.2253,0.20510086
5015,model_3,0.0221,0.07363814
5016,model_3,0.1607,0.25713688
5017,model_3,0.1264,0.15946278
5018,model_3,0.2704,0.22795644
5019,model_3,0.1481,0.15875895
5020,model_3,0.0985,0.14092782
5021,model_3,-0.1075,-0.024030186
5022,model_3,0.2548,0.291133
5023,model_3,0.7477,0.76951295
5024,model_3,0.0613,0.20822306
5025,model_3,0.2074,0.22024955
5026,model_3,0.171,0.12542945
5027,model_3,0.3925,0.33567536
5028,model_3,0.1038,0.09860411
5029,model_3,0.1708,0.19335796
5030,model_3,0.1756,0.22095047
5031,model_3,0.268,0.29346806
5032,model_3,0.0115,0.0244463
5033,model_3,0.1498,0.15562727
5034,model_3,0.1774,0.21609789
5035,model_3,0.2834,0.19724725
5036,model_3,0.4366,0.4172747
5037,model_3,-0.1291,0.11045331
5038,model_3,0.0543,0.07519582
5039,model_3,0.166,0.10465267
5040,model_3,-0.0198,0.061234247
5041,model_3,0.5217,0.5200781
5042,model_3,0.4974,0.52357227
5043,model_3,0.8018,0.72743034
5044,model_3,0.001,0.05951885
5045,model_3,0.0906,0.20501295
5046,model_3,0.08,0.05596965
5047,model_3,0.2989,0.284204
5048,model_3,0.5271,0.45574653
5049,model_3,0.0527,0.08450514
5050,model_3,0.1759,0.17603222
5051,model_3,-0.005,-0.0053967703
5052,model_3,0.1326,0.12367152
5053,model_3,0.4503,0.4669904
5054,model_3,0.8067,0.7881411
5055,model_3,0.2021,0.20569552
5056,model_3,0.0948,0.11713956
5057,model_3,0.6697,0.6650448
5058,model_3,0.0943,0.102216914
5059,model_3,-0.0418,0.09174861
5060,model_3,-0.1715,-0.12936379
5061,model_3,0.4907,0.47269648
5062,model_3,0.3563,0.37947118
5063,model_3,0.273,0.17296244
5064,model_3,0.0497,-0.02781269
5065,model_3,0.1157,0.17410743
5066,model_3,0.0683,0.15470545
5067,model_3,0.4462,0.3856021
5068,model_3,0.4586,0.48089737
5069,model_3,0.105,0.10969055
5070,model_3,-0.0482,0.09162554
5071,model_3,0.0722,0.06825477
5072,model_3,0.2229,0.22369276
5073,model_3,-0.097,-0.11427224
5074,model_3,-0.0745,-0.06912245
5075,model_3,0.1814,0.17280392
5076,model_3,0.151,0.10520612
5077,model_3,0.4199,0.38987273
5078,model_3,0.3911,0.43010652
5079,model_3,0.2598,0.32058412
5080,model_3,0.205,0.12848385
5081,model_3,0.8629,0.9406779
5082,model_3,0.2017,0.18614332
5083,model_3,0.2738,0.15479903
5084,model_3,0.2729,0.14068384
5085,model_3,0.1047,0.13779747
5086,model_3,0.2687,0.35049418
5087,model_3,0.4552,0.4459325
5088,model_3,0.0912,-0.02963366
5089,model_3,0.2364,0.20439102
5090,model_3,0.3752,0.3525102
5091,model_3,-0.0452,-0.0493243
5092,model_3,0.0379,0.023967825
5093,model_3,0.2634,0.25058115
5094,model_3,0.2613,0.36709422
5095,model_3,0.5924,0.52573496
5096,model_3,0.4075,0.39871094
5097,model_3,0.2985,0.25075483
5098,model_3,0.0114,0.03284778
5099,model_3,0.1721,0.14218798
5100,model_3,0.7463,0.63441294
5101,model_3,0.822,0.7979234
5102,model_3,0.092,0.14546315
5103,model_3,0.5429,0.55886227
5104,model_3,0.0645,0.089045525
5105,model_3,0.8555,0.9439051
5106,model_3,0.5486,0.44822216
5107,model_3,0.0234,0.061139323
5108,model_3,0.7415,0.6879685
5109,model_3,0.1729,0.1185883
5110,model_3,0.5305,0.4935133
5111,model_3,0.1403,0.1498586
5112,model_3,0.1661,0.08020398
5113,model_3,0.3813,0.36888272
5114,model_3,0.2974,0.34677657
5115,model_3,0.1201,0.117488295
5116,model_3,0.4217,0.38076663
5117,model_3,0.6828,0.693577
5118,model_3,0.0717,0.06501854
5119,model_3,0.1757,0.22659671
5120,model_3,0.1569,0.041566975
5121,model_3,0.6365,0.6133704
5122,model_3,0.2178,0.20671055
5123,model_3,0.0698,0.07537615
5124,model_3,0.344,0.30622518
5125,model_3,0.0696,0.08249657
5126,model_3,0.451,0.37622386
5127,model_3,0.1572,0.13748874
5128,model_3,0.3793,0.23053245
5129,model_3,-0.028,-0.02984571
5130,model_3,1.0119,0.9301135
5131,model_3,0.1828,0.14677083
5132,model_3,0.1722,0.15700255
5133,model_3,0.1229,0.21071549
5134,model_3,0.4359,0.3250696
5135,model_3,0.292,-0.015678722
5136,model_3,0.2342,0.2408943
5137,model_3,0.1199,0.11038603
5138,model_3,0.585,0.3659812
5139,model_3,0.1999,0.1733495
5140,model_3,0.1048,0.098525405
5141,model_3,0.1235,0.2904128
5142,model_3,0.1082,0.13057888
5143,model_3,0.0133,0.05312468
5144,model_3,0.3418,0.332882
5145,model_3,0.0902,0.10135618
5146,model_3,0.8834,0.85500807
5147,model_3,0.3075,0.28735697
5148,model_3,-0.0527,-0.05957141
5149,model_3,0.4192,0.4937148
5150,model_3,0.6504,0.68261963
5151,model_3,0.0907,0.10396293
5152,model_3,0.4827,0.4399943
5153,model_3,-0.059,0.0060744993
5154,model_3,0.0586,0.1364385
5155,model_3,0.312,0.36594093
5156,model_3,0.2348,0.1603914
5157,model_3,0.0987,-0.06482975
5158,model_3,-0.0676,0.044259544
5159,model_3,0.1012,0.052691963
5160,model_3,0.2383,0.24665946
5161,model_3,0.1328,0.18039761
5162,model_3,0.0704,0.054396406
5163,model_3,-0.0616,-0.052475523
5164,model_3,0.1936,0.081540644
5165,model_3,0.0435,0.15577462
5166,model_3,0.3252,0.31535017
5167,model_3,0.3996,0.3838784
5168,model_3,0.1641,0.12687391
5169,model_3,-0.0151,-0.02793796
5170,model_3,0.4111,0.5018752
5171,model_3,0.492,0.43058994
5172,model_3,-0.1004,-0.1276667
5173,model_3,0.0652,0.067848325
5174,model_3,0.0,0.08820818
5175,model_3,0.3253,0.29058948
5176,model_3,0.1351,0.10205901
5177,model_3,0.3643,0.30924726
5178,model_3,0.292,0.3565982
5179,model_3,0.3349,0.36835277
5180,model_3,0.2678,0.19748692
5181,model_3,0.2469,0.24214798
5182,model_3,0.5129,0.54699653
5183,model_3,0.0552,0.043418325
5184,model_3,0.1143,0.06996045
5185,model_3,0.8039,0.65148
5186,model_3,0.3607,0.32474512
5187,model_3,0.2068,0.18269096
5188,model_3,0.1913,0.13976805
5189,model_3,0.125,0.12370992
5190,model_3,0.1663,0.1884375
5191,model_3,0.076,0.10511072
5192,model_3,0.5044,0.49351203
5193,model_3,0.6423,0.72680116
5194,model_3,0.2791,0.25055072
5195,model_3,0.7579,0.7981869
5196,model_3,0.0767,0.14927424
5197,model_3,0.9146,0.8790384
5198,model_3,0.1719,0.13816695
5199,model_3,0.1753,0.15828587
5200,model_3,0.0097,0.0031554364
5201,model_3,0.4714,0.52242464
5202,model_3,0.0081,0.008223709
5203,model_3,0.0169,0.0970359
5204,model_3,0.6104,0.58167
5205,model_3,0.112,0.06998956
5206,model_3,-0.1231,-0.14635704
5207,model_3,0.0399,0.150378
5208,model_3,0.3282,0.42805013
5209,model_3,0.9108,0.85982007
5210,model_3,0.5306,0.46864828
5211,model_3,0.1133,0.09461433
5212,model_3,0.0486,0.09013347
5213,model_3,0.2478,0.2067043
5214,model_3,0.278,0.2815975
5215,model_3,0.4901,0.37091345
5216,model_3,0.1069,0.13682841
5217,model_3,0.2455,0.15731613
5218,model_3,0.6483,0.6484668
5219,model_3,0.2966,0.26962513
5220,model_3,0.3215,0.3503543
5221,model_3,0.1231,0.12201245
5222,model_3,0.7772,0.7610895
5223,model_3,0.4355,0.35475987
5224,model_3,0.2655,0.28955948
5225,model_3,0.1822,0.17472643
5226,model_3,0.6091,0.59268683
5227,model_3,0.6985,0.727688
5228,model_3,0.4363,0.31258792
5229,model_3,0.2766,0.29621962
5230,model_3,0.2286,0.23181248
5231,model_3,0.1054,0.058327716
5232,model_3,0.0642,0.040419795
5233,model_3,0.4255,0.45666182
5234,model_3,0.1174,0.21989994
5235,model_3,0.1026,0.12099068
5236,model_3,0.0051,-0.004719969
5237,model_3,0.2015,0.20924889
5238,model_3,0.2918,0.25457907
5239,model_3,0.0296,-0.031062815
5240,model_3,0.1481,0.108025715
5241,model_3,0.2316,0.18994619
5242,model_3,0.5369,0.46007335
5243,model_3,0.4383,0.30554044
5244,model_3,0.4534,0.35799193
5245,model_3,0.1349,0.07576166
5246,model_3,0.0524,0.08618447
5247,model_3,0.4313,0.46471816
5248,model_3,0.2227,0.16012965
5249,model_3,0.4021,0.33161575
5250,model_3,-0.0014,-0.05630589
5251,model_3,-0.0802,0.17326464
5252,model_3,-0.0308,0.0024053082
5253,model_3,0.104,0.11877914
5254,model_3,0.2357,0.27435356
5255,model_3,0.8637,0.8787361
5256,model_3,-0.0106,0.06389469
5257,model_3,0.7437,0.8034585
5258,model_3,-0.0017,0.15532199
5259,model_3,-0.0048,-0.025005963
5260,model_3,0.186,0.2119831
5261,model_3,0.062,0.11023986
5262,model_3,-0.0208,-0.07381089
5263,model_3,0.2101,0.2551581
5264,model_3,0.2054,0.18716662
5265,model_3,0.2591,0.17080732
5266,model_3,-0.1055,-0.13795882
5267,model_3,0.3345,0.3605232
5268,model_3,-0.1211,-0.058382314
5269,model_3,0.108,0.04459675
5270,model_3,0.1811,0.16063675
5271,model_3,0.0623,-0.10989267
5272,model_3,0.2292,0.32647562
5273,model_3,0.4991,0.554414
5274,model_3,-0.0437,-0.07710996
5275,model_3,0.1702,0.10316357
5276,model_3,0.0618,0.09615962
5277,model_3,-0.0174,0.03662709
5278,model_3,0.3816,0.37591958
5279,model_3,0.4849,0.5437417
5280,model_3,0.1649,0.15623671
5281,model_3,0.2951,0.29727995
5282,model_3,0.7788,0.64731354
5283,model_3,0.1948,0.21211334
5284,model_3,0.5949,0.44965988
5285,model_3,0.1477,0.29404867
5286,model_3,0.0767,0.052719433
5287,model_3,0.148,0.1917233
5288,model_3,0.4527,0.5533423
5289,model_3,0.145,0.27114552
5290,model_3,0.5468,0.48085257
5291,model_3,-0.1215,-0.108603776
5292,model_3,0.1514,0.15199402
5293,model_3,0.0015,0.06544256
5294,model_3,0.2853,0.26275554
5295,model_3,0.1283,0.13507383
5296,model_3,0.0971,0.1550216
5297,model_3,0.2893,0.3955459
5298,model_3,0.0128,0.16268535
5299,model_3,-0.0164,-0.02121443
5300,model_3,-0.0008,-0.013097916
5301,model_3,0.0161,0.069082975
5302,model_3,0.3446,0.32832283
5303,model_3,0.3514,0.21081866
5304,model_3,0.1152,0.0972752
5305,model_3,0.3169,0.3157844
5306,model_3,0.1738,0.1649454
5307,model_3,0.3424,0.34600702
5308,model_3,0.7908,0.83013123
5309,model_3,0.7925,0.7616575
5310,model_3,0.4727,0.43249753
5311,model_3,0.2617,0.29993963
5312,model_3,0.2404,0.23973863
5313,model_3,0.1501,0.16828296
5314,model_3,0.1248,0.10312308
5315,model_3,0.3621,0.34545773
5316,model_3,0.4909,0.5358548
5317,model_3,0.7419,0.6886829
5318,model_3,0.1008,0.09770928
5319,model_3,0.3442,0.435855
5320,model_3,0.0637,0.049991056
5321,model_3,0.514,0.5132056
5322,model_3,0.2619,0.25442666
5323,model_3,0.0658,0.11233306
5324,model_3,0.3037,0.31582657
5325,model_3,0.074,0.114213064
5326,model_3,0.1871,0.22600435
5327,model_3,0.2134,0.15108328
5328,model_3,0.5407,0.50547856
5329,model_3,0.4332,0.41121602
5330,model_3,0.1229,0.08005883
5331,model_3,0.2493,0.36060482
5332,model_3,0.234,0.22092074
5333,model_3,0.2104,0.17658779
5334,model_3,0.1519,0.14421743
5335,model_3,-0.0452,0.12809126
5336,model_3,0.3647,0.3396943
5337,model_3,0.2672,0.29874548
5338,model_3,0.1208,0.082348526
5339,model_3,0.0202,-0.03390611
5340,model_3,-0.131,-0.044983406
5341,model_3,-0.1225,-0.11521672
5342,model_3,0.5242,0.5632795
5343,model_3,-0.1262,-0.046093207
5344,model_3,0.272,0.19322164
5345,model_3,0.1245,0.14044477
5346,model_3,0.0872,0.07095647
5347,model_3,0.0483,0.16861786
5348,model_3,0.1939,0.19508155
5349,model_3,0.1929,0.22157495
5350,model_3,0.2222,0.20459308
5351,model_3,0.007,0.02242855
5352,model_3,0.9202,0.9108017
5353,model_3,0.5872,0.5653082
5354,model_3,0.6958,0.7046029
5355,model_3,0.2428,0.25955188
5356,model_3,0.0403,0.019527506
5357,model_3,0.0289,0.081340045
5358,model_3,0.2927,0.25400844
5359,model_3,0.3093,0.29925895
5360,model_3,0.1965,0.10809676
5361,model_3,0.0879,0.07080872
5362,model_3,0.2427,0.2348106
5363,model_3,0.025,0.07528591
5364,model_3,-0.0065,0.030225087
5365,model_3,0.1457,0.106190324
5366,model_3,0.1703,0.22570136
5367,model_3,0.8967,0.90175
5368,model_3,0.0136,-0.09730427
5369,model_3,0.2048,0.18803968
5370,model_3,0.3492,0.34070045
5371,model_3,0.5395,0.5808368
5372,model_3,0.6908,0.73396343
5373,model_3,0.1034,0.0975575
5374,model_3,0.4113,0.46084434
5375,model_3,-0.1202,-0.0011737049
5376,model_3,0.3691,0.256796
5377,model_3,0.59,0.6144813
5378,model_3,-0.0194,-0.05901559
5379,model_3,0.771,0.82286036
5380,model_3,0.3835,0.24631038
5381,model_3,0.0076,0.07486482
5382,model_3,0.1287,0.12372935
5383,model_3,0.2237,0.28282228
5384,model_3,-0.0237,0.048402812
5385,model_3,0.2143,0.17892261
5386,model_3,0.2354,0.23768088
5387,model_3,0.7498,0.766735
5388,model_3,0.1198,0.046940595
5389,model_3,0.3478,0.34360105
5390,model_3,0.1248,0.14576851
5391,model_3,0.2719,0.23606063
5392,model_3,0.1084,0.042385858
5393,model_3,-0.0069,-0.0065961815
5394,model_3,0.1264,0.17653136
5395,model_3,0.2027,0.22795163
5396,model_3,0.1449,0.29305208
5397,model_3,-0.0061,-0.07500322
5398,model_3,0.1818,0.21275654
5399,model_3,0.2253,0.25301817
5400,model_3,0.0039,0.0008726269
5401,model_3,0.9996,0.90965706
5402,model_3,-0.023,-0.009117806
5403,model_3,0.1997,0.10768168
5404,model_3,0.1243,0.12714171
5405,model_3,0.1921,0.17775694
5406,model_3,0.0066,0.05021221
5407,model_3,0.2046,0.28016615
5408,model_3,0.1105,0.0803573
5409,model_3,0.3123,0.35946888
5410,model_3,0.0193,0.007212624
5411,model_3,0.0075,0.034728214
5412,model_3,0.5058,0.50929767
5413,model_3,0.2169,0.22050853
5414,model_3,0.7022,0.69355494
5415,model_3,-0.1831,-0.03886566
5416,model_3,0.2124,0.18615843
5417,model_3,-0.0942,-0.11364557
5418,model_3,0.8283,0.79310644
5419,model_3,0.8757,0.88231415
5420,model_3,-0.1128,-0.12847647
5421,model_3,0.2324,0.10310657
5422,model_3,0.459,0.49713403
5423,model_3,0.2739,0.29166156
5424,model_3,0.1547,0.1927825
5425,model_3,0.2858,0.1728382
5426,model_3,0.1958,0.1194783
5427,model_3,0.3291,0.23120628
5428,model_3,0.6847,0.6167064
5429,model_3,0.2337,0.2467357
5430,model_3,0.109,0.16187614
5431,model_3,0.5931,0.5498277
5432,model_3,0.2046,0.1882627
5433,model_3,0.5625,0.52621764
5434,model_3,0.3109,0.3260767
5435,model_3,0.1674,0.17669128
5436,model_3,0.6159,0.6047455
5437,model_3,0.2298,0.40494335
5438,model_3,0.2206,0.18448375
5439,model_3,0.2208,0.19417183
5440,model_3,0.3857,0.29701245
5441,model_3,0.1792,0.15847845
5442,model_3,0.019,0.063646615
5443,model_3,0.1989,0.14042886
5444,model_3,0.2141,0.14151378
5445,model_3,0.376,0.36895272
5446,model_3,0.1498,0.1725073
5447,model_3,0.0335,0.11314958
5448,model_3,0.2547,0.2988478
5449,model_3,0.4235,0.3272537
5450,model_3,0.369,0.37399703
5451,model_3,0.2347,0.25360113
5452,model_3,0.5132,0.5778908
5453,model_3,0.6813,0.6815873
5454,model_3,0.2096,0.19674836
5455,model_3,0.1504,0.14928429
5456,model_3,0.1654,0.14709081
5457,model_3,0.2655,0.29090136
5458,model_3,-0.0196,-0.08888166
5459,model_3,0.1818,0.18304361
5460,model_3,0.2355,0.17466418
5461,model_3,0.1627,0.17467663
5462,model_3,0.1224,0.05146037
5463,model_3,0.3277,0.24571344
5464,model_3,0.0593,0.08338362
5465,model_3,0.0822,0.10515571
5466,model_3,0.5582,0.61535424
5467,model_3,0.2101,0.07249439
5468,model_3,0.1047,0.12975056
5469,model_3,0.4698,0.36250687
5470,model_3,0.2846,0.3114587
5471,model_3,0.2647,0.28048593
5472,model_3,-0.0009,-0.11247507
5473,model_3,0.1054,0.11982565
5474,model_3,0.0786,0.08667116
5475,model_3,0.3096,0.369924
5476,model_3,0.1641,0.16354278
5477,model_3,0.0942,0.07514654
5478,model_3,0.0136,0.0050645396
5479,model_3,0.0959,0.043123733
5480,model_3,0.8027,0.7879961
5481,model_3,0.2329,0.22278976
5482,model_3,0.3372,0.31002077
5483,model_3,0.0099,0.077043846
5484,model_3,0.6129,0.5161058
5485,model_3,0.0818,0.105499044
5486,model_3,0.0712,0.10999802
5487,model_3,0.3624,0.23414834
5488,model_3,0.1103,0.20596795
5489,model_3,0.2026,0.21591504
5490,model_3,0.4474,0.44960982
5491,model_3,0.1322,0.15562905
5492,model_3,0.3091,0.34870622
5493,model_3,0.0551,0.051418394
5494,model_3,0.1049,0.284077
5495,model_3,0.263,0.23527795
5496,model_3,0.421,0.42980024
5497,model_3,0.1589,0.12576929
5498,model_3,0.5941,0.5906405
5499,model_3,0.4142,0.40274304
5500,model_3,0.1854,0.20313652
5501,model_3,0.2463,0.2831353
5502,model_3,0.159,0.10570353
5503,model_3,0.5008,0.55174994
5504,model_3,0.5742,0.5926406
5505,model_3,0.3216,0.36375457
5506,model_3,0.3896,0.33234334
5507,model_3,0.2792,0.22203824
5508,model_3,0.0589,0.09536156
5509,model_3,0.16,0.15556557
5510,model_3,0.2734,0.2055934
5511,model_3,0.4223,0.251036
5512,model_3,0.067,0.07787943
5513,model_3,0.364,0.3324718
5514,model_3,0.3601,0.3058483
5515,model_3,0.0247,0.077587724
5516,model_3,0.3551,0.12138955
5517,model_3,0.3334,0.31821063
5518,model_3,0.5679,0.54123193
5519,model_3,0.4679,0.4567045
5520,model_3,0.1459,0.12596229
5521,model_3,0.1602,0.19370286
5522,model_3,-0.0661,-0.063961715
5523,model_3,-0.055,-0.055334244
5524,model_3,0.2047,0.18326756
5525,model_3,0.2421,0.18299656
5526,model_3,0.2256,0.20863615
5527,model_3,0.0069,-0.018086884
5528,model_3,0.7612,0.7153037
5529,model_3,0.7587,0.7500126
5530,model_3,0.8633,0.8278679
5531,model_3,0.0844,0.1269524
5532,model_3,0.8313,0.8439433
5533,model_3,0.2207,0.2036118
5534,model_3,0.1869,0.27401453
5535,model_3,0.2115,0.20049877
5536,model_3,0.0609,0.1599606
5537,model_3,0.192,0.5587679
5538,model_3,0.2797,0.30722076
5539,model_3,0.1371,0.14398354
5540,model_3,0.3043,0.2511594
5541,model_3,0.0394,-0.08194031
5542,model_3,0.1216,0.1160333
5543,model_3,0.1245,0.17126696
5544,model_3,0.5848,0.66721374
5545,model_3,0.2432,0.17493172
5546,model_3,0.0048,0.05700089
5547,model_3,0.0705,0.08481923
5548,model_3,-0.097,0.05419635
5549,model_3,0.074,0.093827516
5550,model_3,0.552,0.6086203
5551,model_3,0.1824,0.15999931
5552,model_3,0.7669,0.7455349
5553,model_3,0.1632,0.17044865
5554,model_3,0.2632,0.14415957
5555,model_3,0.232,0.30271605
5556,model_3,0.2834,0.29517898
5557,model_3,0.7602,0.8272134
5558,model_3,0.3011,0.2563652
5559,model_3,0.0026,-0.00345131
5560,model_3,0.0852,0.20864983
5561,model_3,0.0265,0.3135473
5562,model_3,0.4961,0.48955563
5563,model_3,0.0437,0.0148896165
5564,model_3,0.2586,0.28198758
5565,model_3,0.093,0.0581186
5566,model_3,0.2223,0.15963487
5567,model_3,0.1602,0.13995148
5568,model_3,0.221,0.20425901
5569,model_3,-0.1928,-0.10466908
5570,model_3,0.3604,0.27510092
5571,model_3,-0.0163,-0.04211233
5572,model_3,0.2293,0.24145225
5573,model_3,0.0085,0.01007014
5574,model_3,0.3513,0.13811557
5575,model_3,0.0943,0.0726174
5576,model_3,0.3155,0.2077147
5577,model_3,0.2512,0.27079213
5578,model_3,0.3566,0.30403864
5579,model_3,0.1238,0.1384506
5580,model_3,0.003,-0.0014553946
5581,model_3,0.242,0.23566334
5582,model_3,0.1499,0.20702757
5583,model_3,0.183,0.23222767
5584,model_3,0.3344,0.3200702
5585,model_3,-0.1987,-0.12612475
5586,model_3,0.2334,0.20149489
5587,model_3,0.081,0.034277454
5588,model_3,0.1888,0.19665219
5589,model_3,0.0923,0.06775634
5590,model_3,0.1871,0.1551391
5591,model_3,0.3479,0.27954233
5592,model_3,0.6415,0.6836408
5593,model_3,0.7986,0.744211
5594,model_3,0.591,0.5631812
5595,model_3,0.6373,0.6598695
5596,model_3,0.5626,0.52102023
5597,model_3,0.2475,0.2639346
5598,model_3,0.0807,0.1480629
5599,model_3,0.3149,0.23359656
5600,model_3,-0.004,-0.00075029023
5601,model_3,0.0315,0.0534403
5602,model_3,0.6897,0.56816953
5603,model_3,0.049,0.1497185
5604,model_3,0.1863,0.1979602
5605,model_3,0.2395,0.17840974
5606,model_3,0.3684,0.32990402
5607,model_3,0.1349,0.27622393
5608,model_3,0.7558,0.62719876
5609,model_3,-0.0093,0.023917653
5610,model_3,0.1424,0.14497273
5611,model_3,0.1914,0.15820503
5612,model_3,0.3664,0.35554433
5613,model_3,0.428,0.45624563
5614,model_3,0.3066,0.23811853
5615,model_3,0.2366,0.25741315
5616,model_3,0.0673,0.14289866
5617,model_3,0.1844,0.18412445
5618,model_3,0.3601,0.36473024
5619,model_3,0.7097,0.6447715
5620,model_3,0.1956,0.2887249
5621,model_3,0.0622,0.124199584
5622,model_3,0.1181,0.55031234
5623,model_3,0.0751,0.0258163
5624,model_3,0.0464,0.104529575
5625,model_3,0.2715,0.3323912
5626,model_3,0.1946,0.13596356
5627,model_3,-0.0171,-0.04450137
5628,model_3,0.4454,0.3257821
5629,model_3,0.1567,0.1890301
5630,model_3,0.3559,0.39782423
5631,model_3,0.1067,0.09441507
5632,model_3,0.3285,0.27786142
5633,model_3,0.0808,0.07332221
5634,model_3,-0.023,0.06781477
5635,model_3,0.4467,0.5332294
5636,model_3,-0.203,-0.15410416
5637,model_3,0.1753,0.14962919
5638,model_3,0.1239,0.10315649
5639,model_3,0.5363,0.42520782
5640,model_3,0.2086,0.21037519
5641,model_3,0.0631,0.06265173
5642,model_3,0.6107,0.4298184
5643,model_3,-0.0504,-0.06473152
5644,model_3,0.0492,0.09064223
5645,model_3,0.2865,0.38241437
5646,model_3,0.0804,0.12680632
5647,model_3,0.1995,0.24071144
5648,model_3,0.073,0.15219016
5649,model_3,0.2945,0.28903526
5650,model_3,0.8086,0.8207616
5651,model_3,0.2032,0.20298965
5652,model_3,0.1317,0.16045766
5653,model_3,0.381,0.38113594
5654,model_3,0.1685,0.27921695
5655,model_3,0.3109,0.35670277
5656,model_3,0.9031,0.82556266
5657,model_3,0.1289,0.13611671
5658,model_3,-0.1243,-0.13545175
5659,model_3,0.3541,0.3791121
5660,model_3,0.2779,0.33097878
5661,model_3,0.145,0.17050749
5662,model_3,0.2584,0.21883114
5663,model_3,0.4239,0.42599368
5664,model_3,0.1823,0.043765705
5665,model_3,0.2583,0.2368039
5666,model_3,0.2582,0.22271727
5667,model_3,-0.0728,-0.093009576
5668,model_3,0.7423,0.77220076
5669,model_3,0.0398,0.084513545
5670,model_3,0.232,0.2216772
5671,model_3,0.3535,0.38844344
5672,model_3,0.1567,0.29737628
5673,model_3,0.2001,0.23601188
5674,model_3,0.17,0.2481743
5675,model_3,0.1181,0.15135889
5676,model_3,0.2155,0.28395134
5677,model_3,0.0574,0.07516363
5678,model_3,0.2653,0.2504323
5679,model_3,0.169,0.23942386
5680,model_3,0.1139,0.15150523
5681,model_3,0.4252,0.43303943
5682,model_3,-0.072,-0.032803234
5683,model_3,0.4998,0.3947285
5684,model_3,0.1014,0.112453446
5685,model_3,0.6795,0.6670415
5686,model_3,0.6253,0.57720953
5687,model_3,0.4304,0.39553946
5688,model_3,0.2564,0.26067775
5689,model_3,0.2246,0.22827229
5690,model_3,0.5075,0.52245617
5691,model_3,0.3139,0.29114708
5692,model_3,0.6472,0.6352145
5693,model_3,0.0131,-0.05486426
5694,model_3,0.1693,0.09276837
5695,model_3,0.1423,0.09880926
5696,model_3,0.191,0.12782729
5697,model_3,0.2701,0.16241758
5698,model_3,0.0245,0.015893113
5699,model_3,0.8263,0.87671274
5700,model_3,0.1162,0.06240112
5701,model_3,0.2257,0.10262811
5702,model_3,0.3653,0.41704845
5703,model_3,0.1407,0.104804635
5704,model_3,0.3483,0.23265731
5705,model_3,-0.0772,-0.06893739
5706,model_3,0.3423,0.28680044
5707,model_3,0.4509,0.41175333
5708,model_3,0.0021,0.075580895
5709,model_3,-0.0953,-0.07787673
5710,model_3,0.047,0.11857955
5711,model_3,0.1074,0.09629299
5712,model_3,0.0169,0.0073671043
5713,model_3,0.1411,0.24273965
5714,model_3,0.0268,0.07517786
5715,model_3,0.154,0.040492974
5716,model_3,0.0007,0.033223324
5717,model_3,0.0192,0.0800762
5718,model_3,0.2277,0.21980967
5719,model_3,0.0527,0.040948637
5720,model_3,0.7536,0.5783907
5721,model_3,0.1427,-0.037376616
5722,model_3,0.0372,0.088648036
5723,model_3,0.083,0.042953588
5724,model_3,0.692,0.69433635
5725,model_3,0.1578,0.1579991
5726,model_3,0.1449,0.036009595
5727,model_3,-0.0913,-0.011309009
5728,model_3,0.1377,0.23395199
5729,model_3,-0.0243,0.0017267577
5730,model_3,0.1316,0.15379886
5731,model_3,0.071,0.05894709
5732,model_3,0.0416,0.00899841
5733,model_3,-0.0078,0.10762979
5734,model_3,0.0587,0.05143601
5735,model_3,-0.1209,0.0060743615
5736,model_3,0.2791,0.34762153
5737,model_3,0.0006,-0.02888443
5738,model_3,-0.0347,0.06619844
5739,model_3,-0.1586,-0.14905024
5740,model_3,0.6421,0.5740053
5741,model_3,0.4223,0.42329583
5742,model_3,-0.0554,0.10741581
5743,model_3,-0.1465,-0.005025968
5744,model_3,0.4164,0.44341832
5745,model_3,0.9822,0.8319422
5746,model_3,0.1536,0.20395716
5747,model_3,0.1521,0.042794593
5748,model_3,0.0296,0.026784766
5749,model_3,0.481,0.5532728
5750,model_3,0.1582,0.144101
5751,model_3,0.2649,0.23425679
5752,model_3,0.4143,0.36584318
5753,model_3,0.7998,0.7955772
5754,model_3,0.3293,0.31719413
5755,model_3,0.011,0.059600387
5756,model_3,0.2204,0.18822803
5757,model_3,0.1795,0.1975983
5758,model_3,0.2417,0.28573877
5759,model_3,0.763,0.65953547
5760,model_3,0.0937,0.1248834
5761,model_3,0.5563,0.55632406
5762,model_3,0.5296,0.4771942
5763,model_3,0.7078,0.68205166
5764,model_3,0.4602,0.38159025
5765,model_3,0.1286,0.1335324
5766,model_3,0.0062,-0.029719714
5767,model_3,0.4801,0.4843672
5768,model_3,0.191,0.15579282
5769,model_3,0.1877,0.14580394
5770,model_3,0.1538,0.30715406
5771,model_3,0.413,0.45848638
5772,model_3,0.2631,0.26844302
5773,model_3,0.7893,0.69135875
5774,model_3,0.5589,0.52596295
5775,model_3,0.4408,0.4486482
5776,model_3,0.1751,0.15164076
5777,model_3,0.338,0.31452733
5778,model_3,0.0389,0.0065807467
5779,model_3,-0.0409,-0.079441994
5780,model_3,0.8845,0.9323137
5781,model_3,0.507,0.50326085
5782,model_3,0.5069,0.3719049
5783,model_3,0.159,0.29161257
5784,model_3,0.3403,0.2519327
5785,model_3,0.1347,0.1596891
5786,model_3,-0.0917,-0.07161389
5787,model_3,0.3132,0.33980134
5788,model_3,0.1563,0.23210222
5789,model_3,0.1634,0.12329082
5790,model_3,0.0283,0.085828006
5791,model_3,0.4156,0.33159313
5792,model_3,0.2776,0.29507852
5793,model_3,0.285,0.28986847
5794,model_3,0.0277,0.29108524
5795,model_3,0.2433,0.22133203
5796,model_3,0.0146,0.055409506
5797,model_3,0.1401,0.1895911
5798,model_3,0.2873,0.32516044
5799,model_3,0.2748,0.18496303
5800,model_3,0.6025,0.53939867
5801,model_3,0.4643,0.40796646
5802,model_3,-0.2157,-0.08760652
5803,model_3,0.1203,0.12707908
5804,model_3,0.0828,0.117385104
5805,model_3,0.4831,0.41257814
5806,model_3,0.2895,0.27841002
5807,model_3,-0.0352,-0.030340385
5808,model_3,0.2205,0.18411346
5809,model_3,0.0719,0.1300246
5810,model_3,0.1049,0.14942856
5811,model_3,0.1905,0.1323242
5812,model_3,0.1619,0.14932886
5813,model_3,0.3369,0.3713165
5814,model_3,0.0956,0.10670741
5815,model_3,0.2671,0.1695959
5816,model_3,0.4321,0.29860717
5817,model_3,0.968,0.98495215
5818,model_3,0.2189,0.22747679
5819,model_3,0.4722,0.53103226
5820,model_3,0.104,0.14258875
5821,model_3,0.119,0.15094121
5822,model_3,0.0959,0.09322482
5823,model_3,0.1303,0.11203708
5824,model_3,0.3844,0.36484736
5825,model_3,0.0468,0.06179318
5826,model_3,0.0681,0.0114785135
5827,model_3,0.1287,0.16978525
5828,model_3,-0.0123,0.01829613
5829,model_3,0.0708,0.10592686
5830,model_3,0.2627,0.21062763
5831,model_3,0.7374,0.6478353
5832,model_3,0.1087,0.17797634
5833,model_3,0.5968,0.54029423
5834,model_3,0.0077,0.0017891861
5835,model_3,0.3318,0.31204098
5836,model_3,1.0182,1.0061316
5837,model_3,0.3165,0.26552874
5838,model_3,0.3294,0.4050157
5839,model_3,0.2514,0.24345358
5840,model_3,0.1323,0.20359045
5841,model_3,0.716,0.66823417
5842,model_3,0.1813,0.20425464
5843,model_3,-0.1411,-0.13048582
5844,model_3,0.3845,0.28261638
5845,model_3,0.2491,0.2985593
5846,model_3,0.3569,0.45043635
5847,model_3,0.263,0.24411148
5848,model_3,0.2614,0.26802352
5849,model_3,0.0157,0.03194844
5850,model_3,-0.0157,0.007124394
5851,model_3,0.2534,0.24505953
5852,model_3,0.1752,0.15327369
5853,model_3,0.3473,0.38213482
5854,model_3,0.2273,0.21246047
5855,model_3,0.1363,0.1463996
5856,model_3,0.2728,0.3231194
5857,model_3,0.0689,0.12571913
5858,model_3,0.1177,0.1591026
5859,model_3,0.2348,0.17589033
5860,model_3,0.1175,0.090709254
5861,model_3,0.3843,0.41659802
5862,model_3,-0.0015,0.05843469
5863,model_3,0.6192,0.6119805
5864,model_3,0.4464,0.4276935
5865,model_3,0.0115,0.05296339
5866,model_3,0.1149,0.1597059
5867,model_3,0.1727,0.090243906
5868,model_3,0.762,0.74522054
5869,model_3,0.0519,0.0671006
5870,model_3,-0.0504,0.02588568
5871,model_3,0.5145,0.5043052
5872,model_3,0.2275,0.0966367
5873,model_3,0.3701,0.35796294
5874,model_3,0.8236,0.78026956
5875,model_3,0.105,0.17004372
5876,model_3,0.2646,0.21053262
5877,model_3,0.511,0.58759165
5878,model_3,0.7372,0.69594973
5879,model_3,0.6179,0.59099
5880,model_3,0.2927,0.33105037
5881,model_3,0.0958,0.2753546
5882,model_3,0.2262,0.20240651
5883,model_3,0.1204,0.054034404
5884,model_3,0.444,0.40461236
5885,model_3,0.1689,0.15873893
5886,model_3,0.1055,0.20807596
5887,model_3,0.0738,0.14247963
5888,model_3,0.3141,0.3048593
5889,model_3,0.4324,0.39400184
5890,model_3,0.4149,0.3829518
5891,model_3,0.1827,0.10621594
5892,model_3,0.177,0.20817854
5893,model_3,0.4184,0.4074707
5894,model_3,0.4611,0.46055764
5895,model_3,0.1411,0.11303489
5896,model_3,0.1326,0.15684034
5897,model_3,0.0674,0.09138906
5898,model_3,-0.1918,-0.10765676
5899,model_3,0.0889,0.088704735
5900,model_3,0.2759,0.35482287
5901,model_3,0.2229,0.1433679
5902,model_3,0.0286,0.1647339
5903,model_3,0.234,0.25691575
5904,model_3,0.4041,0.26579905
5905,model_3,0.55,0.48523575
5906,model_3,0.4234,0.44784608
5907,model_3,0.7192,0.6817659
5908,model_3,0.1053,0.07831456
5909,model_3,0.5756,0.45999134
5910,model_3,0.6088,0.66899383
5911,model_3,0.0527,0.00620687
5912,model_3,0.0983,0.11689784
5913,model_3,0.2077,0.19432278
5914,model_3,0.4189,0.40108716
5915,model_3,0.3759,0.41967615
5916,model_3,0.0413,0.07274638
5917,model_3,0.444,0.4954986
5918,model_3,0.3499,0.37005344
5919,model_3,0.0417,0.079116
5920,model_3,0.2727,0.20687856
5921,model_3,0.2218,0.124607444
5922,model_3,0.4209,0.25857258
5923,model_3,0.4697,0.50721884
5924,model_3,0.2169,0.18407473
5925,model_3,0.194,0.21743466
5926,model_3,0.1483,0.13893865
5927,model_3,0.0315,0.104096845
5928,model_3,0.2095,0.21539049
5929,model_3,0.1968,0.2118394
5930,model_3,0.1501,0.16968676
5931,model_3,0.0064,-0.08512546
5932,model_3,0.1139,0.08271325
5933,model_3,0.3997,0.43286458
5934,model_3,0.0137,0.10623862
5935,model_3,0.5632,0.20539978
5936,model_3,0.364,0.3858371
5937,model_3,0.1252,0.105192855
5938,model_3,0.8815,0.8932746
5939,model_3,-0.1031,-0.10032107
5940,model_3,0.6519,0.6046976
5941,model_3,-0.1633,-0.13816665
5942,model_3,0.1594,0.17608817
5943,model_3,0.1353,0.15983094
5944,model_3,0.0928,0.01538695
5945,model_3,0.2394,0.20848642
5946,model_3,-0.1511,-0.10590291
5947,model_3,0.1249,0.15038091
5948,model_3,0.1967,0.21098574
5949,model_3,0.244,0.22620915
5950,model_3,0.2271,0.17177527
5951,model_3,0.0979,0.1526994
5952,model_3,0.5082,0.49488747
5953,model_3,0.0196,0.009886056
5954,model_3,0.2708,0.36091942
5955,model_3,-0.0592,-0.017846499
5956,model_3,0.1764,0.18391255
5957,model_3,0.712,0.6363926
5958,model_3,0.161,0.256578
5959,model_3,0.2217,0.13818912
5960,model_3,0.0747,0.08693437
5961,model_3,0.2956,0.25757247
5962,model_3,-0.1472,-0.0682088
5963,model_3,0.0653,0.014765101
5964,model_3,0.4054,0.39170748
5965,model_3,0.2278,0.2284717
5966,model_3,0.0893,0.2410871
5967,model_3,0.1983,0.16720594
5968,model_3,0.1475,0.16049369
5969,model_3,0.6911,0.72251743
5970,model_3,0.2204,0.2519338
5971,model_3,0.1781,0.21759668
5972,model_3,0.0152,0.02912418
5973,model_3,0.3516,0.30466744
5974,model_3,0.3131,0.2440242
5975,model_3,0.2978,0.3400187
5976,model_3,0.5104,0.5045045
5977,model_3,0.2419,0.22157003
5978,model_3,0.1082,0.13335735
5979,model_3,0.3764,0.38676587
5980,model_3,0.2529,0.2619719
5981,model_3,0.1246,0.1539941
5982,model_3,0.1304,0.04609507
5983,model_3,-0.0045,0.001485277
5984,model_3,0.3164,0.28323126
5985,model_3,0.1435,0.16521828
5986,model_3,0.0229,0.034673475
5987,model_3,0.0309,0.0068619493
5988,model_3,0.0621,0.16400975
5989,model_3,0.0784,0.10682295
5990,model_3,0.5824,0.6184815
5991,model_3,-0.1898,-0.12044059
5992,model_3,0.06,0.0632053
5993,model_3,0.0708,0.03484024
5994,model_3,0.0177,0.07153942
5995,model_3,0.0279,0.123993725
5996,model_3,0.1094,0.08488628
5997,model_3,0.1045,0.049350664
5998,model_3,0.0055,0.06483182
5999,model_3,0.6646,0.62088937
6000,model_3,0.0512,-0.0062614884
6001,model_3,0.3833,0.41678914
6002,model_3,0.5024,0.4840938
6003,model_3,0.126,0.15442243
6004,model_3,0.0858,0.10545182
6005,model_3,0.7167,0.604443
6006,model_3,0.1458,0.14796479
6007,model_3,0.8372,0.8646254
6008,model_3,0.1658,0.009040908
6009,model_3,0.2899,0.2611891
6010,model_3,0.0753,0.07861501
6011,model_3,0.1578,0.08152786
6012,model_3,0.1004,0.10250774
6013,model_3,0.0181,0.012913007
6014,model_3,0.0246,0.03538926
6015,model_3,0.2726,0.23510633
6016,model_3,0.336,0.42158592
6017,model_3,0.2463,0.24821778
6018,model_3,-0.0199,0.02495936
6019,model_3,0.1932,0.19438739
6020,model_3,0.3848,0.40021175
6021,model_3,0.3624,0.45979428
6022,model_3,0.224,0.2408735
6023,model_3,-0.0369,-0.03076252
6024,model_3,0.2776,0.31113023
6025,model_3,0.1372,0.13862245
6026,model_3,0.2901,0.30804795
6027,model_3,0.3244,0.2812004
6028,model_3,0.6171,0.67721504
6029,model_3,0.3473,0.3935449
6030,model_3,0.1021,0.032467917
6031,model_3,0.2893,0.19877593
6032,model_3,0.6872,0.66042453
6033,model_3,0.1537,0.14303929
6034,model_3,0.1725,0.23065169
6035,model_3,0.6856,0.72327524
6036,model_3,0.0473,0.05634027
6037,model_3,0.3468,0.378659
6038,model_3,0.1598,0.15300821
6039,model_3,0.2828,0.11995347
6040,model_3,0.2706,0.1758251
6041,model_3,0.2465,0.17993195
6042,model_3,0.363,0.34337455
6043,model_3,0.0102,0.088142246
6044,model_3,0.1531,0.121533886
6045,model_3,0.0672,0.12348378
6046,model_3,0.4204,0.23766719
6047,model_3,0.4323,0.33951193
6048,model_3,0.0455,0.018269628
6049,model_3,0.2536,0.3174686
6050,model_3,0.2168,0.17091897
6051,model_3,0.1225,0.09102894
6052,model_3,0.2041,0.15395324
6053,model_3,0.4143,0.45801854
6054,model_3,0.133,0.08148885
6055,model_3,0.7504,0.738049
6056,model_3,0.0793,0.04978744
6057,model_3,0.7187,0.68880135
6058,model_3,-0.0888,-0.1265908
6059,model_3,-0.0724,-0.101326585
6060,model_3,0.1755,0.12697582
6061,model_3,0.1294,0.1779825
6062,model_3,0.0995,0.09360692
6063,model_3,0.427,0.47770348
6064,model_3,0.6007,0.49694246
6065,model_3,-0.0566,-0.028826073
6066,model_3,0.1829,0.1499911
6067,model_3,0.0908,0.054860007
6068,model_3,0.0227,-0.015146034
6069,model_3,0.1461,0.055164058
6070,model_3,0.4368,0.38210523
6071,model_3,0.4394,0.3569145
6072,model_3,0.1819,0.20105033
6073,model_3,0.4523,0.3842042
6074,model_3,0.2127,0.33651254
6075,model_3,0.2036,0.0892663
6076,model_3,0.1276,0.14253822
6077,model_3,0.1621,0.19441248
6078,model_3,0.1851,0.18391101
6079,model_3,0.0788,0.12402195
6080,model_3,0.5982,0.62157696
6081,model_3,-0.054,-0.03481825
6082,model_3,0.4461,0.41358662
6083,model_3,0.2989,0.23628664
6084,model_3,0.0467,0.09193814
6085,model_3,0.074,0.12920763
6086,model_3,0.1703,0.1396297
6087,model_3,-0.1722,-0.111002654
6088,model_3,-0.185,-0.06275992
6089,model_3,0.0057,-0.0063324943
6090,model_3,0.4083,0.45741403
6091,model_3,0.0645,0.17019759
6092,model_3,-0.0974,0.012834907
6093,model_3,0.4317,0.35982302
6094,model_3,-0.0463,-0.06968722
6095,model_3,0.6555,0.55133075
6096,model_3,0.3019,0.53472877
6097,model_3,0.0058,0.03845357
6098,model_3,0.2217,0.2807299
6099,model_3,0.7551,0.7476792
6100,model_3,0.2415,0.28287974
6101,model_3,0.0656,0.07204564
6102,model_3,0.4595,0.50886124
6103,model_3,0.8544,0.8906892
6104,model_3,0.3717,0.33634466
6105,model_3,0.6272,0.5777778
6106,model_3,0.3022,0.28626543
6107,model_3,0.3778,0.32310563
6108,model_3,0.0287,-0.02616556
6109,model_3,0.3884,0.38373578
6110,model_3,-0.0232,-0.022173896
6111,model_3,0.3837,0.4198749
6112,model_3,0.2799,0.292067
6113,model_3,-0.0871,-0.0726783
6114,model_3,0.057,0.08175555
6115,model_3,0.8139,0.7403503
6116,model_3,0.4231,0.25536633
6117,model_3,0.579,0.53378737
6118,model_3,0.1442,0.1207435
6119,model_3,-0.0193,0.027150577
6120,model_3,0.3733,0.33708954
6121,model_3,0.07,0.17603396
6122,model_3,0.2267,0.22653711
6123,model_3,0.0168,0.06826638
6124,model_3,0.2955,0.37535772
6125,model_3,0.2859,0.26614812
6126,model_3,0.361,0.2731269
6127,model_3,-0.026,0.093468875
6128,model_3,0.2305,0.27384385
6129,model_3,0.3306,0.35289142
6130,model_3,0.5237,0.5680738
6131,model_3,0.1627,0.23964794
6132,model_3,0.1755,0.12621506
6133,model_3,0.3975,0.38258332
6134,model_3,0.5249,0.5904619
6135,model_3,0.2497,0.097977415
6136,model_3,0.4996,0.4842624
6137,model_3,0.1157,0.11441995
6138,model_3,0.4703,0.5294527
6139,model_3,0.239,0.25482666
6140,model_3,-0.112,-0.104447454
6141,model_3,0.5592,0.4676395
6142,model_3,-0.093,-0.08938497
6143,model_3,0.0394,0.03366469
6144,model_3,0.5545,0.6128445
6145,model_3,0.172,0.07624984
6146,model_3,0.0646,0.15282343
6147,model_3,0.2157,0.20572314
6148,model_3,-0.0403,-0.003415484
6149,model_3,0.2253,0.27970052
6150,model_3,-0.0892,-0.07687448
6151,model_3,0.605,0.58264786
6152,model_3,0.1725,0.16857196
6153,model_3,0.2313,0.20930861
6154,model_3,0.4575,0.5170898
6155,model_3,0.4148,0.19482301
6156,model_3,0.7204,0.715698
6157,model_3,0.9066,0.8711971
6158,model_3,0.02,0.013114637
6159,model_3,1.19,1.1028233
6160,model_3,0.2233,0.20083739
6161,model_3,0.0991,0.08920929
6162,model_3,0.563,0.43587863
6163,model_3,0.2097,0.14773698
6164,model_3,0.0878,0.1211319
6165,model_3,0.1536,0.057351563
6166,model_3,0.722,0.70040464
6167,model_3,-0.018,0.004804844
6168,model_3,-0.0696,-0.022035565
6169,model_3,-0.11,-0.029920436
6170,model_3,0.0869,0.015610423
6171,model_3,0.0163,-0.018513374
6172,model_3,0.195,0.20539236
6173,model_3,0.5799,0.6405893
6174,model_3,0.3821,0.38978907
6175,model_3,0.4484,0.3678304
6176,model_3,0.1293,0.10388872
6177,model_3,0.0924,0.03463705
6178,model_3,0.1134,0.20681037
6179,model_3,0.1729,0.18222739
6180,model_3,0.7514,0.8002129
6181,model_3,0.2276,0.20053066
6182,model_3,-0.0965,0.1196343
6183,model_3,0.2775,0.2421927
6184,model_3,-0.0962,-0.04831792
6185,model_3,0.6814,0.7653511
6186,model_3,0.9367,0.9121346
6187,model_3,0.587,0.5930206
6188,model_3,0.6261,0.5753535
6189,model_3,0.8384,0.8155673
6190,model_3,-0.0616,0.0077638403
6191,model_3,0.2096,0.17583184
6192,model_3,0.1658,0.16082902
6193,model_3,0.3386,0.35445923
6194,model_3,0.2073,0.26161537
6195,model_3,0.2365,0.26226902
6196,model_3,0.4759,0.4441286
6197,model_3,0.3594,0.33920372
6198,model_3,-0.0126,0.08742094
6199,model_3,0.4295,0.22540651
6200,model_3,0.1794,0.23051584
6201,model_3,0.3426,0.3107713
6202,model_3,0.1062,0.14677794
6203,model_3,0.2959,0.123177856
6204,model_3,0.0748,0.15331241
6205,model_3,0.0739,0.07237168
6206,model_3,0.817,0.86475104
6207,model_3,0.0618,0.077357516
6208,model_3,0.1994,0.17716368
6209,model_3,0.2399,0.2398459
6210,model_3,-0.1687,-0.15952067
6211,model_3,0.3406,0.27041215
6212,model_3,0.0426,-0.04446764
6213,model_3,0.487,0.4899087
6214,model_3,0.3844,0.38249177
6215,model_3,-0.1033,-0.101592615
6216,model_3,0.1726,0.1207795
6217,model_3,-0.2251,-0.07708725
6218,model_3,-0.1563,-0.16208093
6219,model_3,-0.017,0.03533209
6220,model_3,0.1351,0.13975933
6221,model_3,0.0298,0.12144634
6222,model_3,0.4114,0.30522764
6223,model_3,0.2823,0.27242333
6224,model_3,0.3214,0.34443533
6225,model_3,0.3173,0.31955874
6226,model_3,0.6335,0.6154351
6227,model_3,0.4386,0.33105707
6228,model_3,0.7033,0.73322386
6229,model_3,0.0961,0.102401644
6230,model_3,0.2092,0.12308498
6231,model_3,0.1515,0.17792653
6232,model_3,0.3138,0.2885328
6233,model_3,0.019,0.03869106
6234,model_3,0.0454,0.06456803
6235,model_3,0.032,0.0260991
6236,model_3,0.5434,0.443456
6237,model_3,0.2446,0.2723414
6238,model_3,0.2105,0.1415766
6239,model_3,0.2033,0.20867366
6240,model_3,0.1468,0.07384206
6241,model_3,0.0986,0.09654814
6242,model_3,0.1279,0.17906348
6243,model_3,0.0499,0.022918306
6244,model_3,0.3669,0.31227726
6245,model_3,-0.015,0.017874304
6246,model_3,-0.0886,-0.040376443
6247,model_3,0.0577,0.08655271
6248,model_3,0.1608,0.3023127
6249,model_3,0.1703,0.22894591
6250,model_3,0.3218,0.39301282
6251,model_3,-0.0403,-0.031151012
6252,model_3,0.2946,0.2961524
6253,model_3,0.4484,0.40941367
6254,model_3,0.9149,0.8677731
6255,model_3,0.1495,0.14384131
6256,model_3,0.2393,0.33299643
6257,model_3,0.2756,0.2609136
6258,model_3,0.0972,0.100596085
6259,model_3,0.2435,0.1808403
6260,model_3,0.3776,0.3177395
6261,model_3,0.3487,0.2234232
6262,model_3,0.0518,-0.058391016
6263,model_3,0.1802,0.21007042
6264,model_3,-0.0121,0.0041329972
6265,model_3,0.6174,0.56730306
6266,model_3,0.3866,0.42036992
6267,model_3,0.2892,0.22497404
6268,model_3,0.1315,0.15498744
6269,model_3,0.1742,0.2146159
6270,model_3,0.1037,0.099343896
6271,model_3,0.1609,0.16007774
6272,model_3,-0.0852,-0.020689383
6273,model_3,0.0135,0.021044014
6274,model_3,-0.0106,-0.026240706
6275,model_3,0.4296,0.2427818
6276,model_3,0.089,0.23978895
6277,model_3,0.113,0.12031044
6278,model_3,0.1457,0.29033658
6279,model_3,-0.1112,-0.021933917
6280,model_3,0.4272,0.4464515
6281,model_3,0.0777,0.22051191
6282,model_3,0.4754,0.4647769
6283,model_3,0.0916,0.08926861
6284,model_3,0.0824,0.19466926
6285,model_3,0.1173,0.04754428
6286,model_3,0.2356,0.27845126
6287,model_3,0.0041,0.061479602
6288,model_3,0.4338,0.39890715
6289,model_3,-0.0558,-0.061717544
6290,model_3,0.1597,0.10368724
6291,model_3,0.4863,0.43446136
6292,model_3,0.81,0.71942276
6293,model_3,0.0105,0.02325872
6294,model_3,0.7994,0.8135871
6295,model_3,0.0764,0.059127487
6296,model_3,0.3749,0.42036247
6297,model_3,0.126,0.19803636
6298,model_3,0.7243,0.7238532
6299,model_3,0.2803,0.2856191
6300,model_3,0.2326,0.22685705
6301,model_3,0.2476,0.2121353
6302,model_3,0.048,0.04490829
6303,model_3,-0.0579,-0.06986146
6304,model_3,0.2671,0.23435238
6305,model_3,0.2702,0.23246892
6306,model_3,0.0745,0.14000934
6307,model_3,-0.044,-0.11007734
6308,model_3,0.4013,0.21222961
6309,model_3,0.1741,0.120607704
6310,model_3,0.28,0.25666928
6311,model_3,0.3123,0.3063775
6312,model_3,0.2244,0.22146907
6313,model_3,-0.0724,-0.029467903
6314,model_3,-0.1737,-0.07302889
6315,model_3,0.3393,0.36477494
6316,model_3,0.1571,0.14848755
6317,model_3,0.1801,0.23859747
6318,model_3,0.5595,0.6485527
6319,model_3,0.2539,0.22395013
6320,model_3,0.1424,0.12576596
6321,model_3,0.5416,0.4981282
6322,model_3,0.6322,0.6989282
6323,model_3,0.9013,0.89512855
6324,model_3,0.2388,0.21464707
6325,model_3,0.0292,-0.0395478
6326,model_3,0.2263,0.30909222
6327,model_3,-0.0301,-0.014448468
6328,model_3,-0.0393,0.111135975
6329,model_3,0.3149,0.26366478
6330,model_3,0.1496,0.15590295
6331,model_3,0.8375,0.8165682
6332,model_3,0.3452,0.26596123
6333,model_3,0.0905,0.04702732
6334,model_3,0.279,0.2768358
6335,model_3,0.7465,0.78071696
6336,model_3,0.4102,0.37911764
6337,model_3,0.179,0.12349068
6338,model_3,0.342,0.3080812
6339,model_3,0.1498,0.23083153
6340,model_3,0.0013,0.03995099
6341,model_3,0.1573,0.21043365
6342,model_3,-0.0692,-0.0591701
6343,model_3,0.0915,0.15135042
6344,model_3,-0.1217,-0.03295456
6345,model_3,0.006,-0.02121647
6346,model_3,0.1602,0.18090554
6347,model_3,0.4953,0.48062986
6348,model_3,0.1028,0.062787846
6349,model_3,0.4005,0.40971515
6350,model_3,0.0468,0.069257185
6351,model_3,0.1325,0.11389893
6352,model_3,0.3984,0.40572935
6353,model_3,0.4429,0.3816859
6354,model_3,0.282,0.29867667
6355,model_3,-0.0364,0.1051344
6356,model_3,0.3952,0.40399122
6357,model_3,0.1896,0.18285182
6358,model_3,0.1409,0.100658685
6359,model_3,0.1024,0.18785743
6360,model_3,0.3351,0.3943794
6361,model_3,0.2263,0.22151914
6362,model_3,0.0505,-0.0078018103
6363,model_3,0.095,0.10504012
6364,model_3,0.1807,0.19833317
6365,model_3,0.4296,0.39016297
6366,model_3,0.1463,0.1462773
6367,model_3,0.5338,0.5314537
6368,model_3,0.2108,0.23211545
6369,model_3,0.4613,0.51063895
6370,model_3,0.3876,0.24025568
6371,model_3,0.0306,0.1311462
6372,model_3,0.5567,0.606504
6373,model_3,0.3687,0.3294221
6374,model_3,0.1993,0.2745574
6375,model_3,0.8394,0.7159353
6376,model_3,0.1974,0.17819938
6377,model_3,0.0667,0.0882293
6378,model_3,0.4488,0.41020107
6379,model_3,0.4274,0.40522563
6380,model_3,0.2094,0.27906603
6381,model_3,0.1514,0.21601786
6382,model_3,0.3395,0.32942492
6383,model_3,-0.2121,-0.13457777
6384,model_3,0.4152,0.36798874
6385,model_3,0.2232,0.28742516
6386,model_3,0.2168,0.17024921
6387,model_3,0.3048,0.32335225
6388,model_3,0.2816,0.25739926
6389,model_3,0.2313,0.2727602
6390,model_3,0.2101,0.26520655
6391,model_3,0.2225,0.21865593
6392,model_3,0.1334,0.15905724
6393,model_3,0.4307,0.45596355
6394,model_3,0.663,0.6605652
6395,model_3,0.2275,0.2115862
6396,model_3,-0.0826,0.0050163865
6397,model_3,0.1978,0.17031518
6398,model_3,-0.0077,0.02272987
6399,model_3,0.103,0.18459767
6400,model_3,0.3007,0.2034862
6401,model_3,0.372,0.40618736
6402,model_3,0.512,0.48017704
6403,model_3,0.2462,0.23907085
6404,model_3,-0.0971,0.034819394
6405,model_3,0.3651,0.3289698
6406,model_3,0.0519,0.027012397
6407,model_3,0.1303,0.11477636
6408,model_3,0.3447,0.37523103
6409,model_3,0.4096,0.36992353
6410,model_3,0.3269,0.3257075
6411,model_3,0.656,0.59565204
6412,model_3,0.2137,0.13765027
6413,model_3,0.4386,0.43830293
6414,model_3,0.4577,0.49797872
6415,model_3,0.1256,0.1479095
6416,model_3,0.1109,0.0657863
6417,model_3,0.0655,0.027016053
6418,model_3,0.367,0.3950408
6419,model_3,0.0729,0.021024346
6420,model_3,-0.012,-0.0033251168
6421,model_3,0.2063,0.17675333
6422,model_3,0.2196,0.2345017
6423,model_3,0.202,0.19406955
6424,model_3,-0.1732,-0.15053596
6425,model_3,0.4411,0.4307667
6426,model_3,0.1692,0.08008148
6427,model_3,0.3644,0.41344023
6428,model_3,0.1212,0.15580687
6429,model_3,0.42,0.42464215
6430,model_3,0.0774,0.14951609
6431,model_3,0.2859,0.24177383
6432,model_3,-0.003,-0.06889458
6433,model_3,0.3905,0.4471606
6434,model_3,-0.1157,-0.053642582
6435,model_3,0.2236,0.14826386
6436,model_3,0.0544,0.05670372
6437,model_3,0.127,0.074167326
6438,model_3,0.388,0.37794098
6439,model_3,0.6839,0.6988508
6440,model_3,0.408,0.39751035
6441,model_3,0.2601,0.31191945
6442,model_3,0.8404,0.78907055
6443,model_3,0.2563,0.15610336
6444,model_3,0.0424,0.027803548
6445,model_3,-0.0446,-0.034645613
6446,model_3,0.1528,0.11489314
6447,model_3,0.0167,0.049952153
6448,model_3,0.06,0.029169021
6449,model_3,0.1122,0.102351174
6450,model_3,0.3215,0.27276266
6451,model_3,0.1539,0.1681693
6452,model_3,0.2696,0.2413606
6453,model_3,-0.1477,-0.027560163
6454,model_3,-0.2229,-0.07256091
6455,model_3,0.2328,0.2552402
6456,model_3,0.4605,0.33713105
6457,model_3,0.1324,0.18572922
6458,model_3,0.0226,0.012826152
6459,model_3,0.4132,0.37201256
6460,model_3,0.4318,0.22478528
6461,model_3,0.0504,0.10543609
6462,model_3,0.3072,0.14813268
6463,model_3,0.2909,0.30063355
6464,model_3,-0.1657,-0.14433372
6465,model_3,0.297,0.26679975
6466,model_3,-0.0024,-0.010886759
6467,model_3,0.4383,0.312926
6468,model_3,0.2722,0.1234671
6469,model_3,0.2476,0.22180545
6470,model_3,0.0755,0.099501476
6471,model_3,0.0671,0.06371555
6472,model_3,0.1315,0.14868076
6473,model_3,0.6204,0.1521172
6474,model_3,0.0764,0.0865625
6475,model_3,0.2023,0.21483655
6476,model_3,0.068,-0.009451751
6477,model_3,0.1277,0.15059517
6478,model_3,0.0902,0.0605836
6479,model_3,0.0133,0.07558419
6480,model_3,0.1731,0.19499068
6481,model_3,0.0095,0.040083744
6482,model_3,0.0342,-0.054649603
6483,model_3,0.072,0.06954218
6484,model_3,0.2915,0.23255192
6485,model_3,0.3185,0.554884
6486,model_3,0.0266,0.17066593
6487,model_3,0.052,0.05957611
6488,model_3,0.3406,0.2001986
6489,model_3,0.0676,0.119573236
6490,model_3,-0.0062,0.039984215
6491,model_3,-0.0165,-0.03613189
6492,model_3,0.1178,0.07628155
6493,model_3,-0.0625,-0.010601919
6494,model_3,0.6297,0.6521887
6495,model_3,0.3723,0.21897195
6496,model_3,0.2008,0.19842868
6497,model_3,0.1166,0.13401715
6498,model_3,0.0494,0.11131737
6499,model_3,-0.0394,0.034638114
6500,model_3,0.4779,0.45257124
6501,model_3,0.1558,0.24371892
6502,model_3,0.7177,0.6575574
6503,model_3,0.2762,0.15430385
6504,model_3,0.3966,0.28871575
6505,model_3,0.2741,0.424938
6506,model_3,-0.0232,-0.10196599
6507,model_3,0.7848,0.7838326
6508,model_3,0.1533,0.15089254
6509,model_3,0.2418,0.312091
6510,model_3,0.0668,0.11019099
6511,model_3,0.2878,0.26740605
6512,model_3,0.0928,0.032493033
6513,model_3,0.0987,0.036178462
6514,model_3,0.4317,0.39037892
6515,model_3,0.1778,0.16271374
6516,model_3,0.068,0.0662126
6517,model_3,0.513,0.4896233
6518,model_3,0.2727,0.32584324
6519,model_3,0.056,0.08548412
6520,model_3,0.0811,0.099135324
6521,model_3,0.7914,0.81270427
6522,model_3,0.1931,0.22160782
6523,model_3,0.1981,0.21706598
6524,model_3,0.1957,0.20139463
6525,model_3,0.0694,0.08371408
6526,model_3,0.6212,0.58994657
6527,model_3,0.4761,0.42897063
6528,model_3,0.4314,0.40493107
6529,model_3,0.7991,0.82147187
6530,model_3,0.0289,0.06563991
6531,model_3,0.1747,0.16532451
6532,model_3,-0.0269,-0.01119744
6533,model_3,0.4011,0.42421502
6534,model_3,0.3967,0.35680532
6535,model_3,0.1965,0.24552341
6536,model_3,0.5402,0.5537097
6537,model_3,0.3441,0.3978775
6538,model_3,0.1463,0.122575685
6539,model_3,0.1934,0.13097937
6540,model_3,0.7412,0.6692533
6541,model_3,0.0042,0.06837337
6542,model_3,0.7054,0.70101756
6543,model_3,0.1091,0.18201296
6544,model_3,0.153,0.12680279
6545,model_3,0.4269,0.46543226
6546,model_3,-0.1313,0.036993332
6547,model_3,0.0209,0.028099012
6548,model_3,0.0697,0.10487084
6549,model_3,0.3623,0.43579876
6550,model_3,0.0823,0.13923948
6551,model_3,0.2128,0.7227927
6552,model_3,0.3105,0.25527856
6553,model_3,0.0689,0.19143453
6554,model_3,0.4165,0.38983
6555,model_3,0.478,0.4453301
6556,model_3,0.515,0.5084588
6557,model_3,0.3416,0.21013133
6558,model_3,0.1077,0.12528819
6559,model_3,0.2477,0.20185588
6560,model_3,0.3338,0.3180754
6561,model_3,0.4154,0.3351208
6562,model_3,0.564,0.45745772
6563,model_3,0.1785,0.15342872
6564,model_3,-0.1396,-0.11955023
6565,model_3,0.0978,0.13796857
6566,model_3,0.204,0.17172039
6567,model_3,0.111,0.0788472
6568,model_3,0.1836,0.05218007
6569,model_3,0.4433,0.5016393
6570,model_3,0.8485,0.8835357
6571,model_3,-0.0649,0.07621075
6572,model_3,0.1367,0.17453927
6573,model_3,0.1028,0.10876353
6574,model_3,0.0518,0.0087890485
6575,model_3,0.5816,0.5655849
6576,model_3,0.1789,0.29059783
6577,model_3,0.7631,0.6615733
6578,model_3,0.3558,0.20004494
6579,model_3,0.1523,0.12815315
6580,model_3,-0.0507,-0.055714536
6581,model_3,0.1702,0.161426
6582,model_3,0.2592,0.17253943
6583,model_3,0.3172,0.058203634
6584,model_3,-0.1875,-0.15634958
6585,model_3,0.3418,0.27751642
6586,model_3,0.4076,0.28476617
6587,model_3,-0.0046,0.03728344
6588,model_3,0.3524,0.20088889
6589,model_3,0.4058,0.33214748
6590,model_3,0.0849,0.075390175
6591,model_3,0.3575,0.18695466
6592,model_3,0.1286,0.25351536
6593,model_3,0.4645,0.470689
6594,model_3,0.2534,0.24506615
6595,model_3,0.5962,0.63309985
6596,model_3,0.09,0.05196124
6597,model_3,0.528,0.56564194
6598,model_3,0.6171,0.65287656
6599,model_3,0.826,0.6391936
6600,model_3,0.1418,0.42166328
6601,model_3,0.7059,0.6769795
6602,model_3,0.291,0.2508308
6603,model_3,0.7719,0.5479581
6604,model_3,0.4094,0.36850065
6605,model_3,0.2653,0.24834548
6606,model_3,0.0583,0.10973814
6607,model_3,0.2043,0.25818235
6608,model_3,0.1362,0.13942614
6609,model_3,0.4747,0.527924
6610,model_3,0.1026,0.090387836
6611,model_3,-0.0913,-0.03374829
6612,model_3,0.2231,0.18465905
6613,model_3,0.1426,0.19706053
6614,model_3,-0.1073,-0.08630192
6615,model_3,0.2361,0.24488537
6616,model_3,0.4424,0.3703497
6617,model_3,0.518,0.5142084
6618,model_3,0.1586,0.15098386
6619,model_3,0.238,0.1428145
6620,model_3,0.1724,0.29920715
6621,model_3,-0.1778,-0.18280722
6622,model_3,0.1317,0.20214099
6623,model_3,0.1962,0.20406246
6624,model_3,0.0172,-0.025173374
6625,model_3,0.5207,0.51711327
6626,model_3,0.1928,0.19453125
6627,model_3,0.0629,0.060048845
6628,model_3,0.5556,0.44797146
6629,model_3,0.0422,0.030346997
6630,model_3,0.5849,0.4885558
6631,model_3,0.827,0.8033282
6632,model_3,0.0768,0.0867361
6633,model_3,0.4351,0.36908624
6634,model_3,0.2702,0.23399065
6635,model_3,-0.1111,-0.096745536
6636,model_3,0.2058,0.18058129
6637,model_3,0.5358,0.64951223
6638,model_3,0.5499,0.56771076
6639,model_3,0.1161,0.10353033
6640,model_3,0.0108,0.20431271
6641,model_3,0.1671,0.0981019
6642,model_3,0.6596,0.67718047
6643,model_3,0.4266,0.45758203
6644,model_3,-0.0402,0.036317587
6645,model_3,0.1219,0.13903596
6646,model_3,0.2061,0.2570804
6647,model_3,0.7405,0.8386637
6648,model_3,0.0663,0.10735451
6649,model_3,0.1984,0.14838782
6650,model_3,0.3698,0.45723253
6651,model_3,0.075,0.09294857
6652,model_3,0.5033,0.5612455
6653,model_3,0.036,-0.003248429
6654,model_3,-0.0014,-0.01823087
6655,model_3,-0.0087,0.021870606
6656,model_3,0.2431,0.15810451
6657,model_3,0.1045,0.10915524
6658,model_3,0.1423,0.272244
6659,model_3,0.1301,0.10594848
6660,model_3,0.0557,-0.02023824
6661,model_3,-0.0719,-0.030380808
6662,model_3,0.4321,0.5284631
6663,model_3,0.1055,0.12025164
6664,model_3,0.1593,0.104070425
6665,model_3,0.2145,0.19467194
6666,model_3,0.097,0.082002
6667,model_3,0.3077,0.39126804
6668,model_3,0.4098,0.3497031
6669,model_3,0.2198,0.20913933
6670,model_3,-0.0694,-0.11139256
6671,model_3,-0.0986,-0.022157695
6672,model_3,-0.0015,0.21613394
6673,model_3,-0.0828,-0.12584053
6674,model_3,0.1829,0.14711551
6675,model_3,0.0594,0.016079482
6676,model_3,-0.0483,-0.10175602
6677,model_3,-0.1731,-0.15538268
6678,model_3,0.1554,0.16106908
6679,model_3,0.7179,0.73922145
6680,model_3,0.1932,0.15785934
6681,model_3,0.4048,0.37677753
6682,model_3,0.4387,0.5144581
6683,model_3,0.1126,0.2320178
6684,model_3,-0.2122,-0.20074193
6685,model_3,0.5444,0.4243917
6686,model_3,0.3127,0.22867216
6687,model_3,0.3728,0.3793223
6688,model_3,-0.0718,0.0375154
6689,model_3,0.3851,0.3922575
6690,model_3,0.0227,0.089022264
6691,model_3,0.8755,0.91170853
6692,model_3,0.26,0.17863923
6693,model_3,0.0978,0.062389273
6694,model_3,0.1429,0.12908912
6695,model_3,0.3102,0.27074552
6696,model_3,0.1025,0.1381367
6697,model_3,0.4923,0.5346047
6698,model_3,0.1257,0.10268836
6699,model_3,0.0655,0.1345731
6700,model_3,0.1257,0.20667103
6701,model_3,0.1337,0.117290795
6702,model_3,0.0565,0.013793485
6703,model_3,0.0358,0.100190565
6704,model_3,0.219,0.21681093
6705,model_3,0.1125,0.16760664
6706,model_3,-0.1224,-0.09443726
6707,model_3,0.5175,0.5037946
6708,model_3,0.21,0.18435831
6709,model_3,0.1534,0.060256448
6710,model_3,-0.0431,0.029295847
6711,model_3,0.4648,0.33039686
6712,model_3,0.1031,0.053911027
6713,model_3,0.2858,0.3085277
6714,model_3,0.2066,0.108231515
6715,model_3,0.1097,0.21332222
6716,model_3,0.5864,0.5235313
6717,model_3,0.1359,0.14746146
6718,model_3,0.7127,0.69370466
6719,model_3,-0.0416,0.18393002
6720,model_3,0.2753,0.15169364
6721,model_3,0.25,0.109239
6722,model_3,0.2636,0.2494543
6723,model_3,0.1919,0.1249792
6724,model_3,1.0267,0.96946996
6725,model_3,-0.1257,-0.12925637
6726,model_3,0.168,0.12616415
6727,model_3,0.1374,0.13329482
6728,model_3,0.1609,0.07805234
6729,model_3,-0.04,-0.03609579
6730,model_3,0.068,0.00063365325
6731,model_3,0.4405,0.44886625
6732,model_3,0.7809,0.7450637
6733,model_3,0.409,0.40537816
6734,model_3,0.4654,0.39634418
6735,model_3,0.871,0.89713573
6736,model_3,0.1976,0.19523051
6737,model_3,-0.0376,0.029820923
6738,model_3,0.2928,0.26646325
6739,model_3,-0.2707,-0.105716944
6740,model_3,0.2829,0.21804969
6741,model_3,-0.1185,-0.13987161
6742,model_3,0.5144,0.45859557
6743,model_3,-0.1846,-0.12923655
6744,model_3,0.157,0.12863313
6745,model_3,0.0615,0.02427721
6746,model_3,-0.2221,-0.1902922
6747,model_3,0.2411,0.27179563
6748,model_3,-0.0456,0.04581624
6749,model_3,0.282,0.22685438
6750,model_3,0.2466,0.18042299
6751,model_3,0.0492,0.10511923
6752,model_3,-0.1123,0.07244794
6753,model_3,0.7365,0.7495336
6754,model_3,0.3334,0.32136163
6755,model_3,0.0794,0.11037026
6756,model_3,0.0398,0.09081638
6757,model_3,0.2452,0.24473861
6758,model_3,-0.0365,0.03458709
6759,model_3,0.5086,0.4657139
6760,model_3,0.2435,0.21974762
6761,model_3,0.3967,0.33322126
6762,model_3,0.3969,0.36462128
6763,model_3,0.1073,0.096516624
6764,model_3,0.1072,0.15559217
6765,model_3,0.0363,0.024448825
6766,model_3,-0.1138,-0.13659032
6767,model_3,0.0653,0.048739426
6768,model_3,-0.0295,0.010938551
6769,model_3,0.2637,0.19652136
6770,model_3,0.1072,0.26128292
6771,model_3,0.0064,0.09382476
6772,model_3,0.3785,0.39016318
6773,model_3,0.8608,0.91905135
6774,model_3,0.0772,0.2206807
6775,model_3,0.3431,0.31519908
6776,model_3,0.0949,0.125529
6777,model_3,0.4475,0.31828648
6778,model_3,0.6001,0.6078455
6779,model_3,0.0806,0.087315306
6780,model_3,-0.2034,-0.19730802
6781,model_3,0.4424,0.36434048
6782,model_3,0.1855,0.111374095
6783,model_3,0.0513,0.069090456
6784,model_3,0.4497,0.51194054
6785,model_3,-0.0049,0.02436615
6786,model_3,0.1728,0.18886717
6787,model_3,0.173,0.22489865
6788,model_3,0.0863,0.19362296
6789,model_3,0.5623,0.60233134
6790,model_3,-0.1634,-0.1612137
6791,model_3,0.3863,0.34148842
6792,model_3,0.2897,0.31648076
6793,model_3,0.1685,0.23378147
6794,model_3,0.1949,0.16886145
6795,model_3,0.129,0.20373611
6796,model_3,0.3091,0.31864822
6797,model_3,0.2157,0.21683133
6798,model_3,0.5034,0.46488643
6799,model_3,0.0,0.0040063392
6800,model_3,0.3681,0.29394376
6801,model_3,0.1152,0.11488192
6802,model_3,0.4035,0.41026992
6803,model_3,0.1368,0.17819071
6804,model_3,0.6793,0.7080315
6805,model_3,0.0099,0.12951718
6806,model_3,0.5455,0.52021587
6807,model_3,0.1477,0.1703057
6808,model_3,0.5797,0.6189865
6809,model_3,0.7226,0.7781636
6810,model_3,0.2771,0.34781426
6811,model_3,0.2224,0.23347901
6812,model_3,0.576,0.5997526
6813,model_3,0.2533,0.14542978
6814,model_3,0.7663,0.7911853
6815,model_3,0.5658,0.5899231
6816,model_3,0.1961,0.28993595
6817,model_3,0.0764,0.06687953
6818,model_3,0.6282,0.6413948
6819,model_3,0.403,0.4538676
6820,model_3,0.1018,-0.024448793
6821,model_3,0.0508,0.13348308
6822,model_3,-0.1082,-0.05393075
6823,model_3,0.0323,0.25110513
6824,model_3,0.1142,-0.011322346
6825,model_3,0.176,0.15572031
6826,model_3,0.3041,0.35234183
6827,model_3,0.4644,0.36484927
6828,model_3,0.0577,0.18484682
6829,model_3,-0.127,-0.120641574
6830,model_3,0.0968,0.12410344
6831,model_3,0.1701,0.09622225
6832,model_3,0.1096,0.08443484
6833,model_3,0.777,0.8644404
6834,model_3,0.7682,0.73584455
6835,model_3,0.1178,0.12796184
6836,model_3,0.2699,0.2732227
6837,model_3,0.1092,0.12431717
6838,model_3,0.1755,0.19787176
6839,model_3,0.0341,0.08739407
6840,model_3,-0.0231,0.014033694
6841,model_3,0.0221,0.011882019
6842,model_3,0.7286,0.46529806
6843,model_3,0.0289,0.07568744
6844,model_3,0.4099,0.4316731
6845,model_3,0.6125,0.63530916
6846,model_3,0.2831,0.25753567
6847,model_3,-0.0269,-0.051590446
6848,model_3,0.4988,0.46516693
6849,model_3,0.1505,0.17534469
6850,model_3,0.1418,0.09972718
6851,model_3,-0.1697,-0.122572854
6852,model_3,0.1139,0.15712856
6853,model_3,0.7929,0.6953803
6854,model_3,0.164,0.17975926
6855,model_3,0.1965,0.17831476
6856,model_3,0.5778,0.5920374
6857,model_3,0.3423,0.20080395
6858,model_3,-0.0633,0.0058823386
6859,model_3,0.2726,0.28646275
6860,model_3,0.4312,0.42635852
6861,model_3,0.2756,0.25604352
6862,model_3,0.2999,0.29032642
6863,model_3,0.1013,0.14330974
6864,model_3,0.191,0.15202947
6865,model_3,0.2435,0.30884105
6866,model_3,0.0358,0.026700415
6867,model_3,0.0788,0.03120948
6868,model_3,0.1598,0.14976947
6869,model_3,0.0266,0.20102423
6870,model_3,0.7153,0.69655955
6871,model_3,0.4987,0.39251995
6872,model_3,-0.0154,-0.0055026
6873,model_3,0.1921,0.2185008
6874,model_3,0.1822,0.12504448
6875,model_3,0.9626,0.93868285
6876,model_3,0.0815,0.11746146
6877,model_3,0.0659,0.086771145
6878,model_3,0.2713,0.26994988
6879,model_3,0.1705,0.21524404
6880,model_3,0.5863,0.6146082
6881,model_3,0.1535,0.13827635
6882,model_3,0.2765,0.19135566
6883,model_3,0.228,0.1930489
6884,model_3,0.4205,0.37194407
6885,model_3,0.1916,0.1427068
6886,model_3,0.0456,0.028381214
6887,model_3,0.2487,0.30903998
6888,model_3,0.3257,0.28455627
6889,model_3,0.1294,0.079465404
6890,model_3,0.0682,0.089252755
6891,model_3,-0.1035,-0.09027131
6892,model_3,0.5758,0.57795036
6893,model_3,0.4898,0.50986385
6894,model_3,0.3345,0.31721878
6895,model_3,0.4769,0.2241956
6896,model_3,0.0827,0.057665255
6897,model_3,0.802,0.6803171
6898,model_3,0.4964,0.4972547
6899,model_3,0.2405,0.24139388
6900,model_3,0.1567,0.12862086
6901,model_3,0.0318,0.16428654
6902,model_3,0.0351,0.080071434
6903,model_3,0.3793,0.45403343
6904,model_3,0.711,0.67703825
6905,model_3,0.5895,0.5732835
6906,model_3,0.6604,0.5223393
6907,model_3,0.3606,0.2743125
6908,model_3,0.2429,0.13685127
6909,model_3,0.1798,0.17786802
6910,model_3,0.2549,0.291188
6911,model_3,0.2191,0.16963261
6912,model_3,0.0669,0.077076405
6913,model_3,-0.1026,-0.09954445
6914,model_3,0.7311,0.7543388
6915,model_3,0.3295,0.34722117
6916,model_3,0.8279,0.76763135
6917,model_3,0.1074,0.07833001
6918,model_3,0.3362,0.29858214
6919,model_3,0.1393,0.20285887
6920,model_3,0.1639,0.23724572
6921,model_3,0.1715,0.16681449
6922,model_3,0.4336,0.42197865
6923,model_3,0.2806,0.32894844
6924,model_3,0.5657,0.46371508
6925,model_3,0.1233,0.070163935
6926,model_3,0.2751,0.27595562
6927,model_3,0.1444,0.14253701
6928,model_3,0.3768,0.3240794
6929,model_3,0.5754,0.53616816
6930,model_3,0.3664,0.4576075
6931,model_3,0.2502,0.1736557
6932,model_3,0.0269,0.10610911
6933,model_3,0.3812,0.33195412
6934,model_3,0.1806,0.23532493
6935,model_3,0.6819,0.6933231
6936,model_3,0.3349,0.28783625
6937,model_3,0.1962,0.1834807
6938,model_3,0.0152,0.0068499707
6939,model_3,0.0635,0.09476805
6940,model_3,0.8142,0.78526443
6941,model_3,0.4701,0.36504054
6942,model_3,0.2031,0.15183614
6943,model_3,0.3565,0.39027238
6944,model_3,0.1344,0.16911927
6945,model_3,0.937,0.8922597
6946,model_3,0.0499,0.033420276
6947,model_3,0.2217,0.23766916
6948,model_3,0.1445,0.15779378
6949,model_3,0.2527,0.231589
6950,model_3,1.067,0.9909021
6951,model_3,0.0628,0.13660479
6952,model_3,0.1884,0.1957321
6953,model_3,-0.0139,-0.0020590536
6954,model_3,0.0081,-0.01602539
6955,model_3,0.0554,0.15937607
6956,model_3,0.3289,0.32103622
6957,model_3,0.1242,-0.011596542
6958,model_3,0.8217,0.79311293
6959,model_3,0.1312,0.2780943
6960,model_3,0.2389,0.27826592
6961,model_3,0.1334,0.125574
6962,model_3,0.7724,0.7884634
6963,model_3,0.1312,0.14396536
6964,model_3,0.0767,0.08489728
6965,model_3,-0.1716,-0.028624848
6966,model_3,0.4157,0.36711237
6967,model_3,0.2922,0.14888178
6968,model_3,0.7934,0.84154576
6969,model_3,0.1275,0.035520792
6970,model_3,0.3263,0.31435442
6971,model_3,0.098,0.019074239
6972,model_3,0.3823,0.395084
6973,model_3,0.157,0.18473804
6974,model_3,0.3437,0.35814762
6975,model_3,0.2398,0.09254989
6976,model_3,0.0125,-0.027256958
6977,model_3,0.1507,0.16517459
6978,model_3,0.4334,0.3732125
6979,model_3,0.6487,0.5872761
6980,model_3,0.6348,0.58746755
6981,model_3,0.135,0.12318155
6982,model_3,0.1786,0.19754727
6983,model_3,0.3281,0.39287114
6984,model_3,0.1093,0.0632477
6985,model_3,0.0036,0.028268423
6986,model_3,0.1931,0.14319287
6987,model_3,0.471,0.47207093
6988,model_3,0.0758,0.00060501695
6989,model_3,0.0213,-0.017883893
6990,model_3,0.196,0.1720629
6991,model_3,0.4399,0.35494807
6992,model_3,0.626,0.65661746
6993,model_3,0.275,0.33013895
6994,model_3,0.5516,0.544843
6995,model_3,0.6373,0.6205475
6996,model_3,0.0175,0.018234223
6997,model_3,0.5077,0.44773093
6998,model_3,0.54,0.40815812
6999,model_3,0.0018,0.034158725
7000,model_3,-0.0803,-0.09126657
7001,model_3,0.2553,0.26468432
7002,model_3,0.1294,0.11896965
7003,model_3,0.6421,0.5623007
7004,model_3,0.0453,0.048700925
7005,model_3,0.335,0.2424391
7006,model_3,0.1143,0.07506488
7007,model_3,0.481,0.32860637
7008,model_3,0.6586,0.6028722
7009,model_3,0.1196,0.11859426
7010,model_3,0.1712,0.13067506
7011,model_3,0.341,0.41270834
7012,model_3,0.2701,0.47779524
7013,model_3,0.327,0.14000149
7014,model_3,-0.1825,-0.16455506
7015,model_3,-0.187,-0.1346128
7016,model_3,0.4416,0.30022115
7017,model_3,0.1193,0.12254718
7018,model_3,0.2626,0.3449195
7019,model_3,0.329,0.27144918
7020,model_3,0.6762,0.7371322
7021,model_3,0.3858,0.33015406
7022,model_3,0.0448,0.050588306
7023,model_3,0.0203,0.08595285
7024,model_3,0.3184,0.3302666
7025,model_3,0.4796,0.36985424
7026,model_3,0.2943,0.35774475
7027,model_3,0.4944,0.447277
7028,model_3,0.0979,0.13338041
7029,model_3,0.5357,0.60489476
7030,model_3,0.2489,0.21016544
7031,model_3,-0.118,-0.12594788
7032,model_3,0.1726,0.083974466
7033,model_3,-0.0489,-0.03539078
7034,model_3,0.4574,0.3819756
7035,model_3,0.195,0.17249663
7036,model_3,0.1011,0.12629066
7037,model_3,0.4384,0.4054232
7038,model_3,0.2277,0.14721559
7039,model_3,0.1127,0.107881665
7040,model_3,-0.0463,-0.07123394
7041,model_3,0.2713,0.15731858
7042,model_3,0.2099,0.2505995
7043,model_3,0.0025,0.025765158
7044,model_3,-0.0991,-0.10170393
7045,model_3,0.6415,0.63954794
7046,model_3,0.495,0.4483828
7047,model_3,0.7198,0.777206
7048,model_3,0.3673,0.39406765
7049,model_3,0.7941,0.74629
7050,model_3,-0.0023,-0.0023148367
7051,model_3,0.2499,0.23401533
7052,model_3,0.1436,0.16142799
7053,model_3,0.1444,0.052285954
7054,model_3,0.0199,0.025396489
7055,model_3,0.6121,0.55738866
7056,model_3,0.1998,0.18315472
7057,model_3,-0.1423,-0.083388105
7058,model_3,0.347,0.34671548
7059,model_3,0.5633,0.64578855
7060,model_3,0.0296,0.024494838
7061,model_3,0.1204,0.099490345
7062,model_3,0.4313,0.41290236
7063,model_3,0.3765,0.37083566
7064,model_3,0.0391,0.038964503
7065,model_3,-0.067,-0.08062793
7066,model_3,0.8606,0.8469039
7067,model_3,0.1058,0.17126366
7068,model_3,0.4276,0.40082604
7069,model_3,0.089,0.08002813
7070,model_3,0.1363,0.2042121
7071,model_3,0.5358,0.55119544
7072,model_3,0.1226,0.14297341
7073,model_3,0.1781,0.26857638
7074,model_3,0.2071,0.24164811
7075,model_3,0.4405,0.4795822
7076,model_3,0.2105,0.16806947
7077,model_3,0.0385,0.07618591
7078,model_3,0.4772,0.401801
7079,model_3,0.0211,0.07407169
7080,model_3,0.5517,0.5690525
7081,model_3,0.5731,0.5439876
7082,model_3,0.5482,0.5041405
7083,model_3,0.7281,0.7069995
7084,model_3,0.1954,0.24911226
7085,model_3,0.0811,0.097331494
7086,model_3,0.3182,0.32567292
7087,model_3,0.1673,0.18083993
7088,model_3,-0.0147,-0.068807065
7089,model_3,0.2145,0.22829598
7090,model_3,0.1858,0.1793213
7091,model_3,-0.0923,-0.07515551
7092,model_3,0.1003,0.13319722
7093,model_3,0.3229,0.26245338
7094,model_3,0.1195,0.25396928
7095,model_3,0.3331,0.3358228
7096,model_3,0.2779,0.2533406
7097,model_3,0.1877,0.2431393
7098,model_3,0.4638,0.43210304
7099,model_3,0.0754,0.18113358
7100,model_3,0.241,0.24112122
7101,model_3,0.1214,0.15747443
7102,model_3,0.2916,0.35063383
7103,model_3,0.0528,0.090414405
7104,model_3,0.0737,0.048243765
7105,model_3,0.1864,0.2748999
7106,model_3,0.3521,0.28938252
7107,model_3,0.1187,0.09983772
7108,model_3,0.1116,0.23016503
7109,model_3,0.8346,0.8253146
7110,model_3,0.0753,0.11512698
7111,model_3,-0.1465,-0.0822563
7112,model_3,0.0123,0.034256436
7113,model_3,0.281,0.25724602
7114,model_3,0.6575,0.5628491
7115,model_3,0.6578,0.709827
7116,model_3,0.0075,0.072070956
7117,model_3,0.3499,0.16003107
7118,model_3,0.1701,0.2008328
7119,model_3,-0.0616,0.029805698
7120,model_3,0.4193,0.069034114
7121,model_3,0.3505,0.31932917
7122,model_3,0.0916,0.18344502
7123,model_3,0.3352,0.3382452
7124,model_3,0.502,0.54598844
7125,model_3,-0.0402,0.21959074
7126,model_3,0.5411,0.5028523
7127,model_3,0.0189,0.04215123
7128,model_3,0.9025,0.87451977
7129,model_3,0.4792,0.46288943
7130,model_3,0.4359,0.46807387
7131,model_3,0.0342,0.040578756
7132,model_3,0.3376,0.45659143
7133,model_3,0.6672,0.5545233
7134,model_3,0.7365,0.69501275
7135,model_3,0.0725,0.10227595
7136,model_3,0.4256,0.34919608
7137,model_3,0.4236,0.43907452
7138,model_3,0.505,0.51667863
7139,model_3,0.0619,0.05731172
7140,model_3,0.1557,0.12694903
7141,model_3,0.6122,0.6258522
7142,model_3,0.1344,0.12674847
7143,model_3,0.5733,0.59760976
7144,model_3,0.0915,0.062062364
7145,model_3,0.2324,0.20782186
7146,model_3,0.0089,-0.041606687
7147,model_3,-0.0167,0.035169117
7148,model_3,0.5369,0.54003495
7149,model_3,0.1605,0.1795025
7150,model_3,0.6034,0.5965835
7151,model_3,0.2298,0.22299941
7152,model_3,0.4036,0.4501441
7153,model_3,0.5426,0.58185107
7154,model_3,-0.0807,0.06823608
7155,model_3,-0.0972,0.004076371
7156,model_3,0.9831,0.9920008
7157,model_3,0.1012,-0.03773802
7158,model_3,0.3333,0.33765507
7159,model_3,0.2688,0.20494883
7160,model_3,0.319,0.24948479
7161,model_3,0.3018,0.38031828
7162,model_3,0.4321,0.26568145
7163,model_3,0.0059,0.037183054
7164,model_3,0.2298,0.28510553
7165,model_3,-0.0076,0.025025122
7166,model_3,0.1878,0.20603041
7167,model_3,0.4178,0.3789331
7168,model_3,0.0843,0.11756639
7169,model_3,0.4898,0.29542166
7170,model_3,0.433,0.386402
7171,model_3,0.3664,0.39192432
7172,model_3,0.3443,0.25395277
7173,model_3,0.1009,0.06836648
7174,model_3,-0.1764,-0.07907082
7175,model_3,-0.142,-0.10155982
7176,model_3,0.1857,0.2766043
7177,model_3,1.0556,0.98164207
7178,model_3,0.0007,0.010231577
7179,model_3,0.1214,0.13879144
7180,model_3,0.3586,0.40573376
7181,model_3,0.4514,0.4222259
7182,model_3,0.345,0.16792937
7183,model_3,0.5442,0.50496477
7184,model_3,0.0526,0.08620566
7185,model_3,0.1344,0.14202404
7186,model_3,0.2313,0.19025835
7187,model_3,0.4946,0.5034453
7188,model_3,0.1379,0.15754972
7189,model_3,0.1242,0.10764304
7190,model_3,0.5859,0.58754617
7191,model_3,0.2368,0.2455142
7192,model_3,0.217,0.25999385
7193,model_3,0.1769,0.33844435
7194,model_3,-0.0167,0.14926694
7195,model_3,0.0414,0.030363578
7196,model_3,0.5049,0.43671352
7197,model_3,-0.0295,-0.026749544
7198,model_3,-0.0298,0.074423075
7199,model_3,0.1345,0.03887022
7200,model_3,0.0585,0.1129328
7201,model_3,-0.0053,0.049026065
7202,model_3,-0.0513,0.007789921
7203,model_3,0.2394,0.20421581
7204,model_3,0.0026,-0.036809053
7205,model_3,0.1897,0.18452738
7206,model_3,0.1085,0.06330742
7207,model_3,0.4222,0.48083836
7208,model_3,-0.076,-0.023576468
7209,model_3,0.2336,0.10330516
7210,model_3,0.015,0.0566212
7211,model_3,0.0327,0.05642402
7212,model_3,-0.0777,-0.08507894
7213,model_3,0.7049,0.7404601
7214,model_3,0.0104,0.045114454
7215,model_3,0.1947,0.24102359
7216,model_3,0.2538,0.48610237
7217,model_3,0.0126,-0.025921319
7218,model_3,0.4791,0.494695
7219,model_3,0.5642,0.51655847
7220,model_3,0.154,0.1383527
7221,model_3,0.731,0.7871557
7222,model_3,0.1106,0.13056028
7223,model_3,0.2348,0.12637173
7224,model_3,0.1341,0.18057674
7225,model_3,0.3334,0.31742176
7226,model_3,0.2843,0.17681713
7227,model_3,0.0198,0.10532513
7228,model_3,0.0567,0.0145301875
7229,model_3,0.625,0.6593351
7230,model_3,0.414,0.45433736
7231,model_3,0.1883,0.20059718
7232,model_3,0.0139,0.048008606
7233,model_3,0.0278,0.07811405
7234,model_3,0.2225,0.1964508
7235,model_3,0.4466,0.4542771
7236,model_3,0.017,0.06396489
7237,model_3,0.1664,0.1337533
7238,model_3,0.7497,0.76471347
7239,model_3,0.8427,0.7901997
7240,model_3,-0.124,-0.13144249
7241,model_3,0.334,0.32079336
7242,model_3,0.1582,0.14281417
7243,model_3,-0.1585,-0.16362208
7244,model_3,0.9227,0.8490346
7245,model_3,0.0718,0.091224775
7246,model_3,0.093,0.10306457
7247,model_3,0.34,0.32087505
7248,model_3,0.4915,0.38215995
7249,model_3,0.203,0.15379587
7250,model_3,0.5167,0.52772367
7251,model_3,0.0107,0.055103052
7252,model_3,0.3173,0.41516885
7253,model_3,0.2127,0.21600313
7254,model_3,0.5266,0.53217417
7255,model_3,-0.0674,-0.0156613
7256,model_3,0.2153,0.16671799
7257,model_3,0.1112,0.08836153
7258,model_3,0.2634,0.17732494
7259,model_3,0.0645,0.0148041025
7260,model_3,0.245,0.22980192
7261,model_3,0.4424,0.399543
7262,model_3,0.2736,0.29023266
7263,model_3,0.0702,0.004076425
7264,model_3,-0.1349,-0.05711687
7265,model_3,0.437,0.39067408
7266,model_3,0.1666,0.13530278
7267,model_3,0.1071,0.15965343
7268,model_3,0.5627,0.57928693
7269,model_3,0.1663,0.23157911
7270,model_3,0.3201,0.3617596
7271,model_3,0.6009,0.5469299
7272,model_3,0.1004,0.11612517
7273,model_3,0.0544,0.08526182
7274,model_3,0.125,0.26661354
7275,model_3,0.193,0.13305517
7276,model_3,-0.0252,0.04085835
7277,model_3,-0.0153,0.09859881
7278,model_3,-0.0437,0.038704485
7279,model_3,0.0973,0.1291516
7280,model_3,0.196,0.119318455
7281,model_3,0.1112,0.06755492
7282,model_3,-0.0243,-0.04228714
7283,model_3,0.0278,0.042812366
7284,model_3,0.1136,0.11210507
7285,model_3,0.352,0.34826183
7286,model_3,0.8297,0.7202987
7287,model_3,0.7415,0.76885456
7288,model_3,0.3901,0.42011878
7289,model_3,0.0562,0.0832967
7290,model_3,0.4363,0.46297997
7291,model_3,0.7698,0.5671764
7292,model_3,0.6199,0.6608051
7293,model_3,0.2898,0.24165024
7294,model_3,0.3921,0.4233191
7295,model_3,-0.1219,0.09629017
7296,model_3,0.4638,0.53419775
7297,model_3,0.2748,0.25064337
7298,model_3,0.2485,0.21060038
7299,model_3,-0.0762,-0.12805901
7300,model_3,0.1625,0.20059735
7301,model_3,0.4526,0.46887925
7302,model_3,0.7691,0.6737383
7303,model_3,0.1197,0.10160966
7304,model_3,0.5091,0.4670823
7305,model_3,0.1806,0.11901942
7306,model_3,0.5763,0.50456303
7307,model_3,0.3101,0.25729817
7308,model_3,0.2138,0.14276798
7309,model_3,0.3841,0.40603662
7310,model_3,0.1265,0.15899187
7311,model_3,0.4383,0.38871664
7312,model_3,0.2217,0.24558619
7313,model_3,0.2468,0.13335754
7314,model_3,0.4665,0.48968026
7315,model_3,0.1536,0.05536857
7316,model_3,-0.0673,-0.12687743
7317,model_3,0.3614,0.39509892
7318,model_3,0.0246,0.051545113
7319,model_3,0.2126,0.2575393
7320,model_3,-0.0125,-0.09020026
7321,model_3,-0.2356,-0.1817988
7322,model_3,0.0527,0.0678124
7323,model_3,0.1466,0.0789343
7324,model_3,-0.1561,0.0017543742
7325,model_3,0.1937,0.3040474
7326,model_3,-0.0225,-0.062087055
7327,model_3,0.1131,0.12787853
7328,model_3,0.201,0.23658215
7329,model_3,0.5849,0.4788233
7330,model_3,0.3454,0.44273186
7331,model_3,0.0985,0.1302029
7332,model_3,0.1893,0.30298847
7333,model_3,-0.0123,-0.000870239
7334,model_3,0.1786,0.21248737
7335,model_3,0.0997,0.17045628
7336,model_3,0.5568,0.4298595
7337,model_3,0.7978,0.8621105
7338,model_3,0.1048,0.14202666
7339,model_3,0.1515,0.010467857
7340,model_3,0.3303,0.30580717
7341,model_3,0.2885,0.25271264
7342,model_3,0.4262,0.4143858
7343,model_3,0.6581,0.45863348
7344,model_3,0.1013,0.1531802
7345,model_3,0.6821,0.64619774
7346,model_3,0.2523,0.22015403
7347,model_3,-0.0366,-0.01729799
7348,model_3,-0.2424,-0.011884816
7349,model_3,0.0262,0.16497512
7350,model_3,-0.0354,-0.0037685782
7351,model_3,0.2123,0.19213092
7352,model_3,0.3802,0.42466745
7353,model_3,0.0506,0.029237831
7354,model_3,0.3097,0.33657616
7355,model_3,0.117,0.115231246
7356,model_3,0.1017,0.19589187
7357,model_3,0.5535,0.5029391
7358,model_3,0.4756,0.48156703
7359,model_3,0.184,0.08626041
7360,model_3,0.222,0.13569577
7361,model_3,0.1367,0.106760815
7362,model_3,0.0947,0.11067729
7363,model_3,0.2377,0.1724474
7364,model_3,0.027,0.05946874
7365,model_3,0.2952,0.35235327
7366,model_3,0.2216,0.23574977
7367,model_3,0.1176,0.104958355
7368,model_3,0.4472,0.39659113
7369,model_3,0.1249,0.10571487
7370,model_3,0.1594,0.1150693
7371,model_3,0.4759,0.545525
7372,model_3,0.4621,0.3989812
7373,model_3,-0.0201,-0.08601642
7374,model_3,0.7551,0.7001675
7375,model_3,0.1711,0.1506352
7376,model_3,0.153,0.1803885
7377,model_3,-0.107,-0.069827735
7378,model_3,0.2338,0.19735102
7379,model_3,0.0829,0.0576002
7380,model_3,0.308,0.27770782
7381,model_3,0.513,0.55910045
7382,model_3,0.0754,0.086514995
7383,model_3,0.0561,0.0433768
7384,model_3,0.3066,0.14113954
7385,model_3,0.1629,0.16224837
7386,model_3,0.0554,0.057050757
7387,model_3,0.163,0.15785527
7388,model_3,0.2746,0.28536075
7389,model_3,-0.0364,-0.06609072
7390,model_3,0.3734,0.2714486
7391,model_3,0.0265,0.034025643
7392,model_3,0.2317,0.27976805
7393,model_3,0.5595,0.6914177
7394,model_3,0.486,0.2430646
7395,model_3,0.37,0.33952013
7396,model_3,-0.0227,0.025402837
7397,model_3,0.2906,0.23707409
7398,model_3,0.0374,0.026658354
7399,model_3,0.1764,0.12680914
7400,model_3,0.2754,0.28814578
7401,model_3,0.1422,0.25131753
7402,model_3,0.0779,0.080333576
7403,model_3,0.1316,0.10525592
7404,model_3,0.061,0.05488758
7405,model_3,0.0568,0.12970354
7406,model_3,0.1312,0.05428579
7407,model_3,0.2192,0.17584732
7408,model_3,0.5499,0.37353456
7409,model_3,0.2727,0.24420333
7410,model_3,0.3238,0.37098122
7411,model_3,0.1987,0.1272992
7412,model_3,0.1043,0.052591056
7413,model_3,0.4335,0.43925983
7414,model_3,0.1903,0.16040044
7415,model_3,0.1565,0.095794186
7416,model_3,0.1464,0.222869
7417,model_3,-0.0751,-0.04394382
7418,model_3,0.136,0.1606694
7419,model_3,0.8712,0.8522154
7420,model_3,0.2243,0.2526716
7421,model_3,0.1915,0.16209182
7422,model_3,-0.0257,0.00064426195
7423,model_3,-0.0029,0.14758807
7424,model_3,0.2691,0.3166362
7425,model_3,0.1199,0.12913036
7426,model_3,0.4632,0.42191997
7427,model_3,0.4501,0.4162431
7428,model_3,0.1384,0.08238959
7429,model_3,0.3117,0.28081
7430,model_3,0.1667,0.06358218
7431,model_3,0.2709,0.20058566
7432,model_3,0.1377,0.08903593
7433,model_3,0.0023,0.022549655
7434,model_3,0.1823,0.09736608
7435,model_3,0.188,0.19291362
7436,model_3,0.3083,0.3057657
7437,model_3,-0.1052,-0.0942034
7438,model_3,0.1369,0.13246055
7439,model_3,0.0508,0.058116738
7440,model_3,0.6057,0.5876011
7441,model_3,0.0298,0.012356464
7442,model_3,0.951,0.8750121
7443,model_3,0.7364,0.7016933
7444,model_3,0.3655,0.3219754
7445,model_3,-0.0868,-0.007583674
7446,model_3,0.2912,0.2973982
7447,model_3,0.0342,0.059422553
7448,model_3,0.1011,0.065122396
7449,model_3,0.1264,0.14196844
7450,model_3,0.0728,0.1972423
7451,model_3,-0.1733,-0.13148125
7452,model_3,0.4437,0.43410596
7453,model_3,0.2847,0.21605644
7454,model_3,0.3751,0.2813075
7455,model_3,0.013,0.09158027
7456,model_3,0.0287,0.09763712
7457,model_3,0.2012,0.18380438
7458,model_3,0.1821,0.2537683
7459,model_3,0.8398,0.88181263
7460,model_3,0.021,0.02209457
7461,model_3,0.2712,0.15439042
7462,model_3,0.8266,0.78648025
7463,model_3,-0.0589,-0.057707015
7464,model_3,0.3069,0.30083033
7465,model_3,-0.1489,-0.10037702
7466,model_3,0.0577,0.05989554
7467,model_3,0.0916,0.1112743
7468,model_3,0.1588,0.1221558
7469,model_3,0.2312,0.29198703
7470,model_3,0.4346,0.39894885
7471,model_3,-0.0147,-0.03660181
7472,model_3,0.4361,0.38949203
7473,model_3,-0.0712,-0.038450167
7474,model_3,-0.1863,-0.21087041
7475,model_3,0.3692,0.37961358
7476,model_3,0.7477,0.7288756
7477,model_3,0.4946,0.5014
7478,model_3,0.0446,0.030798895
7479,model_3,0.4638,0.5016702
7480,model_3,0.2136,0.23472469
7481,model_3,-0.0187,0.030836152
7482,model_3,0.3986,0.38796645
7483,model_3,-0.1999,-0.22971036
7484,model_3,0.1973,0.2504705
7485,model_3,-0.0583,-0.094190165
7486,model_3,-0.0068,0.007941774
7487,model_3,0.2906,0.22806297
7488,model_3,0.2122,0.28075343
7489,model_3,0.0948,0.032882825
7490,model_3,0.1063,0.1403443
7491,model_3,0.1561,0.1369225
7492,model_3,0.5132,0.48699486
7493,model_3,0.4579,0.4328331
7494,model_3,-0.0445,-0.008103594
7495,model_3,0.3432,0.19654058
7496,model_3,0.0886,0.15982787
7497,model_3,0.3938,0.48676866
7498,model_3,0.0991,0.031335466
7499,model_3,0.3782,0.32317334
7500,model_3,0.3507,0.42610627
7501,model_3,0.4007,0.3550956
7502,model_3,0.4897,0.4303487
7503,model_3,0.0061,-0.039024264
7504,model_3,-0.2441,0.09259297
7505,model_3,-0.2667,-0.13113572
7506,model_3,0.3256,0.21243176
7507,model_3,0.0278,0.09189801
7508,model_3,0.522,0.53674823
7509,model_3,-0.0803,-0.085280135
7510,model_3,0.2214,0.22602822
7511,model_3,0.1195,0.11410244
7512,model_3,0.5497,0.47513723
7513,model_3,0.0584,0.06292395
7514,model_3,-0.0546,-0.046711206
7515,model_3,0.3618,0.3589947
7516,model_3,-0.0266,0.033228327
7517,model_3,0.7383,0.57511574
7518,model_3,0.4452,0.45582396
7519,model_3,0.0618,0.021567952
7520,model_3,0.3014,0.36451113
7521,model_3,0.0412,0.031088894
7522,model_3,0.0754,0.06363019
7523,model_3,0.2323,0.21558885
7524,model_3,0.129,0.2630307
7525,model_3,-0.1852,-0.12035568
7526,model_3,0.0586,0.018551102
7527,model_3,0.4307,0.45248544
7528,model_3,0.0009,0.012307925
7529,model_3,0.1341,0.11420022
7530,model_3,0.088,0.12413025
7531,model_3,0.317,0.3412767
7532,model_3,0.0333,0.010228172
7533,model_3,-0.0535,-0.022514109
7534,model_3,0.4628,0.40488157
7535,model_3,0.0758,0.22069857
7536,model_3,0.1737,0.19106075
7537,model_3,0.2798,0.34102866
7538,model_3,-0.0352,0.03842254
7539,model_3,0.2469,0.282389
7540,model_3,0.4488,0.46076053
7541,model_3,0.1244,0.20179723
7542,model_3,0.3142,0.23745944
7543,model_3,0.2088,0.17173006
7544,model_3,0.1047,0.15650097
7545,model_3,0.0542,0.124435216
7546,model_3,0.594,0.61611444
7547,model_3,0.1575,-0.041590087
7548,model_3,0.4553,0.43797055
7549,model_3,0.5147,0.49612027
7550,model_3,0.3859,0.38536447
7551,model_3,-0.011,0.11942677
7552,model_3,0.191,0.27424672
7553,model_3,-0.1217,-0.030177873
7554,model_3,0.0613,0.025781736
7555,model_3,0.0995,0.117641225
7556,model_3,0.17,0.13051651
7557,model_3,0.0721,0.14322169
7558,model_3,0.034,0.09905714
7559,model_3,0.4836,0.5436639
7560,model_3,0.3355,0.37535197
7561,model_3,0.2584,0.253974
7562,model_3,0.4338,0.49607348
7563,model_3,0.3421,0.32698834
7564,model_3,0.0531,0.0187504
7565,model_3,0.1993,0.13693511
7566,model_3,0.1738,0.12511119
7567,model_3,-0.0583,-0.17394774
7568,model_3,0.3243,0.23215105
7569,model_3,0.8565,0.7916665
7570,model_3,-0.052,0.020467605
7571,model_3,0.8588,0.7456905
7572,model_3,0.0077,0.019724248
7573,model_3,0.4212,0.36094984
7574,model_3,-0.205,-0.071953595
7575,model_3,0.7088,0.6921328
7576,model_3,0.156,0.21261449
7577,model_3,0.1977,0.21436709
7578,model_3,0.3191,0.3210394
7579,model_3,0.3547,0.32330734
7580,model_3,0.4533,0.37850195
7581,model_3,0.2233,0.17896049
7582,model_3,0.2652,0.30209708
7583,model_3,0.8498,0.8393593
7584,model_3,0.0997,0.09775573
7585,model_3,0.1391,0.08687702
7586,model_3,-0.0899,-0.06534885
7587,model_3,0.3812,0.33201188
7588,model_3,0.2053,0.28046066
7589,model_3,0.1387,0.19502212
7590,model_3,0.1988,0.23531878
7591,model_3,0.2538,0.18678753
7592,model_3,0.4954,0.48377323
7593,model_3,0.1239,0.072334036
7594,model_3,0.1201,0.15225567
7595,model_3,0.7626,0.6995167
7596,model_3,0.6754,0.5788868
7597,model_3,0.0445,0.14524363
7598,model_3,0.3562,0.3569689
7599,model_3,0.695,0.74202925
7600,model_3,0.1571,0.13830636
7601,model_3,0.3424,0.39244175
7602,model_3,0.2698,0.23954752
7603,model_3,0.0662,0.08955306
7604,model_3,0.1604,0.20439897
7605,model_3,-0.2069,-0.15217142
7606,model_3,0.0925,0.07410443
7607,model_3,0.3833,0.35626656
7608,model_3,0.0551,0.07300492
7609,model_3,0.4173,0.4462538
7610,model_3,0.1471,0.14848109
7611,model_3,0.239,0.24190365
7612,model_3,0.0615,0.13812764
7613,model_3,-0.121,-0.02623314
7614,model_3,0.508,0.45799845
7615,model_3,0.1788,0.16748239
7616,model_3,0.1813,0.27302182
7617,model_3,0.4837,0.4377378
7618,model_3,0.4034,0.40687245
7619,model_3,0.516,0.46682972
7620,model_3,0.1309,0.062853426
7621,model_3,0.1019,0.0870671
7622,model_3,0.2802,0.24562421
7623,model_3,0.5535,0.49642903
7624,model_3,0.1515,0.20628676
7625,model_3,0.0072,-0.012800047
7626,model_3,0.1939,0.17719454
7627,model_3,-0.0453,0.029987544
7628,model_3,0.1845,0.03407511
7629,model_3,0.6,0.5512448
7630,model_3,0.7875,0.7803546
7631,model_3,0.3052,0.27454147
7632,model_3,0.0214,0.35315612
7633,model_3,-0.0389,-0.011224866
7634,model_3,0.1277,0.12087467
7635,model_3,0.1638,0.17055146
7636,model_3,0.1365,0.08615118
7637,model_3,0.1018,0.13480766
7638,model_3,0.559,0.4626208
7639,model_3,0.2306,0.20368107
7640,model_3,0.1817,0.25885493
7641,model_3,0.3523,0.3906668
7642,model_3,0.1933,0.22558893
7643,model_3,0.1334,0.10417716
7644,model_3,0.3723,0.36193708
7645,model_3,0.8032,0.77359056
7646,model_3,-0.2069,-0.16035818
7647,model_3,0.0572,0.09983523
7648,model_3,-0.1588,-0.16990304
7649,model_3,0.1902,0.22208032
7650,model_3,0.2198,0.13323712
7651,model_3,0.2062,0.18076392
7652,model_3,0.2178,0.19495013
7653,model_3,0.5964,0.5399766
7654,model_3,0.6139,0.5652048
7655,model_3,0.8674,0.7910324
7656,model_3,0.1727,0.06762014
7657,model_3,0.6951,0.7380586
7658,model_3,0.0993,0.06802471
7659,model_3,0.2609,0.24312226
7660,model_3,-0.0737,-0.017811608
7661,model_3,0.1199,0.061901163
7662,model_3,0.5871,0.4317484
7663,model_3,-0.0262,-0.03495215
7664,model_3,0.0015,0.03685374
7665,model_3,-0.0839,-0.01933004
7666,model_3,0.1463,0.18740107
7667,model_3,0.372,0.284445
7668,model_3,-0.2334,-0.14533867
7669,model_3,0.5,0.49476063
7670,model_3,0.1008,0.06576046
7671,model_3,0.0595,0.052490074
7672,model_3,0.1666,0.09902243
7673,model_3,0.0456,0.15818031
7674,model_3,0.1695,0.18170317
7675,model_3,0.1122,0.09978734
7676,model_3,0.5221,0.23822515
7677,model_3,0.2872,0.33888474
7678,model_3,0.2908,0.24103488
7679,model_3,0.3371,0.35110065
7680,model_3,0.2536,0.21641448
7681,model_3,0.2987,0.19088124
7682,model_3,0.0344,0.05649187
7683,model_3,-0.0008,-0.009263705
7684,model_3,0.3776,0.32351875
7685,model_3,0.1389,0.38560686
7686,model_3,0.5696,0.4722912
7687,model_3,0.6434,0.6876449
7688,model_3,0.0497,0.087769136
7689,model_3,0.1627,0.09740575
7690,model_3,-0.0176,0.22599427
7691,model_3,0.8162,0.8543749
7692,model_3,0.2964,0.25072074
7693,model_3,0.6381,0.6788877
7694,model_3,0.3905,0.45281622
7695,model_3,0.0912,0.13381092
7696,model_3,0.231,0.1414795
7697,model_3,0.3373,0.29337955
7698,model_3,0.2965,0.29111707
7699,model_3,0.1444,0.18623254
7700,model_3,0.4532,0.40173328
7701,model_3,0.122,0.047831662
7702,model_3,0.628,0.6337694
7703,model_3,0.2851,0.20143352
7704,model_3,0.03,0.041110203
7705,model_3,-0.0039,-0.08806065
7706,model_3,-0.0154,-0.03211037
7707,model_3,0.1912,0.34579822
7708,model_3,0.2824,0.30147088
7709,model_3,0.2118,0.24144907
7710,model_3,0.1922,0.19363876
7711,model_3,0.3824,0.25932756
7712,model_3,0.02,0.044086754
7713,model_3,0.3946,0.41144615
7714,model_3,0.0635,0.08938098
7715,model_3,-0.039,0.0076197945
7716,model_3,0.4585,0.5118336
7717,model_3,0.3243,0.32188064
7718,model_3,0.1648,0.13564727
7719,model_3,0.1987,0.16413274
7720,model_3,0.1872,0.14903726
7721,model_3,0.1378,0.16773562
7722,model_3,-0.099,-0.06782812
7723,model_3,0.2793,0.14737026
7724,model_3,0.3316,0.2757635
7725,model_3,0.1795,0.24508016
7726,model_3,0.1547,0.14288746
7727,model_3,-0.1771,-0.17342798
7728,model_3,0.0196,0.11909525
7729,model_3,0.1495,0.23169345
7730,model_3,0.3225,0.25026524
7731,model_3,0.0093,0.006745115
7732,model_3,0.1619,0.061657805
7733,model_3,0.1378,0.13559596
7734,model_3,-0.0671,-0.08505905
7735,model_3,0.0388,0.033521425
7736,model_3,0.4338,0.41623342
7737,model_3,0.1449,0.10888514
7738,model_3,0.1351,0.1236369
7739,model_3,0.2102,0.11142883
7740,model_3,0.3019,0.3298871
7741,model_3,-0.1359,0.00577682
7742,model_3,0.0403,0.06673551
7743,model_3,0.4138,0.43206418
7744,model_3,0.196,0.27704483
7745,model_3,0.025,0.11790533
7746,model_3,0.0448,0.045501348
7747,model_3,0.1714,0.13283685
7748,model_3,0.7873,0.7696883
7749,model_3,0.0168,0.044795733
7750,model_3,0.3336,0.29473513
7751,model_3,-0.1008,-0.0055219177
7752,model_3,0.336,0.3282488
7753,model_3,0.1174,0.030565063
7754,model_3,-0.0528,0.034167785
7755,model_3,0.6153,0.6512078
7756,model_3,0.0935,0.14343265
7757,model_3,-0.1282,-0.027524076
7758,model_3,0.3772,0.34153175
7759,model_3,0.3381,0.24625428
7760,model_3,0.4151,0.44993433
7761,model_3,-0.1532,-0.19133285
7762,model_3,0.1122,0.17009081
7763,model_3,0.2025,0.2467341
7764,model_3,0.487,0.47660682
7765,model_3,0.2475,0.14536074
7766,model_3,0.1275,0.16357376
7767,model_3,0.2696,0.2381025
7768,model_3,0.3628,0.25317165
7769,model_3,0.4541,0.40052485
7770,model_3,-0.1636,-0.13744555
7771,model_3,0.0396,0.07126302
7772,model_3,0.0041,0.020452306
7773,model_3,-0.0169,-0.03828374
7774,model_3,0.1009,0.054947976
7775,model_3,-0.1121,-0.075903624
7776,model_3,0.3194,0.2618603
7777,model_3,0.1527,0.20263402
7778,model_3,0.7047,0.58198696
7779,model_3,0.1183,0.15755309
7780,model_3,0.2584,0.3147501
7781,model_3,-0.1028,0.008337459
7782,model_3,0.3608,0.36832756
7783,model_3,0.0576,0.093554884
7784,model_3,0.4577,0.4021046
7785,model_3,0.4063,0.4533269
7786,model_3,0.0818,0.107437566
7787,model_3,0.2836,0.26533192
7788,model_3,0.5066,0.4740457
7789,model_3,0.4282,0.39369315
7790,model_3,0.67,0.5404714
7791,model_3,0.4959,0.33997473
7792,model_3,0.2656,0.21892329
7793,model_3,-0.0384,-0.037830167
7794,model_3,0.1246,0.20337856
7795,model_3,0.4572,0.47515535
7796,model_3,0.3305,0.26332143
7797,model_3,0.3568,0.28554383
7798,model_3,0.3911,0.3822984
7799,model_3,0.0545,0.07803473
7800,model_3,0.01,0.073834434
7801,model_3,0.0781,0.03519831
7802,model_3,-0.1036,-0.05054203
7803,model_3,0.1,0.13100669
7804,model_3,0.6253,0.59263736
7805,model_3,0.1911,0.16166349
7806,model_3,0.3308,0.26711434
7807,model_3,0.0041,-0.0050585493
7808,model_3,0.1375,0.16963927
7809,model_3,0.3768,0.33340806
7810,model_3,0.2134,0.13277607
7811,model_3,0.0861,0.12116745
7812,model_3,0.2894,0.24986379
7813,model_3,0.4128,0.3991128
7814,model_3,0.3812,0.37966642
7815,model_3,0.147,0.2915252
7816,model_3,0.7102,0.7290843
7817,model_3,0.4021,0.3483712
7818,model_3,0.1532,0.20471507
7819,model_3,0.2071,0.21368706
7820,model_3,0.1293,0.18326192
7821,model_3,0.0626,0.10974185
7822,model_3,0.3771,0.36674753
7823,model_3,0.3758,0.40821326
7824,model_3,0.2291,0.30379188
7825,model_3,0.8525,0.84430844
7826,model_3,0.5083,0.43415233
7827,model_3,0.0404,0.084343
7828,model_3,0.496,0.49835858
7829,model_3,0.0823,0.11329356
7830,model_3,0.0519,0.06439784
7831,model_3,0.0538,0.044112656
7832,model_3,0.7802,0.7186359
7833,model_3,0.0349,0.037856363
7834,model_3,0.5019,0.5466596
7835,model_3,0.2279,0.095701575
7836,model_3,0.5218,0.39099514
7837,model_3,0.266,0.2996214
7838,model_3,0.1681,0.19726263
7839,model_3,0.112,0.06477072
7840,model_3,0.0314,0.091860846
7841,model_3,0.2514,0.18738516
7842,model_3,0.1654,0.18179402
7843,model_3,0.2911,0.22828333
7844,model_3,0.1324,0.117344916
7845,model_3,0.1451,0.21762966
7846,model_3,0.2122,0.12336224
7847,model_3,0.4885,0.48564422
7848,model_3,0.1422,0.113959044
7849,model_3,0.893,0.9022332
7850,model_3,0.172,0.18463092
7851,model_3,0.0872,0.07391481
7852,model_3,0.3202,0.2514731
7853,model_3,0.4865,0.49251056
7854,model_3,0.3982,0.3382789
7855,model_3,0.045,0.11555961
7856,model_3,0.3512,0.41980904
7857,model_3,0.2605,0.19902883
7858,model_3,0.5737,0.54462063
7859,model_3,0.7863,0.8347619
7860,model_3,0.1633,0.17377378
7861,model_3,0.1534,0.12900557
7862,model_3,0.1058,0.10920201
7863,model_3,-0.0711,-0.03701026
7864,model_3,0.3967,0.3033995
7865,model_3,0.2556,0.2946819
7866,model_3,0.2316,0.08947204
7867,model_3,0.0237,0.019093666
7868,model_3,-0.1965,-0.100005984
7869,model_3,0.1664,0.3595788
7870,model_3,-0.044,0.09088571
7871,model_3,0.4254,0.3090313
7872,model_3,0.5146,0.49802437
7873,model_3,0.5227,0.6010552
7874,model_3,0.3813,0.34423187
7875,model_3,0.2022,0.23212563
7876,model_3,0.174,0.18756072
7877,model_3,0.4442,0.38075334
7878,model_3,0.1327,0.12782882
7879,model_3,0.1344,0.13629438
7880,model_3,0.0602,0.011474978
7881,model_3,0.1259,0.25623265
7882,model_3,-0.085,-0.039252013
7883,model_3,0.6118,0.53476584
7884,model_3,0.0827,0.07764554
7885,model_3,0.468,0.4513523
7886,model_3,0.8082,0.7660505
7887,model_3,0.0236,0.0584519
7888,model_3,0.0834,0.081168026
7889,model_3,0.0741,0.17333795
7890,model_3,-0.0312,-0.059976
7891,model_3,0.4812,0.49954358
7892,model_3,0.1985,0.1450377
7893,model_3,0.5729,0.5487623
7894,model_3,0.806,0.73844355
7895,model_3,0.0111,-0.020445775
7896,model_3,0.3479,0.4159746
7897,model_3,0.2207,0.16827834
7898,model_3,0.1676,0.1878439
7899,model_3,0.1055,0.13862477
7900,model_3,0.128,0.14998606
7901,model_3,0.0259,0.02541647
7902,model_3,0.1212,0.106146514
7903,model_3,0.1985,0.25546852
7904,model_3,0.0954,0.117024526
7905,model_3,0.5642,-0.12842457
7906,model_3,0.1757,0.12601879
7907,model_3,0.1588,0.05177769
7908,model_3,0.2185,0.2415472
7909,model_3,0.0539,0.0071624108
7910,model_3,0.7087,0.69976974
7911,model_3,0.1029,0.06981808
7912,model_3,-0.0829,-0.042151403
7913,model_3,0.3109,0.21273585
7914,model_3,0.3895,0.34068966
7915,model_3,-0.1633,-0.08437066
7916,model_3,0.2135,0.1456788
7917,model_3,0.1851,0.2354224
7918,model_3,0.2973,0.36429456
7919,model_3,0.0036,0.0022790134
7920,model_3,0.41,0.40752518
7921,model_3,0.0959,0.10797858
7922,model_3,0.0548,0.10793069
7923,model_3,0.0076,0.29594105
7924,model_3,-0.0779,-0.056717772
7925,model_3,0.08,0.11107722
7926,model_3,0.2207,0.44715133
7927,model_3,0.4413,0.3595882
7928,model_3,0.0658,0.018514732
7929,model_3,0.3493,0.36910376
7930,model_3,0.2391,0.22742781
7931,model_3,0.023,0.051581122
7932,model_3,0.594,0.6746673
7933,model_3,0.3332,0.33647412
7934,model_3,0.482,0.49937373
7935,model_3,0.2071,0.122443765
7936,model_3,0.8894,0.85257715
7937,model_3,0.0461,0.10950859
7938,model_3,0.2497,0.30144978
7939,model_3,-0.2304,-0.10256772
7940,model_3,0.3956,0.3674843
7941,model_3,0.155,0.33875787
7942,model_3,0.5459,0.4842896
7943,model_3,0.1457,0.124685526
7944,model_3,0.611,0.67161953
7945,model_3,-0.0513,-0.028519925
7946,model_3,0.2687,0.26057765
7947,model_3,0.0447,0.087819606
7948,model_3,0.513,0.44732523
7949,model_3,0.2302,0.41723293
7950,model_3,0.5604,0.5543131
7951,model_3,0.6187,0.5231466
7952,model_3,0.1463,0.115560055
7953,model_3,0.2603,0.18554048
7954,model_3,0.0076,0.07378173
7955,model_3,0.0315,0.040000413
7956,model_3,0.1645,0.24076708
7957,model_3,0.2143,0.3160926
7958,model_3,0.329,0.38378128
7959,model_3,-0.0139,0.020197826
7960,model_3,0.3738,0.3694104
7961,model_3,0.1203,0.083958924
7962,model_3,0.0547,0.19906498
7963,model_3,0.2056,0.16305424
7964,model_3,0.1251,0.1912096
7965,model_3,0.2334,0.16543612
7966,model_3,0.2282,0.3047791
7967,model_3,-0.0475,-0.100018844
7968,model_3,0.1753,0.104686156
7969,model_3,0.2433,0.19637652
7970,model_3,0.3039,0.3697679
7971,model_3,0.2911,0.32701257
7972,model_3,0.5312,0.5419733
7973,model_3,0.0045,0.0053294767
7974,model_3,0.2446,0.28798768
7975,model_3,0.0783,0.08810702
7976,model_3,0.1593,0.09516324
7977,model_3,0.7371,0.7560325
7978,model_3,0.4262,0.35074806
7979,model_3,0.4948,0.4877317
7980,model_3,0.169,0.017960142
7981,model_3,0.1676,0.1714776
7982,model_3,0.2038,0.26775485
7983,model_3,0.1706,0.1577969
7984,model_3,0.4307,0.45701626
7985,model_3,0.1734,0.15240957
7986,model_3,0.2079,0.22513442
7987,model_3,0.1839,0.14077593
7988,model_3,0.2274,0.22112934
7989,model_3,0.2536,0.26551062
7990,model_3,0.374,0.39429376
7991,model_3,0.5417,0.4981857
7992,model_3,0.815,0.81877244
7993,model_3,0.2078,0.1967753
7994,model_3,0.1419,0.10344593
7995,model_3,0.2589,0.21844602
7996,model_3,0.281,0.18675779
7997,model_3,0.5114,0.46869558
7998,model_3,0.0358,0.050088342
7999,model_3,0.7986,0.83612263
8000,model_3,0.6542,0.62212443
8001,model_3,0.088,0.11511797
8002,model_3,0.025,0.032339513
8003,model_3,-0.0112,0.013070585
8004,model_3,0.3338,0.20514293
8005,model_3,0.2818,0.3183213
8006,model_3,0.269,0.27063772
8007,model_3,-0.0424,-0.11005373
8008,model_3,0.1803,0.18564661
8009,model_3,0.169,0.10410784
8010,model_3,0.236,0.2738862
8011,model_3,0.2198,0.2066277
8012,model_3,0.1866,0.16063838
8013,model_3,0.4248,0.3631463
8014,model_3,0.2512,0.17693464
8015,model_3,0.2158,0.21128784
8016,model_3,-0.1,-0.10798447
8017,model_3,-0.5749,0.043618415
8018,model_3,0.0946,0.035967737
8019,model_3,0.8552,0.8611682
8020,model_3,-0.1193,-0.158238
8021,model_3,0.5345,0.5324059
8022,model_3,-0.0114,0.0040367674
8023,model_3,0.2066,0.17019762
8024,model_3,0.0119,0.060602624
8025,model_3,-0.1535,-0.013029359
8026,model_3,0.3214,0.3209315
8027,model_3,0.3994,0.36829585
8028,model_3,0.0641,0.10463841
8029,model_3,0.4663,0.41930363
8030,model_3,-0.0225,0.014202632
8031,model_3,0.5976,0.55078185
8032,model_3,0.2496,0.25760582
8033,model_3,0.2314,0.24345452
8034,model_3,0.0476,0.18655932
8035,model_3,0.2053,0.18209891
8036,model_3,0.3204,0.40826654
8037,model_3,0.3088,0.22903785
8038,model_3,-0.142,-0.03976832
8039,model_3,0.3433,0.38496554
8040,model_3,0.252,0.1840239
8041,model_3,0.2221,0.17316376
8042,model_3,0.2191,0.19733112
8043,model_3,0.2066,0.2380471
8044,model_3,0.0754,0.030287407
8045,model_3,0.1489,0.16099717
8046,model_3,0.1556,0.13884725
8047,model_3,0.2323,0.2111738
8048,model_3,0.1005,0.115549386
8049,model_3,0.4096,0.51970726
8050,model_3,0.1339,0.1623476
8051,model_3,0.3487,0.29498285
8052,model_3,0.144,-0.07259372
8053,model_3,-0.047,0.0492337
8054,model_3,0.0231,-0.028457891
8055,model_3,0.0609,0.07444343
8056,model_3,0.929,0.876901
8057,model_3,0.6836,0.6716196
8058,model_3,0.4013,0.3976347
8059,model_3,0.4146,0.37444302
8060,model_3,0.1216,0.18817768
8061,model_3,0.2479,0.30035925
8062,model_3,0.2411,0.40353844
8063,model_3,0.0501,0.053811666
8064,model_3,0.2792,0.25201952
8065,model_3,0.3772,0.404778
8066,model_3,0.5453,0.53452855
8067,model_3,0.0991,0.017449152
8068,model_3,0.8317,0.8353962
8069,model_3,0.4374,0.45927387
8070,model_3,0.0686,0.09117757
8071,model_3,0.3364,0.32433173
8072,model_3,0.298,0.27367777
8073,model_3,0.1833,0.2950241
8074,model_3,0.1203,0.18301342
8075,model_3,0.4889,0.495087
8076,model_3,0.3597,0.2738778
8077,model_3,0.1821,0.122696176
8078,model_3,0.6694,0.6169393
8079,model_3,0.386,0.32617927
8080,model_3,0.1627,0.13732128
8081,model_3,0.4063,0.38758582
8082,model_3,0.2047,0.22190014
8083,model_3,0.4378,0.46428022
8084,model_3,0.2944,0.30298904
8085,model_3,0.0882,0.06558396
8086,model_3,0.477,0.49091032
8087,model_3,0.0561,0.09667507
8088,model_3,0.2365,0.22287314
8089,model_3,0.4709,0.42023364
8090,model_3,0.3123,0.301219
8091,model_3,0.1103,0.082102165
8092,model_3,0.5381,0.47384924
8093,model_3,-0.0282,0.013578609
8094,model_3,-0.1078,-0.0074126422
8095,model_3,0.1588,0.13811208
8096,model_3,0.312,0.18454923
8097,model_3,0.6709,0.63441646
8098,model_3,0.1096,0.12020704
8099,model_3,0.5135,0.6051417
8100,model_3,0.1184,0.0697808
8101,model_3,-0.0023,0.039576452
8102,model_3,0.4592,0.47977662
8103,model_3,0.3461,0.29212296
8104,model_3,0.7936,0.8965046
8105,model_3,0.468,0.46192154
8106,model_3,-0.0229,-0.058720667
8107,model_3,0.8707,0.8858767
8108,model_3,0.3845,0.39495736
8109,model_3,0.4534,0.3437151
8110,model_3,0.314,0.26612848
8111,model_3,0.5015,0.23421219
8112,model_3,0.3327,0.28799498
8113,model_3,0.1622,0.19035567
8114,model_3,0.1257,0.13593958
8115,model_3,0.3908,0.40528393
8116,model_3,0.108,0.16282555
8117,model_3,0.3197,0.23191552
8118,model_3,0.1599,0.1042079
8119,model_3,0.4747,0.34091616
8120,model_3,0.5028,0.4405432
8121,model_3,0.5039,0.4431787
8122,model_3,0.3143,0.17551444
8123,model_3,0.2406,0.21880676
8124,model_3,0.3679,0.42654088
8125,model_3,0.3705,0.3173688
8126,model_3,0.7953,0.77037966
8127,model_3,-0.0161,0.029452637
8128,model_3,0.311,0.2236373
8129,model_3,0.2225,0.30558607
8130,model_3,0.4598,0.4332592
8131,model_3,0.2595,0.3082532
8132,model_3,0.4819,0.4569354
8133,model_3,0.2515,0.12955631
8134,model_3,-0.13,-0.16085786
8135,model_3,0.5165,0.51387984
8136,model_3,0.331,0.34142634
8137,model_3,0.295,0.3565557
8138,model_3,0.1406,0.1300821
8139,model_3,0.467,0.40983242
8140,model_3,0.391,0.45061868
8141,model_3,0.2831,0.22224526
8142,model_3,0.0039,0.049079806
8143,model_3,-0.1949,0.07832402
8144,model_3,0.8661,0.83884615
8145,model_3,0.3169,0.23836362
8146,model_3,0.1683,0.23152158
8147,model_3,0.0904,0.09323442
8148,model_3,0.1558,0.12212132
8149,model_3,0.2756,0.27764633
8150,model_3,0.2354,0.18083352
8151,model_3,0.2313,0.14718997
8152,model_3,-0.2592,-0.18204233
8153,model_3,0.47,0.504939
8154,model_3,0.3482,0.4382389
8155,model_3,0.2288,0.23109892
8156,model_3,0.1333,-0.002020835
8157,model_3,0.0752,0.04513141
8158,model_3,0.5703,0.60464925
8159,model_3,0.1318,0.14764227
8160,model_3,0.4238,0.45666802
8161,model_3,0.1957,0.19564314
8162,model_3,-0.0309,0.0355645
8163,model_3,-0.2026,-0.100164905
8164,model_3,0.1492,0.085671976
8165,model_3,0.101,0.14632973
8166,model_3,0.4566,0.37913325
8167,model_3,0.5861,0.5608985
8168,model_3,0.5031,0.48408693
8169,model_3,0.286,0.1324537
8170,model_3,-0.1244,-0.021101452
8171,model_3,-0.0963,0.042369567
8172,model_3,0.1343,0.09786753
8173,model_3,-0.0445,0.0049742386
8174,model_3,0.3268,0.22749348
8175,model_3,0.0759,0.07310186
8176,model_3,-0.0004,0.07798508
8177,model_3,0.1804,0.14929663
8178,model_3,0.3891,0.3835733
8179,model_3,0.476,0.35333535
8180,model_3,0.1044,0.39333656
8181,model_3,0.1481,0.13547163
8182,model_3,0.2509,0.24977201
8183,model_3,-0.0014,0.0060368236
8184,model_3,0.0709,0.068680495
8185,model_3,0.0406,0.04901029
8186,model_3,0.9323,0.9522459
8187,model_3,0.2264,0.15855305
8188,model_3,0.0986,0.032300964
8189,model_3,0.0672,0.07007417
8190,model_3,0.0755,0.079986796
8191,model_3,0.197,0.13824111
8192,model_3,0.516,0.50759375
8193,model_3,0.2858,0.32445982
8194,model_3,0.8269,0.78004134
8195,model_3,0.9665,0.9270462
8196,model_3,0.2358,0.18480453
8197,model_3,-0.1734,-0.19376625
8198,model_3,0.4393,0.45414436
8199,model_3,-0.14,-0.14109169
8200,model_3,0.5755,0.55190635
8201,model_3,0.6711,0.38972604
8202,model_3,0.2002,0.18706553
8203,model_3,0.1867,0.24574436
8204,model_3,0.3063,0.3142831
8205,model_3,0.7297,0.6494826
8206,model_3,0.1701,0.13538352
8207,model_3,0.3475,0.3753932
8208,model_3,0.0842,0.15654771
8209,model_3,-0.0014,-0.016268417
8210,model_3,0.1991,0.11437389
8211,model_3,0.1758,0.24142182
8212,model_3,-0.0328,0.017126441
8213,model_3,0.1432,0.0650748
8214,model_3,0.1607,0.15012991
8215,model_3,0.0929,0.11900011
8216,model_3,0.1573,0.21560714
8217,model_3,-0.0366,-0.05662925
8218,model_3,0.1659,0.18779491
8219,model_3,0.6421,0.6898084
8220,model_3,0.1158,0.07535963
8221,model_3,0.5968,0.5696959
8222,model_3,0.4382,0.3937168
8223,model_3,-0.0089,0.021513708
8224,model_3,0.7888,0.7672636
8225,model_3,0.1321,0.2863136
8226,model_3,0.1556,0.21247862
8227,model_3,0.1571,0.08433926
8228,model_3,0.2813,0.28437454
8229,model_3,-0.0553,-0.031114325
8230,model_3,-0.0286,0.023453038
8231,model_3,0.0898,0.06639103
8232,model_3,0.256,0.15548383
8233,model_3,0.1174,0.09598859
8234,model_3,-0.1422,-0.111280784
8235,model_3,0.2153,0.2453057
8236,model_3,0.089,0.2939366
8237,model_3,0.1971,0.27153695
8238,model_3,0.1902,0.24506855
8239,model_3,0.5737,0.48454773
8240,model_3,-0.0696,0.038986444
8241,model_3,0.3303,0.3640082
8242,model_3,0.32,0.3702377
8243,model_3,-0.0404,-0.006235186
8244,model_3,0.0821,0.07890503
8245,model_3,0.0895,0.23202078
8246,model_3,0.3422,0.41508788
8247,model_3,0.6671,0.5954377
8248,model_3,0.1434,0.13854657
8249,model_3,0.0903,0.13159773
8250,model_3,-0.0377,-0.013840571
8251,model_3,0.2015,0.1270381
8252,model_3,-0.2146,-0.17850427
8253,model_3,0.4999,0.47269052
8254,model_3,0.1687,0.116996914
8255,model_3,0.1481,0.22145239
8256,model_3,-0.0119,-0.018614713
8257,model_3,0.1368,0.22610344
8258,model_3,0.532,0.4627656
8259,model_3,0.1131,0.17366779
8260,model_3,0.2654,0.26956677
8261,model_3,0.5252,0.44595832
8262,model_3,0.102,0.08022064
8263,model_3,0.1438,0.11197637
8264,model_3,0.3371,0.27914375
8265,model_3,-0.1646,-0.17696406
8266,model_3,0.0757,0.18741536
8267,model_3,0.3713,0.20453654
8268,model_3,0.261,0.23475179
8269,model_3,0.4555,0.39797583
8270,model_3,0.523,0.5820101
8271,model_3,0.2208,0.23402362
8272,model_3,0.1665,0.16888481
8273,model_3,0.1519,0.16090365
8274,model_3,0.084,0.2269573
8275,model_3,0.2562,0.21073015
8276,model_3,0.1587,0.16314735
8277,model_3,0.2921,0.25359148
8278,model_3,0.346,0.32334098
8279,model_3,0.1752,0.17236172
8280,model_3,0.0576,0.064168155
8281,model_3,0.2593,0.24976331
8282,model_3,0.6237,0.64890593
8283,model_3,0.6642,0.6585581
8284,model_3,0.1626,0.20049445
8285,model_3,0.0199,0.035585247
8286,model_3,0.351,0.3087314
8287,model_3,0.1391,0.16383982
8288,model_3,0.1439,0.3772443
8289,model_3,-0.118,-0.024592463
8290,model_3,0.1575,0.18668208
8291,model_3,0.1039,0.07193884
8292,model_3,0.058,0.09422529
8293,model_3,0.3379,0.36441988
8294,model_3,0.1154,0.14291032
8295,model_3,-0.0239,0.21611126
8296,model_3,0.018,0.042572215
8297,model_3,-0.0247,-0.032798205
8298,model_3,0.0036,0.0100414045
8299,model_3,0.2146,0.16063035
8300,model_3,0.8651,0.8747411
8301,model_3,0.0975,0.07969876
8302,model_3,0.203,0.14849342
8303,model_3,0.2146,0.26850343
8304,model_3,0.7202,0.71360445
8305,model_3,0.0498,0.010043964
8306,model_3,-0.0454,-0.009662755
8307,model_3,0.0339,0.010604523
8308,model_3,0.4762,0.3798508
8309,model_3,0.1491,0.1940185
8310,model_3,0.3627,0.35652912
8311,model_3,0.842,0.8660806
8312,model_3,0.2339,0.22927026
8313,model_3,0.0146,0.020768536
8314,model_3,0.1571,0.14303492
8315,model_3,-0.0455,-0.11499402
8316,model_3,0.2512,0.29655725
8317,model_3,0.1304,0.06958087
8318,model_3,0.6412,0.6476305
8319,model_3,0.2924,0.274157
8320,model_3,0.1715,0.17480914
8321,model_3,0.0157,0.07285756
8322,model_3,0.1155,0.09431872
8323,model_3,-0.0113,0.17999314
8324,model_3,0.1165,-0.014469799
8325,model_3,0.4428,0.3660037
8326,model_3,0.4851,0.43279484
8327,model_3,0.3105,0.3079456
8328,model_3,0.2339,0.13369727
8329,model_3,0.6122,0.65900934
8330,model_3,0.0809,0.07476324
8331,model_3,0.9447,0.897463
8332,model_3,0.1303,0.08305113
8333,model_3,0.2879,0.27426663
8334,model_3,-0.0406,-0.013485286
8335,model_3,0.1661,0.09453161
8336,model_3,0.4717,0.50718176
8337,model_3,0.2581,0.19563599
8338,model_3,0.2614,0.22250633
8339,model_3,0.2206,0.18907559
8340,model_3,0.4404,0.32405144
8341,model_3,-0.0225,0.0076708263
8342,model_3,0.1362,0.12008579
8343,model_3,0.122,0.15574941
8344,model_3,0.2478,0.29047436
8345,model_3,0.0804,0.09450181
8346,model_3,0.0896,0.14582844
8347,model_3,0.2589,0.29328766
8348,model_3,0.1241,0.10221453
8349,model_3,0.0953,0.22874546
8350,model_3,0.3806,0.38351846
8351,model_3,0.3132,0.31518692
8352,model_3,0.1667,0.13915454
8353,model_3,0.4849,0.4169944
8354,model_3,-0.0329,0.1241682
8355,model_3,0.5584,0.49097353
8356,model_3,0.0591,0.05740096
8357,model_3,0.4223,0.39712778
8358,model_3,-0.1287,-0.12894075
8359,model_3,0.2548,0.20267251
8360,model_3,0.1733,0.1885186
8361,model_3,0.0309,0.020821813
8362,model_3,0.1838,0.1824619
8363,model_3,0.0496,0.09529263
8364,model_3,0.6049,0.60324323
8365,model_3,0.2337,0.26843846
8366,model_3,-0.163,0.064316854
8367,model_3,0.633,0.638434
8368,model_3,0.2357,0.27198258
8369,model_3,0.0549,0.1422954
8370,model_3,0.1392,0.195843
8371,model_3,0.499,0.5105373
8372,model_3,0.4157,0.39047265
8373,model_3,0.3054,0.3728512
8374,model_3,0.1348,0.2586205
8375,model_3,0.1066,0.11286482
8376,model_3,0.2705,0.24534664
8377,model_3,0.2422,0.19114463
8378,model_3,0.1623,0.1905017
8379,model_3,0.1289,0.1408398
8380,model_3,0.0515,0.08930513
8381,model_3,0.3696,0.37616295
8382,model_3,0.5245,0.43443102
8383,model_3,0.1274,0.009796198
8384,model_3,0.074,0.13555223
8385,model_3,0.2207,0.1752167
8386,model_3,-0.0335,-0.08521488
8387,model_3,0.2783,0.29163772
8388,model_3,0.0534,0.09242725
8389,model_3,0.5358,0.5412014
8390,model_3,0.0646,0.038554624
8391,model_3,0.2973,0.28408775
8392,model_3,-0.2085,-0.14731985
8393,model_3,-0.0118,0.19061035
8394,model_3,0.3737,0.42882904
8395,model_3,0.1555,0.2409048
8396,model_3,0.3779,0.34782457
8397,model_3,0.1482,0.09396787
8398,model_3,0.2755,0.24319668
8399,model_3,0.3749,0.39841658
8400,model_3,0.0899,-0.014743652
8401,model_3,0.3519,0.23323141
8402,model_3,0.4123,0.32653055
8403,model_3,0.1541,0.08608998
8404,model_3,-0.0532,0.023170236
8405,model_3,0.3114,0.3528272
8406,model_3,0.3575,0.35220182
8407,model_3,0.3541,0.36257666
8408,model_3,0.0643,0.033026557
8409,model_3,0.1829,0.21059982
8410,model_3,0.4503,0.43197894
8411,model_3,-0.1198,-0.025983952
8412,model_3,0.0585,0.05830588
8413,model_3,-0.0512,-0.10805231
8414,model_3,0.6584,0.6882109
8415,model_3,0.4088,0.43135187
8416,model_3,0.3131,0.341758
8417,model_3,0.8609,0.8055733
8418,model_3,0.3183,0.21479666
8419,model_3,0.4465,0.40356326
8420,model_3,-0.1397,-0.14764506
8421,model_3,0.1518,0.16841461
8422,model_3,0.3018,0.44122225
8423,model_3,0.2035,0.19938323
8424,model_3,0.3751,0.34639493
8425,model_3,0.1341,0.09359045
8426,model_3,0.0226,0.109978795
8427,model_3,0.2792,0.29646808
8428,model_3,0.1594,0.24913092
8429,model_3,0.1327,0.12287475
8430,model_3,0.6031,0.50469935
8431,model_3,-0.0169,-0.06638773
8432,model_3,-0.2042,-0.17316343
8433,model_3,-0.1098,-0.07142788
8434,model_3,-0.06,-0.0426447
8435,model_3,0.5641,0.53659266
8436,model_3,0.1709,0.16790907
8437,model_3,0.2249,0.22179063
8438,model_3,0.2594,0.23259409
8439,model_3,-0.2033,-0.12286493
8440,model_3,0.3997,0.2917581
8441,model_3,0.2886,0.30008715
8442,model_3,0.0537,0.07380892
8443,model_3,0.1632,0.23051745
8444,model_3,0.0502,0.1928559
8445,model_3,0.2989,0.27169442
8446,model_3,0.7463,0.7444721
8447,model_3,0.0917,0.12784809
8448,model_3,0.1228,0.115382075
8449,model_3,0.0764,0.07992856
8450,model_3,0.1997,0.25912717
8451,model_3,0.0639,0.09157024
8452,model_3,0.2147,0.23457146
8453,model_3,0.1924,0.17618059
8454,model_3,0.2336,0.30071247
8455,model_3,0.1368,0.09061189
8456,model_3,-0.0726,0.061342727
8457,model_3,0.0723,0.03744538
8458,model_3,0.5147,0.50609654
8459,model_3,0.6486,0.60687375
8460,model_3,0.4589,0.4919029
8461,model_3,0.1824,0.03296464
8462,model_3,0.5554,0.5346285
8463,model_3,0.1301,0.12827262
8464,model_3,0.0471,0.09145105
8465,model_3,0.1604,0.4576068
8466,model_3,0.1757,0.16486622
8467,model_3,0.1223,0.1363828
8468,model_3,0.1768,0.17981483
8469,model_3,0.111,0.10874587
8470,model_3,0.1488,0.3433127
8471,model_3,0.4514,0.3859951
8472,model_3,0.0752,0.14189915
8473,model_3,0.1796,0.22996174
8474,model_3,0.1721,0.24199398
8475,model_3,0.3159,0.25474858
8476,model_3,0.0185,-0.022164192
8477,model_3,0.2317,0.22250591
8478,model_3,0.839,0.77258426
8479,model_3,-0.1053,-0.11332874
8480,model_3,0.6241,0.5424822
8481,model_3,0.2437,0.309395
8482,model_3,0.4658,0.41040146
8483,model_3,0.5296,0.51940304
8484,model_3,0.3454,0.37668982
8485,model_3,-0.0523,-0.007918853
8486,model_3,0.2367,0.25706372
8487,model_3,-0.0318,0.026222257
8488,model_3,-0.1389,-0.06868291
8489,model_3,0.4072,0.3493648
8490,model_3,0.2072,0.17785385
8491,model_3,-0.1929,-0.1579036
8492,model_3,-0.044,-0.015783725
8493,model_3,0.024,-0.0056777336
8494,model_3,0.0527,0.08507733
8495,model_3,0.4268,0.40461951
8496,model_3,0.0467,0.07637918
8497,model_3,0.2166,0.22457688
8498,model_3,0.3644,0.32073954
8499,model_3,0.0742,0.10254617
8500,model_3,0.1657,0.19493854
8501,model_3,-0.0197,-0.0302113
8502,model_3,0.1168,0.20287077
8503,model_3,0.6326,0.67676634
8504,model_3,0.7376,0.73590356
8505,model_3,0.0216,0.10289687
8506,model_3,0.1767,0.21447997
8507,model_3,0.1621,0.23038207
8508,model_3,0.3109,0.36468232
8509,model_3,0.1434,0.18613766
8510,model_3,0.1444,0.12178756
8511,model_3,0.3419,0.38993362
8512,model_3,-0.1969,-0.20334773
8513,model_3,0.2819,0.3016681
8514,model_3,0.1428,0.13962512
8515,model_3,0.0376,-0.062919065
8516,model_3,0.074,0.10032889
8517,model_3,0.1678,0.25014412
8518,model_3,0.3727,0.34239304
8519,model_3,0.3913,0.34011734
8520,model_3,0.59,0.5266813
8521,model_3,0.2115,0.09225799
8522,model_3,0.1805,0.107446685
8523,model_3,0.297,0.23219177
8524,model_3,0.0675,0.028903285
8525,model_3,0.0249,0.02929952
8526,model_3,0.2209,0.21979173
8527,model_3,0.0484,0.036041863
8528,model_3,0.1844,0.20193163
8529,model_3,0.0703,0.11884189
8530,model_3,0.7797,0.74592394
8531,model_3,0.2194,0.17168643
8532,model_3,0.2741,0.26125497
8533,model_3,0.264,0.054230884
8534,model_3,0.089,0.11588916
8535,model_3,-0.0174,0.023024596
8536,model_3,0.3093,0.36771482
8537,model_3,0.0401,0.069362074
8538,model_3,0.0969,0.18672752
8539,model_3,0.218,0.25816244
8540,model_3,0.1445,0.16717243
8541,model_3,-0.0434,0.036872137
8542,model_3,0.0831,0.08182725
8543,model_3,0.1982,0.27601242
8544,model_3,0.4415,0.3889851
8545,model_3,0.395,0.42261535
8546,model_3,0.7228,0.6380841
8547,model_3,0.2033,0.21410549
8548,model_3,0.3381,0.14266773
8549,model_3,-1e-04,0.0036096685
8550,model_3,0.1251,0.21363606
8551,model_3,0.2526,0.21217966
8552,model_3,0.3148,0.15458117
8553,model_3,0.2407,0.25567958
8554,model_3,0.5303,0.5481617
8555,model_3,0.2007,0.26705828
8556,model_3,0.3103,0.14896284
8557,model_3,0.5572,0.60223347
8558,model_3,0.1321,0.18350685
8559,model_3,0.0921,0.098470196
8560,model_3,0.1829,0.31475818
8561,model_3,0.7506,0.7704118
8562,model_3,0.1686,0.13735479
8563,model_3,0.5172,0.46938735
8564,model_3,0.04,0.06376846
8565,model_3,0.6926,0.6817517
8566,model_3,0.2028,0.18390869
8567,model_3,0.1676,0.24467288
8568,model_3,0.2867,0.2952404
8569,model_3,-0.0258,0.13327831
8570,model_3,0.6387,0.68228644
8571,model_3,0.1085,0.059358466
8572,model_3,0.167,0.19227533
8573,model_3,-0.0846,-0.043876145
8574,model_3,0.3308,0.2656039
8575,model_3,0.3568,0.35229245
8576,model_3,0.218,0.17629968
8577,model_3,0.0208,0.052168
8578,model_3,-0.0647,-0.07766825
8579,model_3,0.1977,0.20476413
8580,model_3,0.1041,0.12047657
8581,model_3,0.9135,0.96957
8582,model_3,-0.2031,-0.11313385
8583,model_3,0.0515,0.086229
8584,model_3,0.0193,0.12979259
8585,model_3,0.0221,-0.05776685
8586,model_3,0.1164,0.09589411
8587,model_3,-0.0303,-0.035886314
8588,model_3,0.55,0.5167202
8589,model_3,0.3811,0.27814254
8590,model_3,0.2575,0.34914607
8591,model_3,0.0269,0.0246005
8592,model_3,0.4508,0.44032946
8593,model_3,0.0571,0.093001306
8594,model_3,0.1278,0.035614043
8595,model_3,-0.0011,0.0005192766
8596,model_3,0.0649,0.11552122
8597,model_3,0.0711,0.11525895
8598,model_3,0.375,0.4170397
8599,model_3,0.0558,0.13852401
8600,model_3,0.0616,0.057342593
8601,model_3,0.5182,0.5556547
8602,model_3,0.104,0.117002696
8603,model_3,0.444,0.53365713
8604,model_3,0.4833,0.4706748
8605,model_3,0.6148,0.5963297
8606,model_3,0.426,0.45348215
8607,model_3,0.7315,0.6841034
8608,model_3,0.3543,0.34387624
8609,model_3,0.0255,0.031064905
8610,model_3,0.6569,0.66570425
8611,model_3,0.3936,0.28194618
8612,model_3,0.2241,0.23661748
8613,model_3,0.2179,0.2248629
8614,model_3,0.302,0.27978367
8615,model_3,0.1527,0.16573538
8616,model_3,0.1559,0.093873024
8617,model_3,0.2001,0.13528498
8618,model_3,0.6468,0.69559306
8619,model_3,-0.0176,-0.012698326
8620,model_3,0.1027,0.06288855
8621,model_3,0.5252,0.49379623
8622,model_3,0.4195,0.36283016
8623,model_3,0.5664,0.5075055
8624,model_3,0.1416,0.07694629
8625,model_3,0.2203,0.1231152
8626,model_3,-0.086,-0.023132201
8627,model_3,0.0932,0.04376367
8628,model_3,0.5271,0.565671
8629,model_3,-0.013,0.053328313
8630,model_3,0.0938,0.09848881
8631,model_3,0.206,0.15421434
8632,model_3,0.2484,0.30709207
8633,model_3,0.7504,0.7077631
8634,model_3,0.0003,0.07169769
8635,model_3,0.2637,0.20239188
8636,model_3,0.5564,0.6043453
8637,model_3,0.1587,0.1963181
8638,model_3,0.1794,0.15135027
8639,model_3,0.1351,0.15059435
8640,model_3,0.0623,0.008944446
8641,model_3,0.1824,-0.009727033
8642,model_3,0.0131,-0.034084737
8643,model_3,0.3673,0.30860502
8644,model_3,0.0234,0.027934179
8645,model_3,0.1953,0.19126792
8646,model_3,0.5578,0.5779504
8647,model_3,0.7461,0.63405335
8648,model_3,0.2784,0.24552362
8649,model_3,0.5476,0.4825502
8650,model_3,-0.0334,0.013480995
8651,model_3,0.1289,0.08433692
8652,model_3,0.1565,0.14331721
8653,model_3,0.7226,0.6118105
8654,model_3,0.3916,0.3360393
8655,model_3,0.2194,0.22438483
8656,model_3,0.3526,0.3067538
8657,model_3,0.1283,0.12619384
8658,model_3,0.1929,0.122645885
8659,model_3,0.9727,0.9251632
8660,model_3,0.1142,0.12324689
8661,model_3,-0.1553,-0.16567071
8662,model_3,0.128,0.16170473
8663,model_3,0.3765,0.3340882
8664,model_3,0.2108,0.21923055
8665,model_3,0.217,0.19098295
8666,model_3,0.0973,0.38769603
8667,model_3,0.2432,0.18878318
8668,model_3,0.1885,0.16374616
8669,model_3,0.1057,0.056925755
8670,model_3,0.8701,0.87742037
8671,model_3,0.0011,0.014070995
8672,model_3,0.1408,0.08900601
8673,model_3,0.3124,0.32719502
8674,model_3,0.3196,0.30746764
8675,model_3,0.178,0.26373005
8676,model_3,0.0912,0.22964075
8677,model_3,0.0044,0.035200782
8678,model_3,0.0709,0.17173785
8679,model_3,0.2204,0.23036206
8680,model_3,0.379,0.37610996
8681,model_3,0.1896,0.11492479
8682,model_3,0.3547,0.37607598
8683,model_3,0.1272,0.1420122
8684,model_3,0.3462,0.45663384
8685,model_3,0.3293,0.21325423
8686,model_3,0.0992,0.080964446
8687,model_3,0.1706,0.12584439
8688,model_3,0.0812,0.08205533
8689,model_3,0.0391,0.17974795
8690,model_3,0.1354,0.17719059
8691,model_3,0.334,0.34715596
8692,model_3,0.4088,0.3390813
8693,model_3,0.2823,0.2280612
8694,model_3,0.5985,0.5620181
8695,model_3,0.6831,0.7249533
8696,model_3,0.6066,0.57900196
8697,model_3,0.3036,0.23982354
8698,model_3,0.5453,0.45357257
8699,model_3,0.0505,0.143182
8700,model_3,0.3587,0.29397437
8701,model_3,0.2416,0.2743889
8702,model_3,0.3545,0.3458818
8703,model_3,0.8793,0.887162
8704,model_3,-0.105,0.016615277
8705,model_3,0.8845,0.91066533
8706,model_3,-0.0169,-0.020020224
8707,model_3,-0.0828,-0.05908758
8708,model_3,0.1403,0.08225709
8709,model_3,0.1739,0.15944025
8710,model_3,0.202,0.23944023
8711,model_3,0.0943,0.10257912
8712,model_3,0.2933,0.31039757
8713,model_3,0.07,0.115575776
8714,model_3,0.0956,0.06574619
8715,model_3,0.0794,0.057499047
8716,model_3,0.5511,0.6107063
8717,model_3,1.0087,0.9278067
8718,model_3,-0.0792,-0.09976293
8719,model_3,0.0412,0.10308644
8720,model_3,0.2127,0.23246925
8721,model_3,0.0715,0.046591993
8722,model_3,0.0786,0.06760827
8723,model_3,0.1993,0.19122978
8724,model_3,-0.1476,0.28424233
8725,model_3,0.4982,0.5438338
8726,model_3,0.5049,0.5031578
8727,model_3,0.3699,0.3616495
8728,model_3,0.0702,0.047944494
8729,model_3,0.1016,0.08605832
8730,model_3,0.059,0.025158936
8731,model_3,0.0585,0.08564064
8732,model_3,0.0948,0.15591557
8733,model_3,0.7572,0.80545217
8734,model_3,-0.0057,0.046240512
8735,model_3,0.6502,0.6753764
8736,model_3,0.1441,0.22416025
8737,model_3,0.5463,0.5007954
8738,model_3,0.0193,0.035746843
8739,model_3,0.5895,0.4553932
8740,model_3,-0.1888,-0.05482774
8741,model_3,0.1717,0.2439048
8742,model_3,0.0838,0.086868435
8743,model_3,0.7194,0.6526585
8744,model_3,-0.0628,-0.01595275
8745,model_3,-0.1818,-0.08188307
8746,model_3,0.2796,0.3091098
8747,model_3,0.4335,0.4444924
8748,model_3,0.6846,0.7523884
8749,model_3,0.5616,0.4778079
8750,model_3,0.2364,0.28662497
8751,model_3,0.8542,0.8014788
8752,model_3,0.2339,0.21369699
8753,model_3,0.3931,0.39865896
8754,model_3,0.8486,0.7719684
8755,model_3,0.1571,0.12638158
8756,model_3,0.123,0.15453497
8757,model_3,-0.1357,-0.13128862
8758,model_3,0.314,0.23321937
8759,model_3,0.5013,0.44151795
8760,model_3,0.1815,0.0995983
8761,model_3,0.6097,0.542703
8762,model_3,0.0008,0.024438284
8763,model_3,0.4833,0.486394
8764,model_3,0.7169,0.7056443
8765,model_3,0.775,0.83410454
8766,model_3,0.4415,0.4880234
8767,model_3,0.1374,0.17427166
8768,model_3,0.4842,0.48378754
8769,model_3,0.402,0.33126152
8770,model_3,0.0492,0.15508826
8771,model_3,0.2518,0.39801282
8772,model_3,0.8606,0.86278015
8773,model_3,0.3908,0.55148906
8774,model_3,0.3168,0.34487423
8775,model_3,0.7317,0.72583
8776,model_3,0.1058,0.14438646
8777,model_3,0.113,0.12037073
8778,model_3,0.2431,0.27475902
8779,model_3,0.2694,0.08762643
8780,model_3,0.2864,0.2676388
8781,model_3,0.3009,0.2594443
8782,model_3,0.1228,0.0970096
8783,model_3,0.0436,-0.044350047
8784,model_3,0.0602,0.02893212
8785,model_3,0.2054,0.11300066
8786,model_3,0.1275,0.062196072
8787,model_3,0.1402,0.14424808
8788,model_3,0.3687,0.4443339
8789,model_3,0.1841,0.07505864
8790,model_3,0.4592,0.3527583
8791,model_3,-0.0305,0.09602697
8792,model_3,0.2515,0.34809875
8793,model_3,0.0776,0.03934407
8794,model_3,0.1262,0.1254762
8795,model_3,0.152,0.15813993
8796,model_3,0.3442,0.34010947
8797,model_3,0.4843,0.54846114
8798,model_3,0.1324,0.100838944
8799,model_3,0.4714,0.39562273
8800,model_3,0.2463,0.2363942
8801,model_3,-0.152,-0.14145039
8802,model_3,0.7393,0.7504607
8803,model_3,0.4274,0.3572973
8804,model_3,0.1693,0.2619672
8805,model_3,0.5058,0.5310119
8806,model_3,0.5043,0.50499105
8807,model_3,-0.11,-0.0060074087
8808,model_3,0.0489,0.04362634
8809,model_3,-0.0029,-0.028361883
8810,model_3,0.0359,0.115899995
8811,model_3,0.2133,0.27848542
8812,model_3,0.5089,0.50977874
8813,model_3,0.316,0.21294604
8814,model_3,0.2799,0.20723917
8815,model_3,0.228,0.14167993
8816,model_3,0.5807,0.56709886
8817,model_3,0.5129,0.42144853
8818,model_3,0.349,0.39906508
8819,model_3,0.1349,0.120179415
8820,model_3,0.2496,0.20523284
8821,model_3,0.0886,0.09462799
8822,model_3,0.411,0.5151617
8823,model_3,0.4205,0.51153356
8824,model_3,0.1695,0.17379256
8825,model_3,0.3467,0.22271495
8826,model_3,0.0975,0.19899775
8827,model_3,-0.0579,-0.009731077
8828,model_3,0.2092,0.32081038
8829,model_3,0.1089,0.06688789
8830,model_3,0.3131,0.34752482
8831,model_3,0.5563,0.47969168
8832,model_3,0.0166,0.08675799
8833,model_3,0.1892,0.17047392
8834,model_3,0.1586,0.14260535
8835,model_3,0.3294,0.30104733
8836,model_3,0.1983,0.1631982
8837,model_3,0.1547,0.12028831
8838,model_3,0.0751,0.012548665
8839,model_3,0.4295,0.34573743
8840,model_3,-0.0502,-0.08463608
8841,model_3,0.5133,0.5403335
8842,model_3,-0.1092,-0.0912555
8843,model_3,-0.0123,-0.029787231
8844,model_3,0.7003,0.634122
8845,model_3,-0.0303,0.08919901
8846,model_3,0.1254,0.13100483
8847,model_3,0.4098,0.38717502
8848,model_3,0.0535,0.037735406
8849,model_3,0.2869,0.28376502
8850,model_3,0.5128,0.54271835
8851,model_3,0.0724,0.113296434
8852,model_3,0.1794,0.1950859
8853,model_3,0.6155,0.68210894
8854,model_3,0.2079,0.17081274
8855,model_3,0.3355,0.14532578
8856,model_3,0.2043,0.23672624
8857,model_3,0.497,0.42679295
8858,model_3,0.1859,0.078443944
8859,model_3,0.1302,0.09577237
8860,model_3,0.3435,0.32888198
8861,model_3,0.0597,0.075991854
8862,model_3,0.4149,0.37991077
8863,model_3,0.1627,0.2205577
8864,model_3,0.3603,0.3795437
8865,model_3,0.259,0.2805916
8866,model_3,0.5804,0.63177407
8867,model_3,0.4961,0.5014074
8868,model_3,0.4055,0.38652498
8869,model_3,-0.1447,-0.12431274
8870,model_3,0.52,0.44701523
8871,model_3,-0.0973,-0.16684648
8872,model_3,0.1266,0.12719564
8873,model_3,-0.1773,-0.15042935
8874,model_3,0.0077,0.046275448
8875,model_3,-0.1947,-0.18801461
8876,model_3,0.1742,0.12737942
8877,model_3,0.0883,0.12229617
8878,model_3,0.1592,0.2547669
8879,model_3,0.2319,0.23405062
8880,model_3,0.0809,0.045262728
8881,model_3,-0.1656,-0.15984796
8882,model_3,0.0301,0.06306064
8883,model_3,0.8711,0.8007521
8884,model_3,0.0064,0.0017942395
8885,model_3,0.7413,0.763246
8886,model_3,0.1538,0.1843517
8887,model_3,0.126,0.18262929
8888,model_3,0.4213,0.432419
8889,model_3,0.5487,0.5226405
8890,model_3,0.1051,0.13517646
8891,model_3,0.2526,0.24466887
8892,model_3,0.0446,0.048036654
8893,model_3,0.3029,0.3936425
8894,model_3,0.3675,0.352504
8895,model_3,0.12,0.11970529
8896,model_3,0.3272,0.32698053
8897,model_3,0.3044,0.26256335
8898,model_3,0.6197,0.5960817
8899,model_3,-0.1249,-0.1596099
8900,model_3,0.2858,0.3581799
8901,model_3,0.0394,0.049288638
8902,model_3,0.5866,0.5579633
8903,model_3,0.1104,0.14360459
8904,model_3,0.3012,0.237206
8905,model_3,0.0195,0.06715567
8906,model_3,-0.064,-0.06985527
8907,model_3,0.3011,0.25869852
8908,model_3,0.1564,0.24952194
8909,model_3,0.2869,0.30093965
8910,model_3,0.17,0.08109075
8911,model_3,0.1081,0.051283102
8912,model_3,0.2513,0.34166333
8913,model_3,0.1134,0.1285739
8914,model_3,0.1789,0.17888339
8915,model_3,0.2225,0.16517158
8916,model_3,0.4575,0.50440055
8917,model_3,1.0372,0.9565084
8918,model_3,0.304,0.33897263
8919,model_3,0.0947,0.08268173
8920,model_3,0.0785,0.009674095
8921,model_3,0.4168,0.39375734
8922,model_3,0.1076,0.047065917
8923,model_3,0.36,0.38616425
8924,model_3,0.2679,0.26124537
8925,model_3,0.2502,0.21774833
8926,model_3,0.4212,0.383376
8927,model_3,0.081,0.10651828
8928,model_3,0.4438,0.4534227
8929,model_3,0.1166,0.10562405
8930,model_3,0.4411,0.47948074
8931,model_3,0.1037,0.09972112
8932,model_3,0.4777,0.4409693
8933,model_3,0.7143,0.6892193
8934,model_3,0.465,0.54311436
8935,model_3,0.1431,0.090802014
8936,model_3,-0.0443,0.05491371
8937,model_3,0.3535,0.39654982
8938,model_3,0.1989,0.37372112
8939,model_3,0.0753,0.035450004
8940,model_3,0.7543,0.7671066
8941,model_3,0.1048,0.09853147
8942,model_3,0.2423,0.19262515
8943,model_3,0.0751,0.09572205
8944,model_3,0.1811,0.18085665
8945,model_3,0.2077,0.21800147
8946,model_3,0.2644,0.28410432
8947,model_3,0.1267,0.11375399
8948,model_3,0.0905,0.117535055
8949,model_3,0.4364,0.44465286
8950,model_3,0.1593,0.21624134
8951,model_3,0.2516,0.20299135
8952,model_3,0.3078,0.28914538
8953,model_3,-0.0307,0.0460119
8954,model_3,0.0234,0.04151289
8955,model_3,0.1202,0.10935865
8956,model_3,0.3412,0.33582217
8957,model_3,0.1823,0.1652096
8958,model_3,0.2258,0.18899594
8959,model_3,0.1107,0.080202684
8960,model_3,0.7138,0.6286875
8961,model_3,0.2787,0.21838902
8962,model_3,0.0409,0.07636699
8963,model_3,0.7057,0.7366901
8964,model_3,0.1592,0.148183
8965,model_3,0.0628,0.06660846
8966,model_3,0.4588,0.31237984
8967,model_3,0.5756,0.6460511
8968,model_3,0.4857,0.4612357
8969,model_3,0.4057,0.36413497
8970,model_3,0.217,0.18623322
8971,model_3,0.3933,0.30816963
8972,model_3,0.4487,0.2632716
8973,model_3,0.1067,0.13748087
8974,model_3,0.1358,0.14029416
8975,model_3,0.0479,0.057924747
8976,model_3,0.3972,0.4681331
8977,model_3,0.0085,0.10452396
8978,model_3,0.5367,0.5197055
8979,model_3,0.7953,0.7453777
8980,model_3,0.1984,0.15436132
8981,model_3,0.2351,0.20737636
8982,model_3,0.5608,0.58849007
8983,model_3,0.707,0.71562076
8984,model_3,0.1896,0.19481623
8985,model_3,0.17,0.15013666
8986,model_3,0.0265,0.010033937
8987,model_3,0.4113,0.32443482
8988,model_3,0.6551,0.5822517
8989,model_3,-0.0158,0.039411616
8990,model_3,0.2872,0.27855343
8991,model_3,0.0793,0.1296823
8992,model_3,0.1652,0.12362617
8993,model_3,0.0771,0.06725609
8994,model_3,0.9234,0.89429516
8995,model_3,0.1173,0.16035889
8996,model_3,0.1833,0.047026057
8997,model_3,0.0508,0.09367807
8998,model_3,0.065,0.094373286
8999,model_3,0.6498,0.6831468
9000,model_3,0.698,0.69208455
9001,model_3,0.3276,0.34038565
9002,model_3,0.6542,0.37205797
9003,model_3,0.1239,0.18239793
9004,model_3,0.4132,0.42583635
9005,model_3,0.1375,0.13662802
9006,model_3,0.2242,0.2194394
9007,model_3,0.0525,0.01125319
9008,model_3,0.193,0.12789237
9009,model_3,0.5679,0.53989834
9010,model_3,0.1618,0.19399028
9011,model_3,0.281,0.21064039
9012,model_3,0.162,0.1958523
9013,model_3,0.0726,0.20383574
9014,model_3,0.1511,0.26948696
9015,model_3,0.2536,0.17181621
9016,model_3,0.1587,0.37832507
9017,model_3,0.216,0.23099701
9018,model_3,0.3324,0.063854754
9019,model_3,0.417,0.3655492
9020,model_3,-0.1014,0.014476789
9021,model_3,0.0412,0.030560631
9022,model_3,0.0781,0.061735123
9023,model_3,-0.0402,-0.071905226
9024,model_3,0.2982,0.28095758
9025,model_3,0.4806,0.58297044
9026,model_3,0.4612,0.41792572
9027,model_3,0.0965,0.12408981
9028,model_3,0.4105,0.3470428
9029,model_3,0.4148,0.27926946
9030,model_3,0.8205,0.8245581
9031,model_3,0.3381,0.3370354
9032,model_3,0.1551,0.16207589
9033,model_3,0.3059,0.22370902
9034,model_3,-0.1324,-0.16519396
9035,model_3,0.4211,0.2832914
9036,model_3,0.6454,0.6106343
9037,model_3,0.0274,-0.00062775984
9038,model_3,0.1692,0.19685818
9039,model_3,0.2795,0.23755267
9040,model_3,-0.0724,-0.04552061
9041,model_3,-0.097,-0.12681949
9042,model_3,-0.116,-0.12561046
9043,model_3,0.451,0.4045682
9044,model_3,0.6104,0.6246491
9045,model_3,0.5859,0.50839907
9046,model_3,0.4774,0.47132838
9047,model_3,0.6269,0.6220885
9048,model_3,-0.1433,-0.21484824
9049,model_3,0.1664,0.1661655
9050,model_3,0.0982,0.09606728
9051,model_3,0.2967,0.2997977
9052,model_3,0.7447,0.7072065
9053,model_3,0.035,0.054657076
9054,model_3,0.9396,0.9574563
9055,model_3,0.1447,0.15834197
9056,model_3,0.7369,0.7886291
9057,model_3,0.0846,0.09990567
9058,model_3,0.1836,0.17708243
9059,model_3,0.0528,0.08819993
9060,model_3,-0.0232,-0.0019478053
9061,model_3,0.1239,0.16196036
9062,model_3,0.1943,0.09449677
9063,model_3,0.081,0.110633895
9064,model_3,0.4332,0.33328563
9065,model_3,-0.0172,0.020304002
9066,model_3,0.4998,0.46865094
9067,model_3,0.6995,0.64558166
9068,model_3,0.7247,0.7007387
9069,model_3,0.0497,0.18994133
9070,model_3,-0.0201,-0.0013676863
9071,model_3,0.1146,0.17609766
9072,model_3,0.1783,0.25863203
9073,model_3,0.4161,0.387142
9074,model_3,0.2536,0.31062824
9075,model_3,0.9311,0.90274286
9076,model_3,0.2063,0.08608942
9077,model_3,0.0646,0.18111071
9078,model_3,0.3422,0.29862845
9079,model_3,0.0692,0.11021568
9080,model_3,0.2363,0.16047423
9081,model_3,0.3791,0.35761
9082,model_3,0.5663,0.58589405
9083,model_3,0.2193,0.22619765
9084,model_3,0.2128,0.19650905
9085,model_3,0.1677,0.27141285
9086,model_3,0.3091,0.19166224
9087,model_3,0.025,0.04432381
9088,model_3,0.0123,0.027025372
9089,model_3,0.1395,0.0940226
9090,model_3,-0.0458,0.006258916
9091,model_3,0.1865,0.209567
9092,model_3,0.0361,0.11096823
9093,model_3,0.1338,0.16839601
9094,model_3,-0.2173,-0.18408437
9095,model_3,0.1973,0.20922436
9096,model_3,-0.0599,0.051292825
9097,model_3,0.0534,0.06672199
9098,model_3,0.8197,0.8124706
9099,model_3,0.1452,0.2389888
9100,model_3,0.1897,0.18687817
9101,model_3,0.1246,0.14020042
9102,model_3,0.0804,0.031234095
9103,model_3,0.3415,0.41212893
9104,model_3,0.7141,0.68185705
9105,model_3,0.6777,0.5197087
9106,model_3,0.054,0.23256738
9107,model_3,0.208,0.11477293
9108,model_3,0.0023,0.035519835
9109,model_3,0.4453,0.45343736
9110,model_3,-0.109,0.020603085
9111,model_3,0.0352,0.04054772
9112,model_3,0.6094,0.5931427
9113,model_3,0.2276,0.2784394
9114,model_3,0.2359,0.041438475
9115,model_3,0.3483,0.3707049
9116,model_3,-0.1801,0.08204323
9117,model_3,-0.0114,0.010678962
9118,model_3,1.089,1.1608227
9119,model_3,0.0183,0.049216215
9120,model_3,-0.1799,-0.17488223
9121,model_3,0.3473,0.28393158
9122,model_3,0.4226,0.3615658
9123,model_3,0.5643,0.51374793
9124,model_3,0.1009,0.085837156
9125,model_3,0.1775,0.15366672
9126,model_3,0.4361,0.4331016
9127,model_3,0.5251,0.5137197
9128,model_3,0.0826,0.49996707
9129,model_3,0.2221,0.15081154
9130,model_3,0.0646,0.06384053
9131,model_3,0.4224,0.27697933
9132,model_3,0.4336,0.47119176
9133,model_3,0.8245,0.77697825
9134,model_3,-0.0587,0.029120963
9135,model_3,0.0557,0.0886237
9136,model_3,0.0479,0.09597726
9137,model_3,0.146,0.26360622
9138,model_3,0.2619,0.23349074
9139,model_3,0.0273,0.10505645
9140,model_3,0.0966,0.07941882
9141,model_3,0.1323,0.11059408
9142,model_3,0.1452,0.129248
9143,model_3,0.1664,0.12371521
9144,model_3,0.7897,0.7438715
9145,model_3,0.103,0.12608518
9146,model_3,0.4162,0.37617087
9147,model_3,0.4901,0.49564245
9148,model_3,-0.0019,0.0119770635
9149,model_3,0.3698,0.39496905
9150,model_3,0.1127,0.13142225
9151,model_3,0.1626,0.1749083
9152,model_3,0.1321,0.121997654
9153,model_3,-0.0495,0.03315719
9154,model_3,0.0541,0.08940573
9155,model_3,-0.0178,-0.037428074
9156,model_3,0.5007,0.4785449
9157,model_3,0.6687,0.6787489
9158,model_3,-0.0479,0.07612033
9159,model_3,-0.0499,-0.07754679
9160,model_3,0.17,0.10255383
9161,model_3,0.4782,0.2702527
9162,model_3,-0.0079,-0.01346197
9163,model_3,0.6023,0.46703735
9164,model_3,0.9052,0.8719477
9165,model_3,0.0009,-0.008088399
9166,model_3,0.1406,0.09781565
9167,model_3,0.0091,0.12799624
9168,model_3,0.1015,0.12189989
9169,model_3,-0.0035,0.0040128417
9170,model_3,-0.1553,-0.10471706
9171,model_3,0.2253,0.24985187
9172,model_3,0.6501,0.60840124
9173,model_3,0.2416,0.24615994
9174,model_3,-0.0655,0.14688003
9175,model_3,0.4323,0.41385075
9176,model_3,0.9483,0.9161623
9177,model_3,0.2863,0.30537176
9178,model_3,0.1458,0.2106445
9179,model_3,0.0581,0.017759552
9180,model_3,0.1677,0.18654878
9181,model_3,0.3812,0.42953134
9182,model_3,0.3159,0.24608205
9183,model_3,0.6112,0.62955385
9184,model_3,0.6508,0.6442097
9185,model_3,0.8592,0.6833163
9186,model_3,0.6186,0.64202607
9187,model_3,0.2946,0.25832862
9188,model_3,-0.0513,-0.032243356
9189,model_3,0.1201,0.23522693
9190,model_3,-0.2098,-0.20045765
9191,model_3,0.4466,0.48087522
9192,model_3,-0.155,-0.19282995
9193,model_3,0.0405,0.05036821
9194,model_3,0.1661,0.123987675
9195,model_3,-0.173,-0.1034767
9196,model_3,0.09,0.15845887
9197,model_3,0.3146,0.26584613
9198,model_3,0.5213,0.46908033
9199,model_3,0.1976,0.39366543
9200,model_3,0.202,0.24804991
9201,model_3,0.3496,0.11901194
9202,model_3,0.3103,0.25705546
9203,model_3,0.0956,0.18131077
9204,model_3,0.1671,0.20291714
9205,model_3,0.0342,0.07058959
9206,model_3,0.1086,0.10437709
9207,model_3,0.5722,0.5377155
9208,model_3,0.5164,0.51357
9209,model_3,0.3901,0.4334479
9210,model_3,0.0555,0.14809017
9211,model_3,0.7691,0.7656425
9212,model_3,0.2969,0.22798248
9213,model_3,0.3036,0.23041697
9214,model_3,0.0139,0.06929582
9215,model_3,-0.1405,-0.08638096
9216,model_3,0.1354,0.1488295
9217,model_3,0.1829,0.1617042
9218,model_3,-0.004,0.16931234
9219,model_3,0.0357,0.07583031
9220,model_3,-0.0042,0.03386925
9221,model_3,0.2008,0.23082872
9222,model_3,0.3133,0.29308152
9223,model_3,0.2449,0.13606744
9224,model_3,0.0547,0.26529163
9225,model_3,0.2477,0.27240425
9226,model_3,-0.0964,-0.039223444
9227,model_3,-0.0088,-0.0063483287
9228,model_3,0.273,0.3115995
9229,model_3,0.0839,0.15149286
9230,model_3,0.1091,0.058437664
9231,model_3,0.4449,0.25569588
9232,model_3,0.2849,0.30866405
9233,model_3,0.2534,0.23364203
9234,model_3,0.4229,0.578267
9235,model_3,0.2793,0.24074523
9236,model_3,0.3674,0.26062667
9237,model_3,0.3926,0.38042402
9238,model_3,0.2665,0.22798055
9239,model_3,0.3893,0.43269175
9240,model_3,0.3525,0.2324118
9241,model_3,0.0951,0.14417307
9242,model_3,0.2181,0.23972334
9243,model_3,0.1225,0.08751109
9244,model_3,0.1145,0.06932713
9245,model_3,-0.0783,-0.032036383
9246,model_3,-0.0482,-0.058801834
9247,model_3,0.3295,0.24996287
9248,model_3,0.471,0.4206015
9249,model_3,0.0731,0.06288861
9250,model_3,0.163,0.224434
9251,model_3,0.0915,0.18187211
9252,model_3,0.0015,0.06273393
9253,model_3,0.178,0.22941814
9254,model_3,0.3283,0.38909847
9255,model_3,0.2848,0.15956779
9256,model_3,0.2433,0.18833363
9257,model_3,0.7057,0.7549348
9258,model_3,0.0876,0.2419736
9259,model_3,0.0898,0.083338514
9260,model_3,0.0695,0.15627047
9261,model_3,0.3435,0.3628094
9262,model_3,-0.1082,-0.11917533
9263,model_3,0.1046,0.10133836
9264,model_3,-0.014,0.028075874
9265,model_3,0.2636,0.23668621
9266,model_3,0.1518,0.12513453
9267,model_3,0.7739,0.7476367
9268,model_3,0.7027,0.68130213
9269,model_3,0.0533,0.083612725
9270,model_3,0.0512,0.06802729
9271,model_3,0.272,0.26221967
9272,model_3,0.4255,0.41709346
9273,model_3,-0.0029,0.033641513
9274,model_3,-0.0823,-0.07713698
9275,model_3,0.1072,0.13663693
9276,model_3,0.1425,0.16590951
9277,model_3,0.1038,0.46989346
9278,model_3,0.2698,0.25673422
9279,model_3,0.0844,0.06515069
9280,model_3,0.0576,0.091834575
9281,model_3,0.0762,0.08056499
9282,model_3,-0.1801,-0.18397935
9283,model_3,0.0106,0.06010207
9284,model_3,0.05,0.30851883
9285,model_3,0.2834,0.2870919
9286,model_3,0.3011,0.3515239
9287,model_3,0.2428,0.2714367
9288,model_3,0.0383,0.07495484
9289,model_3,0.0639,0.043854073
9290,model_3,0.2302,0.30795974
9291,model_3,-0.0431,-0.07721537
9292,model_3,0.4013,0.37393138
9293,model_3,-0.0073,0.019122394
9294,model_3,0.7943,0.79578274
9295,model_3,0.3901,0.41223204
9296,model_3,0.4267,0.38260216
9297,model_3,0.1293,0.26911598
9298,model_3,0.2189,0.22436117
9299,model_3,0.5944,0.5330196
9300,model_3,0.6693,0.74925417
9301,model_3,0.2613,0.2283401
9302,model_3,0.2571,0.24906872
9303,model_3,0.0608,0.15222691
9304,model_3,0.0778,0.11836231
9305,model_3,0.0823,0.1482931
9306,model_3,-0.0534,0.12050982
9307,model_3,0.1749,0.3296528
9308,model_3,0.2962,0.31281516
9309,model_3,0.5192,0.4732836
9310,model_3,0.1508,0.0960533
9311,model_3,0.5797,0.6347981
9312,model_3,0.5159,0.46983618
9313,model_3,0.2282,0.23370154
9314,model_3,-0.0267,0.082270846
9315,model_3,0.0563,0.066091776
9316,model_3,0.8457,0.921315
9317,model_3,0.2939,0.23824291
9318,model_3,0.7397,0.688779
9319,model_3,-0.1009,-0.052923653
9320,model_3,0.3603,0.33603787
9321,model_3,-0.0011,0.005722992
9322,model_3,-0.0047,0.06307167
9323,model_3,0.1114,0.052921135
9324,model_3,-0.0825,-0.04827377
9325,model_3,0.7373,0.64287513
9326,model_3,-0.081,-0.04494162
9327,model_3,0.3541,0.36029187
9328,model_3,0.0642,0.05037099
9329,model_3,0.2023,0.20587917
9330,model_3,0.3568,0.23856588
9331,model_3,0.3265,0.3065528
9332,model_3,0.2596,0.16026914
9333,model_3,0.2489,0.27736828
9334,model_3,0.6474,0.7685421
9335,model_3,0.1249,0.15125892
9336,model_3,0.2951,0.30316144
9337,model_3,0.196,0.24337019
9338,model_3,0.7194,0.7634792
9339,model_3,0.4165,0.35891774
9340,model_3,0.2483,0.21128654
9341,model_3,0.0259,-0.045517135
9342,model_3,0.2035,0.25265482
9343,model_3,1.1005,0.7884814
9344,model_3,0.1838,0.1674025
9345,model_3,0.8401,0.80907303
9346,model_3,0.2459,0.24042146
9347,model_3,0.58,0.5811823
9348,model_3,0.2526,0.24298958
9349,model_3,0.6513,0.59309274
9350,model_3,0.0607,0.03937235
9351,model_3,0.1071,0.11078541
9352,model_3,0.3834,0.39347434
9353,model_3,0.5966,0.40020162
9354,model_3,0.2624,0.2544196
9355,model_3,0.1243,0.07869302
9356,model_3,0.045,-0.0196062
9357,model_3,-0.0433,-0.011579897
9358,model_3,0.0725,0.11184682
9359,model_3,-0.011,0.21492513
9360,model_3,0.1207,0.10540241
9361,model_3,0.409,0.37926605
9362,model_3,0.0618,0.057241272
9363,model_3,-0.0679,0.0041665323
9364,model_3,0.1566,0.15804203
9365,model_3,-0.1904,-0.23625349
9366,model_3,-0.084,-0.1509579
9367,model_3,0.0609,0.036781035
9368,model_3,0.5172,0.484586
9369,model_3,0.0232,0.02119903
9370,model_3,0.0828,0.11225252
9371,model_3,0.1113,0.029654477
9372,model_3,0.5179,0.45543015
9373,model_3,0.2514,0.3063222
9374,model_3,0.0332,0.045385536
9375,model_3,0.1674,0.13340472
9376,model_3,0.1602,0.20601656
9377,model_3,0.0589,0.08522533
9378,model_3,0.1073,-0.0066439696
9379,model_3,0.3232,0.23996831
9380,model_3,0.0338,0.05553208
9381,model_3,0.4093,0.39103875
9382,model_3,0.1483,0.12053688
9383,model_3,0.4418,0.44956177
9384,model_3,1.0954,1.0058966
9385,model_3,0.0752,0.028653856
9386,model_3,0.2606,0.3157912
9387,model_3,0.2895,0.32977462
9388,model_3,0.2589,0.23126833
9389,model_3,0.2065,0.14029652
9390,model_3,0.2511,0.19648145
9391,model_3,0.4819,0.3246507
9392,model_3,-0.1398,-0.0037368182
9393,model_3,0.1893,0.17642714
9394,model_3,0.1587,0.09519529
9395,model_3,-0.1323,-0.034518033
9396,model_3,0.7995,0.8733509
9397,model_3,0.7259,0.7205247
9398,model_3,0.1705,0.2113879
9399,model_3,0.2732,0.28815162
9400,model_3,0.3708,0.32769167
9401,model_3,0.7018,0.70668405
9402,model_3,0.6136,0.60071784
9403,model_3,0.2571,0.24062465
9404,model_3,0.2058,0.1326894
9405,model_3,0.2577,0.24844564
9406,model_3,0.4679,0.4097588
9407,model_3,0.0634,0.03830592
9408,model_3,0.0534,0.056502238
9409,model_3,0.021,0.071207136
9410,model_3,0.1929,0.1760706
9411,model_3,0.1163,0.040537216
9412,model_3,0.0669,0.043059945
9413,model_3,0.6328,0.66813654
9414,model_3,0.1073,0.003340329
9415,model_3,0.889,0.87022656
9416,model_3,0.1308,0.08430043
9417,model_3,0.1337,0.095234394
9418,model_3,0.705,0.62310505
9419,model_3,0.499,0.515234
9420,model_3,0.048,0.04633581
9421,model_3,0.1035,0.06483431
9422,model_3,0.2256,0.26148176
9423,model_3,0.9365,0.8558175
9424,model_3,0.0043,0.038645454
9425,model_3,0.5362,0.53682536
9426,model_3,0.2929,0.23694201
9427,model_3,0.1385,0.2373833
9428,model_3,0.1338,0.20728585
9429,model_3,0.3848,0.39080995
9430,model_3,0.2528,0.23973824
9431,model_3,0.1061,0.024652991
9432,model_3,-0.2122,-0.20647015
9433,model_3,0.6565,0.6815264
9434,model_3,0.8133,0.72758037
9435,model_3,0.2406,0.15352775
9436,model_3,0.3441,0.298706
9437,model_3,0.5085,0.48979974
9438,model_3,0.1014,0.051298898
9439,model_3,0.3993,0.4207635
9440,model_3,0.3459,0.3080466
9441,model_3,0.1441,0.156117
9442,model_3,0.3608,0.3422429
9443,model_3,0.0445,0.021406343
9444,model_3,0.2572,0.18416907
9445,model_3,0.0788,-0.024494033
9446,model_3,0.358,0.38565022
9447,model_3,0.6667,0.6557391
9448,model_3,0.4349,0.42173943
9449,model_3,0.2612,0.3133154
9450,model_3,0.3301,0.34723684
9451,model_3,0.0541,0.07828818
9452,model_3,-0.0493,-0.051484656
9453,model_3,0.1598,0.12517175
9454,model_3,0.263,0.23158444
9455,model_3,0.2538,0.3084714
9456,model_3,0.9651,0.8540376
9457,model_3,0.2936,0.2825728
9458,model_3,0.2095,0.22282855
9459,model_3,0.1488,0.18616934
9460,model_3,0.1007,0.10609873
9461,model_3,0.2958,0.44603926
9462,model_3,0.3264,0.4252073
9463,model_3,0.5824,0.58223826
9464,model_3,0.4068,0.3309958
9465,model_3,0.2807,0.24187408
9466,model_3,0.1024,0.11815865
9467,model_3,0.0433,-0.14834937
9468,model_3,0.2497,0.18627298
9469,model_3,0.6191,0.52210486
9470,model_3,0.0401,0.022356452
9471,model_3,0.1287,0.0932174
9472,model_3,0.129,0.11456366
9473,model_3,0.7099,0.65948397
9474,model_3,0.3591,0.33263856
9475,model_3,0.1385,0.12617664
9476,model_3,0.4733,0.42897296
9477,model_3,0.1108,0.07237388
9478,model_3,0.8355,0.8085787
9479,model_3,0.419,0.31610435
9480,model_3,0.7787,0.7838175
9481,model_3,0.0843,0.0755505
9482,model_3,0.2513,0.15935029
9483,model_3,0.0007,-0.0046139397
9484,model_3,0.1305,0.123619094
9485,model_3,0.0379,0.09034029
9486,model_3,0.0179,0.05633389
9487,model_3,0.0682,-0.027406551
9488,model_3,0.4679,0.26642412
9489,model_3,0.0004,0.060311224
9490,model_3,0.1013,0.20152546
9491,model_3,0.3108,0.3900565
9492,model_3,0.0511,0.07855642
9493,model_3,0.0347,0.1513305
9494,model_3,0.2153,0.21466424
9495,model_3,0.2857,0.13724007
9496,model_3,0.1179,0.15341525
9497,model_3,0.0575,0.048092056
9498,model_3,0.2357,0.26712954
9499,model_3,0.1558,0.12157543
9500,model_3,0.4699,0.5248315
9501,model_3,0.126,0.15777911
9502,model_3,0.1459,0.163087
9503,model_3,0.1339,0.1488349
9504,model_3,-0.0823,0.053360388
9505,model_3,0.1218,0.09889193
9506,model_3,0.295,0.27974883
9507,model_3,0.0451,0.047246024
9508,model_3,-0.1382,-0.075109944
9509,model_3,0.7228,0.7231783
9510,model_3,0.0411,0.038809553
9511,model_3,-0.0503,0.057050623
9512,model_3,0.1809,0.23716918
9513,model_3,-0.0743,-0.11227773
9514,model_3,0.1692,0.16297813
9515,model_3,-0.0187,-0.025425766
9516,model_3,0.061,0.12722096
9517,model_3,0.0334,0.049496748
9518,model_3,0.148,0.11319798
9519,model_3,0.4291,0.37205738
9520,model_3,0.1265,0.11760019
9521,model_3,0.1887,0.22900589
9522,model_3,0.1974,0.19030622
9523,model_3,0.2446,0.2894352
9524,model_3,0.0241,0.036418505
9525,model_3,0.7444,0.7657065
9526,model_3,0.1523,0.17612906
9527,model_3,0.4218,0.42973512
9528,model_3,0.2543,0.21139418
9529,model_3,0.2455,0.22832417
9530,model_3,0.0283,0.03635814
9531,model_3,0.0755,0.001575876
9532,model_3,0.5331,0.5251414
9533,model_3,0.0446,0.08186303
9534,model_3,0.1312,0.09310427
9535,model_3,0.129,0.11390214
9536,model_3,0.9347,0.9840975
9537,model_3,-0.2161,-0.08283736
9538,model_3,0.9059,0.81009763
9539,model_3,0.311,0.26165313
9540,model_3,0.8458,0.86549217
9541,model_3,0.127,0.15418111
9542,model_3,0.3697,0.39558363
9543,model_3,0.0532,0.060410324
9544,model_3,0.6292,0.5888055
9545,model_3,0.2438,0.1331125
9546,model_3,0.4411,0.34159938
9547,model_3,0.3951,0.3135824
9548,model_3,0.1836,0.07081208
9549,model_3,0.2106,0.36962348
9550,model_3,0.5017,0.5497562
9551,model_3,0.3235,0.3378917
9552,model_3,0.3573,0.3691271
9553,model_3,-0.0465,0.0384641
9554,model_3,0.3984,0.3109311
9555,model_3,0.0441,0.118699744
9556,model_3,0.154,0.13469835
9557,model_3,0.0318,0.046343606
9558,model_3,0.3471,0.39212674
9559,model_3,0.2321,0.2278903
9560,model_3,0.2519,0.24677444
9561,model_3,0.1683,0.1522953
9562,model_3,0.6905,0.64277583
9563,model_3,0.7929,0.75825304
9564,model_3,0.2021,0.03527757
9565,model_3,0.202,0.13030046
9566,model_3,0.5684,0.57428867
9567,model_3,0.0214,0.049110804
9568,model_3,0.3543,0.40365154
9569,model_3,0.071,0.11689451
9570,model_3,0.8694,0.8978293
9571,model_3,0.1517,0.17179741
9572,model_3,0.1276,0.18672706
9573,model_3,0.127,0.080418885
9574,model_3,0.0044,-0.0027246168
9575,model_3,0.3768,0.15992792
9576,model_3,0.5024,0.23310912
9577,model_3,0.1176,0.08443233
9578,model_3,0.0666,0.05490263
9579,model_3,0.1956,0.15477856
9580,model_3,0.5414,0.558425
9581,model_3,0.1355,0.09515123
9582,model_3,0.1167,0.12210666
9583,model_3,0.0611,0.099416256
9584,model_3,0.307,0.31715626
9585,model_3,0.0512,0.031791
9586,model_3,0.295,0.29040992
9587,model_3,0.1039,0.16918643
9588,model_3,0.7086,0.6258409
9589,model_3,0.1651,0.1598748
9590,model_3,0.1642,0.33197916
9591,model_3,0.1388,0.14234978
9592,model_3,-0.0022,-0.08353111
9593,model_3,0.4457,0.42988044
9594,model_3,-0.0297,0.010738666
9595,model_3,0.2719,0.22717498
9596,model_3,-0.0966,-0.04475389
9597,model_3,0.1048,0.085154206
9598,model_3,0.4069,0.32769483
9599,model_3,0.1997,0.15230916
9600,model_3,-0.0116,0.025738323
9601,model_3,0.2078,0.15086423
9602,model_3,0.4836,0.45700398
9603,model_3,0.1863,0.1405288
9604,model_3,0.362,0.24469091
9605,model_3,0.2268,0.18059476
9606,model_3,0.249,0.24228509
9607,model_3,0.4932,0.47529143
9608,model_3,0.292,0.3362704
9609,model_3,0.1233,0.15955865
9610,model_3,0.0517,0.06241336
9611,model_3,0.751,0.68944675
9612,model_3,0.1522,0.11729421
9613,model_3,0.1936,0.24064888
9614,model_3,-0.0445,-0.059335086
9615,model_3,0.5298,0.5265275
9616,model_3,0.3741,0.3477242
9617,model_3,0.3903,0.2147748
9618,model_3,0.3642,0.3720072
9619,model_3,0.8593,0.84942824
9620,model_3,-0.048,-0.0029736757
9621,model_3,-0.0667,-0.0793713
9622,model_3,0.2688,0.25893477
9623,model_3,0.2375,0.19884689
9624,model_3,0.1418,0.10137102
9625,model_3,0.4094,0.44403464
9626,model_3,0.3228,0.34284192
9627,model_3,0.2364,0.21679129
9628,model_3,0.3392,0.33651996
9629,model_3,0.1583,0.12492174
9630,model_3,0.0374,0.093980655
9631,model_3,0.006,-0.048669435
9632,model_3,0.628,0.69030195
9633,model_3,0.277,0.22739379
9634,model_3,0.3404,0.20148948
9635,model_3,0.0868,0.06539753
9636,model_3,0.1473,0.13292693
9637,model_3,0.1708,0.11569539
9638,model_3,0.2602,0.24489476
9639,model_3,0.6417,0.5623561
9640,model_3,0.2694,0.25306553
9641,model_3,0.2062,0.09053691
9642,model_3,0.2356,0.15494351
9643,model_3,0.4068,0.39488694
9644,model_3,0.5324,0.4343862
9645,model_3,0.4149,0.2618174
9646,model_3,0.1489,0.17767075
9647,model_3,0.5229,0.51043713
9648,model_3,0.2194,0.28015393
9649,model_3,0.0457,0.06478511
9650,model_3,0.421,0.42483312
9651,model_3,-0.2134,-0.18817766
9652,model_3,0.0274,0.05120056
9653,model_3,0.2479,0.23337092
9654,model_3,0.2126,0.17957999
9655,model_3,0.261,0.19225971
9656,model_3,0.0767,0.120961264
9657,model_3,0.1906,0.12768155
9658,model_3,0.907,0.85424215
9659,model_3,0.3348,0.15353172
9660,model_3,0.0981,0.08745076
9661,model_3,0.0503,0.054529745
9662,model_3,0.0637,0.10764916
9663,model_3,0.0812,0.10237466
9664,model_3,0.2677,0.2525366
9665,model_3,0.2157,0.24659123
9666,model_3,0.476,0.37480283
9667,model_3,0.0915,0.09405011
9668,model_3,0.2307,0.28847158
9669,model_3,0.4413,0.39440688
9670,model_3,0.4538,0.48033231
9671,model_3,0.1267,0.19463469
9672,model_3,0.0969,0.09917186
9673,model_3,0.5879,0.5503205
9674,model_3,0.3947,0.37020025
9675,model_3,0.8101,0.8440171
9676,model_3,0.0612,-0.021476172
9677,model_3,0.0486,0.06352767
9678,model_3,0.1424,0.058705192
9679,model_3,0.4787,0.4639277
9680,model_3,0.1137,0.0704826
9681,model_3,-0.0505,-0.012177918
9682,model_3,0.1446,0.18157183
9683,model_3,0.1384,0.105126515
9684,model_3,0.2114,0.18273588
9685,model_3,0.0085,-0.040863365
9686,model_3,-0.1217,-0.09562981
9687,model_3,0.211,0.1840754
9688,model_3,0.2418,0.23179302
9689,model_3,0.3499,0.34827164
9690,model_3,0.2659,0.32579935
9691,model_3,0.4139,0.41664022
9692,model_3,0.2004,0.15111242
9693,model_3,0.1268,0.14462833
9694,model_3,0.4527,0.4172811
9695,model_3,0.0998,0.11915028
9696,model_3,-0.2078,-0.12473984
9697,model_3,0.0751,0.12659495
9698,model_3,0.9662,0.94061655
9699,model_3,0.1911,0.2845483
9700,model_3,-0.0199,-0.004432043
9701,model_3,-0.0262,-0.0047654137
9702,model_3,0.1911,0.12499528
9703,model_3,0.1331,0.108512476
9704,model_3,0.2628,0.27857104
9705,model_3,0.4328,0.1553083
9706,model_3,0.1921,0.14854646
9707,model_3,0.317,0.3348492
9708,model_3,0.4629,0.4478807
9709,model_3,0.198,0.18228196
9710,model_3,0.4372,0.39852017
9711,model_3,-0.0902,-0.04681286
9712,model_3,0.2551,0.23079069
9713,model_3,0.5555,0.5897986
9714,model_3,0.8958,0.87643033
9715,model_3,0.1444,0.060345404
9716,model_3,0.1311,0.044145975
9717,model_3,0.3125,0.35457477
9718,model_3,0.4089,0.31773475
9719,model_3,0.077,0.06822452
9720,model_3,0.8549,0.7834769
9721,model_3,0.657,0.70793945
9722,model_3,0.2998,0.3294685
9723,model_3,0.0915,0.046605002
9724,model_3,-0.0765,-0.08329564
9725,model_3,0.0437,0.013532327
9726,model_3,-0.1632,-0.10839552
9727,model_3,0.2769,0.22876385
9728,model_3,0.1088,0.07510559
9729,model_3,0.4198,0.4281299
9730,model_3,0.1674,0.12381345
9731,model_3,0.3163,0.24989584
9732,model_3,0.2986,0.31490803
9733,model_3,0.0935,0.062228844
9734,model_3,0.1892,0.14851429
9735,model_3,0.8698,0.8630807
9736,model_3,0.2915,0.32665092
9737,model_3,0.035,-0.05756182
9738,model_3,0.3009,0.18887551
9739,model_3,0.5048,0.485523
9740,model_3,0.0179,-0.0058305897
9741,model_3,0.0901,0.09028259
9742,model_3,0.6144,0.6334176
9743,model_3,-0.1085,-0.05248091
9744,model_3,-0.1185,-0.09933095
9745,model_3,0.1697,0.13452297
9746,model_3,0.0187,0.16580047
9747,model_3,0.4266,0.43417528
9748,model_3,0.4312,0.42656875
9749,model_3,0.7237,0.6987471
9750,model_3,0.0761,0.096874684
9751,model_3,0.043,0.030882688
9752,model_3,0.2649,0.26950458
9753,model_3,-0.0154,-0.030540358
9754,model_3,0.083,0.06905955
9755,model_3,0.0286,0.056201115
9756,model_3,0.01,-5.9247017e-05
9757,model_3,0.2822,0.2908523
9758,model_3,0.6996,0.54319745
9759,model_3,0.7837,0.83434707
9760,model_3,0.1525,0.13694008
9761,model_3,-0.0255,0.058763552
9762,model_3,0.3336,0.28538352
9763,model_3,0.3572,0.38148537
9764,model_3,0.0421,0.09871815
9765,model_3,0.3091,0.30415982
9766,model_3,0.1278,0.10987015
9767,model_3,0.0406,0.030588353
9768,model_3,-0.0026,0.11344105
9769,model_3,0.7285,0.7054904
9770,model_3,-0.0418,0.048279945
9771,model_3,0.4164,0.3221366
9772,model_3,0.2772,0.12949891
9773,model_3,-0.0162,-0.010466866
9774,model_3,0.4035,0.418312
9775,model_3,0.5042,0.5845205
9776,model_3,0.4648,0.5007611
9777,model_3,0.2604,0.3549062
9778,model_3,0.1491,0.1361942
9779,model_3,0.012,0.00044625066
9780,model_3,0.2225,0.21009304
9781,model_3,0.2312,0.11692698
9782,model_3,0.6449,0.5928934
9783,model_3,0.259,0.2657038
9784,model_3,0.1399,0.16347717
9785,model_3,0.4947,0.5194227
9786,model_3,0.0802,0.05247053
9787,model_3,0.0975,0.14178972
9788,model_3,0.1282,0.11163038
9789,model_3,-0.0397,0.08025625
9790,model_3,0.1034,0.08258462
9791,model_3,-0.0912,0.6273292
9792,model_3,0.1344,0.15815265
9793,model_3,0.1877,0.1873463
9794,model_3,0.1106,0.15375902
9795,model_3,0.0884,0.06812908
9796,model_3,0.2197,0.14973629
9797,model_3,-0.0719,-0.21784323
9798,model_3,-0.0219,0.06227691
9799,model_3,0.2138,0.3366657
9800,model_3,-0.0576,-0.04642422
9801,model_3,0.5599,0.45900267
9802,model_3,0.235,0.23471992
9803,model_3,0.0638,0.106558695
9804,model_3,0.1023,0.11089109
9805,model_3,0.4621,0.29691252
9806,model_3,0.1566,0.19956201
9807,model_3,-0.0475,-0.03048202
9808,model_3,0.2673,0.23792128
9809,model_3,0.0987,0.2389213
9810,model_3,0.3588,0.22744523
9811,model_3,-0.0981,-0.14658679
9812,model_3,0.2204,0.26210296
9813,model_3,0.3277,0.38282296
9814,model_3,0.0259,0.009654164
9815,model_3,0.0245,0.0685703
9816,model_3,0.0752,0.10070345
9817,model_3,-0.2074,-0.15446725
9818,model_3,0.1601,0.27784714
9819,model_3,0.3877,0.2015562
9820,model_3,0.3747,0.38900715
9821,model_3,0.0725,0.09585363
9822,model_3,0.3704,0.2580723
9823,model_3,-0.0659,-0.059994187
9824,model_3,0.3402,0.24123879
9825,model_3,0.4117,0.3613323
9826,model_3,0.2663,0.27354628
9827,model_3,0.7291,0.683018
9828,model_3,-0.0922,-0.07920253
9829,model_3,0.1399,0.04512162
9830,model_3,0.221,0.20425059
9831,model_3,0.415,0.42890608
9832,model_3,0.0691,0.055895295
9833,model_3,0.0356,0.037033852
9834,model_3,0.418,0.34149122
9835,model_3,0.3318,0.3665873
9836,model_3,0.1023,0.060736377
9837,model_3,0.6491,0.6876854
9838,model_3,0.203,0.14490162
9839,model_3,0.2804,0.2403473
9840,model_3,0.3307,0.5104198
9841,model_3,0.3233,0.35974002
9842,model_3,0.1961,0.2413608
9843,model_3,0.0142,0.19368853
9844,model_3,0.3291,0.2839505
9845,model_3,0.2404,0.19475801
9846,model_3,0.2357,0.2057699
9847,model_3,0.4767,0.44939622
9848,model_3,-0.0691,-0.036285177
9849,model_3,0.1162,0.1403946
9850,model_3,0.0803,0.13013074
9851,model_3,0.1129,0.08427405
9852,model_3,0.348,0.32878178
9853,model_3,0.8981,0.9725537
9854,model_3,0.1843,0.20556037
9855,model_3,0.194,0.1485201
9856,model_3,0.1941,0.1442329
9857,model_3,0.5945,0.59106046
9858,model_3,0.3253,0.27096134
9859,model_3,0.7907,0.88357955
9860,model_3,0.5632,0.66002184
9861,model_3,0.2268,0.2566831
9862,model_3,0.0569,0.038073834
9863,model_3,0.0205,0.111157954
9864,model_3,0.4199,0.42092687
9865,model_3,0.147,0.07479443
9866,model_3,0.0188,0.020814687
9867,model_3,-0.1539,-0.15965873
9868,model_3,0.1318,0.08846332
9869,model_3,0.1675,0.31122035
9870,model_3,-0.2495,-0.15796831
9871,model_3,0.3716,0.37178028
9872,model_3,0.1775,0.23361792
9873,model_3,0.417,0.44070876
9874,model_3,0.4731,0.43992457
9875,model_3,-0.0632,-0.07075441
9876,model_3,-0.0378,0.05420816
9877,model_3,0.1285,0.20060773
9878,model_3,0.5484,0.5810189
9879,model_3,0.5413,0.55113524
9880,model_3,0.3591,0.38110107
9881,model_3,0.2468,0.22824146
9882,model_3,0.6208,0.5910563
9883,model_3,0.2782,0.2268163
9884,model_3,0.4231,0.3460198
9885,model_3,0.1098,0.1062171
9886,model_3,0.1322,0.13999464
9887,model_3,-0.0513,0.21018983
9888,model_3,0.3671,0.36784947
9889,model_3,0.1984,0.20988254
9890,model_3,0.4609,0.43219808
9891,model_3,0.2129,0.20806105
9892,model_3,0.3308,0.37982652
9893,model_3,0.5332,0.4213085
9894,model_3,0.1051,0.022119526
9895,model_3,0.1219,0.022697335
9896,model_3,0.3184,0.36533356
9897,model_3,0.5127,0.5172911
9898,model_3,-0.0418,0.0152789205
9899,model_3,0.2453,0.19615962
9900,model_3,-0.0526,0.07950297
9901,model_3,0.2302,0.33660847
9902,model_3,0.2048,0.106110066
9903,model_3,0.5012,0.4515555
9904,model_3,0.0247,0.06229956
9905,model_3,0.3498,0.29813576
9906,model_3,0.2581,0.21138297
9907,model_3,0.2902,0.16569282
9908,model_3,0.127,0.18324322
9909,model_3,0.1738,0.1933097
9910,model_3,0.3216,0.28086883
9911,model_3,0.2038,0.1882311
9912,model_3,0.3106,0.34696606
9913,model_3,0.2261,0.3416906
9914,model_3,0.119,0.17226551
9915,model_3,0.6291,0.56254786
9916,model_3,0.1265,0.083930284
9917,model_3,0.6135,0.6117705
9918,model_3,0.2088,0.24528602
9919,model_3,0.6576,0.635157
9920,model_3,0.2223,0.24049242
9921,model_3,0.1441,0.054956652
9922,model_3,0.1135,0.14232539
9923,model_3,0.1723,0.17552759
9924,model_3,0.0413,0.09687418
9925,model_3,0.0305,0.33892858
9926,model_3,0.2661,0.31657547
9927,model_3,-0.2272,-0.18679918
9928,model_3,0.1897,0.18833216
9929,model_3,0.1463,0.11570062
9930,model_3,0.0954,0.1646507
9931,model_3,0.1637,0.23347135
9932,model_3,-0.0082,0.06149519
9933,model_3,0.0324,0.1582
9934,model_3,0.1432,0.1489504
9935,model_3,0.6276,0.56120473
9936,model_3,0.5317,0.55280524
9937,model_3,0.3003,0.21525891
9938,model_3,0.4644,0.52937716
9939,model_3,0.6357,0.5671231
9940,model_3,0.1275,0.13704085
9941,model_3,0.0118,0.051365387
9942,model_3,-0.0672,-0.041667793
9943,model_3,0.6828,0.6536078
9944,model_3,0.2908,0.23201436
9945,model_3,0.4486,0.45662475
9946,model_3,0.035,0.014125782
9947,model_3,0.1286,0.15389705
9948,model_3,0.3044,0.29730776
9949,model_3,0.3054,0.2782683
9950,model_3,0.0887,0.13477837
9951,model_3,0.303,0.3749007
9952,model_3,0.0947,0.09270851
9953,model_3,0.3285,0.17577711
9954,model_3,0.1502,0.037401743
9955,model_3,0.6467,0.6044491
9956,model_3,0.1569,0.16208799
9957,model_3,0.3489,0.112541616
9958,model_3,0.2395,0.20683084
9959,model_3,0.0002,0.0695851
9960,model_3,0.1714,0.20556417
9961,model_3,0.1372,0.20622052
9962,model_3,0.551,0.5078756
9963,model_3,0.245,0.26174682
9964,model_3,0.1127,0.0715807
9965,model_3,0.0346,0.12021479
9966,model_3,1.0469,0.9740704
9967,model_3,0.1668,0.17192565
9968,model_3,-0.0004,0.086270794
9969,model_3,0.0281,0.049612276
9970,model_3,0.2422,0.26978767
9971,model_3,0.0906,0.16491826
9972,model_3,0.6866,0.6484273
9973,model_3,0.2193,0.2962979
9974,model_3,0.2241,0.20005958
9975,model_3,0.1189,0.030269407
9976,model_3,0.0681,0.059356485
9977,model_3,0.1981,0.15824848
9978,model_3,0.7888,0.6356267
9979,model_3,-0.1117,-0.20486017
9980,model_3,0.3695,0.30080646
9981,model_3,0.2163,0.22146651
9982,model_3,-0.0374,-0.047937665
9983,model_3,0.3276,0.26683748
9984,model_3,0.2161,0.2077678
9985,model_3,-0.0338,0.14504392
9986,model_3,0.1964,0.26216143
9987,model_3,0.2197,0.23978497
9988,model_3,0.0488,-0.0067232624
9989,model_3,-0.0139,-0.010979086
9990,model_3,0.358,0.3863452
9991,model_3,0.0146,0.084561646
9992,model_3,0.1459,0.12403123
9993,model_3,0.0515,0.043624457
9994,model_3,-0.191,-0.16411261
9995,model_3,0.0064,0.050056312
9996,model_3,0.2378,0.24550934
9997,model_3,0.0804,0.06099566
9998,model_3,0.5507,0.59544605
9999,model_3,-0.1189,-0.03606315
10000,model_3,0.1737,0.16466093
10001,model_3,0.1549,0.1297796
10002,model_3,-0.1279,-0.05208241
10003,model_3,0.1672,0.2084292
10004,model_3,0.191,0.13489953
10005,model_3,0.0489,0.07131396
10006,model_3,0.2186,0.2291499
10007,model_3,0.4036,0.45970464
10008,model_3,0.1032,0.20208012
10009,model_3,0.3471,0.31827906
10010,model_3,0.1593,0.18447135
10011,model_3,0.2669,0.22386484
10012,model_3,0.1294,0.07095852
10013,model_3,0.7793,0.771177
10014,model_3,0.4005,0.48402777
10015,model_3,0.9503,0.953452
10016,model_3,0.0115,0.05118762
10017,model_3,0.1465,0.063221306
10018,model_3,0.121,0.16048951
10019,model_3,0.2244,0.35538644
10020,model_3,0.7301,0.6936827
10021,model_3,0.0773,0.059127178
10022,model_3,0.1666,0.1737356
10023,model_3,0.4267,0.3438947
10024,model_3,0.2615,0.36033648
10025,model_3,0.0818,0.12582484
10026,model_3,0.1295,0.20973486
10027,model_3,0.3442,0.3782932
10028,model_3,0.3666,0.37255117
10029,model_3,0.396,0.35951298
10030,model_3,0.7715,0.78966284
10031,model_3,0.4563,0.37285593
10032,model_3,0.7455,0.6322301
10033,model_3,0.1853,0.20255621
10034,model_3,1.0633,1.036528
10035,model_3,0.2337,0.31215686
10036,model_3,-0.0135,0.024662279
10037,model_3,0.1296,0.17611444
10038,model_3,0.1512,0.097673655
10039,model_3,0.0931,0.06476097
10040,model_3,0.0005,-0.03226774
10041,model_3,0.3708,0.36935452
10042,model_3,0.3079,0.18688571
10043,model_3,-0.042,-0.019961253
10044,model_3,0.627,0.6664333
10045,model_3,0.2661,0.2873556
10046,model_3,0.0493,0.095718086
10047,model_3,0.4473,0.4399764
10048,model_3,0.0444,0.032421034
10049,model_3,0.4475,0.34059855
10050,model_3,0.1068,0.0990874
10051,model_3,0.0387,-0.0057845376
10052,model_3,0.8357,0.8441331
10053,model_3,0.1957,0.15415926
10054,model_3,0.1534,0.22286089
10055,model_3,0.1778,0.18581681
10056,model_3,0.082,0.116319984
10057,model_3,0.0983,0.024358302
10058,model_3,0.1909,0.13038704
10059,model_3,-0.1421,-0.020589627
10060,model_3,0.3538,0.26613462
10061,model_3,0.0383,0.046611357
10062,model_3,0.1273,0.10286659
10063,model_3,0.229,0.21292464
10064,model_3,0.7005,0.54223657
10065,model_3,0.2638,0.1085958
10066,model_3,0.2175,0.18162586
10067,model_3,0.2979,0.3129571
10068,model_3,0.0459,0.06855131
10069,model_3,0.0454,0.08092441
10070,model_3,-0.0247,-0.041015066
10071,model_3,-0.0405,-0.00060511753
10072,model_3,0.8188,0.7869347
10073,model_3,0.0055,0.0717164
10074,model_3,0.3056,0.30781066
10075,model_3,0.1291,0.27414054
10076,model_3,0.1137,0.13512354
10077,model_3,0.1191,0.10560995
10078,model_3,0.5019,0.49471706
10079,model_3,0.4398,0.4086965
10080,model_3,0.0995,0.10555746
10081,model_3,0.4024,0.4386712
10082,model_3,-0.0104,0.04927535
10083,model_3,0.0802,0.10962522
10084,model_3,0.243,0.18768625
10085,model_3,0.3213,0.42767143
10086,model_3,0.1324,0.18264753
10087,model_3,0.0276,0.08156183
10088,model_3,0.1115,0.10886587
10089,model_3,0.2279,0.27596718
10090,model_3,0.1277,0.12712151
10091,model_3,0.1345,0.10604116
10092,model_3,0.6448,0.5773272
10093,model_3,0.0634,0.14208032
10094,model_3,0.1931,0.20944838
10095,model_3,-0.0443,0.042111754
10096,model_3,0.5976,0.5824557
10097,model_3,0.4237,0.43302363
10098,model_3,0.4184,0.31304073
10099,model_3,0.2369,0.22670756
10100,model_3,0.3262,0.32829255
10101,model_3,0.1064,0.09424938
10102,model_3,0.2266,0.2028838
10103,model_3,0.3056,0.2566658
10104,model_3,0.1059,0.09251504
10105,model_3,0.1512,0.16047047
10106,model_3,0.6412,0.6192519
10107,model_3,-0.1093,0.024703681
10108,model_3,0.197,0.17441025
10109,model_3,0.2793,0.3575316
10110,model_3,0.0949,0.1372557
10111,model_3,0.0941,0.18202679
10112,model_3,0.2681,0.24401748
10113,model_3,0.1506,0.06321469
10114,model_3,0.541,0.32549858
10115,model_3,-0.197,-0.098821506
10116,model_3,0.0207,0.030915335
10117,model_3,0.1612,0.17922844
10118,model_3,0.2976,0.27286685
10119,model_3,0.1053,0.16830803
10120,model_3,0.0605,0.110452875
10121,model_3,0.203,0.12229599
10122,model_3,0.5301,0.5551582
10123,model_3,0.0644,0.115824595
10124,model_3,0.0101,0.17076983
10125,model_3,0.0735,0.043089867
10126,model_3,0.2993,0.5212483
10127,model_3,0.2165,0.21843816
10128,model_3,0.1326,0.14748432
10129,model_3,0.2096,0.22322936
10130,model_3,0.2176,0.22860391
10131,model_3,0.0781,0.01900132
10132,model_3,0.5963,0.53967327
10133,model_3,0.4866,0.42360836
10134,model_3,0.0308,0.053754445
10135,model_3,0.1031,0.020094808
10136,model_3,0.5107,0.55095524
10137,model_3,0.1572,0.14488938
10138,model_3,0.0631,0.13747227
10139,model_3,0.0194,0.054513883
10140,model_3,0.2488,0.13687298
10141,model_3,0.3295,0.27242333
10142,model_3,0.0123,0.052089736
10143,model_3,0.3926,0.37377787
10144,model_3,0.494,0.49940133
10145,model_3,-0.0401,0.010774996
10146,model_3,0.4773,0.56433636
10147,model_3,0.3363,0.32904392
10148,model_3,0.0693,0.12085152
10149,model_3,0.095,0.0820476
10150,model_3,-0.0204,-0.08925548
10151,model_3,0.4606,0.4140882
10152,model_3,0.2732,0.27505252
10153,model_3,-0.221,-0.00497913
10154,model_3,0.2259,0.28186554
10155,model_3,0.1978,0.24200393
10156,model_3,0.8971,0.9295922
10157,model_3,0.3388,0.35521796
10158,model_3,0.0889,0.0775938
10159,model_3,0.3391,0.29510775
10160,model_3,0.347,0.39412892
10161,model_3,-0.0311,-0.06675649
10162,model_3,0.0086,-0.084941775
10163,model_3,0.2081,0.24285792
10164,model_3,0.3199,0.27275348
10165,model_3,0.3753,0.22641142
10166,model_3,0.571,0.47884965
10167,model_3,0.2248,0.18084784
10168,model_3,0.4147,0.31612378
10169,model_3,0.0817,0.10861009
10170,model_3,0.1542,0.18145497
10171,model_3,0.3194,0.4568458
10172,model_3,0.1097,0.13661653
10173,model_3,0.1974,0.11070113
10174,model_3,0.1406,0.18033344
10175,model_3,0.3283,0.3019374
10176,model_3,-0.0121,0.023292985
10177,model_3,0.816,0.8031487
10178,model_3,0.0789,0.13100846
10179,model_3,-0.0363,0.026843153
10180,model_3,0.1535,0.10902774
10181,model_3,0.3245,0.23370163
10182,model_3,0.005,0.09289953
10183,model_3,0.079,0.0154291075
10184,model_3,0.2828,0.26452002
10185,model_3,0.6512,0.6849415
10186,model_3,0.0492,0.11556575
10187,model_3,0.3056,0.30276388
10188,model_3,0.1809,0.13268432
10189,model_3,0.1179,0.07580933
10190,model_3,0.3913,0.23561624
10191,model_3,0.3729,0.3658794
10192,model_3,0.1774,0.19481875
10193,model_3,0.078,0.11409384
10194,model_3,0.0252,0.04455127
10195,model_3,0.1526,0.13669483
10196,model_3,0.0115,0.2679409
10197,model_3,0.9149,0.93416446
10198,model_3,0.2847,0.26787883
10199,model_3,0.2467,0.28608125
10200,model_3,0.2093,0.23963802
10201,model_3,0.1879,0.13491875
10202,model_3,0.1796,0.070531815
10203,model_3,0.2218,0.16016537
10204,model_3,0.5081,0.47167435
10205,model_3,0.0782,0.10000752
10206,model_3,0.1901,0.22076659
10207,model_3,0.6441,0.62748164
10208,model_3,0.0603,0.010315116
10209,model_3,0.0707,0.04126178
10210,model_3,-0.0354,-0.05045374
10211,model_3,0.1585,0.23927112
10212,model_3,0.0387,0.070958
10213,model_3,0.0831,0.08155216
10214,model_3,0.2568,0.1885963
10215,model_3,0.0097,0.034296982
10216,model_3,0.3818,0.33217585
10217,model_3,0.316,0.36079952
10218,model_3,-0.1671,-0.17993043
10219,model_3,-0.2004,-0.18366618
10220,model_3,0.0032,-0.0008933898
10221,model_3,0.1909,0.13852747
10222,model_3,0.0881,0.080048546
10223,model_3,0.3561,0.262689
10224,model_3,0.0406,0.042115435
10225,model_3,0.3386,0.2979536
10226,model_3,0.4512,0.3719749
10227,model_3,0.3188,0.3109592
10228,model_3,-0.0581,-0.047616504
10229,model_3,0.1224,0.0809883
10230,model_3,0.2503,0.15863657
10231,model_3,0.3742,0.23702605
10232,model_3,0.2559,0.25991514
10233,model_3,0.251,0.25662544
10234,model_3,0.8897,0.8608073
10235,model_3,0.2299,0.26614198
10236,model_3,0.3352,0.31486133
10237,model_3,0.2725,0.17080496
10238,model_3,-0.0393,-0.018642696
10239,model_3,0.341,0.21934207
10240,model_3,-0.1158,-0.040266816
10241,model_3,0.1794,0.12527367
10242,model_3,0.6834,0.69269997
10243,model_3,0.0123,0.061287105
10244,model_3,0.0318,0.07018179
10245,model_3,0.4215,0.40642345
10246,model_3,0.1461,0.19650678
10247,model_3,0.4939,0.51480734
10248,model_3,0.2,0.28250974
10249,model_3,-0.0005,0.0037054494
10250,model_3,0.2523,0.13245262
10251,model_3,0.3581,0.36577755
10252,model_3,0.0932,0.09675348
10253,model_3,0.3157,0.29452038
10254,model_3,0.3824,0.38427106
10255,model_3,0.2338,0.31457925
10256,model_3,0.7108,0.66261566
10257,model_3,0.273,0.2081407
10258,model_3,0.7293,0.6250058
10259,model_3,0.0767,0.12371205
10260,model_3,0.2564,0.20903654
10261,model_3,0.2476,0.17059253
10262,model_3,0.2067,0.30225688
10263,model_3,0.1913,0.120756716
10264,model_3,0.0675,0.05033109
10265,model_3,-0.0054,0.059567694
10266,model_3,0.2115,0.22994821
10267,model_3,0.13,0.1281487
10268,model_3,0.4002,0.42418003
10269,model_3,0.2019,0.23817092
10270,model_3,0.2081,0.14069702
10271,model_3,0.1041,0.13033924
10272,model_3,0.2262,0.15642487
10273,model_3,0.2419,0.20937142
10274,model_3,0.1488,0.26204205
10275,model_3,0.4167,0.42903554
10276,model_3,0.3476,0.43533212
10277,model_3,0.1692,0.14882225
10278,model_3,0.0908,0.07382007
10279,model_3,0.4398,0.4246155
10280,model_3,0.1441,0.19412564
10281,model_3,-0.151,-0.14628744
10282,model_3,0.2805,0.18888639
10283,model_3,0.0563,0.07868141
10284,model_3,-0.0013,0.052192032
10285,model_3,0.3462,0.19901122
10286,model_3,0.1595,0.17821516
10287,model_3,0.1481,0.12943101
10288,model_3,0.1656,0.08945145
10289,model_3,0.882,0.87804073
10290,model_3,0.4558,0.46144626
10291,model_3,-0.0536,-0.05506259
10292,model_3,0.1436,0.05559584
10293,model_3,0.1817,0.09531312
10294,model_3,0.1295,0.26033178
10295,model_3,0.0757,0.08242382
10296,model_3,0.1167,0.14374384
10297,model_3,0.0541,0.1651053
10298,model_3,0.0337,0.012055819
10299,model_3,0.6602,0.60670465
10300,model_3,0.0268,0.07636835
10301,model_3,0.0422,0.009007545
10302,model_3,0.1782,0.051327396
10303,model_3,0.4441,0.4487558
10304,model_3,0.0323,0.01346969
10305,model_3,0.6639,0.653137
10306,model_3,0.0376,-0.06357102
10307,model_3,0.5638,0.5596513
10308,model_3,0.2352,0.22796728
10309,model_3,0.0876,-0.072717816
10310,model_3,-0.1387,-0.10003899
10311,model_3,0.5722,0.543696
10312,model_3,0.2226,0.22178791
10313,model_3,0.8884,0.8849464
10314,model_3,0.227,0.17696206
10315,model_3,0.2463,0.22474651
10316,model_3,0.5207,0.43208858
10317,model_3,0.3029,0.21923336
10318,model_3,0.2458,0.15629606
10319,model_3,0.0555,0.0289174
10320,model_3,0.2703,0.26603922
10321,model_3,0.1372,0.17466657
10322,model_3,-0.076,-0.13728581
10323,model_3,0.2013,0.11093137
10324,model_3,0.1571,0.16726325
10325,model_3,0.2774,0.19592655
10326,model_3,0.7497,0.6768481
10327,model_3,0.3513,0.22674885
10328,model_3,0.1974,0.21114014
10329,model_3,0.0347,0.023426607
10330,model_3,-0.1634,-0.1439142
10331,model_3,0.0919,0.03805412
10332,model_3,0.2581,0.33335686
10333,model_3,0.2677,0.2405405
10334,model_3,0.6615,0.6383644
10335,model_3,0.2844,0.29800302
10336,model_3,0.2768,0.23293383
10337,model_3,0.0322,0.033389427
10338,model_3,0.4114,0.470908
10339,model_3,0.2891,0.29492417
10340,model_3,-0.1213,-0.038872633
10341,model_3,0.0137,0.107013956
10342,model_3,0.4425,0.4670289
10343,model_3,0.171,0.26128927
10344,model_3,-0.1109,-0.09278877
10345,model_3,0.3187,0.2998357
10346,model_3,0.034,0.017592652
10347,model_3,0.0391,0.069447964
10348,model_3,0.278,0.16959046
10349,model_3,-0.0065,-0.052720603
10350,model_3,0.0317,0.045244448
10351,model_3,0.2692,0.16063277
10352,model_3,0.3194,0.3417164
10353,model_3,0.0552,0.10522421
10354,model_3,0.1209,0.11650854
10355,model_3,0.2694,0.2973674
10356,model_3,0.2114,0.21709588
10357,model_3,0.0968,0.109842315
10358,model_3,0.2243,0.3122095
10359,model_3,0.1315,0.16433851
10360,model_3,0.4578,0.5164891
10361,model_3,0.7186,0.69791424
10362,model_3,0.7336,0.7652195
10363,model_3,0.2202,0.19161914
10364,model_3,0.2336,0.21806489
10365,model_3,0.1791,0.14102109
10366,model_3,0.5939,0.56929296
10367,model_3,0.4736,0.46091866
10368,model_3,0.6839,0.7290275
10369,model_3,0.4972,0.52474785
10370,model_3,0.0961,0.096188635
10371,model_3,0.0988,0.054147087
10372,model_3,0.3287,0.3515423
10373,model_3,0.3233,0.21561709
10374,model_3,-0.0581,0.083844274
10375,model_3,0.0896,0.06491793
10376,model_3,0.6775,0.72576743
10377,model_3,0.3069,0.2754283
10378,model_3,-0.0195,-0.029475793
10379,model_3,0.0418,0.008932928
10380,model_3,0.1425,0.116749376
10381,model_3,-0.1394,-0.107838646
10382,model_3,0.5988,0.6036877
10383,model_3,-0.047,-0.073178396
10384,model_3,0.0816,0.01762465
10385,model_3,0.2695,0.15437897
10386,model_3,0.1244,0.06849773
10387,model_3,0.1779,0.2239566
10388,model_3,0.6033,0.6935179
10389,model_3,0.1064,0.030436307
10390,model_3,0.046,0.083939314
10391,model_3,0.1202,0.15403007
10392,model_3,0.5019,0.58947855
10393,model_3,0.0017,0.0407296
10394,model_3,0.3738,0.33738092
10395,model_3,0.0798,0.049990468
10396,model_3,0.3139,0.38058472
10397,model_3,0.2962,0.2992968
10398,model_3,0.4756,0.48582065
10399,model_3,0.1559,0.16852458
10400,model_3,0.8671,0.7859201
10401,model_3,0.0357,0.2584835
10402,model_3,0.0232,0.084316984
10403,model_3,0.2867,0.17348851
10404,model_3,0.2936,0.3320602
10405,model_3,0.3752,0.39054057
10406,model_3,0.3892,0.4180819
10407,model_3,0.0857,0.101182446
10408,model_3,-0.1297,-0.093645036
10409,model_3,0.3019,0.33664435
10410,model_3,0.0906,0.08019884
10411,model_3,0.0705,-0.00980176
10412,model_3,0.0892,0.062797196
10413,model_3,0.0534,0.036175545
10414,model_3,0.3242,0.2943872
10415,model_3,0.4617,0.4841982
10416,model_3,-0.1094,0.008813121
10417,model_3,0.2628,0.30002147
10418,model_3,0.4246,0.2516949
10419,model_3,0.3841,0.12828134
10420,model_3,0.0125,0.06959477
10421,model_3,0.2735,0.27218455
10422,model_3,0.3603,0.28077948
10423,model_3,0.7488,0.5980966
10424,model_3,0.3669,0.37906438
10425,model_3,0.4798,0.45927474
10426,model_3,0.2088,0.1934128
10427,model_3,0.2065,0.32095087
10428,model_3,0.4067,0.43740028
10429,model_3,0.4177,0.3132332
10430,model_3,0.05,0.07071595
10431,model_3,-0.0858,-0.015062127
10432,model_3,0.3011,0.25421277
10433,model_3,0.0367,0.07921709
10434,model_3,0.1726,0.124863476
10435,model_3,0.2722,0.39701813
10436,model_3,0.007,0.05090481
10437,model_3,0.1991,0.23512153
10438,model_3,0.1447,0.12832725
10439,model_3,0.9204,0.9565883
10440,model_3,0.1682,0.13104393
10441,model_3,0.3648,0.29686424
10442,model_3,0.0616,0.13546982
10443,model_3,0.9915,0.9446688
10444,model_3,-0.013,0.039322726
10445,model_3,0.4678,0.28029978
10446,model_3,0.4732,0.38428056
10447,model_3,0.1624,0.17251058
10448,model_3,0.0874,0.029189415
10449,model_3,0.2213,0.18640657
10450,model_3,0.1921,0.16897738
10451,model_3,0.6105,0.59708196
10452,model_3,0.2677,0.19011797
10453,model_3,0.0104,0.021279601
10454,model_3,0.2394,0.20638314
10455,model_3,0.2982,0.26835537
10456,model_3,0.0512,0.030373262
10457,model_3,0.4783,0.4751941
10458,model_3,-0.0343,0.04796962
10459,model_3,-0.0991,-0.12770693
10460,model_3,-0.1123,-0.105128706
10461,model_3,0.2391,0.25160417
10462,model_3,0.5738,0.47419173
10463,model_3,0.2239,0.28410536
10464,model_3,0.051,0.051967885
10465,model_3,-0.1367,-0.08639294
10466,model_3,0.3705,0.25381225
10467,model_3,0.1093,0.08186826
10468,model_3,0.1749,0.15730616
10469,model_3,0.1765,0.28875506
10470,model_3,0.0555,0.08459963
10471,model_3,0.2369,0.23135407
10472,model_3,0.0737,0.054625183
10473,model_3,0.0739,0.10959384
10474,model_3,0.0349,0.14377072
10475,model_3,0.1911,0.22056359
10476,model_3,0.4731,0.39844394
10477,model_3,0.6034,0.6467927
10478,model_3,0.1201,0.13942914
10479,model_3,0.4201,0.35103035
10480,model_3,0.0998,0.0068551116
10481,model_3,0.3019,0.278838
10482,model_3,0.2721,0.3638798
10483,model_3,0.5276,0.46274167
10484,model_3,-0.1083,-0.08386962
10485,model_3,0.2696,0.2661451
10486,model_3,-0.0311,0.0832514
10487,model_3,0.2508,0.28163093
10488,model_3,0.3039,0.35009632
10489,model_3,-0.0314,0.0031196922
10490,model_3,0.3863,0.42956394
10491,model_3,0.1919,0.18286163
10492,model_3,-0.0266,0.04931247
10493,model_3,-0.0687,0.0017299019
10494,model_3,0.3339,0.34751025
10495,model_3,0.0969,0.25910455
10496,model_3,0.7938,0.7391949
10497,model_3,0.5657,0.49505383
10498,model_3,0.1286,0.2422833
10499,model_3,0.3885,0.37243357
10500,model_3,-0.0489,0.01939389
10501,model_3,0.255,0.23054607
10502,model_3,0.0386,0.067929685
10503,model_3,0.5836,0.44303095
10504,model_3,0.3233,0.25084162
10505,model_3,0.4311,0.21214406
10506,model_3,0.0128,0.0057437094
10507,model_3,0.0126,-0.01069561
10508,model_3,0.2527,0.2512027
10509,model_3,0.0752,0.16371652
10510,model_3,0.334,0.25067398
10511,model_3,0.0758,0.08840175
10512,model_3,0.3366,0.22158171
10513,model_3,0.1089,0.10524407
10514,model_3,0.1692,0.13122559
10515,model_3,0.2228,0.30467346
10516,model_3,0.0287,0.047893487
10517,model_3,0.4356,0.30754936
10518,model_3,0.0859,0.075389385
10519,model_3,0.6341,0.5893039
10520,model_3,0.0561,0.056578647
10521,model_3,0.0566,0.05778351
10522,model_3,0.1331,0.21015058
10523,model_3,0.066,0.043722752
10524,model_3,0.0936,-0.013811361
10525,model_3,0.2449,0.2167518
10526,model_3,-0.0098,-0.0017816387
10527,model_3,0.1675,0.084742025
10528,model_3,0.4185,0.34746176
10529,model_3,0.1566,0.23427473
10530,model_3,0.3762,0.26902634
10531,model_3,-0.0079,-0.029678188
10532,model_3,0.0353,0.04001744
10533,model_3,0.1644,-0.037899762
10534,model_3,0.0658,0.08675802
10535,model_3,0.3621,0.36559516
10536,model_3,0.1763,0.12717934
10537,model_3,0.2067,0.23597254
10538,model_3,0.3036,0.2682401
10539,model_3,0.1705,0.16500722
10540,model_3,0.0643,0.058984227
10541,model_3,0.2181,0.28246593
10542,model_3,0.359,0.3866018
10543,model_3,0.7038,0.7057108
10544,model_3,0.0609,0.10476227
10545,model_3,-0.0449,-0.069061235
10546,model_3,0.1028,0.12935156
10547,model_3,0.1165,0.123174444
10548,model_3,0.1325,0.18007159
10549,model_3,0.4258,0.45168582
10550,model_3,0.113,0.099061206
10551,model_3,0.2893,0.30379143
10552,model_3,0.0332,0.055797018
10553,model_3,0.417,0.48778245
10554,model_3,0.0296,0.051609788
10555,model_3,0.3096,0.28150433
10556,model_3,0.4775,0.25601777
10557,model_3,0.0254,0.010731814
10558,model_3,-0.0355,-0.03417147
10559,model_3,0.1213,0.14311184
10560,model_3,0.1306,0.13540927
10561,model_3,0.0947,0.12496388
10562,model_3,0.0422,0.13574341
10563,model_3,-0.1869,-0.15579586
10564,model_3,0.0338,0.010791615
10565,model_3,0.093,0.1584752
10566,model_3,0.4244,0.5259781
10567,model_3,0.146,0.1272796
10568,model_3,0.2625,0.08310014
10569,model_3,0.6186,0.66915137
10570,model_3,0.6094,0.597802
10571,model_3,-0.155,-0.165116
10572,model_3,-0.0334,0.016213369
10573,model_3,0.1951,0.2257859
10574,model_3,0.2711,0.32015353
10575,model_3,0.0548,0.087977946
10576,model_3,0.754,0.7402604
10577,model_3,-0.0088,0.043766
10578,model_3,0.353,0.42025012
10579,model_3,0.2414,0.15208468
10580,model_3,0.2154,0.20883934
10581,model_3,0.0493,0.061170205
10582,model_3,0.3207,0.27654985
10583,model_3,0.1382,0.13376127
10584,model_3,-0.1783,-0.15817823
10585,model_3,0.8257,0.75365186
10586,model_3,0.4864,0.46531564
10587,model_3,0.6914,0.55321425
10588,model_3,0.1373,0.2734413
10589,model_3,0.2125,0.24483074
10590,model_3,0.2492,0.15919998
10591,model_3,0.5314,0.4822635
10592,model_3,0.4265,0.45723188
10593,model_3,0.3585,0.31380963
10594,model_3,-0.0642,-0.0201104
10595,model_3,0.102,0.13710292
10596,model_3,0.8595,0.8557031
10597,model_3,0.2612,0.16422819
10598,model_3,0.4236,0.42190737
10599,model_3,0.1992,0.18879563
10600,model_3,0.4507,0.417327
10601,model_3,0.7115,0.6526237
10602,model_3,-0.1164,-0.09383418
10603,model_3,0.195,0.17123789
10604,model_3,-0.0374,-0.022512246
10605,model_3,0.2711,0.35514152
10606,model_3,-0.0186,0.04176718
10607,model_3,0.2629,0.29217795
10608,model_3,0.0375,0.043273773
10609,model_3,-0.0356,0.086780235
10610,model_3,0.1238,0.020822158
10611,model_3,-0.0333,-0.030520145
10612,model_3,0.3234,0.34478527
10613,model_3,0.1518,0.15974951
10614,model_3,0.2643,0.23149379
10615,model_3,0.1736,0.2646895
10616,model_3,0.5562,0.4547966
10617,model_3,0.6766,0.2919968
10618,model_3,0.8419,0.81127566
10619,model_3,0.387,0.38827348
10620,model_3,0.8076,0.80578536
10621,model_3,0.1448,0.18689708
10622,model_3,-0.0785,-0.041498315
10623,model_3,0.6639,0.7025489
10624,model_3,0.0613,0.20202905
10625,model_3,-0.0464,-0.04268496
10626,model_3,0.3354,0.19850564
10627,model_3,0.2963,0.3052457
10628,model_3,0.2019,0.20437993
10629,model_3,0.1824,0.23843391
10630,model_3,0.1763,0.2916777
10631,model_3,0.2625,0.30806303
10632,model_3,-0.0045,-0.1605602
10633,model_3,0.1073,0.10275252
10634,model_3,0.187,0.25199586
10635,model_3,0.0886,0.2304236
10636,model_3,-0.0699,-0.018822532
10637,model_3,0.1262,0.28641412
10638,model_3,0.4338,0.47283065
10639,model_3,0.4657,0.4632063
10640,model_3,0.6045,0.6115827
10641,model_3,-0.0867,-0.064300865
10642,model_3,0.3523,0.3718998
10643,model_3,-0.0355,-0.045399074
10644,model_3,0.318,0.3653577
10645,model_3,0.2709,0.30773717
10646,model_3,0.3761,0.38473526
10647,model_3,-0.1246,-0.034008116
10648,model_3,0.1193,0.07634911
10649,model_3,0.1881,0.17745554
10650,model_3,0.3726,0.36700058
10651,model_3,0.6418,0.6469187
10652,model_3,0.256,0.16371287
10653,model_3,0.2293,0.21868889
10654,model_3,0.115,0.15592732
10655,model_3,0.7218,0.72290605
10656,model_3,0.1697,0.20050491
10657,model_3,0.375,0.35946423
10658,model_3,0.4355,0.3946718
10659,model_3,0.1799,0.18576235
10660,model_3,0.1048,0.12975019
10661,model_3,0.2793,0.22561952
10662,model_3,0.0345,0.1069119
10663,model_3,-0.0262,-0.0015497804
10664,model_3,0.0416,-0.0041012987
10665,model_3,1.0144,0.98470825
10666,model_3,0.2524,0.26094937
10667,model_3,-0.0124,-0.019769242
10668,model_3,-0.1637,-0.15148951
10669,model_3,0.1381,0.09060264
10670,model_3,0.6514,0.5988395
10671,model_3,-0.0627,-0.16625129
10672,model_3,0.4353,0.43082386
10673,model_3,0.1745,0.1287645
10674,model_3,0.122,0.087437004
10675,model_3,0.2754,0.23755842
10676,model_3,0.111,0.0854471
10677,model_3,0.4005,0.41677573
10678,model_3,0.475,0.4561255
10679,model_3,0.3676,0.42132792
10680,model_3,0.0766,0.0975918
10681,model_3,0.6857,0.6935362
10682,model_3,0.6249,0.61766696
10683,model_3,0.2694,0.32543233
10684,model_3,0.233,0.22153051
10685,model_3,0.353,0.36294335
10686,model_3,-0.0391,0.0025769714
10687,model_3,0.1883,0.14705525
10688,model_3,0.2604,0.34100926
10689,model_3,0.2336,0.22231662
10690,model_3,0.6381,0.5951038
10691,model_3,0.0683,0.15082704
10692,model_3,0.0146,0.34464687
10693,model_3,-0.0181,0.03253101
10694,model_3,0.1454,0.13846178
10695,model_3,-0.0251,-0.02761716
10696,model_3,-0.1216,-0.13770075
10697,model_3,0.2582,0.21121092
10698,model_3,0.1739,0.15445276
10699,model_3,0.1532,0.027518667
10700,model_3,0.2166,0.31539947
10701,model_3,0.1988,0.20169161
10702,model_3,0.1604,0.20490909
10703,model_3,0.724,0.73898345
10704,model_3,0.0657,0.11889553
10705,model_3,0.5618,0.5322941
10706,model_3,-0.0271,-0.04429165
10707,model_3,0.1773,0.14875656
10708,model_3,0.3252,0.35043353
10709,model_3,0.198,0.24516082
10710,model_3,-0.0942,-0.052213047
10711,model_3,0.6169,0.6098283
10712,model_3,0.0827,0.103345126
10713,model_3,0.4194,0.28620207
10714,model_3,0.1056,0.07837109
10715,model_3,-0.016,0.009923749
10716,model_3,-0.0152,0.020684773
10717,model_3,0.1894,0.119436845
10718,model_3,0.5376,0.5112372
10719,model_3,0.4014,0.3715019
10720,model_3,0.8186,0.8008494
10721,model_3,-0.0249,-0.03510002
10722,model_3,-0.0612,-0.05842473
10723,model_3,-0.206,-0.19436471
10724,model_3,0.5272,0.4539026
10725,model_3,0.2488,0.28483588
10726,model_3,0.1423,0.121063486
10727,model_3,-0.0698,-0.050977144
10728,model_3,0.1052,0.09853716
10729,model_3,0.0292,0.015876615
10730,model_3,0.0857,0.06620993
10731,model_3,0.2841,0.2948625
10732,model_3,0.1528,0.12579614
10733,model_3,0.4868,0.42303795
10734,model_3,0.0453,0.04724292
10735,model_3,0.5002,0.50476813
10736,model_3,0.2072,0.21671863
10737,model_3,0.1822,0.25655466
10738,model_3,0.2111,0.22137304
10739,model_3,0.2864,0.26341736
10740,model_3,0.0528,0.099666566
10741,model_3,0.3802,0.38550705
10742,model_3,0.5333,0.4830559
10743,model_3,0.2706,0.4258597
10744,model_3,-0.1413,-0.11303316
10745,model_3,0.1266,0.09832576
10746,model_3,0.1285,0.12446235
10747,model_3,0.3442,0.36430514
10748,model_3,0.3737,0.15956838
10749,model_3,0.2735,0.2809875
10750,model_3,0.362,0.4374939
10751,model_3,0.0378,0.036278024
10752,model_3,0.3053,0.44226614
10753,model_3,0.2755,0.20023224
10754,model_3,0.2456,0.22538127
10755,model_3,0.2428,0.23704909
10756,model_3,0.4214,0.39300436
10757,model_3,-0.0668,-0.04413376
10758,model_3,0.072,-0.020694721
10759,model_3,0.4906,0.5315886
10760,model_3,0.7962,0.7275973
10761,model_3,0.1824,0.26632652
10762,model_3,0.0267,0.14274882
10763,model_3,-0.0807,-0.0073071904
10764,model_3,0.2998,0.24782915
10765,model_3,0.7914,0.89626235
10766,model_3,0.5554,0.45056152
10767,model_3,0.6613,0.58322406
10768,model_3,0.1391,0.20250107
10769,model_3,0.0907,0.087852776
10770,model_3,0.4981,0.35217956
10771,model_3,0.1138,0.26382416
10772,model_3,0.2464,0.12365602
10773,model_3,0.1193,0.11201489
10774,model_3,0.1552,0.074920595
10775,model_3,0.1722,0.04224171
10776,model_3,0.4893,0.48326993
10777,model_3,0.4786,0.5243618
10778,model_3,0.5731,0.5905387
10779,model_3,0.3182,0.3123673
10780,model_3,0.1024,0.18044965
10781,model_3,0.834,0.8049085
10782,model_3,0.0119,0.06978564
10783,model_3,-0.0682,-0.04617307
10784,model_3,0.2639,0.31435227
10785,model_3,0.0865,0.10600336
10786,model_3,0.3875,0.4771015
10787,model_3,0.6545,0.6740623
10788,model_3,-0.0593,-0.008106552
10789,model_3,0.5307,0.52025265
10790,model_3,0.4603,0.49471754
10791,model_3,0.3729,0.32893533
10792,model_3,0.3442,0.29595584
10793,model_3,0.2174,0.12339947
10794,model_3,0.1505,0.027676351
10795,model_3,0.4155,0.4130516
10796,model_3,-0.1341,-0.042183045
10797,model_3,0.3035,0.35860115
10798,model_3,0.2483,0.21979026
10799,model_3,0.3472,0.26422024
10800,model_3,0.4148,0.3680157
10801,model_3,0.074,0.04712335
10802,model_3,0.1852,0.2053961
10803,model_3,0.0474,0.071462035
10804,model_3,-0.2197,-0.15584908
10805,model_3,0.2903,0.25346088
10806,model_3,0.0917,0.05863731
10807,model_3,0.0484,0.09518941
10808,model_3,0.1054,0.1307694
10809,model_3,0.1959,0.23913743
10810,model_3,0.2398,0.2296588
10811,model_3,0.0737,0.0941356
10812,model_3,0.2692,0.39572108
10813,model_3,0.3841,0.29651356
10814,model_3,0.6215,0.6164997
10815,model_3,0.0801,0.21552669
10816,model_3,0.0483,0.023120925
10817,model_3,0.3929,0.54593664
10818,model_3,0.1631,0.18818845
10819,model_3,0.0222,0.031185973
10820,model_3,0.4742,0.38397714
10821,model_3,0.2134,0.15156026
10822,model_3,0.1285,0.02483378
10823,model_3,0.2461,0.2763766
10824,model_3,0.6245,0.5613963
10825,model_3,0.0083,0.017447524
10826,model_3,0.2612,0.23212573
10827,model_3,0.2475,0.29972357
10828,model_3,0.0566,0.053039823
10829,model_3,0.2895,0.2433137
10830,model_3,0.3308,0.34089878
10831,model_3,0.2631,0.23929644
10832,model_3,-0.2061,-0.20355661
10833,model_3,0.1494,0.18719132
10834,model_3,-0.0297,0.07041742
10835,model_3,0.1774,0.13298373
10836,model_3,0.0808,0.22927667
10837,model_3,0.114,0.14368086
10838,model_3,0.0987,0.13536495
10839,model_3,-0.0136,0.027591193
10840,model_3,0.1174,0.11877191
10841,model_3,0.3768,0.35246998
10842,model_3,0.2963,0.354537
10843,model_3,0.1514,0.110962406
10844,model_3,0.2605,0.2544396
10845,model_3,0.1416,0.16793199
10846,model_3,0.0,0.12753491
10847,model_3,0.2481,0.17394046
10848,model_3,0.4925,0.46478772
10849,model_3,0.4123,0.42707688
10850,model_3,0.2293,0.16016662
10851,model_3,0.1969,0.22798727
10852,model_3,0.5025,0.44714314
10853,model_3,0.0838,0.20508271
10854,model_3,0.103,0.092587754
10855,model_3,0.3434,0.30232018
10856,model_3,0.2999,0.27480608
10857,model_3,-0.2141,-0.07818508
10858,model_3,0.0386,0.12095043
10859,model_3,0.2813,0.10929981
10860,model_3,0.3179,0.18055825
10861,model_3,0.1665,0.2295396
10862,model_3,0.068,0.14199315
10863,model_3,0.1639,0.1751119
10864,model_3,0.1427,0.13930853
10865,model_3,0.352,0.3748589
10866,model_3,0.3143,0.21577035
10867,model_3,0.4993,0.5006646
10868,model_3,0.1926,0.22285749
10869,model_3,0.2297,0.12847765
10870,model_3,0.0957,0.075956166
10871,model_3,0.0873,0.027979944
10872,model_3,0.2542,0.2591585
10873,model_3,0.3934,0.4141332
10874,model_3,0.4205,0.26100573
10875,model_3,0.2097,0.24099337
10876,model_3,-0.0093,0.103766546
10877,model_3,-0.064,0.07059181
10878,model_3,-0.0638,0.007757973
10879,model_3,0.5304,0.4753054
10880,model_3,0.1782,0.13665341
10881,model_3,0.0668,-0.01000106
10882,model_3,-0.0223,-0.0028171763
10883,model_3,0.0224,0.033539012
10884,model_3,0.0633,0.072429895
10885,model_3,0.1513,0.15230079
10886,model_3,0.1875,0.10866192
10887,model_3,0.2298,0.2528705
10888,model_3,0.5945,0.6443151
10889,model_3,0.405,0.3967427
10890,model_3,0.1843,0.13287517
10891,model_3,0.2151,0.20063595
10892,model_3,0.4072,0.4252723
10893,model_3,1.0229,0.98582375
10894,model_3,0.2465,0.16850935
10895,model_3,0.3792,0.4166885
10896,model_3,0.1214,0.24079064
10897,model_3,0.2769,0.15732874
10898,model_3,0.4407,0.45861223
10899,model_3,0.005,0.04365239
10900,model_3,0.136,0.13114454
10901,model_3,0.3105,0.3232998
10902,model_3,0.205,0.12620719
10903,model_3,0.3226,0.29609162
10904,model_3,0.2561,0.23498152
10905,model_3,0.2626,0.2423913
10906,model_3,0.0762,0.34788936
10907,model_3,0.3176,0.29280674
10908,model_3,0.1217,0.13054459
10909,model_3,0.3185,0.3187679
10910,model_3,0.3052,0.29123425
10911,model_3,0.3909,0.3893845
10912,model_3,0.7971,0.77735037
10913,model_3,0.299,0.27650744
10914,model_3,0.4135,0.361092
10915,model_3,0.0792,0.061950274
10916,model_3,0.9226,0.9021401
10917,model_3,0.1958,0.20236321
10918,model_3,0.1063,0.07035167
10919,model_3,0.156,0.23435149
10920,model_3,0.5999,0.51897925
10921,model_3,0.558,0.5039052
10922,model_3,0.2627,0.24780348
10923,model_3,0.351,0.31108946
10924,model_3,0.1938,0.2763974
10925,model_3,0.4099,0.35363138
10926,model_3,0.0478,0.17301445
10927,model_3,0.0251,0.009563725
10928,model_3,0.1263,0.15354446
10929,model_3,0.2461,0.2699396
10930,model_3,0.3564,0.28667867
10931,model_3,0.4621,0.45246768
10932,model_3,0.2537,0.32627398
10933,model_3,0.3808,0.39692432
10934,model_3,0.0143,0.068724364
10935,model_3,0.3736,0.40869927
10936,model_3,0.2683,0.27664897
10937,model_3,0.1603,0.09117192
10938,model_3,0.3838,0.4490608
10939,model_3,0.2206,0.21443693
10940,model_3,0.3103,0.30900323
10941,model_3,0.1545,0.25501683
10942,model_3,0.2975,0.32235673
10943,model_3,0.0213,0.04781874
10944,model_3,0.139,0.07527481
10945,model_3,-0.1196,0.022016494
10946,model_3,0.427,0.40636146
10947,model_3,0.1902,0.2745205
10948,model_3,0.088,0.03717658
10949,model_3,0.1175,0.06569077
10950,model_3,0.2849,0.2718596
10951,model_3,0.1405,0.09919526
10952,model_3,0.7506,0.7574151
10953,model_3,0.3688,0.37810516
10954,model_3,0.3629,0.29776374
10955,model_3,0.3063,0.2944991
10956,model_3,0.0852,0.027034134
10957,model_3,0.3637,0.37112156
10958,model_3,0.0919,0.025105383
10959,model_3,0.0236,0.1071904
10960,model_3,0.7146,0.7156294
10961,model_3,0.173,0.13530532
10962,model_3,0.2916,0.3047371
10963,model_3,0.586,0.6417181
10964,model_3,0.0704,0.06267162
10965,model_3,0.3744,0.33162814
10966,model_3,0.0507,0.11152077
10967,model_3,0.0398,0.04515967
10968,model_3,0.1713,0.10969125
10969,model_3,0.0504,0.049545884
10970,model_3,0.1171,0.1089014
10971,model_3,0.0365,0.042939577
10972,model_3,0.1831,0.15798481
10973,model_3,0.4958,0.49534652
10974,model_3,0.3801,0.15719028
10975,model_3,0.4758,0.4082357
10976,model_3,0.1422,0.124546364
10977,model_3,-0.0055,-0.04067532
10978,model_3,0.228,0.2575366
10979,model_3,0.1197,0.11875799
10980,model_3,0.3709,0.24053378
10981,model_3,0.4927,0.46453723
10982,model_3,0.3543,0.25549072
10983,model_3,0.1241,0.09875131
10984,model_3,0.7845,0.78384805
10985,model_3,0.0084,0.019716004
10986,model_3,0.2433,0.26154009
10987,model_3,0.3002,0.23715311
10988,model_3,-0.045,-0.028929837
10989,model_3,0.809,0.8052511
10990,model_3,-0.1874,-0.12530027
10991,model_3,0.0954,0.17320938
10992,model_3,0.0649,0.090828314
10993,model_3,0.0488,0.02000966
10994,model_3,0.0999,0.16685641
10995,model_3,0.4613,0.2670188
10996,model_3,0.2215,0.2604108
10997,model_3,0.0279,0.06552704
10998,model_3,0.0804,0.04906213
10999,model_3,0.6824,0.8015695
11000,model_3,0.1438,0.1003726
11001,model_3,0.3329,0.32634583
11002,model_3,-0.1231,0.056591194
11003,model_3,0.4077,0.34953296
11004,model_3,0.098,0.05290651
11005,model_3,0.1445,0.16822198
11006,model_3,0.0494,0.033071276
11007,model_3,0.029,0.01751957
11008,model_3,0.4666,0.43953305
11009,model_3,0.236,0.22952154
11010,model_3,0.2067,0.29308322
11011,model_3,0.1138,0.16119245
11012,model_3,0.0908,-0.009248298
11013,model_3,0.0632,0.08936104
11014,model_3,0.2981,0.19522463
11015,model_3,0.3582,0.39167744
11016,model_3,0.0888,0.1401085
11017,model_3,0.0949,0.2291743
11018,model_3,0.5858,0.5744849
11019,model_3,0.0634,0.13755275
11020,model_3,-0.0264,-0.023523714
11021,model_3,0.1495,0.25196174
11022,model_3,-0.1293,0.02999337
11023,model_3,0.2242,0.23077266
11024,model_3,0.1476,0.21671094
11025,model_3,-0.1992,-0.1283329
11026,model_3,0.1129,0.104837015
11027,model_3,0.0901,0.15148865
11028,model_3,0.1168,-0.054438923
11029,model_3,0.3422,0.3129829
11030,model_3,0.3234,0.2902454
11031,model_3,0.1595,0.18883668
11032,model_3,0.4481,0.38462818
11033,model_3,0.0839,0.11916837
11034,model_3,0.266,0.19822471
11035,model_3,0.3038,0.29870665
11036,model_3,0.0618,0.08675967
11037,model_3,-0.0563,0.11015612
11038,model_3,-0.0696,0.13754128
11039,model_3,0.2162,0.16556333
11040,model_3,0.3247,0.30751753
11041,model_3,0.1945,0.20093502
11042,model_3,0.195,0.12006284
11043,model_3,0.0707,0.085603446
11044,model_3,0.0883,0.02854729
11045,model_3,0.6459,0.7658326
11046,model_3,0.752,0.66181487
11047,model_3,0.0805,0.1560057
11048,model_3,0.4072,0.32051373
11049,model_3,0.1375,-0.08964133
11050,model_3,0.1063,0.07396908
11051,model_3,0.017,0.18518995
11052,model_3,0.2834,0.29992175
11053,model_3,0.1295,0.10995178
11054,model_3,0.1867,0.44073272
11055,model_3,0.2553,0.23406287
11056,model_3,0.1714,0.25090644
11057,model_3,0.0848,0.032229587
11058,model_3,0.2484,0.27865672
11059,model_3,0.567,0.5938842
11060,model_3,0.3208,0.30199066
11061,model_3,0.1699,0.18824102
11062,model_3,0.0792,0.0547007
11063,model_3,-0.0587,-0.007769339
11064,model_3,0.32,0.4644133
11065,model_3,0.0676,0.26342607
11066,model_3,0.1869,0.23171557
11067,model_3,0.3516,0.36908144
11068,model_3,0.2406,0.1411212
11069,model_3,0.2365,0.2608261
11070,model_3,0.7883,0.74093896
11071,model_3,0.0477,0.054378167
11072,model_3,-0.0058,-0.0163282
11073,model_3,0.0904,0.06142238
11074,model_3,0.216,0.23402554
11075,model_3,0.3624,0.37016985
11076,model_3,0.4707,0.53146803
11077,model_3,0.4918,0.5007362
11078,model_3,0.5266,0.45568612
11079,model_3,0.0428,0.091597885
11080,model_3,0.0559,0.09357852
11081,model_3,0.0011,-0.037481967
11082,model_3,0.3292,0.281739
11083,model_3,0.6414,0.43160987
11084,model_3,0.0649,0.062952615
11085,model_3,0.2356,0.14232872
11086,model_3,0.2241,0.26230517
11087,model_3,-0.0184,0.051690813
11088,model_3,0.8583,0.84932864
11089,model_3,0.0865,0.07474145
11090,model_3,0.2614,0.307316
11091,model_3,0.0702,0.11583458
11092,model_3,0.0818,0.059591576
11093,model_3,0.1874,0.19475578
11094,model_3,0.148,0.14651488
11095,model_3,0.5617,0.4967407
11096,model_3,-0.1217,-0.10263386
11097,model_3,0.3277,0.3023956
11098,model_3,0.13,0.10974945
11099,model_3,0.0293,0.058407
11100,model_3,0.0576,0.0933924
11101,model_3,0.4101,0.45371625
11102,model_3,0.4201,0.34205478
11103,model_3,0.1497,0.075887755
11104,model_3,0.4107,0.44161052
11105,model_3,0.6921,0.66082317
11106,model_3,0.3037,0.26003802
11107,model_3,0.319,0.25784615
11108,model_3,-0.035,0.06679885
11109,model_3,0.1777,0.07951924
11110,model_3,-0.0038,0.271546
11111,model_3,0.2415,0.26876676
11112,model_3,-0.0784,-0.042074256
11113,model_3,-0.1111,0.0783575
11114,model_3,0.1459,0.16465513
11115,model_3,0.3786,0.430435
11116,model_3,0.3347,0.20854656
11117,model_3,0.1828,0.17733286
11118,model_3,0.2818,0.28056043
11119,model_3,0.0881,0.16734435
11120,model_3,0.2557,0.25938106
11121,model_3,0.2929,0.29563987
11122,model_3,0.1651,0.20059814
11123,model_3,0.2267,0.32245052
11124,model_3,0.1507,0.17035158
11125,model_3,0.2934,0.17296787
11126,model_3,0.1462,0.095317006
11127,model_3,0.2023,0.24946491
11128,model_3,0.1702,0.27192187
11129,model_3,0.6418,0.5564316
11130,model_3,0.158,0.27288553
11131,model_3,0.2057,0.20362155
11132,model_3,0.0459,0.05257416
11133,model_3,0.6986,0.73031217
11134,model_3,0.2051,0.12713568
11135,model_3,0.3447,0.391744
11136,model_3,0.0844,0.08538781
11137,model_3,0.1006,0.1434249
11138,model_3,0.4047,0.2699112
11139,model_3,0.0489,0.06364924
11140,model_3,0.5458,0.50083864
11141,model_3,0.3245,0.31836423
11142,model_3,0.1788,0.16917394
11143,model_3,0.0417,0.031029422
11144,model_3,0.0326,0.09107587
11145,model_3,0.3791,0.33773452
11146,model_3,0.2594,0.2778099
11147,model_3,0.4771,0.49803603
11148,model_3,0.192,0.19106151
11149,model_3,0.5103,0.50381345
11150,model_3,0.3477,0.28311843
11151,model_3,0.5277,0.51608616
11152,model_3,0.4144,0.35783148
11153,model_3,0.2183,0.15777494
11154,model_3,0.1394,0.10845128
11155,model_3,0.6138,0.6038409
11156,model_3,0.2474,0.15935478
11157,model_3,0.4536,0.27004305
11158,model_3,0.1421,0.14777566
11159,model_3,0.2981,0.09229742
11160,model_3,0.9825,0.90114504
11161,model_3,0.9298,0.89971894
11162,model_3,0.6964,0.66405314
11163,model_3,0.3255,0.2193306
11164,model_3,0.3058,0.2455628
11165,model_3,-0.0787,-0.033852533
11166,model_3,0.7815,0.7664324
11167,model_3,0.5367,0.5334542
11168,model_3,0.2829,0.27575624
11169,model_3,0.1477,0.10937464
11170,model_3,0.2789,0.18472292
11171,model_3,0.1075,0.141081
11172,model_3,0.1685,0.10362987
11173,model_3,-0.2613,0.64139265
11174,model_3,-0.0404,-0.020870697
11175,model_3,0.3044,0.28755382
11176,model_3,0.1926,0.19383343
11177,model_3,0.1838,0.20260267
11178,model_3,0.4107,0.3095978
11179,model_3,0.3862,0.39818832
11180,model_3,0.2354,0.2071094
11181,model_3,0.2961,0.32786053
11182,model_3,0.0942,0.09956573
11183,model_3,0.1184,0.11810763
11184,model_3,0.0921,0.17514147
11185,model_3,0.4291,0.38692668
11186,model_3,0.7201,0.68987364
11187,model_3,0.5858,0.5775829
11188,model_3,0.3869,0.34084883
11189,model_3,0.6304,0.63970274
11190,model_3,0.4408,0.4347485
11191,model_3,0.1854,0.19010846
11192,model_3,-0.0117,0.039169803
11193,model_3,0.7519,0.81928277
11194,model_3,0.1042,0.05405742
11195,model_3,0.3924,0.3699512
11196,model_3,0.431,0.43961236
11197,model_3,0.1218,0.24807389
11198,model_3,0.3164,0.27952337
11199,model_3,0.1226,0.15495357
11200,model_3,-0.0902,-0.050937872
11201,model_3,0.2505,0.08062446
11202,model_3,0.413,0.30780917
11203,model_3,0.1704,0.14946006
11204,model_3,-0.1821,-0.121443495
11205,model_3,0.401,0.4192594
11206,model_3,0.5054,0.47455615
11207,model_3,0.1048,0.055131238
11208,model_3,0.3487,0.24962483
11209,model_3,0.0807,0.20533274
11210,model_3,0.2676,0.24462144
11211,model_3,0.0371,0.0728737
11212,model_3,0.3336,0.26740324
11213,model_3,0.2569,0.15958111
11214,model_3,0.348,0.27694726
11215,model_3,0.5071,0.52756387
11216,model_3,0.0782,0.10810225
11217,model_3,0.4709,0.38510913
11218,model_3,-0.0239,0.025893714
11219,model_3,0.1928,0.13962506
11220,model_3,0.0225,-0.03652877
11221,model_3,-0.0389,0.026412664
11222,model_3,0.4735,0.4564925
11223,model_3,0.1408,0.16054775
11224,model_3,0.8831,0.93349135
11225,model_3,0.037,-0.07103941
11226,model_3,0.3199,0.23411731
11227,model_3,0.0834,0.19090842
11228,model_3,0.2327,0.20138872
11229,model_3,0.9058,0.81538266
11230,model_3,0.3432,0.33420223
11231,model_3,0.5666,0.3119877
11232,model_3,0.2939,0.3308965
11233,model_3,0.1295,0.16242106
11234,model_3,0.0317,-0.019254256
11235,model_3,0.3671,0.35132974
11236,model_3,0.1248,0.14947481
11237,model_3,0.6174,0.476876
11238,model_3,0.0598,0.07224691
11239,model_3,0.1877,0.20463057
11240,model_3,0.105,0.20296067
11241,model_3,0.4395,0.39454478
11242,model_3,0.0908,0.10382895
11243,model_3,0.3508,0.18916832
11244,model_3,0.3978,0.36637968
11245,model_3,-0.1665,-0.14571108
11246,model_3,0.31,0.25262505
11247,model_3,0.4222,0.46209955
11248,model_3,0.1232,0.112805575
11249,model_3,0.3391,0.30190223
11250,model_3,0.549,0.42850533
11251,model_3,0.1009,0.22700813
11252,model_3,-0.0518,0.014122054
11253,model_3,-0.0276,0.03799218
11254,model_3,0.2821,0.24829078
11255,model_3,0.7468,0.743427
11256,model_3,-0.0742,-0.05258492
11257,model_3,0.1005,0.0778438
11258,model_3,0.1921,0.31238073
11259,model_3,0.8607,0.87510616
11260,model_3,0.7758,0.74981135
11261,model_3,0.2861,0.28228438
11262,model_3,0.2767,0.2534985
11263,model_3,0.0951,0.14447252
11264,model_3,0.5097,0.5638874
11265,model_3,0.0357,0.009342179
11266,model_3,-0.0165,0.077997684
11267,model_3,-0.1478,-0.011352714
11268,model_3,0.1299,0.12953791
11269,model_3,0.2679,0.3353987
11270,model_3,0.0111,0.096128464
11271,model_3,-0.0681,-0.011367757
11272,model_3,0.1707,0.27625948
11273,model_3,0.3304,0.26913685
11274,model_3,0.3407,0.25176564
11275,model_3,0.398,0.31348467
11276,model_3,0.1057,0.13800123
11277,model_3,0.259,0.15645084
11278,model_3,0.3918,0.3071647
11279,model_3,0.4796,0.44385904
11280,model_3,0.0013,0.2309673
11281,model_3,0.1598,0.13117664
11282,model_3,0.5673,0.5498262
11283,model_3,-0.0845,-0.101474926
11284,model_3,0.188,0.21174274
11285,model_3,0.5427,0.55525225
11286,model_3,-0.1603,-0.15288676
11287,model_3,0.4978,0.5441942
11288,model_3,0.1261,0.1480879
11289,model_3,1.1149,0.98444575
11290,model_3,-0.1663,-0.054077867
11291,model_3,-0.0119,0.023227379
11292,model_3,-0.0326,-0.032135587
11293,model_3,0.3459,0.32662272
11294,model_3,0.0157,0.08462076
11295,model_3,0.4001,0.37278402
11296,model_3,-0.0279,-0.032029163
11297,model_3,0.4198,0.39652145
11298,model_3,0.2493,0.2627742
11299,model_3,0.1426,0.1656139
11300,model_3,0.0584,0.03153366
11301,model_3,0.4356,0.40964568
11302,model_3,0.1632,0.1669663
11303,model_3,0.3685,0.32617015
11304,model_3,0.0774,0.083941236
11305,model_3,0.103,0.14217971
11306,model_3,0.091,0.044428248
11307,model_3,0.4157,0.43550086
11308,model_3,0.4915,0.4809551
11309,model_3,0.3208,0.26284397
11310,model_3,-0.0642,-0.024536423
11311,model_3,0.3818,0.38564587
11312,model_3,0.3244,0.26817378
11313,model_3,0.3363,0.3321468
11314,model_3,0.3247,0.26435205
11315,model_3,0.5227,0.4798866
11316,model_3,0.0922,0.13748853
11317,model_3,-0.0668,0.10570024
11318,model_3,0.0966,0.12603529
11319,model_3,0.0583,0.04737026
11320,model_3,0.6074,0.6057766
11321,model_3,0.0248,0.056251016
11322,model_3,0.5441,0.50221765
11323,model_3,0.3205,0.33349442
11324,model_3,0.3632,0.24054815
11325,model_3,0.0903,0.109663144
11326,model_3,0.3414,0.26332968
11327,model_3,0.289,0.25194106
11328,model_3,0.1289,0.1389847
11329,model_3,0.2957,0.029899707
11330,model_3,0.1742,0.13041085
11331,model_3,0.3178,0.2881235
11332,model_3,0.1158,0.06752612
11333,model_3,0.1374,0.2170948
11334,model_3,0.159,0.1714773
11335,model_3,0.3305,0.28757292
11336,model_3,-0.199,-0.18269424
11337,model_3,0.5141,0.42664164
11338,model_3,-0.0726,0.0028133038
11339,model_3,0.9068,0.9205217
11340,model_3,0.431,0.38479018
11341,model_3,0.2753,0.32267833
11342,model_3,0.5012,0.4834105
11343,model_3,0.1876,0.12692036
11344,model_3,0.2049,0.20916814
11345,model_3,0.2423,0.19968483
11346,model_3,0.0304,0.025500685
11347,model_3,0.0448,0.06714597
11348,model_3,-0.001,-0.0074115302
11349,model_3,0.2764,0.2543805
11350,model_3,0.2038,0.15315206
11351,model_3,0.3635,0.23823078
11352,model_3,0.1029,0.19444682
11353,model_3,-0.149,-0.15420176
11354,model_3,0.2571,0.31734735
11355,model_3,0.378,0.36889213
11356,model_3,-0.001,0.019694671
11357,model_3,0.3118,0.33150673
11358,model_3,-0.0163,0.019989543
11359,model_3,0.3748,0.32135865
11360,model_3,0.4103,0.49696362
11361,model_3,0.1265,0.123513594
11362,model_3,0.1366,0.18649015
11363,model_3,0.1944,0.19269237
11364,model_3,-0.0655,-0.06177636
11365,model_3,0.1574,0.09828244
11366,model_3,0.6748,0.6451525
11367,model_3,0.3382,0.46426457
11368,model_3,0.0865,0.07482359
11369,model_3,0.0168,0.25702018
11370,model_3,-0.0505,0.018916277
11371,model_3,0.3118,0.3196508
11372,model_3,0.4521,0.39468223
11373,model_3,0.19,0.016262684
11374,model_3,0.2891,0.19629471
11375,model_3,0.6117,0.5804505
11376,model_3,0.8619,0.8717784
11377,model_3,-0.1676,-0.16632545
11378,model_3,0.1286,0.071958914
11379,model_3,0.3544,0.30009323
11380,model_3,0.214,0.30284977
11381,model_3,0.1411,0.15071358
11382,model_3,0.0737,0.062370744
11383,model_3,0.241,0.1698517
11384,model_3,0.0041,0.13371897
11385,model_3,0.1638,0.26141608
11386,model_3,0.1557,0.13306782
11387,model_3,0.6845,0.6111036
11388,model_3,0.005,0.14458333
11389,model_3,-0.1989,-0.19316094
11390,model_3,0.1107,0.20954148
11391,model_3,0.2336,0.181982
11392,model_3,0.1182,0.1644154
11393,model_3,0.2438,0.15260561
11394,model_3,0.355,0.28745875
11395,model_3,0.2675,0.07667403
11396,model_3,0.6704,0.6575254
11397,model_3,0.8743,0.87808484
11398,model_3,-0.0202,0.17161791
11399,model_3,0.7464,0.72032917
11400,model_3,-0.0334,-0.03293891
11401,model_3,0.6194,0.5000036
11402,model_3,0.2175,0.17057161
11403,model_3,0.4729,0.55296654
11404,model_3,0.2485,0.2690913
11405,model_3,0.3097,0.2996019
11406,model_3,0.162,0.14358999
11407,model_3,0.1052,0.20780894
11408,model_3,0.206,0.2156697
11409,model_3,0.2191,0.2383805
11410,model_3,0.1877,0.22758485
11411,model_3,0.006,0.050689038
11412,model_3,0.4585,0.49514595
11413,model_3,-0.0777,-0.108675286
11414,model_3,0.1722,0.06974727
11415,model_3,0.1772,0.21374807
11416,model_3,0.022,0.071682476
11417,model_3,0.0057,0.038637195
11418,model_3,0.6311,0.66615397
11419,model_3,0.2829,0.21724777
11420,model_3,0.1227,0.1949007
11421,model_3,0.1707,0.17151041
11422,model_3,0.42,0.46883738
11423,model_3,0.0278,0.02575904
11424,model_3,0.2645,0.25945562
11425,model_3,0.0886,0.06885281
11426,model_3,0.4786,0.5375657
11427,model_3,0.2481,0.25393617
11428,model_3,0.9944,0.98502046
11429,model_3,0.7653,0.79246575
11430,model_3,0.9508,0.9196867
11431,model_3,0.1723,0.28456795
11432,model_3,0.6396,0.634267
11433,model_3,0.6683,0.6744468
11434,model_3,0.0043,0.006473804
11435,model_3,-0.0599,0.027823217
11436,model_3,0.2165,0.26536122
11437,model_3,0.1348,0.10221498
11438,model_3,0.3933,0.37859464
11439,model_3,0.1752,0.18341486
11440,model_3,0.0134,0.049439598
11441,model_3,0.5965,0.47978562
11442,model_3,0.2806,0.055168454
11443,model_3,-0.2259,-0.20568317
11444,model_3,0.3369,0.33767194
11445,model_3,-0.1075,-0.12585506
11446,model_3,0.0716,0.09622319
11447,model_3,0.2196,0.21617137
11448,model_3,0.5954,0.6013999
11449,model_3,0.4503,0.39543325
11450,model_3,0.4573,0.45523542
11451,model_3,-0.114,-0.16979828
11452,model_3,0.4692,0.41363987
11453,model_3,0.4236,0.42144728
11454,model_3,0.1654,0.09081173
11455,model_3,0.5159,0.532115
11456,model_3,-0.0773,-0.06990738
11457,model_3,0.2111,0.19632822
11458,model_3,0.2347,0.23437496
11459,model_3,0.399,0.39226604
11460,model_3,0.0505,0.09599811
11461,model_3,0.2536,0.2268741
11462,model_3,0.1721,0.19796415
11463,model_3,0.2293,0.23741083
11464,model_3,0.3645,0.29787618
11465,model_3,-0.2013,-0.1716396
11466,model_3,0.4368,0.37885132
11467,model_3,0.5238,0.4802521
11468,model_3,0.6141,0.5691733
11469,model_3,0.0623,0.0883176
11470,model_3,-0.0022,-0.029744837
11471,model_3,0.0771,0.10903098
11472,model_3,0.3603,0.32586795
11473,model_3,0.776,0.80851525
11474,model_3,0.2837,0.23897962
11475,model_3,0.162,0.16739036
11476,model_3,0.4903,0.4270481
11477,model_3,0.096,0.11895439
11478,model_3,-0.0188,0.013687596
11479,model_3,0.0193,0.02253867
11480,model_3,0.1454,0.14923038
11481,model_3,0.2203,0.25432467
11482,model_3,0.3782,0.39516202
11483,model_3,0.1081,0.100828126
11484,model_3,-0.0662,-0.0031554177
11485,model_3,0.6191,0.5174087
11486,model_3,-0.0491,-0.057344664
11487,model_3,0.1175,0.18238126
11488,model_3,0.4576,0.46666786
11489,model_3,0.2655,0.074529886
11490,model_3,0.271,0.2919833
11491,model_3,0.2974,0.1873541
11492,model_3,0.1548,0.09554021
11493,model_3,0.1891,0.31548786
11494,model_3,0.8132,0.8651963
11495,model_3,0.3302,0.33443445
11496,model_3,-0.0447,-0.050172206
11497,model_3,0.1673,0.17913674
11498,model_3,0.2428,0.14730683
11499,model_3,0.0579,0.15880929
11500,model_3,0.6647,0.679727
11501,model_3,0.051,0.019804075
11502,model_3,0.2837,0.18113345
11503,model_3,-0.0534,0.06587911
11504,model_3,-0.2682,-0.1354255
11505,model_3,0.1501,0.15580897
11506,model_3,0.2098,0.19105963
11507,model_3,0.1311,0.25344223
11508,model_3,0.3802,0.37898192
11509,model_3,0.5262,0.49457943
11510,model_3,0.4179,0.37147304
11511,model_3,0.0619,-0.0051408987
11512,model_3,0.1194,0.110668644
11513,model_3,0.215,0.10210039
11514,model_3,0.0761,0.1279065
11515,model_3,0.0706,0.065944076
11516,model_3,0.0537,0.0531533
11517,model_3,0.1886,0.24513078
11518,model_3,0.5257,0.50619763
11519,model_3,0.6605,0.62999123
11520,model_3,0.1618,0.13244952
11521,model_3,0.0333,0.062023867
11522,model_3,0.1143,0.1419539
11523,model_3,0.0272,0.003992364
11524,model_3,0.5085,0.50743175
11525,model_3,0.3091,0.28530705
11526,model_3,0.3816,0.32211268
11527,model_3,0.4603,0.5747904
11528,model_3,0.157,0.15723172
11529,model_3,0.527,0.5178223
11530,model_3,0.0384,0.014494222
11531,model_3,0.7046,0.66821384
11532,model_3,-0.0417,0.02214733
11533,model_3,0.2511,0.099142104
11534,model_3,0.3258,0.15909718
11535,model_3,0.2083,0.30530086
11536,model_3,0.2428,0.26675487
11537,model_3,0.1319,0.0808478
11538,model_3,-0.0217,-0.021725029
11539,model_3,0.5947,0.54595166
11540,model_3,0.3167,0.34902555
11541,model_3,0.1356,0.13064617
11542,model_3,0.1559,0.15098362
11543,model_3,0.37,0.43535823
11544,model_3,0.2728,0.28592378
11545,model_3,0.0136,0.071259364
11546,model_3,-0.0551,-0.049464237
11547,model_3,0.2897,0.26573324
11548,model_3,0.1699,0.29758614
11549,model_3,0.4788,0.45132786
11550,model_3,0.2873,0.16626547
11551,model_3,0.0919,0.12270285
11552,model_3,0.4234,0.3375978
11553,model_3,0.4921,0.51171905
11554,model_3,0.1038,0.04224338
11555,model_3,0.0676,0.096439034
11556,model_3,0.1953,0.25870654
11557,model_3,0.7143,0.71449816
11558,model_3,0.3217,0.2809501
11559,model_3,0.0417,0.05717701
11560,model_3,0.2364,0.21549164
11561,model_3,0.0036,0.052927364
11562,model_3,0.7117,0.6996203
11563,model_3,0.1059,0.13798313
11564,model_3,-0.0234,-0.040184036
11565,model_3,0.3358,0.35057616
11566,model_3,0.2895,0.27716738
11567,model_3,0.4581,0.3962237
11568,model_3,0.065,0.075711444
11569,model_3,0.114,0.15383086
11570,model_3,0.048,0.07669632
11571,model_3,0.1708,0.07331817
11572,model_3,0.1106,0.27967602
11573,model_3,0.529,0.4976703
11574,model_3,0.0318,-0.009851413
11575,model_3,0.3154,0.3151581
11576,model_3,0.1019,0.12529072
11577,model_3,0.1684,0.09682259
11578,model_3,0.3117,0.30627295
11579,model_3,0.2291,0.24184571
11580,model_3,0.6071,0.52024287
11581,model_3,0.1696,0.1763748
11582,model_3,0.2293,0.27872366
11583,model_3,0.1625,0.19792499
11584,model_3,0.4524,0.45973063
11585,model_3,0.1709,0.22624584
11586,model_3,-0.1447,-0.13480099
11587,model_3,0.1709,0.16406818
11588,model_3,0.113,0.15177055
11589,model_3,0.1158,0.10774781
11590,model_3,0.467,0.42956918
11591,model_3,0.2428,0.23921902
11592,model_3,0.7755,0.6423035
11593,model_3,0.3484,0.29350597
11594,model_3,0.9593,0.9144454
11595,model_3,0.0991,0.11642015
11596,model_3,0.303,0.2579217
11597,model_3,0.4121,0.23778549
11598,model_3,0.0886,0.10997994
11599,model_3,0.2694,0.2053393
11600,model_3,0.125,0.13136671
11601,model_3,0.0156,-0.0029740147
11602,model_3,0.1642,0.2384628
11603,model_3,0.2791,0.31653553
11604,model_3,0.0876,0.06729472
11605,model_3,0.2815,0.24564509
11606,model_3,0.0485,0.07545754
11607,model_3,0.3775,0.37001148
11608,model_3,0.1896,0.18409859
11609,model_3,-0.0798,-0.06299725
11610,model_3,0.9095,0.9158671
11611,model_3,0.0975,0.12797731
11612,model_3,0.1048,0.15891923
11613,model_3,0.1603,0.20189561
11614,model_3,0.1898,0.31200966
11615,model_3,0.3441,0.3569717
11616,model_3,0.1022,0.03483589
11617,model_3,0.6464,0.6391459
11618,model_3,0.3675,0.30929416
11619,model_3,0.1349,0.12485616
11620,model_3,0.216,0.20370466
11621,model_3,0.475,0.44406015
11622,model_3,0.3702,0.35322264
11623,model_3,0.3929,0.381024
11624,model_3,0.0533,0.046645384
11625,model_3,0.5746,0.5151748
11626,model_3,0.17,0.17633851
11627,model_3,0.2161,0.22821124
11628,model_3,0.0725,0.07184771
11629,model_3,0.003,0.025084246
11630,model_3,0.319,0.39407015
11631,model_3,0.1522,0.230835
11632,model_3,0.4052,0.4833268
11633,model_3,0.0293,0.04834307
11634,model_3,0.3751,0.2500374
11635,model_3,0.3787,0.3646599
11636,model_3,-0.1232,-0.15099227
11637,model_3,0.1062,0.10309501
11638,model_3,-0.0854,0.042237315
11639,model_3,0.2235,0.2691692
11640,model_3,0.3085,0.2726286
11641,model_3,0.2658,0.20303449
11642,model_3,0.4202,0.40123752
11643,model_3,0.2486,0.14495815
11644,model_3,-0.1036,0.08350316
11645,model_3,0.0603,0.02675581
11646,model_3,0.0417,0.051489145
11647,model_3,0.1595,0.16051245
11648,model_3,0.1782,0.20229605
11649,model_3,0.153,0.15464146
11650,model_3,0.149,0.11496565
11651,model_3,0.0873,0.07366048
11652,model_3,0.0858,0.17178912
11653,model_3,0.2409,0.25614044
11654,model_3,-0.0398,0.046199385
11655,model_3,0.3925,0.23598757
11656,model_3,0.2143,0.16639112
11657,model_3,-0.1957,-0.19100942
11658,model_3,0.0472,0.32045078
11659,model_3,0.6488,0.6336332
11660,model_3,0.0998,0.16882913
11661,model_3,0.2083,0.17225337
11662,model_3,0.6853,0.650571
11663,model_3,0.4074,0.31677347
11664,model_3,0.4462,0.4886082
11665,model_3,0.0999,0.056466218
11666,model_3,0.2391,0.14059453
11667,model_3,0.2243,0.08679967
11668,model_3,0.3835,0.42839313
11669,model_3,0.1917,0.16479048
11670,model_3,0.4574,0.4990728
11671,model_3,0.8432,0.8180228
11672,model_3,0.4905,0.42505056
11673,model_3,0.0273,0.009314869
11674,model_3,0.1601,0.21686707
11675,model_3,0.3144,0.32164377
11676,model_3,0.3617,0.3500125
11677,model_3,0.1558,0.22160868
11678,model_3,0.0412,0.009190377
11679,model_3,0.3156,0.28624985
11680,model_3,0.1165,0.08077094
11681,model_3,-0.1168,-0.095408276
11682,model_3,0.1257,0.049950596
11683,model_3,0.3255,0.32799605
11684,model_3,0.3503,0.29097718
11685,model_3,0.6876,0.7226363
11686,model_3,-0.0813,0.059881814
11687,model_3,0.0711,0.007983033
11688,model_3,0.7033,0.6651581
11689,model_3,0.0917,0.08997409
11690,model_3,0.8238,0.8143576
11691,model_3,0.3047,0.19856474
11692,model_3,0.1768,0.16126435
11693,model_3,0.3666,0.39140433
11694,model_3,0.3013,0.24867012
11695,model_3,0.1511,0.11030723
11696,model_3,-0.0287,0.10471763
11697,model_3,0.3471,0.33365396
11698,model_3,0.321,0.286169
11699,model_3,0.0147,0.06256795
11700,model_3,0.4653,0.46449247
11701,model_3,0.1572,0.0986329
11702,model_3,0.0295,0.07749455
11703,model_3,-0.159,-0.08702329
11704,model_3,0.5776,0.6065183
11705,model_3,0.0433,0.103052765
11706,model_3,0.3461,0.32477474
11707,model_3,0.0217,0.046085954
11708,model_3,0.2392,0.20631714
11709,model_3,0.2279,0.2773237
11710,model_3,0.2365,0.34249863
11711,model_3,0.2869,0.28295738
11712,model_3,0.005,-0.011403147
11713,model_3,0.2857,0.32144868
11714,model_3,0.4109,0.3883192
11715,model_3,0.0718,0.083781436
11716,model_3,-0.0082,0.0015504248
11717,model_3,0.4885,0.48636913
11718,model_3,0.2314,0.21664754
11719,model_3,0.0997,0.04291
11720,model_3,0.4104,0.337278
11721,model_3,-0.0849,-0.0997794
11722,model_3,0.5418,0.63572586
11723,model_3,0.1985,0.27873486
11724,model_3,-0.023,-0.07080145
11725,model_3,0.2228,0.17836998
11726,model_3,0.4315,0.440442
11727,model_3,0.3684,0.20966509
11728,model_3,-0.0106,0.05124889
11729,model_3,0.0958,0.117214024
11730,model_3,0.4557,0.39464438
11731,model_3,0.593,0.64675593
11732,model_3,0.251,0.26184788
11733,model_3,0.2243,0.24705292
11734,model_3,0.0353,0.01387028
11735,model_3,0.0268,0.08803345
11736,model_3,0.0337,0.11022192
11737,model_3,0.0592,0.04607819
11738,model_3,0.1011,0.20267989
11739,model_3,0.0995,0.089961484
11740,model_3,0.365,0.39861625
11741,model_3,0.1736,0.12793142
11742,model_3,0.0602,0.07357098
11743,model_3,0.0903,0.16150784
11744,model_3,-0.0102,-0.017680097
11745,model_3,0.3178,0.35428032
11746,model_3,0.512,0.5037781
11747,model_3,0.1552,0.22709723
11748,model_3,0.4109,0.39289802
11749,model_3,0.7805,0.7616629
11750,model_3,0.4164,0.44298846
11751,model_3,0.0548,0.17545371
11752,model_3,0.0408,0.03840021
11753,model_3,0.1394,0.112820566
11754,model_3,0.2527,0.1954951
11755,model_3,0.0668,0.09295668
11756,model_3,0.7044,0.63649744
11757,model_3,0.1543,0.15249114
11758,model_3,-0.046,-0.0040079188
11759,model_3,0.0436,0.020574246
11760,model_3,0.0826,0.023497887
11761,model_3,0.1611,0.15907411
11762,model_3,0.0491,0.10011059
11763,model_3,0.0986,0.15588523
11764,model_3,0.1751,0.12715094
11765,model_3,-0.0325,0.037155364
11766,model_3,0.312,0.28675854
11767,model_3,0.3171,0.1987454
11768,model_3,-1e-04,0.044351626
11769,model_3,0.3182,0.3406633
11770,model_3,0.7026,0.58397233
11771,model_3,0.0734,0.06020191
11772,model_3,0.9063,0.8922115
11773,model_3,-0.0336,-0.045752052
11774,model_3,0.5062,0.57676244
11775,model_3,0.3705,0.20529167
11776,model_3,0.3183,0.30157363
11777,model_3,0.1873,0.20341101
11778,model_3,0.3317,0.38725954
11779,model_3,0.0357,0.13390575
11780,model_3,-0.1047,-0.06666611
11781,model_3,0.1237,0.2871833
11782,model_3,1.0423,0.9929683
11783,model_3,0.9443,0.936058
11784,model_3,0.7544,0.74192053
11785,model_3,0.5172,0.5499379
11786,model_3,0.1602,0.14572306
11787,model_3,0.116,0.11266409
11788,model_3,0.4788,0.4283866
11789,model_3,0.1521,0.18576531
11790,model_3,0.3555,0.35274968
11791,model_3,-0.1877,-0.13245216
11792,model_3,0.1146,0.1322916
11793,model_3,0.6791,0.66513747
11794,model_3,0.2011,0.20999302
11795,model_3,0.2658,0.1629996
11796,model_3,0.3303,0.36790237
11797,model_3,0.2502,0.2697567
11798,model_3,0.3003,0.3060245
11799,model_3,0.1146,0.20954369
11800,model_3,0.3595,0.3972391
11801,model_3,0.1464,0.13513787
11802,model_3,0.0922,0.11664027
11803,model_3,0.7619,0.8402513
11804,model_3,0.0861,0.18706505
11805,model_3,0.306,0.31384477
11806,model_3,0.062,0.18146604
11807,model_3,0.183,0.14473002
11808,model_3,0.2923,0.171245
11809,model_3,0.608,0.5569374
11810,model_3,0.2762,0.30497175
11811,model_3,0.5089,0.5475006
11812,model_3,0.2848,0.39351535
11813,model_3,0.4641,0.5130486
11814,model_3,0.0877,0.10510357
11815,model_3,0.233,0.27661198
11816,model_3,0.2356,0.20724376
11817,model_3,0.2723,0.32377404
11818,model_3,0.0371,0.057018023
11819,model_3,0.0948,0.13727008
11820,model_3,0.1558,0.053579178
11821,model_3,0.2235,0.1479506
11822,model_3,0.0767,-3.9421953e-05
11823,model_3,0.1009,0.09944691
11824,model_3,0.0842,0.08401358
11825,model_3,0.2114,-0.0004680492
11826,model_3,0.4335,0.429969
11827,model_3,0.3325,0.31582177
11828,model_3,0.9521,0.83209556
11829,model_3,0.0018,-0.010985356
11830,model_3,0.1956,0.22251333
11831,model_3,0.1691,0.15548238
11832,model_3,-0.0383,-0.054858413
11833,model_3,0.037,0.06160311
11834,model_3,0.2242,0.14726637
11835,model_3,0.1952,0.17229499
11836,model_3,0.465,0.27989602
11837,model_3,0.7616,0.7035807
11838,model_3,0.534,0.51503426
11839,model_3,0.2078,0.31478363
11840,model_3,0.0984,0.14055564
11841,model_3,0.5467,0.5511526
11842,model_3,0.7601,0.7334936
11843,model_3,0.2498,0.30440235
11844,model_3,0.1477,0.17807968
11845,model_3,0.0578,0.06312182
11846,model_3,0.1773,0.21140124
11847,model_3,0.1059,0.116260305
11848,model_3,0.9553,0.90758497
11849,model_3,0.2169,0.19610398
11850,model_3,0.4745,0.46065447
11851,model_3,-0.0708,0.11820215
11852,model_3,0.2137,0.24154569
11853,model_3,-0.0833,0.0033543035
11854,model_3,0.2997,0.3001357
11855,model_3,0.1491,0.21145253
11856,model_3,0.507,0.5290255
11857,model_3,0.0628,0.04315112
11858,model_3,-0.2071,-0.18446197
11859,model_3,0.0451,-0.15727714
11860,model_3,0.295,0.28477937
11861,model_3,-0.0022,0.017634101
11862,model_3,0.0125,-0.013666183
11863,model_3,0.2333,0.24205555
11864,model_3,0.0809,0.17232312
11865,model_3,0.2365,0.23581345
11866,model_3,0.108,0.04232193
11867,model_3,0.3838,0.42485765
11868,model_3,0.4012,0.302638
11869,model_3,0.5127,0.504696
11870,model_3,0.127,0.13070612
11871,model_3,0.0713,0.08272028
11872,model_3,-0.0928,-0.12644365
11873,model_3,0.1757,0.049216677
11874,model_3,0.1351,0.16853656
11875,model_3,0.9771,0.9444447
11876,model_3,0.1313,0.10748245
11877,model_3,0.2147,0.16111921
11878,model_3,0.2093,0.18084297
11879,model_3,0.4627,0.46412456
11880,model_3,-0.1959,-0.13652639
11881,model_3,-0.1146,-0.09083587
11882,model_3,0.5569,0.5886295
11883,model_3,0.7598,0.6698869
11884,model_3,0.137,0.075270474
11885,model_3,0.1325,0.14040299
11886,model_3,0.1731,0.21187237
11887,model_3,-0.1352,-0.16892184
11888,model_3,0.3547,0.35123336
11889,model_3,0.727,0.68795705
11890,model_3,0.3951,0.37179852
11891,model_3,0.3512,0.3227365
11892,model_3,0.5255,0.54714584
11893,model_3,0.2186,0.17711341
11894,model_3,0.3345,0.3619437
11895,model_3,-0.0339,-0.013247274
11896,model_3,0.1597,0.1833324
11897,model_3,0.2647,0.28526548
11898,model_3,0.2557,0.24966568
11899,model_3,0.0686,0.11371903
11900,model_3,0.1508,0.12332761
11901,model_3,0.1913,0.20477615
11902,model_3,0.3069,0.23900744
11903,model_3,0.0586,0.04879235
11904,model_3,0.0413,0.008714968
11905,model_3,0.7071,0.71684784
11906,model_3,0.6158,0.54306954
11907,model_3,0.0511,0.06833604
11908,model_3,0.153,0.08631061
11909,model_3,0.3946,0.41617465
11910,model_3,0.1342,0.31274945
11911,model_3,0.3712,0.33911264
11912,model_3,0.1076,0.14326379
11913,model_3,0.3683,0.28525627
11914,model_3,0.3326,0.32259166
11915,model_3,0.2097,0.27630818
11916,model_3,0.3543,0.37426138
11917,model_3,-0.0182,0.038314134
11918,model_3,0.314,0.28717393
11919,model_3,0.26,0.1183064
11920,model_3,0.0417,0.042064972
11921,model_3,0.9621,0.89287734
11922,model_3,0.1104,0.1237234
11923,model_3,0.0868,0.10310079
11924,model_3,0.2733,0.25790563
11925,model_3,0.1143,0.10785653
11926,model_3,0.2761,0.27664223
11927,model_3,-0.0071,-0.020884622
11928,model_3,-0.0521,-0.02508203
11929,model_3,0.0374,0.05566303
11930,model_3,0.0691,0.12929983
11931,model_3,0.3538,0.26205975
11932,model_3,0.0748,0.10956071
11933,model_3,0.3632,0.25074425
11934,model_3,0.4813,0.4277116
11935,model_3,0.03,0.04204954
11936,model_3,0.343,0.29769677
11937,model_3,0.0804,0.15594965
11938,model_3,0.5401,0.4628212
11939,model_3,0.0466,0.09185235
11940,model_3,-0.1724,0.013930101
11941,model_3,0.5453,0.5546897
11942,model_3,0.8049,0.7892621
11943,model_3,0.0429,0.05500545
11944,model_3,0.2047,0.11295959
11945,model_3,0.0531,0.104444295
11946,model_3,0.1167,0.17231266
11947,model_3,0.3222,0.31929535
11948,model_3,0.8294,0.8465444
11949,model_3,0.3726,0.3052081
11950,model_3,0.077,0.07424417
11951,model_3,0.0653,0.0534844
11952,model_3,0.3871,0.4140474
11953,model_3,0.3854,0.41453472
11954,model_3,0.3677,0.34924865
11955,model_3,0.1539,0.12211639
11956,model_3,0.0157,0.037774358
11957,model_3,0.0494,0.056444634
11958,model_3,0.3474,0.3677858
11959,model_3,-0.0826,-0.069528684
11960,model_3,0.3704,0.3912882
11961,model_3,0.2125,0.13995238
11962,model_3,0.0805,0.0928186
11963,model_3,0.2033,0.33252347
11964,model_3,0.0865,0.10662025
11965,model_3,0.0505,0.20142695
11966,model_3,0.0158,0.081593916
11967,model_3,0.2868,0.29735863
11968,model_3,0.5765,0.56806844
11969,model_3,0.4482,0.3912986
11970,model_3,0.1104,0.15312317
11971,model_3,0.0525,0.09512706
11972,model_3,0.257,0.19144325
11973,model_3,-0.0257,-0.01055032
11974,model_3,0.4437,0.4403644
11975,model_3,0.0862,0.22946192
11976,model_3,-0.0631,0.05206549
11977,model_3,0.1411,0.2533919
11978,model_3,0.2443,0.23336412
11979,model_3,0.1559,0.20646165
11980,model_3,0.0694,0.2534564
11981,model_3,0.1802,0.1390083
11982,model_3,0.1957,0.182605
11983,model_3,0.6495,0.6142418
11984,model_3,0.0289,0.07676226
11985,model_3,-0.0381,0.045329787
11986,model_3,0.7517,0.73264545
11987,model_3,0.1402,0.1474369
11988,model_3,0.1915,0.18238933
11989,model_3,0.1314,0.13867208
11990,model_3,0.6158,0.5719518
11991,model_3,0.1766,0.19743766
11992,model_3,0.3239,0.15084253
11993,model_3,0.4011,0.37314403
11994,model_3,0.3023,0.32009664
11995,model_3,0.0257,0.07946935
11996,model_3,0.1641,0.18191393
11997,model_3,0.1688,0.13010977
11998,model_3,0.1972,0.18174975
11999,model_3,0.3209,0.3536269
12000,model_3,0.0824,0.04356767
12001,model_3,-0.2574,-0.2077515
12002,model_3,0.2357,0.40282506
12003,model_3,-0.0537,-0.038376167
12004,model_3,0.1384,0.07958673
12005,model_3,0.2704,0.3626939
12006,model_3,0.0492,0.058829676
12007,model_3,0.4292,0.38834804
12008,model_3,0.0561,-0.054723974
12009,model_3,0.422,0.4420464
12010,model_3,0.1621,0.18568301
12011,model_3,0.4694,0.54870266
12012,model_3,0.6701,0.7095967
12013,model_3,0.2897,0.28291923
12014,model_3,0.0851,0.073897645
12015,model_3,0.444,0.4315276
12016,model_3,0.1751,0.2179294
12017,model_3,0.2739,0.22488534
12018,model_3,0.2062,0.19378902
12019,model_3,0.3186,0.25269565
12020,model_3,0.4658,0.2965275
12021,model_3,0.1108,0.107875824
12022,model_3,0.3058,0.25307804
12023,model_3,0.0073,0.042625777
12024,model_3,0.1669,0.19240142
12025,model_3,0.1436,0.12532748
12026,model_3,0.1688,0.1899089
12027,model_3,0.5488,0.49074554
12028,model_3,0.1483,0.29108816
12029,model_3,0.1801,0.104486465
12030,model_3,0.2856,0.2887653
12031,model_3,0.1723,0.32697475
12032,model_3,-0.003,0.14137854
12033,model_3,0.0877,0.11866118
12034,model_3,0.5325,0.4975456
12035,model_3,0.4467,0.4168676
12036,model_3,0.2161,0.25024807
12037,model_3,0.0731,0.11276613
12038,model_3,0.324,0.25981155
12039,model_3,0.5059,0.53900963
12040,model_3,0.3098,0.2974299
12041,model_3,0.6702,0.57381207
12042,model_3,0.4454,0.40212688
12043,model_3,0.482,0.54496926
12044,model_3,0.1827,0.2265325
12045,model_3,0.2382,0.23738919
12046,model_3,0.062,0.11430223
12047,model_3,0.0764,0.1985143
12048,model_3,0.9909,0.9301024
12049,model_3,0.0017,0.051945847
12050,model_3,0.0725,0.16064106
12051,model_3,0.6986,0.6870181
12052,model_3,0.1026,0.0067879353
12053,model_3,0.2602,0.32799128
12054,model_3,0.1597,0.15106447
12055,model_3,0.0999,0.12075621
12056,model_3,0.105,0.121511385
12057,model_3,0.1339,0.21243899
12058,model_3,0.7248,0.7710188
12059,model_3,0.3623,0.29991853
12060,model_3,-0.0926,0.014251117
12061,model_3,0.5097,0.40916717
12062,model_3,0.6611,0.6736272
12063,model_3,0.1565,0.1080697
12064,model_3,0.2494,0.22295065
12065,model_3,0.4328,0.3764643
12066,model_3,0.0906,0.13243693
12067,model_3,0.2333,0.19476837
12068,model_3,0.4523,0.4653349
12069,model_3,0.4513,0.48053488
12070,model_3,-0.0806,0.12286219
12071,model_3,0.2082,0.16393878
12072,model_3,0.0444,-0.005971331
12073,model_3,0.0515,0.17048933
12074,model_3,0.1515,0.18445894
12075,model_3,0.1362,0.12300512
12076,model_3,0.2108,0.15375128
12077,model_3,0.5363,0.47075778
12078,model_3,-0.0176,0.016991826
12079,model_3,-0.0186,-0.030196507
12080,model_3,0.232,0.12160979
12081,model_3,0.1942,0.33360118
12082,model_3,-0.0013,0.054271746
12083,model_3,0.7549,0.7201169
12084,model_3,0.3891,0.40359017
12085,model_3,-0.041,-0.1313292
12086,model_3,0.3095,0.36437526
12087,model_3,0.1665,0.22581498
12088,model_3,0.5498,0.6274467
12089,model_3,0.0528,0.029571343
12090,model_3,0.1209,0.10531542
12091,model_3,0.9988,0.92423743
12092,model_3,0.3377,0.29878145
12093,model_3,0.1862,0.18778327
12094,model_3,0.0614,0.037238967
12095,model_3,0.3948,0.38161728
12096,model_3,0.6397,0.5943348
12097,model_3,0.321,0.17405461
12098,model_3,0.6869,0.6630748
12099,model_3,0.4119,0.4218592
12100,model_3,0.4386,0.46137294
12101,model_3,-0.0079,0.20520496
12102,model_3,0.0023,0.02898335
12103,model_3,0.1769,0.22477652
12104,model_3,0.356,0.18981925
12105,model_3,0.4449,0.33913094
12106,model_3,0.1678,0.13379373
12107,model_3,0.1169,0.107255206
12108,model_3,0.4938,0.45870098
12109,model_3,0.6969,0.677017
12110,model_3,0.1261,0.1522812
12111,model_3,0.4533,0.2955088
12112,model_3,0.0178,-0.014531966
12113,model_3,0.5146,0.5262218
12114,model_3,0.2465,0.24492693
12115,model_3,0.2617,0.21746351
12116,model_3,0.1071,0.10779853
12117,model_3,0.0194,0.13044786
12118,model_3,-0.0767,-0.043265197
12119,model_3,0.3278,0.28648278
12120,model_3,0.3123,0.2911458
12121,model_3,0.245,0.27248725
12122,model_3,0.0665,0.05587692
12123,model_3,-0.0257,0.03346075
12124,model_3,0.0631,0.10546252
12125,model_3,0.3602,0.41143644
12126,model_3,0.0649,-0.05758137
12127,model_3,0.3413,0.3335576
12128,model_3,0.2721,0.2255681
12129,model_3,0.1052,0.059458967
12130,model_3,0.1647,0.15925966
12131,model_3,0.0129,0.012842797
12132,model_3,0.0821,0.03175578
12133,model_3,0.9447,0.91975576
12134,model_3,0.3237,0.36209336
12135,model_3,0.2409,0.23086335
12136,model_3,-0.0645,-0.06641705
12137,model_3,0.1196,0.073283456
12138,model_3,-0.0008,0.0062756436
12139,model_3,0.1626,0.103552535
12140,model_3,0.2777,0.092333466
12141,model_3,0.1176,0.105239004
12142,model_3,0.0325,0.057130765
12143,model_3,0.1183,0.12812977
12144,model_3,0.0764,-0.00097624585
12145,model_3,0.0641,0.08179732
12146,model_3,0.0812,0.102737725
12147,model_3,0.1039,0.14218754
12148,model_3,0.2007,0.101117715
12149,model_3,0.5081,0.4887448
12150,model_3,0.642,0.59605056
12151,model_3,0.0237,0.07631233
12152,model_3,0.0803,0.07573116
12153,model_3,0.2485,0.20808598
12154,model_3,0.0893,0.13864955
12155,model_3,0.0782,0.032992058
12156,model_3,0.3216,0.3154374
12157,model_3,0.2341,0.23609082
12158,model_3,0.0152,0.04024509
12159,model_3,0.3037,0.20032816
12160,model_3,-0.0442,-0.036312472
12161,model_3,0.3209,0.29906368
12162,model_3,0.128,0.14859582
12163,model_3,0.1038,0.09903234
12164,model_3,0.1089,0.14570579
12165,model_3,0.1399,0.118649736
12166,model_3,0.6823,0.67039317
12167,model_3,0.7385,0.7229076
12168,model_3,0.3429,0.3317686
12169,model_3,0.2529,0.13675062
12170,model_3,0.3689,0.3591529
12171,model_3,0.5257,0.4567479
12172,model_3,0.0012,0.0055615865
12173,model_3,0.8678,0.85560817
12174,model_3,0.1774,0.20288219
12175,model_3,0.2203,0.2789429
12176,model_3,-0.0972,-0.09369549
12177,model_3,0.3152,0.3253601
12178,model_3,0.1818,0.1188153
12179,model_3,0.5364,0.525606
12180,model_3,0.7901,0.7422076
12181,model_3,0.0785,0.08316401
12182,model_3,0.1997,0.1463265
12183,model_3,0.2815,0.28083524
12184,model_3,0.2452,0.17302765
12185,model_3,0.1275,0.07551883
12186,model_3,0.3963,0.36278826
12187,model_3,0.089,0.11576994
12188,model_3,0.0624,0.04349041
12189,model_3,0.0776,0.04336708
12190,model_3,0.3946,0.40199515
12191,model_3,0.403,0.33885202
12192,model_3,0.0627,0.09268491
12193,model_3,-0.0737,-0.062637
12194,model_3,0.8804,0.905868
12195,model_3,0.298,0.29278377
12196,model_3,-0.0083,-0.043102775
12197,model_3,0.1106,0.10299334
12198,model_3,0.4197,0.39299604
12199,model_3,-0.021,0.09845024
12200,model_3,0.191,0.23292248
12201,model_3,-0.0004,0.097699374
12202,model_3,0.1601,0.1833617
12203,model_3,0.0154,-0.0120979585
12204,model_3,0.0235,-0.0026507415
12205,model_3,0.7121,0.7074886
12206,model_3,0.6052,0.37467718
12207,model_3,0.3601,0.35359082
12208,model_3,0.3501,0.41176194
12209,model_3,0.4112,0.3681209
12210,model_3,0.1825,0.119698584
12211,model_3,0.4484,0.34475216
12212,model_3,0.234,0.17893092
12213,model_3,0.2976,0.36630672
12214,model_3,0.2147,0.19519508
12215,model_3,0.439,0.47790402
12216,model_3,0.1585,0.11665933
12217,model_3,0.2821,0.34693238
12218,model_3,0.1454,0.14227399
12219,model_3,0.4025,0.49924502
12220,model_3,0.3501,0.26300105
12221,model_3,-0.0383,-0.030647773
12222,model_3,0.1922,0.159135
12223,model_3,0.2171,0.17001505
12224,model_3,0.5988,0.6770666
12225,model_3,0.0137,0.0973482
12226,model_3,0.4819,0.5306488
12227,model_3,0.0926,0.15568402
12228,model_3,0.1254,0.19289334
12229,model_3,0.8625,0.8114841
12230,model_3,0.1567,0.19299519
12231,model_3,0.6133,0.6114905
12232,model_3,0.0246,-0.029855013
12233,model_3,0.1009,0.069606714
12234,model_3,0.4123,0.34524435
12235,model_3,0.3014,0.11396299
12236,model_3,0.3082,0.23335329
12237,model_3,0.8376,0.8327132
12238,model_3,0.1774,0.10349649
12239,model_3,0.6211,0.61392826
12240,model_3,0.2409,0.20277907
12241,model_3,-0.0716,-0.07772952
12242,model_3,-0.0724,0.2291232
12243,model_3,0.3842,0.3320594
12244,model_3,0.3266,0.21271384
12245,model_3,0.0744,0.10557751
12246,model_3,0.6124,0.5973404
12247,model_3,0.1175,0.13570961
12248,model_3,0.1588,0.1186426
12249,model_3,-0.1069,-0.06971955
12250,model_3,0.0678,0.10086514
12251,model_3,-0.0896,-0.045828454
12252,model_3,0.7713,0.7855186
12253,model_3,0.0351,0.010768792
12254,model_3,0.1707,0.16837369
12255,model_3,0.2714,0.17425047
12256,model_3,0.0278,0.020958062
12257,model_3,0.0846,0.057374757
12258,model_3,-0.0503,-0.0050747953
12259,model_3,-0.0389,-0.031283606
12260,model_3,-0.0311,-0.0736863
12261,model_3,0.6206,0.6325637
12262,model_3,0.2605,0.40511224
12263,model_3,0.3653,0.3699064
12264,model_3,0.2205,0.19254614
12265,model_3,-0.0438,0.02110066
12266,model_3,0.4235,0.44480824
12267,model_3,0.121,0.10534257
12268,model_3,0.3362,0.33996767
12269,model_3,-0.1321,-0.03758533
12270,model_3,0.0314,0.042144615
12271,model_3,0.1679,0.10361004
12272,model_3,0.3675,0.38222972
12273,model_3,0.2304,0.24221253
12274,model_3,0.167,0.15345095
12275,model_3,0.1969,0.2673921
12276,model_3,0.023,0.07676749
12277,model_3,0.2442,0.2402126
12278,model_3,0.2335,0.1549039
12279,model_3,0.0371,0.057392355
12280,model_3,0.4213,0.15977165
12281,model_3,0.5258,0.30601794
12282,model_3,-0.2644,-0.21497642
12283,model_3,0.0224,0.036903575
12284,model_3,0.0563,0.06025918
12285,model_3,0.2866,0.2661708
12286,model_3,0.0647,0.12685005
12287,model_3,0.1334,0.1529829
12288,model_3,0.0877,0.08430064
12289,model_3,0.2819,0.29543418
12290,model_3,0.2393,0.20876369
12291,model_3,0.0375,0.016911201
12292,model_3,0.1944,0.19429599
12293,model_3,0.5885,0.62838024
12294,model_3,-0.0723,0.1099281
12295,model_3,0.6856,0.7024707
12296,model_3,0.3233,0.25156963
12297,model_3,0.0515,0.120945945
12298,model_3,0.183,0.2943423
12299,model_3,0.9575,0.99845606
12300,model_3,-0.0373,-0.056723934
12301,model_3,0.0326,0.049044438
12302,model_3,0.1989,0.087513894
12303,model_3,0.7656,0.692293
12304,model_3,0.102,0.1951565
12305,model_3,-0.2391,0.12719013
12306,model_3,0.3455,0.24867256
12307,model_3,0.2932,0.21791461
12308,model_3,0.451,0.47236288
12309,model_3,0.8838,0.85638434
12310,model_3,0.2518,0.24609552
12311,model_3,0.0905,0.094089285
12312,model_3,0.2021,0.1450172
12313,model_3,0.2407,0.13038233
12314,model_3,0.2092,0.20735587
12315,model_3,0.7049,0.77677935
12316,model_3,0.0254,0.09635557
12317,model_3,0.1278,0.085586146
12318,model_3,0.3201,0.32469225
12319,model_3,0.0056,0.16519494
12320,model_3,0.2916,0.25339022
12321,model_3,0.3702,0.31589514
12322,model_3,0.1984,0.22742118
12323,model_3,0.1083,0.120162636
12324,model_3,0.003,0.03408047
12325,model_3,0.2616,0.23438276
12326,model_3,0.2619,0.28495878
12327,model_3,0.5927,0.46760535
12328,model_3,0.2018,0.26265138
12329,model_3,0.221,0.14628823
12330,model_3,0.0315,-0.039824456
12331,model_3,-0.0022,0.013790596
12332,model_3,0.4317,0.41312417
12333,model_3,0.5453,0.46033347
12334,model_3,0.4226,0.45413145
12335,model_3,0.1121,0.12160599
12336,model_3,0.2813,0.36388415
12337,model_3,0.3219,0.3142003
12338,model_3,1.0694,0.9756507
12339,model_3,0.1168,0.07428509
12340,model_3,0.0884,0.1220524
12341,model_3,0.3383,0.2853102
12342,model_3,0.1106,0.1228926
12343,model_3,0.0705,0.08843163
12344,model_3,0.132,0.11709307
12345,model_3,0.362,0.2931944
12346,model_3,0.0863,0.023056723
12347,model_3,0.0917,0.10904139
12348,model_3,0.4727,0.43790552
12349,model_3,0.1261,0.12989211
12350,model_3,-0.1833,-0.15315683
12351,model_3,0.3651,0.3419491
12352,model_3,0.0955,-0.019289635
12353,model_3,0.1457,0.1271761
12354,model_3,-0.0158,0.00057053287
12355,model_3,-0.0288,0.022774206
12356,model_3,0.4866,0.48740864
12357,model_3,0.2488,0.2770232
12358,model_3,0.2733,0.24394722
12359,model_3,0.0703,0.07389064
12360,model_3,0.6585,0.60340446
12361,model_3,0.3023,0.28273416
12362,model_3,0.1064,0.16160555
12363,model_3,0.1608,0.1456607
12364,model_3,0.2236,0.23774812
12365,model_3,0.1278,0.11318275
12366,model_3,0.5283,0.43943593
12367,model_3,-0.0622,-0.117439374
12368,model_3,0.3666,0.36729625
12369,model_3,0.4571,0.4279971
12370,model_3,0.1839,0.20486338
12371,model_3,0.1012,0.10302538
12372,model_3,0.1767,0.106773525
12373,model_3,0.129,0.11228135
12374,model_3,1.0084,0.9537081
12375,model_3,0.1126,0.10303134
12376,model_3,0.2273,0.17180736
12377,model_3,0.1495,0.24820761
12378,model_3,0.4172,0.40755594
12379,model_3,0.0618,0.05317651
12380,model_3,0.2271,0.22897296
12381,model_3,0.3056,0.34910405
12382,model_3,0.0586,0.077447906
12383,model_3,0.2231,0.21617399
12384,model_3,0.0123,0.0008813329
12385,model_3,0.1047,0.11525297
12386,model_3,0.0093,0.078941375
12387,model_3,0.028,0.010907022
12388,model_3,0.0982,0.132533
12389,model_3,0.3204,0.2686404
12390,model_3,0.3326,0.29931033
12391,model_3,0.0743,0.07873745
12392,model_3,0.1978,0.22978808
12393,model_3,0.1617,0.20798996
12394,model_3,0.2357,0.100421
12395,model_3,0.2791,0.2900772
12396,model_3,0.437,0.44574994
12397,model_3,0.0417,0.049275044
12398,model_3,0.1199,0.16672604
12399,model_3,0.2938,0.25606018
12400,model_3,0.0197,0.0038827052
12401,model_3,0.3909,0.2585401
12402,model_3,0.0758,0.03802438
12403,model_3,0.302,0.34413064
12404,model_3,0.5343,0.5110798
12405,model_3,0.5045,0.5080724
12406,model_3,0.0099,-0.03041691
12407,model_3,0.2024,0.20614137
12408,model_3,-0.0409,0.051890064
12409,model_3,0.0624,0.10536803
12410,model_3,0.1756,0.1327628
12411,model_3,0.5883,0.65519303
12412,model_3,0.1992,0.23722701
12413,model_3,-0.0463,-0.014250908
12414,model_3,0.3596,0.3537538
12415,model_3,-0.1507,-0.016202305
12416,model_3,0.2598,0.2087369
12417,model_3,0.6846,0.80372834
12418,model_3,-0.0717,-0.0626528
12419,model_3,0.0229,-0.025048207
12420,model_3,-0.059,0.015466638
12421,model_3,0.0616,0.054563846
12422,model_3,0.5577,0.66970927
12423,model_3,-0.2074,-0.109158576
12424,model_3,0.9935,0.9810425
12425,model_3,0.042,0.07636447
12426,model_3,0.3986,0.37463284
12427,model_3,0.0273,0.00255875
12428,model_3,0.7775,0.73881
12429,model_3,0.1545,0.1363458
12430,model_3,0.461,0.4746783
12431,model_3,0.3274,0.25723988
12432,model_3,0.16,0.050324038
12433,model_3,0.3145,0.12912981
12434,model_3,0.4777,0.30895272
12435,model_3,0.4208,0.37198985
12436,model_3,0.0288,0.04413398
12437,model_3,0.0535,0.024143768
12438,model_3,0.2877,0.22422993
12439,model_3,0.2275,0.24519305
12440,model_3,-0.191,-0.1772447
12441,model_3,0.4734,0.45751604
12442,model_3,0.1687,0.16727199
12443,model_3,0.6685,0.62773293
12444,model_3,0.0595,0.043131206
12445,model_3,0.1041,0.25634193
12446,model_3,0.2558,0.28380233
12447,model_3,0.2774,0.336503
12448,model_3,0.1777,0.13460073
12449,model_3,0.1203,0.05323631
12450,model_3,0.2357,0.18225838
12451,model_3,0.0812,0.025909215
12452,model_3,0.0905,0.12182005
12453,model_3,-0.0528,0.017363315
12454,model_3,-0.0019,0.008030709
12455,model_3,-0.0341,0.037590917
12456,model_3,0.0679,-0.0071811825
12457,model_3,0.2223,0.0816565
12458,model_3,0.231,0.21159191
12459,model_3,0.0884,0.10403977
12460,model_3,0.3931,0.43742543
12461,model_3,0.1375,0.105321616
12462,model_3,-0.0795,-0.1396045
12463,model_3,0.7355,0.62583214
12464,model_3,0.3339,0.30111787
12465,model_3,-0.2144,-0.178284
12466,model_3,0.118,0.19453143
12467,model_3,0.0296,0.11692877
12468,model_3,0.6286,0.59469515
12469,model_3,0.4091,0.3330698
12470,model_3,0.131,0.10661234
12471,model_3,-0.115,-0.050009478
12472,model_3,0.1049,0.06499663
12473,model_3,0.1711,0.15497816
12474,model_3,0.1577,0.25685188
12475,model_3,0.2978,0.29854628
12476,model_3,0.0488,0.21265902
12477,model_3,0.2989,0.3130074
12478,model_3,0.215,0.2166918
12479,model_3,0.128,0.058328807
12480,model_3,0.0637,0.07380892
12481,model_3,0.1858,0.17439729
12482,model_3,0.0393,0.09471241
12483,model_3,0.434,0.44302976
12484,model_3,0.3888,0.3814577
12485,model_3,0.0395,0.027607702
12486,model_3,0.1581,0.1474974
12487,model_3,-0.03,-0.012032978
12488,model_3,0.0291,0.041195095
12489,model_3,0.1399,0.14661354
12490,model_3,0.0173,0.0060389303
12491,model_3,0.1282,0.14785767
12492,model_3,0.2572,0.36525518
12493,model_3,0.435,0.46834174
12494,model_3,0.2802,0.13163
12495,model_3,0.2689,0.2866505
12496,model_3,0.0468,0.044078976
12497,model_3,0.1025,0.10397741
12498,model_3,-0.05,-0.016902834
12499,model_3,-0.1592,-0.16168047
12500,model_3,0.1687,0.10409899
12501,model_3,0.4928,0.45617682
12502,model_3,-0.0636,-0.066383824
12503,model_3,0.1068,0.09033848
12504,model_3,0.0931,0.031519324
12505,model_3,0.3282,0.27371493
12506,model_3,0.1573,0.15246524
12507,model_3,0.1287,0.1135658
12508,model_3,0.4604,0.49869648
12509,model_3,0.1201,0.09768207
12510,model_3,0.3361,0.3055225
12511,model_3,0.0621,0.055519175
12512,model_3,-0.1847,-0.13959739
12513,model_3,0.0485,0.05309827
12514,model_3,0.4567,0.49116957
12515,model_3,-0.1292,0.08533479
12516,model_3,0.7675,0.764716
12517,model_3,0.3149,0.4054443
12518,model_3,-0.083,-0.1063849
12519,model_3,0.2395,0.17749962
12520,model_3,0.2051,0.1436728
12521,model_3,0.1324,0.17437668
12522,model_3,0.3537,0.31820476
12523,model_3,0.0982,0.11497617
12524,model_3,0.1095,0.06463659
12525,model_3,-0.2217,-0.08191374
12526,model_3,0.1526,0.20477389
12527,model_3,0.232,0.24203259
12528,model_3,-0.0158,0.009016002
12529,model_3,0.0166,0.09246722
12530,model_3,0.1155,0.12714854
12531,model_3,0.2733,0.28614917
12532,model_3,0.13,0.2563284
12533,model_3,0.3311,0.29783943
12534,model_3,0.1182,0.18885869
12535,model_3,0.3592,0.27729043
12536,model_3,0.3111,0.3350827
12537,model_3,0.0415,0.11213729
12538,model_3,0.1187,0.04883646
12539,model_3,0.7772,0.7870025
12540,model_3,0.2588,0.28626633
12541,model_3,0.735,0.6493946
12542,model_3,0.041,0.12943289
12543,model_3,0.2724,0.30570394
12544,model_3,0.2566,0.24580635
12545,model_3,-0.1324,-0.17053549
12546,model_3,0.3071,0.35768294
12547,model_3,0.5916,0.6190054
12548,model_3,0.0077,-0.114977315
12549,model_3,0.5662,0.4952346
12550,model_3,0.2165,0.20481671
12551,model_3,0.5293,0.51498336
12552,model_3,0.1005,0.040250346
12553,model_3,0.8876,0.86063164
12554,model_3,0.173,0.12997791
12555,model_3,0.0714,0.115174964
12556,model_3,0.0339,0.061864533
12557,model_3,0.1482,0.1806171
12558,model_3,0.3772,0.29417306
12559,model_3,0.034,0.06294814
12560,model_3,0.567,0.60082674
12561,model_3,0.0107,0.014891991
12562,model_3,0.3303,0.35817644
12563,model_3,0.0591,0.050310582
12564,model_3,0.6132,0.56251884
12565,model_3,-0.0429,-0.057712782
12566,model_3,0.2831,0.25403798
12567,model_3,-0.2733,0.22618432
12568,model_3,0.226,0.3245911
12569,model_3,0.8807,0.8289937
12570,model_3,0.241,0.27372277
12571,model_3,0.0381,0.053974178
12572,model_3,-0.0338,-0.017849743
12573,model_3,0.4345,0.38592362
12574,model_3,0.0364,0.12750417
12575,model_3,0.4064,0.29124188
12576,model_3,0.412,0.3183411
12577,model_3,0.2817,0.22949006
12578,model_3,0.1879,0.1876282
12579,model_3,-0.0113,0.045591522
12580,model_3,-0.0236,0.030469596
12581,model_3,0.3069,0.20666869
12582,model_3,-0.0439,-0.08540617
12583,model_3,0.2801,0.3507753
12584,model_3,0.2033,0.18004844
12585,model_3,0.3744,0.3792851
12586,model_3,0.1066,0.107956395
12587,model_3,0.0532,0.031168986
12588,model_3,0.1265,0.12977466
12589,model_3,0.086,0.27913073
12590,model_3,0.1606,0.18449606
12591,model_3,0.1982,0.07417977
12592,model_3,0.1505,0.23933862
12593,model_3,0.1731,0.19523872
12594,model_3,-0.0235,0.0357456
12595,model_3,-0.052,-0.12436417
12596,model_3,0.147,0.11617209
12597,model_3,0.0409,0.08962998
12598,model_3,0.1544,0.1402737
12599,model_3,0.0369,0.0936912
12600,model_3,-0.0288,0.052788515
12601,model_3,0.1176,0.12162483
12602,model_3,0.3555,0.27950692
12603,model_3,0.0783,0.16987611
12604,model_3,0.3068,0.2742548
12605,model_3,0.0297,-0.009751998
12606,model_3,0.0715,0.07376532
12607,model_3,0.349,0.261253
12608,model_3,-0.0808,-0.07086356
12609,model_3,0.1447,0.16643888
12610,model_3,0.1368,0.13449566
12611,model_3,0.3513,0.35094857
12612,model_3,0.2381,0.24797751
12613,model_3,0.1751,0.18770806
12614,model_3,0.5688,0.6164696
12615,model_3,0.0665,0.102762446
12616,model_3,-0.0838,-0.12868577
12617,model_3,0.2989,0.25597587
12618,model_3,0.2179,0.18408279
12619,model_3,0.076,0.14428335
12620,model_3,-0.0258,0.06799388
12621,model_3,0.4251,0.5456578
12622,model_3,0.0705,0.11945179
12623,model_3,0.106,0.097287655
12624,model_3,-0.0074,-0.025586486
12625,model_3,0.3835,0.46095812
12626,model_3,0.5912,0.40730396
12627,model_3,0.0357,0.04990835
12628,model_3,0.0207,0.07750453
12629,model_3,0.0784,0.116232276
12630,model_3,0.6486,0.64605963
12631,model_3,0.1986,0.4865453
12632,model_3,0.0171,0.15288459
12633,model_3,0.1963,0.23217791
12634,model_3,0.1965,0.18506289
12635,model_3,0.9418,0.93908894
12636,model_3,0.5196,0.5538381
12637,model_3,0.8232,0.8006924
12638,model_3,0.1177,0.15844527
12639,model_3,0.721,0.6790069
12640,model_3,0.0585,0.11314049
12641,model_3,0.5093,0.5159694
12642,model_3,0.0556,0.08485858
12643,model_3,0.1981,0.0512007
12644,model_3,0.0863,0.07666606
12645,model_3,0.2411,0.2751991
12646,model_3,0.0484,0.07066865
12647,model_3,-0.0212,-0.022761378
12648,model_3,0.5165,0.3279513
12649,model_3,0.2213,0.22035356
12650,model_3,0.0019,-0.00749504
12651,model_3,0.4825,0.49989673
12652,model_3,0.1377,0.19732895
12653,model_3,0.5618,0.57974106
12654,model_3,-0.0784,0.09278841
12655,model_3,0.4283,0.32644713
12656,model_3,0.2691,0.28506336
12657,model_3,0.1053,0.19031362
12658,model_3,0.2661,0.14422324
12659,model_3,0.1647,0.14849634
12660,model_3,0.4259,0.45982227
12661,model_3,0.0386,-0.024603538
12662,model_3,0.566,0.5440183
12663,model_3,-0.0127,0.097195044
12664,model_3,0.1307,0.20041838
12665,model_3,0.3116,0.27380523
12666,model_3,0.4665,0.48919606
12667,model_3,0.6543,0.65206355
12668,model_3,0.2602,0.17046396
12669,model_3,0.6845,0.58243436
12670,model_3,-0.0589,-0.1778221
12671,model_3,0.079,0.06420769
12672,model_3,0.1539,0.093650475
12673,model_3,0.2943,0.27626562
12674,model_3,0.4917,0.5005933
12675,model_3,0.1384,0.13688321
12676,model_3,0.0702,0.061700862
12677,model_3,0.2235,0.29036132
12678,model_3,0.2114,0.1984256
12679,model_3,-0.0125,0.027588494
12680,model_3,0.1483,0.18319966
12681,model_3,0.1852,0.14112967
12682,model_3,0.0538,0.108967155
12683,model_3,0.0913,0.08767496
12684,model_3,0.1581,0.13465412
12685,model_3,0.1462,0.115667954
12686,model_3,0.6081,0.6340613
12687,model_3,0.4326,0.41837424
12688,model_3,0.1595,0.24220276
12689,model_3,0.2902,0.29951587
12690,model_3,0.2738,0.2361163
12691,model_3,0.2637,0.3110317
12692,model_3,0.4687,0.33888245
12693,model_3,0.2605,0.15005226
12694,model_3,-0.0042,0.01924821
12695,model_3,0.9086,0.8832702
12696,model_3,0.3124,0.3355211
12697,model_3,0.3717,0.3500706
12698,model_3,0.1081,0.19812347
12699,model_3,-0.0283,-0.035734262
12700,model_3,0.1601,0.117524475
12701,model_3,0.1652,0.13806772
12702,model_3,0.1156,0.123297006
12703,model_3,0.3286,0.35371915
12704,model_3,0.1283,0.088109106
12705,model_3,-0.0328,0.004441779
12706,model_3,0.6685,0.7228038
12707,model_3,0.2951,0.26826048
12708,model_3,0.2457,0.29496726
12709,model_3,-0.0024,0.05565389
12710,model_3,0.5856,0.640361
12711,model_3,0.572,0.57195514
12712,model_3,-0.0592,-0.08135787
12713,model_3,0.2104,0.17346315
12714,model_3,0.6566,0.58378994
12715,model_3,0.2643,0.14826402
12716,model_3,0.3508,0.3379833
12717,model_3,0.4756,0.3890167
12718,model_3,0.488,0.5191329
12719,model_3,0.5584,0.38127095
12720,model_3,0.0054,0.13251567
12721,model_3,0.5034,0.5236681
12722,model_3,0.0406,0.048210848
12723,model_3,0.1352,0.151754
12724,model_3,0.0801,0.17783506
12725,model_3,0.065,0.04965499
12726,model_3,0.6081,0.581246
12727,model_3,0.369,0.33745408
12728,model_3,0.0143,0.08465594
12729,model_3,0.8946,0.81872785
12730,model_3,0.3761,0.34134614
12731,model_3,0.1528,0.17157324
12732,model_3,0.0422,0.037827216
12733,model_3,0.2115,0.18394531
12734,model_3,0.8827,0.8487986
12735,model_3,0.2545,0.10537675
12736,model_3,0.206,0.22744119
12737,model_3,0.0591,0.06115191
12738,model_3,0.3763,0.36740607
12739,model_3,0.255,0.28930193
12740,model_3,0.4148,0.2790586
12741,model_3,0.2358,0.26274604
12742,model_3,-0.0634,0.07520215
12743,model_3,0.1779,0.14682136
12744,model_3,0.166,0.32011718
12745,model_3,0.038,0.03209788
12746,model_3,0.0982,0.08293146
12747,model_3,0.0641,0.08172473
12748,model_3,0.4112,0.27367732
12749,model_3,0.092,0.035191856
12750,model_3,0.0035,0.0026347954
12751,model_3,0.2008,0.11607866
12752,model_3,0.0663,0.06007782
12753,model_3,0.5619,0.52103883
12754,model_3,0.0997,0.10922977
12755,model_3,0.1647,0.23775618
12756,model_3,0.1373,0.15756176
12757,model_3,0.3361,0.39660785
12758,model_3,0.0937,0.11106375
12759,model_3,0.563,0.4446875
12760,model_3,0.3155,0.26922366
12761,model_3,0.0261,0.032926664
12762,model_3,0.049,0.14204855
12763,model_3,0.245,0.1683119
12764,model_3,0.3956,0.39684898
12765,model_3,0.2245,0.16730021
12766,model_3,0.1731,0.19469032
12767,model_3,0.0217,0.02369397
12768,model_3,0.2011,0.20684624
12769,model_3,0.3439,0.29217023
12770,model_3,0.3255,0.31656083
12771,model_3,0.2361,0.2745045
12772,model_3,0.0736,0.09543304
12773,model_3,0.0804,0.050416026
12774,model_3,0.5891,0.58440995
12775,model_3,0.2558,0.21328823
12776,model_3,0.1678,0.2218581
12777,model_3,-0.2197,-0.073841706
12778,model_3,0.1938,0.19418944
12779,model_3,0.0716,0.16044416
12780,model_3,0.2957,0.14318591
12781,model_3,0.2004,0.17523335
12782,model_3,0.0797,0.1262387
12783,model_3,-0.046,0.034763653
12784,model_3,0.1148,0.10474233
12785,model_3,0.0891,0.11994085
12786,model_3,0.2601,0.27112612
12787,model_3,-0.1399,-0.10088332
12788,model_3,0.0176,0.062403414
12789,model_3,0.0248,0.031384103
12790,model_3,0.6591,0.73330796
12791,model_3,0.3234,0.09034133
12792,model_3,0.1256,0.12128036
12793,model_3,0.3433,0.34763762
12794,model_3,0.5293,0.5374375
12795,model_3,0.1142,0.13994049
12796,model_3,0.3092,0.39115125
12797,model_3,0.039,0.05632231
12798,model_3,0.1734,0.17263533
12799,model_3,-0.1775,-0.1569324
12800,model_3,0.2009,0.1508538
12801,model_3,0.4088,0.17633857
12802,model_3,0.1724,0.18117438
12803,model_3,0.5123,0.5498195
12804,model_3,-0.0811,-0.05895788
12805,model_3,-0.0817,-0.030249566
12806,model_3,0.2125,0.17441691
12807,model_3,-0.1993,-0.18975206
12808,model_3,0.2165,0.1629711
12809,model_3,-0.165,-0.15969115
12810,model_3,-0.1462,-0.069952816
12811,model_3,0.0796,0.059759673
12812,model_3,0.3886,0.18087213
12813,model_3,0.0652,0.16211595
12814,model_3,0.0194,0.05380637
12815,model_3,0.3042,0.33616766
12816,model_3,0.1018,0.6349534
12817,model_3,0.4397,0.39662328
12818,model_3,0.0723,0.08543135
12819,model_3,0.1931,0.13000147
12820,model_3,0.4281,0.40711242
12821,model_3,0.1722,0.14171302
12822,model_3,-0.0123,0.039990716
12823,model_3,0.1324,0.2572707
12824,model_3,0.4355,0.4791981
12825,model_3,0.5291,0.36217615
12826,model_3,0.6363,0.4045458
12827,model_3,0.1514,0.22447114
12828,model_3,0.1863,0.58428484
12829,model_3,0.4414,0.40597633
12830,model_3,0.3719,0.40433738
12831,model_3,0.0158,0.092430085
12832,model_3,0.5778,0.57004106
12833,model_3,0.1629,0.14332333
12834,model_3,0.4192,0.3500567
12835,model_3,0.1708,0.07009905
12836,model_3,0.2558,0.17175502
12837,model_3,0.0917,0.10299662
12838,model_3,0.3537,0.36008886
12839,model_3,-0.0368,0.00674168
12840,model_3,0.7761,0.6782005
12841,model_3,0.0891,0.13432944
12842,model_3,-0.0881,-0.07074222
12843,model_3,0.1764,0.06651595
12844,model_3,-0.052,-0.016982876
12845,model_3,0.1426,0.24792619
12846,model_3,0.391,0.2555713
12847,model_3,0.2517,-0.003364876
12848,model_3,0.157,0.16950923
12849,model_3,0.1531,0.21023665
12850,model_3,0.2734,0.2833733
12851,model_3,-0.066,-0.032841884
12852,model_3,-0.0146,0.07528481
12853,model_3,0.2261,0.23971914
12854,model_3,0.3354,0.26608166
12855,model_3,0.7219,0.7118095
12856,model_3,0.4346,0.3776021
12857,model_3,0.2178,0.20507342
12858,model_3,-0.0181,-0.0365872
12859,model_3,0.1517,0.22575028
12860,model_3,-0.1776,-0.13087244
12861,model_3,0.2588,0.29815382
12862,model_3,0.0411,0.025175445
12863,model_3,0.1639,0.14758581
12864,model_3,0.2243,0.20146768
12865,model_3,0.5976,0.5801452
12866,model_3,-0.1045,-0.10547581
12867,model_3,-0.0606,-0.06405437
12868,model_3,0.1491,0.13544425
12869,model_3,0.3917,0.4035119
12870,model_3,0.1045,0.15340117
12871,model_3,0.1386,0.13332476
12872,model_3,0.1509,0.18275459
12873,model_3,0.0829,0.15213656
12874,model_3,0.8336,0.86313474
12875,model_3,0.1276,0.488464
12876,model_3,0.0321,0.047857624
12877,model_3,0.5333,0.47643545
12878,model_3,-0.0972,-0.12839678
12879,model_3,0.1745,0.20025791
12880,model_3,0.4804,0.48818788
12881,model_3,0.4611,0.40856338
12882,model_3,-0.0286,0.027790109
12883,model_3,0.1235,0.11597736
12884,model_3,0.8562,0.7841788
12885,model_3,0.1649,0.1906208
12886,model_3,0.0255,0.04839767
12887,model_3,-0.0389,-0.1154895
12888,model_3,-0.1821,-0.219418
12889,model_3,0.0078,-0.0031314949
12890,model_3,0.0857,0.09002796
12891,model_3,0.2202,0.18735443
12892,model_3,0.3746,0.41849512
12893,model_3,0.9284,0.88989204
12894,model_3,0.5441,0.5324276
12895,model_3,0.0203,0.045101702
12896,model_3,0.099,0.13126019
12897,model_3,0.3893,0.3920505
12898,model_3,0.03,0.060206857
12899,model_3,-0.0803,-0.11600666
12900,model_3,0.5742,0.47996292
12901,model_3,0.2608,0.24361606
12902,model_3,0.3424,0.33933082
12903,model_3,0.7563,0.58368385
12904,model_3,0.5924,0.5076471
12905,model_3,0.451,0.3632197
12906,model_3,0.3,0.40025985
12907,model_3,0.1947,0.27801347
12908,model_3,-0.0702,-0.018045764
12909,model_3,0.342,0.21945919
12910,model_3,0.3785,0.2644527
12911,model_3,0.2008,0.21396397
12912,model_3,0.67,0.6903481
12913,model_3,0.0135,-0.008299792
12914,model_3,0.6326,0.69506806
12915,model_3,0.1651,0.20817018
12916,model_3,-0.0075,0.057976622
12917,model_3,0.3243,0.36495093
12918,model_3,0.3912,0.40082353
12919,model_3,0.0343,0.09251225
12920,model_3,0.1206,0.13077657
12921,model_3,0.1135,0.17552221
12922,model_3,-0.1125,0.021193305
12923,model_3,0.3516,0.31079638
12924,model_3,0.293,0.3031422
12925,model_3,0.2027,0.2618202
12926,model_3,0.2425,0.2102397
12927,model_3,0.0284,0.054275222
12928,model_3,0.28,0.28745964
12929,model_3,-0.1329,-0.037697524
12930,model_3,-0.1792,-0.12586237
12931,model_3,0.0496,0.05366183
12932,model_3,0.0071,-0.034738563
12933,model_3,0.3846,0.21422438
12934,model_3,-0.0135,0.01767407
12935,model_3,0.4117,0.32759154
12936,model_3,0.4377,0.36598033
12937,model_3,0.2263,0.22155385
12938,model_3,0.5533,0.5433522
12939,model_3,0.0284,0.059246175
12940,model_3,0.1983,0.21471033
12941,model_3,0.4829,0.43163562
12942,model_3,0.9129,0.9286417
12943,model_3,0.2616,0.29904708
12944,model_3,0.1055,0.16372804
12945,model_3,0.0399,0.056823775
12946,model_3,0.7594,0.6759729
12947,model_3,0.1042,0.1139676
12948,model_3,0.1463,0.16937934
12949,model_3,-0.0073,-0.00992864
12950,model_3,0.1361,0.068732895
12951,model_3,-0.0054,-0.0376039
12952,model_3,0.0832,0.04922935
12953,model_3,0.1179,0.15894201
12954,model_3,0.1619,0.1779375
12955,model_3,0.2164,0.06285535
12956,model_3,0.5985,0.6143052
12957,model_3,-0.2122,-0.15114687
12958,model_3,0.6985,0.6618305
12959,model_3,0.5042,0.48816678
12960,model_3,0.7343,0.73538715
12961,model_3,0.6019,0.53003436
12962,model_3,1.1122,1.0568315
12963,model_3,0.0971,0.15730788
12964,model_3,0.3718,0.35366648
12965,model_3,-0.0553,-0.112356424
12966,model_3,0.0426,0.012503382
12967,model_3,0.35,0.3042287
12968,model_3,0.1098,0.16379198
12969,model_3,0.4064,0.37952158
12970,model_3,0.2813,0.29310495
12971,model_3,0.4188,0.45973518
12972,model_3,0.1664,0.11105345
12973,model_3,0.1342,0.17558333
12974,model_3,0.0433,0.028678782
12975,model_3,0.0848,0.0643487
12976,model_3,-0.0383,-0.03013279
12977,model_3,0.4807,0.39642894
12978,model_3,0.5837,0.5754951
12979,model_3,0.0805,0.10886572
12980,model_3,0.3234,0.2825187
12981,model_3,0.2488,0.24518889
12982,model_3,0.1852,0.25409892
12983,model_3,0.1338,0.12132342
12984,model_3,0.1576,0.23833655
12985,model_3,0.5512,0.572271
12986,model_3,0.4166,0.44331747
12987,model_3,0.2141,0.31657344
12988,model_3,0.8555,0.8653216
12989,model_3,0.4522,0.4728853
12990,model_3,0.3551,0.37285855
12991,model_3,0.2276,0.25238124
12992,model_3,0.1845,0.21722305
12993,model_3,0.3565,0.32255232
12994,model_3,0.5087,0.5787923
12995,model_3,0.0695,0.09526242
12996,model_3,0.1732,0.24865465
12997,model_3,-0.0577,-0.026382241
12998,model_3,0.1981,0.18569289
12999,model_3,-0.1917,-0.16996549
13000,model_3,0.2953,0.12462787
13001,model_3,0.296,0.25638646
13002,model_3,0.487,0.48299724
13003,model_3,0.2441,0.23210149
13004,model_3,0.0522,0.03767056
13005,model_3,0.0191,0.08033992
13006,model_3,-0.0034,0.06858675
13007,model_3,0.0962,0.105154455
13008,model_3,-0.0496,0.0069156513
13009,model_3,0.0264,-0.07260145
13010,model_3,0.3547,0.36769444
13011,model_3,0.2352,0.23855971
13012,model_3,0.3528,0.26336104
13013,model_3,-0.0739,-0.016556628
13014,model_3,0.9373,0.727194
13015,model_3,0.6157,0.6868648
13016,model_3,-0.1214,-0.12450047
13017,model_3,0.2627,0.26572996
13018,model_3,0.4245,0.4363135
13019,model_3,0.4759,0.3005246
13020,model_3,0.3899,0.33092743
13021,model_3,0.284,0.3487301
13022,model_3,0.1183,0.13300018
13023,model_3,0.137,0.1300665
13024,model_3,0.0825,0.0007200949
13025,model_3,0.291,0.30754536
13026,model_3,0.5936,0.633051
13027,model_3,0.2891,0.27761453
13028,model_3,0.1963,0.3798849
13029,model_3,0.0478,0.1625575
13030,model_3,-0.2112,-0.13360484
13031,model_3,0.429,0.38347685
13032,model_3,0.4055,0.39588776
13033,model_3,0.0052,0.015783485
13034,model_3,0.11,0.089660525
13035,model_3,0.5224,0.52267057
13036,model_3,0.2109,0.27391994
13037,model_3,0.0963,0.046201207
13038,model_3,0.0973,0.10503948
13039,model_3,0.3659,0.33088133
13040,model_3,-0.0723,-0.05103414
13041,model_3,0.1341,0.09837969
13042,model_3,0.1894,0.13476299
13043,model_3,0.0907,0.20337337
13044,model_3,-0.0892,-0.052685056
13045,model_3,0.6345,0.6554897
13046,model_3,0.7779,0.81370896
13047,model_3,0.1558,-0.009058896
13048,model_3,0.2271,0.19449426
13049,model_3,0.1716,0.17043869
13050,model_3,0.2336,0.25062898
13051,model_3,0.1207,0.2510221
13052,model_3,0.9467,0.88031054
13053,model_3,0.7206,0.81448495
13054,model_3,0.2789,0.25264013
13055,model_3,0.3348,0.31424505
13056,model_3,0.1485,0.19147559
13057,model_3,0.1808,0.10502046
13058,model_3,0.2877,0.2693302
13059,model_3,0.4756,0.38301888
13060,model_3,0.2724,0.29374477
13061,model_3,0.142,0.10852668
13062,model_3,-0.0088,0.015809115
13063,model_3,0.1715,0.109689355
13064,model_3,0.5349,0.47798833
13065,model_3,0.1872,0.1571255
13066,model_3,0.0341,0.07599713
13067,model_3,0.5408,0.47377223
13068,model_3,0.46,0.43194586
13069,model_3,0.1282,0.13190578
13070,model_3,0.0597,0.019537942
13071,model_3,0.0547,0.06301279
13072,model_3,0.2546,0.23368637
13073,model_3,0.0538,0.00750133
13074,model_3,0.2136,0.22132353
13075,model_3,0.2111,0.16674055
13076,model_3,0.3971,0.3650034
13077,model_3,0.3892,0.41889825
13078,model_3,0.1469,0.15306222
13079,model_3,0.2855,0.26370206
13080,model_3,0.065,0.16727507
13081,model_3,0.1539,0.1525744
13082,model_3,0.0312,0.007457304
13083,model_3,0.8707,0.84566987
13084,model_3,0.2785,0.19544046
13085,model_3,0.2351,0.23407434
13086,model_3,-0.0285,-0.073826715
13087,model_3,0.3096,0.2140209
13088,model_3,0.0264,0.117464304
13089,model_3,0.0795,-0.01177679
13090,model_3,0.0566,0.099606216
13091,model_3,0.2144,0.20211811
13092,model_3,0.4176,0.50926596
13093,model_3,0.3137,0.1808974
13094,model_3,0.154,0.19129892
13095,model_3,-0.0804,0.018619843
13096,model_3,0.0441,-0.002740886
13097,model_3,0.0269,0.061714485
13098,model_3,0.0114,0.12276648
13099,model_3,0.0689,0.03125939
13100,model_3,0.3162,0.31094462
13101,model_3,0.3555,0.34423095
13102,model_3,-0.0222,0.008014698
13103,model_3,0.1238,0.12844586
13104,model_3,0.1071,0.087338045
13105,model_3,0.2458,0.26639867
13106,model_3,0.2583,0.24888134
13107,model_3,0.1056,0.07975544
13108,model_3,0.2645,0.32289216
13109,model_3,0.211,0.1826778
13110,model_3,0.5544,0.5282663
13111,model_3,0.0287,0.061271172
13112,model_3,0.072,0.09368032
13113,model_3,0.452,0.43467313
13114,model_3,0.1095,0.13221481
13115,model_3,0.8376,0.81379646
13116,model_3,0.5036,0.6249989
13117,model_3,0.3726,0.36393327
13118,model_3,0.1951,0.08202672
13119,model_3,0.2187,0.23987325
13120,model_3,0.3652,0.443875
13121,model_3,0.327,0.34312806
13122,model_3,0.0355,0.10254216
13123,model_3,0.5786,0.5996741
13124,model_3,0.2727,0.4044116
13125,model_3,0.1646,0.1201226
13126,model_3,0.1424,0.21314885
13127,model_3,0.2931,0.3476678
13128,model_3,0.1301,0.038077474
13129,model_3,0.3108,0.2387186
13130,model_3,0.1729,0.118280515
13131,model_3,-0.2126,-0.15145184
13132,model_3,0.3504,0.17537834
13133,model_3,-0.0529,-0.011800095
13134,model_3,0.5158,0.5468408
13135,model_3,0.6658,0.62799114
13136,model_3,0.2048,0.1511496
13137,model_3,0.0162,0.05144335
13138,model_3,0.0962,0.09938866
13139,model_3,0.3612,0.20908661
13140,model_3,0.1472,0.18532628
13141,model_3,0.782,0.7636147
13142,model_3,0.1146,0.08897488
13143,model_3,0.1863,0.22030893
13144,model_3,0.5125,0.31060937
13145,model_3,0.1419,0.20398766
13146,model_3,0.1435,0.103135794
13147,model_3,0.2646,0.31664568
13148,model_3,0.7454,0.5832426
13149,model_3,0.9861,0.95898014
13150,model_3,0.1417,0.16781142
13151,model_3,0.4211,0.44458622
13152,model_3,0.1873,0.27302477
13153,model_3,0.0253,0.05475057
13154,model_3,0.1456,0.1906748
13155,model_3,0.2658,0.2576414
13156,model_3,0.0329,0.12762094
13157,model_3,0.0307,0.11809608
13158,model_3,0.5141,0.44263375
13159,model_3,0.1393,0.13846609
13160,model_3,0.9072,0.8389427
13161,model_3,-0.0024,0.010284439
13162,model_3,0.3241,0.37301344
13163,model_3,0.4579,0.31258357
13164,model_3,0.2838,0.20131627
13165,model_3,0.1896,0.26836962
13166,model_3,0.2833,0.2609607
13167,model_3,0.1595,0.45400333
13168,model_3,0.0519,0.10225181
13169,model_3,0.0289,0.102808565
13170,model_3,0.0332,0.06786741
13171,model_3,0.365,0.3017071
13172,model_3,1e-04,0.06032223
13173,model_3,0.5036,0.45822096
13174,model_3,0.4386,0.5210955
13175,model_3,0.1015,0.23347612
13176,model_3,0.1862,0.16346379
13177,model_3,0.0048,-0.07106607
13178,model_3,-0.0113,0.03987316
13179,model_3,0.5677,0.5379533
13180,model_3,0.314,0.2661324
13181,model_3,0.197,0.26402247
13182,model_3,0.2981,0.3911202
13183,model_3,0.385,0.44803882
13184,model_3,0.0922,0.05987141
13185,model_3,0.1423,0.1487783
13186,model_3,0.2113,0.22962205
13187,model_3,0.8454,0.84719545
13188,model_3,0.4754,0.32452798
13189,model_3,0.0502,0.2525011
13190,model_3,0.1413,0.17530826
13191,model_3,-0.0554,-0.07368739
13192,model_3,0.1681,0.16626114
13193,model_3,0.4217,0.41233557
13194,model_3,0.1583,0.094843194
13195,model_3,0.2031,0.21477965
13196,model_3,0.4481,0.3069447
13197,model_3,0.591,0.64024204
13198,model_3,0.3445,0.31979722
13199,model_3,0.2028,0.29035953
13200,model_3,0.3105,0.35101354
13201,model_3,0.0532,0.17370166
13202,model_3,0.1011,0.036726587
13203,model_3,0.0554,0.12821077
13204,model_3,0.3909,0.32522565
13205,model_3,0.6055,0.59151787
13206,model_3,-0.0279,-0.018394787
13207,model_3,0.1032,0.16005263
13208,model_3,0.0946,0.13797584
13209,model_3,0.0314,0.022006799
13210,model_3,-0.0354,-0.050503545
13211,model_3,0.4957,0.4830663
13212,model_3,0.0657,0.081389666
13213,model_3,0.1778,0.2238355
13214,model_3,0.2782,0.17987587
13215,model_3,0.2589,0.2823153
13216,model_3,0.452,0.42526782
13217,model_3,0.0613,0.0019958653
13218,model_3,0.0072,0.05747846
13219,model_3,1.1488,1.0669984
13220,model_3,0.7791,0.6883387
13221,model_3,0.773,0.75203294
13222,model_3,0.0352,0.027672958
13223,model_3,0.2377,0.24970372
13224,model_3,0.0594,0.053784188
13225,model_3,0.0983,0.22024006
13226,model_3,0.1972,0.1412654
13227,model_3,0.517,0.46500954
13228,model_3,-0.0333,-0.016067874
13229,model_3,0.0014,0.041814677
13230,model_3,0.0082,-0.011959992
13231,model_3,0.1248,0.24609888
13232,model_3,0.3919,0.44764376
13233,model_3,0.7631,0.76996416
13234,model_3,0.1827,0.0650581
13235,model_3,0.457,0.46601498
13236,model_3,0.0033,-0.06381288
13237,model_3,0.0113,-0.059873004
13238,model_3,0.1388,0.10172248
13239,model_3,-0.0542,-0.037639055
13240,model_3,0.7521,0.7093157
13241,model_3,-0.0126,0.015873173
13242,model_3,0.9116,0.8679663
13243,model_3,0.4736,0.40523362
13244,model_3,0.9467,0.9116536
13245,model_3,0.8626,0.8675299
13246,model_3,0.4525,0.29809505
13247,model_3,0.4805,0.41926482
13248,model_3,0.2294,0.22268097
13249,model_3,0.2109,0.2192392
13250,model_3,0.3895,0.25613013
13251,model_3,0.6194,0.55418086
13252,model_3,0.336,0.35875487
13253,model_3,0.3508,0.25299656
13254,model_3,0.1063,0.0836273
13255,model_3,0.3209,0.29767483
13256,model_3,-0.1305,0.012142938
13257,model_3,0.1308,0.08363636
13258,model_3,0.2332,0.2039301
13259,model_3,0.0262,0.042373147
13260,model_3,0.4121,0.39585635
13261,model_3,0.5795,0.62436444
13262,model_3,-0.2184,-0.1490425
13263,model_3,0.1944,0.07293223
13264,model_3,0.3266,0.09646906
13265,model_3,0.7498,0.76309276
13266,model_3,0.0748,0.13612351
13267,model_3,0.2608,0.2842711
13268,model_3,0.6066,0.69760305
13269,model_3,-0.049,-0.118927106
13270,model_3,0.4533,0.36085117
13271,model_3,0.0489,0.121471405
13272,model_3,-0.0524,-0.006907588
13273,model_3,0.1214,0.07247216
13274,model_3,0.1349,0.05051587
13275,model_3,0.5979,0.5713278
13276,model_3,0.0872,0.122380376
13277,model_3,0.318,0.382853
13278,model_3,0.2653,0.366873
13279,model_3,0.0808,0.057387732
13280,model_3,0.1323,0.12577687
13281,model_3,0.096,0.13496274
13282,model_3,0.299,0.27962905
13283,model_3,0.0033,0.023335436
13284,model_3,-0.0092,0.028994601
13285,model_3,0.272,0.25265238
13286,model_3,0.4508,0.4450209
13287,model_3,0.2634,0.26062462
13288,model_3,0.1633,0.19444211
13289,model_3,0.1333,0.040800724
13290,model_3,0.3495,0.28191578
13291,model_3,0.1048,0.12525581
13292,model_3,0.1198,0.0578279
13293,model_3,-0.0043,0.055096712
13294,model_3,0.4489,0.3062665
13295,model_3,0.1631,0.2013858
13296,model_3,0.9563,0.9114465
13297,model_3,0.4738,0.45485088
13298,model_3,0.0725,0.1729269
13299,model_3,0.4155,0.3884842
13300,model_3,0.1499,0.14855601
13301,model_3,0.0688,0.060793143
13302,model_3,0.0381,-0.061505277
13303,model_3,0.3569,0.036635302
13304,model_3,0.7972,0.7775331
13305,model_3,0.2212,0.22858684
13306,model_3,0.355,0.17678949
13307,model_3,0.336,0.32491404
13308,model_3,0.5555,0.5626341
13309,model_3,0.4603,0.5608229
13310,model_3,0.7141,0.70406973
13311,model_3,0.265,0.2564449
13312,model_3,-0.1181,-0.08651173
13313,model_3,0.0851,0.110540465
13314,model_3,0.385,0.4426751
13315,model_3,0.1071,0.12100138
13316,model_3,-0.0117,0.02075284
13317,model_3,0.1963,0.15859386
13318,model_3,0.1242,0.07180363
13319,model_3,0.4865,0.48343575
13320,model_3,-0.1261,-0.1304904
13321,model_3,0.2501,0.22238214
13322,model_3,0.4312,0.47700536
13323,model_3,0.2962,0.42673075
13324,model_3,0.218,0.16683511
13325,model_3,0.3698,0.37606096
13326,model_3,0.7461,0.5037224
13327,model_3,0.194,0.24589081
13328,model_3,0.1808,0.086358786
13329,model_3,0.4745,0.49776593
13330,model_3,0.3008,0.19274949
13331,model_3,0.2046,0.11512707
13332,model_3,0.1094,0.19984944
13333,model_3,-0.2134,-0.14370628
13334,model_3,0.5296,0.39977002
13335,model_3,0.1539,0.19837032
13336,model_3,0.0766,0.08570175
13337,model_3,0.6032,0.5979998
13338,model_3,0.2886,0.24290322
13339,model_3,0.7923,0.7445102
13340,model_3,0.5686,0.39849445
13341,model_3,0.2972,0.37175187
13342,model_3,0.3508,0.35969216
13343,model_3,0.3847,0.40469307
13344,model_3,0.4299,0.30070603
13345,model_3,0.2939,0.38027757
13346,model_3,0.1845,0.24625443
13347,model_3,-0.0479,-0.07390162
13348,model_3,0.172,0.17704952
13349,model_3,0.1248,0.115366325
13350,model_3,0.5103,0.4349955
13351,model_3,0.1977,0.09005295
13352,model_3,0.1619,-0.0655901
13353,model_3,0.2296,0.19640915
13354,model_3,0.1099,0.09223366
13355,model_3,-0.0637,-0.07702862
13356,model_3,0.8403,0.7901555
13357,model_3,0.0637,0.05864128
13358,model_3,0.2041,0.1488815
13359,model_3,0.0465,0.06366238
13360,model_3,0.0101,0.08902165
13361,model_3,0.2409,0.272731
13362,model_3,0.0093,0.0065804794
13363,model_3,0.4028,0.3778984
13364,model_3,0.2084,0.18372914
13365,model_3,0.1163,-0.030295473
13366,model_3,0.5024,0.42167377
13367,model_3,0.2284,0.198922
13368,model_3,0.8808,0.8286412
13369,model_3,0.2597,0.24820454
13370,model_3,0.072,0.10823813
13371,model_3,0.1738,0.005066542
13372,model_3,0.4511,0.4902994
13373,model_3,0.052,0.09493627
13374,model_3,-0.0326,-0.021261338
13375,model_3,0.4512,0.4726696
13376,model_3,0.3017,0.3197883
13377,model_3,0.1598,0.13009925
13378,model_3,0.1222,0.07911837
13379,model_3,0.0635,0.124317646
13380,model_3,0.6543,0.6109931
13381,model_3,0.4857,0.43176258
13382,model_3,0.1966,0.25625375
13383,model_3,0.5113,0.48821768
13384,model_3,0.1198,0.11708668
13385,model_3,0.0328,-0.045013707
13386,model_3,0.0196,0.054567575
13387,model_3,0.0331,0.072767496
13388,model_3,0.4467,0.4228077
13389,model_3,-0.0102,0.03656919
13390,model_3,0.058,0.061513122
13391,model_3,0.2564,0.21853198
13392,model_3,0.6732,0.69065374
13393,model_3,0.4332,0.31335834
13394,model_3,0.0675,0.14932336
13395,model_3,0.6779,0.649616
13396,model_3,0.7647,0.74620444
13397,model_3,-0.0555,0.07935439
13398,model_3,0.373,0.30709317
13399,model_3,0.0998,0.060451217
13400,model_3,0.1463,0.13893183
13401,model_3,-0.0189,-0.03711702
13402,model_3,0.0831,0.11567001
13403,model_3,0.1446,0.10422948
13404,model_3,0.638,0.6280696
13405,model_3,0.6596,0.7136383
13406,model_3,0.2615,0.24778847
13407,model_3,-0.0527,-0.05436294
13408,model_3,0.1305,0.10009995
13409,model_3,0.479,0.4363849
13410,model_3,-0.0128,-0.00022677332
13411,model_3,0.2885,0.33853808
13412,model_3,0.8212,0.8484178
13413,model_3,0.9306,0.8291782
13414,model_3,0.254,0.14215861
13415,model_3,0.166,0.18363598
13416,model_3,0.4765,0.49496514
13417,model_3,0.1633,0.08752185
13418,model_3,0.1265,0.11870292
13419,model_3,0.1724,0.15192682
13420,model_3,0.4079,0.4717594
13421,model_3,0.6684,0.7028258
13422,model_3,0.1849,0.19097611
13423,model_3,-0.0953,-0.099589184
13424,model_3,0.5769,0.57214147
13425,model_3,0.3919,0.37805134
13426,model_3,0.4085,0.38435155
13427,model_3,0.144,0.117845744
13428,model_3,0.2652,0.25605303
13429,model_3,0.1924,0.20776819
13430,model_3,0.9163,0.91274196
13431,model_3,0.1918,0.10331413
13432,model_3,0.7624,0.35066962
13433,model_3,0.485,0.44526228
13434,model_3,0.0751,0.10681619
13435,model_3,-0.05,0.28796527
13436,model_3,0.2362,0.30137056
13437,model_3,0.348,0.39404997
13438,model_3,0.5385,0.4995551
13439,model_3,0.3454,0.102577716
13440,model_3,0.1225,0.06465006
13441,model_3,0.0754,0.10518524
13442,model_3,0.6634,0.6408597
13443,model_3,0.1094,0.04506617
13444,model_3,0.1368,0.16275251
13445,model_3,0.2327,0.37991622
13446,model_3,0.4911,0.32462215
13447,model_3,0.2826,0.2326263
13448,model_3,0.1687,0.50143385
13449,model_3,0.0848,0.047299523
13450,model_3,-0.176,-0.16594858
13451,model_3,0.0121,-0.0075470395
13452,model_3,0.6249,0.6237839
13453,model_3,0.4349,0.2959733
13454,model_3,0.4019,0.31095767
13455,model_3,0.1304,0.077158585
13456,model_3,0.2117,0.18907094
13457,model_3,0.0995,0.18131354
13458,model_3,0.4471,0.555148
13459,model_3,0.203,0.2021027
13460,model_3,0.033,-0.03283067
13461,model_3,-0.152,-0.119631365
13462,model_3,-0.0279,0.23259889
13463,model_3,0.6791,0.6425509
13464,model_3,-0.0085,0.019529276
13465,model_3,0.2231,0.21894673
13466,model_3,0.6359,0.73032075
13467,model_3,0.7664,0.74035245
13468,model_3,0.4791,0.30783755
13469,model_3,0.2057,0.17750339
13470,model_3,0.0699,0.18372853
13471,model_3,0.1294,0.1472655
13472,model_3,0.3033,0.19638349
13473,model_3,0.1264,0.2005647
13474,model_3,0.2875,0.283408
13475,model_3,0.6002,0.71233886
13476,model_3,0.4248,0.4216426
13477,model_3,0.4448,0.5376751
13478,model_3,0.1347,0.107758716
13479,model_3,0.3252,0.27135563
13480,model_3,0.2669,0.39311272
13481,model_3,0.3598,0.33551705
13482,model_3,-0.0156,-0.025852393
13483,model_3,0.4737,0.46877456
13484,model_3,0.0403,0.14213167
13485,model_3,0.5694,0.587732
13486,model_3,0.4045,0.4286851
13487,model_3,0.009,0.026263813
13488,model_3,0.1342,0.08282885
13489,model_3,0.7054,0.70826083
13490,model_3,0.3168,0.31129098
13491,model_3,0.1717,0.17631824
13492,model_3,0.2772,0.25287056
13493,model_3,0.8242,0.76694137
13494,model_3,0.2709,0.26382256
13495,model_3,0.0393,0.0701874
13496,model_3,0.147,0.1809525
13497,model_3,0.3942,0.36767465
13498,model_3,0.1524,0.26522645
13499,model_3,0.2367,0.15786774
13500,model_3,0.2284,0.22634985
13501,model_3,-0.1283,-0.17390426
13502,model_3,0.6358,0.6423344
13503,model_3,0.0786,0.060355727
13504,model_3,0.5718,0.5808237
13505,model_3,0.066,0.29281318
13506,model_3,0.2079,0.101163805
13507,model_3,0.0708,0.0696702
13508,model_3,-0.054,-0.017593518
13509,model_3,0.1035,0.10085863
13510,model_3,0.108,0.16324756
13511,model_3,0.3439,0.23254658
13512,model_3,0.0384,0.06813693
13513,model_3,0.2795,0.31210482
13514,model_3,-0.1262,-0.050781086
13515,model_3,0.438,0.43310687
13516,model_3,0.3907,0.4213721
13517,model_3,-0.0814,-0.025649946
13518,model_3,0.1678,0.12614544
13519,model_3,0.0802,0.027895484
13520,model_3,0.1455,0.17985936
13521,model_3,0.2875,0.3612564
13522,model_3,0.0117,0.012639839
13523,model_3,0.4269,0.46475318
13524,model_3,0.1911,0.28932655
13525,model_3,0.0549,0.09195809
13526,model_3,0.2011,0.28340244
13527,model_3,0.5978,0.7088212
13528,model_3,0.0324,-0.060320664
13529,model_3,0.2864,0.25938645
13530,model_3,0.1105,0.010448759
13531,model_3,-0.1103,-0.11263394
13532,model_3,0.4346,0.37206537
13533,model_3,0.2428,0.39500526
13534,model_3,0.0361,0.093932986
13535,model_3,0.2358,0.22164086
13536,model_3,-0.0825,0.028477388
13537,model_3,0.0403,0.048935544
13538,model_3,0.1929,0.036384366
13539,model_3,0.244,0.21887173
13540,model_3,0.3449,0.3016104
13541,model_3,0.2486,0.06537011
13542,model_3,0.0712,0.3727861
13543,model_3,-0.103,-0.13332465
13544,model_3,0.3753,0.2876479
13545,model_3,0.0006,0.008622418
13546,model_3,0.044,0.08858712
13547,model_3,0.1785,0.14753242
13548,model_3,0.4131,0.4188531
13549,model_3,0.2087,0.34207082
13550,model_3,0.3613,0.3481388
13551,model_3,0.0645,0.07565099
13552,model_3,0.0967,0.1182577
13553,model_3,0.6455,0.7119375
13554,model_3,0.1528,0.09017931
13555,model_3,1.0079,0.99621797
13556,model_3,0.6653,0.6828311
13557,model_3,0.0932,0.119574666
13558,model_3,-0.0429,0.012261999
13559,model_3,0.0913,0.13255644
13560,model_3,0.6575,0.6543545
13561,model_3,0.8496,0.8006329
13562,model_3,0.2605,0.23904984
13563,model_3,0.3398,0.35590845
13564,model_3,0.2501,0.2596384
13565,model_3,0.271,0.12591243
13566,model_3,-0.061,-0.035817232
13567,model_3,0.4203,0.27248308
13568,model_3,-0.0005,-0.002306371
13569,model_3,0.1558,0.07979418
13570,model_3,0.3335,0.27875203
13571,model_3,-0.0132,-0.0828931
13572,model_3,-0.1693,-0.13610765
13573,model_3,0.165,0.21837394
13574,model_3,0.1295,0.09271255
13575,model_3,0.175,0.19678359
13576,model_3,-0.0299,0.07725896
13577,model_3,0.0498,-0.028098192
13578,model_3,0.216,0.08952291
13579,model_3,0.7059,0.7569075
13580,model_3,0.3241,0.25849804
13581,model_3,0.2366,0.25821716
13582,model_3,0.131,0.25778294
13583,model_3,0.3216,0.31696016
13584,model_3,0.5217,0.6013596
13585,model_3,0.0427,0.07705185
13586,model_3,0.2335,0.21723032
13587,model_3,0.1227,0.19372486
13588,model_3,0.1921,0.37836063
13589,model_3,-0.1265,-0.1662565
13590,model_3,0.0169,0.058961224
13591,model_3,0.1836,0.055923168
13592,model_3,0.4508,0.44745427
13593,model_3,0.2019,0.14923933
13594,model_3,0.2379,0.19457574
13595,model_3,0.308,0.15190342
13596,model_3,0.4073,0.41266477
13597,model_3,0.221,0.23819086
13598,model_3,0.1163,0.10239276
13599,model_3,0.0952,0.07586931
13600,model_3,0.4853,0.4127912
13601,model_3,0.1418,0.1463478
13602,model_3,0.6652,0.5938019
13603,model_3,0.0419,0.024120906
13604,model_3,0.1895,0.23643045
13605,model_3,-0.0431,-0.12862635
13606,model_3,-0.0173,-0.020247903
13607,model_3,0.5333,0.23414876
13608,model_3,0.8141,0.83738965
13609,model_3,0.454,0.46546453
13610,model_3,0.0665,0.07745397
13611,model_3,0.1774,0.08580196
13612,model_3,0.1839,0.12041107
13613,model_3,0.1469,0.17848723
13614,model_3,-0.5033,0.2294122
13615,model_3,0.3018,0.1742075
13616,model_3,0.1145,0.18349667
13617,model_3,0.0179,-0.07169454
13618,model_3,0.6383,0.66088176
13619,model_3,0.36,0.3712971
13620,model_3,0.0825,0.15956108
13621,model_3,0.6585,0.7499622
13622,model_3,0.2583,0.16419932
13623,model_3,0.1623,0.10588044
13624,model_3,-0.1698,-0.099492624
13625,model_3,0.1941,0.25452402
13626,model_3,0.3273,0.3470294
13627,model_3,0.1749,0.20466013
13628,model_3,0.3254,0.33618596
13629,model_3,0.0251,0.039492544
13630,model_3,0.0766,0.098924875
13631,model_3,-0.016,0.0465233
13632,model_3,0.3858,0.3583065
13633,model_3,-0.0388,0.057213318
13634,model_3,0.3729,0.27120355
13635,model_3,0.1852,0.13027199
13636,model_3,0.6184,0.63172317
13637,model_3,0.3669,0.27411103
13638,model_3,0.1481,0.039053276
13639,model_3,0.0361,0.03400432
13640,model_3,0.3179,0.36414236
13641,model_3,0.223,0.17139667
13642,model_3,0.0428,0.009340381
13643,model_3,0.1823,0.6364029
13644,model_3,0.1405,0.036542993
13645,model_3,0.0957,0.103113756
13646,model_3,0.5819,0.6015587
13647,model_3,-0.1337,-0.07628709
13648,model_3,0.2142,0.22043298
13649,model_3,-0.0016,0.018690515
13650,model_3,0.5373,0.5025844
13651,model_3,0.1383,0.12242046
13652,model_3,0.3459,0.3996904
13653,model_3,0.1608,0.19607885
13654,model_3,0.8387,0.8186065
13655,model_3,0.1567,0.21927378
13656,model_3,0.0416,0.007772061
13657,model_3,0.1188,0.13934158
13658,model_3,0.3047,0.30816478
13659,model_3,0.1303,0.11314544
13660,model_3,-0.085,-0.089335844
13661,model_3,-0.0164,0.00624732
13662,model_3,0.1152,0.14830373
13663,model_3,-0.0169,-0.0041257674
13664,model_3,0.1036,0.15960708
13665,model_3,0.5212,0.5407996
13666,model_3,0.3666,0.29563916
13667,model_3,-0.098,-0.11270283
13668,model_3,0.1084,0.07728855
13669,model_3,0.8723,0.8279448
13670,model_3,0.1322,0.13164173
13671,model_3,0.1147,-0.0404821
13672,model_3,0.1247,0.122679695
13673,model_3,-0.1924,-0.17292349
13674,model_3,0.449,0.44060004
13675,model_3,0.3894,0.30021343
13676,model_3,0.5257,0.50624657
13677,model_3,0.1153,0.103360236
13678,model_3,0.0533,0.08177596
13679,model_3,0.1737,0.17911555
13680,model_3,0.03,0.06276959
13681,model_3,-0.0147,0.05473467
13682,model_3,0.2641,0.18888706
13683,model_3,0.4854,0.6017986
13684,model_3,0.3445,0.3091747
13685,model_3,0.4229,0.40328687
13686,model_3,0.0477,0.07130097
13687,model_3,0.1157,0.2223147
13688,model_3,0.441,0.42540312
13689,model_3,0.1002,0.07867968
13690,model_3,0.8973,0.89819366
13691,model_3,-0.0655,-0.018076692
13692,model_3,0.3526,0.16121764
13693,model_3,0.4466,0.44739777
13694,model_3,0.0852,0.09627572
13695,model_3,0.7809,0.8563709
13696,model_3,0.0133,0.06736611
13697,model_3,0.4147,0.41209126
13698,model_3,0.0922,0.067175664
13699,model_3,0.1637,0.12019099
13700,model_3,0.2647,0.30622578
13701,model_3,0.2417,0.2208835
13702,model_3,0.1029,0.04798596
13703,model_3,0.2201,0.2063676
13704,model_3,0.0164,-0.006332677
13705,model_3,0.6812,0.5799342
13706,model_3,0.0405,0.13737403
13707,model_3,0.5053,0.37181097
13708,model_3,0.2447,0.18029259
13709,model_3,0.4093,0.42823547
13710,model_3,0.0639,0.15059333
13711,model_3,0.0072,0.20237164
13712,model_3,0.5435,0.54343426
13713,model_3,0.2698,0.2636566
13714,model_3,0.3711,0.45762196
13715,model_3,0.2884,0.2949127
13716,model_3,0.1866,0.1943867
13717,model_3,0.9287,0.8800484
13718,model_3,0.175,0.12445922
13719,model_3,-0.0025,0.019304909
13720,model_3,0.1725,0.17185111
13721,model_3,0.6452,0.8193825
13722,model_3,0.3289,0.26952556
13723,model_3,0.5133,0.42200214
13724,model_3,0.3051,0.23497629
13725,model_3,0.8136,0.83098227
13726,model_3,0.2089,0.2033372
13727,model_3,0.8454,0.8517392
13728,model_3,0.7122,0.72483695
13729,model_3,0.1855,0.14438523
13730,model_3,0.4717,0.45285136
13731,model_3,0.4186,0.42837948
13732,model_3,0.5399,0.5470337
13733,model_3,0.1329,0.1731799
13734,model_3,0.1832,0.11711562
13735,model_3,0.169,0.24243586
13736,model_3,-0.0272,0.012369726
13737,model_3,0.0991,0.27722773
13738,model_3,0.7323,0.7164131
