,model,truevals,predvals
0,model_1,0.1742,0.2205145
1,model_1,0.3472,0.35408908
2,model_1,0.2622,0.21741074
3,model_1,0.0902,0.13374782
4,model_1,0.2579,0.22922495
5,model_1,0.2599,0.25304154
6,model_1,0.0246,0.052530855
7,model_1,0.2669,0.34559265
8,model_1,0.1207,0.0930891
9,model_1,0.0055,0.01884842
10,model_1,0.5098,0.30877465
11,model_1,-0.012,0.014320612
12,model_1,0.7691,0.76609385
13,model_1,0.5229,0.5516554
14,model_1,0.3393,0.30770773
15,model_1,0.1309,0.047997296
16,model_1,0.172,0.06583819
17,model_1,0.0511,0.07197702
18,model_1,-0.0566,-0.056619048
19,model_1,0.6193,0.62437725
20,model_1,0.2788,0.2926839
21,model_1,0.3404,0.121808365
22,model_1,0.018,0.05661179
23,model_1,0.109,0.08444652
24,model_1,0.5985,0.5897142
25,model_1,0.216,0.1202661
26,model_1,0.0461,-0.07861149
27,model_1,0.4293,0.18973541
28,model_1,0.3765,0.39049774
29,model_1,0.7156,0.7618897
30,model_1,0.1617,0.14387581
31,model_1,0.0708,-0.02411455
32,model_1,0.0481,0.019555584
33,model_1,0.452,0.49655628
34,model_1,-0.0023,-0.002225846
35,model_1,0.5507,0.28076726
36,model_1,0.1282,0.12546442
37,model_1,0.082,0.059128508
38,model_1,0.4076,0.35894775
39,model_1,-0.0092,0.152257
40,model_1,-0.1556,-0.15950653
41,model_1,0.7308,0.7755493
42,model_1,0.2341,0.14561257
43,model_1,0.679,-0.03622949
44,model_1,0.2077,0.32929295
45,model_1,0.5919,0.4731979
46,model_1,0.1955,0.20405212
47,model_1,0.4366,0.2520098
48,model_1,0.1824,0.24340425
49,model_1,0.3717,0.35358438
50,model_1,0.0313,0.18569577
51,model_1,-0.0219,0.009017527
52,model_1,0.0104,0.03348732
53,model_1,-0.032,0.050570697
54,model_1,-0.0008,0.010966748
55,model_1,0.1056,0.12522268
56,model_1,0.9643,0.8926302
57,model_1,0.4371,0.46942452
58,model_1,0.4938,0.5358154
59,model_1,0.6281,0.5703232
60,model_1,0.2727,0.24873379
61,model_1,0.5963,0.6654153
62,model_1,0.4225,0.4073258
63,model_1,0.142,0.21818492
64,model_1,0.1854,0.19565952
65,model_1,0.0249,0.012499839
66,model_1,0.2698,0.24073315
67,model_1,0.4806,0.36692905
68,model_1,0.6473,0.6623146
69,model_1,0.0937,0.1085304
70,model_1,0.2429,0.29488808
71,model_1,0.1974,0.12070902
72,model_1,0.2327,0.27750927
73,model_1,0.0672,0.048125863
74,model_1,0.7554,0.8035728
75,model_1,0.4633,0.4190653
76,model_1,0.5518,0.5356063
77,model_1,0.2451,0.4451034
78,model_1,0.4036,0.23462598
79,model_1,0.2338,0.21297877
80,model_1,0.0979,0.057903066
81,model_1,0.1907,0.26449203
82,model_1,0.0072,0.045740575
83,model_1,0.2432,0.23072717
84,model_1,0.2318,0.18361148
85,model_1,-0.0746,-0.021055639
86,model_1,0.4221,0.4337459
87,model_1,0.1755,0.1726372
88,model_1,0.2446,0.18569049
89,model_1,0.0904,0.1062496
90,model_1,0.0879,0.0741404
91,model_1,0.6955,0.64149535
92,model_1,0.0591,-0.004994586
93,model_1,0.6959,0.7056079
94,model_1,-0.1278,-0.07813558
95,model_1,0.0624,0.07093789
96,model_1,0.0442,0.07853483
97,model_1,0.6297,0.6325229
98,model_1,0.2852,0.36543116
99,model_1,0.0936,0.01794231
100,model_1,0.0606,0.03210026
101,model_1,0.1987,0.22424728
102,model_1,0.09,0.016081035
103,model_1,0.2364,0.25534996
104,model_1,0.4779,0.45296383
105,model_1,0.1909,0.10664803
106,model_1,0.1822,0.27996585
107,model_1,0.69,0.6232735
108,model_1,0.2662,0.2033625
109,model_1,0.1372,0.11505393
110,model_1,0.1736,0.15881835
111,model_1,0.696,0.69051313
112,model_1,0.2744,0.24534884
113,model_1,0.1972,0.17059968
114,model_1,0.2457,0.2986596
115,model_1,0.1107,0.084072605
116,model_1,0.3896,0.36646158
117,model_1,0.2898,0.31486773
118,model_1,-0.0475,0.010997519
119,model_1,-0.1115,-0.12045643
120,model_1,0.0938,0.33199713
121,model_1,0.1639,0.13990875
122,model_1,0.6244,0.5213219
123,model_1,0.2373,0.2354954
124,model_1,0.3146,0.33629268
125,model_1,0.2164,0.12861297
126,model_1,0.1153,0.13751264
127,model_1,0.2167,0.3875994
128,model_1,-0.0591,0.0502232
129,model_1,0.1402,0.13323112
130,model_1,0.1971,0.22250365
131,model_1,0.3754,0.3799292
132,model_1,0.3665,0.3547376
133,model_1,0.7798,0.7842407
134,model_1,0.3074,0.30140057
135,model_1,0.4226,0.40103436
136,model_1,0.0883,0.1678396
137,model_1,0.4308,0.43251097
138,model_1,0.3496,0.3946113
139,model_1,0.8872,0.8387394
140,model_1,0.0269,0.062869936
141,model_1,0.0201,0.014830366
142,model_1,0.0545,0.044093013
143,model_1,0.408,0.40166798
144,model_1,0.4498,0.35212788
145,model_1,0.5567,0.56968135
146,model_1,0.1679,0.20635149
147,model_1,0.3179,0.33943075
148,model_1,0.2809,0.3058985
149,model_1,0.0747,0.00891225
150,model_1,0.407,0.34375763
151,model_1,0.8929,0.8543161
152,model_1,0.2375,0.24943976
153,model_1,0.0772,0.107860774
154,model_1,-0.0934,-0.097794
155,model_1,0.5798,0.5879322
156,model_1,0.0314,-0.003690511
157,model_1,0.2242,0.14867124
158,model_1,0.0061,-0.011002302
159,model_1,0.3947,0.39615515
160,model_1,0.0621,0.15265024
161,model_1,0.3024,0.29798797
162,model_1,-0.0431,0.0517838
163,model_1,0.1099,0.0033944994
164,model_1,0.1365,0.09274605
165,model_1,0.0725,0.09464277
166,model_1,-0.0899,-0.11371869
167,model_1,0.0829,0.13385545
168,model_1,0.1587,0.14059517
169,model_1,-0.1932,-0.15055773
170,model_1,0.3215,0.37080514
171,model_1,0.2174,0.23825228
172,model_1,0.1512,0.13423708
173,model_1,0.2669,0.34773523
174,model_1,0.8352,0.8190206
175,model_1,0.892,0.8154452
176,model_1,-0.0143,-0.0008225441
177,model_1,0.1767,0.28067335
178,model_1,0.1139,0.11590319
179,model_1,0.6466,0.57291764
180,model_1,-0.0505,-0.037677974
181,model_1,0.7133,0.728957
182,model_1,0.0452,0.06502734
183,model_1,-0.1859,-0.16590473
184,model_1,0.2571,0.330606
185,model_1,0.2027,0.23302035
186,model_1,0.4073,0.30208987
187,model_1,0.5139,0.48830837
188,model_1,-0.0494,0.0074297637
189,model_1,0.112,0.078700185
190,model_1,0.4012,0.39282167
191,model_1,0.3709,0.25046453
192,model_1,-0.0446,-0.026138604
193,model_1,0.6359,0.62737346
194,model_1,0.2515,0.24254806
195,model_1,0.037,0.02915898
196,model_1,0.1999,0.2046766
197,model_1,0.3295,0.31856984
198,model_1,0.0831,0.0056211352
199,model_1,0.0657,0.06911737
200,model_1,-0.0492,-0.062620044
201,model_1,0.1556,0.18584299
202,model_1,0.2235,0.22032237
203,model_1,0.4035,0.3248412
204,model_1,-0.2038,-0.23016948
205,model_1,0.3139,0.24386227
206,model_1,0.6596,0.63130695
207,model_1,0.4091,0.32695824
208,model_1,0.0072,-0.009129822
209,model_1,0.0985,0.105098665
210,model_1,-0.0895,0.019836888
211,model_1,0.0799,0.1769271
212,model_1,0.5198,0.49633646
213,model_1,0.1625,0.13489452
214,model_1,0.0867,0.17244354
215,model_1,0.0994,0.083318144
216,model_1,0.3815,0.41737908
217,model_1,0.5326,0.5458071
218,model_1,0.621,0.5914472
219,model_1,0.2191,0.31914935
220,model_1,0.1298,0.2117362
221,model_1,0.2678,0.19810735
222,model_1,0.0903,0.09107359
223,model_1,0.3403,0.3073067
224,model_1,1.0553,1.0618881
225,model_1,0.1953,0.13149196
226,model_1,0.4376,0.43105668
227,model_1,0.2136,0.1481183
228,model_1,0.7193,0.72502273
229,model_1,0.5463,0.5788977
230,model_1,0.1313,0.04694581
231,model_1,0.2144,0.25526783
232,model_1,0.0857,0.083318785
233,model_1,0.1052,0.15991826
234,model_1,0.0242,0.11694116
235,model_1,0.1174,0.13367885
236,model_1,0.0628,0.35317725
237,model_1,0.1227,0.114944994
238,model_1,0.068,0.08967525
239,model_1,0.4677,0.3865958
240,model_1,0.0784,0.12484686
241,model_1,0.0617,0.09733766
242,model_1,0.0255,-0.0004810393
243,model_1,0.3808,0.37578854
244,model_1,0.2358,0.18596691
245,model_1,-0.1035,-0.11787641
246,model_1,-0.0109,0.050114572
247,model_1,0.1382,0.10508995
248,model_1,0.2491,0.2666134
249,model_1,0.31,0.20686823
250,model_1,0.331,0.39139342
251,model_1,0.0336,0.047298282
252,model_1,0.3975,0.3828042
253,model_1,0.3994,0.2307492
254,model_1,0.0091,-0.00809291
255,model_1,0.1408,0.1709826
256,model_1,0.4389,0.37940785
257,model_1,-0.0265,-0.033730447
258,model_1,0.0209,0.046123624
259,model_1,0.1397,0.07358551
260,model_1,0.2075,0.09159173
261,model_1,0.0072,0.08730456
262,model_1,0.1147,0.082239
263,model_1,0.1494,0.12479754
264,model_1,0.8995,0.8183179
265,model_1,0.4714,0.3333811
266,model_1,0.1718,0.12533233
267,model_1,0.128,0.011194885
268,model_1,0.222,0.31270647
269,model_1,0.2756,0.29733297
270,model_1,0.7367,0.63901687
271,model_1,0.0059,0.02880603
272,model_1,0.2641,0.3369816
273,model_1,0.2558,0.23420599
274,model_1,0.3925,0.31551588
275,model_1,0.09,0.14220768
276,model_1,0.3312,0.30585214
277,model_1,0.0923,0.09201652
278,model_1,0.74,0.8012673
279,model_1,0.4446,0.50787115
280,model_1,0.3847,0.32270595
281,model_1,0.1489,0.1107631
282,model_1,0.1605,0.19743285
283,model_1,0.3687,0.3688787
284,model_1,0.2024,0.08275992
285,model_1,0.1016,0.1335674
286,model_1,0.3067,0.3080691
287,model_1,0.2185,0.27458903
288,model_1,0.3781,0.36533767
289,model_1,0.1113,0.1529582
290,model_1,-0.0748,-0.0053132623
291,model_1,0.0462,0.03781964
292,model_1,0.1681,0.25296733
293,model_1,0.1543,0.21540536
294,model_1,0.8037,0.7753118
295,model_1,0.395,0.3335666
296,model_1,0.8889,0.91568255
297,model_1,0.2505,0.22795622
298,model_1,0.1992,0.20894754
299,model_1,0.2787,0.24543862
300,model_1,0.1438,0.112917006
301,model_1,0.502,0.39328098
302,model_1,0.8745,0.8534304
303,model_1,0.4289,0.29210833
304,model_1,0.0447,0.022690088
305,model_1,-0.0261,-0.023027122
306,model_1,0.1399,0.18152766
307,model_1,-0.1683,-0.22856039
308,model_1,0.0411,0.09846489
309,model_1,0.1003,0.0719091
310,model_1,0.0585,0.1928876
311,model_1,0.1376,0.23109655
312,model_1,0.0391,0.12981106
313,model_1,0.2753,0.061552092
314,model_1,0.0601,0.058683574
315,model_1,0.1261,0.1280841
316,model_1,0.2749,0.3517944
317,model_1,0.1857,0.1825934
318,model_1,0.0964,0.087406024
319,model_1,0.4942,0.46564332
320,model_1,0.2662,0.2803704
321,model_1,0.3008,0.32022595
322,model_1,0.0856,0.008445948
323,model_1,0.1389,0.22404712
324,model_1,0.3661,0.3600065
325,model_1,0.0594,0.073453814
326,model_1,0.3458,0.34955502
327,model_1,0.0687,0.07025401
328,model_1,0.3593,0.30464798
329,model_1,0.137,0.04055591
330,model_1,0.1341,0.18173149
331,model_1,0.151,0.1839019
332,model_1,0.1554,0.17815387
333,model_1,0.5598,0.5497883
334,model_1,-0.0274,-0.03753349
335,model_1,0.6533,0.6568225
336,model_1,0.2517,0.02922815
337,model_1,0.0926,0.030702204
338,model_1,-0.0574,-0.07791805
339,model_1,0.2857,0.31624368
340,model_1,0.0515,0.037131518
341,model_1,0.3514,0.32369852
342,model_1,0.252,0.21209764
343,model_1,0.1008,0.11239569
344,model_1,0.0225,0.008733466
345,model_1,0.0394,-0.0105570555
346,model_1,0.0743,0.18320622
347,model_1,0.187,0.1485983
348,model_1,-0.0037,-0.048944563
349,model_1,0.0697,0.06306347
350,model_1,0.0024,0.07543379
351,model_1,0.7582,0.75370294
352,model_1,-0.0397,-0.058550626
353,model_1,0.0431,0.17905705
354,model_1,0.5601,0.595631
355,model_1,0.2331,0.13626935
356,model_1,0.4086,0.45097244
357,model_1,0.0462,0.03190255
358,model_1,0.6001,0.54806435
359,model_1,0.1585,0.18312758
360,model_1,0.0796,0.038526595
361,model_1,0.172,0.053210363
362,model_1,0.1548,0.12503733
363,model_1,-0.0393,-0.003635347
364,model_1,0.1352,0.13598838
365,model_1,0.0435,0.034628168
366,model_1,0.1,0.12556109
367,model_1,0.1049,0.09985015
368,model_1,0.1261,0.061025575
369,model_1,0.6819,0.71202666
370,model_1,0.7945,0.906842
371,model_1,0.3399,0.3640678
372,model_1,0.2338,0.20105141
373,model_1,0.2269,0.38043505
374,model_1,0.5148,0.48790634
375,model_1,0.0329,0.04806751
376,model_1,0.3382,0.37092757
377,model_1,0.1607,0.2157065
378,model_1,0.0783,0.12689756
379,model_1,0.4299,0.47040427
380,model_1,0.3417,0.34285954
381,model_1,0.0644,0.024561107
382,model_1,0.1874,0.19639094
383,model_1,0.4444,0.37685803
384,model_1,0.1076,0.10749659
385,model_1,0.7568,0.72971046
386,model_1,0.7964,0.7930482
387,model_1,0.1392,0.15717123
388,model_1,0.1921,0.18780053
389,model_1,0.4004,0.39553797
390,model_1,0.5228,0.5391644
391,model_1,0.2043,0.19961695
392,model_1,0.0782,0.07369642
393,model_1,0.3981,0.3608618
394,model_1,0.0923,0.1803125
395,model_1,0.1557,0.14184816
396,model_1,0.1577,0.18851922
397,model_1,0.3898,0.45935023
398,model_1,0.4326,0.44022557
399,model_1,0.2068,0.16783336
400,model_1,-0.0641,-0.011773467
401,model_1,0.2673,0.31055415
402,model_1,0.2614,0.27841115
403,model_1,0.4236,0.40609953
404,model_1,0.4216,0.25529993
405,model_1,0.0039,-0.13353151
406,model_1,0.2115,0.2223231
407,model_1,0.3192,0.2772319
408,model_1,0.1936,0.17768182
409,model_1,0.1521,0.15455237
410,model_1,0.9456,1.0020065
411,model_1,0.1815,0.04087326
412,model_1,0.038,0.076863036
413,model_1,0.2374,0.24429062
414,model_1,0.1278,0.08208546
415,model_1,0.2961,0.17589012
416,model_1,0.3698,0.41060925
417,model_1,0.0429,0.05088055
418,model_1,0.1916,0.2958939
419,model_1,0.7071,0.68429005
420,model_1,0.1587,0.15575024
421,model_1,0.0935,0.069582686
422,model_1,0.3822,0.33846694
423,model_1,0.4384,0.33052528
424,model_1,0.2496,0.24778013
425,model_1,0.0946,0.08305141
426,model_1,0.1308,0.0935418
427,model_1,-0.0099,0.13289332
428,model_1,0.1972,0.19800445
429,model_1,0.157,0.11904964
430,model_1,0.2671,0.040674478
431,model_1,0.1013,0.009388089
432,model_1,0.0989,0.23751442
433,model_1,0.0766,0.13092645
434,model_1,0.1012,0.09181109
435,model_1,0.2133,0.24431124
436,model_1,0.0708,0.026107311
437,model_1,0.0181,-0.00053972006
438,model_1,0.0122,0.009966284
439,model_1,0.2103,0.2600072
440,model_1,0.1885,0.21631314
441,model_1,-0.0396,-0.036311865
442,model_1,0.0187,0.034963965
443,model_1,0.1929,0.101571485
444,model_1,0.1387,0.1307191
445,model_1,0.0165,0.026552066
446,model_1,0.2901,0.3361286
447,model_1,0.0601,0.047213078
448,model_1,0.5366,0.48297355
449,model_1,0.1732,0.064101696
450,model_1,0.0193,0.070342824
451,model_1,-0.1786,-0.10544491
452,model_1,0.2832,0.2225864
453,model_1,0.4806,0.35905322
454,model_1,0.6522,0.6361257
455,model_1,0.1207,0.14956908
456,model_1,0.3049,0.3106202
457,model_1,0.2049,0.2637834
458,model_1,0.1401,0.07380769
459,model_1,0.683,0.5721728
460,model_1,0.0571,0.05797869
461,model_1,0.6791,0.6840162
462,model_1,0.0824,0.10678911
463,model_1,0.0552,0.0441128
464,model_1,-0.0671,0.010861814
465,model_1,0.0288,0.0074726343
466,model_1,0.1335,0.11294164
467,model_1,0.0382,0.054215103
468,model_1,0.4276,0.29552594
469,model_1,-0.0289,0.037754953
470,model_1,0.2181,0.19686134
471,model_1,0.0106,0.007135272
472,model_1,-0.1842,-0.16187978
473,model_1,0.01,-0.04376328
474,model_1,0.2519,0.27712288
475,model_1,0.5574,0.5744503
476,model_1,0.471,0.52186334
477,model_1,0.5793,0.5464377
478,model_1,0.0751,-0.024490446
479,model_1,0.0549,0.011424929
480,model_1,-0.1231,-0.10722265
481,model_1,0.3804,0.34766614
482,model_1,0.2664,0.15456867
483,model_1,0.031,0.02279535
484,model_1,0.0874,0.044465333
485,model_1,0.3037,0.35705024
486,model_1,0.3791,0.33440778
487,model_1,0.2324,0.32274747
488,model_1,0.3635,0.3778624
489,model_1,0.395,0.41148812
490,model_1,0.0645,0.06378704
491,model_1,0.0271,0.11029337
492,model_1,0.2627,0.36814356
493,model_1,0.0887,0.13357034
494,model_1,0.2047,0.21300918
495,model_1,0.034,0.0029223561
496,model_1,0.3421,0.41709867
497,model_1,0.3269,0.38942486
498,model_1,-0.006,-0.028062075
499,model_1,0.2316,0.150878
500,model_1,0.2071,0.29609662
501,model_1,0.5018,0.55884755
502,model_1,0.3524,0.36586392
503,model_1,0.451,0.44138756
504,model_1,0.4261,0.39947164
505,model_1,0.1756,0.114506125
506,model_1,0.2647,0.20358433
507,model_1,0.3887,0.37082106
508,model_1,0.1819,0.12515229
509,model_1,0.2084,0.08302161
510,model_1,-0.0771,-0.0800879
511,model_1,0.0167,0.05578713
512,model_1,0.1493,0.092563644
513,model_1,0.1321,0.19202058
514,model_1,0.2606,0.20403147
515,model_1,0.3859,0.39330497
516,model_1,0.3265,0.28212333
517,model_1,0.1341,0.12047085
518,model_1,0.0887,0.120161764
519,model_1,0.3338,0.31319064
520,model_1,0.1151,0.33539546
521,model_1,0.1444,0.103685394
522,model_1,0.1779,0.15390915
523,model_1,-0.0053,-0.030737996
524,model_1,0.3247,0.27618498
525,model_1,0.8948,0.9128808
526,model_1,0.2932,0.2692547
527,model_1,0.0862,0.10750398
528,model_1,0.5758,0.57528806
529,model_1,0.0271,0.052399457
530,model_1,0.1548,0.026788563
531,model_1,0.1415,0.24329488
532,model_1,0.1234,0.07246272
533,model_1,0.1187,0.112375334
534,model_1,0.0769,0.07596493
535,model_1,0.0464,0.056002527
536,model_1,0.1216,0.117218554
537,model_1,0.3501,0.42976448
538,model_1,0.216,0.17693496
539,model_1,0.439,0.4745039
540,model_1,0.307,0.33552155
541,model_1,0.3651,0.43021777
542,model_1,0.3807,0.37319073
543,model_1,-0.1916,-0.1528801
544,model_1,0.1908,0.23772565
545,model_1,-0.0462,0.043738022
546,model_1,-0.0505,-0.0802322
547,model_1,0.4435,0.49262986
548,model_1,0.5313,0.5054885
549,model_1,0.0167,0.00094257295
550,model_1,0.0434,0.045660138
551,model_1,0.1337,0.07902187
552,model_1,0.969,0.9113952
553,model_1,0.2204,0.23038867
554,model_1,0.1229,0.2941572
555,model_1,-0.0462,-0.058767974
556,model_1,0.0578,0.096557766
557,model_1,0.3519,0.4179818
558,model_1,0.9655,0.9557066
559,model_1,-0.0981,-0.08645308
560,model_1,0.1246,0.03208211
561,model_1,0.7556,0.75312126
562,model_1,0.4195,0.47300974
563,model_1,-0.0871,-0.19507179
564,model_1,0.2512,0.31600583
565,model_1,0.1583,0.034276694
566,model_1,0.3908,0.43173093
567,model_1,0.2208,0.23665784
568,model_1,0.0368,0.027342886
569,model_1,0.3757,0.3492935
570,model_1,0.0815,0.08119559
571,model_1,0.1276,0.06538662
572,model_1,0.3034,0.2969097
573,model_1,0.6166,0.54753894
574,model_1,0.0655,0.066258416
575,model_1,0.0029,0.025035694
576,model_1,0.4797,0.47316766
577,model_1,0.2118,0.121927574
578,model_1,0.1921,0.21238758
579,model_1,0.332,0.26524737
580,model_1,0.4133,0.3686703
581,model_1,0.7797,0.72170883
582,model_1,0.1041,0.1125862
583,model_1,0.2709,0.36120898
584,model_1,-0.0555,-0.073207796
585,model_1,0.1385,0.036707282
586,model_1,0.0562,0.020224959
587,model_1,0.2844,0.30058035
588,model_1,0.2881,0.2557436
589,model_1,0.1092,0.04774663
590,model_1,0.5503,0.57058597
591,model_1,0.2216,0.30057478
592,model_1,0.2046,0.105614156
593,model_1,0.406,0.3487826
594,model_1,0.7724,0.7320657
595,model_1,0.1091,0.13155311
596,model_1,0.6962,0.7320553
597,model_1,-0.0485,-0.0017944574
598,model_1,-0.0599,-0.008992195
599,model_1,-0.076,-0.06733
600,model_1,0.1179,0.098961726
601,model_1,0.5081,0.4945008
602,model_1,0.3315,0.3182872
603,model_1,0.2623,0.30808008
604,model_1,0.1938,0.25103948
605,model_1,0.314,0.37196526
606,model_1,-0.0801,-0.14832085
607,model_1,0.1009,0.1164642
608,model_1,0.3551,0.34593952
609,model_1,0.153,-0.0236952
610,model_1,0.2559,0.22763474
611,model_1,0.2024,0.19899312
612,model_1,0.03,-0.0012627542
613,model_1,0.2319,0.21137625
614,model_1,0.0034,-0.05462277
615,model_1,0.0206,0.044392556
616,model_1,0.1494,0.19794375
617,model_1,0.8532,0.8060672
618,model_1,-0.0564,0.005935669
619,model_1,-0.0499,-0.093991846
620,model_1,1.1149,1.2283348
621,model_1,-0.0019,0.026759386
622,model_1,0.3064,0.2780809
623,model_1,-0.0339,-0.025378436
624,model_1,0.3182,0.40292916
625,model_1,0.2744,0.26287863
626,model_1,0.4154,0.3891415
627,model_1,0.1947,0.22617953
628,model_1,0.0489,0.13069168
629,model_1,0.0224,0.05082214
630,model_1,0.0982,0.09582417
631,model_1,0.0544,0.059257776
632,model_1,0.2342,0.20446327
633,model_1,0.4862,0.56170374
634,model_1,0.3874,0.39163613
635,model_1,0.0772,0.07968517
636,model_1,0.0587,0.04012969
637,model_1,0.5955,0.5223144
638,model_1,0.1503,0.12035726
639,model_1,0.172,0.07247834
640,model_1,0.0931,0.095376015
641,model_1,0.2157,0.21743406
642,model_1,0.2849,0.3070359
643,model_1,0.4719,0.59780234
644,model_1,0.4176,0.25419497
645,model_1,0.4579,0.44276077
646,model_1,0.4159,0.4368353
647,model_1,0.8342,0.82701045
648,model_1,0.0905,0.18719363
649,model_1,0.6247,0.5879175
650,model_1,0.3393,0.31561965
651,model_1,0.6266,0.6042447
652,model_1,0.5577,0.51774865
653,model_1,0.2399,0.2620142
654,model_1,0.2094,0.23903176
655,model_1,0.1543,0.13536653
656,model_1,0.7775,0.7513162
657,model_1,0.2499,0.35837635
658,model_1,-0.0878,-0.12316215
659,model_1,0.4701,0.46343738
660,model_1,0.4016,0.19186002
661,model_1,0.0427,-0.008140564
662,model_1,-0.1047,-0.13321355
663,model_1,0.2577,0.2522103
664,model_1,0.4925,0.49817163
665,model_1,0.1066,0.13610023
666,model_1,0.3636,0.5100706
667,model_1,-0.0344,0.29561293
668,model_1,0.1362,0.24938835
669,model_1,0.2301,0.28955117
670,model_1,0.7444,0.77481824
671,model_1,0.2985,0.2864557
672,model_1,0.5036,0.6234374
673,model_1,-0.0446,-0.06482047
674,model_1,0.2211,0.19960041
675,model_1,0.2122,0.21051933
676,model_1,0.3038,0.33345628
677,model_1,0.2825,0.25512347
678,model_1,0.169,0.13073897
679,model_1,0.3098,0.39580873
680,model_1,0.1704,0.15562028
681,model_1,0.2319,0.14390987
682,model_1,0.0874,0.06435825
683,model_1,0.4624,0.46891367
684,model_1,0.0298,0.009008467
685,model_1,0.1836,0.15548962
686,model_1,0.2052,0.19041723
687,model_1,0.3052,0.27613017
688,model_1,0.0353,0.04686749
689,model_1,0.3946,0.37086037
690,model_1,0.1838,0.1788249
691,model_1,-0.0284,0.0038582534
692,model_1,0.1889,0.25771978
693,model_1,0.2465,0.2264255
694,model_1,0.3971,0.4091168
695,model_1,-0.0124,-0.04228705
696,model_1,0.1483,0.04942867
697,model_1,0.3929,0.34885874
698,model_1,0.0385,0.018462807
699,model_1,0.7409,0.72389686
700,model_1,0.4319,0.33035553
701,model_1,0.3547,0.28896555
702,model_1,0.4181,0.32944527
703,model_1,0.0931,0.22193934
704,model_1,0.2301,0.39440927
705,model_1,0.5099,0.53676724
706,model_1,0.1069,0.20319225
707,model_1,0.1407,0.23630778
708,model_1,0.0037,-0.0016473681
709,model_1,0.4797,0.50821483
710,model_1,0.3761,0.2896399
711,model_1,0.2996,0.33374074
712,model_1,0.7375,0.72138053
713,model_1,0.0485,0.076723486
714,model_1,0.4683,0.46504548
715,model_1,0.3488,0.32981595
716,model_1,0.1223,0.097872466
717,model_1,0.0192,0.090292394
718,model_1,0.1933,0.16284905
719,model_1,0.2714,0.24962649
720,model_1,0.2649,0.33259827
721,model_1,0.0531,-0.03912404
722,model_1,0.6831,0.72082347
723,model_1,0.2859,0.17879745
724,model_1,0.6383,0.6889569
725,model_1,0.6986,0.7410566
726,model_1,0.1041,0.04467307
727,model_1,0.8284,0.9224844
728,model_1,0.2697,0.26499182
729,model_1,-0.0009,-0.06532377
730,model_1,0.6451,0.57838506
731,model_1,0.284,0.37410405
732,model_1,0.128,0.12967616
733,model_1,0.2157,0.13282478
734,model_1,0.0139,0.013596803
735,model_1,-0.0144,0.06263475
736,model_1,0.3147,0.28483963
737,model_1,0.4315,0.29019135
738,model_1,0.2161,0.2910333
739,model_1,0.3573,0.2899138
740,model_1,0.796,0.8636553
741,model_1,0.2933,0.39740777
742,model_1,-0.0881,-0.10237861
743,model_1,0.1768,0.07275961
744,model_1,0.7058,0.66969955
745,model_1,0.2011,0.16970715
746,model_1,-0.0115,0.08406618
747,model_1,0.2119,0.3095192
748,model_1,0.4586,0.4206294
749,model_1,0.0233,-0.0015636384
750,model_1,0.0122,0.0069537014
751,model_1,0.0983,0.119978905
752,model_1,0.2722,0.39752337
753,model_1,0.2299,0.16603872
754,model_1,0.4251,0.38937616
755,model_1,0.0889,0.1665061
756,model_1,0.5073,0.46349308
757,model_1,-0.046,-0.04089892
758,model_1,0.1097,0.17081374
759,model_1,0.2813,0.31450674
760,model_1,0.0009,-0.007028103
761,model_1,0.42,0.3368796
762,model_1,0.1115,0.080100864
763,model_1,0.0718,0.05458966
764,model_1,0.354,0.2824157
765,model_1,0.0613,0.08868265
766,model_1,0.2332,0.20580813
767,model_1,0.1617,0.10064362
768,model_1,0.1241,-0.0048909336
769,model_1,0.2725,0.32839996
770,model_1,-0.0938,-0.07394719
771,model_1,0.1787,0.23704945
772,model_1,0.0769,0.11938078
773,model_1,0.6247,0.56797934
774,model_1,0.6025,0.58473814
775,model_1,0.2224,0.23459299
776,model_1,0.221,0.21762224
777,model_1,-0.0957,-0.07131851
778,model_1,0.6228,0.6220876
779,model_1,0.1402,0.2138049
780,model_1,0.0785,0.06437826
781,model_1,0.4649,0.4150746
782,model_1,0.0534,0.067017764
783,model_1,0.0432,0.013704255
784,model_1,0.0857,0.10515143
785,model_1,0.1494,0.05227816
786,model_1,0.1702,0.13712129
787,model_1,0.0555,0.10330926
788,model_1,0.5607,0.5663265
789,model_1,0.2211,0.17115922
790,model_1,0.1829,0.24904835
791,model_1,0.0828,0.04379949
792,model_1,0.1185,0.1526413
793,model_1,0.4689,0.42843112
794,model_1,-0.0693,0.002129227
795,model_1,0.2431,0.24582493
796,model_1,0.33,0.3423091
797,model_1,0.24,0.301516
798,model_1,0.4048,0.44574833
799,model_1,0.2911,0.31645876
800,model_1,0.3472,0.307949
801,model_1,0.5212,0.50242
802,model_1,-0.1166,-0.09606755
803,model_1,0.4418,0.33870935
804,model_1,0.6453,0.64935815
805,model_1,1.0596,1.030837
806,model_1,0.0343,0.03188914
807,model_1,-0.0838,-0.08840793
808,model_1,0.5552,0.5055124
809,model_1,0.3621,0.3587615
810,model_1,0.4155,0.41399923
811,model_1,0.038,0.054170445
812,model_1,0.1143,0.08605704
813,model_1,0.2364,0.3582439
814,model_1,0.0131,-0.029367983
815,model_1,0.0897,0.048577994
816,model_1,-0.1081,0.03920485
817,model_1,-0.1038,-0.09393576
818,model_1,0.116,0.12534666
819,model_1,-0.0411,-0.016326666
820,model_1,0.466,0.37401474
821,model_1,0.2888,0.252223
822,model_1,-0.0303,-0.03298378
823,model_1,-0.0305,-0.031689197
824,model_1,0.2728,0.24985641
825,model_1,0.1741,0.23352005
826,model_1,0.0994,0.0884884
827,model_1,0.2165,0.36159053
828,model_1,0.007,0.017269626
829,model_1,0.0392,0.05057378
830,model_1,-0.1455,-0.13771847
831,model_1,0.0619,-0.012181699
832,model_1,0.0353,0.03848575
833,model_1,0.5533,0.6052404
834,model_1,-0.1663,-0.13665628
835,model_1,0.6809,0.7104197
836,model_1,0.2929,0.25693265
837,model_1,-0.0058,0.06815618
838,model_1,0.0898,0.16865423
839,model_1,0.145,0.036452457
840,model_1,0.2094,0.25303605
841,model_1,0.2704,0.16606832
842,model_1,0.1188,0.09129894
843,model_1,0.6314,0.6378937
844,model_1,0.1406,0.10790539
845,model_1,0.2022,0.23154792
846,model_1,0.7652,0.81135726
847,model_1,0.1621,0.33189848
848,model_1,0.2178,0.22394568
849,model_1,0.2726,0.33745682
850,model_1,0.2363,0.23251922
851,model_1,0.4139,0.41992858
852,model_1,0.1825,0.15919214
853,model_1,0.5016,0.4902209
854,model_1,0.6347,0.551175
855,model_1,0.7554,0.6839808
856,model_1,0.1027,0.11309266
857,model_1,-0.1094,-0.07614991
858,model_1,0.3547,0.4074168
859,model_1,0.1812,0.1568345
860,model_1,0.0262,-0.021434784
861,model_1,0.0849,0.10052121
862,model_1,0.1437,0.12129735
863,model_1,0.6159,0.571098
864,model_1,0.0411,0.057233453
865,model_1,0.2955,0.30162814
866,model_1,-0.1151,-0.13350159
867,model_1,-0.0708,-0.08719033
868,model_1,0.114,0.28040284
869,model_1,0.0524,0.03846301
870,model_1,0.5501,0.4872836
871,model_1,0.4371,0.39083815
872,model_1,0.317,0.31682503
873,model_1,0.0996,0.033862352
874,model_1,0.1167,0.02080132
875,model_1,0.1268,0.10962917
876,model_1,-0.0176,0.116838716
877,model_1,0.1506,0.18589061
878,model_1,0.3276,0.39215636
879,model_1,0.0706,0.0749556
880,model_1,0.1064,0.11993367
881,model_1,0.1381,0.12573203
882,model_1,0.131,0.0315544
883,model_1,0.4821,0.39221817
884,model_1,0.9283,0.9177017
885,model_1,0.1891,0.2067334
886,model_1,0.6693,0.6904254
887,model_1,0.2743,0.20797187
888,model_1,0.3777,0.30778027
889,model_1,0.2924,0.27408603
890,model_1,0.4658,0.448813
891,model_1,0.1288,0.13932888
892,model_1,0.2396,0.17464893
893,model_1,0.2653,0.29726037
894,model_1,0.5545,0.58599734
895,model_1,0.0018,0.067925215
896,model_1,0.6518,0.63094807
897,model_1,0.0395,0.062031627
898,model_1,0.0265,0.03446272
899,model_1,0.3094,0.26851624
900,model_1,-0.0164,0.3246961
901,model_1,-0.034,0.052677035
902,model_1,0.5405,0.48018044
903,model_1,0.2763,0.29842418
904,model_1,0.3355,0.32080954
905,model_1,0.0487,0.1219201
906,model_1,0.0896,0.13795963
907,model_1,0.1681,0.18161066
908,model_1,0.0166,0.04430908
909,model_1,-0.0155,0.102821484
910,model_1,0.2346,0.28423482
911,model_1,0.1132,0.05916214
912,model_1,0.1397,0.1605419
913,model_1,0.1894,0.16350321
914,model_1,0.3475,0.32355365
915,model_1,1.0591,1.0874729
916,model_1,0.4116,0.4668045
917,model_1,-0.1343,-0.16800585
918,model_1,0.439,0.4074204
919,model_1,0.3957,0.409464
920,model_1,0.1604,0.061044574
921,model_1,0.0968,0.05029854
922,model_1,0.0297,0.15802246
923,model_1,-0.0063,0.054051444
924,model_1,0.6647,0.5095665
925,model_1,0.0672,0.06592552
926,model_1,0.1363,0.15419365
927,model_1,0.1498,0.14516279
928,model_1,0.3098,0.31080377
929,model_1,0.2873,0.27014494
930,model_1,0.616,0.63507634
931,model_1,0.443,0.44003522
932,model_1,0.0946,0.053526178
933,model_1,0.5633,0.52674514
934,model_1,0.4075,0.43547893
935,model_1,0.2196,0.2475431
936,model_1,0.9663,0.97498286
937,model_1,0.2389,0.17067966
938,model_1,0.4569,0.46720707
939,model_1,-0.1852,-0.23079824
940,model_1,0.371,0.38144857
941,model_1,0.121,0.008653
942,model_1,0.0422,0.06387068
943,model_1,0.1244,0.15669021
944,model_1,0.1458,0.10288131
945,model_1,0.1452,0.1587314
946,model_1,0.844,0.78813994
947,model_1,0.7141,0.7895041
948,model_1,0.2651,0.19970855
949,model_1,0.2086,0.12000853
950,model_1,0.0579,0.11311963
951,model_1,0.8904,0.9579872
952,model_1,0.7091,0.7175972
953,model_1,0.2084,0.112241745
954,model_1,0.3998,0.45630044
955,model_1,0.386,0.34367216
956,model_1,0.4518,0.43883753
957,model_1,0.1744,0.15384282
958,model_1,0.2014,0.19450867
959,model_1,0.2316,0.14000851
960,model_1,0.0691,0.042803258
961,model_1,0.1996,0.090697855
962,model_1,0.9073,0.8655231
963,model_1,-0.1141,-0.15630776
964,model_1,0.253,0.30916473
965,model_1,0.0579,0.10733348
966,model_1,0.1161,0.08600816
967,model_1,-0.0969,-0.052297503
968,model_1,0.1143,0.1582121
969,model_1,0.1262,0.053235397
970,model_1,-0.0383,0.012066036
971,model_1,0.1223,0.11227146
972,model_1,0.298,0.29029292
973,model_1,0.0674,0.041365072
974,model_1,0.3549,0.45260906
975,model_1,-0.0195,0.1640116
976,model_1,0.0172,-0.048583657
977,model_1,0.4372,0.42928907
978,model_1,0.3388,0.36494178
979,model_1,-0.0483,-0.029371351
980,model_1,0.3049,0.17896584
981,model_1,0.1893,0.42891544
982,model_1,0.0767,0.110056475
983,model_1,0.4799,0.38820377
984,model_1,0.1223,0.1873861
985,model_1,0.1656,0.114770934
986,model_1,0.1588,0.23038399
987,model_1,0.266,0.31447425
988,model_1,-0.0093,-0.047632277
989,model_1,0.1792,0.2065451
990,model_1,0.3388,0.32084727
991,model_1,0.2381,0.22791366
992,model_1,0.1068,0.11100268
993,model_1,0.2227,0.18285266
994,model_1,0.0028,-0.036009133
995,model_1,0.7794,0.76104933
996,model_1,0.1259,0.0963307
997,model_1,0.5181,0.5541519
998,model_1,-0.155,-0.10613012
999,model_1,0.5012,0.48276508
1000,model_1,-0.082,-0.045232415
1001,model_1,0.4359,0.33304244
1002,model_1,0.0782,0.09037587
1003,model_1,0.3166,0.23578198
1004,model_1,0.0438,0.09844518
1005,model_1,0.0168,0.11589995
1006,model_1,0.1866,0.15088515
1007,model_1,0.7808,0.70794135
1008,model_1,0.0075,-0.01201725
1009,model_1,0.2561,0.22593285
1010,model_1,0.2236,0.17830765
1011,model_1,0.2032,0.20541757
1012,model_1,0.4011,0.3623132
1013,model_1,0.6913,0.65233546
1014,model_1,0.2652,0.39563856
1015,model_1,0.1145,0.05495739
1016,model_1,0.1038,0.18781683
1017,model_1,-0.0875,-0.08839911
1018,model_1,0.1116,0.13756168
1019,model_1,0.1014,0.019879043
1020,model_1,0.2098,0.12208332
1021,model_1,0.1581,0.11545763
1022,model_1,0.1712,0.18180525
1023,model_1,0.0893,0.03984824
1024,model_1,0.0047,-0.03894016
1025,model_1,0.4016,0.37809256
1026,model_1,0.4488,0.32573462
1027,model_1,0.0774,0.06622851
1028,model_1,0.2832,0.2846061
1029,model_1,0.173,0.20561834
1030,model_1,0.0761,-0.019221783
1031,model_1,0.2816,0.27439326
1032,model_1,0.0556,0.02402477
1033,model_1,0.8688,0.8894298
1034,model_1,0.1271,0.124359384
1035,model_1,0.4983,0.34532374
1036,model_1,0.372,0.41292766
1037,model_1,0.1145,0.110629454
1038,model_1,0.4987,0.5402472
1039,model_1,0.1133,0.16679934
1040,model_1,0.1513,0.19599062
1041,model_1,-0.0058,0.29351443
1042,model_1,0.3633,0.3638697
1043,model_1,0.2643,0.16962782
1044,model_1,0.3065,0.32247406
1045,model_1,-0.0597,-0.07388723
1046,model_1,0.4448,0.46191755
1047,model_1,0.0615,0.07731709
1048,model_1,0.3144,0.3215605
1049,model_1,-0.0334,-0.027589798
1050,model_1,0.1378,0.1478407
1051,model_1,0.2105,0.17676602
1052,model_1,0.0373,0.052569687
1053,model_1,-0.0061,-0.007274568
1054,model_1,0.4638,0.49480188
1055,model_1,0.6294,0.63700867
1056,model_1,0.2137,0.25391245
1057,model_1,0.249,0.15222545
1058,model_1,0.0932,0.15094817
1059,model_1,0.0339,0.03409627
1060,model_1,0.5246,0.5355589
1061,model_1,0.1461,0.10930228
1062,model_1,0.0516,0.3748301
1063,model_1,0.4704,0.47183466
1064,model_1,0.2172,0.16713223
1065,model_1,0.2744,0.35026103
1066,model_1,0.3777,0.3290179
1067,model_1,0.2621,0.24499549
1068,model_1,0.25,0.27891093
1069,model_1,0.811,0.80572027
1070,model_1,0.0445,0.08918616
1071,model_1,0.0928,0.11215781
1072,model_1,0.3761,0.47985527
1073,model_1,0.1505,0.12924914
1074,model_1,0.2054,-0.088961124
1075,model_1,0.0767,0.31597608
1076,model_1,0.0926,0.13338211
1077,model_1,0.6509,0.60294074
1078,model_1,0.3879,0.39194557
1079,model_1,0.2715,0.27334654
1080,model_1,-0.0178,0.020462543
1081,model_1,-0.0297,0.0676536
1082,model_1,0.4434,0.2946025
1083,model_1,0.6381,0.5247262
1084,model_1,0.266,0.14487603
1085,model_1,0.0539,0.05466929
1086,model_1,0.267,0.1962905
1087,model_1,0.387,0.36230707
1088,model_1,0.0643,0.038213372
1089,model_1,0.113,0.16289541
1090,model_1,0.1309,0.0798237
1091,model_1,0.3078,0.31171706
1092,model_1,0.4422,0.44922596
1093,model_1,0.5726,0.5056833
1094,model_1,0.1851,0.1774351
1095,model_1,0.2508,0.23184997
1096,model_1,0.7067,0.7351813
1097,model_1,0.377,0.44251937
1098,model_1,0.0665,0.07334271
1099,model_1,0.0864,0.11030814
1100,model_1,0.3752,0.32156882
1101,model_1,0.1174,0.2070331
1102,model_1,-0.0892,-0.03572777
1103,model_1,0.1482,0.0458
1104,model_1,0.3293,0.3179107
1105,model_1,0.3416,0.2717719
1106,model_1,0.7663,0.7512599
1107,model_1,0.1877,0.053601906
1108,model_1,-0.0216,0.004364386
1109,model_1,0.5266,0.5434598
1110,model_1,0.3317,0.30451033
1111,model_1,0.2592,0.2670563
1112,model_1,0.284,0.3391108
1113,model_1,0.0741,0.042390347
1114,model_1,0.4244,0.44558626
1115,model_1,0.4211,0.33610088
1116,model_1,0.1605,0.16874081
1117,model_1,0.1354,0.12401275
1118,model_1,0.2365,0.13180491
1119,model_1,0.0594,0.05650565
1120,model_1,0.1491,0.083146274
1121,model_1,0.0486,0.0018284172
1122,model_1,0.4665,0.49605405
1123,model_1,0.4216,0.28900668
1124,model_1,0.1512,0.25028777
1125,model_1,0.2881,0.1430102
1126,model_1,0.4316,0.6945323
1127,model_1,-0.026,-0.026529372
1128,model_1,0.164,0.07504341
1129,model_1,0.3508,0.35157526
1130,model_1,0.3872,0.43157145
1131,model_1,0.0432,0.03585151
1132,model_1,0.4527,0.3784448
1133,model_1,0.0721,0.0010357201
1134,model_1,0.3224,0.31745446
1135,model_1,0.1676,0.09892894
1136,model_1,0.7518,0.7781353
1137,model_1,0.7299,0.7555564
1138,model_1,0.0862,0.09336838
1139,model_1,0.2962,0.23067017
1140,model_1,0.1888,0.15977925
1141,model_1,0.3804,0.41641074
1142,model_1,0.3493,0.21043119
1143,model_1,-0.0889,-0.12699902
1144,model_1,0.1579,0.24075775
1145,model_1,0.3786,0.23177317
1146,model_1,0.5189,0.4737805
1147,model_1,0.6179,0.5783281
1148,model_1,0.0252,0.0594541
1149,model_1,0.1112,0.052775443
1150,model_1,0.139,0.10006909
1151,model_1,0.8558,0.8479012
1152,model_1,0.081,0.14265706
1153,model_1,0.3493,0.28623405
1154,model_1,0.8516,0.9229691
1155,model_1,0.0794,0.12125807
1156,model_1,0.1922,0.060040772
1157,model_1,0.275,0.19496018
1158,model_1,0.4077,0.41608348
1159,model_1,0.2581,0.2546485
1160,model_1,0.7871,0.6793099
1161,model_1,0.8143,0.80628854
1162,model_1,0.452,0.40052366
1163,model_1,0.2987,0.21689075
1164,model_1,0.6108,0.6390943
1165,model_1,0.1683,0.114460275
1166,model_1,0.1671,0.11739021
1167,model_1,0.2967,0.34881496
1168,model_1,0.2954,0.29591602
1169,model_1,0.3643,0.36293817
1170,model_1,0.2669,0.20866957
1171,model_1,0.0164,0.067770034
1172,model_1,0.5046,0.53201056
1173,model_1,0.2705,0.2504682
1174,model_1,0.3407,0.2935335
1175,model_1,0.1184,0.09752037
1176,model_1,0.4211,0.46143764
1177,model_1,0.4884,0.5061115
1178,model_1,0.0235,0.011670038
1179,model_1,0.1446,0.13137373
1180,model_1,0.331,0.3549365
1181,model_1,-0.0537,-0.03923765
1182,model_1,0.2296,0.4800334
1183,model_1,0.7096,0.65135217
1184,model_1,0.2244,0.4476595
1185,model_1,0.0437,0.08560422
1186,model_1,0.1183,0.14714833
1187,model_1,0.8615,0.7785374
1188,model_1,0.0187,0.03834808
1189,model_1,0.0837,0.09952712
1190,model_1,0.3883,0.39054513
1191,model_1,0.8648,0.88214266
1192,model_1,0.0502,0.19096342
1193,model_1,0.7576,0.6846998
1194,model_1,0.4708,0.46531728
1195,model_1,0.4046,0.4356436
1196,model_1,0.2957,0.31493533
1197,model_1,0.0517,0.05696018
1198,model_1,0.4288,0.40825707
1199,model_1,0.6246,0.67875993
1200,model_1,0.5726,0.5649697
1201,model_1,-0.0682,0.015298009
1202,model_1,0.128,0.07390165
1203,model_1,0.1531,0.16728596
1204,model_1,0.2597,0.39495018
1205,model_1,0.3983,0.39358836
1206,model_1,0.1204,0.10681841
1207,model_1,0.2511,0.2842168
1208,model_1,0.0046,0.03780523
1209,model_1,0.1621,0.17461234
1210,model_1,0.3951,0.3929683
1211,model_1,0.3392,0.33270326
1212,model_1,0.2839,0.019009352
1213,model_1,0.4702,0.32674795
1214,model_1,0.2057,0.23980011
1215,model_1,0.733,0.9310691
1216,model_1,0.0915,0.10085535
1217,model_1,0.4428,0.4613172
1218,model_1,0.0252,0.009155005
1219,model_1,-0.0284,0.029904574
1220,model_1,-0.1457,0.09800446
1221,model_1,0.9885,1.0379548
1222,model_1,0.1666,0.11425014
1223,model_1,0.3253,0.35428727
1224,model_1,0.2986,0.032209247
1225,model_1,0.3714,0.34402704
1226,model_1,0.1453,0.13759688
1227,model_1,0.0136,0.053441137
1228,model_1,0.2185,0.12998079
1229,model_1,0.2394,0.23506415
1230,model_1,0.5437,0.45970768
1231,model_1,0.1958,0.15716052
1232,model_1,0.9442,0.98936915
1233,model_1,0.207,0.17127295
1234,model_1,0.0225,-0.0016958117
1235,model_1,0.0066,0.026728064
1236,model_1,0.6326,0.5775373
1237,model_1,0.0028,-0.090220094
1238,model_1,0.7214,0.6748525
1239,model_1,0.1686,0.0834904
1240,model_1,0.0032,0.02729401
1241,model_1,0.1772,0.25877115
1242,model_1,0.5219,0.57859546
1243,model_1,0.4118,0.47681165
1244,model_1,-0.0206,-0.027974844
1245,model_1,0.2712,0.31359464
1246,model_1,0.1563,0.11521681
1247,model_1,0.1224,0.21967006
1248,model_1,0.0169,0.03595394
1249,model_1,0.2257,0.2735772
1250,model_1,0.5804,0.6163168
1251,model_1,0.0259,0.03270921
1252,model_1,1.0002,1.0083694
1253,model_1,0.2518,0.19871676
1254,model_1,-0.0857,-0.11880094
1255,model_1,0.4011,0.34782088
1256,model_1,0.1463,0.1418059
1257,model_1,-0.0271,-0.0951266
1258,model_1,0.3721,0.35910028
1259,model_1,0.2038,0.19631416
1260,model_1,0.2173,0.04587041
1261,model_1,0.0687,0.08948566
1262,model_1,0.4037,0.2911191
1263,model_1,0.2368,0.29083303
1264,model_1,0.1524,0.084229514
1265,model_1,0.3606,0.33305034
1266,model_1,0.4923,0.5064279
1267,model_1,0.2687,0.17202371
1268,model_1,0.4663,0.45911855
1269,model_1,0.0836,0.090400115
1270,model_1,0.1212,0.13736902
1271,model_1,0.363,0.2834952
1272,model_1,0.2771,0.37133807
1273,model_1,0.1134,0.072803676
1274,model_1,0.2849,0.2779863
1275,model_1,0.239,0.3388908
1276,model_1,0.1354,0.06412916
1277,model_1,0.7932,0.8638778
1278,model_1,0.2004,0.28660566
1279,model_1,0.0815,0.124133274
1280,model_1,-0.1216,-0.030328393
1281,model_1,0.3319,0.3302505
1282,model_1,0.4251,0.30050248
1283,model_1,0.1852,0.29036564
1284,model_1,0.3385,0.3094007
1285,model_1,0.1645,0.20672205
1286,model_1,0.485,0.496369
1287,model_1,0.3649,0.41855347
1288,model_1,0.0918,0.084551066
1289,model_1,0.4026,0.3896977
1290,model_1,-0.0156,-0.035720766
1291,model_1,0.3266,0.16995896
1292,model_1,0.121,0.15940724
1293,model_1,0.9379,0.90801406
1294,model_1,0.5696,0.56925267
1295,model_1,0.1513,0.08038148
1296,model_1,0.2901,0.25440595
1297,model_1,-0.0379,-0.0020686984
1298,model_1,0.4771,0.29465336
1299,model_1,0.2526,0.26268765
1300,model_1,0.051,-0.0074092895
1301,model_1,0.3097,0.32083052
1302,model_1,0.1041,0.07542816
1303,model_1,0.4887,0.45930323
1304,model_1,0.2168,0.16639063
1305,model_1,0.1689,0.14763029
1306,model_1,0.2043,0.21148342
1307,model_1,-0.0244,0.011111155
1308,model_1,0.8821,0.8513155
1309,model_1,0.1,0.05875857
1310,model_1,0.0855,0.037648022
1311,model_1,0.894,0.89686847
1312,model_1,0.2926,0.23288867
1313,model_1,0.202,0.31396997
1314,model_1,0.2287,0.30234838
1315,model_1,0.2719,0.35092068
1316,model_1,0.296,0.23973031
1317,model_1,0.1188,0.13654375
1318,model_1,-0.076,-0.11260152
1319,model_1,0.1009,0.088309854
1320,model_1,0.1446,0.25375035
1321,model_1,0.659,0.626907
1322,model_1,0.6385,0.6069175
1323,model_1,0.127,0.20766994
1324,model_1,0.4269,0.41743845
1325,model_1,0.2321,0.09846152
1326,model_1,0.1289,0.11007172
1327,model_1,0.0382,0.004374832
1328,model_1,0.3862,0.20770754
1329,model_1,0.1085,0.06366581
1330,model_1,0.3612,0.37002966
1331,model_1,-0.0885,-0.09352559
1332,model_1,0.2871,0.23193847
1333,model_1,0.0419,0.030152783
1334,model_1,0.5384,0.4543251
1335,model_1,0.3856,1.0203735
1336,model_1,0.1902,0.12698422
1337,model_1,0.1022,0.033200204
1338,model_1,0.7441,0.6978382
1339,model_1,0.0705,0.031813964
1340,model_1,0.6007,0.5939151
1341,model_1,0.1348,0.08793181
1342,model_1,0.1103,0.12123286
1343,model_1,0.7021,0.706847
1344,model_1,0.074,0.054529756
1345,model_1,0.0788,0.06081593
1346,model_1,-0.1229,0.00059226155
1347,model_1,0.0484,0.07767981
1348,model_1,0.8553,0.97639954
1349,model_1,0.4497,0.4695542
1350,model_1,0.5083,0.5562566
1351,model_1,0.1052,-0.013032615
1352,model_1,0.4082,0.38933676
1353,model_1,0.9611,0.9902144
1354,model_1,0.28,0.27110025
1355,model_1,0.4931,0.45423388
1356,model_1,0.0609,0.051741153
1357,model_1,0.128,0.1453102
1358,model_1,0.0474,0.1323518
1359,model_1,0.712,0.6988381
1360,model_1,0.1954,0.18111588
1361,model_1,0.4323,0.3956873
1362,model_1,0.2065,0.2563133
1363,model_1,0.7595,0.75307775
1364,model_1,0.2318,0.27027944
1365,model_1,0.0774,0.080477595
1366,model_1,0.1822,0.1467954
1367,model_1,0.5433,0.51082
1368,model_1,0.0952,0.098333806
1369,model_1,0.1016,0.17828059
1370,model_1,0.0262,0.041526735
1371,model_1,0.2433,0.12116235
1372,model_1,0.0483,0.006860137
1373,model_1,0.5242,0.3770683
1374,model_1,-0.1087,-0.059934735
1375,model_1,0.2239,0.36260796
1376,model_1,0.3461,0.3372154
1377,model_1,0.4016,0.3340298
1378,model_1,-0.0201,-0.0119223595
1379,model_1,0.045,0.050543666
1380,model_1,0.2294,0.24686776
1381,model_1,0.0726,0.09676701
1382,model_1,0.0807,0.061541855
1383,model_1,0.5967,0.61865413
1384,model_1,-0.0893,-0.0795638
1385,model_1,0.045,0.054255337
1386,model_1,0.5699,0.5437726
1387,model_1,0.0373,0.027890354
1388,model_1,0.0688,0.11038214
1389,model_1,0.2832,0.30112812
1390,model_1,0.8389,0.779081
1391,model_1,0.4384,0.4250083
1392,model_1,0.4822,0.5825378
1393,model_1,0.3306,0.3395239
1394,model_1,0.4004,0.41079378
1395,model_1,0.2589,0.24528158
1396,model_1,0.0812,0.12736195
1397,model_1,0.2753,0.359721
1398,model_1,0.109,0.004414171
1399,model_1,0.5434,0.52027154
1400,model_1,0.4242,0.49666938
1401,model_1,0.323,0.13471472
1402,model_1,0.016,0.040100455
1403,model_1,0.0412,0.06605202
1404,model_1,0.5476,0.5093961
1405,model_1,0.0174,0.050400585
1406,model_1,0.1614,0.1469957
1407,model_1,0.4072,0.38033584
1408,model_1,0.174,0.18074143
1409,model_1,0.3129,0.3095347
1410,model_1,0.6434,0.5902622
1411,model_1,0.353,0.41895008
1412,model_1,0.1901,0.16564572
1413,model_1,0.1591,0.142462
1414,model_1,-0.0801,-0.131432
1415,model_1,0.0749,0.0058921278
1416,model_1,0.3967,0.3584417
1417,model_1,0.5244,0.5293155
1418,model_1,0.0868,0.12013652
1419,model_1,0.2047,0.19400623
1420,model_1,0.4198,0.4313189
1421,model_1,0.192,0.20215268
1422,model_1,0.4675,0.3881402
1423,model_1,0.1132,0.16776143
1424,model_1,0.4264,0.41715202
1425,model_1,0.4949,0.5535153
1426,model_1,-0.0949,-0.081332505
1427,model_1,0.3015,0.34107056
1428,model_1,0.1283,0.086393595
1429,model_1,0.2633,0.26715043
1430,model_1,0.0581,0.08258733
1431,model_1,0.1345,0.17326236
1432,model_1,0.5338,0.57697827
1433,model_1,0.7718,0.7981189
1434,model_1,0.3358,0.25984532
1435,model_1,0.6037,0.59238327
1436,model_1,0.0834,0.10684836
1437,model_1,0.172,0.19412853
1438,model_1,0.5371,0.53284574
1439,model_1,0.355,0.36355937
1440,model_1,-0.2004,-0.15194309
1441,model_1,0.6343,0.56013346
1442,model_1,0.3031,0.2967522
1443,model_1,0.6922,0.7061637
1444,model_1,0.7961,0.87828517
1445,model_1,0.2935,0.299209
1446,model_1,-0.2648,-0.23681024
1447,model_1,0.1624,0.27136275
1448,model_1,0.0556,0.060360283
1449,model_1,-0.0297,-0.0044280887
1450,model_1,0.4203,0.44699162
1451,model_1,0.3153,0.2110986
1452,model_1,0.1,0.084275275
1453,model_1,0.3418,0.22129224
1454,model_1,0.1252,0.078024656
1455,model_1,0.2916,0.32209468
1456,model_1,0.1667,0.13040513
1457,model_1,0.4856,0.4305351
1458,model_1,0.0735,0.010324985
1459,model_1,0.1372,0.030445158
1460,model_1,0.023,-0.038449794
1461,model_1,0.1408,0.10743503
1462,model_1,0.2185,0.16189755
1463,model_1,0.498,0.5277924
1464,model_1,-0.0696,0.0053958893
1465,model_1,0.2467,0.26138207
1466,model_1,0.1299,0.03811045
1467,model_1,0.4576,0.370635
1468,model_1,0.0613,0.10061073
1469,model_1,0.3672,0.38885224
1470,model_1,0.1562,0.10675569
1471,model_1,0.1586,0.21256085
1472,model_1,0.3902,0.2612499
1473,model_1,0.2529,0.2130247
1474,model_1,0.1726,0.102378935
1475,model_1,0.1948,0.27698538
1476,model_1,0.0098,0.030671045
1477,model_1,0.7789,0.75763553
1478,model_1,0.648,0.6147832
1479,model_1,0.2284,0.19449729
1480,model_1,0.0087,0.08263609
1481,model_1,0.2845,0.24566388
1482,model_1,0.3304,0.3050543
1483,model_1,0.4893,0.4486829
1484,model_1,0.048,0.056311756
1485,model_1,0.6718,0.6776689
1486,model_1,0.1002,0.13394496
1487,model_1,0.1434,0.11677623
1488,model_1,0.1834,0.20909712
1489,model_1,0.1037,0.08302316
1490,model_1,-0.0082,0.062096834
1491,model_1,0.3348,0.22816922
1492,model_1,0.2168,0.36441213
1493,model_1,0.4355,0.4383736
1494,model_1,0.0145,-0.022861838
1495,model_1,0.4228,0.42396027
1496,model_1,0.2779,0.16514671
1497,model_1,0.2288,0.23916696
1498,model_1,0.0642,0.018581301
1499,model_1,0.2263,0.31071675
1500,model_1,0.7852,0.7449286
1501,model_1,0.3982,-0.13488787
1502,model_1,0.9495,1.0422857
1503,model_1,-0.0938,-0.07359797
1504,model_1,0.3349,0.3701412
1505,model_1,0.2672,0.21297769
1506,model_1,0.4324,0.42116454
1507,model_1,0.2398,0.17297404
1508,model_1,-0.1674,-0.04057154
1509,model_1,0.5187,0.508783
1510,model_1,0.1452,0.13091801
1511,model_1,0.2014,0.14113642
1512,model_1,-0.0286,-0.036805212
1513,model_1,0.1816,0.1795811
1514,model_1,0.0767,-0.0048726797
1515,model_1,0.2175,0.23675185
1516,model_1,0.132,0.09621625
1517,model_1,0.2706,0.17315508
1518,model_1,0.0277,0.022554323
1519,model_1,0.4534,0.37704602
1520,model_1,0.3538,0.4598673
1521,model_1,0.1621,0.13266924
1522,model_1,0.0063,0.042474374
1523,model_1,0.117,0.14024481
1524,model_1,-0.1019,-0.09177554
1525,model_1,0.2197,0.26861206
1526,model_1,-0.0081,-0.0013020784
1527,model_1,0.066,-0.009217843
1528,model_1,0.1397,0.13751283
1529,model_1,0.0073,-0.093215406
1530,model_1,0.2529,0.23161483
1531,model_1,0.434,0.4238268
1532,model_1,0.605,0.52995455
1533,model_1,-0.0574,-0.061257184
1534,model_1,0.0662,0.09890199
1535,model_1,0.3678,0.28870186
1536,model_1,0.1628,0.15232892
1537,model_1,0.0918,0.06186551
1538,model_1,0.0988,0.1479972
1539,model_1,0.6383,0.67762053
1540,model_1,0.2081,0.22580372
1541,model_1,0.4511,0.38683736
1542,model_1,0.1065,0.02401428
1543,model_1,0.34,0.3265381
1544,model_1,-0.0052,0.010028288
1545,model_1,0.0551,0.05377923
1546,model_1,0.164,0.2528557
1547,model_1,0.3621,0.37216568
1548,model_1,0.4879,0.5636785
1549,model_1,-0.1169,-0.10712308
1550,model_1,0.2803,0.21581906
1551,model_1,0.8699,0.8722038
1552,model_1,0.3602,0.34386808
1553,model_1,0.1378,0.12086923
1554,model_1,0.2207,0.25573662
1555,model_1,-0.0334,-0.085879564
1556,model_1,0.2138,0.17706484
1557,model_1,0.1619,0.13303578
1558,model_1,0.039,0.030784056
1559,model_1,0.2642,0.09814672
1560,model_1,0.3946,0.36454636
1561,model_1,0.0083,0.0014759004
1562,model_1,0.2892,0.32584485
1563,model_1,0.0761,0.04557085
1564,model_1,0.3018,0.13166282
1565,model_1,0.2253,0.1938524
1566,model_1,-0.0009,0.013433397
1567,model_1,-0.0714,-0.019637197
1568,model_1,0.1869,0.16784263
1569,model_1,0.0231,-0.008498728
1570,model_1,0.0105,0.0074397027
1571,model_1,0.4806,0.45735273
1572,model_1,-0.0421,0.19004995
1573,model_1,0.3995,0.38750046
1574,model_1,0.0902,0.09301303
1575,model_1,0.4672,0.5427441
1576,model_1,0.0382,0.09816623
1577,model_1,0.656,0.590605
1578,model_1,0.6017,0.5854072
1579,model_1,0.0696,0.08847472
1580,model_1,0.6041,0.67499167
1581,model_1,0.4106,0.42978418
1582,model_1,-0.013,0.01661101
1583,model_1,0.1931,0.12444302
1584,model_1,0.2395,0.17128411
1585,model_1,0.0829,0.05302468
1586,model_1,0.0043,0.061713904
1587,model_1,0.2099,0.23090455
1588,model_1,0.144,0.13407274
1589,model_1,0.4955,0.5119299
1590,model_1,0.4884,0.40590963
1591,model_1,0.0286,0.042887777
1592,model_1,-0.1019,-0.07713449
1593,model_1,0.8831,0.97940636
1594,model_1,0.4587,0.45801604
1595,model_1,0.5585,0.5361193
1596,model_1,0.0828,0.06254929
1597,model_1,0.1533,0.12272808
1598,model_1,0.401,0.43459976
1599,model_1,0.5687,0.52240455
1600,model_1,0.3737,0.37591267
1601,model_1,0.1339,0.15356761
1602,model_1,0.0519,0.070626944
1603,model_1,0.0746,0.03602341
1604,model_1,0.3242,0.33408588
1605,model_1,0.201,0.2776287
1606,model_1,0.2091,0.230696
1607,model_1,0.0201,0.05452645
1608,model_1,0.2523,0.26497236
1609,model_1,0.2701,0.16990703
1610,model_1,0.0578,0.0701696
1611,model_1,0.5242,0.18244956
1612,model_1,0.2849,0.21159744
1613,model_1,0.525,0.5061172
1614,model_1,0.0624,0.22350445
1615,model_1,-0.0258,-0.015914887
1616,model_1,0.0856,0.035593808
1617,model_1,0.3833,0.2264469
1618,model_1,0.4687,0.46736735
1619,model_1,0.4492,0.40006438
1620,model_1,0.8282,0.83678806
1621,model_1,0.1193,0.109054774
1622,model_1,0.0064,0.065635055
1623,model_1,0.3604,0.4025692
1624,model_1,0.008,-0.0034542382
1625,model_1,0.3353,0.3769306
1626,model_1,0.0042,0.0017932802
1627,model_1,0.1365,0.10447872
1628,model_1,0.3151,0.3413419
1629,model_1,0.1198,0.1467742
1630,model_1,0.5394,0.5677251
1631,model_1,0.2255,0.24787094
1632,model_1,0.3169,0.37768745
1633,model_1,0.5033,0.53133416
1634,model_1,0.9488,0.93640465
1635,model_1,0.4708,0.37742084
1636,model_1,0.7247,0.68485385
1637,model_1,0.2032,0.21463485
1638,model_1,0.438,0.5237336
1639,model_1,0.1759,0.23888743
1640,model_1,0.2296,0.29353568
1641,model_1,0.1175,0.1954977
1642,model_1,0.2992,0.38296053
1643,model_1,0.0234,0.009388134
1644,model_1,0.3993,0.36158618
1645,model_1,0.3803,0.3904795
1646,model_1,0.2357,0.27977496
1647,model_1,-0.0527,-0.0008341223
1648,model_1,-0.0915,2.6419759e-05
1649,model_1,0.5176,0.51032764
1650,model_1,0.1467,0.16118766
1651,model_1,-0.133,-0.17248374
1652,model_1,0.0511,0.017905086
1653,model_1,0.1258,0.14046703
1654,model_1,0.0692,0.05668366
1655,model_1,0.139,0.44430563
1656,model_1,0.1957,0.14940211
1657,model_1,0.0205,-0.026603162
1658,model_1,0.6028,0.7129482
1659,model_1,0.5247,0.5263863
1660,model_1,0.1614,0.17409205
1661,model_1,-0.0481,-0.103838146
1662,model_1,0.5875,0.5372554
1663,model_1,0.4738,0.434313
1664,model_1,0.8464,0.82326615
1665,model_1,0.6334,0.6120123
1666,model_1,0.3396,0.33785576
1667,model_1,0.3223,0.3476501
1668,model_1,0.6003,0.654089
1669,model_1,0.2804,0.13681082
1670,model_1,0.0225,0.06013009
1671,model_1,0.0531,-0.0038986057
1672,model_1,0.245,0.21610796
1673,model_1,0.4695,0.258875
1674,model_1,-0.0107,-0.06084451
1675,model_1,0.2829,0.35841164
1676,model_1,0.0489,0.132997
1677,model_1,-0.0258,-0.020424724
1678,model_1,0.8012,0.80027795
1679,model_1,0.0384,0.065620124
1680,model_1,0.2667,0.31761754
1681,model_1,0.1086,0.09570232
1682,model_1,0.3154,0.33690935
1683,model_1,0.214,0.2817822
1684,model_1,-0.037,0.0785844
1685,model_1,0.1524,0.17801243
1686,model_1,0.3186,0.346378
1687,model_1,0.0777,0.057062596
1688,model_1,0.5081,0.46110287
1689,model_1,0.6181,0.7037993
1690,model_1,0.0082,-0.018590331
1691,model_1,0.5186,0.5605852
1692,model_1,0.2533,0.21394148
1693,model_1,0.3952,0.36051983
1694,model_1,-0.1906,-0.191574
1695,model_1,0.3783,0.3646161
1696,model_1,0.2886,0.30851758
1697,model_1,0.0722,0.06121458
1698,model_1,0.1924,0.06900984
1699,model_1,0.3348,0.33958897
1700,model_1,0.2935,0.23264581
1701,model_1,0.1346,0.20260775
1702,model_1,0.6805,0.62642473
1703,model_1,0.1677,0.096799836
1704,model_1,0.2878,0.3191749
1705,model_1,-0.0727,-0.092966795
1706,model_1,0.4103,0.39213473
1707,model_1,0.0445,0.0582757
1708,model_1,0.1129,0.12782255
1709,model_1,0.3854,0.35869956
1710,model_1,0.4533,0.5163814
1711,model_1,0.1451,0.1434613
1712,model_1,0.3657,0.22309959
1713,model_1,0.8949,0.89209056
1714,model_1,0.0641,0.015926734
1715,model_1,-0.1158,-0.1443308
1716,model_1,0.0198,0.03563097
1717,model_1,0.2413,0.31747004
1718,model_1,0.3937,0.34780604
1719,model_1,0.05,0.11087124
1720,model_1,0.5014,0.4464039
1721,model_1,0.3544,0.3998958
1722,model_1,0.2476,0.1841684
1723,model_1,-0.0343,-0.012635171
1724,model_1,0.3808,0.3999467
1725,model_1,0.0194,0.034884512
1726,model_1,-0.0461,0.110689834
1727,model_1,0.0669,0.06670153
1728,model_1,0.1581,0.1796248
1729,model_1,0.2801,0.3033275
1730,model_1,0.0341,0.019941866
1731,model_1,-0.1354,-0.10199255
1732,model_1,0.132,0.11050819
1733,model_1,0.1124,0.17348543
1734,model_1,0.1666,0.19936453
1735,model_1,0.1271,0.16905177
1736,model_1,0.4308,0.4163295
1737,model_1,0.0201,0.009654328
1738,model_1,0.0281,0.011460394
1739,model_1,0.2822,0.2813263
1740,model_1,0.0986,0.07306346
1741,model_1,0.8733,0.916423
1742,model_1,0.0548,0.15939586
1743,model_1,0.1067,0.049962506
1744,model_1,0.3802,0.45433417
1745,model_1,0.3047,0.2756534
1746,model_1,0.6382,0.64766645
1747,model_1,0.3718,0.26998472
1748,model_1,0.3056,0.3030482
1749,model_1,0.2556,0.15845835
1750,model_1,0.5619,0.5911589
1751,model_1,0.0554,-0.011832416
1752,model_1,0.0526,0.22028604
1753,model_1,0.0515,0.09586924
1754,model_1,0.4371,0.42551348
1755,model_1,0.2883,0.45148978
1756,model_1,0.7762,0.7864097
1757,model_1,0.0073,0.08549219
1758,model_1,0.2442,0.24107161
1759,model_1,0.078,0.07794128
1760,model_1,0.169,0.1778236
1761,model_1,0.4511,0.5262302
1762,model_1,0.831,0.71711516
1763,model_1,0.4813,0.5341034
1764,model_1,0.0632,0.09116298
1765,model_1,0.0151,0.00853695
1766,model_1,0.0302,0.0028083026
1767,model_1,0.5441,0.52310437
1768,model_1,-0.1412,-0.16511667
1769,model_1,0.5619,0.49453166
1770,model_1,0.1997,0.16375569
1771,model_1,0.4214,0.40252626
1772,model_1,0.2085,0.15683264
1773,model_1,0.6903,0.5943934
1774,model_1,0.4486,0.51316464
1775,model_1,0.555,0.51584584
1776,model_1,0.1447,0.1337201
1777,model_1,0.6261,0.5632873
1778,model_1,0.0973,0.0793781
1779,model_1,0.2029,0.21178073
1780,model_1,0.7223,0.73200846
1781,model_1,0.9309,1.0333573
1782,model_1,0.1465,0.3287796
1783,model_1,0.0253,0.3423407
1784,model_1,0.6973,0.72509295
1785,model_1,0.0793,0.10118294
1786,model_1,0.1702,0.16380376
1787,model_1,0.188,0.3924471
1788,model_1,0.9724,0.9052755
1789,model_1,0.1568,0.16125229
1790,model_1,0.307,0.33227086
1791,model_1,0.0096,-0.056684554
1792,model_1,0.007,0.028703421
1793,model_1,0.1113,0.12930222
1794,model_1,-0.0937,-0.03727293
1795,model_1,0.2435,0.24823165
1796,model_1,-0.0739,0.021069005
1797,model_1,0.0121,-8.286536e-05
1798,model_1,0.0693,0.11490856
1799,model_1,0.3114,0.36866915
1800,model_1,0.2436,0.36398277
1801,model_1,0.0941,0.12359547
1802,model_1,0.0944,0.11583231
1803,model_1,0.3392,0.30382454
1804,model_1,0.4291,0.41059476
1805,model_1,0.2061,0.19647907
1806,model_1,0.2823,0.29277447
1807,model_1,0.6386,0.60858846
1808,model_1,0.4165,0.3768295
1809,model_1,0.4307,0.41871917
1810,model_1,0.0637,0.06570727
1811,model_1,0.5743,0.60235184
1812,model_1,0.2989,0.27128994
1813,model_1,-0.0153,-0.059768498
1814,model_1,0.1732,0.16933459
1815,model_1,0.3582,0.37625253
1816,model_1,0.2253,0.2742384
1817,model_1,0.329,0.3807058
1818,model_1,0.0924,0.13810942
1819,model_1,0.323,0.322656
1820,model_1,0.24,0.3573416
1821,model_1,-0.0496,-0.07265243
1822,model_1,0.1813,0.13012551
1823,model_1,0.3167,0.1575023
1824,model_1,-0.1995,0.071036875
1825,model_1,0.4691,0.4624095
1826,model_1,0.204,0.19942081
1827,model_1,0.0108,-0.11466119
1828,model_1,0.2334,0.18593621
1829,model_1,0.1063,0.082052335
1830,model_1,0.1541,0.44359797
1831,model_1,0.0982,0.10528432
1832,model_1,0.1991,0.23271942
1833,model_1,0.21,0.20615001
1834,model_1,0.3,0.34070015
1835,model_1,0.1882,0.20481002
1836,model_1,0.2656,0.33334312
1837,model_1,0.0093,-0.042606175
1838,model_1,0.128,0.12605804
1839,model_1,0.0912,0.09390372
1840,model_1,0.2234,0.2839011
1841,model_1,0.2809,0.24111037
1842,model_1,0.2623,0.32398406
1843,model_1,0.1523,0.14722149
1844,model_1,-0.0061,0.20707354
1845,model_1,0.1342,0.108275175
1846,model_1,0.1935,0.30768725
1847,model_1,0.2143,0.20966698
1848,model_1,0.5605,0.590878
1849,model_1,0.7351,0.7089555
1850,model_1,0.2722,0.22985071
1851,model_1,0.0339,0.070735365
1852,model_1,-0.0714,-0.090889275
1853,model_1,0.1998,0.12972018
1854,model_1,0.1146,0.07689893
1855,model_1,0.1568,0.12270138
1856,model_1,0.3448,0.37460166
1857,model_1,-0.1529,-0.16771764
1858,model_1,0.1486,0.1574001
1859,model_1,0.3611,0.39339685
1860,model_1,0.0948,0.06832631
1861,model_1,0.5173,0.4519378
1862,model_1,0.0495,0.09999013
1863,model_1,0.445,0.4009712
1864,model_1,0.3841,0.31551492
1865,model_1,0.4339,0.40199274
1866,model_1,0.1102,0.122575596
1867,model_1,0.5015,0.48396742
1868,model_1,0.4173,0.38042867
1869,model_1,-0.067,-0.054308236
1870,model_1,-0.0166,-0.003454268
1871,model_1,-0.0258,-0.057658046
1872,model_1,0.2449,0.40360656
1873,model_1,0.1174,0.19693871
1874,model_1,0.162,0.08153926
1875,model_1,0.2381,0.20142218
1876,model_1,0.2539,0.29945698
1877,model_1,0.0735,0.027741164
1878,model_1,0.9806,0.9574996
1879,model_1,0.4407,0.530797
1880,model_1,0.2269,0.2191301
1881,model_1,-0.0766,-0.07439718
1882,model_1,0.0796,0.15986672
1883,model_1,0.6003,0.52336967
1884,model_1,0.719,0.6462604
1885,model_1,0.6339,0.56228477
1886,model_1,0.0301,0.029304504
1887,model_1,0.0793,-0.0052966177
1888,model_1,0.1956,0.17510232
1889,model_1,0.8536,0.7223688
1890,model_1,0.165,0.21247365
1891,model_1,0.3517,0.28760192
1892,model_1,0.2038,0.15761644
1893,model_1,-0.0053,-0.024290413
1894,model_1,0.0542,0.03944853
1895,model_1,0.8258,0.83172107
1896,model_1,0.353,0.35323286
1897,model_1,0.1711,0.16677615
1898,model_1,0.4296,0.4573185
1899,model_1,0.2038,0.1805251
1900,model_1,0.3169,0.28746086
1901,model_1,0.3385,0.29103875
1902,model_1,0.0409,0.022680119
1903,model_1,0.0625,0.12826593
1904,model_1,0.7462,0.8436134
1905,model_1,0.0599,0.22671291
1906,model_1,0.1386,0.19504653
1907,model_1,0.0468,0.03926158
1908,model_1,0.0625,0.054584265
1909,model_1,0.2048,0.08852562
1910,model_1,0.6842,0.6497892
1911,model_1,0.0614,0.09377524
1912,model_1,0.6128,0.5575094
1913,model_1,0.1058,0.12007637
1914,model_1,0.9099,0.8731587
1915,model_1,0.2142,0.23058324
1916,model_1,0.0273,0.02225241
1917,model_1,0.4871,0.43784112
1918,model_1,-0.0276,0.058588192
1919,model_1,0.401,0.410926
1920,model_1,0.8835,0.88208133
1921,model_1,0.2694,0.27995273
1922,model_1,0.6094,0.6386141
1923,model_1,0.021,-0.008218318
1924,model_1,0.1737,0.21128687
1925,model_1,0.0308,-0.0036918372
1926,model_1,0.2844,0.39343455
1927,model_1,0.606,0.5515626
1928,model_1,0.0895,0.04610133
1929,model_1,0.1664,0.16519666
1930,model_1,0.6168,0.6660719
1931,model_1,0.0302,0.12650755
1932,model_1,0.0513,0.002652377
1933,model_1,0.0782,0.068517596
1934,model_1,0.0632,0.003225714
1935,model_1,0.2951,0.24394138
1936,model_1,0.7142,0.7072674
1937,model_1,0.3243,0.38618428
1938,model_1,0.7871,0.79734945
1939,model_1,0.8224,0.8452507
1940,model_1,0.6999,0.7008024
1941,model_1,0.1011,0.0375818
1942,model_1,0.3801,0.3400578
1943,model_1,0.4836,0.47621107
1944,model_1,0.3291,0.2590214
1945,model_1,0.5715,0.59940946
1946,model_1,0.4445,0.43578714
1947,model_1,0.1746,0.15977448
1948,model_1,0.0899,0.08296552
1949,model_1,0.0089,0.01145488
1950,model_1,0.0246,0.023009866
1951,model_1,0.1195,0.064474285
1952,model_1,0.1596,0.16511315
1953,model_1,0.2312,0.26597136
1954,model_1,0.2667,0.19889334
1955,model_1,0.0707,0.029017493
1956,model_1,0.1318,0.16470537
1957,model_1,0.1511,0.183828
1958,model_1,0.0559,0.025084853
1959,model_1,0.35,0.37301195
1960,model_1,0.1918,0.22724333
1961,model_1,0.0747,0.072788164
1962,model_1,0.3402,0.30244768
1963,model_1,0.3088,0.09111063
1964,model_1,0.5206,0.51200104
1965,model_1,0.1642,0.10537949
1966,model_1,0.2613,0.10459846
1967,model_1,0.5009,0.5091871
1968,model_1,0.0954,0.011436686
1969,model_1,0.1135,0.10894838
1970,model_1,0.2908,0.29026604
1971,model_1,-0.0937,0.0021009892
1972,model_1,0.0664,0.054363146
1973,model_1,0.2706,0.25343722
1974,model_1,0.2689,0.17850845
1975,model_1,0.4498,0.44182715
1976,model_1,0.3073,0.33529204
1977,model_1,0.1672,0.14880306
1978,model_1,0.0486,-0.0065954775
1979,model_1,-0.0287,-0.07779914
1980,model_1,0.2684,0.23338227
1981,model_1,0.1404,0.09682356
1982,model_1,0.4732,0.2868514
1983,model_1,0.2759,0.27742064
1984,model_1,0.4503,0.42795238
1985,model_1,0.1115,0.17192285
1986,model_1,-0.0236,0.060405895
1987,model_1,0.2721,0.23084106
1988,model_1,0.1952,0.18413123
1989,model_1,-0.0048,-0.032463968
1990,model_1,0.0365,0.09256345
1991,model_1,0.1785,0.1982717
1992,model_1,0.1792,0.19099632
1993,model_1,-0.0119,0.052014202
1994,model_1,0.2714,0.19065186
1995,model_1,0.4866,0.5421673
1996,model_1,0.0556,0.0639476
1997,model_1,-0.0301,0.035361588
1998,model_1,0.1028,0.083951205
1999,model_1,0.175,0.1428768
2000,model_1,0.2137,0.16342911
2001,model_1,0.3126,0.2570355
2002,model_1,0.0038,-0.02907437
2003,model_1,0.1805,0.15170974
2004,model_1,0.4573,0.47967204
2005,model_1,0.4347,0.17751098
2006,model_1,-0.0041,-0.016419262
2007,model_1,0.4414,0.4295919
2008,model_1,0.6146,0.64598286
2009,model_1,0.3626,0.39079404
2010,model_1,0.3797,0.33996445
2011,model_1,0.0649,0.090846285
2012,model_1,0.1213,0.1606506
2013,model_1,0.5278,0.5823846
2014,model_1,0.3688,0.40001965
2015,model_1,0.5026,0.45749447
2016,model_1,0.5161,0.55069596
2017,model_1,0.11,0.13918614
2018,model_1,0.0692,0.1249848
2019,model_1,0.0205,0.0694896
2020,model_1,0.4743,0.40132472
2021,model_1,0.0569,0.051325932
2022,model_1,0.2556,0.27063364
2023,model_1,0.1831,0.12776671
2024,model_1,-0.0558,-0.067724764
2025,model_1,0.241,0.21981224
2026,model_1,0.0528,0.12207647
2027,model_1,0.3011,0.18614174
2028,model_1,0.1446,0.15568373
2029,model_1,0.3441,0.3372931
2030,model_1,0.1989,0.2131589
2031,model_1,0.2735,0.17831495
2032,model_1,0.6811,0.69949985
2033,model_1,0.4909,0.5008115
2034,model_1,0.3854,0.3712748
2035,model_1,0.009,0.04248789
2036,model_1,0.0029,0.03314364
2037,model_1,0.6713,0.5716429
2038,model_1,0.6935,0.6967908
2039,model_1,0.0239,0.027614772
2040,model_1,0.0817,0.12866412
2041,model_1,0.1259,0.14589585
2042,model_1,0.1235,0.12330586
2043,model_1,0.3109,0.31740773
2044,model_1,0.1534,0.13523658
2045,model_1,0.0552,0.0145815015
2046,model_1,0.3115,0.30384526
2047,model_1,0.4089,0.4083981
2048,model_1,0.4448,0.4697046
2049,model_1,0.0684,0.12251762
2050,model_1,0.1937,0.1733631
2051,model_1,0.752,0.7800238
2052,model_1,0.0642,0.013943523
2053,model_1,0.1313,0.14688963
2054,model_1,-0.0088,0.0017560571
2055,model_1,0.4224,0.41507542
2056,model_1,0.0218,0.032906562
2057,model_1,0.2253,0.22295828
2058,model_1,0.2724,0.33684856
2059,model_1,0.0298,0.09063372
2060,model_1,0.3521,0.32847768
2061,model_1,0.6579,0.66709936
2062,model_1,0.6915,0.7247802
2063,model_1,0.2314,0.18790483
2064,model_1,0.5072,0.4399085
2065,model_1,0.0961,0.1195682
2066,model_1,0.4058,0.3932416
2067,model_1,0.7405,0.7369692
2068,model_1,0.5511,0.4703082
2069,model_1,0.4924,0.44797963
2070,model_1,0.0959,0.10260096
2071,model_1,0.1305,0.26700416
2072,model_1,0.2622,0.24092352
2073,model_1,0.2659,0.414963
2074,model_1,0.1033,0.110323995
2075,model_1,0.0842,0.008318514
2076,model_1,0.2871,0.43752322
2077,model_1,0.7466,0.7136674
2078,model_1,0.091,0.13407484
2079,model_1,0.083,0.0154212415
2080,model_1,0.3376,0.31185833
2081,model_1,0.1339,0.16683903
2082,model_1,0.6286,0.6183035
2083,model_1,0.2948,0.32995346
2084,model_1,0.4536,0.22601649
2085,model_1,0.1133,0.07914442
2086,model_1,0.3551,0.13186477
2087,model_1,0.0929,0.069171846
2088,model_1,0.4251,0.39206117
2089,model_1,0.2704,0.22937235
2090,model_1,0.2401,0.18266155
2091,model_1,0.665,0.6621628
2092,model_1,-0.0031,0.017792597
2093,model_1,0.7409,0.7054565
2094,model_1,-0.0025,0.03651738
2095,model_1,0.0433,0.08753273
2096,model_1,0.7209,0.6441672
2097,model_1,0.0943,0.061981767
2098,model_1,0.0329,0.05304435
2099,model_1,0.1474,0.10536526
2100,model_1,0.1706,0.18195805
2101,model_1,-0.0493,-0.0756132
2102,model_1,-0.0868,-0.039408475
2103,model_1,0.3644,0.10959223
2104,model_1,0.5647,0.5947211
2105,model_1,0.1776,0.08308533
2106,model_1,0.0648,0.04065655
2107,model_1,0.0696,0.040090308
2108,model_1,0.0711,0.10085915
2109,model_1,-0.0556,-0.050291
2110,model_1,0.2539,0.2819873
2111,model_1,0.4092,0.3583163
2112,model_1,0.1373,0.117341876
2113,model_1,0.1552,0.15012595
2114,model_1,0.3984,0.46276948
2115,model_1,0.3301,0.40221423
2116,model_1,0.3196,0.35540074
2117,model_1,0.4281,0.3871341
2118,model_1,0.771,0.71957105
2119,model_1,0.4661,0.45751208
2120,model_1,0.2645,0.30075952
2121,model_1,-0.0593,-0.052075803
2122,model_1,0.1294,0.14841965
2123,model_1,0.1354,0.21420094
2124,model_1,0.4814,0.37299573
2125,model_1,0.1428,0.08205202
2126,model_1,0.4471,0.36196145
2127,model_1,0.2941,0.3342343
2128,model_1,0.5149,0.48739767
2129,model_1,0.0519,0.052893132
2130,model_1,0.1621,0.18204007
2131,model_1,0.0542,0.044846922
2132,model_1,0.2082,0.1854501
2133,model_1,0.246,0.2176113
2134,model_1,0.0346,0.14341159
2135,model_1,0.283,0.33291444
2136,model_1,0.0914,0.091005296
2137,model_1,0.2275,0.28403136
2138,model_1,0.7836,0.80026317
2139,model_1,0.2079,0.23206155
2140,model_1,0.1466,0.1385267
2141,model_1,-0.1392,-0.07921654
2142,model_1,-0.0122,0.099616036
2143,model_1,0.2164,0.18099877
2144,model_1,0.1646,0.09753549
2145,model_1,0.0769,0.10767269
2146,model_1,0.8451,0.7589516
2147,model_1,0.2269,0.12865135
2148,model_1,0.0412,0.047970086
2149,model_1,0.0971,0.1385103
2150,model_1,0.0746,0.054282755
2151,model_1,0.1097,0.17237608
2152,model_1,0.2956,0.29559955
2153,model_1,0.1064,0.14405535
2154,model_1,0.3524,0.363739
2155,model_1,0.4511,0.46352488
2156,model_1,0.1325,0.09900203
2157,model_1,-0.0461,-0.026482582
2158,model_1,0.2438,0.33894858
2159,model_1,0.2596,0.20611766
2160,model_1,-0.0488,-0.009720311
2161,model_1,0.4558,0.36858597
2162,model_1,0.1508,0.22218871
2163,model_1,0.2979,0.3294568
2164,model_1,0.0906,0.06268844
2165,model_1,0.0853,-0.08065373
2166,model_1,0.4304,0.3998703
2167,model_1,0.2698,0.2981531
2168,model_1,0.1653,0.09129296
2169,model_1,0.3457,0.17214659
2170,model_1,0.4683,0.60969996
2171,model_1,0.1184,0.043632254
2172,model_1,0.2151,0.15651108
2173,model_1,0.1276,0.21671757
2174,model_1,-0.0285,-0.077496886
2175,model_1,0.1653,0.13865754
2176,model_1,0.8356,0.6609833
2177,model_1,0.2983,0.41731757
2178,model_1,0.5258,0.44396532
2179,model_1,0.1113,0.17050949
2180,model_1,0.8023,0.81668496
2181,model_1,0.1225,0.14716305
2182,model_1,-0.0278,-0.009139597
2183,model_1,0.011,0.03827414
2184,model_1,0.1858,0.16343993
2185,model_1,-0.0655,-0.04182917
2186,model_1,0.0168,0.037324786
2187,model_1,0.2855,0.25524423
2188,model_1,0.0363,0.06508803
2189,model_1,0.1185,0.09915678
2190,model_1,0.5853,0.4994849
2191,model_1,0.1985,0.087192476
2192,model_1,-0.0767,-0.07346204
2193,model_1,0.0865,0.102431834
2194,model_1,0.1367,0.15903738
2195,model_1,0.4171,0.27912933
2196,model_1,0.0302,0.021190196
2197,model_1,0.2236,0.13439496
2198,model_1,0.081,0.024544701
2199,model_1,-0.0656,-0.057988852
2200,model_1,0.0539,0.07840498
2201,model_1,-0.1132,-0.09660688
2202,model_1,-0.0558,-0.030690879
2203,model_1,0.1718,0.13075463
2204,model_1,0.3226,0.22577588
2205,model_1,0.4012,0.4188413
2206,model_1,0.1964,0.21788955
2207,model_1,0.5025,0.40707514
2208,model_1,0.1479,0.15221232
2209,model_1,0.2188,0.23927706
2210,model_1,0.7906,0.7229403
2211,model_1,-0.0018,0.04077792
2212,model_1,0.0094,0.029099941
2213,model_1,-0.0241,0.07409719
2214,model_1,0.133,0.16083457
2215,model_1,0.1703,0.05857472
2216,model_1,0.3239,0.42534524
2217,model_1,0.6986,0.6425366
2218,model_1,0.4268,0.3993055
2219,model_1,0.1748,0.2750549
2220,model_1,0.6091,0.603365
2221,model_1,0.2514,0.26809126
2222,model_1,0.1115,0.094068855
2223,model_1,0.0825,0.041928172
2224,model_1,0.1045,0.2360271
2225,model_1,0.0228,0.032803506
2226,model_1,0.2188,0.26082733
2227,model_1,0.488,0.17971548
2228,model_1,0.2498,0.1783221
2229,model_1,0.4969,0.51697016
2230,model_1,0.0161,-0.010404497
2231,model_1,0.2558,0.29831356
2232,model_1,0.0944,0.08769715
2233,model_1,0.1596,0.23723161
2234,model_1,0.0603,0.14932838
2235,model_1,0.427,0.43048728
2236,model_1,-0.0324,-0.0246827
2237,model_1,0.0983,0.16066161
2238,model_1,0.9195,0.92675847
2239,model_1,-0.0046,0.05717486
2240,model_1,0.4353,0.33731967
2241,model_1,0.4979,0.5171315
2242,model_1,0.2926,0.25688192
2243,model_1,0.3598,0.22104129
2244,model_1,0.5293,0.59988123
2245,model_1,0.6086,0.5148672
2246,model_1,0.1407,0.02995339
2247,model_1,0.2129,0.22402868
2248,model_1,-0.0813,-0.058580577
2249,model_1,-0.0861,-0.058141112
2250,model_1,0.3607,-0.11623776
2251,model_1,0.0736,0.040598094
2252,model_1,0.4956,0.44012594
2253,model_1,-0.0069,-0.011431307
2254,model_1,-0.0042,0.037141502
2255,model_1,0.3008,0.30987227
2256,model_1,0.5262,0.45811683
2257,model_1,0.5154,0.41885903
2258,model_1,0.5462,0.5347175
2259,model_1,0.2079,0.31355047
2260,model_1,0.1106,0.21533436
2261,model_1,0.4812,0.46417898
2262,model_1,0.306,0.37570387
2263,model_1,0.1829,-0.104118645
2264,model_1,0.4184,0.34143233
2265,model_1,0.0843,0.15223622
2266,model_1,0.2674,0.32494026
2267,model_1,0.3302,0.13065624
2268,model_1,0.0586,0.04542747
2269,model_1,0.5998,0.6066008
2270,model_1,0.145,0.24693215
2271,model_1,-0.1423,-0.14180571
2272,model_1,0.0996,0.09017791
2273,model_1,0.1298,0.14440784
2274,model_1,0.2488,0.21474078
2275,model_1,0.3637,0.3622837
2276,model_1,0.0805,0.18063149
2277,model_1,0.4003,0.46678066
2278,model_1,0.2231,0.2903467
2279,model_1,0.1833,0.1862087
2280,model_1,-0.0799,-0.1216878
2281,model_1,-0.1773,-0.20790482
2282,model_1,0.6467,0.616953
2283,model_1,0.0156,-0.0131576955
2284,model_1,0.6895,0.5833892
2285,model_1,0.3761,0.20968145
2286,model_1,0.5106,0.33602256
2287,model_1,0.0337,0.03527409
2288,model_1,-0.0027,-0.0406141
2289,model_1,0.346,0.3973285
2290,model_1,0.2623,0.34410596
2291,model_1,0.2178,0.18950804
2292,model_1,0.9141,0.76960933
2293,model_1,-0.0143,0.007186666
2294,model_1,0.4648,0.3585325
2295,model_1,0.095,0.20376948
2296,model_1,0.2232,0.24295224
2297,model_1,0.4625,0.27356207
2298,model_1,0.3511,0.35717884
2299,model_1,0.4746,0.46501678
2300,model_1,0.1545,0.009397641
2301,model_1,1.0283,1.0060254
2302,model_1,0.2753,0.26067135
2303,model_1,0.0433,0.054494202
2304,model_1,0.1429,0.09017308
2305,model_1,0.3277,0.24503976
2306,model_1,0.126,0.23011227
2307,model_1,0.8278,0.76540935
2308,model_1,-0.0626,-0.09651816
2309,model_1,0.2406,0.19174308
2310,model_1,0.1607,0.13314235
2311,model_1,0.2547,0.24385051
2312,model_1,0.2051,0.14612517
2313,model_1,0.1338,0.02235113
2314,model_1,0.3423,0.4037618
2315,model_1,0.1036,0.08091825
2316,model_1,0.0942,0.21222135
2317,model_1,0.3219,0.37216517
2318,model_1,0.0404,-0.014525771
2319,model_1,0.5314,0.5572021
2320,model_1,-0.0495,-0.052446693
2321,model_1,0.2012,0.18210517
2322,model_1,0.0395,0.01422745
2323,model_1,-0.0871,-0.18621206
2324,model_1,0.3962,0.3776135
2325,model_1,0.0128,0.05946289
2326,model_1,0.6109,0.55465174
2327,model_1,-0.0456,-0.09110898
2328,model_1,0.191,0.24204901
2329,model_1,0.0226,-0.044573426
2330,model_1,0.1018,0.07164639
2331,model_1,0.0441,0.11909051
2332,model_1,0.3571,0.37188807
2333,model_1,0.1164,0.12429493
2334,model_1,0.3579,0.30870053
2335,model_1,0.3431,0.36411592
2336,model_1,0.0919,0.009056985
2337,model_1,0.0966,0.10091159
2338,model_1,0.0786,0.17248793
2339,model_1,0.2287,0.27520633
2340,model_1,-0.0612,-0.09090686
2341,model_1,0.7831,0.78747606
2342,model_1,0.0844,0.07708216
2343,model_1,0.0551,0.0791278
2344,model_1,0.2589,0.28231007
2345,model_1,0.3022,0.24260095
2346,model_1,0.0914,0.097822055
2347,model_1,0.2766,0.28473887
2348,model_1,0.2123,0.2421893
2349,model_1,0.0611,0.0950702
2350,model_1,0.1277,0.11610301
2351,model_1,0.3579,0.34354138
2352,model_1,0.5922,0.6427349
2353,model_1,0.4146,0.38132784
2354,model_1,0.1249,0.22379681
2355,model_1,0.225,0.014824301
2356,model_1,0.1307,0.13783571
2357,model_1,0.2502,0.36008483
2358,model_1,0.0479,0.053799868
2359,model_1,0.0683,0.07958546
2360,model_1,0.1091,0.23186326
2361,model_1,0.0273,0.04212223
2362,model_1,0.3553,0.40203825
2363,model_1,-0.0426,-0.030017525
2364,model_1,0.0502,-0.080204844
2365,model_1,0.3118,0.23493744
2366,model_1,0.1987,0.4418091
2367,model_1,0.385,0.42743728
2368,model_1,-0.0992,-0.03134781
2369,model_1,0.4363,0.40703195
2370,model_1,-0.1531,-0.11669919
2371,model_1,0.1138,0.12021966
2372,model_1,0.3308,0.29706374
2373,model_1,0.3607,0.40092808
2374,model_1,0.2634,0.12439267
2375,model_1,0.1535,0.11917283
2376,model_1,0.0753,0.11024301
2377,model_1,0.5317,0.56442237
2378,model_1,0.1409,0.1685368
2379,model_1,0.0704,0.058624357
2380,model_1,0.2197,0.26599962
2381,model_1,0.922,0.9071974
2382,model_1,0.3426,0.18805271
2383,model_1,0.2733,0.07149172
2384,model_1,0.1191,0.20436737
2385,model_1,0.0177,0.08284213
2386,model_1,0.1661,0.30105767
2387,model_1,0.0241,0.03554824
2388,model_1,0.4024,0.40167767
2389,model_1,-0.043,-0.0031886399
2390,model_1,-0.0965,-0.047047496
2391,model_1,0.5143,0.45063192
2392,model_1,-0.0147,-0.012016863
2393,model_1,0.1855,0.22605439
2394,model_1,-0.1254,-0.15907776
2395,model_1,0.1937,0.16684204
2396,model_1,0.0672,0.088845044
2397,model_1,0.1045,0.11800571
2398,model_1,0.0468,0.1588887
2399,model_1,0.2008,0.1384379
2400,model_1,0.0697,0.052968994
2401,model_1,0.0472,0.04984641
2402,model_1,0.7333,0.7919322
2403,model_1,0.0066,0.05945559
2404,model_1,0.2445,0.2741873
2405,model_1,0.3397,0.35481542
2406,model_1,0.2334,0.24485552
2407,model_1,0.125,0.10085958
2408,model_1,0.3493,0.31402344
2409,model_1,0.0261,0.021897987
2410,model_1,0.2084,0.19544032
2411,model_1,0.414,0.3673882
2412,model_1,0.3211,0.29223216
2413,model_1,0.1561,0.17034642
2414,model_1,-0.0465,0.02203691
2415,model_1,-0.1737,-0.17078722
2416,model_1,0.7037,0.71010065
2417,model_1,-0.0949,-0.11609286
2418,model_1,0.0636,0.14876586
2419,model_1,-0.0622,-0.089395076
2420,model_1,0.0604,0.030942157
2421,model_1,0.2381,0.18157579
2422,model_1,-0.0401,0.17515615
2423,model_1,0.2792,0.21049795
2424,model_1,0.0646,0.071824655
2425,model_1,0.5045,0.47221735
2426,model_1,-0.1945,-0.11295536
2427,model_1,0.0937,0.1351794
2428,model_1,-0.1968,-0.160375
2429,model_1,-0.0879,0.062334433
2430,model_1,0.4961,0.4140204
2431,model_1,-0.0307,-0.065099835
2432,model_1,0.2957,0.29912674
2433,model_1,0.197,0.15288292
2434,model_1,0.4483,0.44388142
2435,model_1,0.1704,0.11582933
2436,model_1,0.1531,0.14288303
2437,model_1,0.0805,0.027567223
2438,model_1,0.2078,0.23260109
2439,model_1,0.0391,0.029415995
2440,model_1,0.0785,0.14286704
2441,model_1,0.1768,0.21218808
2442,model_1,0.086,0.030198336
2443,model_1,-0.178,-0.16500694
2444,model_1,0.0338,0.135691
2445,model_1,0.0736,0.09640439
2446,model_1,0.2707,0.2696725
2447,model_1,0.5197,0.54372764
2448,model_1,0.2642,0.39913285
2449,model_1,0.3548,0.35182124
2450,model_1,0.3396,0.33844736
2451,model_1,-0.048,0.072999045
2452,model_1,0.3061,0.21151927
2453,model_1,-0.0196,0.033189386
2454,model_1,0.5351,0.50721496
2455,model_1,0.1002,0.06323546
2456,model_1,-0.0815,-0.08819026
2457,model_1,0.0846,0.044920877
2458,model_1,0.2176,0.20615558
2459,model_1,0.6511,0.69315654
2460,model_1,-0.1873,-0.15371448
2461,model_1,0.2092,0.2175685
2462,model_1,-0.11,-0.110678434
2463,model_1,0.4118,0.43679082
2464,model_1,0.0125,0.13346423
2465,model_1,0.3009,0.1391468
2466,model_1,0.4287,0.4552024
2467,model_1,0.0551,0.070268184
2468,model_1,0.834,0.69643277
2469,model_1,-0.0629,-0.041738182
2470,model_1,-0.038,0.005020261
2471,model_1,0.4538,0.40756965
2472,model_1,0.1704,0.18278736
2473,model_1,0.4131,0.39327997
2474,model_1,0.2959,0.32228792
2475,model_1,0.0551,-0.019656628
2476,model_1,0.0596,0.08645125
2477,model_1,-0.1162,-0.09519297
2478,model_1,0.5159,0.52503526
2479,model_1,0.4329,0.43546405
2480,model_1,0.1717,0.05167295
2481,model_1,0.3216,0.17306267
2482,model_1,0.2397,0.15332252
2483,model_1,0.8918,0.9301924
2484,model_1,0.3256,0.2239656
2485,model_1,0.636,0.64250046
2486,model_1,0.2361,0.12406065
2487,model_1,0.267,0.24050154
2488,model_1,0.5361,0.4761061
2489,model_1,0.1518,0.16591242
2490,model_1,0.0232,0.035678297
2491,model_1,0.2436,0.2650981
2492,model_1,0.2046,0.18711907
2493,model_1,0.1929,0.19133331
2494,model_1,0.0415,0.013355404
2495,model_1,0.087,0.1329849
2496,model_1,-0.049,-0.010487676
2497,model_1,0.2735,0.27412084
2498,model_1,0.3099,0.27924258
2499,model_1,0.5557,0.46398696
2500,model_1,-0.0168,-0.063518286
2501,model_1,0.1962,0.16388726
2502,model_1,0.128,0.1544629
2503,model_1,0.5142,0.4716603
2504,model_1,0.0515,0.09698418
2505,model_1,0.1594,0.4822197
2506,model_1,0.2551,0.24372481
2507,model_1,0.2396,0.23361275
2508,model_1,0.3163,0.33614242
2509,model_1,0.2979,0.27569366
2510,model_1,0.2351,0.26474208
2511,model_1,0.2938,0.2810072
2512,model_1,0.4776,0.434134
2513,model_1,0.1903,0.15933006
2514,model_1,0.8565,0.85369414
2515,model_1,0.5138,0.5519836
2516,model_1,0.6757,0.57166743
2517,model_1,0.3403,0.36237025
2518,model_1,0.137,0.08156097
2519,model_1,0.1746,0.11608513
2520,model_1,0.1493,0.12380495
2521,model_1,-0.0492,-0.07875347
2522,model_1,0.4227,0.38069972
2523,model_1,0.4245,0.4629091
2524,model_1,0.6463,0.66069853
2525,model_1,0.1008,0.10955769
2526,model_1,0.4314,0.43595022
2527,model_1,0.4532,0.43828726
2528,model_1,0.291,0.3036934
2529,model_1,0.1376,0.09901683
2530,model_1,0.5847,0.51455
2531,model_1,0.4638,0.48501593
2532,model_1,0.1733,0.066009134
2533,model_1,0.3214,0.30184025
2534,model_1,-0.0151,0.03596136
2535,model_1,0.1374,0.16240382
2536,model_1,0.4054,0.3643344
2537,model_1,0.2734,0.24249707
2538,model_1,0.0193,0.17440549
2539,model_1,0.2894,0.2709214
2540,model_1,1.0078,0.9385495
2541,model_1,0.4983,0.4804438
2542,model_1,0.0486,0.02598086
2543,model_1,0.2746,0.23298578
2544,model_1,0.1106,0.067460254
2545,model_1,0.0978,0.107340366
2546,model_1,0.0907,0.10859883
2547,model_1,0.8122,0.8322029
2548,model_1,-0.023,-0.016438812
2549,model_1,0.0733,0.02195242
2550,model_1,0.5258,0.5133614
2551,model_1,0.1525,0.16384
2552,model_1,0.768,0.7981285
2553,model_1,0.0506,0.032309204
2554,model_1,0.313,0.30753955
2555,model_1,0.1369,0.18471166
2556,model_1,0.3134,0.33555526
2557,model_1,0.2892,0.39227837
2558,model_1,0.2155,0.37358987
2559,model_1,0.1167,0.11132844
2560,model_1,0.1557,0.15838656
2561,model_1,-0.0525,-0.079847485
2562,model_1,0.1108,0.12351443
2563,model_1,0.3512,0.3614639
2564,model_1,0.7159,0.8104663
2565,model_1,0.0628,0.04876986
2566,model_1,0.8403,0.87424636
2567,model_1,0.3443,0.36319813
2568,model_1,0.1947,0.14239761
2569,model_1,0.1618,0.32907727
2570,model_1,0.0141,0.017326266
2571,model_1,0.5061,0.5351181
2572,model_1,0.3179,0.3309992
2573,model_1,0.2998,0.16295198
2574,model_1,0.4863,0.5270469
2575,model_1,0.1439,0.3053573
2576,model_1,0.4728,0.42401677
2577,model_1,0.116,0.19486043
2578,model_1,0.381,0.36996862
2579,model_1,-0.1074,-0.058112502
2580,model_1,0.1181,0.22594751
2581,model_1,0.477,0.44694847
2582,model_1,0.5098,0.45631686
2583,model_1,0.3188,-0.020792454
2584,model_1,0.5059,0.29560927
2585,model_1,0.0844,-0.010654688
2586,model_1,0.1045,0.12150222
2587,model_1,0.1494,0.09540312
2588,model_1,0.0213,0.23991776
2589,model_1,0.2679,0.2886332
2590,model_1,0.1921,0.10886538
2591,model_1,0.4574,0.44990808
2592,model_1,0.0495,0.061059475
2593,model_1,-0.199,-0.2166062
2594,model_1,0.2485,0.3265219
2595,model_1,0.1158,0.260095
2596,model_1,0.2572,0.18439676
2597,model_1,-0.0152,0.01657024
2598,model_1,0.6111,0.6434164
2599,model_1,0.2669,0.23285612
2600,model_1,0.1268,0.10642448
2601,model_1,0.3886,0.16227438
2602,model_1,0.187,0.16442794
2603,model_1,-0.0063,-0.048077643
2604,model_1,0.1124,0.17947786
2605,model_1,0.5441,0.4411778
2606,model_1,0.1208,0.19795644
2607,model_1,0.0166,0.13850209
2608,model_1,0.1085,0.042131037
2609,model_1,0.1971,0.15406157
2610,model_1,0.1604,0.15197709
2611,model_1,0.2465,0.2437795
2612,model_1,0.012,0.20492798
2613,model_1,0.4643,0.404406
2614,model_1,0.22,0.21250728
2615,model_1,0.4975,0.50301945
2616,model_1,0.1846,0.06568575
2617,model_1,0.4857,0.4834953
2618,model_1,0.0707,0.11442214
2619,model_1,0.1119,0.015615791
2620,model_1,0.2441,0.29266587
2621,model_1,0.144,0.122397386
2622,model_1,0.4107,0.4105124
2623,model_1,0.5787,0.37103266
2624,model_1,0.1498,0.14950271
2625,model_1,0.0684,0.09537487
2626,model_1,0.173,0.12623295
2627,model_1,0.179,0.09775473
2628,model_1,-0.0701,0.0021373034
2629,model_1,0.1104,0.17650458
2630,model_1,0.2888,0.3115002
2631,model_1,-0.0609,-0.036838204
2632,model_1,0.1403,0.06892353
2633,model_1,-0.1751,-0.13897401
2634,model_1,0.7206,0.63994515
2635,model_1,0.6308,0.62520725
2636,model_1,0.4534,0.42531493
2637,model_1,0.4743,0.3932636
2638,model_1,0.152,0.14468904
2639,model_1,0.0171,-0.008807749
2640,model_1,0.711,0.7676592
2641,model_1,-0.0394,0.015848234
2642,model_1,0.301,0.24308956
2643,model_1,0.9379,0.92097175
2644,model_1,0.2645,0.28567344
2645,model_1,0.1274,0.11541171
2646,model_1,0.1756,0.17613468
2647,model_1,0.0605,0.049173385
2648,model_1,0.3481,0.35702926
2649,model_1,0.1336,0.14179623
2650,model_1,0.1011,0.07524966
2651,model_1,-0.008,-0.073072195
2652,model_1,0.0706,0.09070368
2653,model_1,0.1649,0.11553201
2654,model_1,0.1702,0.15265466
2655,model_1,0.4097,0.39268756
2656,model_1,-0.088,-0.0719192
2657,model_1,0.04,0.0013208985
2658,model_1,0.3692,0.386526
2659,model_1,0.1376,0.08928117
2660,model_1,0.4638,0.41027108
2661,model_1,0.5813,0.45483795
2662,model_1,0.2439,0.22886917
2663,model_1,0.4032,0.3497202
2664,model_1,0.2606,0.27782378
2665,model_1,0.0893,0.12841952
2666,model_1,-0.1402,-0.18286401
2667,model_1,0.2795,0.2710642
2668,model_1,0.4434,0.47113103
2669,model_1,0.2694,0.2751977
2670,model_1,0.362,0.3714822
2671,model_1,0.4093,0.43320218
2672,model_1,0.4058,0.20611599
2673,model_1,0.3144,0.26750308
2674,model_1,-0.004,-0.00091443956
2675,model_1,0.0647,0.038920075
2676,model_1,0.0591,0.04027036
2677,model_1,-0.0967,-0.09441355
2678,model_1,-0.0669,0.118936144
2679,model_1,0.0572,0.070058495
2680,model_1,0.0566,0.013578594
2681,model_1,0.1546,0.0861972
2682,model_1,0.4367,0.47823766
2683,model_1,0.0801,0.12159446
2684,model_1,-0.0431,-0.07279006
2685,model_1,0.2057,0.21096814
2686,model_1,0.0793,0.09640685
2687,model_1,0.2068,0.15341079
2688,model_1,0.4708,0.45897692
2689,model_1,0.0485,0.0077515393
2690,model_1,0.183,0.10298604
2691,model_1,0.0672,0.0906457
2692,model_1,0.0733,0.04161632
2693,model_1,0.1141,0.09898254
2694,model_1,0.295,0.30127847
2695,model_1,0.4157,0.37361985
2696,model_1,0.0603,0.0890111
2697,model_1,0.0512,0.15242381
2698,model_1,0.5054,0.4942421
2699,model_1,0.0788,0.06585966
2700,model_1,-0.1578,-0.13979399
2701,model_1,0.4295,0.28394622
2702,model_1,0.0835,0.08311112
2703,model_1,0.1894,0.11927644
2704,model_1,0.2404,0.25569022
2705,model_1,0.1741,0.15423165
2706,model_1,0.3223,0.42577964
2707,model_1,0.0523,0.16883868
2708,model_1,0.3088,0.2830599
2709,model_1,0.5778,0.5316551
2710,model_1,-0.0242,-0.0046680123
2711,model_1,0.1516,0.27603844
2712,model_1,0.3212,0.20889132
2713,model_1,0.081,0.08698958
2714,model_1,0.0695,0.065458
2715,model_1,0.1831,0.09492752
2716,model_1,0.5478,0.58250844
2717,model_1,1.1613,1.2257535
2718,model_1,-0.0134,-0.038286656
2719,model_1,0.4061,0.4185574
2720,model_1,0.2026,0.24211955
2721,model_1,-0.059,-0.050456554
2722,model_1,0.1121,0.07969771
2723,model_1,0.2821,0.38090867
2724,model_1,-0.1552,-0.16663927
2725,model_1,0.8197,0.8143993
2726,model_1,-0.0421,-0.025853574
2727,model_1,0.4188,0.45820844
2728,model_1,0.1104,0.15903357
2729,model_1,0.1979,0.2554631
2730,model_1,0.0696,0.12584269
2731,model_1,-0.113,-0.09451276
2732,model_1,0.4122,0.40565774
2733,model_1,0.0738,0.1601477
2734,model_1,-0.0634,-0.020115048
2735,model_1,0.3446,0.34939352
2736,model_1,0.365,0.3564307
2737,model_1,0.6248,0.5747881
2738,model_1,0.4825,0.53801674
2739,model_1,0.7402,0.7901827
2740,model_1,0.3751,0.40549132
2741,model_1,0.7701,0.77568656
2742,model_1,0.0874,0.07335445
2743,model_1,0.198,0.1662033
2744,model_1,-0.0457,-0.062155485
2745,model_1,0.3826,0.38216585
2746,model_1,-0.0204,0.041063517
2747,model_1,0.2721,0.2684163
2748,model_1,-0.1113,-0.107717276
2749,model_1,0.1288,0.11238092
2750,model_1,0.7548,0.75832057
2751,model_1,0.2201,0.18665737
2752,model_1,0.202,0.41095746
2753,model_1,0.4803,0.46751097
2754,model_1,0.0207,0.024587393
2755,model_1,0.255,0.08612046
2756,model_1,-0.1476,-0.16191745
2757,model_1,0.3636,0.36070752
2758,model_1,-0.2053,-0.22934145
2759,model_1,0.6387,0.65802425
2760,model_1,0.0142,0.004680857
2761,model_1,0.2466,0.33625504
2762,model_1,0.0913,0.035460025
2763,model_1,0.0021,-0.061014593
2764,model_1,0.5609,0.57922006
2765,model_1,-0.0314,-0.039052665
2766,model_1,0.533,0.51263094
2767,model_1,-0.0139,0.068157375
2768,model_1,0.3253,0.3429649
2769,model_1,0.0541,0.07269581
2770,model_1,-0.121,-0.1563665
2771,model_1,0.0941,0.052398592
2772,model_1,-0.0379,-0.05333239
2773,model_1,0.1564,0.08286399
2774,model_1,0.0291,0.038030088
2775,model_1,0.0497,0.08137888
2776,model_1,0.2115,0.23000035
2777,model_1,0.1558,0.09644845
2778,model_1,0.229,0.24061777
2779,model_1,0.4195,0.36188647
2780,model_1,0.1375,0.18445785
2781,model_1,0.1183,0.13788381
2782,model_1,0.2866,0.43194598
2783,model_1,0.072,0.031513304
2784,model_1,0.1293,0.12542064
2785,model_1,0.2,0.23714328
2786,model_1,0.9549,0.91440517
2787,model_1,0.1836,0.26540053
2788,model_1,-0.1808,-0.16276073
2789,model_1,0.5419,0.5057944
2790,model_1,0.7448,0.7155248
2791,model_1,0.9199,0.94372594
2792,model_1,0.2716,0.1686524
2793,model_1,0.129,0.16359355
2794,model_1,0.2663,0.30865872
2795,model_1,0.1831,0.048971236
2796,model_1,0.1104,0.12810163
2797,model_1,0.2008,0.15397927
2798,model_1,0.1213,0.112868756
2799,model_1,0.1551,0.1835277
2800,model_1,0.1768,0.20578855
2801,model_1,0.2214,0.19644067
2802,model_1,0.0654,0.091570556
2803,model_1,0.712,0.6926557
2804,model_1,-0.0287,-0.0076192915
2805,model_1,0.0894,0.16478199
2806,model_1,0.4599,0.44956902
2807,model_1,0.1651,0.20269606
2808,model_1,-0.0718,-0.18050507
2809,model_1,0.0238,-0.0028216392
2810,model_1,0.1011,0.05995734
2811,model_1,0.1144,0.15007801
2812,model_1,0.572,0.6074914
2813,model_1,0.4166,0.38579062
2814,model_1,0.3491,0.33552867
2815,model_1,0.0615,0.01491572
2816,model_1,0.1096,0.18172824
2817,model_1,0.2829,0.3021411
2818,model_1,0.0008,0.16932498
2819,model_1,0.1525,0.071584776
2820,model_1,0.4546,0.22345415
2821,model_1,0.1334,0.15222721
2822,model_1,0.2839,0.26690242
2823,model_1,0.1906,0.13580707
2824,model_1,0.213,0.2212763
2825,model_1,0.1827,0.18401918
2826,model_1,0.0978,0.071688
2827,model_1,0.4653,0.4875714
2828,model_1,0.2917,0.31563854
2829,model_1,0.11,0.10296515
2830,model_1,-0.0511,0.1426962
2831,model_1,0.0439,0.12193829
2832,model_1,0.5813,0.544461
2833,model_1,0.9559,0.8530154
2834,model_1,0.5317,0.5733057
2835,model_1,0.0793,0.16560338
2836,model_1,0.2812,0.24859974
2837,model_1,0.3936,0.44737443
2838,model_1,0.2717,0.64398384
2839,model_1,0.1414,0.0978964
2840,model_1,-0.0268,0.045630366
2841,model_1,0.2783,0.27954116
2842,model_1,0.0123,-0.029364765
2843,model_1,0.2159,0.30155918
2844,model_1,0.3469,0.22970289
2845,model_1,0.3581,0.2761146
2846,model_1,0.2815,0.19273676
2847,model_1,0.7182,0.67139804
2848,model_1,0.2981,0.077100456
2849,model_1,0.8081,0.79548806
2850,model_1,0.2227,0.21235695
2851,model_1,0.3392,0.3149538
2852,model_1,0.4283,0.420656
2853,model_1,0.1231,0.08155039
2854,model_1,-0.1411,-0.20516846
2855,model_1,0.0618,0.10024172
2856,model_1,-0.0746,-0.13171813
2857,model_1,0.2387,0.29088587
2858,model_1,0.1575,0.18785933
2859,model_1,-0.0002,-0.009324104
2860,model_1,-0.1061,-0.09944093
2861,model_1,0.0181,0.023422256
2862,model_1,0.0531,0.06486058
2863,model_1,0.0097,-0.015364945
2864,model_1,0.3695,0.3862852
2865,model_1,0.133,0.13371679
2866,model_1,0.1619,0.17236947
2867,model_1,0.0965,0.12397682
2868,model_1,0.1873,0.112318724
2869,model_1,0.0996,0.02298224
2870,model_1,0.2355,0.26671052
2871,model_1,0.6972,0.69583297
2872,model_1,0.6764,0.6877946
2873,model_1,0.162,0.094034806
2874,model_1,0.2932,0.3210056
2875,model_1,0.708,0.73226345
2876,model_1,0.0376,0.020890117
2877,model_1,0.5975,0.619526
2878,model_1,0.2726,0.41037935
2879,model_1,0.343,0.32207686
2880,model_1,-0.0864,-0.16002753
2881,model_1,0.1737,0.10053991
2882,model_1,0.0168,0.0913098
2883,model_1,0.7592,0.7910229
2884,model_1,0.069,0.023426414
2885,model_1,-0.0097,0.038618937
2886,model_1,0.1976,0.27276695
2887,model_1,0.0327,0.030245125
2888,model_1,0.2297,0.28213435
2889,model_1,-0.11,-0.12442148
2890,model_1,0.3816,0.33580458
2891,model_1,-0.0654,-0.042025268
2892,model_1,0.1343,0.08207816
2893,model_1,0.2299,0.31993508
2894,model_1,0.0747,0.06507103
2895,model_1,0.2501,0.2202272
2896,model_1,0.3993,0.40004563
2897,model_1,0.5603,0.6135135
2898,model_1,0.0661,0.061942905
2899,model_1,-0.0478,0.03691204
2900,model_1,-0.0151,0.05015415
2901,model_1,-0.0039,0.078725874
2902,model_1,0.0683,-0.0170815
2903,model_1,0.317,0.2885774
2904,model_1,-0.0525,-0.048520148
2905,model_1,0.0731,0.11770241
2906,model_1,0.1575,0.22286959
2907,model_1,0.1224,0.16479757
2908,model_1,0.6519,0.67299616
2909,model_1,0.2109,0.22158039
2910,model_1,0.2305,0.21363398
2911,model_1,0.4973,0.5493897
2912,model_1,0.0522,0.09630208
2913,model_1,0.1025,0.07386586
2914,model_1,0.494,0.4556288
2915,model_1,0.3771,0.29813635
2916,model_1,0.0532,0.005877003
2917,model_1,-0.0039,0.04451014
2918,model_1,-0.0468,-0.06612554
2919,model_1,0.3474,0.30629444
2920,model_1,0.3348,0.36410022
2921,model_1,0.096,0.10712238
2922,model_1,0.2047,0.2445798
2923,model_1,0.1487,0.14416869
2924,model_1,0.3968,0.38114637
2925,model_1,0.1393,0.07921298
2926,model_1,0.0373,0.03054908
2927,model_1,0.0595,0.04220338
2928,model_1,0.1507,0.2034994
2929,model_1,0.3371,0.39831072
2930,model_1,0.0646,0.05128616
2931,model_1,0.2739,0.32857013
2932,model_1,0.1617,0.16016927
2933,model_1,0.0773,0.12226269
2934,model_1,0.5016,0.40474525
2935,model_1,0.7514,0.6991811
2936,model_1,0.3941,0.55971646
2937,model_1,0.0639,-0.044057965
2938,model_1,0.1032,0.14955138
2939,model_1,0.034,0.0105781555
2940,model_1,0.4648,0.48910385
2941,model_1,0.1292,0.08340329
2942,model_1,0.0748,0.055484697
2943,model_1,0.5571,0.43528342
2944,model_1,0.3841,0.33412573
2945,model_1,0.7342,0.8085216
2946,model_1,0.2777,0.25631702
2947,model_1,0.1518,0.20658183
2948,model_1,0.2754,0.31269038
2949,model_1,0.351,0.29795796
2950,model_1,0.1627,0.23251347
2951,model_1,0.0476,0.16713297
2952,model_1,0.1803,0.10122338
2953,model_1,0.001,-0.10091868
2954,model_1,0.2471,0.17052013
2955,model_1,-0.0259,-0.004998997
2956,model_1,0.3038,0.2986586
2957,model_1,0.3526,0.36245513
2958,model_1,0.4114,0.39908582
2959,model_1,0.8326,0.78699034
2960,model_1,0.5686,0.4873411
2961,model_1,0.3817,0.43055224
2962,model_1,0.2909,0.2573678
2963,model_1,-0.0004,-0.018638939
2964,model_1,0.4612,0.21803218
2965,model_1,0.1945,0.19265157
2966,model_1,-0.0064,0.09227319
2967,model_1,-0.1578,-0.16107142
2968,model_1,0.1332,-0.035498798
2969,model_1,-0.2225,-0.1530428
2970,model_1,0.1706,0.14701346
2971,model_1,0.1249,0.09551585
2972,model_1,0.3952,0.4139551
2973,model_1,0.0501,0.042326137
2974,model_1,-0.0417,-0.061086357
2975,model_1,0.2336,0.27619624
2976,model_1,-0.0104,-0.027384818
2977,model_1,0.0423,0.0072373003
2978,model_1,0.2468,0.22117065
2979,model_1,0.7972,0.800944
2980,model_1,-0.0754,-0.06787306
2981,model_1,0.1768,0.1443633
2982,model_1,0.0331,0.007270485
2983,model_1,0.349,0.36755127
2984,model_1,0.1351,0.020427644
2985,model_1,-0.0318,-0.04930234
2986,model_1,0.3173,0.3475944
2987,model_1,0.6903,0.6671847
2988,model_1,1.0198,1.0442333
2989,model_1,0.6015,0.5841558
2990,model_1,0.2088,0.1735505
2991,model_1,0.1859,0.14217438
2992,model_1,0.1461,0.234495
2993,model_1,0.3376,0.32650858
2994,model_1,0.1203,0.20259015
2995,model_1,0.3384,0.33871138
2996,model_1,0.3399,0.30089226
2997,model_1,0.1993,0.1948559
2998,model_1,0.0457,0.09899917
2999,model_1,-0.072,-0.06896275
3000,model_1,0.3183,0.25185296
3001,model_1,0.1977,0.14397384
3002,model_1,0.3407,0.34548092
3003,model_1,0.0959,0.035453796
3004,model_1,0.1344,0.10572523
3005,model_1,1.116,1.1287149
3006,model_1,0.0012,0.051648945
3007,model_1,-0.032,-0.023634136
3008,model_1,0.0125,-0.010766327
3009,model_1,0.0428,0.11127353
3010,model_1,-0.0225,0.028900206
3011,model_1,0.2641,0.2720695
3012,model_1,0.0665,0.05429828
3013,model_1,0.812,0.77754426
3014,model_1,0.4073,0.41545975
3015,model_1,0.3601,0.28396356
3016,model_1,0.1684,0.26276594
3017,model_1,0.0668,0.13018286
3018,model_1,0.0622,0.052350342
3019,model_1,0.1732,0.13160256
3020,model_1,0.6512,0.64322805
3021,model_1,0.0296,-0.0043032765
3022,model_1,0.4594,0.3501615
3023,model_1,-0.0529,-0.091502994
3024,model_1,-0.1511,-0.12359306
3025,model_1,0.1905,0.23531567
3026,model_1,0.4529,0.4524912
3027,model_1,0.065,0.068389475
3028,model_1,0.0903,0.088448554
3029,model_1,0.567,0.5665487
3030,model_1,0.1446,0.18007436
3031,model_1,-0.1101,-0.13582829
3032,model_1,0.2391,0.25026378
3033,model_1,0.3111,0.26894772
3034,model_1,0.3564,0.2694081
3035,model_1,0.1524,0.1962327
3036,model_1,0.3037,0.33217716
3037,model_1,0.2039,0.3401132
3038,model_1,0.1688,0.18829751
3039,model_1,0.0667,0.14483763
3040,model_1,0.065,0.08230811
3041,model_1,0.4168,0.3468642
3042,model_1,0.2504,0.26661515
3043,model_1,0.3378,0.29729965
3044,model_1,0.2383,0.25051457
3045,model_1,0.4149,0.4530481
3046,model_1,0.2233,0.2810039
3047,model_1,0.1489,0.14440858
3048,model_1,-0.1265,-0.055238575
3049,model_1,0.1119,0.15350385
3050,model_1,0.2301,0.32514226
3051,model_1,0.4027,0.31833312
3052,model_1,0.1859,0.09751296
3053,model_1,0.1359,0.11860971
3054,model_1,0.2019,0.14723387
3055,model_1,0.473,0.387017
3056,model_1,0.373,0.17121312
3057,model_1,0.7679,0.79971075
3058,model_1,0.7296,0.7453416
3059,model_1,0.525,0.55627346
3060,model_1,0.0748,0.048700154
3061,model_1,0.1301,0.11749813
3062,model_1,0.1936,0.1910846
3063,model_1,0.1093,0.18731323
3064,model_1,0.1363,0.16065091
3065,model_1,0.7056,0.7075541
3066,model_1,0.1997,0.28582007
3067,model_1,-0.0066,-0.026583612
3068,model_1,0.2679,0.24977534
3069,model_1,0.109,0.06672339
3070,model_1,0.2212,0.30848104
3071,model_1,0.8021,0.7876843
3072,model_1,0.3986,0.34096754
3073,model_1,0.2138,0.09447718
3074,model_1,0.6021,0.58473855
3075,model_1,0.0557,0.09364438
3076,model_1,0.643,0.5946032
3077,model_1,0.1144,0.060249314
3078,model_1,0.5098,0.59817314
3079,model_1,0.0597,0.068421185
3080,model_1,0.4467,0.4544147
3081,model_1,0.3538,0.43850854
3082,model_1,0.253,0.14115062
3083,model_1,0.4904,0.63482165
3084,model_1,0.1567,0.13311876
3085,model_1,0.536,0.46109757
3086,model_1,0.3107,0.31842315
3087,model_1,0.3635,0.4299267
3088,model_1,0.1915,0.40690523
3089,model_1,0.2688,0.32430354
3090,model_1,0.4026,0.15868764
3091,model_1,-0.1449,-0.186755
3092,model_1,0.2329,0.22574472
3093,model_1,0.2307,0.29621586
3094,model_1,0.1961,0.2378876
3095,model_1,0.4937,0.47498727
3096,model_1,0.5188,0.5241941
3097,model_1,0.1087,0.13067444
3098,model_1,0.2592,0.23690099
3099,model_1,-1e-04,0.043713182
3100,model_1,0.5164,0.4903341
3101,model_1,0.2575,0.194158
3102,model_1,0.7767,0.796723
3103,model_1,0.2654,0.3167565
3104,model_1,0.8086,0.7886641
3105,model_1,0.2012,0.27108926
3106,model_1,0.4143,0.29733083
3107,model_1,0.4287,0.38004005
3108,model_1,0.3068,0.30231246
3109,model_1,0.1004,0.005888492
3110,model_1,0.0432,0.042286843
3111,model_1,0.0026,-0.039785832
3112,model_1,0.4618,0.448647
3113,model_1,-0.0379,-0.032041907
3114,model_1,0.16,0.14060374
3115,model_1,0.1129,0.12526071
3116,model_1,0.0983,0.064824164
3117,model_1,0.2667,0.29386896
3118,model_1,0.3638,0.1985154
3119,model_1,0.188,0.17409116
3120,model_1,0.0731,0.08261974
3121,model_1,0.237,0.21728903
3122,model_1,0.8496,0.8599139
3123,model_1,0.1039,0.06361736
3124,model_1,0.077,0.05946091
3125,model_1,0.1919,0.17273799
3126,model_1,0.1334,0.12545308
3127,model_1,0.5913,0.61138105
3128,model_1,0.2739,0.31964248
3129,model_1,-0.0012,-0.009876221
3130,model_1,0.3474,0.38718837
3131,model_1,0.1156,0.15102535
3132,model_1,0.181,0.22670233
3133,model_1,0.3708,0.17044145
3134,model_1,0.5903,0.59907234
3135,model_1,0.1406,0.21235986
3136,model_1,0.052,0.04058069
3137,model_1,0.4092,0.31605783
3138,model_1,0.7462,0.81303084
3139,model_1,0.1965,0.19853951
3140,model_1,0.134,0.14840096
3141,model_1,-0.0432,-0.098888904
3142,model_1,0.7668,0.74857944
3143,model_1,0.1089,0.06897044
3144,model_1,0.0966,0.10861477
3145,model_1,-0.0281,-0.04731071
3146,model_1,0.2637,0.20612848
3147,model_1,0.2676,0.26007357
3148,model_1,0.0641,0.05924943
3149,model_1,0.3679,0.4006306
3150,model_1,0.1104,0.16837046
3151,model_1,0.3658,0.31940004
3152,model_1,-0.0219,0.01635462
3153,model_1,0.3275,0.3394798
3154,model_1,0.1682,0.29277045
3155,model_1,0.6757,0.67580986
3156,model_1,0.132,0.094208986
3157,model_1,0.094,0.072838336
3158,model_1,0.2696,0.23929054
3159,model_1,0.8463,0.895555
3160,model_1,0.7415,0.7610356
3161,model_1,0.4011,0.3350563
3162,model_1,-0.0832,0.109345764
3163,model_1,0.5934,0.57314587
3164,model_1,0.2312,0.13378751
3165,model_1,0.3181,0.31511742
3166,model_1,0.2114,0.20844254
3167,model_1,0.2494,0.30092186
3168,model_1,0.4243,0.3980149
3169,model_1,0.1994,0.10213883
3170,model_1,0.0444,0.0077292323
3171,model_1,-0.0306,0.058208674
3172,model_1,0.1191,0.13732567
3173,model_1,-0.0247,-0.030054033
3174,model_1,0.1284,0.0695554
3175,model_1,0.0439,0.019003913
3176,model_1,0.6146,0.7446599
3177,model_1,-0.1272,-0.029337049
3178,model_1,0.011,0.040326238
3179,model_1,0.1329,0.10770343
3180,model_1,0.3416,0.2823414
3181,model_1,0.0102,0.101793855
3182,model_1,0.2188,0.1549384
3183,model_1,0.3535,0.3114103
3184,model_1,0.0208,0.0001680255
3185,model_1,-0.0226,-0.009242535
3186,model_1,0.4674,0.4219224
3187,model_1,0.4476,0.42989618
3188,model_1,0.0496,0.064475656
3189,model_1,0.0699,0.038921237
3190,model_1,0.5009,0.5128685
3191,model_1,0.383,0.36443412
3192,model_1,0.1534,0.06429005
3193,model_1,0.0933,0.06839511
3194,model_1,0.0568,0.08974919
3195,model_1,0.0991,0.082663715
3196,model_1,0.0701,0.084674954
3197,model_1,0.1787,0.2765132
3198,model_1,0.3846,0.35742396
3199,model_1,-0.1014,-0.08030337
3200,model_1,0.5025,0.37004128
3201,model_1,0.1353,0.1442178
3202,model_1,0.4225,0.40542865
3203,model_1,0.096,0.17514901
3204,model_1,0.1939,0.116174765
3205,model_1,-0.1599,-0.11472073
3206,model_1,0.1196,0.06730038
3207,model_1,-0.0186,-0.020769238
3208,model_1,0.3634,0.39081976
3209,model_1,0.2477,0.24549553
3210,model_1,0.0576,-0.021980673
3211,model_1,0.0585,-0.007067114
3212,model_1,0.2514,0.27053916
3213,model_1,0.18,0.18080458
3214,model_1,0.2688,0.24977729
3215,model_1,0.3999,0.2745963
3216,model_1,0.3508,0.29412174
3217,model_1,0.2449,0.2869463
3218,model_1,0.9078,0.88400495
3219,model_1,0.3642,0.33782405
3220,model_1,0.2055,0.15677352
3221,model_1,0.2434,0.18986556
3222,model_1,0.0596,0.043945774
3223,model_1,0.142,0.11440587
3224,model_1,0.2461,0.21946512
3225,model_1,0.2262,0.26071697
3226,model_1,0.2009,0.20449047
3227,model_1,0.1282,0.07065238
3228,model_1,0.0832,0.103691876
3229,model_1,0.1574,0.08551103
3230,model_1,0.602,0.4582155
3231,model_1,0.1021,0.07129073
3232,model_1,0.1541,0.17869955
3233,model_1,-0.0436,0.109606415
3234,model_1,0.0549,0.030116409
3235,model_1,0.4987,0.48261836
3236,model_1,0.4339,0.46084487
3237,model_1,0.3403,0.33662102
3238,model_1,0.1667,0.10122302
3239,model_1,0.2684,0.30323112
3240,model_1,0.1164,0.10464306
3241,model_1,0.8516,0.74333704
3242,model_1,0.0576,0.056604326
3243,model_1,0.1006,0.035176456
3244,model_1,0.16,0.17568073
3245,model_1,0.1729,0.07422596
3246,model_1,0.1221,0.06715828
3247,model_1,-0.0683,-0.11673835
3248,model_1,0.0299,-0.04186222
3249,model_1,0.072,0.08648138
3250,model_1,0.327,0.3060391
3251,model_1,-0.0099,-0.020432293
3252,model_1,0.5201,0.37923115
3253,model_1,0.0754,0.059695363
3254,model_1,0.1612,0.11152229
3255,model_1,0.2095,0.2541792
3256,model_1,0.1619,0.22699425
3257,model_1,0.1429,0.075594574
3258,model_1,0.7818,0.8023491
3259,model_1,0.2033,0.23976032
3260,model_1,0.5158,-0.023020267
3261,model_1,0.442,0.45089504
3262,model_1,0.2076,0.22594015
3263,model_1,0.2299,0.09107475
3264,model_1,-0.1343,-0.08670008
3265,model_1,0.3973,0.22621097
3266,model_1,0.3604,0.32332885
3267,model_1,0.4247,0.45064577
3268,model_1,0.2449,0.2568721
3269,model_1,0.2551,0.21287835
3270,model_1,0.4912,0.11753072
3271,model_1,0.079,0.14242621
3272,model_1,-0.0562,-0.05545768
3273,model_1,0.1278,0.1651884
3274,model_1,0.0876,0.110883415
3275,model_1,0.0201,0.024398983
3276,model_1,0.1311,0.12497607
3277,model_1,0.1661,0.15663269
3278,model_1,0.0573,0.13546139
3279,model_1,-0.0154,-0.043049216
3280,model_1,-0.1227,-0.1266239
3281,model_1,0.1431,0.19593938
3282,model_1,0.1698,0.2866488
3283,model_1,0.28,0.29401976
3284,model_1,0.0619,0.0052541047
3285,model_1,0.0299,0.027942374
3286,model_1,-0.118,-0.14078733
3287,model_1,-0.1557,-0.12957507
3288,model_1,0.558,0.5879318
3289,model_1,0.5502,0.64981085
3290,model_1,0.2097,0.2160376
3291,model_1,0.0531,0.025761172
3292,model_1,-0.138,-0.11267215
3293,model_1,0.1359,0.14616391
3294,model_1,0.1406,0.13821217
3295,model_1,0.0288,-0.005167514
3296,model_1,0.1586,0.0016896725
3297,model_1,-0.0963,-0.13733777
3298,model_1,0.2686,0.17255376
3299,model_1,0.7435,0.78823245
3300,model_1,-0.0387,-0.04786688
3301,model_1,0.1107,0.11265889
3302,model_1,0.8116,0.74202836
3303,model_1,0.2259,0.23492026
3304,model_1,0.8793,0.8115531
3305,model_1,0.0675,0.06980649
3306,model_1,0.091,0.061835766
3307,model_1,0.1391,0.1692423
3308,model_1,0.1889,0.16114841
3309,model_1,0.0667,0.1927391
3310,model_1,0.1976,0.19172685
3311,model_1,0.0444,0.029782802
3312,model_1,0.1462,-0.0030467957
3313,model_1,0.2989,0.2613164
3314,model_1,0.016,0.011010915
3315,model_1,0.152,0.14757167
3316,model_1,0.0268,0.010234341
3317,model_1,0.2714,0.2425354
3318,model_1,0.1718,0.22468722
3319,model_1,0.0326,0.03723538
3320,model_1,0.1275,0.3226841
3321,model_1,0.2503,0.26328593
3322,model_1,0.0235,0.024647355
3323,model_1,0.2183,0.23653904
3324,model_1,0.4182,0.43067998
3325,model_1,0.1785,0.07879725
3326,model_1,0.1968,0.24120566
3327,model_1,-0.0389,-0.014993429
3328,model_1,-0.0369,-0.05146259
3329,model_1,0.1474,0.12088845
3330,model_1,0.0826,0.08812423
3331,model_1,0.2632,0.2698893
3332,model_1,0.6335,0.7096722
3333,model_1,0.4473,0.43801734
3334,model_1,0.0067,0.049873352
3335,model_1,0.3347,0.33457026
3336,model_1,0.1941,0.09621738
3337,model_1,0.2748,0.25462252
3338,model_1,0.2408,0.28818256
3339,model_1,0.1541,0.1608789
3340,model_1,0.9762,0.9815673
3341,model_1,0.2449,0.1622442
3342,model_1,0.3096,0.12866284
3343,model_1,0.4709,0.5184269
3344,model_1,0.0738,0.13257949
3345,model_1,0.3729,0.36318758
3346,model_1,0.2929,0.21080078
3347,model_1,0.2724,0.30149037
3348,model_1,0.5796,0.5603331
3349,model_1,-0.0205,-0.07619673
3350,model_1,0.0404,-0.006358549
3351,model_1,0.2824,0.23840559
3352,model_1,-0.0174,-0.057449758
3353,model_1,0.6115,0.57538605
3354,model_1,0.4432,0.26131594
3355,model_1,0.095,0.13416186
3356,model_1,-0.0051,0.038938552
3357,model_1,-0.0358,-0.08550909
3358,model_1,0.8023,0.80824614
3359,model_1,0.4203,0.3213468
3360,model_1,0.2752,0.26856163
3361,model_1,0.3164,0.202435
3362,model_1,0.3154,0.27399614
3363,model_1,0.4061,0.39186126
3364,model_1,0.0607,0.052544147
3365,model_1,0.1046,0.08058983
3366,model_1,-0.0606,0.09870285
3367,model_1,0.3355,0.29701725
3368,model_1,0.2311,0.27340537
3369,model_1,0.2858,0.29784587
3370,model_1,0.1502,0.12742195
3371,model_1,0.0859,0.05793771
3372,model_1,0.0155,-0.042612284
3373,model_1,0.2385,0.28434393
3374,model_1,0.099,0.107547686
3375,model_1,-0.2022,-0.10151076
3376,model_1,0.1593,0.2876843
3377,model_1,-0.022,-0.03140086
3378,model_1,0.0459,0.03931488
3379,model_1,0.209,0.2190701
3380,model_1,0.1435,0.13392581
3381,model_1,0.0837,0.13858253
3382,model_1,-0.051,-0.14971405
3383,model_1,0.1602,0.1901269
3384,model_1,0.773,0.7040881
3385,model_1,0.2552,0.12687755
3386,model_1,0.0781,0.07980746
3387,model_1,0.2485,0.27973464
3388,model_1,0.3259,0.36009994
3389,model_1,0.2573,0.2198415
3390,model_1,0.0783,0.08379322
3391,model_1,0.0179,0.04149902
3392,model_1,0.3722,0.34510684
3393,model_1,-0.0088,-0.010510862
3394,model_1,0.5566,0.53145146
3395,model_1,0.1077,0.1492164
3396,model_1,-0.0944,-0.11991781
3397,model_1,0.3302,0.3074255
3398,model_1,0.2083,0.20530401
3399,model_1,0.105,0.11734317
3400,model_1,-0.0116,-0.012013674
3401,model_1,0.2101,0.25587857
3402,model_1,-0.1705,-0.12366465
3403,model_1,0.1465,0.10921019
3404,model_1,0.011,0.044820726
3405,model_1,0.5119,0.5480083
3406,model_1,0.1776,0.28948534
3407,model_1,0.0397,0.031181306
3408,model_1,0.3828,0.386265
3409,model_1,0.3046,0.27408832
3410,model_1,-0.066,-0.05582726
3411,model_1,0.0972,0.04024665
3412,model_1,0.5548,0.4131534
3413,model_1,0.5673,0.5534524
3414,model_1,0.097,0.08522946
3415,model_1,0.303,0.29485476
3416,model_1,0.3407,0.2674113
3417,model_1,0.5083,0.53994745
3418,model_1,0.3753,0.21319684
3419,model_1,0.0729,0.06909624
3420,model_1,0.5045,0.485098
3421,model_1,0.244,0.2675479
3422,model_1,0.1226,0.115140505
3423,model_1,0.0804,0.1329192
3424,model_1,0.7252,0.71570504
3425,model_1,0.2695,0.2604542
3426,model_1,0.2169,0.16781746
3427,model_1,0.2102,0.26761487
3428,model_1,0.974,0.94226116
3429,model_1,0.0688,0.02938725
3430,model_1,0.1366,0.16292806
3431,model_1,0.1717,0.11408463
3432,model_1,0.0191,0.007203579
3433,model_1,0.538,0.5498525
3434,model_1,0.4075,0.37460232
3435,model_1,0.1275,0.084899336
3436,model_1,0.0501,0.02770783
3437,model_1,0.2563,0.20023888
3438,model_1,0.9826,1.0032978
3439,model_1,0.0246,-0.025923878
3440,model_1,-0.0682,-0.03175822
3441,model_1,-0.0277,-0.0243873
3442,model_1,0.0376,0.030741245
3443,model_1,0.1666,0.09270422
3444,model_1,0.1399,0.15020221
3445,model_1,1.0274,0.9188489
3446,model_1,0.1428,0.16338128
3447,model_1,0.0236,0.061694205
3448,model_1,0.064,0.105465055
3449,model_1,0.4233,0.44032708
3450,model_1,0.6393,0.5871546
3451,model_1,0.3216,0.3505395
3452,model_1,-0.0694,-0.084355175
3453,model_1,0.0635,0.056001052
3454,model_1,0.2211,0.25885534
3455,model_1,0.2503,0.17224285
3456,model_1,0.3391,0.35150713
3457,model_1,0.0717,0.08486925
3458,model_1,0.5521,0.45103538
3459,model_1,0.0696,0.023000613
3460,model_1,-0.0872,-0.11645642
3461,model_1,0.0945,0.10625315
3462,model_1,0.2557,0.28838634
3463,model_1,0.2183,0.41198218
3464,model_1,0.3217,0.18981113
3465,model_1,0.4158,0.43490663
3466,model_1,0.2957,0.27737227
3467,model_1,0.2495,0.27099898
3468,model_1,0.2327,0.16850543
3469,model_1,0.6501,0.6810262
3470,model_1,0.1581,0.12663776
3471,model_1,-0.0835,-0.06090319
3472,model_1,0.0654,0.049859226
3473,model_1,0.197,0.08896403
3474,model_1,0.3412,0.28951266
3475,model_1,0.1847,0.15605158
3476,model_1,0.3729,0.3425007
3477,model_1,0.0323,-0.008027226
3478,model_1,0.0401,0.09389013
3479,model_1,0.1231,0.13271256
3480,model_1,0.1799,0.19742863
3481,model_1,0.0995,0.08667654
3482,model_1,0.2019,0.1908853
3483,model_1,0.1524,0.19450153
3484,model_1,0.431,0.41468966
3485,model_1,0.1017,0.13499878
3486,model_1,0.7398,0.76424825
3487,model_1,0.1535,0.11320752
3488,model_1,0.0207,0.039551586
3489,model_1,0.4505,0.42216623
3490,model_1,0.3056,0.20733994
3491,model_1,-0.0474,-0.03347969
3492,model_1,0.1515,0.15510195
3493,model_1,0.0776,0.07507448
3494,model_1,0.1822,0.21607801
3495,model_1,0.0526,0.09721768
3496,model_1,0.1324,0.0714452
3497,model_1,0.4235,0.47616965
3498,model_1,0.0804,0.1292732
3499,model_1,0.4589,0.48309517
3500,model_1,0.0891,0.11239678
3501,model_1,0.5389,0.57020736
3502,model_1,0.1798,0.21987681
3503,model_1,0.4174,0.41229826
3504,model_1,0.2342,0.18457302
3505,model_1,0.1806,0.09422156
3506,model_1,0.276,0.3276087
3507,model_1,0.1507,0.13393065
3508,model_1,0.166,0.1462699
3509,model_1,0.3293,0.33268216
3510,model_1,0.3523,0.33127895
3511,model_1,0.2044,0.23994489
3512,model_1,0.3894,0.41545168
3513,model_1,0.2867,0.20270652
3514,model_1,0.1079,0.06869818
3515,model_1,0.5068,0.48516992
3516,model_1,0.751,0.786935
3517,model_1,0.4098,0.40805468
3518,model_1,0.3285,0.27816945
3519,model_1,-0.0824,-0.0010912716
3520,model_1,0.3485,0.3435138
3521,model_1,0.6974,0.7627158
3522,model_1,0.1694,0.18222818
3523,model_1,-0.3119,0.1444942
3524,model_1,-0.0031,0.016952023
3525,model_1,0.2454,0.27932605
3526,model_1,0.7885,0.72556376
3527,model_1,0.5902,0.5327327
3528,model_1,0.5612,0.5236254
3529,model_1,0.1329,0.12209888
3530,model_1,0.3072,0.19924107
3531,model_1,0.7062,0.7215107
3532,model_1,0.3474,0.28197902
3533,model_1,0.2665,0.28978848
3534,model_1,0.4367,0.36022758
3535,model_1,0.1662,0.18366928
3536,model_1,0.0353,0.030589908
3537,model_1,-0.1818,-0.18474671
3538,model_1,0.3656,0.3934579
3539,model_1,0.1932,0.19608836
3540,model_1,0.058,0.092436835
3541,model_1,0.09,0.03439948
3542,model_1,0.0503,0.06653525
3543,model_1,0.4023,0.49990577
3544,model_1,-0.0064,0.13116086
3545,model_1,0.553,0.52421397
3546,model_1,0.504,0.46349055
3547,model_1,0.8109,0.7985627
3548,model_1,0.1264,0.16114157
3549,model_1,0.1614,0.1094185
3550,model_1,0.4891,0.53131485
3551,model_1,0.0395,0.04342726
3552,model_1,-0.1119,-0.050792903
3553,model_1,0.1622,0.15565348
3554,model_1,0.5764,0.6663402
3555,model_1,-0.0684,-0.049587697
3556,model_1,0.1454,0.14675608
3557,model_1,0.0799,-0.08391428
3558,model_1,0.2497,0.18565358
3559,model_1,0.1818,0.15496102
3560,model_1,0.284,0.26074088
3561,model_1,-0.1644,-0.1800234
3562,model_1,0.1897,0.17171016
3563,model_1,0.3775,0.31861
3564,model_1,0.1648,0.13830505
3565,model_1,0.7259,0.7242009
3566,model_1,0.1479,0.10803011
3567,model_1,0.5309,0.3624596
3568,model_1,0.1578,0.12251565
3569,model_1,0.3226,0.27626044
3570,model_1,0.268,0.27744353
3571,model_1,0.1174,0.11585801
3572,model_1,0.2919,0.33444038
3573,model_1,0.0138,0.0035636276
3574,model_1,0.3971,0.41961664
3575,model_1,0.2218,0.23976548
3576,model_1,0.138,0.046547174
3577,model_1,0.5182,0.5007854
3578,model_1,0.2542,0.34763932
3579,model_1,0.1709,0.19416937
3580,model_1,0.6848,0.65939033
3581,model_1,0.141,0.22546011
3582,model_1,0.2384,0.31533617
3583,model_1,0.2414,0.20544076
3584,model_1,0.36,0.42495382
3585,model_1,-0.0427,2.7656555e-05
3586,model_1,0.07,0.035308927
3587,model_1,0.3388,0.3008654
3588,model_1,0.1658,0.13248278
3589,model_1,0.0475,0.038343877
3590,model_1,0.5908,0.5942415
3591,model_1,-0.1709,-0.11983168
3592,model_1,0.1691,0.15309927
3593,model_1,0.1656,0.1794169
3594,model_1,0.1224,0.058365986
3595,model_1,0.1994,0.24063951
3596,model_1,0.1669,0.15096901
3597,model_1,-0.0821,-0.12685159
3598,model_1,0.6186,0.5779583
3599,model_1,0.0179,0.04842052
3600,model_1,0.1375,0.13857736
3601,model_1,0.5903,0.6236693
3602,model_1,0.3467,0.39190206
3603,model_1,-0.0263,-0.05717352
3604,model_1,0.4109,0.40243644
3605,model_1,0.6916,0.70122665
3606,model_1,0.416,0.31239867
3607,model_1,0.3132,0.37915248
3608,model_1,-0.0458,-0.011360705
3609,model_1,0.4565,0.4579543
3610,model_1,0.0065,0.017402023
3611,model_1,0.0602,0.04446414
3612,model_1,0.1123,0.11064884
3613,model_1,0.4229,0.45161903
3614,model_1,0.0637,0.02636522
3615,model_1,0.4661,0.4690707
3616,model_1,0.1544,0.18926203
3617,model_1,0.2668,0.27497566
3618,model_1,0.078,0.10878965
3619,model_1,0.5381,0.5115121
3620,model_1,0.2018,0.025986597
3621,model_1,0.419,0.43872106
3622,model_1,0.7334,0.734463
3623,model_1,0.2755,0.22615355
3624,model_1,0.2632,0.30544704
3625,model_1,0.1449,0.23239371
3626,model_1,0.0531,0.18117914
3627,model_1,0.3051,0.3266015
3628,model_1,0.2991,0.22908445
3629,model_1,-0.0328,-0.070275605
3630,model_1,0.1456,0.14529927
3631,model_1,0.9045,0.90844077
3632,model_1,0.046,0.043889463
3633,model_1,0.3297,0.32884637
3634,model_1,0.0507,0.001345709
3635,model_1,0.1903,0.1744867
3636,model_1,0.305,0.3195182
3637,model_1,0.2131,0.23006754
3638,model_1,0.9545,1.0541561
3639,model_1,0.2816,0.29744497
3640,model_1,0.2306,0.24954806
3641,model_1,0.3441,0.29459104
3642,model_1,0.2367,0.25362456
3643,model_1,0.2614,0.24517497
3644,model_1,0.1789,0.21606208
3645,model_1,0.2887,0.3112961
3646,model_1,-0.0046,0.030921921
3647,model_1,0.0095,0.010541111
3648,model_1,0.4523,0.4064871
3649,model_1,0.3158,0.21652387
3650,model_1,0.0769,0.06808838
3651,model_1,0.169,0.54126126
3652,model_1,0.0997,0.101315886
3653,model_1,0.0174,-0.0021304488
3654,model_1,0.3583,0.3962404
3655,model_1,0.0927,0.1723634
3656,model_1,0.4224,0.35427386
3657,model_1,0.0782,0.01981929
3658,model_1,-0.0229,-0.06814256
3659,model_1,0.0466,0.06944601
3660,model_1,0.5079,0.5065041
3661,model_1,0.1812,0.22932704
3662,model_1,0.3764,0.37981266
3663,model_1,0.3031,0.3599345
3664,model_1,0.4124,0.47537315
3665,model_1,0.0257,0.05534503
3666,model_1,0.2553,0.27462992
3667,model_1,0.7995,0.77684224
3668,model_1,-0.0158,-0.021011263
3669,model_1,0.2759,0.37621987
3670,model_1,0.0193,0.044020683
3671,model_1,0.0859,0.115480416
3672,model_1,0.0331,0.034217387
3673,model_1,-0.0519,-0.053691953
3674,model_1,0.8559,0.89662343
3675,model_1,0.1119,0.1806001
3676,model_1,0.2068,0.23751813
3677,model_1,0.2854,0.26497784
3678,model_1,0.3019,0.3047113
3679,model_1,0.5524,0.5147014
3680,model_1,0.0293,0.048305392
3681,model_1,0.2448,0.22642934
3682,model_1,0.2051,0.14599812
3683,model_1,0.3151,0.34407246
3684,model_1,-0.0376,-0.060658753
3685,model_1,0.3825,0.3915343
3686,model_1,0.0664,0.43056977
3687,model_1,0.4325,0.28910723
3688,model_1,0.6083,0.6200731
3689,model_1,0.1179,0.10658923
3690,model_1,0.5172,0.50094354
3691,model_1,0.2364,0.2247544
3692,model_1,0.2215,0.27339152
3693,model_1,0.4638,0.45095104
3694,model_1,0.7501,0.77572024
3695,model_1,-0.0333,0.07024942
3696,model_1,0.4086,0.4364083
3697,model_1,0.4016,0.44445542
3698,model_1,0.1283,0.1447479
3699,model_1,0.3067,0.33728057
3700,model_1,0.286,0.31050313
3701,model_1,0.1674,0.13900778
3702,model_1,0.1877,0.24221735
3703,model_1,-0.1442,-0.09808904
3704,model_1,0.3073,0.214471
3705,model_1,0.1844,0.22261578
3706,model_1,0.2551,0.19548261
3707,model_1,-0.0947,-0.12849379
3708,model_1,0.1855,0.20033602
3709,model_1,-0.0191,-0.025517285
3710,model_1,0.4872,0.4738592
3711,model_1,0.1302,0.14489695
3712,model_1,0.0342,0.0013797879
3713,model_1,0.3516,0.29229692
3714,model_1,0.2912,0.22292285
3715,model_1,0.0398,0.078014016
3716,model_1,0.0433,-0.017569065
3717,model_1,0.1345,0.087911904
3718,model_1,0.2355,0.22261563
3719,model_1,0.5646,0.57875335
3720,model_1,0.3734,0.33240363
3721,model_1,-0.1017,-0.050494432
3722,model_1,0.1619,0.2823683
3723,model_1,0.4155,0.40102682
3724,model_1,-0.1369,-0.13492578
3725,model_1,-0.1773,-0.19060445
3726,model_1,0.256,0.068704784
3727,model_1,0.2411,0.25980985
3728,model_1,0.1399,0.1733219
3729,model_1,0.3377,0.42466956
3730,model_1,0.4026,0.22761872
3731,model_1,0.1185,0.1315102
3732,model_1,0.0412,0.06460123
3733,model_1,0.4743,0.4410115
3734,model_1,-0.0943,-0.07344696
3735,model_1,0.5602,0.55746305
3736,model_1,0.6414,0.6633659
3737,model_1,0.025,0.05771233
3738,model_1,0.4345,0.4716258
3739,model_1,0.2413,0.10907234
3740,model_1,0.1842,0.19265136
3741,model_1,0.1482,-0.06677312
3742,model_1,0.2116,0.21327251
3743,model_1,0.1809,0.074995086
3744,model_1,0.0008,0.047727674
3745,model_1,0.2981,0.27640992
3746,model_1,0.2653,0.25661132
3747,model_1,0.2644,0.31638712
3748,model_1,-0.1238,-0.1143969
3749,model_1,0.5212,0.49048936
3750,model_1,0.1893,0.16818756
3751,model_1,0.1744,0.14840616
3752,model_1,0.1177,0.18381335
3753,model_1,0.0587,0.041876704
3754,model_1,1.0595,1.0737697
3755,model_1,0.6588,0.58480954
3756,model_1,0.1134,0.12701133
3757,model_1,0.1998,0.21453579
3758,model_1,0.3285,0.3794402
3759,model_1,0.1102,0.040715277
3760,model_1,0.4175,0.45755213
3761,model_1,0.251,0.27057403
3762,model_1,0.0609,0.045131505
3763,model_1,0.1804,0.15757835
3764,model_1,0.106,0.07681802
3765,model_1,0.1712,0.14758076
3766,model_1,0.187,0.21490048
3767,model_1,0.0654,0.023833632
3768,model_1,0.3935,0.4214074
3769,model_1,0.0958,0.057844907
3770,model_1,0.0533,0.039598882
3771,model_1,0.0653,0.0315163
3772,model_1,0.3742,0.4382858
3773,model_1,1.0304,0.9511171
3774,model_1,0.1741,0.22008969
3775,model_1,0.5572,0.5557617
3776,model_1,0.2254,0.28836966
3777,model_1,-0.0512,-0.0670324
3778,model_1,-0.2296,-0.23480937
3779,model_1,0.4832,0.41294166
3780,model_1,-0.1329,-0.116298586
3781,model_1,0.4785,0.5643952
3782,model_1,0.3743,0.36830163
3783,model_1,-0.0072,0.03309977
3784,model_1,0.1332,0.07664278
3785,model_1,0.3787,0.42866987
3786,model_1,0.3253,0.33858806
3787,model_1,0.2476,0.1711663
3788,model_1,-0.0354,-0.025937378
3789,model_1,0.32,0.3276919
3790,model_1,0.1484,0.16504605
3791,model_1,-0.0343,-0.012718439
3792,model_1,0.277,0.289901
3793,model_1,0.2425,0.19188805
3794,model_1,-0.0985,-0.09629834
3795,model_1,0.2451,0.24084315
3796,model_1,0.134,0.107535034
3797,model_1,0.074,0.1271379
3798,model_1,0.0589,0.011410058
3799,model_1,0.1314,0.016119644
3800,model_1,0.0602,0.03959383
3801,model_1,0.3729,0.37771097
3802,model_1,0.253,0.2857389
3803,model_1,0.219,0.14695542
3804,model_1,0.0739,0.11856347
3805,model_1,0.1459,0.24730061
3806,model_1,0.1405,0.101710364
3807,model_1,0.7486,0.7175953
3808,model_1,0.1717,0.27375543
3809,model_1,0.1838,0.18537198
3810,model_1,0.2001,0.18419927
3811,model_1,0.7292,0.79251796
3812,model_1,0.3412,0.30917352
3813,model_1,-0.0155,0.07142222
3814,model_1,1.1252,1.221235
3815,model_1,0.0705,0.0884192
3816,model_1,0.0418,0.031820476
3817,model_1,-0.1063,-0.10662186
3818,model_1,0.2312,0.25309148
3819,model_1,0.7003,0.6407954
3820,model_1,0.1056,0.07507637
3821,model_1,0.3689,0.38196546
3822,model_1,-0.1143,-0.057395697
3823,model_1,0.1096,0.105955675
3824,model_1,0.0644,0.08923516
3825,model_1,0.6392,0.60590744
3826,model_1,0.0918,0.023286045
3827,model_1,0.0655,0.07047731
3828,model_1,0.3044,0.3334993
3829,model_1,0.3341,0.41330153
3830,model_1,0.0544,0.0027914643
3831,model_1,0.3984,0.29504213
3832,model_1,0.0921,0.09933895
3833,model_1,0.6543,0.6505647
3834,model_1,0.4395,0.46972656
3835,model_1,0.0618,-0.009790242
3836,model_1,0.2641,0.26417974
3837,model_1,0.1596,0.095014125
3838,model_1,0.4902,0.53608555
3839,model_1,0.4631,0.45180234
3840,model_1,0.3601,0.36171398
3841,model_1,0.0105,0.04052618
3842,model_1,0.0005,0.03750667
3843,model_1,-0.1412,-0.13055325
3844,model_1,0.1391,0.1159689
3845,model_1,0.0419,-0.0043349713
3846,model_1,0.1369,0.1485968
3847,model_1,0.2581,0.20541042
3848,model_1,0.1817,0.28454494
3849,model_1,0.2312,0.22706509
3850,model_1,0.2055,0.24969274
3851,model_1,0.1994,0.17565577
3852,model_1,0.5643,0.37043157
3853,model_1,0.4813,0.48455122
3854,model_1,0.0856,0.09075764
3855,model_1,0.1119,0.14841653
3856,model_1,-0.011,-0.017724216
3857,model_1,0.6037,0.591091
3858,model_1,0.1687,0.099831104
3859,model_1,0.2807,0.24834223
3860,model_1,0.3666,0.4374977
3861,model_1,0.3727,0.32528186
3862,model_1,0.9155,0.8818917
3863,model_1,0.3328,0.25287005
3864,model_1,-0.0481,-0.01814413
3865,model_1,0.0562,0.08085944
3866,model_1,0.3227,0.37625867
3867,model_1,0.3441,0.41791493
3868,model_1,0.109,0.070698485
3869,model_1,0.1845,0.14965147
3870,model_1,0.8216,0.815186
3871,model_1,0.192,0.16822714
3872,model_1,0.1581,0.09878251
3873,model_1,0.0141,0.36257344
3874,model_1,0.2245,0.21140805
3875,model_1,0.1141,0.13751745
3876,model_1,0.6332,0.5788579
3877,model_1,0.3853,0.3659333
3878,model_1,0.3859,0.41926247
3879,model_1,0.0067,0.03691125
3880,model_1,0.1439,0.1409315
3881,model_1,0.1776,0.20458466
3882,model_1,0.5041,0.5528916
3883,model_1,0.0134,0.028393507
3884,model_1,0.2035,0.26008287
3885,model_1,0.2006,0.22698519
3886,model_1,0.2101,0.19970863
3887,model_1,0.2382,0.22947708
3888,model_1,0.4777,0.53388834
3889,model_1,0.612,0.59251225
3890,model_1,0.2098,0.23611706
3891,model_1,0.0809,0.13724527
3892,model_1,0.0901,0.08591029
3893,model_1,0.1981,0.20935142
3894,model_1,0.174,0.16298118
3895,model_1,0.3087,0.3463004
3896,model_1,-0.0632,-0.016828
3897,model_1,0.3858,0.35517308
3898,model_1,0.0589,0.022829771
3899,model_1,0.3656,0.21669441
3900,model_1,0.2931,0.27492145
3901,model_1,0.2546,0.22380492
3902,model_1,0.1835,0.13724469
3903,model_1,-0.0613,0.045864552
3904,model_1,0.1331,0.1582934
3905,model_1,0.3016,0.13156222
3906,model_1,0.2408,0.3130133
3907,model_1,0.275,0.24144523
3908,model_1,0.616,0.6366463
3909,model_1,0.6724,0.63438594
3910,model_1,0.1178,0.046415597
3911,model_1,0.1716,0.24671066
3912,model_1,0.6781,0.708949
3913,model_1,0.1301,0.15727898
3914,model_1,0.4894,0.48815462
3915,model_1,0.3506,0.37555635
3916,model_1,0.3536,0.3853852
3917,model_1,0.3403,0.32546398
3918,model_1,0.5063,0.34372556
3919,model_1,0.4601,0.53260183
3920,model_1,0.0225,0.10222559
3921,model_1,0.792,0.8225291
3922,model_1,0.7097,0.70192564
3923,model_1,0.3095,0.33830357
3924,model_1,0.3484,0.2997175
3925,model_1,0.2324,0.19764708
3926,model_1,0.2337,0.29569814
3927,model_1,0.1111,0.110378236
3928,model_1,0.2707,0.21639013
3929,model_1,0.1897,0.13114521
3930,model_1,0.8078,0.7955081
3931,model_1,0.086,0.111703604
3932,model_1,0.5331,0.60353994
3933,model_1,-0.0477,-0.070688725
3934,model_1,0.215,0.25772765
3935,model_1,0.0252,0.00010505319
3936,model_1,0.2596,0.2856843
3937,model_1,-0.1229,0.09306319
3938,model_1,0.2592,0.2260234
3939,model_1,0.4042,0.08208458
3940,model_1,0.498,0.45781505
3941,model_1,0.2869,0.24596703
3942,model_1,0.9065,0.85820234
3943,model_1,0.0242,0.038297057
3944,model_1,0.2392,0.24472332
3945,model_1,0.2679,0.29741532
3946,model_1,0.0129,-0.0142079
3947,model_1,0.3067,0.36998668
3948,model_1,0.3272,0.30327454
3949,model_1,0.2139,0.22516297
3950,model_1,0.2653,0.4564825
3951,model_1,0.0787,0.058558777
3952,model_1,0.4143,0.38494697
3953,model_1,0.1181,0.21765476
3954,model_1,-0.0286,-0.01658976
3955,model_1,-0.0295,0.0015584081
3956,model_1,0.4011,0.43600842
3957,model_1,0.3036,0.39846906
3958,model_1,0.5759,0.55594635
3959,model_1,0.0457,0.008033127
3960,model_1,0.1588,0.1730964
3961,model_1,0.4304,0.41744566
3962,model_1,0.1268,0.24978402
3963,model_1,0.3052,0.24922964
3964,model_1,0.1262,0.048717782
3965,model_1,0.0774,0.048458308
3966,model_1,0.1436,0.046458796
3967,model_1,0.0964,0.13915032
3968,model_1,0.1654,0.19105539
3969,model_1,0.0685,0.16062166
3970,model_1,-0.0696,-0.06287435
3971,model_1,0.4064,0.41685575
3972,model_1,0.1709,0.15856121
3973,model_1,0.5629,0.46091366
3974,model_1,0.0048,0.04571207
3975,model_1,0.4967,0.46991357
3976,model_1,0.1974,0.1380817
3977,model_1,0.1781,0.20318714
3978,model_1,0.2431,0.3666929
3979,model_1,0.536,0.5150043
3980,model_1,0.4795,0.52995396
3981,model_1,0.3696,0.35183275
3982,model_1,0.3802,0.342604
3983,model_1,-0.0416,-0.058499485
3984,model_1,0.2533,0.070034176
3985,model_1,0.0302,0.031628594
3986,model_1,0.619,0.6315749
3987,model_1,0.3451,0.33939466
3988,model_1,0.3273,0.33489454
3989,model_1,0.0885,0.06984377
3990,model_1,0.2026,0.23563838
3991,model_1,-0.1207,-0.14529955
3992,model_1,0.1663,0.26432163
3993,model_1,0.0246,0.07810433
3994,model_1,0.5322,0.49106646
3995,model_1,-0.026,-0.01937458
3996,model_1,0.249,0.40271652
3997,model_1,0.2708,0.31766465
3998,model_1,0.0096,0.033148944
3999,model_1,0.3603,0.35378587
4000,model_1,0.0613,0.070198074
4001,model_1,0.0927,0.117509685
4002,model_1,0.0623,-0.004442081
4003,model_1,0.3399,0.2864773
4004,model_1,0.2349,0.13039517
4005,model_1,-0.1054,0.04172498
4006,model_1,0.1305,0.18777722
4007,model_1,0.4299,0.42612237
4008,model_1,0.1967,0.2840565
4009,model_1,0.1221,0.089739874
4010,model_1,-0.0196,-0.11155194
4011,model_1,0.3235,0.36355174
4012,model_1,0.1107,0.0039934665
4013,model_1,-0.0428,0.07988864
4014,model_1,0.2556,0.18918863
4015,model_1,-0.0811,-0.048311442
4016,model_1,0.0188,0.04129006
4017,model_1,0.1388,0.16128205
4018,model_1,0.2929,0.36315584
4019,model_1,-0.1993,-0.20213848
4020,model_1,-0.0737,-0.050680548
4021,model_1,0.2381,0.2551094
4022,model_1,0.321,0.21726792
4023,model_1,0.0623,0.06241934
4024,model_1,0.0993,0.041982234
4025,model_1,0.3033,0.2783719
4026,model_1,0.3624,0.33376014
4027,model_1,-0.1902,-0.12175608
4028,model_1,0.1821,0.22106282
4029,model_1,0.1224,0.090480775
4030,model_1,0.6434,0.72831774
4031,model_1,0.0816,0.08290622
4032,model_1,0.2563,0.33522356
4033,model_1,-0.0809,-0.031090587
4034,model_1,0.1272,0.06355952
4035,model_1,0.761,0.75731754
4036,model_1,0.9782,1.0410229
4037,model_1,0.7346,0.7219564
4038,model_1,-0.2718,-0.16515118
4039,model_1,0.099,0.076290905
4040,model_1,0.1593,0.08699086
4041,model_1,0.8308,0.8977313
4042,model_1,0.2463,0.4236198
4043,model_1,-0.1469,-0.11762011
4044,model_1,0.0716,0.042922825
4045,model_1,0.2307,0.3319634
4046,model_1,0.2786,0.21257295
4047,model_1,0.1573,0.13852456
4048,model_1,-0.1255,-0.12644026
4049,model_1,0.083,0.07639724
4050,model_1,0.6141,0.64612556
4051,model_1,0.272,0.30002096
4052,model_1,0.3738,0.09113112
4053,model_1,0.0771,0.10417879
4054,model_1,-0.1552,-0.13394898
4055,model_1,0.0225,0.02934502
4056,model_1,0.1476,0.1685529
4057,model_1,0.2274,0.22415069
4058,model_1,0.2079,0.10409777
4059,model_1,0.2457,0.20644876
4060,model_1,0.2735,0.3578595
4061,model_1,0.1978,0.19437224
4062,model_1,0.08,0.12091001
4063,model_1,-0.0209,0.0034601092
4064,model_1,0.2118,-0.07947698
4065,model_1,0.3023,0.3437735
4066,model_1,0.2539,0.30583984
4067,model_1,0.0707,0.06988186
4068,model_1,0.136,0.1793396
4069,model_1,0.1599,0.14969729
4070,model_1,0.6111,0.55210733
4071,model_1,0.3944,0.44661626
4072,model_1,0.0551,0.047250777
4073,model_1,0.4049,0.42798516
4074,model_1,0.2101,0.08387837
4075,model_1,0.4686,0.45913923
4076,model_1,-0.0418,-0.027583092
4077,model_1,0.0298,0.020680264
4078,model_1,-0.0136,-0.04706198
4079,model_1,0.1846,0.31857568
4080,model_1,0.0284,0.03120716
4081,model_1,0.1338,0.13423568
4082,model_1,0.1026,0.24438742
4083,model_1,0.8321,0.70096576
4084,model_1,0.2663,0.12112777
4085,model_1,0.4497,0.46905643
4086,model_1,0.4376,0.40292743
4087,model_1,0.0306,0.034789145
4088,model_1,0.0394,0.07437186
4089,model_1,-0.203,-0.17232662
4090,model_1,0.2541,0.34013322
4091,model_1,0.1894,0.14140446
4092,model_1,0.0872,0.058085263
4093,model_1,0.4771,0.49494627
4094,model_1,0.0681,0.61591405
4095,model_1,-0.0103,-0.0556086
4096,model_1,0.1096,0.14646903
4097,model_1,0.2077,0.14306736
4098,model_1,0.154,0.0759674
4099,model_1,0.2812,0.26584798
4100,model_1,0.5548,0.5541266
4101,model_1,0.1924,0.17500603
4102,model_1,-0.0031,-0.07844919
4103,model_1,-0.0004,0.0068856925
4104,model_1,0.1871,0.27995375
4105,model_1,0.1293,0.05175671
4106,model_1,0.6502,0.65726644
4107,model_1,0.9013,0.8648467
4108,model_1,-0.0305,-0.015514433
4109,model_1,0.319,0.3168155
4110,model_1,-0.1308,-0.16355187
4111,model_1,0.5404,0.52979136
4112,model_1,-0.0398,-0.07633814
4113,model_1,0.2239,0.26231062
4114,model_1,0.2115,0.1377232
4115,model_1,0.1766,0.1497891
4116,model_1,0.1843,0.3011284
4117,model_1,0.0917,0.07021861
4118,model_1,0.1568,0.10714027
4119,model_1,0.4647,0.40414143
4120,model_1,0.4308,0.44885784
4121,model_1,0.2275,0.22490194
4122,model_1,0.4214,0.38358122
4123,model_1,0.2582,0.3370337
4124,model_1,0.1072,0.03592372
4125,model_1,0.3005,0.25850838
4126,model_1,0.1624,0.20209536
4127,model_1,0.1631,0.10642919
4128,model_1,0.1303,0.07827817
4129,model_1,0.1131,0.09276408
4130,model_1,0.3484,0.2760168
4131,model_1,0.4595,0.45597908
4132,model_1,0.2166,0.29448628
4133,model_1,0.0623,0.002695918
4134,model_1,0.065,0.07007632
4135,model_1,0.1526,0.19681513
4136,model_1,0.0158,-0.08009574
4137,model_1,0.0356,0.0028587282
4138,model_1,0.059,0.14141753
4139,model_1,0.0938,0.036460415
4140,model_1,0.9534,0.8726415
4141,model_1,0.1901,0.19141737
4142,model_1,0.5813,0.50008583
4143,model_1,0.1318,0.11893754
4144,model_1,-0.1775,-0.07825488
4145,model_1,0.1606,0.17880313
4146,model_1,0.0563,0.12133175
4147,model_1,0.1307,0.1890878
4148,model_1,0.2226,0.21906668
4149,model_1,0.7866,0.8042686
4150,model_1,0.2205,0.20430148
4151,model_1,0.4451,0.38221782
4152,model_1,0.156,0.14403832
4153,model_1,-0.1083,-0.07954389
4154,model_1,0.0564,0.14105725
4155,model_1,0.4211,0.38244754
4156,model_1,0.146,0.15683138
4157,model_1,-0.0181,-0.047812045
4158,model_1,0.5689,0.51656926
4159,model_1,0.2777,0.38340527
4160,model_1,0.1707,0.13216822
4161,model_1,0.1485,0.10795657
4162,model_1,0.2455,0.17916599
4163,model_1,-0.0107,0.19449963
4164,model_1,-0.0609,-0.036121786
4165,model_1,0.4845,0.48509273
4166,model_1,-0.0678,-0.08481401
4167,model_1,0.149,0.35182166
4168,model_1,0.2615,0.32474327
4169,model_1,0.4463,0.47985607
4170,model_1,-0.1842,-0.16823485
4171,model_1,-0.0281,-0.05885154
4172,model_1,0.0583,0.06967728
4173,model_1,0.9045,0.90731394
4174,model_1,0.4643,0.4579398
4175,model_1,0.3083,0.34850052
4176,model_1,0.3324,0.36469883
4177,model_1,0.72,0.7153715
4178,model_1,0.6579,0.623612
4179,model_1,0.1855,0.14792886
4180,model_1,0.2354,0.15281439
4181,model_1,0.3258,0.2550856
4182,model_1,0.0164,-0.02645576
4183,model_1,1.0375,0.11382756
4184,model_1,0.316,0.33530027
4185,model_1,-0.0123,-0.0272156
4186,model_1,0.15,0.1930426
4187,model_1,0.3945,0.38318384
4188,model_1,0.0588,0.030863464
4189,model_1,0.703,0.7007948
4190,model_1,0.7689,0.7524125
4191,model_1,0.0864,0.082704425
4192,model_1,0.1213,0.16438228
4193,model_1,0.0583,0.08169973
4194,model_1,0.1236,0.17199984
4195,model_1,0.1675,0.186282
4196,model_1,0.1384,0.24587727
4197,model_1,0.0729,0.047244325
4198,model_1,0.3622,0.3199607
4199,model_1,0.0907,0.08492178
4200,model_1,0.8115,0.7746399
4201,model_1,-0.094,-0.0064967573
4202,model_1,0.2585,0.28674808
4203,model_1,0.1499,0.092595786
4204,model_1,0.1691,0.16908516
4205,model_1,0.662,0.5255525
4206,model_1,-0.0127,-0.055719376
4207,model_1,0.6682,0.73149073
4208,model_1,0.099,0.070938766
4209,model_1,0.3809,0.43355498
4210,model_1,0.5435,0.15607253
4211,model_1,-0.0243,-0.06729001
4212,model_1,-0.0053,0.06489912
4213,model_1,0.3056,0.3478886
4214,model_1,0.0373,0.0470241
4215,model_1,0.8759,0.9154556
4216,model_1,0.2478,0.22242105
4217,model_1,0.2162,0.15963238
4218,model_1,0.0773,0.07799302
4219,model_1,0.3395,0.38081655
4220,model_1,0.9355,0.9359133
4221,model_1,0.613,0.6222037
4222,model_1,-0.1075,-0.09090817
4223,model_1,0.0822,0.1066518
4224,model_1,0.0108,0.034699574
4225,model_1,0.259,0.25324988
4226,model_1,0.5039,0.45210567
4227,model_1,0.3222,0.38089103
4228,model_1,0.0214,0.06314582
4229,model_1,0.0952,0.09051064
4230,model_1,0.081,0.13386098
4231,model_1,-0.0042,-0.046613544
4232,model_1,0.4702,0.32820055
4233,model_1,0.554,0.48720098
4234,model_1,-0.0034,0.0060780793
4235,model_1,-0.0684,-0.075626016
4236,model_1,0.39,0.41693678
4237,model_1,0.2728,0.19138761
4238,model_1,0.0363,0.14469409
4239,model_1,0.1011,0.21054918
4240,model_1,0.7641,0.868218
4241,model_1,0.0253,0.03243491
4242,model_1,0.9953,0.96538657
4243,model_1,0.0248,-0.04200256
4244,model_1,0.8611,0.86653537
4245,model_1,0.0561,0.0060641468
4246,model_1,-0.0583,-0.0786441
4247,model_1,0.2976,0.3627737
4248,model_1,0.4372,0.5120346
4249,model_1,0.3029,0.25050914
4250,model_1,-0.0356,-0.038511276
4251,model_1,0.1042,0.07270357
4252,model_1,0.0965,0.14038497
4253,model_1,0.4579,0.452546
4254,model_1,0.2938,0.26463634
4255,model_1,0.2888,0.24851282
4256,model_1,0.171,0.22713125
4257,model_1,0.119,0.01575607
4258,model_1,0.0013,-0.040619195
4259,model_1,0.2895,0.19498457
4260,model_1,0.1301,0.116233125
4261,model_1,0.2691,0.31894302
4262,model_1,-0.0018,0.08045097
4263,model_1,-0.0533,-0.058365226
4264,model_1,-0.0197,-0.025832474
4265,model_1,-0.1484,-0.16617852
4266,model_1,0.1951,0.2675773
4267,model_1,0.4055,0.3702469
4268,model_1,0.1106,0.113833874
4269,model_1,0.0583,0.032650724
4270,model_1,0.3938,0.34362704
4271,model_1,0.3675,0.48766583
4272,model_1,0.226,0.090510294
4273,model_1,0.1813,0.19612104
4274,model_1,0.3399,0.30997348
4275,model_1,0.5554,0.5010675
4276,model_1,0.3334,0.36442
4277,model_1,0.188,0.21186711
4278,model_1,0.4514,0.45867565
4279,model_1,0.7766,0.77372485
4280,model_1,0.014,0.050805002
4281,model_1,0.5141,0.48532027
4282,model_1,0.6249,0.58882946
4283,model_1,-0.0204,0.1464389
4284,model_1,-0.0292,0.034830153
4285,model_1,-0.0013,0.08427596
4286,model_1,0.521,0.43501157
4287,model_1,0.0204,0.03881538
4288,model_1,0.1793,0.18978563
4289,model_1,0.1437,0.19404759
4290,model_1,0.3305,0.29298848
4291,model_1,0.2216,0.19836754
4292,model_1,0.143,0.1935519
4293,model_1,0.1599,0.11812046
4294,model_1,0.4018,0.2676619
4295,model_1,0.3214,0.25356412
4296,model_1,-0.0285,0.04531637
4297,model_1,0.4932,0.54199934
4298,model_1,0.0513,0.091270596
4299,model_1,0.2945,0.32425272
4300,model_1,0.5139,0.49616125
4301,model_1,0.0032,0.040754348
4302,model_1,-0.0776,0.07743557
4303,model_1,0.7907,0.81620383
4304,model_1,0.0768,0.10856463
4305,model_1,0.3617,0.42144784
4306,model_1,-0.0198,-0.0012739301
4307,model_1,0.6612,0.6556011
4308,model_1,0.1361,0.12533459
4309,model_1,0.5632,0.6103274
4310,model_1,0.9331,0.91109544
4311,model_1,0.0125,-0.13949648
4312,model_1,0.0072,0.045078903
4313,model_1,0.7001,0.7246921
4314,model_1,0.034,0.08848417
4315,model_1,0.4225,0.4376049
4316,model_1,0.1126,0.12687477
4317,model_1,0.0721,0.07903877
4318,model_1,0.1665,0.15047999
4319,model_1,0.078,0.11695305
4320,model_1,0.06,0.2723345
4321,model_1,0.1683,0.21975082
4322,model_1,0.096,0.07455826
4323,model_1,0.4518,0.45085827
4324,model_1,0.0037,-0.013965577
4325,model_1,0.2332,0.23313387
4326,model_1,0.2451,0.15947194
4327,model_1,0.1306,0.1446635
4328,model_1,0.4912,0.40334472
4329,model_1,0.438,0.40935087
4330,model_1,0.3898,0.3703443
4331,model_1,0.3649,0.41281936
4332,model_1,0.3244,0.32004207
4333,model_1,0.3028,0.35697657
4334,model_1,-0.187,-0.13582009
4335,model_1,0.1084,0.055746242
4336,model_1,0.5668,0.580173
4337,model_1,-0.1221,-0.070893645
4338,model_1,0.085,0.19793114
4339,model_1,0.063,0.108015046
4340,model_1,0.4078,0.2726293
4341,model_1,0.2179,0.26101
4342,model_1,0.1821,0.14149925
4343,model_1,0.933,0.9133446
4344,model_1,0.5797,0.536981
4345,model_1,0.1825,0.16611819
4346,model_1,0.8254,0.82611024
4347,model_1,0.2645,0.18843773
4348,model_1,-0.0714,0.001568526
4349,model_1,-0.0069,0.08473165
4350,model_1,0.0945,0.14389087
4351,model_1,0.3143,0.23000863
4352,model_1,-0.1018,-0.101513326
4353,model_1,0.6001,0.5653684
4354,model_1,0.1164,0.078179315
4355,model_1,0.095,0.12276337
4356,model_1,-0.0098,0.020744026
4357,model_1,0.8549,0.8662203
4358,model_1,0.2036,0.08409768
4359,model_1,0.2435,0.29617637
4360,model_1,0.1837,0.21763195
4361,model_1,0.0951,0.11712802
4362,model_1,0.516,0.52837443
4363,model_1,0.1125,0.15849689
4364,model_1,0.1863,0.23288456
4365,model_1,0.2154,0.2701239
4366,model_1,0.1181,0.11371249
4367,model_1,0.2475,0.2232495
4368,model_1,0.067,0.13326344
4369,model_1,0.852,0.81917673
4370,model_1,0.0897,0.068145394
4371,model_1,0.4416,0.42069396
4372,model_1,0.5557,0.6193164
4373,model_1,0.2298,0.20810966
4374,model_1,-0.1654,-0.12691998
4375,model_1,0.0125,0.027024955
4376,model_1,0.0092,0.0014471114
4377,model_1,-0.0897,-0.10392162
4378,model_1,0.3822,0.29377848
4379,model_1,0.5789,0.6006853
4380,model_1,0.4113,0.41356835
4381,model_1,-0.1034,-0.012226045
4382,model_1,0.1985,0.24638046
4383,model_1,0.8832,0.80159
4384,model_1,0.1488,0.12229544
4385,model_1,0.2965,0.3240592
4386,model_1,0.6032,0.58321553
4387,model_1,-0.0282,-0.04915929
4388,model_1,0.0569,0.107203454
4389,model_1,0.093,0.096866354
4390,model_1,-0.0459,-0.026888847
4391,model_1,0.2319,0.2335366
4392,model_1,0.2506,0.24266814
4393,model_1,0.4566,0.47175708
4394,model_1,0.1457,0.20063053
4395,model_1,-0.0914,-0.067668915
4396,model_1,0.2942,0.2533508
4397,model_1,0.5262,0.5277375
4398,model_1,0.0416,0.083749145
4399,model_1,0.7257,0.7502201
4400,model_1,0.6308,0.57529414
4401,model_1,0.2491,0.23969975
4402,model_1,-0.0274,0.05331087
4403,model_1,0.2292,0.19680175
4404,model_1,0.3416,0.3660324
4405,model_1,0.3634,0.40575796
4406,model_1,0.3837,0.38544184
4407,model_1,0.1869,0.11978498
4408,model_1,0.364,0.3745949
4409,model_1,0.2319,0.2405045
4410,model_1,0.626,0.66353416
4411,model_1,0.0966,0.13495371
4412,model_1,0.2582,0.3321467
4413,model_1,0.1185,0.105984926
4414,model_1,-0.0204,-0.015436381
4415,model_1,0.4945,0.55651736
4416,model_1,0.7915,0.8019853
4417,model_1,0.1871,0.21618508
4418,model_1,0.4433,0.4187552
4419,model_1,0.5355,0.29314542
4420,model_1,0.2359,0.107528165
4421,model_1,-0.1723,-0.11304259
4422,model_1,0.7331,0.6697782
4423,model_1,0.017,0.0351862
4424,model_1,0.0468,0.096955985
4425,model_1,0.1081,0.08723897
4426,model_1,0.5169,0.5322691
4427,model_1,0.1581,0.21100731
4428,model_1,0.2716,0.20703465
4429,model_1,-0.0091,0.19752494
4430,model_1,0.2845,0.384552
4431,model_1,0.1614,0.13588913
4432,model_1,0.2325,0.22504967
4433,model_1,0.2657,0.27146652
4434,model_1,0.3382,0.44463146
4435,model_1,0.0557,0.068582565
4436,model_1,0.0353,-0.002724886
4437,model_1,0.4631,0.4131593
4438,model_1,0.2054,0.38236988
4439,model_1,0.2047,0.15487121
4440,model_1,0.2656,0.27257216
4441,model_1,0.4777,0.45516306
4442,model_1,0.4064,0.35512695
4443,model_1,0.0242,0.04153195
4444,model_1,0.4592,0.5356847
4445,model_1,0.3243,0.23144719
4446,model_1,0.1352,0.24836378
4447,model_1,0.0255,0.029064387
4448,model_1,0.763,0.6647685
4449,model_1,0.3208,0.3274473
4450,model_1,0.263,0.2090104
4451,model_1,-0.1737,-0.1649087
4452,model_1,0.06,0.11738603
4453,model_1,0.1509,0.10581307
4454,model_1,0.0046,0.022120386
4455,model_1,0.1508,0.25188768
4456,model_1,0.4075,0.42846823
4457,model_1,-0.0958,-0.058614194
4458,model_1,0.6353,0.64267087
4459,model_1,0.0677,0.040645093
4460,model_1,0.0777,0.05443482
4461,model_1,0.3265,0.33269116
4462,model_1,0.4886,0.4509006
4463,model_1,0.3461,0.34799683
4464,model_1,0.2767,0.19769421
4465,model_1,0.028,0.04598704
4466,model_1,-0.0594,-0.02061966
4467,model_1,0.2676,0.20939809
4468,model_1,0.6202,0.66379243
4469,model_1,0.6222,0.6025141
4470,model_1,0.2337,0.15151207
4471,model_1,0.0217,0.04111722
4472,model_1,0.0808,0.059637725
4473,model_1,0.6454,0.60766
4474,model_1,0.2006,0.20261133
4475,model_1,0.0439,0.03501469
4476,model_1,0.0938,0.09462941
4477,model_1,0.1716,0.10091233
4478,model_1,0.3675,0.4339928
4479,model_1,0.0772,0.056341976
4480,model_1,0.0081,0.021526083
4481,model_1,0.3238,0.34528416
4482,model_1,0.2074,0.16421044
4483,model_1,-0.1353,-0.10324758
4484,model_1,0.1654,0.13587736
4485,model_1,0.138,0.15828101
4486,model_1,0.1193,0.1532125
4487,model_1,0.3876,0.40197825
4488,model_1,0.2061,0.2486596
4489,model_1,0.1914,0.17045256
4490,model_1,0.1146,0.13050857
4491,model_1,0.3428,0.38808054
4492,model_1,0.2016,0.15577972
4493,model_1,0.004,-0.010607362
4494,model_1,-0.0615,-0.05725071
4495,model_1,0.0115,-0.032170713
4496,model_1,0.3994,0.37646788
4497,model_1,0.3747,0.34504104
4498,model_1,-0.0404,-0.09928447
4499,model_1,0.1129,0.11006084
4500,model_1,0.0254,0.18437365
4501,model_1,0.3359,0.3454169
4502,model_1,0.3289,0.40881306
4503,model_1,0.2501,0.25548416
4504,model_1,0.0667,0.08326635
4505,model_1,0.376,0.37975612
4506,model_1,0.2322,0.23451596
4507,model_1,0.6713,0.6528708
4508,model_1,0.2583,0.2581712
4509,model_1,-0.1739,-0.17105252
4510,model_1,0.4033,0.35549602
4511,model_1,0.3128,0.33160514
4512,model_1,0.225,0.34670386
4513,model_1,0.4413,0.36625445
4514,model_1,0.5502,0.4120162
4515,model_1,-0.1033,-0.07999477
4516,model_1,0.4696,0.5093242
4517,model_1,0.1569,0.23631461
4518,model_1,0.7745,0.83242327
4519,model_1,0.0668,0.08353165
4520,model_1,0.2269,0.22477923
4521,model_1,0.319,0.3844918
4522,model_1,0.7016,0.7280954
4523,model_1,0.4465,0.4210684
4524,model_1,0.7297,0.7619803
4525,model_1,0.1823,0.14332916
4526,model_1,0.0871,0.041891754
4527,model_1,0.9148,0.89883184
4528,model_1,0.3055,0.16434525
4529,model_1,0.1637,0.16927466
4530,model_1,0.043,0.037554234
4531,model_1,0.4691,0.43940365
4532,model_1,-0.0116,0.068492115
4533,model_1,0.0677,0.14081362
4534,model_1,1.0351,0.95247585
4535,model_1,0.2866,0.30016473
4536,model_1,0.5892,0.5922477
4537,model_1,0.2871,0.2729994
4538,model_1,0.3392,0.37916654
4539,model_1,0.1945,0.16733637
4540,model_1,-0.0428,-0.036056697
4541,model_1,0.1463,0.12424438
4542,model_1,0.4978,0.5118788
4543,model_1,0.0223,0.08226244
4544,model_1,-0.2064,-0.17156255
4545,model_1,0.132,0.21691889
4546,model_1,0.4167,0.38197032
4547,model_1,0.2501,0.2790748
4548,model_1,0.2171,0.2064102
4549,model_1,0.1105,0.13298011
4550,model_1,0.0503,0.051261455
4551,model_1,0.2735,0.28056097
4552,model_1,0.0873,0.09389332
4553,model_1,0.5796,0.5944519
4554,model_1,0.0003,-0.004518941
4555,model_1,-0.0934,-0.06711277
4556,model_1,0.1482,0.26447007
4557,model_1,0.0249,-0.0030632913
4558,model_1,0.4947,0.52475464
4559,model_1,0.0184,0.070771664
4560,model_1,0.0993,0.06660503
4561,model_1,0.187,0.21399717
4562,model_1,0.0136,0.025351644
4563,model_1,0.1294,0.13790274
4564,model_1,0.6397,0.6711434
4565,model_1,0.1758,0.20341015
4566,model_1,0.8494,0.83276945
4567,model_1,0.281,0.323922
4568,model_1,0.3135,0.27651358
4569,model_1,0.1963,0.21291946
4570,model_1,0.1392,0.24340484
4571,model_1,0.0709,0.057510585
4572,model_1,0.2538,0.24740914
4573,model_1,0.3353,0.3039755
4574,model_1,0.1278,0.23106825
4575,model_1,0.0601,0.11465548
4576,model_1,0.3528,0.34386578
4577,model_1,-0.0167,-0.01649195
4578,model_1,0.0699,0.023628399
4579,model_1,0.3068,0.3451361
4580,model_1,0.1487,0.11643501
4581,model_1,0.0721,0.032517433
4582,model_1,0.0948,0.23741798
4583,model_1,0.2498,0.22830942
4584,model_1,-0.0045,0.013327152
4585,model_1,0.3489,0.33007672
4586,model_1,0.1775,0.11570817
4587,model_1,0.9593,0.9330629
4588,model_1,0.5318,0.5397807
4589,model_1,0.1328,0.12725061
4590,model_1,0.8902,0.91543096
4591,model_1,0.8085,0.7980539
4592,model_1,0.2134,0.17898549
4593,model_1,0.0409,0.0682846
4594,model_1,0.0493,0.15824214
4595,model_1,0.2674,0.285698
4596,model_1,-0.0119,-0.06128171
4597,model_1,0.0361,0.093413115
4598,model_1,0.1232,0.13834071
4599,model_1,0.1429,0.18827671
4600,model_1,0.2992,0.32616594
4601,model_1,0.3465,0.35246715
4602,model_1,0.2316,0.12648907
4603,model_1,0.1824,0.31998137
4604,model_1,0.0313,0.06139137
4605,model_1,0.0511,0.06457965
4606,model_1,0.0657,0.028730288
4607,model_1,0.085,0.08143754
4608,model_1,0.0969,-0.060476303
4609,model_1,0.3266,0.20767845
4610,model_1,0.3937,0.35291564
4611,model_1,0.2028,0.20119062
4612,model_1,0.6593,0.65081924
4613,model_1,0.1117,0.059645712
4614,model_1,0.1911,0.13645458
4615,model_1,0.5376,0.4216044
4616,model_1,0.254,0.2821415
4617,model_1,0.2467,0.20476711
4618,model_1,0.8268,0.8015196
4619,model_1,-0.0075,-0.0033454
4620,model_1,0.4988,0.5280669
4621,model_1,0.1429,0.04208015
4622,model_1,0.2088,0.23185787
4623,model_1,-0.1882,-0.17475647
4624,model_1,0.1047,0.040429503
4625,model_1,0.3921,0.40703517
4626,model_1,0.5848,0.58763194
4627,model_1,0.062,0.066679865
4628,model_1,0.4068,0.40236738
4629,model_1,0.9933,0.99139273
4630,model_1,-0.0668,-0.0763745
4631,model_1,-0.0142,0.013915122
4632,model_1,0.485,0.47522318
4633,model_1,0.1266,0.14494675
4634,model_1,0.1583,0.123555854
4635,model_1,0.0387,0.1255094
4636,model_1,-0.0162,0.23690449
4637,model_1,0.528,0.39671615
4638,model_1,0.5823,0.61209553
4639,model_1,0.459,0.48512423
4640,model_1,0.3517,0.3110003
4641,model_1,-0.0328,0.114283055
4642,model_1,0.8001,0.84869397
4643,model_1,0.1329,0.17476794
4644,model_1,0.5207,0.5350504
4645,model_1,-0.075,-0.038182914
4646,model_1,0.193,0.19117762
4647,model_1,0.368,0.26053816
4648,model_1,-0.0779,0.099326104
4649,model_1,0.1726,0.14770284
4650,model_1,0.1804,0.20615765
4651,model_1,-0.2896,0.030408144
4652,model_1,0.1925,0.005822718
4653,model_1,0.1245,0.1421183
4654,model_1,0.0381,0.045988977
4655,model_1,0.4929,0.3587386
4656,model_1,0.0014,0.013534844
4657,model_1,0.3769,0.3374117
4658,model_1,0.3143,0.30997252
4659,model_1,-0.2217,-0.1975956
4660,model_1,0.6451,0.70183575
4661,model_1,0.6323,0.6356435
4662,model_1,0.071,0.056604117
4663,model_1,0.408,0.34370857
4664,model_1,-0.1016,-0.05188614
4665,model_1,0.22,0.13722238
4666,model_1,0.0412,-0.004033357
4667,model_1,0.2994,0.2600318
4668,model_1,-0.1873,-0.16412419
4669,model_1,0.1714,0.1343767
4670,model_1,0.3895,0.3407567
4671,model_1,0.0051,0.06251994
4672,model_1,-0.1487,0.11359748
4673,model_1,0.0377,0.041730672
4674,model_1,0.1726,-0.021062255
4675,model_1,0.356,0.3043946
4676,model_1,0.6026,0.724138
4677,model_1,0.9037,0.9262787
4678,model_1,0.0507,0.07755703
4679,model_1,0.2412,0.24183123
4680,model_1,0.4222,0.43828583
4681,model_1,0.1543,0.12610912
4682,model_1,-0.1577,-0.06396443
4683,model_1,0.2097,0.31852084
4684,model_1,0.051,-0.037190437
4685,model_1,0.2453,0.22066338
4686,model_1,0.214,0.25047764
4687,model_1,-0.0804,-0.11560047
4688,model_1,0.4263,0.38802657
4689,model_1,0.0379,0.063752905
4690,model_1,0.6786,0.63994926
4691,model_1,0.4221,0.35209942
4692,model_1,0.0802,0.06318495
4693,model_1,0.563,0.45394337
4694,model_1,0.1303,0.2568838
4695,model_1,0.0919,-0.039483756
4696,model_1,0.3505,0.255591
4697,model_1,0.242,0.26223683
4698,model_1,-0.0975,-0.096836835
4699,model_1,0.0942,0.19736756
4700,model_1,0.1172,0.14939128
4701,model_1,0.6905,0.6692802
4702,model_1,0.371,0.4047126
4703,model_1,0.4858,0.48492396
4704,model_1,0.5706,0.40416348
4705,model_1,-0.1253,-0.14715141
4706,model_1,0.0834,0.12504157
4707,model_1,0.6273,0.58320534
4708,model_1,0.3577,0.34020567
4709,model_1,0.0899,0.17597389
4710,model_1,0.0335,-0.021729767
4711,model_1,0.0625,0.046897545
4712,model_1,0.0213,0.1636785
4713,model_1,0.1919,0.22814198
4714,model_1,0.4724,0.44100735
4715,model_1,0.0326,0.045490384
4716,model_1,0.1128,0.068169594
4717,model_1,0.1315,0.08088918
4718,model_1,0.1653,0.0926296
4719,model_1,-0.0728,-0.08294779
4720,model_1,-0.114,-0.08683592
4721,model_1,0.2735,0.2833268
4722,model_1,0.8884,0.8726985
4723,model_1,0.2722,0.32876098
4724,model_1,0.3004,0.28048328
4725,model_1,0.7474,0.79886246
4726,model_1,0.2589,0.13007882
4727,model_1,0.0447,0.07505289
4728,model_1,0.2061,0.2527051
4729,model_1,0.0291,0.01979804
4730,model_1,0.2104,0.15672353
4731,model_1,0.0187,0.076415285
4732,model_1,-0.0462,-0.0026575774
4733,model_1,0.1764,0.14335418
4734,model_1,-0.0138,0.0057203174
4735,model_1,0.2155,0.2628431
4736,model_1,0.5185,0.49066198
4737,model_1,0.2074,0.13704824
4738,model_1,0.0837,0.033170894
4739,model_1,0.1443,0.076039925
4740,model_1,0.2864,0.27291352
4741,model_1,0.3394,0.43405592
4742,model_1,0.0454,0.012350142
4743,model_1,0.1845,0.11283672
4744,model_1,0.9124,0.9270047
4745,model_1,0.2136,0.18304096
4746,model_1,0.2462,0.17059638
4747,model_1,0.4199,0.3826283
4748,model_1,-0.1537,0.017230734
4749,model_1,0.1152,0.021747231
4750,model_1,0.1232,0.1216484
4751,model_1,0.2091,0.1679802
4752,model_1,0.4248,0.40875897
4753,model_1,0.6352,0.44781536
4754,model_1,-0.1385,-0.09741849
4755,model_1,0.4064,0.40716648
4756,model_1,-0.0552,0.047499612
4757,model_1,-0.0939,0.0772154
4758,model_1,0.4104,0.37998176
4759,model_1,-0.0073,-0.015168846
4760,model_1,0.9148,0.90494305
4761,model_1,0.0083,-0.00716877
4762,model_1,0.0857,0.10101731
4763,model_1,-0.0063,0.07708168
4764,model_1,0.2967,0.3180341
4765,model_1,-0.0607,-0.14771748
4766,model_1,0.2138,0.27725217
4767,model_1,0.4736,0.5316835
4768,model_1,0.1533,0.069316715
4769,model_1,0.4513,0.44166237
4770,model_1,0.3395,0.33166033
4771,model_1,-0.0189,-0.018204987
4772,model_1,0.8791,0.9355974
4773,model_1,0.1473,0.22792953
4774,model_1,0.1698,0.22178231
4775,model_1,0.1831,0.29381284
4776,model_1,0.7353,0.75009674
4777,model_1,0.4847,0.5133176
4778,model_1,-0.0254,-0.0020721108
4779,model_1,0.2209,0.23073786
4780,model_1,0.7515,0.7768623
4781,model_1,-0.0264,-0.031495184
4782,model_1,0.5082,0.50051963
4783,model_1,0.3588,0.2389906
4784,model_1,0.5204,0.57491523
4785,model_1,0.3167,0.33054247
4786,model_1,0.1102,0.1402878
4787,model_1,0.1073,0.13327183
4788,model_1,1.1103,1.0701847
4789,model_1,0.549,0.56988305
4790,model_1,0.762,0.78084534
4791,model_1,-0.0115,-0.04254076
4792,model_1,0.1339,0.29150137
4793,model_1,0.0819,0.31743872
4794,model_1,0.2188,0.20682815
4795,model_1,0.1068,0.09666154
4796,model_1,0.1457,0.16353771
4797,model_1,0.7235,0.6896683
4798,model_1,0.39,0.42138338
4799,model_1,0.3256,0.4183566
4800,model_1,0.3115,0.2551539
4801,model_1,-0.1716,-0.061838806
4802,model_1,0.1155,0.097757
4803,model_1,0.007,0.04086083
4804,model_1,0.3953,0.3581378
4805,model_1,0.072,0.07013868
4806,model_1,0.3808,0.373478
4807,model_1,0.5663,0.5015434
4808,model_1,0.1624,0.19055046
4809,model_1,0.0368,0.019310698
4810,model_1,0.5683,0.5547664
4811,model_1,-0.0079,-0.0060200393
4812,model_1,0.3517,0.34806094
4813,model_1,0.6082,0.47508603
4814,model_1,0.7429,0.7690292
4815,model_1,0.0105,0.11403625
4816,model_1,0.2693,0.23836678
4817,model_1,0.517,0.45684376
4818,model_1,0.5673,0.57381785
4819,model_1,0.1328,0.06429833
4820,model_1,0.6668,0.70358664
4821,model_1,0.2226,0.13720103
4822,model_1,0.7032,0.69742376
4823,model_1,-0.1635,-0.08571994
4824,model_1,0.181,0.21210581
4825,model_1,-0.0199,0.010695577
4826,model_1,0.3274,0.33678094
4827,model_1,0.3624,0.34476674
4828,model_1,0.1316,0.11955027
4829,model_1,0.8579,0.8192018
4830,model_1,0.7141,0.65494895
4831,model_1,-0.0444,0.05319491
4832,model_1,0.3701,0.3493557
4833,model_1,0.5904,0.6152587
4834,model_1,0.3652,0.06184575
4835,model_1,0.2804,0.31989712
4836,model_1,0.5209,0.5587251
4837,model_1,0.1839,0.15344012
4838,model_1,0.5547,0.6062633
4839,model_1,0.5531,0.5753412
4840,model_1,-0.2216,-0.177861
4841,model_1,0.0871,0.10840216
4842,model_1,0.4264,0.38182914
4843,model_1,0.1815,0.2678757
4844,model_1,0.4096,0.37017494
4845,model_1,0.0911,0.09233914
4846,model_1,0.5758,0.5804038
4847,model_1,-0.1048,-0.06685737
4848,model_1,0.8405,0.80407786
4849,model_1,0.2663,0.27243155
4850,model_1,0.1075,0.09832063
4851,model_1,0.2118,0.060022622
4852,model_1,0.2455,0.2065486
4853,model_1,0.4032,0.384259
4854,model_1,0.3312,0.20250937
4855,model_1,0.1881,0.10103291
4856,model_1,-0.0618,-0.018410146
4857,model_1,0.1864,0.22019386
4858,model_1,0.2852,0.23784822
4859,model_1,0.2788,0.2713797
4860,model_1,0.2227,0.3523454
4861,model_1,0.4475,0.47790527
4862,model_1,0.312,0.20019571
4863,model_1,0.0203,-0.010518551
4864,model_1,0.5141,0.5234803
4865,model_1,0.1486,0.13718314
4866,model_1,0.4324,0.41526318
4867,model_1,0.1087,0.16854163
4868,model_1,-0.0272,-0.039738566
4869,model_1,0.4206,0.3521058
4870,model_1,0.1171,0.055137694
4871,model_1,-0.0024,-0.023120642
4872,model_1,0.2331,0.3184834
4873,model_1,0.6584,0.64813447
4874,model_1,0.5306,0.46074423
4875,model_1,0.058,0.0691334
4876,model_1,0.1694,0.19087371
4877,model_1,0.2488,0.20224316
4878,model_1,0.7782,0.8259388
4879,model_1,0.7301,0.6823437
4880,model_1,0.4872,0.45957035
4881,model_1,0.3047,0.222078
4882,model_1,0.4026,0.4142193
4883,model_1,0.2868,0.35944742
4884,model_1,0.2601,0.25788087
4885,model_1,0.2864,0.3152067
4886,model_1,-0.0737,-0.091253996
4887,model_1,-0.1567,-0.14386722
4888,model_1,0.3182,0.2852502
4889,model_1,0.1043,0.31681263
4890,model_1,0.0549,0.010375828
4891,model_1,0.0428,0.11601661
4892,model_1,0.1419,0.14301243
4893,model_1,0.239,0.28589064
4894,model_1,0.0778,0.08419047
4895,model_1,0.0979,0.07021719
4896,model_1,0.2467,0.32114837
4897,model_1,0.2936,0.20177446
4898,model_1,0.0184,0.011481494
4899,model_1,0.5433,0.5438266
4900,model_1,0.1661,0.16786182
4901,model_1,0.0102,0.015152961
4902,model_1,0.328,0.4091907
4903,model_1,0.3012,0.36734217
4904,model_1,0.3961,0.3296632
4905,model_1,-0.046,-0.07475746
4906,model_1,0.4209,0.3927094
4907,model_1,-0.0298,-0.06265977
4908,model_1,0.4238,0.34594136
4909,model_1,0.7708,0.7097943
4910,model_1,0.2092,0.15343842
4911,model_1,0.2682,0.27587268
4912,model_1,0.2112,0.25982052
4913,model_1,0.0722,0.098805845
4914,model_1,0.4688,0.47633052
4915,model_1,1.2481,1.2343807
4916,model_1,0.0095,0.10420559
4917,model_1,-0.0358,0.0013751835
4918,model_1,0.0479,0.026728868
4919,model_1,0.288,0.32912913
4920,model_1,0.1683,0.30143744
4921,model_1,0.1172,0.04514493
4922,model_1,0.4266,0.42701578
4923,model_1,0.3837,0.2753604
4924,model_1,0.488,0.49652886
4925,model_1,0.6812,0.68656147
4926,model_1,0.0646,0.017919913
4927,model_1,0.4051,0.40421087
4928,model_1,0.2185,0.17789154
4929,model_1,0.0046,0.17476341
4930,model_1,-0.0587,0.029019311
4931,model_1,-0.119,-0.12608817
4932,model_1,0.2613,0.32239234
4933,model_1,-0.1103,-0.09542295
4934,model_1,0.3013,0.24815197
4935,model_1,0.0802,0.14488025
4936,model_1,0.0919,0.097076595
4937,model_1,0.0734,0.10381703
4938,model_1,0.2036,0.06063056
4939,model_1,0.1758,0.109932125
4940,model_1,0.4952,0.48842916
4941,model_1,0.0146,0.027782485
4942,model_1,0.0189,0.10670334
4943,model_1,0.1586,0.13481735
4944,model_1,0.1125,0.11761844
4945,model_1,0.0615,0.093431324
4946,model_1,0.3706,0.35054183
4947,model_1,0.3743,0.43334
4948,model_1,0.2905,0.31731474
4949,model_1,0.0613,0.15829177
4950,model_1,0.3826,0.39575922
4951,model_1,0.0788,0.1170924
4952,model_1,0.1944,0.15270258
4953,model_1,0.149,0.16786295
4954,model_1,0.0361,-0.005473152
4955,model_1,-0.0545,-0.12058839
4956,model_1,0.2269,0.13975237
4957,model_1,0.1526,0.061834738
4958,model_1,0.5136,0.5612564
4959,model_1,0.0685,0.0794916
4960,model_1,0.1305,0.05280283
4961,model_1,-0.0875,-0.07128978
4962,model_1,0.236,0.110824704
4963,model_1,0.1842,0.2421136
4964,model_1,0.233,0.1749236
4965,model_1,-0.0317,-0.07928792
4966,model_1,0.4095,0.3622824
4967,model_1,0.1546,0.1960391
4968,model_1,0.037,0.043136716
4969,model_1,0.4872,0.49070305
4970,model_1,-0.0565,-0.044641554
4971,model_1,0.2253,0.23210044
4972,model_1,0.26,0.2663077
4973,model_1,0.1591,0.13894737
4974,model_1,0.6129,0.64033306
4975,model_1,0.2105,0.2274774
4976,model_1,0.1873,0.23462571
4977,model_1,0.0934,0.07864365
4978,model_1,0.0877,0.074907005
4979,model_1,0.0442,0.006578386
4980,model_1,0.1154,0.082894325
4981,model_1,0.0082,0.009941563
4982,model_1,0.1121,0.0429084
4983,model_1,-0.0619,-0.09706676
4984,model_1,0.0969,0.03180477
4985,model_1,0.6493,0.6341135
4986,model_1,-0.0399,0.0012310892
4987,model_1,0.3642,0.2876151
4988,model_1,0.172,0.13615933
4989,model_1,0.2563,0.26729563
4990,model_1,0.0851,0.13650678
4991,model_1,0.2932,0.26151904
4992,model_1,0.5883,0.5855068
4993,model_1,0.986,1.0559297
4994,model_1,0.1693,0.18528125
4995,model_1,-0.081,-0.11675757
4996,model_1,0.0795,0.17958306
4997,model_1,0.598,0.5839286
4998,model_1,-0.1057,-0.068687946
4999,model_1,0.0401,0.1152979
5000,model_1,-0.026,0.007151574
5001,model_1,0.1695,0.12876695
5002,model_1,0.1457,0.15760419
5003,model_1,0.048,0.07812697
5004,model_1,0.4423,0.4393768
5005,model_1,-0.1047,-0.08717266
5006,model_1,0.1764,0.21164392
5007,model_1,0.4468,0.3445739
5008,model_1,0.2157,0.26142904
5009,model_1,0.7374,0.749807
5010,model_1,0.2831,0.2389059
5011,model_1,-0.0106,0.06807546
5012,model_1,0.5457,0.50268656
5013,model_1,0.38,0.4024486
5014,model_1,0.2253,0.14648807
5015,model_1,0.0221,0.014985949
5016,model_1,0.1607,0.21857393
5017,model_1,0.1264,0.14798668
5018,model_1,0.2704,0.20166036
5019,model_1,0.1481,0.13617423
5020,model_1,0.0985,0.106773436
5021,model_1,-0.1075,-0.061285317
5022,model_1,0.2548,0.16218176
5023,model_1,0.7477,0.7866967
5024,model_1,0.0613,0.23059282
5025,model_1,0.2074,0.21055579
5026,model_1,0.171,0.11156443
5027,model_1,0.3925,0.37364239
5028,model_1,0.1038,0.13226542
5029,model_1,0.1708,0.19128668
5030,model_1,0.1756,0.18945882
5031,model_1,0.268,0.16613847
5032,model_1,0.0115,0.02632603
5033,model_1,0.1498,0.11304575
5034,model_1,0.1774,0.24089323
5035,model_1,0.2834,0.18652028
5036,model_1,0.4366,0.42340764
5037,model_1,-0.1291,-0.0666244
5038,model_1,0.0543,0.07600483
5039,model_1,0.166,0.19095261
5040,model_1,-0.0198,0.01649426
5041,model_1,0.5217,0.5143999
5042,model_1,0.4974,0.5292199
5043,model_1,0.8018,0.814042
5044,model_1,0.001,-0.031102717
5045,model_1,0.0906,0.21002775
5046,model_1,0.08,0.003707245
5047,model_1,0.2989,0.2753461
5048,model_1,0.5271,0.56636
5049,model_1,0.0527,0.083397865
5050,model_1,0.1759,0.17699437
5051,model_1,-0.005,0.0022275299
5052,model_1,0.1326,0.121286534
5053,model_1,0.4503,0.503538
5054,model_1,0.8067,0.8368869
5055,model_1,0.2021,0.24271199
5056,model_1,0.0948,0.15625778
5057,model_1,0.6697,0.69150245
5058,model_1,0.0943,0.18554652
5059,model_1,-0.0418,0.13796464
5060,model_1,-0.1715,-0.12623668
5061,model_1,0.4907,0.2994507
5062,model_1,0.3563,0.38132948
5063,model_1,0.273,0.26480404
5064,model_1,0.0497,0.0637407
5065,model_1,0.1157,-0.029839188
5066,model_1,0.0683,0.08605844
5067,model_1,0.4462,0.46030408
5068,model_1,0.4586,0.3981571
5069,model_1,0.105,0.11690973
5070,model_1,-0.0482,0.060209364
5071,model_1,0.0722,0.07593717
5072,model_1,0.2229,0.18173262
5073,model_1,-0.097,-0.11381537
5074,model_1,-0.0745,-0.068807185
5075,model_1,0.1814,0.19091535
5076,model_1,0.151,0.16637258
5077,model_1,0.4199,0.41910225
5078,model_1,0.3911,0.41092253
5079,model_1,0.2598,0.3721876
5080,model_1,0.205,0.16177845
5081,model_1,0.8629,0.95011824
5082,model_1,0.2017,0.20340186
5083,model_1,0.2738,0.24500854
5084,model_1,0.2729,0.31715828
5085,model_1,0.1047,0.11910516
5086,model_1,0.2687,0.30938566
5087,model_1,0.4552,0.4762748
5088,model_1,0.0912,0.0942636
5089,model_1,0.2364,-0.004925415
5090,model_1,0.3752,0.35055804
5091,model_1,-0.0452,0.03414592
5092,model_1,0.0379,-0.0006879866
5093,model_1,0.2634,0.25353792
5094,model_1,0.2613,0.29247376
5095,model_1,0.5924,0.5781277
5096,model_1,0.4075,0.44111645
5097,model_1,0.2985,0.3310745
5098,model_1,0.0114,0.03386146
5099,model_1,0.1721,0.10883275
5100,model_1,0.7463,0.69354403
5101,model_1,0.822,0.7303375
5102,model_1,0.092,0.16810334
5103,model_1,0.5429,0.5335622
5104,model_1,0.0645,0.08014193
5105,model_1,0.8555,0.84680873
5106,model_1,0.5486,0.54129285
5107,model_1,0.0234,0.04197423
5108,model_1,0.7415,0.71364117
5109,model_1,0.1729,0.12838282
5110,model_1,0.5305,0.54740596
5111,model_1,0.1403,0.16333826
5112,model_1,0.1661,0.043460026
5113,model_1,0.3813,0.39148748
5114,model_1,0.2974,0.1437037
5115,model_1,0.1201,0.14923365
5116,model_1,0.4217,0.45925397
5117,model_1,0.6828,0.6460093
5118,model_1,0.0717,0.10582155
5119,model_1,0.1757,0.16769278
5120,model_1,0.1569,-0.02094829
5121,model_1,0.6365,0.66881347
5122,model_1,0.2178,0.1836335
5123,model_1,0.0698,0.10026552
5124,model_1,0.344,0.3018586
5125,model_1,0.0696,0.11172414
5126,model_1,0.451,0.41026127
5127,model_1,0.1572,0.16148888
5128,model_1,0.3793,0.40795693
5129,model_1,-0.028,-0.06880987
5130,model_1,1.0119,1.0000377
5131,model_1,0.1828,0.03407556
5132,model_1,0.1722,0.043566674
5133,model_1,0.1229,0.09948592
5134,model_1,0.4359,0.45875448
5135,model_1,0.292,0.115854025
5136,model_1,0.2342,0.19064233
5137,model_1,0.1199,0.05083011
5138,model_1,0.585,0.60785425
5139,model_1,0.1999,0.2456529
5140,model_1,0.1048,0.052089006
5141,model_1,0.1235,0.20598415
5142,model_1,0.1082,0.11226922
5143,model_1,0.0133,0.10157594
5144,model_1,0.3418,0.35336775
5145,model_1,0.0902,0.13168703
5146,model_1,0.8834,0.886416
5147,model_1,0.3075,0.24982323
5148,model_1,-0.0527,-0.081258476
5149,model_1,0.4192,0.37198633
5150,model_1,0.6504,0.64071935
5151,model_1,0.0907,0.047352046
5152,model_1,0.4827,0.41229874
5153,model_1,-0.059,-0.056772053
5154,model_1,0.0586,0.05873488
5155,model_1,0.312,0.37646547
5156,model_1,0.2348,0.1334882
5157,model_1,0.0987,0.060532883
5158,model_1,-0.0676,-0.05229467
5159,model_1,0.1012,0.07343382
5160,model_1,0.2383,0.19856128
5161,model_1,0.1328,0.29027867
5162,model_1,0.0704,0.08872676
5163,model_1,-0.0616,-0.045937866
5164,model_1,0.1936,0.15773222
5165,model_1,0.0435,0.06124021
5166,model_1,0.3252,0.37881693
5167,model_1,0.3996,0.38014102
5168,model_1,0.1641,0.2069737
5169,model_1,-0.0151,-0.04993683
5170,model_1,0.4111,0.37529972
5171,model_1,0.492,0.4515791
5172,model_1,-0.1004,-0.12488976
5173,model_1,0.0652,0.03725718
5174,model_1,0.0,0.001599595
5175,model_1,0.3253,0.3369811
5176,model_1,0.1351,0.09189424
5177,model_1,0.3643,0.4265511
5178,model_1,0.292,0.30214113
5179,model_1,0.3349,0.34499568
5180,model_1,0.2678,0.23706707
5181,model_1,0.2469,0.34740686
5182,model_1,0.5129,0.46293122
5183,model_1,0.0552,0.046984166
5184,model_1,0.1143,0.100379765
5185,model_1,0.8039,0.88496935
5186,model_1,0.3607,0.37391844
5187,model_1,0.2068,0.32222682
5188,model_1,0.1913,0.10995276
5189,model_1,0.125,0.16733482
5190,model_1,0.1663,0.17958252
5191,model_1,0.076,0.042799234
5192,model_1,0.5044,0.47015852
5193,model_1,0.6423,0.6090585
5194,model_1,0.2791,0.31170094
5195,model_1,0.7579,0.74609256
5196,model_1,0.0767,0.11211005
5197,model_1,0.9146,0.892591
5198,model_1,0.1719,0.078421175
5199,model_1,0.1753,0.0670698
5200,model_1,0.0097,0.029156357
5201,model_1,0.4714,0.4858887
5202,model_1,0.0081,-0.019511938
5203,model_1,0.0169,0.08583212
5204,model_1,0.6104,0.587326
5205,model_1,0.112,0.16050388
5206,model_1,-0.1231,-0.06139356
5207,model_1,0.0399,0.2075336
5208,model_1,0.3282,0.3389526
5209,model_1,0.9108,0.9070194
5210,model_1,0.5306,0.44171816
5211,model_1,0.1133,0.07581481
5212,model_1,0.0486,0.0900411
5213,model_1,0.2478,0.29829302
5214,model_1,0.278,0.22109829
5215,model_1,0.4901,0.4959884
5216,model_1,0.1069,0.20391004
5217,model_1,0.2455,0.28799188
5218,model_1,0.6483,0.5992671
5219,model_1,0.2966,0.35643616
5220,model_1,0.3215,0.34224442
5221,model_1,0.1231,0.24225533
5222,model_1,0.7772,0.83722436
5223,model_1,0.4355,0.2653132
5224,model_1,0.2655,0.40050378
5225,model_1,0.1822,0.33410394
5226,model_1,0.6091,0.6627427
5227,model_1,0.6985,0.74941695
5228,model_1,0.4363,0.26974905
5229,model_1,0.2766,0.25902557
5230,model_1,0.2286,0.24045134
5231,model_1,0.1054,0.08493087
5232,model_1,0.0642,0.031278104
5233,model_1,0.4255,0.4191398
5234,model_1,0.1174,0.08551863
5235,model_1,0.1026,0.121393785
5236,model_1,0.0051,0.029076725
5237,model_1,0.2015,0.19804886
5238,model_1,0.2918,0.21771179
5239,model_1,0.0296,-0.1476343
5240,model_1,0.1481,0.15347435
5241,model_1,0.2316,0.28450823
5242,model_1,0.5369,0.56644756
5243,model_1,0.4383,0.34741116
5244,model_1,0.4534,0.29625684
5245,model_1,0.1349,0.12951946
5246,model_1,0.0524,0.0838722
5247,model_1,0.4313,0.39552018
5248,model_1,0.2227,0.15808737
5249,model_1,0.4021,0.30661833
5250,model_1,-0.0014,-0.01820606
5251,model_1,-0.0802,-0.029448718
5252,model_1,-0.0308,-0.093883455
5253,model_1,0.104,0.047261775
5254,model_1,0.2357,0.21442425
5255,model_1,0.8637,0.8505622
5256,model_1,-0.0106,0.033649057
5257,model_1,0.7437,0.76298434
5258,model_1,-0.0017,0.1410738
5259,model_1,-0.0048,0.039842576
5260,model_1,0.186,0.16572756
5261,model_1,0.062,0.06768161
5262,model_1,-0.0208,0.014770687
5263,model_1,0.2101,0.22789475
5264,model_1,0.2054,0.16257663
5265,model_1,0.2591,0.16543417
5266,model_1,-0.1055,-0.053069443
5267,model_1,0.3345,0.37754154
5268,model_1,-0.1211,-0.113358974
5269,model_1,0.108,0.081610665
5270,model_1,0.1811,0.12603794
5271,model_1,0.0623,0.049439996
5272,model_1,0.2292,0.47818846
5273,model_1,0.4991,0.51421005
5274,model_1,-0.0437,-0.11192769
5275,model_1,0.1702,0.18352178
5276,model_1,0.0618,0.0361903
5277,model_1,-0.0174,0.074204266
5278,model_1,0.3816,0.3075471
5279,model_1,0.4849,0.50166965
5280,model_1,0.1649,0.15305558
5281,model_1,0.2951,0.2832947
5282,model_1,0.7788,0.7596132
5283,model_1,0.1948,0.18723026
5284,model_1,0.5949,0.40738368
5285,model_1,0.1477,0.15256482
5286,model_1,0.0767,0.16905017
5287,model_1,0.148,0.16458488
5288,model_1,0.4527,0.4619926
5289,model_1,0.145,0.2915252
5290,model_1,0.5468,0.59080243
5291,model_1,-0.1215,-0.08395052
5292,model_1,0.1514,0.14469884
5293,model_1,0.0015,0.06343372
5294,model_1,0.2853,0.29313517
5295,model_1,0.1283,0.1122064
5296,model_1,0.0971,0.20956226
5297,model_1,0.2893,0.31324255
5298,model_1,0.0128,0.023057863
5299,model_1,-0.0164,0.005081415
5300,model_1,-0.0008,0.03238198
5301,model_1,0.0161,0.04402718
5302,model_1,0.3446,0.39875847
5303,model_1,0.3514,0.36022374
5304,model_1,0.1152,0.17541698
5305,model_1,0.3169,0.20400247
5306,model_1,0.1738,0.1304407
5307,model_1,0.3424,0.36628193
5308,model_1,0.7908,0.791768
5309,model_1,0.7925,0.74914813
5310,model_1,0.4727,0.36569586
5311,model_1,0.2617,0.26642734
5312,model_1,0.2404,0.31582648
5313,model_1,0.1501,0.10989265
5314,model_1,0.1248,0.16236813
5315,model_1,0.3621,0.3131417
5316,model_1,0.4909,0.49061805
5317,model_1,0.7419,0.70975816
5318,model_1,0.1008,0.1385022
5319,model_1,0.3442,0.369703
5320,model_1,0.0637,0.081382036
5321,model_1,0.514,0.5560278
5322,model_1,0.2619,0.24625988
5323,model_1,0.0658,0.053442776
5324,model_1,0.3037,0.30964616
5325,model_1,0.074,0.11306219
5326,model_1,0.1871,0.20517524
5327,model_1,0.2134,0.36358938
5328,model_1,0.5407,0.49650544
5329,model_1,0.4332,0.38591525
5330,model_1,0.1229,0.06766245
5331,model_1,0.2493,0.22879913
5332,model_1,0.234,0.23507695
5333,model_1,0.2104,0.17617382
5334,model_1,0.1519,0.2071784
5335,model_1,-0.0452,0.249791
5336,model_1,0.3647,0.35324523
5337,model_1,0.2672,0.23899089
5338,model_1,0.1208,0.080019325
5339,model_1,0.0202,0.031814456
5340,model_1,-0.131,0.0063010156
5341,model_1,-0.1225,-0.12168151
5342,model_1,0.5242,0.57550013
5343,model_1,-0.1262,-0.008601636
5344,model_1,0.272,0.29229662
5345,model_1,0.1245,0.11000313
5346,model_1,0.0872,0.100762695
5347,model_1,0.0483,0.06470606
5348,model_1,0.1939,0.07852769
5349,model_1,0.1929,0.220278
5350,model_1,0.2222,0.17447346
5351,model_1,0.007,0.005362332
5352,model_1,0.9202,0.94554937
5353,model_1,0.5872,0.5776591
5354,model_1,0.6958,0.7052038
5355,model_1,0.2428,0.27633587
5356,model_1,0.0403,0.010252148
5357,model_1,0.0289,0.2053781
5358,model_1,0.2927,0.32760745
5359,model_1,0.3093,0.35189873
5360,model_1,0.1965,0.16462296
5361,model_1,0.0879,0.038284034
5362,model_1,0.2427,0.089340255
5363,model_1,0.025,0.0719783
5364,model_1,-0.0065,-0.03661704
5365,model_1,0.1457,0.25120577
5366,model_1,0.1703,0.20511767
5367,model_1,0.8967,0.88915217
5368,model_1,0.0136,-0.029946
5369,model_1,0.2048,0.22823843
5370,model_1,0.3492,0.2871835
5371,model_1,0.5395,0.4694748
5372,model_1,0.6908,0.70113504
5373,model_1,0.1034,0.06502102
5374,model_1,0.4113,0.17916778
5375,model_1,-0.1202,0.035675794
5376,model_1,0.3691,0.2279623
5377,model_1,0.59,0.56302214
5378,model_1,-0.0194,-0.02985704
5379,model_1,0.771,0.7969552
5380,model_1,0.3835,0.3870173
5381,model_1,0.0076,0.0048766285
5382,model_1,0.1287,0.14076057
5383,model_1,0.2237,0.2762122
5384,model_1,-0.0237,0.03313905
5385,model_1,0.2143,0.11048098
5386,model_1,0.2354,0.19876282
5387,model_1,0.7498,0.7279347
5388,model_1,0.1198,0.010215104
5389,model_1,0.3478,0.33361036
5390,model_1,0.1248,0.16226561
5391,model_1,0.2719,0.36791533
5392,model_1,0.1084,0.08166145
5393,model_1,-0.0069,0.041441306
5394,model_1,0.1264,0.13994998
5395,model_1,0.2027,0.14540389
5396,model_1,0.1449,0.12670559
5397,model_1,-0.0061,0.08069147
5398,model_1,0.1818,0.10791068
5399,model_1,0.2253,0.24259777
5400,model_1,0.0039,0.0357804
5401,model_1,0.9996,1.0798471
5402,model_1,-0.023,-0.037418067
5403,model_1,0.1997,0.2652195
5404,model_1,0.1243,0.17672084
5405,model_1,0.1921,0.17431372
5406,model_1,0.0066,0.05903989
5407,model_1,0.2046,0.16426568
5408,model_1,0.1105,0.10610609
5409,model_1,0.3123,0.37236083
5410,model_1,0.0193,0.008563846
5411,model_1,0.0075,0.02600205
5412,model_1,0.5058,0.5394933
5413,model_1,0.2169,0.18717846
5414,model_1,0.7022,0.66080606
5415,model_1,-0.1831,-0.14865768
5416,model_1,0.2124,0.2256005
5417,model_1,-0.0942,-0.06616235
5418,model_1,0.8283,0.80934787
5419,model_1,0.8757,0.7708588
5420,model_1,-0.1128,-0.051873535
5421,model_1,0.2324,0.11241561
5422,model_1,0.459,0.35879588
5423,model_1,0.2739,0.25226596
5424,model_1,0.1547,0.14914744
5425,model_1,0.2858,0.31569824
5426,model_1,0.1958,0.19551237
5427,model_1,0.3291,0.41848755
5428,model_1,0.6847,0.64421993
5429,model_1,0.2337,0.20015241
5430,model_1,0.109,0.11580107
5431,model_1,0.5931,0.31919968
5432,model_1,0.2046,0.2117855
5433,model_1,0.5625,0.4954704
5434,model_1,0.3109,0.33376977
5435,model_1,0.1674,0.14147139
5436,model_1,0.6159,0.57726854
5437,model_1,0.2298,0.33793968
5438,model_1,0.2206,0.18003519
5439,model_1,0.2208,0.20539734
5440,model_1,0.3857,0.33887166
5441,model_1,0.1792,0.09664784
5442,model_1,0.019,0.031629056
5443,model_1,0.1989,0.22412057
5444,model_1,0.2141,0.23608837
5445,model_1,0.376,0.36160362
5446,model_1,0.1498,0.19204974
5447,model_1,0.0335,0.05637479
5448,model_1,0.2547,0.35794073
5449,model_1,0.4235,0.4017903
5450,model_1,0.369,0.32069552
5451,model_1,0.2347,0.2676574
5452,model_1,0.5132,0.45415005
5453,model_1,0.6813,0.80810136
5454,model_1,0.2096,0.23024675
5455,model_1,0.1504,0.06661227
5456,model_1,0.1654,0.21298914
5457,model_1,0.2655,0.21820033
5458,model_1,-0.0196,-0.05130741
5459,model_1,0.1818,0.17144576
5460,model_1,0.2355,0.23326525
5461,model_1,0.1627,0.21657932
5462,model_1,0.1224,0.27922988
5463,model_1,0.3277,0.24507675
5464,model_1,0.0593,0.15807931
5465,model_1,0.0822,0.11497641
5466,model_1,0.5582,0.59688175
5467,model_1,0.2101,0.19590893
5468,model_1,0.1047,0.045415163
5469,model_1,0.4698,0.38771424
5470,model_1,0.2846,0.24475133
5471,model_1,0.2647,0.1922352
5472,model_1,-0.0009,-0.059411883
5473,model_1,0.1054,0.1099114
5474,model_1,0.0786,0.09691939
5475,model_1,0.3096,0.3957324
5476,model_1,0.1641,0.065831155
5477,model_1,0.0942,0.09236269
5478,model_1,0.0136,-0.0035576373
5479,model_1,0.0959,0.028076798
5480,model_1,0.8027,0.7959646
5481,model_1,0.2329,0.13606706
5482,model_1,0.3372,0.28389734
5483,model_1,0.0099,0.0053222924
5484,model_1,0.6129,0.5138352
5485,model_1,0.0818,0.098122045
5486,model_1,0.0712,0.13705146
5487,model_1,0.3624,0.28510705
5488,model_1,0.1103,0.14458439
5489,model_1,0.2026,0.18670826
5490,model_1,0.4474,0.47385955
5491,model_1,0.1322,0.050968543
5492,model_1,0.3091,0.32245848
5493,model_1,0.0551,0.04964888
5494,model_1,0.1049,0.16306043
5495,model_1,0.263,0.26124
5496,model_1,0.421,0.34541702
5497,model_1,0.1589,0.17925882
5498,model_1,0.5941,0.64001995
5499,model_1,0.4142,0.45660987
5500,model_1,0.1854,0.15020588
5501,model_1,0.2463,0.17189285
5502,model_1,0.159,0.12896068
5503,model_1,0.5008,0.51698923
5504,model_1,0.5742,0.5841567
5505,model_1,0.3216,0.40951228
5506,model_1,0.3896,0.22012012
5507,model_1,0.2792,0.28701854
5508,model_1,0.0589,0.05361788
5509,model_1,0.16,0.12718779
5510,model_1,0.2734,0.2186237
5511,model_1,0.4223,0.42765993
5512,model_1,0.067,0.017437309
5513,model_1,0.364,0.32304704
5514,model_1,0.3601,0.32163844
5515,model_1,0.0247,0.036739588
5516,model_1,0.3551,0.09075962
5517,model_1,0.3334,0.16823211
5518,model_1,0.5679,0.5516336
5519,model_1,0.4679,0.524223
5520,model_1,0.1459,0.11302215
5521,model_1,0.1602,0.11024858
5522,model_1,-0.0661,-0.08210859
5523,model_1,-0.055,-0.050143242
5524,model_1,0.2047,0.15342192
5525,model_1,0.2421,0.22737221
5526,model_1,0.2256,0.262521
5527,model_1,0.0069,-0.11468053
5528,model_1,0.7612,0.7126399
5529,model_1,0.7587,0.6904594
5530,model_1,0.8633,0.8938885
5531,model_1,0.0844,0.09872626
5532,model_1,0.8313,0.8656191
5533,model_1,0.2207,0.2549879
5534,model_1,0.1869,0.23720646
5535,model_1,0.2115,0.18464932
5536,model_1,0.0609,0.06483364
5537,model_1,0.192,0.5224656
5538,model_1,0.2797,0.22967769
5539,model_1,0.1371,0.18358469
5540,model_1,0.3043,0.2892782
5541,model_1,0.0394,-0.02633351
5542,model_1,0.1216,0.09350681
5543,model_1,0.1245,0.1013466
5544,model_1,0.5848,0.60146743
5545,model_1,0.2432,0.21632813
5546,model_1,0.0048,0.05869454
5547,model_1,0.0705,0.069483116
5548,model_1,-0.097,-0.05828613
5549,model_1,0.074,0.030878812
5550,model_1,0.552,0.57103854
5551,model_1,0.1824,0.1891484
5552,model_1,0.7669,0.75952315
5553,model_1,0.1632,0.17462558
5554,model_1,0.2632,0.1307632
5555,model_1,0.232,0.250216
5556,model_1,0.2834,0.2746072
5557,model_1,0.7602,0.7812506
5558,model_1,0.3011,0.31331652
5559,model_1,0.0026,0.04889375
5560,model_1,0.0852,0.16295272
5561,model_1,0.0265,0.10999131
5562,model_1,0.4961,0.454578
5563,model_1,0.0437,0.052730083
5564,model_1,0.2586,0.25443128
5565,model_1,0.093,0.07946089
5566,model_1,0.2223,0.2099907
5567,model_1,0.1602,0.124303564
5568,model_1,0.221,0.14584024
5569,model_1,-0.1928,-0.21917671
5570,model_1,0.3604,0.35470402
5571,model_1,-0.0163,-0.021009028
5572,model_1,0.2293,0.19633809
5573,model_1,0.0085,0.036936074
5574,model_1,0.3513,0.17942816
5575,model_1,0.0943,0.0719195
5576,model_1,0.3155,0.30061972
5577,model_1,0.2512,0.2919628
5578,model_1,0.3566,0.33121705
5579,model_1,0.1238,0.2703971
5580,model_1,0.003,0.09037039
5581,model_1,0.242,0.1787672
5582,model_1,0.1499,0.20233026
5583,model_1,0.183,0.23347162
5584,model_1,0.3344,0.33213562
5585,model_1,-0.1987,-0.14651334
5586,model_1,0.2334,0.19245699
5587,model_1,0.081,0.06504464
5588,model_1,0.1888,0.119523935
5589,model_1,0.0923,0.123171136
5590,model_1,0.1871,0.1899913
5591,model_1,0.3479,0.25457904
5592,model_1,0.6415,0.6571867
5593,model_1,0.7986,0.72904205
5594,model_1,0.591,0.5356937
5595,model_1,0.6373,0.63629854
5596,model_1,0.5626,0.3695021
5597,model_1,0.2475,0.18542345
5598,model_1,0.0807,0.07618062
5599,model_1,0.3149,0.2671117
5600,model_1,-0.004,-0.02987656
5601,model_1,0.0315,0.11570335
5602,model_1,0.6897,0.64309996
5603,model_1,0.049,0.0669159
5604,model_1,0.1863,0.10427901
5605,model_1,0.2395,0.24473463
5606,model_1,0.3684,0.4277897
5607,model_1,0.1349,0.21319433
5608,model_1,0.7558,0.71512485
5609,model_1,-0.0093,-0.025195748
5610,model_1,0.1424,0.26785827
5611,model_1,0.1914,0.22721858
5612,model_1,0.3664,0.35231274
5613,model_1,0.428,0.38630122
5614,model_1,0.3066,0.33478624
5615,model_1,0.2366,0.30174333
5616,model_1,0.0673,0.06630778
5617,model_1,0.1844,0.24196173
5618,model_1,0.3601,0.36984098
5619,model_1,0.7097,0.6744732
5620,model_1,0.1956,0.21246503
5621,model_1,0.0622,0.13765368
5622,model_1,0.1181,0.1258724
5623,model_1,0.0751,0.060912102
5624,model_1,0.0464,0.085229576
5625,model_1,0.2715,0.23951183
5626,model_1,0.1946,0.26046193
5627,model_1,-0.0171,-0.017914593
5628,model_1,0.4454,0.532411
5629,model_1,0.1567,0.14397238
5630,model_1,0.3559,0.3076948
5631,model_1,0.1067,0.08939287
5632,model_1,0.3285,0.25807887
5633,model_1,0.0808,0.1277743
5634,model_1,-0.023,0.13522093
5635,model_1,0.4467,0.41469255
5636,model_1,-0.203,-0.08856326
5637,model_1,0.1753,0.1391624
5638,model_1,0.1239,0.11665144
5639,model_1,0.5363,0.522582
5640,model_1,0.2086,0.16354541
5641,model_1,0.0631,0.05357495
5642,model_1,0.6107,0.50069517
5643,model_1,-0.0504,-0.048312902
5644,model_1,0.0492,0.050194114
5645,model_1,0.2865,0.32773715
5646,model_1,0.0804,0.15208459
5647,model_1,0.1995,0.25677273
5648,model_1,0.073,0.28492695
5649,model_1,0.2945,0.22555214
5650,model_1,0.8086,0.8013735
5651,model_1,0.2032,0.18371002
5652,model_1,0.1317,0.11920816
5653,model_1,0.381,0.3749988
5654,model_1,0.1685,0.30771607
5655,model_1,0.3109,0.32619512
5656,model_1,0.9031,0.8975324
5657,model_1,0.1289,0.09655556
5658,model_1,-0.1243,-0.13950911
5659,model_1,0.3541,0.3731966
5660,model_1,0.2779,0.30741674
5661,model_1,0.145,0.19419247
5662,model_1,0.2584,0.21622595
5663,model_1,0.4239,0.4602702
5664,model_1,0.1823,0.26156282
5665,model_1,0.2583,0.3043269
5666,model_1,0.2582,0.28961432
5667,model_1,-0.0728,-0.07948834
5668,model_1,0.7423,0.7707351
5669,model_1,0.0398,0.0165416
5670,model_1,0.232,0.1944988
5671,model_1,0.3535,0.25374955
5672,model_1,0.1567,0.14921805
5673,model_1,0.2001,0.21958786
5674,model_1,0.17,0.16526774
5675,model_1,0.1181,0.11684103
5676,model_1,0.2155,0.20273376
5677,model_1,0.0574,0.04339631
5678,model_1,0.2653,0.3298017
5679,model_1,0.169,0.19313669
5680,model_1,0.1139,0.097387806
5681,model_1,0.4252,0.3607495
5682,model_1,-0.072,-0.08289781
5683,model_1,0.4998,0.46522224
5684,model_1,0.1014,0.053118527
5685,model_1,0.6795,0.671453
5686,model_1,0.6253,0.566039
5687,model_1,0.4304,0.4555236
5688,model_1,0.2564,0.22704516
5689,model_1,0.2246,0.19506331
5690,model_1,0.5075,0.4723838
5691,model_1,0.3139,0.37139106
5692,model_1,0.6472,0.6140025
5693,model_1,0.0131,-0.046866506
5694,model_1,0.1693,0.090666786
5695,model_1,0.1423,0.124671265
5696,model_1,0.191,0.21659091
5697,model_1,0.2701,0.1914875
5698,model_1,0.0245,0.014485583
5699,model_1,0.8263,0.84245354
5700,model_1,0.1162,0.07498889
5701,model_1,0.2257,0.1809321
5702,model_1,0.3653,0.4052043
5703,model_1,0.1407,0.077691525
5704,model_1,0.3483,0.34279302
5705,model_1,-0.0772,-0.13604587
5706,model_1,0.3423,0.36718452
5707,model_1,0.4509,0.36281192
5708,model_1,0.0021,0.08832589
5709,model_1,-0.0953,-0.084646225
5710,model_1,0.047,0.102775455
5711,model_1,0.1074,0.12479658
5712,model_1,0.0169,0.020614281
5713,model_1,0.1411,0.083068505
5714,model_1,0.0268,0.14320669
5715,model_1,0.154,0.12995532
5716,model_1,0.0007,0.03065218
5717,model_1,0.0192,-0.015686005
5718,model_1,0.2277,0.17731625
5719,model_1,0.0527,0.02053678
5720,model_1,0.7536,0.80534697
5721,model_1,0.1427,0.22131883
5722,model_1,0.0372,0.030446708
5723,model_1,0.083,0.022620976
5724,model_1,0.692,0.70987123
5725,model_1,0.1578,0.15264563
5726,model_1,0.1449,0.06317553
5727,model_1,-0.0913,-0.068163216
5728,model_1,0.1377,0.016139537
5729,model_1,-0.0243,-0.029132485
5730,model_1,0.1316,0.12014014
5731,model_1,0.071,0.04826787
5732,model_1,0.0416,0.010620713
5733,model_1,-0.0078,0.0075459033
5734,model_1,0.0587,0.06596711
5735,model_1,-0.1209,-0.07300678
5736,model_1,0.2791,0.2961312
5737,model_1,0.0006,-0.037860513
5738,model_1,-0.0347,-0.15402785
5739,model_1,-0.1586,-0.17257369
5740,model_1,0.6421,0.6551743
5741,model_1,0.4223,0.43370092
5742,model_1,-0.0554,0.016491324
5743,model_1,-0.1465,-0.0805608
5744,model_1,0.4164,0.49122903
5745,model_1,0.9822,0.9366571
5746,model_1,0.1536,0.20165181
5747,model_1,0.1521,0.20663269
5748,model_1,0.0296,0.025432125
5749,model_1,0.481,0.4735886
5750,model_1,0.1582,0.14722311
5751,model_1,0.2649,0.3128025
5752,model_1,0.4143,0.38731092
5753,model_1,0.7998,0.8031012
5754,model_1,0.3293,0.33528885
5755,model_1,0.011,-0.011526674
5756,model_1,0.2204,0.12283867
5757,model_1,0.1795,0.16651835
5758,model_1,0.2417,0.20777658
5759,model_1,0.763,0.76191676
5760,model_1,0.0937,0.07652643
5761,model_1,0.5563,0.51961195
5762,model_1,0.5296,0.4053048
5763,model_1,0.7078,0.64861226
5764,model_1,0.4602,0.42732686
5765,model_1,0.1286,0.25468668
5766,model_1,0.0062,-0.0066464543
5767,model_1,0.4801,0.48246467
5768,model_1,0.191,0.24641255
5769,model_1,0.1877,0.23974842
5770,model_1,0.1538,-0.04117778
5771,model_1,0.413,0.45561087
5772,model_1,0.2631,0.29875445
5773,model_1,0.7893,0.6427195
5774,model_1,0.5589,0.53370166
5775,model_1,0.4408,0.43775725
5776,model_1,0.1751,0.22982153
5777,model_1,0.338,0.33242977
5778,model_1,0.0389,0.06247598
5779,model_1,-0.0409,-0.07398951
5780,model_1,0.8845,0.80248183
5781,model_1,0.507,0.47712728
5782,model_1,0.5069,0.40207294
5783,model_1,0.159,0.08880949
5784,model_1,0.3403,0.25063473
5785,model_1,0.1347,0.047766373
5786,model_1,-0.0917,-0.116669595
5787,model_1,0.3132,0.21081367
5788,model_1,0.1563,0.34718043
5789,model_1,0.1634,0.09199534
5790,model_1,0.0283,0.052562326
5791,model_1,0.4156,0.34845746
5792,model_1,0.2776,0.31969383
5793,model_1,0.285,0.31336743
5794,model_1,0.0277,0.042744428
5795,model_1,0.2433,0.17438325
5796,model_1,0.0146,-0.026997387
5797,model_1,0.1401,0.15536001
5798,model_1,0.2873,0.3205803
5799,model_1,0.2748,0.23475446
5800,model_1,0.6025,0.6397764
5801,model_1,0.4643,0.46591702
5802,model_1,-0.2157,-0.069889605
5803,model_1,0.1203,0.118538514
5804,model_1,0.0828,0.25674078
5805,model_1,0.4831,0.35551104
5806,model_1,0.2895,0.3671415
5807,model_1,-0.0352,-0.01039657
5808,model_1,0.2205,0.1372386
5809,model_1,0.0719,-0.023027182
5810,model_1,0.1049,0.100802764
5811,model_1,0.1905,0.1512618
5812,model_1,0.1619,0.20155169
5813,model_1,0.3369,0.1396457
5814,model_1,0.0956,0.17307457
5815,model_1,0.2671,0.15810019
5816,model_1,0.4321,0.35609066
5817,model_1,0.968,1.0869663
5818,model_1,0.2189,0.23275335
5819,model_1,0.4722,0.39398652
5820,model_1,0.104,0.14161669
5821,model_1,0.119,0.110104606
5822,model_1,0.0959,0.12022137
5823,model_1,0.1303,0.14353895
5824,model_1,0.3844,0.195737
5825,model_1,0.0468,-0.020263612
5826,model_1,0.0681,0.11690308
5827,model_1,0.1287,0.26055765
5828,model_1,-0.0123,-0.0022466183
5829,model_1,0.0708,0.035924897
5830,model_1,0.2627,0.26588583
5831,model_1,0.7374,0.62728244
5832,model_1,0.1087,0.25481716
5833,model_1,0.5968,0.57192904
5834,model_1,0.0077,0.017114013
5835,model_1,0.3318,0.3068174
5836,model_1,1.0182,1.0419977
5837,model_1,0.3165,0.34845036
5838,model_1,0.3294,0.3909041
5839,model_1,0.2514,0.18083653
5840,model_1,0.1323,0.12752593
5841,model_1,0.716,0.70994496
5842,model_1,0.1813,0.19230106
5843,model_1,-0.1411,-0.13966376
5844,model_1,0.3845,0.35770074
5845,model_1,0.2491,0.34561023
5846,model_1,0.3569,0.40238777
5847,model_1,0.263,0.21138297
5848,model_1,0.2614,0.23265818
5849,model_1,0.0157,0.011523217
5850,model_1,-0.0157,-0.018241704
5851,model_1,0.2534,0.1995182
5852,model_1,0.1752,0.13497823
5853,model_1,0.3473,0.36114725
5854,model_1,0.2273,0.21545315
5855,model_1,0.1363,0.052250117
5856,model_1,0.2728,0.14368841
5857,model_1,0.0689,0.087871894
5858,model_1,0.1177,0.14379779
5859,model_1,0.2348,0.23362441
5860,model_1,0.1175,0.06970152
5861,model_1,0.3843,0.39996922
5862,model_1,-0.0015,-0.03841412
5863,model_1,0.6192,0.5056623
5864,model_1,0.4464,0.34306684
5865,model_1,0.0115,-0.0056875497
5866,model_1,0.1149,0.043550193
5867,model_1,0.1727,0.124113426
5868,model_1,0.762,0.6624499
5869,model_1,0.0519,0.048653543
5870,model_1,-0.0504,0.09780137
5871,model_1,0.5145,0.38587362
5872,model_1,0.2275,0.14023143
5873,model_1,0.3701,0.33461803
5874,model_1,0.8236,0.8029349
5875,model_1,0.105,0.12874848
5876,model_1,0.2646,0.25663176
5877,model_1,0.511,0.5764209
5878,model_1,0.7372,0.7528677
5879,model_1,0.6179,0.5854616
5880,model_1,0.2927,0.3490603
5881,model_1,0.0958,0.12087408
5882,model_1,0.2262,0.21148701
5883,model_1,0.1204,0.09669408
5884,model_1,0.444,0.5062376
5885,model_1,0.1689,0.19418886
5886,model_1,0.1055,0.16108128
5887,model_1,0.0738,0.3136056
5888,model_1,0.3141,0.30745727
5889,model_1,0.4324,0.35380793
5890,model_1,0.4149,0.393837
5891,model_1,0.1827,0.11738722
5892,model_1,0.177,0.11334969
5893,model_1,0.4184,0.32048196
5894,model_1,0.4611,0.45061904
5895,model_1,0.1411,0.13711867
5896,model_1,0.1326,0.10029155
5897,model_1,0.0674,0.12961765
5898,model_1,-0.1918,-0.10894489
5899,model_1,0.0889,0.0687913
5900,model_1,0.2759,0.25382426
5901,model_1,0.2229,0.23249266
5902,model_1,0.0286,-0.0038485527
5903,model_1,0.234,0.29089025
5904,model_1,0.4041,0.3683673
5905,model_1,0.55,0.51158845
5906,model_1,0.4234,0.39890248
5907,model_1,0.7192,0.7328893
5908,model_1,0.1053,0.13013668
5909,model_1,0.5756,0.44296843
5910,model_1,0.6088,0.6200774
5911,model_1,0.0527,0.12476751
5912,model_1,0.0983,0.11830977
5913,model_1,0.2077,0.28330365
5914,model_1,0.4189,0.43563694
5915,model_1,0.3759,0.36448532
5916,model_1,0.0413,-0.034241885
5917,model_1,0.444,0.4564923
5918,model_1,0.3499,0.3973471
5919,model_1,0.0417,-0.0068112314
5920,model_1,0.2727,0.24349849
5921,model_1,0.2218,0.19877435
5922,model_1,0.4209,0.4052489
5923,model_1,0.4697,0.37665454
5924,model_1,0.2169,-0.00034743547
5925,model_1,0.194,0.2184141
5926,model_1,0.1483,0.12553598
5927,model_1,0.0315,0.07682611
5928,model_1,0.2095,0.1871689
5929,model_1,0.1968,0.21321695
5930,model_1,0.1501,0.09473917
5931,model_1,0.0064,-0.026904255
5932,model_1,0.1139,0.20866211
5933,model_1,0.3997,0.38600445
5934,model_1,0.0137,0.048278928
5935,model_1,0.5632,0.16501118
5936,model_1,0.364,0.39808214
5937,model_1,0.1252,0.110493064
5938,model_1,0.8815,0.8092472
5939,model_1,-0.1031,-0.16935086
5940,model_1,0.6519,0.62279797
5941,model_1,-0.1633,-0.17738289
5942,model_1,0.1594,0.5482439
5943,model_1,0.1353,0.11524473
5944,model_1,0.0928,0.12982668
5945,model_1,0.2394,0.29632005
5946,model_1,-0.1511,-0.09806156
5947,model_1,0.1249,0.10581958
5948,model_1,0.1967,0.24618837
5949,model_1,0.244,0.27621996
5950,model_1,0.2271,0.037234902
5951,model_1,0.0979,0.13097957
5952,model_1,0.5082,0.5125058
5953,model_1,0.0196,0.0728935
5954,model_1,0.2708,0.27245566
5955,model_1,-0.0592,0.4097549
5956,model_1,0.1764,0.21981962
5957,model_1,0.712,0.7227868
5958,model_1,0.161,0.3719652
5959,model_1,0.2217,0.13044843
5960,model_1,0.0747,0.049009383
5961,model_1,0.2956,0.24907486
5962,model_1,-0.1472,-0.14602345
5963,model_1,0.0653,0.089692876
5964,model_1,0.4054,0.3949561
5965,model_1,0.2278,0.202493
5966,model_1,0.0893,0.060611874
5967,model_1,0.1983,0.24156453
5968,model_1,0.1475,0.18737558
5969,model_1,0.6911,0.6844187
5970,model_1,0.2204,0.18315232
5971,model_1,0.1781,0.21203637
5972,model_1,0.0152,0.020970657
5973,model_1,0.3516,0.23745693
5974,model_1,0.3131,0.2392112
5975,model_1,0.2978,0.28687787
5976,model_1,0.5104,0.44062138
5977,model_1,0.2419,0.2529158
5978,model_1,0.1082,0.23763634
5979,model_1,0.3764,0.336352
5980,model_1,0.2529,0.32258576
5981,model_1,0.1246,0.1323254
5982,model_1,0.1304,0.06113383
5983,model_1,-0.0045,-0.034112036
5984,model_1,0.3164,0.27871913
5985,model_1,0.1435,0.16716462
5986,model_1,0.0229,-0.02079311
5987,model_1,0.0309,0.026779473
5988,model_1,0.0621,0.066978574
5989,model_1,0.0784,0.04218033
5990,model_1,0.5824,0.5500213
5991,model_1,-0.1898,-0.1458382
5992,model_1,0.06,0.057356417
5993,model_1,0.0708,0.28271568
5994,model_1,0.0177,0.021905959
5995,model_1,0.0279,0.07934722
5996,model_1,0.1094,-0.00026413798
5997,model_1,0.1045,0.056115866
5998,model_1,0.0055,0.031683356
5999,model_1,0.6646,0.664926
6000,model_1,0.0512,-0.011682689
6001,model_1,0.3833,0.35809988
6002,model_1,0.5024,0.55006194
6003,model_1,0.126,0.15518399
6004,model_1,0.0858,0.07470697
6005,model_1,0.7167,0.7621936
6006,model_1,0.1458,0.07565126
6007,model_1,0.8372,0.7526212
6008,model_1,0.1658,0.097180724
6009,model_1,0.2899,0.30798802
6010,model_1,0.0753,0.05583456
6011,model_1,0.1578,0.12490224
6012,model_1,0.1004,0.112823084
6013,model_1,0.0181,-0.014387071
6014,model_1,0.0246,0.0061754733
6015,model_1,0.2726,0.13971601
6016,model_1,0.336,0.39449608
6017,model_1,0.2463,0.29312992
6018,model_1,-0.0199,-0.045357913
6019,model_1,0.1932,0.28259233
6020,model_1,0.3848,0.33476686
6021,model_1,0.3624,0.40956625
6022,model_1,0.224,0.24030787
6023,model_1,-0.0369,-0.02837789
6024,model_1,0.2776,0.27780363
6025,model_1,0.1372,0.11987985
6026,model_1,0.2901,0.26182258
6027,model_1,0.3244,0.3169326
6028,model_1,0.6171,0.5904722
6029,model_1,0.3473,0.3513814
6030,model_1,0.1021,0.07372598
6031,model_1,0.2893,0.32845482
6032,model_1,0.6872,0.6610541
6033,model_1,0.1537,0.07243197
6034,model_1,0.1725,0.16942763
6035,model_1,0.6856,0.664434
6036,model_1,0.0473,0.04305871
6037,model_1,0.3468,0.33519247
6038,model_1,0.1598,0.1323553
6039,model_1,0.2828,0.084723935
6040,model_1,0.2706,0.14788885
6041,model_1,0.2465,0.2846471
6042,model_1,0.363,0.32982913
6043,model_1,0.0102,0.10025166
6044,model_1,0.1531,0.21054317
6045,model_1,0.0672,0.08634378
6046,model_1,0.4204,0.43248767
6047,model_1,0.4323,0.43057168
6048,model_1,0.0455,0.15738522
6049,model_1,0.2536,0.10191679
6050,model_1,0.2168,0.25122496
6051,model_1,0.1225,0.125393
6052,model_1,0.2041,0.30350864
6053,model_1,0.4143,0.40052357
6054,model_1,0.133,0.12618367
6055,model_1,0.7504,0.70852494
6056,model_1,0.0793,0.06266582
6057,model_1,0.7187,0.7570113
6058,model_1,-0.0888,-0.088195086
6059,model_1,-0.0724,-0.06859985
6060,model_1,0.1755,0.19890569
6061,model_1,0.1294,0.081858814
6062,model_1,0.0995,0.06771821
6063,model_1,0.427,0.43843275
6064,model_1,0.6007,0.55328655
6065,model_1,-0.0566,-0.009640545
6066,model_1,0.1829,0.14519924
6067,model_1,0.0908,0.10430282
6068,model_1,0.0227,-0.03400916
6069,model_1,0.1461,0.10166024
6070,model_1,0.4368,0.4003893
6071,model_1,0.4394,0.2844917
6072,model_1,0.1819,0.18160404
6073,model_1,0.4523,0.4502566
6074,model_1,0.2127,0.2746902
6075,model_1,0.2036,0.1385988
6076,model_1,0.1276,0.09064585
6077,model_1,0.1621,0.29968125
6078,model_1,0.1851,0.10462347
6079,model_1,0.0788,0.12197895
6080,model_1,0.5982,0.59935606
6081,model_1,-0.054,-0.036624044
6082,model_1,0.4461,0.46918294
6083,model_1,0.2989,0.3573412
6084,model_1,0.0467,0.080215305
6085,model_1,0.074,0.086186826
6086,model_1,0.1703,0.10413781
6087,model_1,-0.1722,-0.124747634
6088,model_1,-0.185,-0.17126957
6089,model_1,0.0057,-0.0063055605
6090,model_1,0.4083,0.4569774
6091,model_1,0.0645,0.11215302
6092,model_1,-0.0974,-0.073803365
6093,model_1,0.4317,0.42416635
6094,model_1,-0.0463,-0.041039765
6095,model_1,0.6555,0.66589296
6096,model_1,0.3019,0.29881576
6097,model_1,0.0058,0.038810655
6098,model_1,0.2217,0.23790164
6099,model_1,0.7551,0.7645272
6100,model_1,0.2415,0.1913387
6101,model_1,0.0656,-0.0047677755
6102,model_1,0.4595,0.42528465
6103,model_1,0.8544,0.8687851
6104,model_1,0.3717,0.3372744
6105,model_1,0.6272,0.64703494
6106,model_1,0.3022,0.31127638
6107,model_1,0.3778,0.3710664
6108,model_1,0.0287,0.019111335
6109,model_1,0.3884,0.3934728
6110,model_1,-0.0232,-0.017179966
6111,model_1,0.3837,0.2791086
6112,model_1,0.2799,0.3137427
6113,model_1,-0.0871,-0.053932816
6114,model_1,0.057,0.115014136
6115,model_1,0.8139,0.7617657
6116,model_1,0.4231,0.3195226
6117,model_1,0.579,0.51450664
6118,model_1,0.1442,0.13700333
6119,model_1,-0.0193,0.007107526
6120,model_1,0.3733,0.31922668
6121,model_1,0.07,0.17187008
6122,model_1,0.2267,0.2511331
6123,model_1,0.0168,0.021366239
6124,model_1,0.2955,0.27701855
6125,model_1,0.2859,0.21053469
6126,model_1,0.361,0.22134478
6127,model_1,-0.026,-0.059921384
6128,model_1,0.2305,0.24273217
6129,model_1,0.3306,0.3237574
6130,model_1,0.5237,0.615994
6131,model_1,0.1627,0.1983093
6132,model_1,0.1755,0.12540403
6133,model_1,0.3975,0.34794384
6134,model_1,0.5249,0.4981481
6135,model_1,0.2497,0.34462208
6136,model_1,0.4996,0.49679458
6137,model_1,0.1157,0.16739485
6138,model_1,0.4703,0.28692985
6139,model_1,0.239,0.19241597
6140,model_1,-0.112,-0.066660196
6141,model_1,0.5592,0.4800961
6142,model_1,-0.093,-0.14074814
6143,model_1,0.0394,0.04984647
6144,model_1,0.5545,0.5154691
6145,model_1,0.172,0.11236265
6146,model_1,0.0646,0.12407755
6147,model_1,0.2157,0.23886913
6148,model_1,-0.0403,-0.083655745
6149,model_1,0.2253,0.086908355
6150,model_1,-0.0892,-0.15384352
6151,model_1,0.605,0.6131889
6152,model_1,0.1725,0.21539958
6153,model_1,0.2313,0.22218633
6154,model_1,0.4575,0.48098794
6155,model_1,0.4148,0.3782411
6156,model_1,0.7204,0.7745086
6157,model_1,0.9066,0.8955001
6158,model_1,0.02,0.030213073
6159,model_1,1.19,1.0785939
6160,model_1,0.2233,0.29053575
6161,model_1,0.0991,0.12373256
6162,model_1,0.563,0.5508903
6163,model_1,0.2097,0.23117709
6164,model_1,0.0878,0.07543613
6165,model_1,0.1536,0.122023836
6166,model_1,0.722,0.72537094
6167,model_1,-0.018,-0.018548816
6168,model_1,-0.0696,-0.06071514
6169,model_1,-0.11,-0.09357205
6170,model_1,0.0869,-0.012111157
6171,model_1,0.0163,0.00019440055
6172,model_1,0.195,0.20088343
6173,model_1,0.5799,0.5597875
6174,model_1,0.3821,0.32677287
6175,model_1,0.4484,0.42755216
6176,model_1,0.1293,0.09513828
6177,model_1,0.0924,0.024361864
6178,model_1,0.1134,0.20346239
6179,model_1,0.1729,0.107455045
6180,model_1,0.7514,0.7751471
6181,model_1,0.2276,0.19854032
6182,model_1,-0.0965,-0.039435625
6183,model_1,0.2775,0.2519925
6184,model_1,-0.0962,-0.1155844
6185,model_1,0.6814,0.73258513
6186,model_1,0.9367,0.85898477
6187,model_1,0.587,0.56236047
6188,model_1,0.6261,0.621078
6189,model_1,0.8384,0.8166595
6190,model_1,-0.0616,-0.033753723
6191,model_1,0.2096,0.2923614
6192,model_1,0.1658,0.17853826
6193,model_1,0.3386,0.3734339
6194,model_1,0.2073,0.24574105
6195,model_1,0.2365,0.2301388
6196,model_1,0.4759,0.44054753
6197,model_1,0.3594,0.379541
6198,model_1,-0.0126,0.0023563504
6199,model_1,0.4295,0.420868
6200,model_1,0.1794,0.25480512
6201,model_1,0.3426,0.37856
6202,model_1,0.1062,-0.012824386
6203,model_1,0.2959,0.22407575
6204,model_1,0.0748,0.01020515
6205,model_1,0.0739,0.09348631
6206,model_1,0.817,0.84811336
6207,model_1,0.0618,0.09899907
6208,model_1,0.1994,0.23159428
6209,model_1,0.2399,0.2624219
6210,model_1,-0.1687,-0.15766495
6211,model_1,0.3406,0.3588903
6212,model_1,0.0426,0.15474747
6213,model_1,0.487,0.4571283
6214,model_1,0.3844,0.3284513
6215,model_1,-0.1033,-0.06562936
6216,model_1,0.1726,-0.09820512
6217,model_1,-0.2251,-0.017336696
6218,model_1,-0.1563,-0.12005508
6219,model_1,-0.017,-0.061345935
6220,model_1,0.1351,0.13813773
6221,model_1,0.0298,0.05992098
6222,model_1,0.4114,0.35174364
6223,model_1,0.2823,0.29982615
6224,model_1,0.3214,0.35174114
6225,model_1,0.3173,0.3764659
6226,model_1,0.6335,0.5889038
6227,model_1,0.4386,0.39823854
6228,model_1,0.7033,0.6169106
6229,model_1,0.0961,0.0396588
6230,model_1,0.2092,0.21038425
6231,model_1,0.1515,0.16488689
6232,model_1,0.3138,0.33616316
6233,model_1,0.019,0.026779607
6234,model_1,0.0454,0.022679985
6235,model_1,0.032,0.05769697
6236,model_1,0.5434,0.4865343
6237,model_1,0.2446,0.17403474
6238,model_1,0.2105,0.19360131
6239,model_1,0.2033,0.18083414
6240,model_1,0.1468,0.045538202
6241,model_1,0.0986,0.080723315
6242,model_1,0.1279,0.19301154
6243,model_1,0.0499,0.07384689
6244,model_1,0.3669,0.3130809
6245,model_1,-0.015,0.017589286
6246,model_1,-0.0886,-0.09082121
6247,model_1,0.0577,0.04030721
6248,model_1,0.1608,0.094775885
6249,model_1,0.1703,0.12936169
6250,model_1,0.3218,0.36850446
6251,model_1,-0.0403,-0.06528917
6252,model_1,0.2946,0.30436233
6253,model_1,0.4484,0.471463
6254,model_1,0.9149,0.9342683
6255,model_1,0.1495,0.22490114
6256,model_1,0.2393,0.16827637
6257,model_1,0.2756,0.27473843
6258,model_1,0.0972,0.1292939
6259,model_1,0.2435,0.23262163
6260,model_1,0.3776,0.3851017
6261,model_1,0.3487,0.30253762
6262,model_1,0.0518,-0.013420105
6263,model_1,0.1802,0.118530855
6264,model_1,-0.0121,-0.013082027
6265,model_1,0.6174,0.61908734
6266,model_1,0.3866,0.36274827
6267,model_1,0.2892,0.23940945
6268,model_1,0.1315,0.13818444
6269,model_1,0.1742,0.11462264
6270,model_1,0.1037,0.062005267
6271,model_1,0.1609,0.20051786
6272,model_1,-0.0852,-0.16889471
6273,model_1,0.0135,-0.01991862
6274,model_1,-0.0106,-0.054895192
6275,model_1,0.4296,0.35742646
6276,model_1,0.089,0.109926105
6277,model_1,0.113,0.08651638
6278,model_1,0.1457,0.05129823
6279,model_1,-0.1112,0.023587808
6280,model_1,0.4272,0.28721678
6281,model_1,0.0777,0.06564571
6282,model_1,0.4754,0.52509344
6283,model_1,0.0916,0.13771448
6284,model_1,0.0824,0.13539639
6285,model_1,0.1173,0.06837666
6286,model_1,0.2356,0.2616085
6287,model_1,0.0041,0.048269868
6288,model_1,0.4338,0.33067638
6289,model_1,-0.0558,-0.05947554
6290,model_1,0.1597,0.17025875
6291,model_1,0.4863,0.5117758
6292,model_1,0.81,0.8183957
6293,model_1,0.0105,0.015895277
6294,model_1,0.7994,0.74803627
6295,model_1,0.0764,0.055962726
6296,model_1,0.3749,0.34642443
6297,model_1,0.126,0.16665746
6298,model_1,0.7243,0.69469
6299,model_1,0.2803,0.18650544
6300,model_1,0.2326,0.22026111
6301,model_1,0.2476,0.2438136
6302,model_1,0.048,0.15373355
6303,model_1,-0.0579,-0.07252765
6304,model_1,0.2671,0.21181832
6305,model_1,0.2702,0.33931553
6306,model_1,0.0745,0.04756266
6307,model_1,-0.044,-0.065140665
6308,model_1,0.4013,0.22109489
6309,model_1,0.1741,0.11527879
6310,model_1,0.28,0.2494366
6311,model_1,0.3123,0.33018804
6312,model_1,0.2244,0.28768003
6313,model_1,-0.0724,-0.021932244
6314,model_1,-0.1737,-0.18131346
6315,model_1,0.3393,0.39082494
6316,model_1,0.1571,0.13999844
6317,model_1,0.1801,0.31471056
6318,model_1,0.5595,0.6487874
6319,model_1,0.2539,0.26177594
6320,model_1,0.1424,0.04178527
6321,model_1,0.5416,0.5329636
6322,model_1,0.6322,0.5950818
6323,model_1,0.9013,0.88063884
6324,model_1,0.2388,0.19791779
6325,model_1,0.0292,-0.019912481
6326,model_1,0.2263,0.33034807
6327,model_1,-0.0301,-0.016896069
6328,model_1,-0.0393,-0.046923965
6329,model_1,0.3149,0.33021572
6330,model_1,0.1496,0.12789014
6331,model_1,0.8375,0.82040155
6332,model_1,0.3452,0.26675108
6333,model_1,0.0905,0.20112911
6334,model_1,0.279,0.31354344
6335,model_1,0.7465,0.76403403
6336,model_1,0.4102,0.39633906
6337,model_1,0.179,0.20797378
6338,model_1,0.342,0.34635323
6339,model_1,0.1498,0.06352639
6340,model_1,0.0013,0.05194071
6341,model_1,0.1573,0.12709999
6342,model_1,-0.0692,-0.083375394
6343,model_1,0.0915,0.12564196
6344,model_1,-0.1217,-0.15058845
6345,model_1,0.006,-0.034562558
6346,model_1,0.1602,0.18035269
6347,model_1,0.4953,0.5146376
6348,model_1,0.1028,0.0965845
6349,model_1,0.4005,0.44976482
6350,model_1,0.0468,0.38275632
6351,model_1,0.1325,0.1867092
6352,model_1,0.3984,0.43487126
6353,model_1,0.4429,0.40535346
6354,model_1,0.282,0.17380619
6355,model_1,-0.0364,0.17745927
6356,model_1,0.3952,0.38996708
6357,model_1,0.1896,0.22573437
6358,model_1,0.1409,0.08057243
6359,model_1,0.1024,0.1619656
6360,model_1,0.3351,0.3138974
6361,model_1,0.2263,0.2276454
6362,model_1,0.0505,0.006916523
6363,model_1,0.095,0.09591821
6364,model_1,0.1807,0.2286847
6365,model_1,0.4296,0.14723057
6366,model_1,0.1463,0.2000352
6367,model_1,0.5338,0.5946563
6368,model_1,0.2108,0.29516336
6369,model_1,0.4613,0.47279507
6370,model_1,0.3876,0.3730311
6371,model_1,0.0306,0.13255842
6372,model_1,0.5567,0.5718663
6373,model_1,0.3687,0.4152764
6374,model_1,0.1993,0.15754566
6375,model_1,0.8394,0.78401077
6376,model_1,0.1974,0.2261759
6377,model_1,0.0667,0.15865591
6378,model_1,0.4488,0.48081368
6379,model_1,0.4274,0.3769443
6380,model_1,0.2094,0.18880276
6381,model_1,0.1514,0.10609472
6382,model_1,0.3395,0.37705976
6383,model_1,-0.2121,-0.17090207
6384,model_1,0.4152,0.34803504
6385,model_1,0.2232,0.3091021
6386,model_1,0.2168,0.09689075
6387,model_1,0.3048,0.32440493
6388,model_1,0.2816,0.34673172
6389,model_1,0.2313,0.23175511
6390,model_1,0.2101,0.246699
6391,model_1,0.2225,0.17296337
6392,model_1,0.1334,0.14795262
6393,model_1,0.4307,0.40597373
6394,model_1,0.663,0.67083454
6395,model_1,0.2275,0.14540578
6396,model_1,-0.0826,-0.037548363
6397,model_1,0.1978,0.16314562
6398,model_1,-0.0077,-0.023658276
6399,model_1,0.103,0.097264186
6400,model_1,0.3007,0.250912
6401,model_1,0.372,0.33647072
6402,model_1,0.512,0.51336586
6403,model_1,0.2462,0.24629235
6404,model_1,-0.0971,0.25119957
6405,model_1,0.3651,0.44212264
6406,model_1,0.0519,0.057942152
6407,model_1,0.1303,0.25912604
6408,model_1,0.3447,0.367615
6409,model_1,0.4096,0.40531346
6410,model_1,0.3269,0.3170433
6411,model_1,0.656,0.39725462
6412,model_1,0.2137,0.11028227
6413,model_1,0.4386,0.42700344
6414,model_1,0.4577,0.4790203
6415,model_1,0.1256,0.14014865
6416,model_1,0.1109,0.14098927
6417,model_1,0.0655,0.06875564
6418,model_1,0.367,0.33396256
6419,model_1,0.0729,0.044870287
6420,model_1,-0.012,-0.06587237
6421,model_1,0.2063,0.0939441
6422,model_1,0.2196,0.25167766
6423,model_1,0.202,0.2042109
6424,model_1,-0.1732,-0.15115714
6425,model_1,0.4411,0.38963407
6426,model_1,0.1692,0.11692853
6427,model_1,0.3644,0.29069465
6428,model_1,0.1212,0.055326194
6429,model_1,0.42,0.42095873
6430,model_1,0.0774,0.088952616
6431,model_1,0.2859,0.26816425
6432,model_1,-0.003,-0.021887481
6433,model_1,0.3905,0.4108874
6434,model_1,-0.1157,-0.10289663
6435,model_1,0.2236,0.21007818
6436,model_1,0.0544,0.1068328
6437,model_1,0.127,0.1351905
6438,model_1,0.388,0.3679812
6439,model_1,0.6839,0.6950398
6440,model_1,0.408,0.34473512
6441,model_1,0.2601,0.2789825
6442,model_1,0.8404,0.76292783
6443,model_1,0.2563,0.27886754
6444,model_1,0.0424,0.06203538
6445,model_1,-0.0446,-0.034629136
6446,model_1,0.1528,0.06409985
6447,model_1,0.0167,0.047728583
6448,model_1,0.06,0.154669
6449,model_1,0.1122,0.080105364
6450,model_1,0.3215,0.31759697
6451,model_1,0.1539,0.10322791
6452,model_1,0.2696,0.31915694
6453,model_1,-0.1477,-0.09074202
6454,model_1,-0.2229,-0.12763005
6455,model_1,0.2328,0.25940877
6456,model_1,0.4605,0.3978074
6457,model_1,0.1324,0.13476562
6458,model_1,0.0226,0.0059155524
6459,model_1,0.4132,0.38153702
6460,model_1,0.4318,0.43278065
6461,model_1,0.0504,0.08558139
6462,model_1,0.3072,0.39719698
6463,model_1,0.2909,0.34941322
6464,model_1,-0.1657,-0.09167266
6465,model_1,0.297,0.3124079
6466,model_1,-0.0024,0.041460365
6467,model_1,0.4383,0.4990773
6468,model_1,0.2722,0.35018045
6469,model_1,0.2476,0.24477373
6470,model_1,0.0755,-0.0012384504
6471,model_1,0.0671,0.089038014
6472,model_1,0.1315,0.2230319
6473,model_1,0.6204,0.4213936
6474,model_1,0.0764,0.06958915
6475,model_1,0.2023,0.22056949
6476,model_1,0.068,0.020220265
6477,model_1,0.1277,0.044891626
6478,model_1,0.0902,0.05313757
6479,model_1,0.0133,-0.023380816
6480,model_1,0.1731,0.18377496
6481,model_1,0.0095,0.016895428
6482,model_1,0.0342,-0.06389472
6483,model_1,0.072,0.09265651
6484,model_1,0.2915,0.31045246
6485,model_1,0.3185,0.36801332
6486,model_1,0.0266,0.27017438
6487,model_1,0.052,0.06183088
6488,model_1,0.3406,0.40635538
6489,model_1,0.0676,0.15061629
6490,model_1,-0.0062,0.024435908
6491,model_1,-0.0165,0.018098265
6492,model_1,0.1178,0.04537618
6493,model_1,-0.0625,-0.0423114
6494,model_1,0.6297,0.49363023
6495,model_1,0.3723,0.39461192
6496,model_1,0.2008,0.15931863
6497,model_1,0.1166,0.034203947
6498,model_1,0.0494,0.048345193
6499,model_1,-0.0394,-0.043875277
6500,model_1,0.4779,0.49886033
6501,model_1,0.1558,0.20132668
6502,model_1,0.7177,0.6274313
6503,model_1,0.2762,0.26712406
6504,model_1,0.3966,0.36222667
6505,model_1,0.2741,0.39377826
6506,model_1,-0.0232,-0.015290111
6507,model_1,0.7848,0.75591934
6508,model_1,0.1533,0.07879299
6509,model_1,0.2418,0.17954156
6510,model_1,0.0668,0.093741894
6511,model_1,0.2878,0.2956341
6512,model_1,0.0928,0.06003827
6513,model_1,0.0987,0.024210632
6514,model_1,0.4317,0.41444582
6515,model_1,0.1778,0.14378047
6516,model_1,0.068,0.08476728
6517,model_1,0.513,0.4962647
6518,model_1,0.2727,0.31346467
6519,model_1,0.056,0.07126841
6520,model_1,0.0811,0.16181001
6521,model_1,0.7914,0.702661
6522,model_1,0.1931,0.25612456
6523,model_1,0.1981,0.1035181
6524,model_1,0.1957,0.26852247
6525,model_1,0.0694,0.11332668
6526,model_1,0.6212,0.6182825
6527,model_1,0.4761,0.3019594
6528,model_1,0.4314,0.44862348
6529,model_1,0.7991,0.82484007
6530,model_1,0.0289,0.0022536963
6531,model_1,0.1747,0.23619507
6532,model_1,-0.0269,0.024488568
6533,model_1,0.4011,0.40627515
6534,model_1,0.3967,0.37766618
6535,model_1,0.1965,0.3053326
6536,model_1,0.5402,0.39276028
6537,model_1,0.3441,0.3589399
6538,model_1,0.1463,0.16990264
6539,model_1,0.1934,0.17174423
6540,model_1,0.7412,0.6634553
6541,model_1,0.0042,0.04169056
6542,model_1,0.7054,0.7945583
6543,model_1,0.1091,0.1032877
6544,model_1,0.153,0.12891653
6545,model_1,0.4269,0.40558654
6546,model_1,-0.1313,0.034644976
6547,model_1,0.0209,0.042941213
6548,model_1,0.0697,0.06755611
6549,model_1,0.3623,0.23641153
6550,model_1,0.0823,0.13868424
6551,model_1,0.2128,-0.017036855
6552,model_1,0.3105,0.34376568
6553,model_1,0.0689,0.23155533
6554,model_1,0.4165,0.40184528
6555,model_1,0.478,0.48214766
6556,model_1,0.515,0.55037737
6557,model_1,0.3416,0.29252908
6558,model_1,0.1077,0.11616537
6559,model_1,0.2477,0.22646068
6560,model_1,0.3338,0.22280279
6561,model_1,0.4154,0.3224722
6562,model_1,0.564,0.526435
6563,model_1,0.1785,0.15508994
6564,model_1,-0.1396,-0.11395413
6565,model_1,0.0978,0.11434963
6566,model_1,0.204,0.10381344
6567,model_1,0.111,0.08997141
6568,model_1,0.1836,0.18442011
6569,model_1,0.4433,0.46920502
6570,model_1,0.8485,0.8494544
6571,model_1,-0.0649,-0.06385219
6572,model_1,0.1367,0.16117069
6573,model_1,0.1028,0.15308914
6574,model_1,0.0518,0.04845901
6575,model_1,0.5816,0.5706494
6576,model_1,0.1789,0.20254205
6577,model_1,0.7631,0.7399689
6578,model_1,0.3558,0.36302966
6579,model_1,0.1523,0.1835464
6580,model_1,-0.0507,0.030198574
6581,model_1,0.1702,0.17912522
6582,model_1,0.2592,0.23212337
6583,model_1,0.3172,0.14188342
6584,model_1,-0.1875,-0.13677931
6585,model_1,0.3418,0.28547704
6586,model_1,0.4076,0.33774942
6587,model_1,-0.0046,0.007223755
6588,model_1,0.3524,0.11091633
6589,model_1,0.4058,0.30967924
6590,model_1,0.0849,0.08583468
6591,model_1,0.3575,0.2166129
6592,model_1,0.1286,0.21395588
6593,model_1,0.4645,0.4218505
6594,model_1,0.2534,0.28236377
6595,model_1,0.5962,0.6077193
6596,model_1,0.09,0.08932036
6597,model_1,0.528,0.5431138
6598,model_1,0.6171,0.5874115
6599,model_1,0.826,0.72814053
6600,model_1,0.1418,0.3259307
6601,model_1,0.7059,0.7311492
6602,model_1,0.291,0.32979983
6603,model_1,0.7719,0.68075097
6604,model_1,0.4094,0.38394973
6605,model_1,0.2653,0.28250393
6606,model_1,0.0583,0.04443702
6607,model_1,0.2043,0.1436931
6608,model_1,0.1362,0.1204877
6609,model_1,0.4747,0.13932244
6610,model_1,0.1026,-0.057597816
6611,model_1,-0.0913,-0.07716268
6612,model_1,0.2231,0.21242556
6613,model_1,0.1426,0.26134884
6614,model_1,-0.1073,-0.017910063
6615,model_1,0.2361,0.2233305
6616,model_1,0.4424,0.47879583
6617,model_1,0.518,0.4457367
6618,model_1,0.1586,0.11698658
6619,model_1,0.238,0.2151754
6620,model_1,0.1724,0.25362566
6621,model_1,-0.1778,-0.16901425
6622,model_1,0.1317,0.19445707
6623,model_1,0.1962,0.20871532
6624,model_1,0.0172,-0.0796327
6625,model_1,0.5207,0.56189513
6626,model_1,0.1928,0.16891702
6627,model_1,0.0629,0.065461725
6628,model_1,0.5556,0.49781537
6629,model_1,0.0422,0.027130038
6630,model_1,0.5849,0.5637789
6631,model_1,0.827,0.77148205
6632,model_1,0.0768,-0.013017654
6633,model_1,0.4351,0.22371043
6634,model_1,0.2702,0.29451054
6635,model_1,-0.1111,-0.06002897
6636,model_1,0.2058,0.18892926
6637,model_1,0.5358,0.5689296
6638,model_1,0.5499,0.52927476
6639,model_1,0.1161,0.14372212
6640,model_1,0.0108,0.28684288
6641,model_1,0.1671,0.12522288
6642,model_1,0.6596,0.6734314
6643,model_1,0.4266,0.46368307
6644,model_1,-0.0402,-0.038111
6645,model_1,0.1219,0.12908623
6646,model_1,0.2061,0.25372094
6647,model_1,0.7405,0.73978513
6648,model_1,0.0663,0.10052991
6649,model_1,0.1984,0.17522089
6650,model_1,0.3698,0.33521566
6651,model_1,0.075,-0.0007738173
6652,model_1,0.5033,0.4776296
6653,model_1,0.036,0.033122197
6654,model_1,-0.0014,-0.037748963
6655,model_1,-0.0087,-0.0070245117
6656,model_1,0.2431,0.21875456
6657,model_1,0.1045,0.08564323
6658,model_1,0.1423,0.17572045
6659,model_1,0.1301,0.08797394
6660,model_1,0.0557,0.101289496
6661,model_1,-0.0719,-0.084008634
6662,model_1,0.4321,0.39045137
6663,model_1,0.1055,0.10404362
6664,model_1,0.1593,0.14387617
6665,model_1,0.2145,0.24430197
6666,model_1,0.097,0.11745293
6667,model_1,0.3077,0.3170578
6668,model_1,0.4098,0.3989567
6669,model_1,0.2198,0.20786543
6670,model_1,-0.0694,-0.10851863
6671,model_1,-0.0986,-0.11685261
6672,model_1,-0.0015,-0.04132366
6673,model_1,-0.0828,-0.09277898
6674,model_1,0.1829,0.19293275
6675,model_1,0.0594,0.023117691
6676,model_1,-0.0483,-0.024773657
6677,model_1,-0.1731,-0.1287381
6678,model_1,0.1554,0.1487666
6679,model_1,0.7179,0.7661615
6680,model_1,0.1932,0.26137686
6681,model_1,0.4048,0.39634484
6682,model_1,0.4387,0.3951237
6683,model_1,0.1126,0.16839758
6684,model_1,-0.2122,-0.17525953
6685,model_1,0.5444,0.4365905
6686,model_1,0.3127,0.36224192
6687,model_1,0.3728,0.37520528
6688,model_1,-0.0718,-0.14121377
6689,model_1,0.3851,0.30014202
6690,model_1,0.0227,0.06473708
6691,model_1,0.8755,0.9384965
6692,model_1,0.26,0.13864353
6693,model_1,0.0978,0.01094757
6694,model_1,0.1429,0.1371563
6695,model_1,0.3102,0.27650625
6696,model_1,0.1025,0.050420642
6697,model_1,0.4923,0.49315983
6698,model_1,0.1257,0.16346833
6699,model_1,0.0655,0.06098169
6700,model_1,0.1257,0.113272816
6701,model_1,0.1337,0.09684339
6702,model_1,0.0565,0.0060389936
6703,model_1,0.0358,-0.034466118
6704,model_1,0.219,0.37227345
6705,model_1,0.1125,0.2388792
6706,model_1,-0.1224,-0.015583932
6707,model_1,0.5175,0.5324614
6708,model_1,0.21,0.22135985
6709,model_1,0.1534,0.09109749
6710,model_1,-0.0431,0.050804704
6711,model_1,0.4648,0.33237943
6712,model_1,0.1031,0.14142334
6713,model_1,0.2858,0.27461946
6714,model_1,0.2066,0.20995238
6715,model_1,0.1097,0.21964408
6716,model_1,0.5864,0.516659
6717,model_1,0.1359,0.13159904
6718,model_1,0.7127,0.6116942
6719,model_1,-0.0416,-0.13502246
6720,model_1,0.2753,0.27647504
6721,model_1,0.25,0.20926042
6722,model_1,0.2636,0.21423066
6723,model_1,0.1919,0.26401868
6724,model_1,1.0267,0.950423
6725,model_1,-0.1257,-0.10516584
6726,model_1,0.168,0.107080325
6727,model_1,0.1374,0.101005256
6728,model_1,0.1609,0.17178226
6729,model_1,-0.04,-0.11871141
6730,model_1,0.068,0.080053896
6731,model_1,0.4405,0.46512994
6732,model_1,0.7809,0.74426186
6733,model_1,0.409,0.4548713
6734,model_1,0.4654,0.454782
6735,model_1,0.871,0.89960325
6736,model_1,0.1976,0.22327182
6737,model_1,-0.0376,0.020162702
6738,model_1,0.2928,0.29759997
6739,model_1,-0.2707,-0.22778398
6740,model_1,0.2829,0.22425057
6741,model_1,-0.1185,-0.16558066
6742,model_1,0.5144,0.5621387
6743,model_1,-0.1846,-0.14163843
6744,model_1,0.157,0.1048124
6745,model_1,0.0615,0.08910626
6746,model_1,-0.2221,-0.1856448
6747,model_1,0.2411,0.23480684
6748,model_1,-0.0456,-0.014028549
6749,model_1,0.282,0.2748182
6750,model_1,0.2466,0.21789163
6751,model_1,0.0492,0.049986124
6752,model_1,-0.1123,0.018829122
6753,model_1,0.7365,0.7193777
6754,model_1,0.3334,0.39177307
6755,model_1,0.0794,0.05899194
6756,model_1,0.0398,0.068240464
6757,model_1,0.2452,0.21984218
6758,model_1,-0.0365,-0.012477815
6759,model_1,0.5086,0.5617959
6760,model_1,0.2435,0.24907717
6761,model_1,0.3967,0.37090093
6762,model_1,0.3969,0.41416276
6763,model_1,0.1073,0.10240753
6764,model_1,0.1072,0.105214566
6765,model_1,0.0363,-0.006897509
6766,model_1,-0.1138,-0.073791236
6767,model_1,0.0653,0.02870804
6768,model_1,-0.0295,-0.00481613
6769,model_1,0.2637,0.23600437
6770,model_1,0.1072,0.042474926
6771,model_1,0.0064,0.05031182
6772,model_1,0.3785,0.36689144
6773,model_1,0.8608,0.88199055
6774,model_1,0.0772,0.06627458
6775,model_1,0.3431,0.2785503
6776,model_1,0.0949,0.09922892
6777,model_1,0.4475,0.324929
6778,model_1,0.6001,0.5388544
6779,model_1,0.0806,0.00096289814
6780,model_1,-0.2034,-0.17769489
6781,model_1,0.4424,0.3476556
6782,model_1,0.1855,0.10315618
6783,model_1,0.0513,0.1516886
6784,model_1,0.4497,0.42436957
6785,model_1,-0.0049,-0.021132022
6786,model_1,0.1728,0.06337762
6787,model_1,0.173,0.15814173
6788,model_1,0.0863,0.10324782
6789,model_1,0.5623,0.5139888
6790,model_1,-0.1634,-0.13409129
6791,model_1,0.3863,0.4167163
6792,model_1,0.2897,0.2540718
6793,model_1,0.1685,0.16382429
6794,model_1,0.1949,0.21953577
6795,model_1,0.129,0.16059251
6796,model_1,0.3091,0.3371608
6797,model_1,0.2157,0.15000641
6798,model_1,0.5034,0.4418429
6799,model_1,0.0,-0.0355255
6800,model_1,0.3681,0.30697513
6801,model_1,0.1152,0.11027227
6802,model_1,0.4035,0.48430696
6803,model_1,0.1368,0.17621833
6804,model_1,0.6793,0.7013047
6805,model_1,0.0099,0.11025256
6806,model_1,0.5455,0.4254645
6807,model_1,0.1477,0.11891191
6808,model_1,0.5797,0.5673872
6809,model_1,0.7226,0.75095856
6810,model_1,0.2771,0.29135558
6811,model_1,0.2224,0.33090198
6812,model_1,0.576,0.55116373
6813,model_1,0.2533,0.3103389
6814,model_1,0.7663,0.71531487
6815,model_1,0.5658,0.5341907
6816,model_1,0.1961,0.2766824
6817,model_1,0.0764,-0.016721964
6818,model_1,0.6282,0.6441188
6819,model_1,0.403,0.4643945
6820,model_1,0.1018,0.047439888
6821,model_1,0.0508,0.01993534
6822,model_1,-0.1082,-0.11348602
6823,model_1,0.0323,-0.02651921
6824,model_1,0.1142,0.07224557
6825,model_1,0.176,0.17931895
6826,model_1,0.3041,0.33397472
6827,model_1,0.4644,0.43414718
6828,model_1,0.0577,0.00029562414
6829,model_1,-0.127,-0.10819566
6830,model_1,0.0968,0.11604054
6831,model_1,0.1701,0.119165644
6832,model_1,0.1096,0.2824582
6833,model_1,0.777,0.77930987
6834,model_1,0.7682,0.54316336
6835,model_1,0.1178,0.19864726
6836,model_1,0.2699,0.3332733
6837,model_1,0.1092,0.077943
6838,model_1,0.1755,0.19795254
6839,model_1,0.0341,0.04513313
6840,model_1,-0.0231,0.05652283
6841,model_1,0.0221,0.054262385
6842,model_1,0.7286,0.5945431
6843,model_1,0.0289,0.039537817
6844,model_1,0.4099,0.47740743
6845,model_1,0.6125,0.61504304
6846,model_1,0.2831,0.21042085
6847,model_1,-0.0269,-0.0146460235
6848,model_1,0.4988,0.50271535
6849,model_1,0.1505,0.24693607
6850,model_1,0.1418,0.13723809
6851,model_1,-0.1697,-0.11031252
6852,model_1,0.1139,0.14165144
6853,model_1,0.7929,0.779991
6854,model_1,0.164,0.36781356
6855,model_1,0.1965,0.3174317
6856,model_1,0.5778,0.5627043
6857,model_1,0.3423,0.20589587
6858,model_1,-0.0633,-0.04107845
6859,model_1,0.2726,0.28046477
6860,model_1,0.4312,0.46122056
6861,model_1,0.2756,0.2063517
6862,model_1,0.2999,0.28588873
6863,model_1,0.1013,0.10241607
6864,model_1,0.191,0.23830803
6865,model_1,0.2435,0.23546897
6866,model_1,0.0358,0.07398331
6867,model_1,0.0788,0.13890436
6868,model_1,0.1598,0.09650552
6869,model_1,0.0266,-0.025608033
6870,model_1,0.7153,0.72529036
6871,model_1,0.4987,0.4727544
6872,model_1,-0.0154,-0.05188614
6873,model_1,0.1921,0.27255517
6874,model_1,0.1822,0.18049607
6875,model_1,0.9626,1.0103592
6876,model_1,0.0815,0.15342143
6877,model_1,0.0659,0.074085295
6878,model_1,0.2713,0.26028943
6879,model_1,0.1705,0.19020212
6880,model_1,0.5863,0.60408545
6881,model_1,0.1535,0.073085636
6882,model_1,0.2765,0.16927885
6883,model_1,0.228,0.20611955
6884,model_1,0.4205,0.44917437
6885,model_1,0.1916,0.15088472
6886,model_1,0.0456,0.09657352
6887,model_1,0.2487,0.26726124
6888,model_1,0.3257,0.23325747
6889,model_1,0.1294,0.09586705
6890,model_1,0.0682,0.04475023
6891,model_1,-0.1035,-0.08081758
6892,model_1,0.5758,0.5479335
6893,model_1,0.4898,0.45451963
6894,model_1,0.3345,0.30959237
6895,model_1,0.4769,0.3747871
6896,model_1,0.0827,0.09356688
6897,model_1,0.802,0.857618
6898,model_1,0.4964,0.5090455
6899,model_1,0.2405,0.2688351
6900,model_1,0.1567,0.20740512
6901,model_1,0.0318,0.024675816
6902,model_1,0.0351,0.013666302
6903,model_1,0.3793,0.39883867
6904,model_1,0.711,0.7742251
6905,model_1,0.5895,0.5825385
6906,model_1,0.6604,0.6627875
6907,model_1,0.3606,0.32498685
6908,model_1,0.2429,0.4459257
6909,model_1,0.1798,0.26456553
6910,model_1,0.2549,0.2421319
6911,model_1,0.2191,0.25528136
6912,model_1,0.0669,0.056670874
6913,model_1,-0.1026,-0.126549
6914,model_1,0.7311,0.72597516
6915,model_1,0.3295,0.33813873
6916,model_1,0.8279,0.83979213
6917,model_1,0.1074,0.027759224
6918,model_1,0.3362,0.40506795
6919,model_1,0.1393,0.13153279
6920,model_1,0.1639,0.13134103
6921,model_1,0.1715,0.2302913
6922,model_1,0.4336,0.44264263
6923,model_1,0.2806,0.26140755
6924,model_1,0.5657,0.5359516
6925,model_1,0.1233,0.06752846
6926,model_1,0.2751,0.2835447
6927,model_1,0.1444,0.11610811
6928,model_1,0.3768,0.30890393
6929,model_1,0.5754,0.60836744
6930,model_1,0.3664,0.40373808
6931,model_1,0.2502,0.321185
6932,model_1,0.0269,0.05211124
6933,model_1,0.3812,0.31766886
6934,model_1,0.1806,0.13941753
6935,model_1,0.6819,0.62207437
6936,model_1,0.3349,0.2524655
6937,model_1,0.1962,0.1526998
6938,model_1,0.0152,0.03677845
6939,model_1,0.0635,0.007287219
6940,model_1,0.8142,0.8032754
6941,model_1,0.4701,0.46479854
6942,model_1,0.2031,0.17243694
6943,model_1,0.3565,0.2779198
6944,model_1,0.1344,0.17556338
6945,model_1,0.937,0.9676424
6946,model_1,0.0499,0.049558565
6947,model_1,0.2217,0.27138263
6948,model_1,0.1445,0.16690266
6949,model_1,0.2527,0.26391906
6950,model_1,1.067,1.1098492
6951,model_1,0.0628,0.050989702
6952,model_1,0.1884,0.1127802
6953,model_1,-0.0139,-0.037847072
6954,model_1,0.0081,0.07321212
6955,model_1,0.0554,0.08196674
6956,model_1,0.3289,0.3445637
6957,model_1,0.1242,0.08849308
6958,model_1,0.8217,0.9902645
6959,model_1,0.1312,0.1909056
6960,model_1,0.2389,0.2617184
6961,model_1,0.1334,0.14073643
6962,model_1,0.7724,0.74534297
6963,model_1,0.1312,0.111493796
6964,model_1,0.0767,0.04382339
6965,model_1,-0.1716,0.0141671
6966,model_1,0.4157,0.38248312
6967,model_1,0.2922,0.29440472
6968,model_1,0.7934,0.83528936
6969,model_1,0.1275,0.076800734
6970,model_1,0.3263,0.36487556
6971,model_1,0.098,0.06332418
6972,model_1,0.3823,0.37583202
6973,model_1,0.157,0.14255926
6974,model_1,0.3437,0.31375745
6975,model_1,0.2398,0.21910155
6976,model_1,0.0125,0.04818885
6977,model_1,0.1507,0.13753769
6978,model_1,0.4334,0.44729164
6979,model_1,0.6487,0.6717824
6980,model_1,0.6348,0.660004
6981,model_1,0.135,0.15776281
6982,model_1,0.1786,0.17483802
6983,model_1,0.3281,0.38472348
6984,model_1,0.1093,0.087952375
6985,model_1,0.0036,0.026719451
6986,model_1,0.1931,0.08313289
6987,model_1,0.471,0.46966818
6988,model_1,0.0758,0.093989566
6989,model_1,0.0213,0.028224856
6990,model_1,0.196,0.14878726
6991,model_1,0.4399,0.4277048
6992,model_1,0.626,0.64403003
6993,model_1,0.275,0.32684857
6994,model_1,0.5516,0.52230227
6995,model_1,0.6373,0.6360226
6996,model_1,0.0175,-0.05636698
6997,model_1,0.5077,0.5031282
6998,model_1,0.54,0.56224775
6999,model_1,0.0018,0.01543197
7000,model_1,-0.0803,-0.052041024
7001,model_1,0.2553,0.24034144
7002,model_1,0.1294,0.15332933
7003,model_1,0.6421,0.57688534
7004,model_1,0.0453,-0.01787275
7005,model_1,0.335,0.23639925
7006,model_1,0.1143,0.13265339
7007,model_1,0.481,0.26886463
7008,model_1,0.6586,0.6129673
7009,model_1,0.1196,0.15236235
7010,model_1,0.1712,0.23075558
7011,model_1,0.341,0.38227963
7012,model_1,0.2701,0.3357906
7013,model_1,0.327,0.41982943
7014,model_1,-0.1825,-0.15579665
7015,model_1,-0.187,-0.16947192
7016,model_1,0.4416,0.39725643
7017,model_1,0.1193,0.050593197
7018,model_1,0.2626,0.2549361
7019,model_1,0.329,0.29587582
7020,model_1,0.6762,0.69582456
7021,model_1,0.3858,0.3857677
7022,model_1,0.0448,0.03253098
7023,model_1,0.0203,0.100526765
7024,model_1,0.3184,0.110237926
7025,model_1,0.4796,0.45354417
7026,model_1,0.2943,0.29476672
7027,model_1,0.4944,0.5162735
7028,model_1,0.0979,0.1315355
7029,model_1,0.5357,0.5341285
7030,model_1,0.2489,0.1750134
7031,model_1,-0.118,-0.12941974
7032,model_1,0.1726,0.14984724
7033,model_1,-0.0489,0.07376084
7034,model_1,0.4574,0.4613015
7035,model_1,0.195,0.22467433
7036,model_1,0.1011,0.07867937
7037,model_1,0.4384,0.4148842
7038,model_1,0.2277,0.26478603
7039,model_1,0.1127,0.05776243
7040,model_1,-0.0463,-0.00046901405
7041,model_1,0.2713,0.29578337
7042,model_1,0.2099,0.3092534
7043,model_1,0.0025,0.040004015
7044,model_1,-0.0991,-0.074397385
7045,model_1,0.6415,0.65599793
7046,model_1,0.495,0.52539843
7047,model_1,0.7198,0.6706891
7048,model_1,0.3673,0.3597286
7049,model_1,0.7941,0.7429409
7050,model_1,-0.0023,0.013443589
7051,model_1,0.2499,0.16347903
7052,model_1,0.1436,0.1298438
7053,model_1,0.1444,0.068025246
7054,model_1,0.0199,-0.0012076199
7055,model_1,0.6121,0.60387516
7056,model_1,0.1998,0.2483997
7057,model_1,-0.1423,-0.17248175
7058,model_1,0.347,0.30819026
7059,model_1,0.5633,0.6284525
7060,model_1,0.0296,0.040178224
7061,model_1,0.1204,0.11183749
7062,model_1,0.4313,0.41483194
7063,model_1,0.3765,0.4120608
7064,model_1,0.0391,0.0360806
7065,model_1,-0.067,-0.079603165
7066,model_1,0.8606,0.8920289
7067,model_1,0.1058,0.18542458
7068,model_1,0.4276,0.35149506
7069,model_1,0.089,0.13407627
7070,model_1,0.1363,0.18233195
7071,model_1,0.5358,0.45991734
7072,model_1,0.1226,0.28300107
7073,model_1,0.1781,0.22764808
7074,model_1,0.2071,0.26193863
7075,model_1,0.4405,0.44445923
7076,model_1,0.2105,0.16691521
7077,model_1,0.0385,0.0071664453
7078,model_1,0.4772,0.47028404
7079,model_1,0.0211,0.03297496
7080,model_1,0.5517,0.54482937
7081,model_1,0.5731,0.54705304
7082,model_1,0.5482,0.5783689
7083,model_1,0.7281,0.736714
7084,model_1,0.1954,0.20540935
7085,model_1,0.0811,0.09340495
7086,model_1,0.3182,0.34626162
7087,model_1,0.1673,0.20813698
7088,model_1,-0.0147,-0.043234468
7089,model_1,0.2145,0.12244442
7090,model_1,0.1858,0.11927189
7091,model_1,-0.0923,-0.119499564
7092,model_1,0.1003,0.056142956
7093,model_1,0.3229,0.3719557
7094,model_1,0.1195,0.21270399
7095,model_1,0.3331,0.256338
7096,model_1,0.2779,0.3374974
7097,model_1,0.1877,0.15844363
7098,model_1,0.4638,0.4660977
7099,model_1,0.0754,0.06916435
7100,model_1,0.241,0.2171117
7101,model_1,0.1214,0.13489862
7102,model_1,0.2916,0.32765523
7103,model_1,0.0528,0.007289797
7104,model_1,0.0737,0.042074203
7105,model_1,0.1864,0.23336942
7106,model_1,0.3521,0.34789866
7107,model_1,0.1187,0.1171187
7108,model_1,0.1116,0.06912434
7109,model_1,0.8346,0.7886051
7110,model_1,0.0753,0.081632584
7111,model_1,-0.1465,-0.1146971
7112,model_1,0.0123,0.036900684
7113,model_1,0.281,0.2604127
7114,model_1,0.6575,0.64182675
7115,model_1,0.6578,0.6455771
7116,model_1,0.0075,0.031633854
7117,model_1,0.3499,0.29250687
7118,model_1,0.1701,0.17820065
7119,model_1,-0.0616,0.035466194
7120,model_1,0.4193,0.2868289
7121,model_1,0.3505,0.35042638
7122,model_1,0.0916,0.15505302
7123,model_1,0.3352,0.37983626
7124,model_1,0.502,0.41783038
7125,model_1,-0.0402,-0.021188796
7126,model_1,0.5411,0.49803853
7127,model_1,0.0189,0.04362002
7128,model_1,0.9025,0.910415
7129,model_1,0.4792,0.5184499
7130,model_1,0.4359,0.4973588
7131,model_1,0.0342,-0.012617677
7132,model_1,0.3376,0.3865264
7133,model_1,0.6672,0.7312541
7134,model_1,0.7365,0.760587
7135,model_1,0.0725,0.05538088
7136,model_1,0.4256,0.4352028
7137,model_1,0.4236,0.38840848
7138,model_1,0.505,0.5008621
7139,model_1,0.0619,0.034168094
7140,model_1,0.1557,0.18434781
7141,model_1,0.6122,0.6198067
7142,model_1,0.1344,0.10789418
7143,model_1,0.5733,0.58935076
7144,model_1,0.0915,0.027882576
7145,model_1,0.2324,0.15408573
7146,model_1,0.0089,-0.029896975
7147,model_1,-0.0167,0.017173648
7148,model_1,0.5369,0.4852297
7149,model_1,0.1605,0.12378862
7150,model_1,0.6034,0.55094683
7151,model_1,0.2298,0.25574437
7152,model_1,0.4036,0.47516534
7153,model_1,0.5426,0.5561057
7154,model_1,-0.0807,-0.089852214
7155,model_1,-0.0972,-0.09130582
7156,model_1,0.9831,0.95697856
7157,model_1,0.1012,0.015249133
7158,model_1,0.3333,0.26154584
7159,model_1,0.2688,0.2909934
7160,model_1,0.319,0.30122614
7161,model_1,0.3018,0.31633127
7162,model_1,0.4321,0.37370694
7163,model_1,0.0059,0.02863051
7164,model_1,0.2298,0.17708251
7165,model_1,-0.0076,-0.11059466
7166,model_1,0.1878,0.13845576
7167,model_1,0.4178,0.4219073
7168,model_1,0.0843,0.2644197
7169,model_1,0.4898,0.43911013
7170,model_1,0.433,0.4215602
7171,model_1,0.3664,0.40131378
7172,model_1,0.3443,0.375541
7173,model_1,0.1009,0.17517936
7174,model_1,-0.1764,-0.08628327
7175,model_1,-0.142,-0.12363988
7176,model_1,0.1857,0.12991184
7177,model_1,1.0556,1.0378456
7178,model_1,0.0007,-0.0070465505
7179,model_1,0.1214,0.121342294
7180,model_1,0.3586,0.30742392
7181,model_1,0.4514,0.47848636
7182,model_1,0.345,0.29812336
7183,model_1,0.5442,0.3950537
7184,model_1,0.0526,0.10803589
7185,model_1,0.1344,0.13082719
7186,model_1,0.2313,0.24435766
7187,model_1,0.4946,0.52404034
7188,model_1,0.1379,-0.009048179
7189,model_1,0.1242,0.055812955
7190,model_1,0.5859,0.5650459
7191,model_1,0.2368,0.2846831
7192,model_1,0.217,0.22081617
7193,model_1,0.1769,0.31981447
7194,model_1,-0.0167,0.10251166
7195,model_1,0.0414,0.045946687
7196,model_1,0.5049,0.4528305
7197,model_1,-0.0295,-0.097084224
7198,model_1,-0.0298,-0.049191654
7199,model_1,0.1345,0.09369625
7200,model_1,0.0585,0.03581804
7201,model_1,-0.0053,0.0005644858
7202,model_1,-0.0513,-0.051112294
7203,model_1,0.2394,0.31825358
7204,model_1,0.0026,0.016056597
7205,model_1,0.1897,0.15666012
7206,model_1,0.1085,0.09340134
7207,model_1,0.4222,0.43475133
7208,model_1,-0.076,-0.12121251
7209,model_1,0.2336,0.12744822
7210,model_1,0.015,-0.02253288
7211,model_1,0.0327,0.023590356
7212,model_1,-0.0777,0.028195947
7213,model_1,0.7049,0.7284074
7214,model_1,0.0104,0.06503874
7215,model_1,0.1947,0.18650466
7216,model_1,0.2538,0.29416713
7217,model_1,0.0126,0.027938291
7218,model_1,0.4791,0.47828656
7219,model_1,0.5642,0.52493006
7220,model_1,0.154,0.14926007
7221,model_1,0.731,0.6496125
7222,model_1,0.1106,0.1148276
7223,model_1,0.2348,0.105609134
7224,model_1,0.1341,0.05421126
7225,model_1,0.3334,0.3401649
7226,model_1,0.2843,0.23676823
7227,model_1,0.0198,-0.0052274466
7228,model_1,0.0567,0.057112455
7229,model_1,0.625,0.58179104
7230,model_1,0.414,0.4037044
7231,model_1,0.1883,0.2778003
7232,model_1,0.0139,0.054996878
7233,model_1,0.0278,0.02944453
7234,model_1,0.2225,0.3184277
7235,model_1,0.4466,0.4504982
7236,model_1,0.017,0.013729021
7237,model_1,0.1664,0.10314545
7238,model_1,0.7497,0.76212186
7239,model_1,0.8427,0.7993984
7240,model_1,-0.124,-0.11840749
7241,model_1,0.334,0.3456688
7242,model_1,0.1582,0.14013144
7243,model_1,-0.1585,-0.18090561
7244,model_1,0.9227,0.81006247
7245,model_1,0.0718,0.09962469
7246,model_1,0.093,0.005685985
7247,model_1,0.34,0.31420457
7248,model_1,0.4915,0.5044592
7249,model_1,0.203,0.18963674
7250,model_1,0.5167,0.48183635
7251,model_1,0.0107,0.042371303
7252,model_1,0.3173,0.3401373
7253,model_1,0.2127,0.15746799
7254,model_1,0.5266,0.56145406
7255,model_1,-0.0674,-0.06070459
7256,model_1,0.2153,0.21504605
7257,model_1,0.1112,0.048143625
7258,model_1,0.2634,0.21756771
7259,model_1,0.0645,0.0914121
7260,model_1,0.245,0.25618932
7261,model_1,0.4424,0.44067425
7262,model_1,0.2736,0.26038602
7263,model_1,0.0702,0.06013769
7264,model_1,-0.1349,-0.0667595
7265,model_1,0.437,0.32773313
7266,model_1,0.1666,0.17759636
7267,model_1,0.1071,0.074346304
7268,model_1,0.5627,0.6139135
7269,model_1,0.1663,0.16414419
7270,model_1,0.3201,0.34182042
7271,model_1,0.6009,0.56527364
7272,model_1,0.1004,0.07155208
7273,model_1,0.0544,0.024020389
7274,model_1,0.125,0.18020828
7275,model_1,0.193,0.13961558
7276,model_1,-0.0252,0.004973501
7277,model_1,-0.0153,0.060474336
7278,model_1,-0.0437,-0.04241067
7279,model_1,0.0973,0.08286962
7280,model_1,0.196,0.10780591
7281,model_1,0.1112,0.088531554
7282,model_1,-0.0243,0.01090087
7283,model_1,0.0278,0.05030507
7284,model_1,0.1136,0.111213684
7285,model_1,0.352,0.27787995
7286,model_1,0.8297,0.78796196
7287,model_1,0.7415,0.72368395
7288,model_1,0.3901,0.36275017
7289,model_1,0.0562,0.08190429
7290,model_1,0.4363,0.45894262
7291,model_1,0.7698,0.620243
7292,model_1,0.6199,0.68001205
7293,model_1,0.2898,0.23074177
7294,model_1,0.3921,0.40016845
7295,model_1,-0.1219,-0.11119264
7296,model_1,0.4638,0.4851136
7297,model_1,0.2748,0.35892698
7298,model_1,0.2485,0.17410322
7299,model_1,-0.0762,-0.045466512
7300,model_1,0.1625,0.13818993
7301,model_1,0.4526,0.37405616
7302,model_1,0.7691,0.79384136
7303,model_1,0.1197,0.050933182
7304,model_1,0.5091,0.39932328
7305,model_1,0.1806,0.16639039
7306,model_1,0.5763,0.50000644
7307,model_1,0.3101,0.20345375
7308,model_1,0.2138,0.08942677
7309,model_1,0.3841,0.3578859
7310,model_1,0.1265,0.14697519
7311,model_1,0.4383,0.41344827
7312,model_1,0.2217,0.29007238
7313,model_1,0.2468,0.02680692
7314,model_1,0.4665,0.46040615
7315,model_1,0.1536,0.20177561
7316,model_1,-0.0673,-0.08539793
7317,model_1,0.3614,0.37178952
7318,model_1,0.0246,0.018361509
7319,model_1,0.2126,0.2620841
7320,model_1,-0.0125,-0.16425353
7321,model_1,-0.2356,-0.13007239
7322,model_1,0.0527,0.049247205
7323,model_1,0.1466,0.0749843
7324,model_1,-0.1561,-0.18615556
7325,model_1,0.1937,0.333997
7326,model_1,-0.0225,-0.01849866
7327,model_1,0.1131,0.104403466
7328,model_1,0.201,0.16521554
7329,model_1,0.5849,0.59482205
7330,model_1,0.3454,0.32629097
7331,model_1,0.0985,0.10191274
7332,model_1,0.1893,0.23558655
7333,model_1,-0.0123,-0.03134653
7334,model_1,0.1786,0.14068542
7335,model_1,0.0997,0.10620485
7336,model_1,0.5568,0.5987789
7337,model_1,0.7978,0.70282084
7338,model_1,0.1048,0.06079246
7339,model_1,0.1515,0.043691844
7340,model_1,0.3303,0.38233444
7341,model_1,0.2885,0.21971211
7342,model_1,0.4262,0.43500033
7343,model_1,0.6581,0.39032823
7344,model_1,0.1013,0.054449588
7345,model_1,0.6821,0.6299495
7346,model_1,0.2523,0.26082498
7347,model_1,-0.0366,0.17468354
7348,model_1,-0.2424,-0.052036434
7349,model_1,0.0262,0.07665345
7350,model_1,-0.0354,-0.005229324
7351,model_1,0.2123,0.18471198
7352,model_1,0.3802,0.38400215
7353,model_1,0.0506,0.1240333
7354,model_1,0.3097,0.29554898
7355,model_1,0.117,0.14582026
7356,model_1,0.1017,0.07934514
7357,model_1,0.5535,0.5776885
7358,model_1,0.4756,0.48125458
7359,model_1,0.184,0.18113726
7360,model_1,0.222,0.30070096
7361,model_1,0.1367,0.11151445
7362,model_1,0.0947,0.1452582
7363,model_1,0.2377,0.2345346
7364,model_1,0.027,-0.017161101
7365,model_1,0.2952,0.34045678
7366,model_1,0.2216,0.21279195
7367,model_1,0.1176,0.0949295
7368,model_1,0.4472,0.40507215
7369,model_1,0.1249,0.12291036
7370,model_1,0.1594,0.14335644
7371,model_1,0.4759,0.4590988
7372,model_1,0.4621,0.33859375
7373,model_1,-0.0201,-0.1064235
7374,model_1,0.7551,0.7254558
7375,model_1,0.1711,0.10570902
7376,model_1,0.153,0.19158693
7377,model_1,-0.107,-0.0672909
7378,model_1,0.2338,0.14155005
7379,model_1,0.0829,0.10221475
7380,model_1,0.308,0.27610278
7381,model_1,0.513,0.5471207
7382,model_1,0.0754,0.060631514
7383,model_1,0.0561,0.05277686
7384,model_1,0.3066,0.23263665
7385,model_1,0.1629,0.17983128
7386,model_1,0.0554,0.025781393
7387,model_1,0.163,0.25243196
7388,model_1,0.2746,0.25559825
7389,model_1,-0.0364,-0.037639856
7390,model_1,0.3734,0.33577693
7391,model_1,0.0265,0.0002770871
7392,model_1,0.2317,0.23223773
7393,model_1,0.5595,0.5705064
7394,model_1,0.486,0.51521695
7395,model_1,0.37,0.33435482
7396,model_1,-0.0227,-0.026509881
7397,model_1,0.2906,0.2838423
7398,model_1,0.0374,0.046646774
7399,model_1,0.1764,0.17573187
7400,model_1,0.2754,0.22163172
7401,model_1,0.1422,-0.010289133
7402,model_1,0.0779,0.08505638
7403,model_1,0.1316,0.12818891
7404,model_1,0.061,0.05456391
7405,model_1,0.0568,0.031301662
7406,model_1,0.1312,0.11462319
7407,model_1,0.2192,0.17923382
7408,model_1,0.5499,0.5718887
7409,model_1,0.2727,0.11498616
7410,model_1,0.3238,0.26413196
7411,model_1,0.1987,0.2536252
7412,model_1,0.1043,0.1362792
7413,model_1,0.4335,0.35100317
7414,model_1,0.1903,0.12599811
7415,model_1,0.1565,0.25073424
7416,model_1,0.1464,0.15467505
7417,model_1,-0.0751,-0.088027745
7418,model_1,0.136,0.10048053
7419,model_1,0.8712,0.84017
7420,model_1,0.2243,0.20343757
7421,model_1,0.1915,0.14686549
7422,model_1,-0.0257,-0.080863476
7423,model_1,-0.0029,0.048170984
7424,model_1,0.2691,0.25638938
7425,model_1,0.1199,0.05133587
7426,model_1,0.4632,0.47422794
7427,model_1,0.4501,0.5036754
7428,model_1,0.1384,0.009748697
7429,model_1,0.3117,0.26223895
7430,model_1,0.1667,0.102232635
7431,model_1,0.2709,0.30532333
7432,model_1,0.1377,0.14307903
7433,model_1,0.0023,0.0039625913
7434,model_1,0.1823,0.10044427
7435,model_1,0.188,0.19182962
7436,model_1,0.3083,0.26722485
7437,model_1,-0.1052,-0.010774434
7438,model_1,0.1369,0.12491532
7439,model_1,0.0508,0.057874247
7440,model_1,0.6057,0.5466261
7441,model_1,0.0298,0.074427724
7442,model_1,0.951,0.90652144
7443,model_1,0.7364,0.7941223
7444,model_1,0.3655,0.33081186
7445,model_1,-0.0868,-0.04247135
7446,model_1,0.2912,0.22488515
7447,model_1,0.0342,0.15506831
7448,model_1,0.1011,0.07296267
7449,model_1,0.1264,0.15405494
7450,model_1,0.0728,0.15348865
7451,model_1,-0.1733,-0.13937664
7452,model_1,0.4437,0.5072768
7453,model_1,0.2847,0.28213102
7454,model_1,0.3751,0.3210316
7455,model_1,0.013,0.17234491
7456,model_1,0.0287,0.1067349
7457,model_1,0.2012,0.09655014
7458,model_1,0.1821,0.1730638
7459,model_1,0.8398,0.829558
7460,model_1,0.021,0.011464745
7461,model_1,0.2712,0.13117614
7462,model_1,0.8266,0.85921353
7463,model_1,-0.0589,-0.090082765
7464,model_1,0.3069,0.36030203
7465,model_1,-0.1489,-0.13550365
7466,model_1,0.0577,0.0780458
7467,model_1,0.0916,0.10875982
7468,model_1,0.1588,0.24325149
7469,model_1,0.2312,0.33918145
7470,model_1,0.4346,0.4146064
7471,model_1,-0.0147,-0.05854866
7472,model_1,0.4361,0.4346072
7473,model_1,-0.0712,-0.13063985
7474,model_1,-0.1863,-0.1773406
7475,model_1,0.3692,0.38531464
7476,model_1,0.7477,0.7316572
7477,model_1,0.4946,0.5190239
7478,model_1,0.0446,0.0056880713
7479,model_1,0.4638,0.5390235
7480,model_1,0.2136,0.30162576
7481,model_1,-0.0187,-0.07135153
7482,model_1,0.3986,0.4356153
7483,model_1,-0.1999,-0.17417356
7484,model_1,0.1973,0.15638793
7485,model_1,-0.0583,-0.09212732
7486,model_1,-0.0068,-0.013855219
7487,model_1,0.2906,0.24392949
7488,model_1,0.2122,0.24232344
7489,model_1,0.0948,0.15200548
7490,model_1,0.1063,0.11670078
7491,model_1,0.1561,0.15868315
7492,model_1,0.5132,0.4635421
7493,model_1,0.4579,0.47325552
7494,model_1,-0.0445,-0.061418056
7495,model_1,0.3432,0.39618316
7496,model_1,0.0886,0.13008788
7497,model_1,0.3938,0.43111888
7498,model_1,0.0991,0.056929827
7499,model_1,0.3782,0.30129075
7500,model_1,0.3507,0.36476028
7501,model_1,0.4007,0.3785487
7502,model_1,0.4897,0.44904822
7503,model_1,0.0061,-0.008429334
7504,model_1,-0.2441,-0.048395455
7505,model_1,-0.2667,0.0011579692
7506,model_1,0.3256,0.22363032
7507,model_1,0.0278,-0.036932796
7508,model_1,0.522,0.49984837
7509,model_1,-0.0803,-0.08861786
7510,model_1,0.2214,0.1715748
7511,model_1,0.1195,0.13047588
7512,model_1,0.5497,0.5165664
7513,model_1,0.0584,0.05749099
7514,model_1,-0.0546,-0.056108803
7515,model_1,0.3618,0.32896894
7516,model_1,-0.0266,-0.006021589
7517,model_1,0.7383,0.6569393
7518,model_1,0.4452,0.43933672
7519,model_1,0.0618,0.009789228
7520,model_1,0.3014,0.3283544
7521,model_1,0.0412,0.05511096
7522,model_1,0.0754,0.11410965
7523,model_1,0.2323,0.2462923
7524,model_1,0.129,0.10303886
7525,model_1,-0.1852,-0.18523252
7526,model_1,0.0586,0.04767914
7527,model_1,0.4307,0.41897613
7528,model_1,0.0009,0.023680001
7529,model_1,0.1341,0.10112414
7530,model_1,0.088,0.11563852
7531,model_1,0.317,0.40745038
7532,model_1,0.0333,0.092475265
7533,model_1,-0.0535,-0.07103518
7534,model_1,0.4628,0.43142456
7535,model_1,0.0758,0.1125267
7536,model_1,0.1737,0.16186874
7537,model_1,0.2798,0.29805252
7538,model_1,-0.0352,0.02725339
7539,model_1,0.2469,0.28993538
7540,model_1,0.4488,0.43264464
7541,model_1,0.1244,0.10441126
7542,model_1,0.3142,0.30614364
7543,model_1,0.2088,0.109071955
7544,model_1,0.1047,0.11046235
7545,model_1,0.0542,0.032316864
7546,model_1,0.594,0.507763
7547,model_1,0.1575,0.1870859
7548,model_1,0.4553,0.41661376
7549,model_1,0.5147,0.45828778
7550,model_1,0.3859,0.44131583
7551,model_1,-0.011,0.014614046
7552,model_1,0.191,0.16646999
7553,model_1,-0.1217,-0.063216805
7554,model_1,0.0613,0.08686493
7555,model_1,0.0995,0.1375906
7556,model_1,0.17,0.37905535
7557,model_1,0.0721,0.12156767
7558,model_1,0.034,0.11896354
7559,model_1,0.4836,0.5319802
7560,model_1,0.3355,0.4198586
7561,model_1,0.2584,0.37163794
7562,model_1,0.4338,0.4516648
7563,model_1,0.3421,0.32635567
7564,model_1,0.0531,0.09522124
7565,model_1,0.1993,0.13378923
7566,model_1,0.1738,0.17814022
7567,model_1,-0.0583,-0.09173918
7568,model_1,0.3243,0.36977172
7569,model_1,0.8565,0.8526992
7570,model_1,-0.052,-0.01780352
7571,model_1,0.8588,0.795937
7572,model_1,0.0077,0.034806415
7573,model_1,0.4212,0.41095984
7574,model_1,-0.205,-0.117945015
7575,model_1,0.7088,0.7509371
7576,model_1,0.156,0.14123477
7577,model_1,0.1977,0.0792554
7578,model_1,0.3191,0.37155026
7579,model_1,0.3547,0.3097046
7580,model_1,0.4533,0.42562386
7581,model_1,0.2233,0.19897167
7582,model_1,0.2652,0.22379398
7583,model_1,0.8498,0.8158325
7584,model_1,0.0997,0.10120547
7585,model_1,0.1391,0.17892504
7586,model_1,-0.0899,-0.122973144
7587,model_1,0.3812,0.43491393
7588,model_1,0.2053,0.23305967
7589,model_1,0.1387,0.08767158
7590,model_1,0.1988,0.242019
7591,model_1,0.2538,0.16011402
7592,model_1,0.4954,0.48768705
7593,model_1,0.1239,0.13710847
7594,model_1,0.1201,0.12615903
7595,model_1,0.7626,0.79318476
7596,model_1,0.6754,0.69656074
7597,model_1,0.0445,0.12036831
7598,model_1,0.3562,0.32825053
7599,model_1,0.695,0.69557416
7600,model_1,0.1571,0.153684
7601,model_1,0.3424,0.33845478
7602,model_1,0.2698,0.28996712
7603,model_1,0.0662,0.08750549
7604,model_1,0.1604,0.23108366
7605,model_1,-0.2069,-0.15807724
7606,model_1,0.0925,0.12678394
7607,model_1,0.3833,0.28551894
7608,model_1,0.0551,0.037522405
7609,model_1,0.4173,0.46479154
7610,model_1,0.1471,0.23485556
7611,model_1,0.239,0.1892527
7612,model_1,0.0615,0.12334875
7613,model_1,-0.121,-0.08973485
7614,model_1,0.508,0.4942703
7615,model_1,0.1788,0.10773529
7616,model_1,0.1813,0.15693186
7617,model_1,0.4837,0.4308713
7618,model_1,0.4034,0.3594265
7619,model_1,0.516,0.53364444
7620,model_1,0.1309,0.19474438
7621,model_1,0.1019,0.0666842
7622,model_1,0.2802,0.30971545
7623,model_1,0.5535,0.49988925
7624,model_1,0.1515,0.12654753
7625,model_1,0.0072,-0.06401822
7626,model_1,0.1939,0.29680315
7627,model_1,-0.0453,-0.056550026
7628,model_1,0.1845,0.12246513
7629,model_1,0.6,0.5847324
7630,model_1,0.7875,0.7679377
7631,model_1,0.3052,0.3194267
7632,model_1,0.0214,0.35996878
7633,model_1,-0.0389,-0.09561619
7634,model_1,0.1277,0.122942284
7635,model_1,0.1638,0.11225873
7636,model_1,0.1365,0.17068964
7637,model_1,0.1018,0.09883918
7638,model_1,0.559,0.5124506
7639,model_1,0.2306,0.07112095
7640,model_1,0.1817,0.21529463
7641,model_1,0.3523,0.46941075
7642,model_1,0.1933,0.24550566
7643,model_1,0.1334,0.11832139
7644,model_1,0.3723,0.3944514
7645,model_1,0.8032,0.8090523
7646,model_1,-0.2069,-0.34997278
7647,model_1,0.0572,0.061801374
7648,model_1,-0.1588,-0.18651927
7649,model_1,0.1902,0.13234407
7650,model_1,0.2198,0.11554202
7651,model_1,0.2062,0.20921192
7652,model_1,0.2178,0.22182795
7653,model_1,0.5964,0.45628685
7654,model_1,0.6139,0.6476728
7655,model_1,0.8674,0.8405378
7656,model_1,0.1727,0.07894406
7657,model_1,0.6951,0.7342582
7658,model_1,0.0993,0.0013203621
7659,model_1,0.2609,0.23181933
7660,model_1,-0.0737,-0.09976691
7661,model_1,0.1199,0.044113085
7662,model_1,0.5871,0.5076111
7663,model_1,-0.0262,0.010265976
7664,model_1,0.0015,0.03926833
7665,model_1,-0.0839,-0.14532748
7666,model_1,0.1463,0.17711252
7667,model_1,0.372,0.24604137
7668,model_1,-0.2334,-0.18376666
7669,model_1,0.5,0.45659184
7670,model_1,0.1008,0.072199136
7671,model_1,0.0595,0.03729169
7672,model_1,0.1666,0.11145908
7673,model_1,0.0456,-0.008084357
7674,model_1,0.1695,0.17669085
7675,model_1,0.1122,0.07380891
7676,model_1,0.5221,0.50766784
7677,model_1,0.2872,0.29211184
7678,model_1,0.2908,0.30775258
7679,model_1,0.3371,0.4120984
7680,model_1,0.2536,0.22467189
7681,model_1,0.2987,0.31210476
7682,model_1,0.0344,0.02114445
7683,model_1,-0.0008,0.07563427
7684,model_1,0.3776,0.38748938
7685,model_1,0.1389,0.19517395
7686,model_1,0.5696,0.6131302
7687,model_1,0.6434,0.5754324
7688,model_1,0.0497,0.055128485
7689,model_1,0.1627,0.054108694
7690,model_1,-0.0176,0.23266673
7691,model_1,0.8162,0.9099258
7692,model_1,0.2964,0.2863316
7693,model_1,0.6381,0.608474
7694,model_1,0.3905,0.36599088
7695,model_1,0.0912,0.056167215
7696,model_1,0.231,0.23596062
7697,model_1,0.3373,0.22567599
7698,model_1,0.2965,0.2993349
7699,model_1,0.1444,0.20365408
7700,model_1,0.4532,0.4020369
7701,model_1,0.122,0.09664887
7702,model_1,0.628,0.67950636
7703,model_1,0.2851,0.23217873
7704,model_1,0.03,0.057974204
7705,model_1,-0.0039,-0.00311777
7706,model_1,-0.0154,-0.05201316
7707,model_1,0.1912,0.24731907
7708,model_1,0.2824,0.32673097
7709,model_1,0.2118,0.35582408
7710,model_1,0.1922,0.2844848
7711,model_1,0.3824,0.26880315
7712,model_1,0.02,0.04079616
7713,model_1,0.3946,0.41355988
7714,model_1,0.0635,0.07637194
7715,model_1,-0.039,-0.07064396
7716,model_1,0.4585,0.5228902
7717,model_1,0.3243,0.31602913
7718,model_1,0.1648,0.1285109
7719,model_1,0.1987,0.16115841
7720,model_1,0.1872,0.13616991
7721,model_1,0.1378,0.15158096
7722,model_1,-0.099,-0.07010424
7723,model_1,0.2793,0.26624364
7724,model_1,0.3316,0.28554878
7725,model_1,0.1795,0.2366191
7726,model_1,0.1547,0.21774456
7727,model_1,-0.1771,-0.21259803
7728,model_1,0.0196,0.08760011
7729,model_1,0.1495,0.15124413
7730,model_1,0.3225,0.31600094
7731,model_1,0.0093,-0.007793367
7732,model_1,0.1619,0.18738346
7733,model_1,0.1378,0.011076137
7734,model_1,-0.0671,-0.14073485
7735,model_1,0.0388,0.07615475
7736,model_1,0.4338,0.41583765
7737,model_1,0.1449,0.16286029
7738,model_1,0.1351,0.14353444
7739,model_1,0.2102,0.11076197
7740,model_1,0.3019,0.3067734
7741,model_1,-0.1359,-0.048544884
7742,model_1,0.0403,0.073179156
7743,model_1,0.4138,0.44099748
7744,model_1,0.196,0.29035234
7745,model_1,0.025,0.10848063
7746,model_1,0.0448,0.033515066
7747,model_1,0.1714,0.12484453
7748,model_1,0.7873,0.7762057
7749,model_1,0.0168,-0.011707336
7750,model_1,0.3336,0.3761968
7751,model_1,-0.1008,-0.0686
7752,model_1,0.336,0.375505
7753,model_1,0.1174,0.113033354
7754,model_1,-0.0528,-0.048862815
7755,model_1,0.6153,0.62287617
7756,model_1,0.0935,0.09866597
7757,model_1,-0.1282,-0.035921633
7758,model_1,0.3772,0.39088136
7759,model_1,0.3381,0.31271517
7760,model_1,0.4151,0.43198597
7761,model_1,-0.1532,-0.12735894
7762,model_1,0.1122,0.12413768
7763,model_1,0.2025,0.37961656
7764,model_1,0.487,0.5015442
7765,model_1,0.2475,0.30554453
7766,model_1,0.1275,0.35442108
7767,model_1,0.2696,0.29412833
7768,model_1,0.3628,0.317202
7769,model_1,0.4541,0.41010347
7770,model_1,-0.1636,-0.15752465
7771,model_1,0.0396,0.034069926
7772,model_1,0.0041,-0.0015014112
7773,model_1,-0.0169,-0.12341702
7774,model_1,0.1009,0.15418535
7775,model_1,-0.1121,-0.15188444
7776,model_1,0.3194,0.20392224
7777,model_1,0.1527,0.117247924
7778,model_1,0.7047,0.6298524
7779,model_1,0.1183,0.12969652
7780,model_1,0.2584,0.31343102
7781,model_1,-0.1028,-0.09922078
7782,model_1,0.3608,0.33739305
7783,model_1,0.0576,0.024919987
7784,model_1,0.4577,0.37236378
7785,model_1,0.4063,0.44058013
7786,model_1,0.0818,0.11856206
7787,model_1,0.2836,0.2908151
7788,model_1,0.5066,0.48294502
7789,model_1,0.4282,0.44492072
7790,model_1,0.67,0.5379625
7791,model_1,0.4959,0.46761832
7792,model_1,0.2656,0.21416858
7793,model_1,-0.0384,-0.07127243
7794,model_1,0.1246,0.16850147
7795,model_1,0.4572,0.44669425
7796,model_1,0.3305,0.3098247
7797,model_1,0.3568,0.44059256
7798,model_1,0.3911,0.36188295
7799,model_1,0.0545,0.023938015
7800,model_1,0.01,-0.047819853
7801,model_1,0.0781,0.093551934
7802,model_1,-0.1036,-0.053809494
7803,model_1,0.1,0.011898696
7804,model_1,0.6253,0.6416635
7805,model_1,0.1911,0.15364102
7806,model_1,0.3308,0.29461768
7807,model_1,0.0041,0.03464113
7808,model_1,0.1375,0.15957418
7809,model_1,0.3768,0.28287965
7810,model_1,0.2134,0.18342137
7811,model_1,0.0861,0.10109526
7812,model_1,0.2894,0.32045898
7813,model_1,0.4128,0.3851429
7814,model_1,0.3812,0.3745042
7815,model_1,0.147,0.17567633
7816,model_1,0.7102,0.7328998
7817,model_1,0.4021,0.4498527
7818,model_1,0.1532,0.16452964
7819,model_1,0.2071,0.09202939
7820,model_1,0.1293,0.05365601
7821,model_1,0.0626,0.086143106
7822,model_1,0.3771,0.4600135
7823,model_1,0.3758,0.33998162
7824,model_1,0.2291,0.3158792
7825,model_1,0.8525,0.86117697
7826,model_1,0.5083,0.5303583
7827,model_1,0.0404,0.06770131
7828,model_1,0.496,0.4382134
7829,model_1,0.0823,0.0813749
7830,model_1,0.0519,0.117982626
7831,model_1,0.0538,0.06979655
7832,model_1,0.7802,0.7921577
7833,model_1,0.0349,0.020277426
7834,model_1,0.5019,0.5103459
7835,model_1,0.2279,0.5749086
7836,model_1,0.5218,0.56580865
7837,model_1,0.266,0.27863467
7838,model_1,0.1681,0.24757078
7839,model_1,0.112,0.124073
7840,model_1,0.0314,0.09048295
7841,model_1,0.2514,0.20542714
7842,model_1,0.1654,0.14109048
7843,model_1,0.2911,0.28110757
7844,model_1,0.1324,0.04542795
7845,model_1,0.1451,0.17567866
7846,model_1,0.2122,0.27568924
7847,model_1,0.4885,0.47914028
7848,model_1,0.1422,0.08092347
7849,model_1,0.893,0.94673896
7850,model_1,0.172,0.23202959
7851,model_1,0.0872,0.05899465
7852,model_1,0.3202,0.22089592
7853,model_1,0.4865,0.5185354
7854,model_1,0.3982,0.44135255
7855,model_1,0.045,0.047274932
7856,model_1,0.3512,0.3531659
7857,model_1,0.2605,0.26248562
7858,model_1,0.5737,0.48438597
7859,model_1,0.7863,0.82406914
7860,model_1,0.1633,0.35543722
7861,model_1,0.1534,0.17973255
7862,model_1,0.1058,0.07955171
7863,model_1,-0.0711,-0.05327466
7864,model_1,0.3967,0.30139133
7865,model_1,0.2556,0.24164765
7866,model_1,0.2316,0.22895177
7867,model_1,0.0237,-0.015374929
7868,model_1,-0.1965,-0.20747972
7869,model_1,0.1664,0.16598728
7870,model_1,-0.044,-0.011835456
7871,model_1,0.4254,0.4525521
7872,model_1,0.5146,0.6013473
7873,model_1,0.5227,0.4901235
7874,model_1,0.3813,0.42436242
7875,model_1,0.2022,0.24377605
7876,model_1,0.174,0.20531648
7877,model_1,0.4442,0.43813303
7878,model_1,0.1327,0.18629472
7879,model_1,0.1344,0.13124008
7880,model_1,0.0602,0.12081166
7881,model_1,0.1259,0.14982894
7882,model_1,-0.085,-0.09845048
7883,model_1,0.6118,0.62302923
7884,model_1,0.0827,0.07379797
7885,model_1,0.468,0.4619894
7886,model_1,0.8082,0.776466
7887,model_1,0.0236,-0.0046417266
7888,model_1,0.0834,0.067478895
7889,model_1,0.0741,0.1301923
7890,model_1,-0.0312,-0.019554496
7891,model_1,0.4812,0.35185224
7892,model_1,0.1985,0.281206
7893,model_1,0.5729,0.5579175
7894,model_1,0.806,0.7647459
7895,model_1,0.0111,0.02500248
7896,model_1,0.3479,0.34262425
7897,model_1,0.2207,0.26356998
7898,model_1,0.1676,0.15125442
7899,model_1,0.1055,0.15506047
7900,model_1,0.128,0.12429378
7901,model_1,0.0259,-0.075455874
7902,model_1,0.1212,0.122428775
7903,model_1,0.1985,0.26888496
7904,model_1,0.0954,0.09204069
7905,model_1,0.5642,-0.14357954
7906,model_1,0.1757,0.2957312
7907,model_1,0.1588,0.074763864
7908,model_1,0.2185,0.2226557
7909,model_1,0.0539,0.047590137
7910,model_1,0.7087,0.7049463
7911,model_1,0.1029,0.15341789
7912,model_1,-0.0829,-0.05154887
7913,model_1,0.3109,0.42139745
7914,model_1,0.3895,0.3121455
7915,model_1,-0.1633,0.011134684
7916,model_1,0.2135,0.2124725
7917,model_1,0.1851,0.06602433
7918,model_1,0.2973,0.33541828
7919,model_1,0.0036,-0.031038225
7920,model_1,0.41,0.40434787
7921,model_1,0.0959,0.074883685
7922,model_1,0.0548,0.13416511
7923,model_1,0.0076,0.09896703
7924,model_1,-0.0779,-0.03444755
7925,model_1,0.08,0.0039509833
7926,model_1,0.2207,0.27031368
7927,model_1,0.4413,0.4202482
7928,model_1,0.0658,0.09149246
7929,model_1,0.3493,0.3284976
7930,model_1,0.2391,0.21829619
7931,model_1,0.023,-0.05653876
7932,model_1,0.594,0.5585664
7933,model_1,0.3332,0.37672552
7934,model_1,0.482,0.4940619
7935,model_1,0.2071,0.21385369
7936,model_1,0.8894,0.83716387
7937,model_1,0.0461,0.0337871
7938,model_1,0.2497,0.23302795
7939,model_1,-0.2304,-0.1814594
7940,model_1,0.3956,0.38295197
7941,model_1,0.155,0.32732534
7942,model_1,0.5459,0.5658152
7943,model_1,0.1457,0.06603646
7944,model_1,0.611,0.5759056
7945,model_1,-0.0513,-0.053499162
7946,model_1,0.2687,0.11913844
7947,model_1,0.0447,0.06326805
7948,model_1,0.513,0.4869445
7949,model_1,0.2302,0.4303439
7950,model_1,0.5604,0.6125306
7951,model_1,0.6187,0.605499
7952,model_1,0.1463,0.07382226
7953,model_1,0.2603,0.28565887
7954,model_1,0.0076,0.08415902
7955,model_1,0.0315,0.04629773
7956,model_1,0.1645,0.40229627
7957,model_1,0.2143,0.19096567
7958,model_1,0.329,0.4622953
7959,model_1,-0.0139,-0.024554461
7960,model_1,0.3738,0.41083083
7961,model_1,0.1203,0.06068796
7962,model_1,0.0547,0.14472602
7963,model_1,0.2056,0.15771592
7964,model_1,0.1251,0.20084909
7965,model_1,0.2334,0.21002306
7966,model_1,0.2282,0.091377825
7967,model_1,-0.0475,-0.082591176
7968,model_1,0.1753,0.05359666
7969,model_1,0.2433,0.31541586
7970,model_1,0.3039,0.35858598
7971,model_1,0.2911,0.26480594
7972,model_1,0.5312,0.52182066
7973,model_1,0.0045,0.032633126
7974,model_1,0.2446,0.26955166
7975,model_1,0.0783,0.08073138
7976,model_1,0.1593,0.1620649
7977,model_1,0.7371,0.7327186
7978,model_1,0.4262,0.3413395
7979,model_1,0.4948,0.37033075
7980,model_1,0.169,0.15999311
7981,model_1,0.1676,0.18542086
7982,model_1,0.2038,0.2544035
7983,model_1,0.1706,0.07508293
7984,model_1,0.4307,0.32617494
7985,model_1,0.1734,0.21893202
7986,model_1,0.2079,0.16120768
7987,model_1,0.1839,0.13024864
7988,model_1,0.2274,0.21928643
7989,model_1,0.2536,0.35096392
7990,model_1,0.374,0.41675413
7991,model_1,0.5417,0.63843805
7992,model_1,0.815,0.8060449
7993,model_1,0.2078,0.2067608
7994,model_1,0.1419,0.12843268
7995,model_1,0.2589,0.22844538
7996,model_1,0.281,0.28136003
7997,model_1,0.5114,0.53650063
7998,model_1,0.0358,0.07214612
7999,model_1,0.7986,0.70828253
8000,model_1,0.6542,0.65314454
8001,model_1,0.088,0.0901576
8002,model_1,0.025,0.046974212
8003,model_1,-0.0112,-0.031939745
8004,model_1,0.3338,0.33788106
8005,model_1,0.2818,0.30179483
8006,model_1,0.269,0.17826015
8007,model_1,-0.0424,-0.08096272
8008,model_1,0.1803,0.11865787
8009,model_1,0.169,0.20884524
8010,model_1,0.236,0.31197393
8011,model_1,0.2198,0.2510421
8012,model_1,0.1866,0.19851889
8013,model_1,0.4248,0.43992504
8014,model_1,0.2512,0.21030389
8015,model_1,0.2158,0.256231
8016,model_1,-0.1,-0.11124444
8017,model_1,-0.5749,0.045476556
8018,model_1,0.0946,0.04821086
8019,model_1,0.8552,0.87350273
8020,model_1,-0.1193,-0.041684687
8021,model_1,0.5345,0.51310134
8022,model_1,-0.0114,-0.11972734
8023,model_1,0.2066,0.15137261
8024,model_1,0.0119,0.047406614
8025,model_1,-0.1535,-0.1330286
8026,model_1,0.3214,0.2688764
8027,model_1,0.3994,0.43710518
8028,model_1,0.0641,0.104540706
8029,model_1,0.4663,0.49912387
8030,model_1,-0.0225,0.02991435
8031,model_1,0.5976,0.60181373
8032,model_1,0.2496,0.13590193
8033,model_1,0.2314,0.16689761
8034,model_1,0.0476,0.06958325
8035,model_1,0.2053,0.20409504
8036,model_1,0.3204,0.39584753
8037,model_1,0.3088,0.2962688
8038,model_1,-0.142,-0.032128513
8039,model_1,0.3433,0.3023974
8040,model_1,0.252,0.23351772
8041,model_1,0.2221,0.2320682
8042,model_1,0.2191,0.19813818
8043,model_1,0.2066,0.18306927
8044,model_1,0.0754,0.014171928
8045,model_1,0.1489,0.12122496
8046,model_1,0.1556,0.082963794
8047,model_1,0.2323,0.34563217
8048,model_1,0.1005,0.10889155
8049,model_1,0.4096,0.39458862
8050,model_1,0.1339,0.2127718
8051,model_1,0.3487,0.254272
8052,model_1,0.144,-0.045834005
8053,model_1,-0.047,-0.023965329
8054,model_1,0.0231,-0.0044040084
8055,model_1,0.0609,0.06384683
8056,model_1,0.929,0.9020239
8057,model_1,0.6836,0.68161774
8058,model_1,0.4013,0.18436356
8059,model_1,0.4146,0.3873241
8060,model_1,0.1216,0.0885289
8061,model_1,0.2479,0.29861084
8062,model_1,0.2411,0.28345665
8063,model_1,0.0501,-0.008250341
8064,model_1,0.2792,0.27612677
8065,model_1,0.3772,0.39370424
8066,model_1,0.5453,0.44972917
8067,model_1,0.0991,0.046539903
8068,model_1,0.8317,0.83382404
8069,model_1,0.4374,0.42781758
8070,model_1,0.0686,0.10950863
8071,model_1,0.3364,0.28562936
8072,model_1,0.298,0.26661235
8073,model_1,0.1833,0.20530361
8074,model_1,0.1203,0.20346288
8075,model_1,0.4889,0.5064015
8076,model_1,0.3597,0.4148307
8077,model_1,0.1821,0.24369094
8078,model_1,0.6694,0.70978224
8079,model_1,0.386,0.40546477
8080,model_1,0.1627,0.14756683
8081,model_1,0.4063,0.32828307
8082,model_1,0.2047,0.23905796
8083,model_1,0.4378,0.46558163
8084,model_1,0.2944,0.2534395
8085,model_1,0.0882,0.061877087
8086,model_1,0.477,0.46530584
8087,model_1,0.0561,0.017194614
8088,model_1,0.2365,0.17629018
8089,model_1,0.4709,0.38473952
8090,model_1,0.3123,0.30049634
8091,model_1,0.1103,0.08094606
8092,model_1,0.5381,0.4960178
8093,model_1,-0.0282,-0.016566277
8094,model_1,-0.1078,-0.075874984
8095,model_1,0.1588,0.22673622
8096,model_1,0.312,0.11806722
8097,model_1,0.6709,0.67121
8098,model_1,0.1096,0.17308405
8099,model_1,0.5135,0.56437635
8100,model_1,0.1184,0.1544422
8101,model_1,-0.0023,-0.01426816
8102,model_1,0.4592,0.40381783
8103,model_1,0.3461,0.36308983
8104,model_1,0.7936,0.7510304
8105,model_1,0.468,0.43867058
8106,model_1,-0.0229,-0.06620768
8107,model_1,0.8707,0.84848017
8108,model_1,0.3845,0.3783584
8109,model_1,0.4534,0.42016134
8110,model_1,0.314,0.21150392
8111,model_1,0.5015,0.48648626
8112,model_1,0.3327,0.3088048
8113,model_1,0.1622,0.15371977
8114,model_1,0.1257,0.13737097
8115,model_1,0.3908,0.45639068
8116,model_1,0.108,0.16073282
8117,model_1,0.3197,0.27583337
8118,model_1,0.1599,0.10284205
8119,model_1,0.4747,0.36555964
8120,model_1,0.5028,0.44924045
8121,model_1,0.5039,0.41606346
8122,model_1,0.3143,0.23139705
8123,model_1,0.2406,0.22156751
8124,model_1,0.3679,0.3553192
8125,model_1,0.3705,0.21345451
8126,model_1,0.7953,0.75087243
8127,model_1,-0.0161,0.010456175
8128,model_1,0.311,0.33942735
8129,model_1,0.2225,0.2500398
8130,model_1,0.4598,0.44658569
8131,model_1,0.2595,0.2831482
8132,model_1,0.4819,0.4710183
8133,model_1,0.2515,0.21195564
8134,model_1,-0.13,-0.15138578
8135,model_1,0.5165,0.55011183
8136,model_1,0.331,0.36225486
8137,model_1,0.295,0.29650962
8138,model_1,0.1406,0.11975695
8139,model_1,0.467,0.45770094
8140,model_1,0.391,0.4170381
8141,model_1,0.2831,0.29694206
8142,model_1,0.0039,-0.008134693
8143,model_1,-0.1949,-0.056783617
8144,model_1,0.8661,0.8751932
8145,model_1,0.3169,0.27389926
8146,model_1,0.1683,0.28423885
8147,model_1,0.0904,0.086916566
8148,model_1,0.1558,0.13580051
8149,model_1,0.2756,0.37437862
8150,model_1,0.2354,0.2678176
8151,model_1,0.2313,0.39988425
8152,model_1,-0.2592,-0.124444306
8153,model_1,0.47,0.50864184
8154,model_1,0.3482,0.32236972
8155,model_1,0.2288,0.24279036
8156,model_1,0.1333,0.19406742
8157,model_1,0.0752,0.05448714
8158,model_1,0.5703,0.587232
8159,model_1,0.1318,0.13575949
8160,model_1,0.4238,0.33069855
8161,model_1,0.1957,0.27450198
8162,model_1,-0.0309,0.11472969
8163,model_1,-0.2026,-0.06701377
8164,model_1,0.1492,0.17421247
8165,model_1,0.101,0.0950114
8166,model_1,0.4566,0.45079923
8167,model_1,0.5861,0.6005851
8168,model_1,0.5031,0.5141226
8169,model_1,0.286,0.166611
8170,model_1,-0.1244,-0.11614922
8171,model_1,-0.0963,-0.09031433
8172,model_1,0.1343,0.105710834
8173,model_1,-0.0445,-0.08291209
8174,model_1,0.3268,0.29967698
8175,model_1,0.0759,0.07655944
8176,model_1,-0.0004,0.009191021
8177,model_1,0.1804,0.1555295
8178,model_1,0.3891,0.39457953
8179,model_1,0.476,0.40395802
8180,model_1,0.1044,0.26337093
8181,model_1,0.1481,0.15190879
8182,model_1,0.2509,0.16425428
8183,model_1,-0.0014,-0.12795132
8184,model_1,0.0709,0.04458259
8185,model_1,0.0406,0.00873287
8186,model_1,0.9323,0.9413011
8187,model_1,0.2264,0.24173978
8188,model_1,0.0986,0.098860756
8189,model_1,0.0672,0.1494694
8190,model_1,0.0755,0.14808223
8191,model_1,0.197,0.28087813
8192,model_1,0.516,0.531259
8193,model_1,0.2858,0.3387695
8194,model_1,0.8269,0.76754165
8195,model_1,0.9665,0.9284727
8196,model_1,0.2358,0.21814324
8197,model_1,-0.1734,-0.1577174
8198,model_1,0.4393,0.41675892
8199,model_1,-0.14,-0.11884165
8200,model_1,0.5755,0.55673814
8201,model_1,0.6711,-0.10576314
8202,model_1,0.2002,0.20413132
8203,model_1,0.1867,0.10264169
8204,model_1,0.3063,0.2769918
8205,model_1,0.7297,0.74606705
8206,model_1,0.1701,0.1500011
8207,model_1,0.3475,0.34532437
8208,model_1,0.0842,-0.012346745
8209,model_1,-0.0014,0.040795684
8210,model_1,0.1991,0.08184159
8211,model_1,0.1758,0.267149
8212,model_1,-0.0328,0.06752342
8213,model_1,0.1432,0.07546836
8214,model_1,0.1607,0.20255843
8215,model_1,0.0929,0.11354864
8216,model_1,0.1573,0.1415572
8217,model_1,-0.0366,-0.08620396
8218,model_1,0.1659,0.19656748
8219,model_1,0.6421,0.65084255
8220,model_1,0.1158,0.043739185
8221,model_1,0.5968,0.5262269
8222,model_1,0.4382,0.38916415
8223,model_1,-0.0089,0.016061231
8224,model_1,0.7888,0.78511447
8225,model_1,0.1321,0.30892175
8226,model_1,0.1556,0.28965956
8227,model_1,0.1571,0.14536744
8228,model_1,0.2813,0.22361796
8229,model_1,-0.0553,0.08314812
8230,model_1,-0.0286,0.06134516
8231,model_1,0.0898,0.053072095
8232,model_1,0.256,0.30587563
8233,model_1,0.1174,0.023883432
8234,model_1,-0.1422,-0.09153387
8235,model_1,0.2153,0.22180206
8236,model_1,0.089,0.40862536
8237,model_1,0.1971,0.2583509
8238,model_1,0.1902,0.22584799
8239,model_1,0.5737,0.54533786
8240,model_1,-0.0696,-0.07216835
8241,model_1,0.3303,0.2691034
8242,model_1,0.32,0.33819002
8243,model_1,-0.0404,-0.07602298
8244,model_1,0.0821,0.0884497
8245,model_1,0.0895,0.15854302
8246,model_1,0.3422,0.30505273
8247,model_1,0.6671,0.70252043
8248,model_1,0.1434,0.16776934
8249,model_1,0.0903,0.10465762
8250,model_1,-0.0377,-0.02698329
8251,model_1,0.2015,0.2386975
8252,model_1,-0.2146,-0.16155052
8253,model_1,0.4999,0.593701
8254,model_1,0.1687,0.10789652
8255,model_1,0.1481,0.12806222
8256,model_1,-0.0119,0.08071609
8257,model_1,0.1368,0.3351478
8258,model_1,0.532,0.5075093
8259,model_1,0.1131,0.13447312
8260,model_1,0.2654,0.29426402
8261,model_1,0.5252,0.4581236
8262,model_1,0.102,0.27873498
8263,model_1,0.1438,0.10682951
8264,model_1,0.3371,0.29402012
8265,model_1,-0.1646,-0.1449996
8266,model_1,0.0757,0.096340865
8267,model_1,0.3713,0.41879874
8268,model_1,0.261,0.2267892
8269,model_1,0.4555,0.3726377
8270,model_1,0.523,0.50215113
8271,model_1,0.2208,0.2063787
8272,model_1,0.1665,0.14999336
8273,model_1,0.1519,0.1868076
8274,model_1,0.084,0.20446351
8275,model_1,0.2562,0.07569516
8276,model_1,0.1587,0.16441537
8277,model_1,0.2921,0.30869246
8278,model_1,0.346,0.27457196
8279,model_1,0.1752,0.12874892
8280,model_1,0.0576,0.07262492
8281,model_1,0.2593,0.21106628
8282,model_1,0.6237,0.6511851
8283,model_1,0.6642,0.6250442
8284,model_1,0.1626,0.29924297
8285,model_1,0.0199,-0.01754129
8286,model_1,0.351,0.16768889
8287,model_1,0.1391,0.16174605
8288,model_1,0.1439,0.25081438
8289,model_1,-0.118,-0.11073536
8290,model_1,0.1575,0.15864941
8291,model_1,0.1039,0.029748276
8292,model_1,0.058,0.05567807
8293,model_1,0.3379,0.33061963
8294,model_1,0.1154,0.08125502
8295,model_1,-0.0239,0.069104195
8296,model_1,0.018,0.12329885
8297,model_1,-0.0247,-0.0748851
8298,model_1,0.0036,0.025417209
8299,model_1,0.2146,0.211429
8300,model_1,0.8651,0.95456225
8301,model_1,0.0975,0.09369141
8302,model_1,0.203,0.1456946
8303,model_1,0.2146,0.3292835
8304,model_1,0.7202,0.7725539
8305,model_1,0.0498,0.05561912
8306,model_1,-0.0454,-0.037869662
8307,model_1,0.0339,0.045781
8308,model_1,0.4762,0.27815455
8309,model_1,0.1491,0.36215073
8310,model_1,0.3627,0.37671497
8311,model_1,0.842,0.8007693
8312,model_1,0.2339,0.2900538
8313,model_1,0.0146,0.079782784
8314,model_1,0.1571,0.2043408
8315,model_1,-0.0455,-0.015011251
8316,model_1,0.2512,0.2612649
8317,model_1,0.1304,0.23362257
8318,model_1,0.6412,0.6215017
8319,model_1,0.2924,0.31596762
8320,model_1,0.1715,0.14242513
8321,model_1,0.0157,0.035963163
8322,model_1,0.1155,0.18936765
8323,model_1,-0.0113,-0.03914416
8324,model_1,0.1165,0.05813247
8325,model_1,0.4428,0.4587353
8326,model_1,0.4851,0.5392052
8327,model_1,0.3105,0.28529117
8328,model_1,0.2339,0.2681158
8329,model_1,0.6122,0.55034024
8330,model_1,0.0809,0.1541966
8331,model_1,0.9447,0.8732436
8332,model_1,0.1303,0.09725323
8333,model_1,0.2879,0.30019054
8334,model_1,-0.0406,-0.016688615
8335,model_1,0.1661,0.19282699
8336,model_1,0.4717,0.5524433
8337,model_1,0.2581,0.189815
8338,model_1,0.2614,0.14907205
8339,model_1,0.2206,0.18241616
8340,model_1,0.4404,0.44738877
8341,model_1,-0.0225,0.051409274
8342,model_1,0.1362,0.12345492
8343,model_1,0.122,0.20614085
8344,model_1,0.2478,0.320013
8345,model_1,0.0804,0.094416454
8346,model_1,0.0896,0.060376406
8347,model_1,0.2589,0.28810048
8348,model_1,0.1241,0.1869179
8349,model_1,0.0953,0.14880238
8350,model_1,0.3806,0.39472726
8351,model_1,0.3132,0.28908253
8352,model_1,0.1667,0.3846351
8353,model_1,0.4849,0.33181116
8354,model_1,-0.0329,0.03068529
8355,model_1,0.5584,0.63781816
8356,model_1,0.0591,0.08445993
8357,model_1,0.4223,0.40479502
8358,model_1,-0.1287,-0.0980019
8359,model_1,0.2548,0.17943339
8360,model_1,0.1733,0.17617907
8361,model_1,0.0309,0.006598413
8362,model_1,0.1838,0.11493712
8363,model_1,0.0496,0.07264502
8364,model_1,0.6049,0.6193988
8365,model_1,0.2337,0.21176367
8366,model_1,-0.163,-0.02793914
8367,model_1,0.633,0.6028547
8368,model_1,0.2357,0.25789672
8369,model_1,0.0549,0.11620854
8370,model_1,0.1392,0.15851405
8371,model_1,0.499,0.47886756
8372,model_1,0.4157,0.41327083
8373,model_1,0.3054,-0.11416963
8374,model_1,0.1348,0.2510347
8375,model_1,0.1066,0.094363496
8376,model_1,0.2705,0.2736343
8377,model_1,0.2422,0.2883185
8378,model_1,0.1623,0.1478837
8379,model_1,0.1289,0.20649248
8380,model_1,0.0515,0.07393618
8381,model_1,0.3696,0.3382841
8382,model_1,0.5245,0.48268497
8383,model_1,0.1274,0.05848196
8384,model_1,0.074,0.12011798
8385,model_1,0.2207,0.16508532
8386,model_1,-0.0335,-0.106256545
8387,model_1,0.2783,0.34217495
8388,model_1,0.0534,0.081557035
8389,model_1,0.5358,0.51541376
8390,model_1,0.0646,0.063545585
8391,model_1,0.2973,0.3388787
8392,model_1,-0.2085,0.42569292
8393,model_1,-0.0118,0.0012669116
8394,model_1,0.3737,0.3742165
8395,model_1,0.1555,0.23159513
8396,model_1,0.3779,0.39717492
8397,model_1,0.1482,0.26036105
8398,model_1,0.2755,0.29551923
8399,model_1,0.3749,0.41155034
8400,model_1,0.0899,0.02603203
8401,model_1,0.3519,0.3140618
8402,model_1,0.4123,0.3619095
8403,model_1,0.1541,0.21840379
8404,model_1,-0.0532,0.0041556656
8405,model_1,0.3114,0.35363808
8406,model_1,0.3575,0.34835318
8407,model_1,0.3541,0.39406902
8408,model_1,0.0643,0.09729132
8409,model_1,0.1829,0.1455531
8410,model_1,0.4503,0.35503882
8411,model_1,-0.1198,-0.13733879
8412,model_1,0.0585,0.07684401
8413,model_1,-0.0512,-0.03700015
8414,model_1,0.6584,0.6674764
8415,model_1,0.4088,0.0644927
8416,model_1,0.3131,0.30577278
8417,model_1,0.8609,0.8698895
8418,model_1,0.3183,0.34203082
8419,model_1,0.4465,0.45533216
8420,model_1,-0.1397,0.030324847
8421,model_1,0.1518,0.16102605
8422,model_1,0.3018,0.27108264
8423,model_1,0.2035,0.15367058
8424,model_1,0.3751,0.43075472
8425,model_1,0.1341,0.12314448
8426,model_1,0.0226,0.06546989
8427,model_1,0.2792,0.2330544
8428,model_1,0.1594,0.1469763
8429,model_1,0.1327,0.13333745
8430,model_1,0.6031,0.5886293
8431,model_1,-0.0169,-0.009554997
8432,model_1,-0.2042,-0.21108061
8433,model_1,-0.1098,-0.073069006
8434,model_1,-0.06,-0.057029486
8435,model_1,0.5641,0.53844726
8436,model_1,0.1709,0.14134145
8437,model_1,0.2249,0.24011779
8438,model_1,0.2594,0.29484874
8439,model_1,-0.2033,-0.24335971
8440,model_1,0.3997,0.36897746
8441,model_1,0.2886,0.34493792
8442,model_1,0.0537,0.056411296
8443,model_1,0.1632,0.21934478
8444,model_1,0.0502,-0.04458642
8445,model_1,0.2989,0.1431421
8446,model_1,0.7463,0.68025696
8447,model_1,0.0917,0.030859962
8448,model_1,0.1228,0.12480016
8449,model_1,0.0764,0.090603575
8450,model_1,0.1997,0.21212482
8451,model_1,0.0639,0.049030975
8452,model_1,0.2147,0.21372145
8453,model_1,0.1924,0.23005852
8454,model_1,0.2336,0.19029632
8455,model_1,0.1368,0.20511186
8456,model_1,-0.0726,-0.0076074153
8457,model_1,0.0723,0.05482568
8458,model_1,0.5147,0.49292105
8459,model_1,0.6486,0.5936786
8460,model_1,0.4589,0.44228083
8461,model_1,0.1824,0.29681164
8462,model_1,0.5554,0.579015
8463,model_1,0.1301,0.10152319
8464,model_1,0.0471,0.090946585
8465,model_1,0.1604,0.18659821
8466,model_1,0.1757,0.14738995
8467,model_1,0.1223,0.15056142
8468,model_1,0.1768,0.11201987
8469,model_1,0.111,0.06699321
8470,model_1,0.1488,0.16240041
8471,model_1,0.4514,0.34336793
8472,model_1,0.0752,0.08572842
8473,model_1,0.1796,0.17161933
8474,model_1,0.1721,0.2345177
8475,model_1,0.3159,0.23627138
8476,model_1,0.0185,0.21113157
8477,model_1,0.2317,0.30108717
8478,model_1,0.839,0.85071254
8479,model_1,-0.1053,-0.105054915
8480,model_1,0.6241,0.54608935
8481,model_1,0.2437,0.29306975
8482,model_1,0.4658,0.53578126
8483,model_1,0.5296,0.42812225
8484,model_1,0.3454,0.37372273
8485,model_1,-0.0523,-0.05185646
8486,model_1,0.2367,0.24689431
8487,model_1,-0.0318,0.015340984
8488,model_1,-0.1389,-0.09132117
8489,model_1,0.4072,0.3437244
8490,model_1,0.2072,0.13916638
8491,model_1,-0.1929,-0.19714314
8492,model_1,-0.044,-0.08799189
8493,model_1,0.024,0.16844422
8494,model_1,0.0527,0.09135024
8495,model_1,0.4268,0.3914386
8496,model_1,0.0467,0.032868057
8497,model_1,0.2166,0.26644018
8498,model_1,0.3644,0.35417953
8499,model_1,0.0742,0.03281778
8500,model_1,0.1657,0.1731523
8501,model_1,-0.0197,-0.041855752
8502,model_1,0.1168,0.06962538
8503,model_1,0.6326,0.5947794
8504,model_1,0.7376,0.6494969
8505,model_1,0.0216,0.004296452
8506,model_1,0.1767,0.17148203
8507,model_1,0.1621,0.18500185
8508,model_1,0.3109,0.30061513
8509,model_1,0.1434,0.22798932
8510,model_1,0.1444,0.20941314
8511,model_1,0.3419,0.39695972
8512,model_1,-0.1969,-0.117357016
8513,model_1,0.2819,0.25717875
8514,model_1,0.1428,0.135133
8515,model_1,0.0376,-0.014167339
8516,model_1,0.074,0.13985604
8517,model_1,0.1678,0.13577878
8518,model_1,0.3727,0.38274276
8519,model_1,0.3913,0.40760073
8520,model_1,0.59,0.6316483
8521,model_1,0.2115,0.0986
8522,model_1,0.1805,0.19868945
8523,model_1,0.297,0.21142823
8524,model_1,0.0675,0.06961751
8525,model_1,0.0249,0.018090278
8526,model_1,0.2209,0.26413274
8527,model_1,0.0484,0.06270903
8528,model_1,0.1844,0.22313362
8529,model_1,0.0703,0.09742539
8530,model_1,0.7797,0.79111636
8531,model_1,0.2194,0.2619678
8532,model_1,0.2741,0.2079075
8533,model_1,0.264,0.06837666
8534,model_1,0.089,0.013495654
8535,model_1,-0.0174,0.008788288
8536,model_1,0.3093,0.34666067
8537,model_1,0.0401,-0.011166751
8538,model_1,0.0969,0.13351157
8539,model_1,0.218,0.2989927
8540,model_1,0.1445,0.16451325
8541,model_1,-0.0434,-0.027265966
8542,model_1,0.0831,0.08473374
8543,model_1,0.1982,0.27859938
8544,model_1,0.4415,0.42707705
8545,model_1,0.395,0.28615856
8546,model_1,0.7228,0.6621858
8547,model_1,0.2033,0.15704548
8548,model_1,0.3381,0.23933476
8549,model_1,-1e-04,0.0123014
8550,model_1,0.1251,0.14006427
8551,model_1,0.2526,0.1949103
8552,model_1,0.3148,0.3691264
8553,model_1,0.2407,0.29190752
8554,model_1,0.5303,0.5136466
8555,model_1,0.2007,0.19964486
8556,model_1,0.3103,0.2747934
8557,model_1,0.5572,0.48459494
8558,model_1,0.1321,0.13031673
8559,model_1,0.0921,0.054086342
8560,model_1,0.1829,0.29728988
8561,model_1,0.7506,0.74616176
8562,model_1,0.1686,0.078756616
8563,model_1,0.5172,0.54741335
8564,model_1,0.04,0.044153124
8565,model_1,0.6926,0.63228726
8566,model_1,0.2028,0.11532963
8567,model_1,0.1676,0.21977437
8568,model_1,0.2867,0.23227257
8569,model_1,-0.0258,0.1245403
8570,model_1,0.6387,0.63500726
8571,model_1,0.1085,0.11004189
8572,model_1,0.167,0.16834787
8573,model_1,-0.0846,-0.06416702
8574,model_1,0.3308,0.23157941
8575,model_1,0.3568,0.39302856
8576,model_1,0.218,0.09534903
8577,model_1,0.0208,0.035482094
8578,model_1,-0.0647,-0.09866446
8579,model_1,0.1977,0.23021226
8580,model_1,0.1041,0.08605325
8581,model_1,0.9135,0.8957854
8582,model_1,-0.2031,-0.15891176
8583,model_1,0.0515,0.11630992
8584,model_1,0.0193,0.08178249
8585,model_1,0.0221,-0.02142781
8586,model_1,0.1164,0.12242563
8587,model_1,-0.0303,-0.05493456
8588,model_1,0.55,0.4673146
8589,model_1,0.3811,0.31429982
8590,model_1,0.2575,0.21056347
8591,model_1,0.0269,-0.0045892596
8592,model_1,0.4508,0.4191453
8593,model_1,0.0571,0.076492175
8594,model_1,0.1278,0.2569382
8595,model_1,-0.0011,-0.027249277
8596,model_1,0.0649,0.099783555
8597,model_1,0.0711,0.058811784
8598,model_1,0.375,0.39238477
8599,model_1,0.0558,0.12277424
8600,model_1,0.0616,0.054049745
8601,model_1,0.5182,0.5236457
8602,model_1,0.104,0.11909628
8603,model_1,0.444,0.36912012
8604,model_1,0.4833,0.5193178
8605,model_1,0.6148,0.6292033
8606,model_1,0.426,0.3878071
8607,model_1,0.7315,0.73171985
8608,model_1,0.3543,0.29426277
8609,model_1,0.0255,0.029595912
8610,model_1,0.6569,0.6669653
8611,model_1,0.3936,0.4249563
8612,model_1,0.2241,0.2671874
8613,model_1,0.2179,0.23813258
8614,model_1,0.302,0.32060134
8615,model_1,0.1527,0.092592925
8616,model_1,0.1559,0.06457949
8617,model_1,0.2001,0.13608824
8618,model_1,0.6468,0.6133876
8619,model_1,-0.0176,0.09335852
8620,model_1,0.1027,0.13295957
8621,model_1,0.5252,0.48264623
8622,model_1,0.4195,0.44728255
8623,model_1,0.5664,0.5206438
8624,model_1,0.1416,0.22457539
8625,model_1,0.2203,0.31165725
8626,model_1,-0.086,-0.04066968
8627,model_1,0.0932,0.054094598
8628,model_1,0.5271,0.5115889
8629,model_1,-0.013,0.024815157
8630,model_1,0.0938,0.07376447
8631,model_1,0.206,0.21084565
8632,model_1,0.2484,0.31605065
8633,model_1,0.7504,0.7797159
8634,model_1,0.0003,0.0501087
8635,model_1,0.2637,0.27807826
8636,model_1,0.5564,0.5016773
8637,model_1,0.1587,0.22531602
8638,model_1,0.1794,0.18648559
8639,model_1,0.1351,0.1330443
8640,model_1,0.0623,-0.058380395
8641,model_1,0.1824,0.04566127
8642,model_1,0.0131,-0.017053097
8643,model_1,0.3673,0.33335793
8644,model_1,0.0234,0.094079345
8645,model_1,0.1953,0.19103141
8646,model_1,0.5578,0.40454784
8647,model_1,0.7461,0.6724286
8648,model_1,0.2784,0.30281302
8649,model_1,0.5476,0.5114025
8650,model_1,-0.0334,0.053859085
8651,model_1,0.1289,0.11158821
8652,model_1,0.1565,0.073693454
8653,model_1,0.7226,0.71270835
8654,model_1,0.3916,0.4462232
8655,model_1,0.2194,0.24283387
8656,model_1,0.3526,0.27709854
8657,model_1,0.1283,0.07691693
8658,model_1,0.1929,0.21572992
8659,model_1,0.9727,1.0225682
8660,model_1,0.1142,0.06144598
8661,model_1,-0.1553,-0.18160176
8662,model_1,0.128,0.16137601
8663,model_1,0.3765,0.34871835
8664,model_1,0.2108,0.16912101
8665,model_1,0.217,0.16585653
8666,model_1,0.0973,0.09798032
8667,model_1,0.2432,0.12131563
8668,model_1,0.1885,0.15840681
8669,model_1,0.1057,0.057651937
8670,model_1,0.8701,0.85314906
8671,model_1,0.0011,-0.019643784
8672,model_1,0.1408,0.15396535
8673,model_1,0.3124,0.3414129
8674,model_1,0.3196,0.23704915
8675,model_1,0.178,0.22906113
8676,model_1,0.0912,0.19037443
8677,model_1,0.0044,0.024335742
8678,model_1,0.0709,0.08253683
8679,model_1,0.2204,0.29132465
8680,model_1,0.379,0.36577904
8681,model_1,0.1896,0.3168852
8682,model_1,0.3547,0.34159067
8683,model_1,0.1272,0.091585726
8684,model_1,0.3462,0.33970824
8685,model_1,0.3293,0.19263896
8686,model_1,0.0992,0.06034644
8687,model_1,0.1706,0.29529136
8688,model_1,0.0812,0.071306854
8689,model_1,0.0391,0.11385083
8690,model_1,0.1354,0.1460086
8691,model_1,0.334,0.35354477
8692,model_1,0.4088,0.39514205
8693,model_1,0.2823,0.29817572
8694,model_1,0.5985,0.46779
8695,model_1,0.6831,0.7078564
8696,model_1,0.6066,0.5956802
8697,model_1,0.3036,0.2574135
8698,model_1,0.5453,0.5323632
8699,model_1,0.0505,0.054198608
8700,model_1,0.3587,0.36480638
8701,model_1,0.2416,0.20330264
8702,model_1,0.3545,0.34204596
8703,model_1,0.8793,0.9505699
8704,model_1,-0.105,-0.033822596
8705,model_1,0.8845,0.8872216
8706,model_1,-0.0169,-0.031068742
8707,model_1,-0.0828,-0.09373084
8708,model_1,0.1403,0.07280409
8709,model_1,0.1739,0.2090381
8710,model_1,0.202,0.19551298
8711,model_1,0.0943,0.08599411
8712,model_1,0.2933,0.398738
8713,model_1,0.07,0.055452734
8714,model_1,0.0956,0.040742725
8715,model_1,0.0794,0.098785624
8716,model_1,0.5511,0.5777577
8717,model_1,1.0087,0.97162926
8718,model_1,-0.0792,-0.08367288
8719,model_1,0.0412,0.06655836
8720,model_1,0.2127,0.12918364
8721,model_1,0.0715,0.068965316
8722,model_1,0.0786,0.10387595
8723,model_1,0.1993,0.12344043
8724,model_1,-0.1476,0.15654072
8725,model_1,0.4982,0.5842111
8726,model_1,0.5049,0.43161976
8727,model_1,0.3699,0.3509314
8728,model_1,0.0702,0.083697855
8729,model_1,0.1016,0.13690214
8730,model_1,0.059,0.050712675
8731,model_1,0.0585,0.036925957
8732,model_1,0.0948,0.21384259
8733,model_1,0.7572,0.7697832
8734,model_1,-0.0057,0.05375597
8735,model_1,0.6502,0.6829495
8736,model_1,0.1441,0.10106689
8737,model_1,0.5463,0.34619638
8738,model_1,0.0193,0.055397823
8739,model_1,0.5895,0.52982044
8740,model_1,-0.1888,-0.14711142
8741,model_1,0.1717,0.21770945
8742,model_1,0.0838,0.1683369
8743,model_1,0.7194,0.6210948
8744,model_1,-0.0628,-0.06497547
8745,model_1,-0.1818,-0.11225772
8746,model_1,0.2796,0.24721658
8747,model_1,0.4335,0.34525186
8748,model_1,0.6846,0.7323716
8749,model_1,0.5616,0.5093209
8750,model_1,0.2364,0.29318842
8751,model_1,0.8542,0.7013784
8752,model_1,0.2339,0.1817135
8753,model_1,0.3931,0.39370823
8754,model_1,0.8486,0.8342711
8755,model_1,0.1571,0.110363394
8756,model_1,0.123,0.08442336
8757,model_1,-0.1357,-0.09827757
8758,model_1,0.314,0.19876309
8759,model_1,0.5013,0.5081877
8760,model_1,0.1815,0.13832586
8761,model_1,0.6097,0.59729826
8762,model_1,0.0008,-0.045951515
8763,model_1,0.4833,0.46480376
8764,model_1,0.7169,0.67812306
8765,model_1,0.775,0.8249645
8766,model_1,0.4415,0.28222132
8767,model_1,0.1374,0.078721374
8768,model_1,0.4842,0.44274935
8769,model_1,0.402,0.38848794
8770,model_1,0.0492,0.1410279
8771,model_1,0.2518,0.30380696
8772,model_1,0.8606,0.7968873
8773,model_1,0.3908,0.3430143
8774,model_1,0.3168,0.33622545
8775,model_1,0.7317,0.7157448
8776,model_1,0.1058,0.20302022
8777,model_1,0.113,0.03795065
8778,model_1,0.2431,0.24409829
8779,model_1,0.2694,0.29652873
8780,model_1,0.2864,0.28496924
8781,model_1,0.3009,0.3208842
8782,model_1,0.1228,0.094353914
8783,model_1,0.0436,0.01829946
8784,model_1,0.0602,0.023401529
8785,model_1,0.2054,0.11211744
8786,model_1,0.1275,0.10949084
8787,model_1,0.1402,0.2561246
8788,model_1,0.3687,0.344234
8789,model_1,0.1841,0.17636782
8790,model_1,0.4592,0.3872523
8791,model_1,-0.0305,0.0943069
8792,model_1,0.2515,0.3514125
8793,model_1,0.0776,0.08095935
8794,model_1,0.1262,0.1353662
8795,model_1,0.152,0.15744007
8796,model_1,0.3442,0.4363178
8797,model_1,0.4843,0.43067846
8798,model_1,0.1324,0.024963632
8799,model_1,0.4714,0.34377652
8800,model_1,0.2463,0.26891905
8801,model_1,-0.152,-0.12716568
8802,model_1,0.7393,0.6784205
8803,model_1,0.4274,0.4058243
8804,model_1,0.1693,0.122660704
8805,model_1,0.5058,0.55746186
8806,model_1,0.5043,0.5700933
8807,model_1,-0.11,-0.06478876
8808,model_1,0.0489,0.062344283
8809,model_1,-0.0029,0.018238962
8810,model_1,0.0359,0.08658287
8811,model_1,0.2133,0.09570208
8812,model_1,0.5089,0.52651227
8813,model_1,0.316,0.35823786
8814,model_1,0.2799,0.23220427
8815,model_1,0.228,0.27507034
8816,model_1,0.5807,0.5955494
8817,model_1,0.5129,0.5473176
8818,model_1,0.349,0.36744547
8819,model_1,0.1349,0.14869997
8820,model_1,0.2496,0.19049545
8821,model_1,0.0886,0.11686122
8822,model_1,0.411,0.4818834
8823,model_1,0.4205,0.39744747
8824,model_1,0.1695,0.20598693
8825,model_1,0.3467,0.24321851
8826,model_1,0.0975,0.24927017
8827,model_1,-0.0579,-0.053412914
8828,model_1,0.2092,0.27560538
8829,model_1,0.1089,0.049636304
8830,model_1,0.3131,0.3423391
8831,model_1,0.5563,0.40125823
8832,model_1,0.0166,0.015542418
8833,model_1,0.1892,0.24981436
8834,model_1,0.1586,0.14914218
8835,model_1,0.3294,0.3249212
8836,model_1,0.1983,0.22002628
8837,model_1,0.1547,0.12969494
8838,model_1,0.0751,0.02591908
8839,model_1,0.4295,0.3817078
8840,model_1,-0.0502,-0.08624336
8841,model_1,0.5133,0.4864828
8842,model_1,-0.1092,-0.18603325
8843,model_1,-0.0123,0.119537435
8844,model_1,0.7003,0.6102303
8845,model_1,-0.0303,-0.009385958
8846,model_1,0.1254,0.06822011
8847,model_1,0.4098,0.4220212
8848,model_1,0.0535,0.043182284
8849,model_1,0.2869,0.21115674
8850,model_1,0.5128,0.5115355
8851,model_1,0.0724,0.09406608
8852,model_1,0.1794,0.14324853
8853,model_1,0.6155,0.6728845
8854,model_1,0.2079,0.20946985
8855,model_1,0.3355,0.26770267
8856,model_1,0.2043,0.21094373
8857,model_1,0.497,0.21031383
8858,model_1,0.1859,0.1677231
8859,model_1,0.1302,-0.03596708
8860,model_1,0.3435,0.2633127
8861,model_1,0.0597,0.065286845
8862,model_1,0.4149,0.39147025
8863,model_1,0.1627,0.13884293
8864,model_1,0.3603,0.3282467
8865,model_1,0.259,0.27021518
8866,model_1,0.5804,0.5757369
8867,model_1,0.4961,0.515906
8868,model_1,0.4055,0.3559971
8869,model_1,-0.1447,-0.079256356
8870,model_1,0.52,0.54092854
8871,model_1,-0.0973,-0.11697626
8872,model_1,0.1266,0.14874698
8873,model_1,-0.1773,-0.12894425
8874,model_1,0.0077,0.03059487
8875,model_1,-0.1947,-0.15599728
8876,model_1,0.1742,0.15848821
8877,model_1,0.0883,0.09580237
8878,model_1,0.1592,0.11950606
8879,model_1,0.2319,0.20862143
8880,model_1,0.0809,0.06877445
8881,model_1,-0.1656,-0.19740823
8882,model_1,0.0301,0.05140637
8883,model_1,0.8711,0.89203703
8884,model_1,0.0064,-0.038514078
8885,model_1,0.7413,0.69931877
8886,model_1,0.1538,0.18356676
8887,model_1,0.126,0.09016019
8888,model_1,0.4213,0.42474473
8889,model_1,0.5487,0.57197875
8890,model_1,0.1051,0.09897442
8891,model_1,0.2526,0.23354803
8892,model_1,0.0446,0.016910583
8893,model_1,0.3029,0.2974852
8894,model_1,0.3675,0.3250878
8895,model_1,0.12,0.105110735
8896,model_1,0.3272,0.32367378
8897,model_1,0.3044,0.35855347
8898,model_1,0.6197,0.50423086
8899,model_1,-0.1249,-0.11009842
8900,model_1,0.2858,0.3059113
8901,model_1,0.0394,0.049563974
8902,model_1,0.5866,0.615909
8903,model_1,0.1104,0.03351727
8904,model_1,0.3012,0.32853872
8905,model_1,0.0195,0.15334624
8906,model_1,-0.064,-0.07745135
8907,model_1,0.3011,0.29144526
8908,model_1,0.1564,0.12891173
8909,model_1,0.2869,0.27505025
8910,model_1,0.17,0.17473438
8911,model_1,0.1081,0.19794518
8912,model_1,0.2513,0.2771418
8913,model_1,0.1134,0.10410465
8914,model_1,0.1789,0.19576661
8915,model_1,0.2225,0.21033193
8916,model_1,0.4575,0.473129
8917,model_1,1.0372,1.0219814
8918,model_1,0.304,0.367693
8919,model_1,0.0947,0.112339646
8920,model_1,0.0785,0.065531075
8921,model_1,0.4168,0.35484836
8922,model_1,0.1076,0.11205526
8923,model_1,0.36,0.38021916
8924,model_1,0.2679,0.22545715
8925,model_1,0.2502,0.3439791
8926,model_1,0.4212,0.30665246
8927,model_1,0.081,0.14001599
8928,model_1,0.4438,0.4678328
8929,model_1,0.1166,0.18589775
8930,model_1,0.4411,0.4627418
8931,model_1,0.1037,0.11455548
8932,model_1,0.4777,0.55764544
8933,model_1,0.7143,0.69750375
8934,model_1,0.465,0.49945477
8935,model_1,0.1431,0.100123346
8936,model_1,-0.0443,-0.04610908
8937,model_1,0.3535,0.3158226
8938,model_1,0.1989,0.17046611
8939,model_1,0.0753,0.063385725
8940,model_1,0.7543,0.65497476
8941,model_1,0.1048,0.084386975
8942,model_1,0.2423,0.29494846
8943,model_1,0.0751,0.10950829
8944,model_1,0.1811,0.18488754
8945,model_1,0.2077,0.21924552
8946,model_1,0.2644,0.25965947
8947,model_1,0.1267,0.13887087
8948,model_1,0.0905,0.13428928
8949,model_1,0.4364,0.45489633
8950,model_1,0.1593,0.19025095
8951,model_1,0.2516,0.2299511
8952,model_1,0.3078,0.18721305
8953,model_1,-0.0307,0.07627007
8954,model_1,0.0234,-0.025842726
8955,model_1,0.1202,0.07750423
8956,model_1,0.3412,0.38281855
8957,model_1,0.1823,0.17872302
8958,model_1,0.2258,0.21966967
8959,model_1,0.1107,0.1217008
8960,model_1,0.7138,0.6671649
8961,model_1,0.2787,0.3283624
8962,model_1,0.0409,0.027500719
8963,model_1,0.7057,0.7027341
8964,model_1,0.1592,0.15290701
8965,model_1,0.0628,0.09236157
8966,model_1,0.4588,0.47912657
8967,model_1,0.5756,0.5603297
8968,model_1,0.4857,0.51624835
8969,model_1,0.4057,0.14462888
8970,model_1,0.217,0.04136631
8971,model_1,0.3933,0.32851014
8972,model_1,0.4487,0.48430488
8973,model_1,0.1067,0.10951093
8974,model_1,0.1358,0.07530129
8975,model_1,0.0479,0.036656827
8976,model_1,0.3972,0.38101047
8977,model_1,0.0085,0.005543232
8978,model_1,0.5367,0.5225115
8979,model_1,0.7953,0.8381365
8980,model_1,0.1984,0.18829456
8981,model_1,0.2351,0.2032035
8982,model_1,0.5608,0.5438658
8983,model_1,0.707,0.7276759
8984,model_1,0.1896,0.16414163
8985,model_1,0.17,0.13492002
8986,model_1,0.0265,0.04663977
8987,model_1,0.4113,0.39726126
8988,model_1,0.6551,0.6281326
8989,model_1,-0.0158,-0.031967252
8990,model_1,0.2872,0.22885232
8991,model_1,0.0793,0.10502222
8992,model_1,0.1652,0.06839383
8993,model_1,0.0771,0.12761146
8994,model_1,0.9234,0.89537394
8995,model_1,0.1173,0.11154254
8996,model_1,0.1833,0.2357317
8997,model_1,0.0508,0.1155362
8998,model_1,0.065,0.14140889
8999,model_1,0.6498,0.7233644
9000,model_1,0.698,0.6265493
9001,model_1,0.3276,0.3177315
9002,model_1,0.6542,0.5156691
9003,model_1,0.1239,0.12858719
9004,model_1,0.4132,0.4142291
9005,model_1,0.1375,0.11729655
9006,model_1,0.2242,0.13911839
9007,model_1,0.0525,-0.038992465
9008,model_1,0.193,0.08748983
9009,model_1,0.5679,0.5434452
9010,model_1,0.1618,0.21765092
9011,model_1,0.281,0.20915051
9012,model_1,0.162,0.09638697
9013,model_1,0.0726,0.015544146
9014,model_1,0.1511,0.18209097
9015,model_1,0.2536,0.16794589
9016,model_1,0.1587,0.1703455
9017,model_1,0.216,0.23767409
9018,model_1,0.3324,0.18960595
9019,model_1,0.417,0.37243938
9020,model_1,-0.1014,-0.0268853
9021,model_1,0.0412,0.06668699
9022,model_1,0.0781,0.0100925565
9023,model_1,-0.0402,-0.06234157
9024,model_1,0.2982,0.36699837
9025,model_1,0.4806,0.012065023
9026,model_1,0.4612,0.39780027
9027,model_1,0.0965,0.09316385
9028,model_1,0.4105,0.4203178
9029,model_1,0.4148,0.411989
9030,model_1,0.8205,0.7963543
9031,model_1,0.3381,0.298306
9032,model_1,0.1551,0.23753199
9033,model_1,0.3059,0.26933652
9034,model_1,-0.1324,-0.16960329
9035,model_1,0.4211,0.439446
9036,model_1,0.6454,0.633785
9037,model_1,0.0274,0.08621314
9038,model_1,0.1692,0.27135852
9039,model_1,0.2795,0.21942432
9040,model_1,-0.0724,-0.07313776
9041,model_1,-0.097,-0.025922537
9042,model_1,-0.116,0.09921825
9043,model_1,0.451,0.40435147
9044,model_1,0.6104,0.5872462
9045,model_1,0.5859,0.60486984
9046,model_1,0.4774,0.4823963
9047,model_1,0.6269,0.6108663
9048,model_1,-0.1433,-0.18395504
9049,model_1,0.1664,0.08010653
9050,model_1,0.0982,0.091345996
9051,model_1,0.2967,0.32090586
9052,model_1,0.7447,0.6986625
9053,model_1,0.035,0.02575545
9054,model_1,0.9396,0.8811115
9055,model_1,0.1447,0.09235628
9056,model_1,0.7369,0.7591405
9057,model_1,0.0846,0.06253204
9058,model_1,0.1836,0.17862085
9059,model_1,0.0528,0.04705131
9060,model_1,-0.0232,0.13319448
9061,model_1,0.1239,0.10298917
9062,model_1,0.1943,0.13904977
9063,model_1,0.081,0.12671727
9064,model_1,0.4332,0.4352878
9065,model_1,-0.0172,0.004617721
9066,model_1,0.4998,0.33520892
9067,model_1,0.6995,0.7107061
9068,model_1,0.7247,0.7577966
9069,model_1,0.0497,0.1952332
9070,model_1,-0.0201,-0.051418602
9071,model_1,0.1146,0.11780291
9072,model_1,0.1783,0.18173793
9073,model_1,0.4161,0.42268142
9074,model_1,0.2536,0.20865878
9075,model_1,0.9311,0.87680113
9076,model_1,0.2063,0.07267769
9077,model_1,0.0646,0.1366896
9078,model_1,0.3422,0.37470323
9079,model_1,0.0692,0.05743277
9080,model_1,0.2363,0.29897797
9081,model_1,0.3791,0.42040476
9082,model_1,0.5663,0.54497945
9083,model_1,0.2193,0.05992064
9084,model_1,0.2128,0.15155247
9085,model_1,0.1677,0.23033357
9086,model_1,0.3091,0.22612554
9087,model_1,0.025,0.18337813
9088,model_1,0.0123,0.026409924
9089,model_1,0.1395,0.048888087
9090,model_1,-0.0458,-0.055391163
9091,model_1,0.1865,0.114638105
9092,model_1,0.0361,0.0029829443
9093,model_1,0.1338,0.14510515
9094,model_1,-0.2173,-0.18616521
9095,model_1,0.1973,0.15044141
9096,model_1,-0.0599,-0.04004228
9097,model_1,0.0534,0.05299589
9098,model_1,0.8197,0.8185551
9099,model_1,0.1452,0.15556085
9100,model_1,0.1897,0.1971299
9101,model_1,0.1246,0.14217874
9102,model_1,0.0804,0.15529338
9103,model_1,0.3415,0.29558367
9104,model_1,0.7141,0.67637384
9105,model_1,0.6777,0.67683804
9106,model_1,0.054,0.1473492
9107,model_1,0.208,0.21125562
9108,model_1,0.0023,0.011452079
9109,model_1,0.4453,0.39739373
9110,model_1,-0.109,-0.07556206
9111,model_1,0.0352,-0.0009177625
9112,model_1,0.6094,0.5813458
9113,model_1,0.2276,0.27115226
9114,model_1,0.2359,0.14710951
9115,model_1,0.3483,0.28816357
9116,model_1,-0.1801,-0.08138168
9117,model_1,-0.0114,-0.064228326
9118,model_1,1.089,1.2175817
9119,model_1,0.0183,0.024918437
9120,model_1,-0.1799,-0.15062362
9121,model_1,0.3473,0.3086376
9122,model_1,0.4226,0.46486217
9123,model_1,0.5643,0.48646092
9124,model_1,0.1009,0.09013006
9125,model_1,0.1775,0.14635992
9126,model_1,0.4361,0.46704304
9127,model_1,0.5251,0.52833474
9128,model_1,0.0826,0.05736792
9129,model_1,0.2221,0.14367239
9130,model_1,0.0646,0.091683835
9131,model_1,0.4224,0.3868428
9132,model_1,0.4336,0.36320537
9133,model_1,0.8245,0.80278516
9134,model_1,-0.0587,0.032438114
9135,model_1,0.0557,0.27913195
9136,model_1,0.0479,0.09161635
9137,model_1,0.146,0.23101355
9138,model_1,0.2619,0.1723299
9139,model_1,0.0273,0.075680286
9140,model_1,0.0966,0.062127143
9141,model_1,0.1323,0.14738438
9142,model_1,0.1452,0.08938977
9143,model_1,0.1664,0.19242653
9144,model_1,0.7897,0.71530914
9145,model_1,0.103,0.18158248
9146,model_1,0.4162,0.34109637
9147,model_1,0.4901,0.5242295
9148,model_1,-0.0019,0.012573451
9149,model_1,0.3698,0.40018097
9150,model_1,0.1127,0.081478715
9151,model_1,0.1626,0.19662029
9152,model_1,0.1321,0.109701484
9153,model_1,-0.0495,0.03799309
9154,model_1,0.0541,0.04860273
9155,model_1,-0.0178,0.005861327
9156,model_1,0.5007,0.46045005
9157,model_1,0.6687,0.6408611
9158,model_1,-0.0479,0.024346143
9159,model_1,-0.0499,-0.091590255
9160,model_1,0.17,0.07855931
9161,model_1,0.4782,0.45046252
9162,model_1,-0.0079,-0.011123121
9163,model_1,0.6023,0.6142274
9164,model_1,0.9052,0.87794954
9165,model_1,0.0009,-0.07878065
9166,model_1,0.1406,0.19196263
9167,model_1,0.0091,0.09351604
9168,model_1,0.1015,0.0689635
9169,model_1,-0.0035,0.18832745
9170,model_1,-0.1553,-0.13078505
9171,model_1,0.2253,0.2241413
9172,model_1,0.6501,0.6107923
9173,model_1,0.2416,0.21985273
9174,model_1,-0.0655,0.05075115
9175,model_1,0.4323,0.4348322
9176,model_1,0.9483,0.9994662
9177,model_1,0.2863,0.25986376
9178,model_1,0.1458,0.09247634
9179,model_1,0.0581,0.115066305
9180,model_1,0.1677,0.14900914
9181,model_1,0.3812,0.36190125
9182,model_1,0.3159,0.3430165
9183,model_1,0.6112,0.57352626
9184,model_1,0.6508,0.608266
9185,model_1,0.8592,0.8178202
9186,model_1,0.6186,0.6728973
9187,model_1,0.2946,0.3038392
9188,model_1,-0.0513,-0.0314492
9189,model_1,0.1201,0.10329604
9190,model_1,-0.2098,-0.1073125
9191,model_1,0.4466,0.4716694
9192,model_1,-0.155,-0.19182748
9193,model_1,0.0405,0.10807444
9194,model_1,0.1661,0.10503855
9195,model_1,-0.173,-0.18947345
9196,model_1,0.09,0.10742459
9197,model_1,0.3146,0.13671917
9198,model_1,0.5213,0.5420443
9199,model_1,0.1976,0.2727212
9200,model_1,0.202,0.10021578
9201,model_1,0.3496,0.343658
9202,model_1,0.3103,0.27275425
9203,model_1,0.0956,0.08073129
9204,model_1,0.1671,0.18457043
9205,model_1,0.0342,0.081457615
9206,model_1,0.1086,0.15708873
9207,model_1,0.5722,0.5781569
9208,model_1,0.5164,0.39750427
9209,model_1,0.3901,0.45269573
9210,model_1,0.0555,0.0740345
9211,model_1,0.7691,0.77606964
9212,model_1,0.2969,0.19610795
9213,model_1,0.3036,0.31869173
9214,model_1,0.0139,0.0059902817
9215,model_1,-0.1405,-0.13262722
9216,model_1,0.1354,0.21409129
9217,model_1,0.1829,0.21844411
9218,model_1,-0.004,0.01684317
9219,model_1,0.0357,0.00859274
9220,model_1,-0.0042,0.019643426
9221,model_1,0.2008,0.22684684
9222,model_1,0.3133,0.28022352
9223,model_1,0.2449,0.2024397
9224,model_1,0.0547,0.07526663
9225,model_1,0.2477,0.16611838
9226,model_1,-0.0964,-0.07552016
9227,model_1,-0.0088,-0.042830497
9228,model_1,0.273,0.2449578
9229,model_1,0.0839,0.08993678
9230,model_1,0.1091,0.14241832
9231,model_1,0.4449,0.5770078
9232,model_1,0.2849,0.3106445
9233,model_1,0.2534,0.24173094
9234,model_1,0.4229,0.5159325
9235,model_1,0.2793,0.25525272
9236,model_1,0.3674,0.34205455
9237,model_1,0.3926,0.46752265
9238,model_1,0.2665,0.24420357
9239,model_1,0.3893,0.41681445
9240,model_1,0.3525,0.21580096
9241,model_1,0.0951,0.10533437
9242,model_1,0.2181,0.143002
9243,model_1,0.1225,0.087769
9244,model_1,0.1145,0.10900885
9245,model_1,-0.0783,-0.02897507
9246,model_1,-0.0482,-0.028788686
9247,model_1,0.3295,0.4118569
9248,model_1,0.471,0.46879953
9249,model_1,0.0731,0.104668394
9250,model_1,0.163,0.21910645
9251,model_1,0.0915,0.07999486
9252,model_1,0.0015,-0.030679405
9253,model_1,0.178,0.22400358
9254,model_1,0.3283,0.30239502
9255,model_1,0.2848,0.33720502
9256,model_1,0.2433,0.055142492
9257,model_1,0.7057,0.61769575
9258,model_1,0.0876,0.25014913
9259,model_1,0.0898,0.13087836
9260,model_1,0.0695,0.14097375
9261,model_1,0.3435,0.3072201
9262,model_1,-0.1082,-0.061659455
9263,model_1,0.1046,0.07285954
9264,model_1,-0.014,0.040663496
9265,model_1,0.2636,0.24047026
9266,model_1,0.1518,0.17789635
9267,model_1,0.7739,0.6906717
9268,model_1,0.7027,0.6977773
9269,model_1,0.0533,0.02714473
9270,model_1,0.0512,0.03959754
9271,model_1,0.272,0.24699771
9272,model_1,0.4255,0.5066975
9273,model_1,-0.0029,0.008006513
9274,model_1,-0.0823,-0.084616184
9275,model_1,0.1072,0.16282836
9276,model_1,0.1425,0.1361414
9277,model_1,0.1038,0.3892209
9278,model_1,0.2698,0.303642
9279,model_1,0.0844,0.063093394
9280,model_1,0.0576,0.07333286
9281,model_1,0.0762,0.0728977
9282,model_1,-0.1801,-0.10735351
9283,model_1,0.0106,0.025137603
9284,model_1,0.05,0.16188098
9285,model_1,0.2834,0.25108895
9286,model_1,0.3011,0.38292667
9287,model_1,0.2428,0.17143115
9288,model_1,0.0383,0.023887038
9289,model_1,0.0639,0.10227205
9290,model_1,0.2302,0.17259564
9291,model_1,-0.0431,-0.084956974
9292,model_1,0.4013,0.32417914
9293,model_1,-0.0073,-0.043601274
9294,model_1,0.7943,0.76012695
9295,model_1,0.3901,0.38848028
9296,model_1,0.4267,0.4556629
9297,model_1,0.1293,0.28257427
9298,model_1,0.2189,0.26145077
9299,model_1,0.5944,0.5841843
9300,model_1,0.6693,0.69652724
9301,model_1,0.2613,0.33124
9302,model_1,0.2571,0.32062525
9303,model_1,0.0608,0.046188295
9304,model_1,0.0778,0.23436403
9305,model_1,0.0823,0.14718103
9306,model_1,-0.0534,0.16971216
9307,model_1,0.1749,0.023372084
9308,model_1,0.2962,0.29146096
9309,model_1,0.5192,0.5220715
9310,model_1,0.1508,0.101159334
9311,model_1,0.5797,0.61375225
9312,model_1,0.5159,0.47495523
9313,model_1,0.2282,0.1707108
9314,model_1,-0.0267,0.019112304
9315,model_1,0.0563,0.04431671
9316,model_1,0.8457,0.891264
9317,model_1,0.2939,0.30484143
9318,model_1,0.7397,0.8019814
9319,model_1,-0.1009,-0.06999028
9320,model_1,0.3603,0.30329686
9321,model_1,-0.0011,-0.08315498
9322,model_1,-0.0047,-0.024754763
9323,model_1,0.1114,0.10088335
9324,model_1,-0.0825,-0.032251507
9325,model_1,0.7373,0.6797146
9326,model_1,-0.081,-0.025352865
9327,model_1,0.3541,0.23961973
9328,model_1,0.0642,0.021037579
9329,model_1,0.2023,0.28539956
9330,model_1,0.3568,0.27938864
9331,model_1,0.3265,0.34693033
9332,model_1,0.2596,0.24418774
9333,model_1,0.2489,0.27246466
9334,model_1,0.6474,0.77227825
9335,model_1,0.1249,0.1704557
9336,model_1,0.2951,0.3853404
9337,model_1,0.196,0.2257066
9338,model_1,0.7194,0.6445339
9339,model_1,0.4165,0.2889736
9340,model_1,0.2483,0.18867414
9341,model_1,0.0259,0.041401118
9342,model_1,0.2035,0.24862896
9343,model_1,1.1005,0.22115993
9344,model_1,0.1838,0.15316719
9345,model_1,0.8401,0.8616165
9346,model_1,0.2459,0.29353067
9347,model_1,0.58,0.6537293
9348,model_1,0.2526,0.33541337
9349,model_1,0.6513,0.6072245
9350,model_1,0.0607,0.06297286
9351,model_1,0.1071,0.12940906
9352,model_1,0.3834,0.4082157
9353,model_1,0.5966,0.6146236
9354,model_1,0.2624,0.25574705
9355,model_1,0.1243,0.12055391
9356,model_1,0.045,-0.009506673
9357,model_1,-0.0433,-0.07503745
9358,model_1,0.0725,0.060442165
9359,model_1,-0.011,0.1193064
9360,model_1,0.1207,0.09978369
9361,model_1,0.409,0.3403124
9362,model_1,0.0618,0.05325748
9363,model_1,-0.0679,-0.08638668
9364,model_1,0.1566,0.24523354
9365,model_1,-0.1904,-0.17219204
9366,model_1,-0.084,-0.084750265
9367,model_1,0.0609,-0.01611799
9368,model_1,0.5172,0.46015322
9369,model_1,0.0232,0.0673029
9370,model_1,0.0828,0.040593147
9371,model_1,0.1113,0.07232925
9372,model_1,0.5179,0.43667746
9373,model_1,0.2514,0.30289996
9374,model_1,0.0332,-0.028249204
9375,model_1,0.1674,0.17584734
9376,model_1,0.1602,0.20969148
9377,model_1,0.0589,-0.002778232
9378,model_1,0.1073,0.13973795
9379,model_1,0.3232,0.26865938
9380,model_1,0.0338,0.040996954
9381,model_1,0.4093,0.48680753
9382,model_1,0.1483,0.07809439
9383,model_1,0.4418,0.5572061
9384,model_1,1.0954,1.1051953
9385,model_1,0.0752,0.09235656
9386,model_1,0.2606,0.2747146
9387,model_1,0.2895,0.27242213
9388,model_1,0.2589,0.28504395
9389,model_1,0.2065,0.2220103
9390,model_1,0.2511,0.24410072
9391,model_1,0.4819,0.4082323
9392,model_1,-0.1398,-0.06492114
9393,model_1,0.1893,0.12738125
9394,model_1,0.1587,0.12565017
9395,model_1,-0.1323,-0.14006922
9396,model_1,0.7995,0.82140476
9397,model_1,0.7259,0.8030323
9398,model_1,0.1705,0.2704701
9399,model_1,0.2732,0.20780475
9400,model_1,0.3708,0.40158254
9401,model_1,0.7018,0.77980584
9402,model_1,0.6136,0.61720526
9403,model_1,0.2571,0.23146066
9404,model_1,0.2058,0.17326383
9405,model_1,0.2577,0.18807784
9406,model_1,0.4679,0.3247441
9407,model_1,0.0634,0.011294529
9408,model_1,0.0534,0.06568703
9409,model_1,0.021,-0.028331995
9410,model_1,0.1929,0.2464
9411,model_1,0.1163,0.15262933
9412,model_1,0.0669,0.00294739
9413,model_1,0.6328,0.6247538
9414,model_1,0.1073,0.08892512
9415,model_1,0.889,0.953505
9416,model_1,0.1308,0.153736
9417,model_1,0.1337,0.19164796
9418,model_1,0.705,0.72076243
9419,model_1,0.499,0.55506945
9420,model_1,0.048,0.09893268
9421,model_1,0.1035,0.11743273
9422,model_1,0.2256,0.2375101
9423,model_1,0.9365,0.8624611
9424,model_1,0.0043,-0.016365051
9425,model_1,0.5362,0.54563373
9426,model_1,0.2929,0.32908845
9427,model_1,0.1385,0.06484851
9428,model_1,0.1338,0.09962022
9429,model_1,0.3848,0.35117367
9430,model_1,0.2528,0.21497583
9431,model_1,0.1061,0.029771328
9432,model_1,-0.2122,-0.10625228
9433,model_1,0.6565,0.75322205
9434,model_1,0.8133,0.77816004
9435,model_1,0.2406,0.18167369
9436,model_1,0.3441,0.4628781
9437,model_1,0.5085,0.4654491
9438,model_1,0.1014,0.05794394
9439,model_1,0.3993,0.37677073
9440,model_1,0.3459,0.29203552
9441,model_1,0.1441,0.13414784
9442,model_1,0.3608,0.3588745
9443,model_1,0.0445,-0.006098017
9444,model_1,0.2572,0.19857854
9445,model_1,0.0788,0.061296195
9446,model_1,0.358,0.37038887
9447,model_1,0.6667,0.6853381
9448,model_1,0.4349,0.43468624
9449,model_1,0.2612,0.21515825
9450,model_1,0.3301,0.26878628
9451,model_1,0.0541,0.05013615
9452,model_1,-0.0493,-0.014494002
9453,model_1,0.1598,0.16803685
9454,model_1,0.263,0.3203484
9455,model_1,0.2538,0.20108859
9456,model_1,0.9651,0.91699314
9457,model_1,0.2936,0.23074824
9458,model_1,0.2095,0.22827889
9459,model_1,0.1488,0.099377334
9460,model_1,0.1007,0.08208978
9461,model_1,0.2958,0.3404217
9462,model_1,0.3264,0.30509192
9463,model_1,0.5824,0.5832326
9464,model_1,0.4068,0.26940033
9465,model_1,0.2807,0.18816285
9466,model_1,0.1024,0.09843162
9467,model_1,0.0433,0.15103295
9468,model_1,0.2497,0.20037071
9469,model_1,0.6191,0.5762428
9470,model_1,0.0401,0.011711255
9471,model_1,0.1287,0.0721719
9472,model_1,0.129,0.08617671
9473,model_1,0.7099,0.6645465
9474,model_1,0.3591,0.16815183
9475,model_1,0.1385,0.21550824
9476,model_1,0.4733,0.46468812
9477,model_1,0.1108,0.0900463
9478,model_1,0.8355,0.72136486
9479,model_1,0.419,0.40669903
9480,model_1,0.7787,0.83196497
9481,model_1,0.0843,0.13779613
9482,model_1,0.2513,0.29360732
9483,model_1,0.0007,0.04510556
9484,model_1,0.1305,0.25778672
9485,model_1,0.0379,0.08336793
9486,model_1,0.0179,0.0128501505
9487,model_1,0.0682,0.06660542
9488,model_1,0.4679,0.3133241
9489,model_1,0.0004,0.02002737
9490,model_1,0.1013,0.12741229
9491,model_1,0.3108,0.34474117
9492,model_1,0.0511,0.08028561
9493,model_1,0.0347,0.00059500337
9494,model_1,0.2153,0.12796941
9495,model_1,0.2857,0.3018756
9496,model_1,0.1179,0.2110617
9497,model_1,0.0575,-0.019461334
9498,model_1,0.2357,0.20132598
9499,model_1,0.1558,0.112623006
9500,model_1,0.4699,0.57120895
9501,model_1,0.126,0.0801519
9502,model_1,0.1459,0.24807496
9503,model_1,0.1339,0.11811876
9504,model_1,-0.0823,-0.018477172
9505,model_1,0.1218,0.082394704
9506,model_1,0.295,0.26704836
9507,model_1,0.0451,0.109057724
9508,model_1,-0.1382,-0.11063492
9509,model_1,0.7228,0.736096
9510,model_1,0.0411,0.00858134
9511,model_1,-0.0503,0.06791502
9512,model_1,0.1809,0.20818493
9513,model_1,-0.0743,-0.07669246
9514,model_1,0.1692,0.15290791
9515,model_1,-0.0187,-0.067848384
9516,model_1,0.061,0.060836017
9517,model_1,0.0334,0.095042184
9518,model_1,0.148,0.09912957
9519,model_1,0.4291,0.38588098
9520,model_1,0.1265,0.1105016
9521,model_1,0.1887,0.17097434
9522,model_1,0.1974,0.14253278
9523,model_1,0.2446,0.2452721
9524,model_1,0.0241,-0.015886366
9525,model_1,0.7444,0.78503555
9526,model_1,0.1523,0.1426183
9527,model_1,0.4218,0.4328496
9528,model_1,0.2543,0.25579676
9529,model_1,0.2455,0.29488295
9530,model_1,0.0283,0.20821206
9531,model_1,0.0755,0.050599307
9532,model_1,0.5331,0.51044744
9533,model_1,0.0446,0.044036552
9534,model_1,0.1312,0.15410319
9535,model_1,0.129,0.0943013
9536,model_1,0.9347,1.0189722
9537,model_1,-0.2161,-0.21357793
9538,model_1,0.9059,0.9420905
9539,model_1,0.311,0.28268182
9540,model_1,0.8458,0.81362367
9541,model_1,0.127,-0.04230264
9542,model_1,0.3697,0.42064354
9543,model_1,0.0532,-0.013027728
9544,model_1,0.6292,0.59850496
9545,model_1,0.2438,0.14723897
9546,model_1,0.4411,0.4231798
9547,model_1,0.3951,0.4075405
9548,model_1,0.1836,0.11662482
9549,model_1,0.2106,0.09077397
9550,model_1,0.5017,0.48791328
9551,model_1,0.3235,0.3150876
9552,model_1,0.3573,0.35129565
9553,model_1,-0.0465,0.0051243305
9554,model_1,0.3984,0.44009173
9555,model_1,0.0441,0.060262352
9556,model_1,0.154,0.143453
9557,model_1,0.0318,0.02985768
9558,model_1,0.3471,0.4529023
9559,model_1,0.2321,0.22185898
9560,model_1,0.2519,0.30176693
9561,model_1,0.1683,0.13722628
9562,model_1,0.6905,0.71027243
9563,model_1,0.7929,0.8006402
9564,model_1,0.2021,0.15058208
9565,model_1,0.202,0.18153962
9566,model_1,0.5684,0.65552366
9567,model_1,0.0214,-0.02892667
9568,model_1,0.3543,0.35357934
9569,model_1,0.071,0.074762136
9570,model_1,0.8694,0.9113656
9571,model_1,0.1517,0.16626388
9572,model_1,0.1276,0.12598988
9573,model_1,0.127,0.10718095
9574,model_1,0.0044,0.08270399
9575,model_1,0.3768,0.27956635
9576,model_1,0.5024,0.49340606
9577,model_1,0.1176,0.13704142
9578,model_1,0.0666,0.037014455
9579,model_1,0.1956,0.14967631
9580,model_1,0.5414,0.5278486
9581,model_1,0.1355,0.120762385
9582,model_1,0.1167,0.15653786
9583,model_1,0.0611,0.046143055
9584,model_1,0.307,0.29004702
9585,model_1,0.0512,-0.052886635
9586,model_1,0.295,0.24528778
9587,model_1,0.1039,0.19656613
9588,model_1,0.7086,0.61019444
9589,model_1,0.1651,0.1671723
9590,model_1,0.1642,0.17095408
9591,model_1,0.1388,0.17715433
9592,model_1,-0.0022,0.017664522
9593,model_1,0.4457,0.35971123
9594,model_1,-0.0297,-0.019295692
9595,model_1,0.2719,0.24347693
9596,model_1,-0.0966,0.06670475
9597,model_1,0.1048,0.097230464
9598,model_1,0.4069,0.4014774
9599,model_1,0.1997,0.12559286
9600,model_1,-0.0116,0.02046068
9601,model_1,0.2078,0.28602102
9602,model_1,0.4836,0.38771287
9603,model_1,0.1863,0.31593624
9604,model_1,0.362,0.23084547
9605,model_1,0.2268,0.16773105
9606,model_1,0.249,0.18393628
9607,model_1,0.4932,0.46858582
9608,model_1,0.292,0.32803002
9609,model_1,0.1233,0.1865611
9610,model_1,0.0517,0.0465274
9611,model_1,0.751,0.7370272
9612,model_1,0.1522,0.15834579
9613,model_1,0.1936,0.22243528
9614,model_1,-0.0445,-0.052756786
9615,model_1,0.5298,0.5610825
9616,model_1,0.3741,0.32553628
9617,model_1,0.3903,0.16207194
9618,model_1,0.3642,0.37039298
9619,model_1,0.8593,0.80977833
9620,model_1,-0.048,-0.022129864
9621,model_1,-0.0667,-0.040892124
9622,model_1,0.2688,0.27402845
9623,model_1,0.2375,0.21773735
9624,model_1,0.1418,0.03436023
9625,model_1,0.4094,0.39221746
9626,model_1,0.3228,0.3738746
9627,model_1,0.2364,0.21465383
9628,model_1,0.3392,0.32502705
9629,model_1,0.1583,0.09282765
9630,model_1,0.0374,0.056679457
9631,model_1,0.006,-0.020629644
9632,model_1,0.628,0.6067084
9633,model_1,0.277,0.29244527
9634,model_1,0.3404,0.20439875
9635,model_1,0.0868,0.05544673
9636,model_1,0.1473,0.085127205
9637,model_1,0.1708,0.10349569
9638,model_1,0.2602,0.3632797
9639,model_1,0.6417,0.59500974
9640,model_1,0.2694,0.18752874
9641,model_1,0.2062,0.17877486
9642,model_1,0.2356,0.35305545
9643,model_1,0.4068,0.43003887
9644,model_1,0.5324,0.49986467
9645,model_1,0.4149,0.39558518
9646,model_1,0.1489,0.1422943
9647,model_1,0.5229,0.46507522
9648,model_1,0.2194,0.17047897
9649,model_1,0.0457,0.050914317
9650,model_1,0.421,0.4256699
9651,model_1,-0.2134,-0.18697125
9652,model_1,0.0274,-0.05086106
9653,model_1,0.2479,0.28405067
9654,model_1,0.2126,0.17937157
9655,model_1,0.261,0.24440052
9656,model_1,0.0767,0.07270186
9657,model_1,0.1906,0.17344026
9658,model_1,0.907,0.8380658
9659,model_1,0.3348,0.35339117
9660,model_1,0.0981,0.07987952
9661,model_1,0.0503,0.04372871
9662,model_1,0.0637,0.07948664
9663,model_1,0.0812,0.058940828
9664,model_1,0.2677,0.29841572
9665,model_1,0.2157,0.23041314
9666,model_1,0.476,0.07883695
9667,model_1,0.0915,0.13814023
9668,model_1,0.2307,0.14844331
9669,model_1,0.4413,0.3920894
9670,model_1,0.4538,0.41071993
9671,model_1,0.1267,0.10389309
9672,model_1,0.0969,0.04963842
9673,model_1,0.5879,0.6137207
9674,model_1,0.3947,0.46818113
9675,model_1,0.8101,0.8934897
9676,model_1,0.0612,0.03182231
9677,model_1,0.0486,0.043517917
9678,model_1,0.1424,0.10798241
9679,model_1,0.4787,0.4656659
9680,model_1,0.1137,0.15937015
9681,model_1,-0.0505,-0.0698784
9682,model_1,0.1446,0.12526405
9683,model_1,0.1384,0.11160636
9684,model_1,0.2114,0.22331537
9685,model_1,0.0085,-0.020678967
9686,model_1,-0.1217,-0.06828821
9687,model_1,0.211,0.24177466
9688,model_1,0.2418,0.254863
9689,model_1,0.3499,0.34255767
9690,model_1,0.2659,0.4530287
9691,model_1,0.4139,0.37165275
9692,model_1,0.2004,0.20387053
9693,model_1,0.1268,0.06384219
9694,model_1,0.4527,0.42461097
9695,model_1,0.0998,0.26494765
9696,model_1,-0.2078,-0.14596137
9697,model_1,0.0751,0.09484881
9698,model_1,0.9662,0.99269533
9699,model_1,0.1911,0.16096407
9700,model_1,-0.0199,-0.03744462
9701,model_1,-0.0262,-0.0025166124
9702,model_1,0.1911,0.18676788
9703,model_1,0.1331,0.16459435
9704,model_1,0.2628,0.26412195
9705,model_1,0.4328,0.36600295
9706,model_1,0.1921,0.21546726
9707,model_1,0.317,0.33300307
9708,model_1,0.4629,0.49384144
9709,model_1,0.198,0.25771514
9710,model_1,0.4372,0.28973344
9711,model_1,-0.0902,-0.061115056
9712,model_1,0.2551,0.2640603
9713,model_1,0.5555,0.5578687
9714,model_1,0.8958,0.91240543
9715,model_1,0.1444,0.18891561
9716,model_1,0.1311,0.10525519
9717,model_1,0.3125,0.33962262
9718,model_1,0.4089,0.3845377
9719,model_1,0.077,0.022717685
9720,model_1,0.8549,0.86205673
9721,model_1,0.657,0.7427042
9722,model_1,0.2998,0.28388193
9723,model_1,0.0915,0.098339826
9724,model_1,-0.0765,-0.025886476
9725,model_1,0.0437,0.059209526
9726,model_1,-0.1632,-0.14092425
9727,model_1,0.2769,0.27031958
9728,model_1,0.1088,0.11694371
9729,model_1,0.4198,0.38434517
9730,model_1,0.1674,0.28132144
9731,model_1,0.3163,0.32156748
9732,model_1,0.2986,0.3349575
9733,model_1,0.0935,0.09672852
9734,model_1,0.1892,0.161906
9735,model_1,0.8698,0.8240912
9736,model_1,0.2915,0.3399129
9737,model_1,0.035,0.0016954839
9738,model_1,0.3009,0.38466033
9739,model_1,0.5048,0.47626847
9740,model_1,0.0179,0.012358487
9741,model_1,0.0901,0.07997079
9742,model_1,0.6144,0.68150246
9743,model_1,-0.1085,-0.08393213
9744,model_1,-0.1185,-0.091453046
9745,model_1,0.1697,0.11288828
9746,model_1,0.0187,0.32749593
9747,model_1,0.4266,0.42138678
9748,model_1,0.4312,0.3676048
9749,model_1,0.7237,0.6568722
9750,model_1,0.0761,0.05430332
9751,model_1,0.043,0.046985418
9752,model_1,0.2649,0.3424825
9753,model_1,-0.0154,-0.036995858
9754,model_1,0.083,0.039889604
9755,model_1,0.0286,0.00092729926
9756,model_1,0.01,0.0166004
9757,model_1,0.2822,0.2191014
9758,model_1,0.6996,0.9433342
9759,model_1,0.7837,0.8009678
9760,model_1,0.1525,0.24366389
9761,model_1,-0.0255,-0.01753074
9762,model_1,0.3336,0.33853745
9763,model_1,0.3572,0.3954447
9764,model_1,0.0421,0.09448601
9765,model_1,0.3091,0.38130036
9766,model_1,0.1278,0.083976954
9767,model_1,0.0406,0.04617232
9768,model_1,-0.0026,0.1101892
9769,model_1,0.7285,0.7312052
9770,model_1,-0.0418,0.09105554
9771,model_1,0.4164,0.33362198
9772,model_1,0.2772,0.23990966
9773,model_1,-0.0162,-0.02106911
9774,model_1,0.4035,0.35381895
9775,model_1,0.5042,0.56182724
9776,model_1,0.4648,0.5182513
9777,model_1,0.2604,0.24919143
9778,model_1,0.1491,0.26247185
9779,model_1,0.012,0.031116277
9780,model_1,0.2225,0.19726862
9781,model_1,0.2312,-0.049810886
9782,model_1,0.6449,0.64597565
9783,model_1,0.259,0.20151998
9784,model_1,0.1399,0.14083262
9785,model_1,0.4947,0.50109136
9786,model_1,0.0802,0.044217095
9787,model_1,0.0975,0.100984246
9788,model_1,0.1282,0.13388427
9789,model_1,-0.0397,-0.0042985976
9790,model_1,0.1034,0.05236885
9791,model_1,-0.0912,0.3842604
9792,model_1,0.1344,0.24470374
9793,model_1,0.1877,0.11948827
9794,model_1,0.1106,0.26448864
9795,model_1,0.0884,0.083117545
9796,model_1,0.2197,0.20210703
9797,model_1,-0.0719,-0.0895758
9798,model_1,-0.0219,0.020372093
9799,model_1,0.2138,0.29657346
9800,model_1,-0.0576,-0.14149338
9801,model_1,0.5599,0.42120793
9802,model_1,0.235,0.32494825
9803,model_1,0.0638,0.0018597543
9804,model_1,0.1023,0.0890616
9805,model_1,0.4621,0.4193152
9806,model_1,0.1566,0.072104126
9807,model_1,-0.0475,-0.077738345
9808,model_1,0.2673,0.13109383
9809,model_1,0.0987,0.13255009
9810,model_1,0.3588,0.20713238
9811,model_1,-0.0981,-0.13658363
9812,model_1,0.2204,0.3735242
9813,model_1,0.3277,0.35164398
9814,model_1,0.0259,0.09013443
9815,model_1,0.0245,-0.004317969
9816,model_1,0.0752,0.013249993
9817,model_1,-0.2074,-0.11773598
9818,model_1,0.1601,0.26733613
9819,model_1,0.3877,0.3455354
9820,model_1,0.3747,0.42518595
9821,model_1,0.0725,0.06514034
9822,model_1,0.3704,0.26800948
9823,model_1,-0.0659,-0.01916182
9824,model_1,0.3402,0.27035716
9825,model_1,0.4117,0.3721813
9826,model_1,0.2663,0.35113662
9827,model_1,0.7291,0.68508524
9828,model_1,-0.0922,-0.07324529
9829,model_1,0.1399,0.047637075
9830,model_1,0.221,0.23755506
9831,model_1,0.415,0.4832768
9832,model_1,0.0691,0.09549092
9833,model_1,0.0356,-0.006956294
9834,model_1,0.418,0.39173114
9835,model_1,0.3318,0.34833288
9836,model_1,0.1023,0.15074183
9837,model_1,0.6491,0.6040657
9838,model_1,0.203,-0.040989608
9839,model_1,0.2804,0.34599724
9840,model_1,0.3307,0.43128628
9841,model_1,0.3233,0.29497796
9842,model_1,0.1961,0.1280543
9843,model_1,0.0142,-0.0035227984
9844,model_1,0.3291,0.2790432
9845,model_1,0.2404,0.22277284
9846,model_1,0.2357,0.20180017
9847,model_1,0.4767,0.5050098
9848,model_1,-0.0691,-0.04716295
9849,model_1,0.1162,0.21038377
9850,model_1,0.0803,0.059423
9851,model_1,0.1129,0.09462161
9852,model_1,0.348,0.29416302
9853,model_1,0.8981,0.9136693
9854,model_1,0.1843,0.29381835
9855,model_1,0.194,0.17206267
9856,model_1,0.1941,0.15814379
9857,model_1,0.5945,0.5779772
9858,model_1,0.3253,0.40142176
9859,model_1,0.7907,0.8454428
9860,model_1,0.5632,0.52064514
9861,model_1,0.2268,0.25118837
9862,model_1,0.0569,0.028069228
9863,model_1,0.0205,-0.004780799
9864,model_1,0.4199,0.38430125
9865,model_1,0.147,0.17107764
9866,model_1,0.0188,0.13322419
9867,model_1,-0.1539,-0.16474661
9868,model_1,0.1318,0.10135916
9869,model_1,0.1675,0.28090733
9870,model_1,-0.2495,-0.12425405
9871,model_1,0.3716,0.33836454
9872,model_1,0.1775,0.19015393
9873,model_1,0.417,0.3822077
9874,model_1,0.4731,0.54247475
9875,model_1,-0.0632,-0.059536546
9876,model_1,-0.0378,-0.013640195
9877,model_1,0.1285,0.13107195
9878,model_1,0.5484,0.55918926
9879,model_1,0.5413,0.572193
9880,model_1,0.3591,0.39313212
9881,model_1,0.2468,0.2880663
9882,model_1,0.6208,0.62578505
9883,model_1,0.2782,0.12696499
9884,model_1,0.4231,0.32583925
9885,model_1,0.1098,0.10393642
9886,model_1,0.1322,0.11274044
9887,model_1,-0.0513,0.33419615
9888,model_1,0.3671,0.3199566
9889,model_1,0.1984,0.25107762
9890,model_1,0.4609,0.4874035
9891,model_1,0.2129,0.12810817
9892,model_1,0.3308,0.38072672
9893,model_1,0.5332,0.47668034
9894,model_1,0.1051,0.09748088
9895,model_1,0.1219,0.11196059
9896,model_1,0.3184,0.28690746
9897,model_1,0.5127,0.48397803
9898,model_1,-0.0418,0.09872083
9899,model_1,0.2453,0.15695445
9900,model_1,-0.0526,0.04445614
9901,model_1,0.2302,0.2001059
9902,model_1,0.2048,0.109594345
9903,model_1,0.5012,0.4935394
9904,model_1,0.0247,0.06330109
9905,model_1,0.3498,0.30506423
9906,model_1,0.2581,0.18537793
9907,model_1,0.2902,0.2729611
9908,model_1,0.127,0.12571715
9909,model_1,0.1738,0.042218477
9910,model_1,0.3216,0.3005518
9911,model_1,0.2038,0.20912336
9912,model_1,0.3106,0.2553489
9913,model_1,0.2261,0.32837567
9914,model_1,0.119,0.15095443
9915,model_1,0.6291,0.6532957
9916,model_1,0.1265,0.12302062
9917,model_1,0.6135,0.64446104
9918,model_1,0.2088,0.30538368
9919,model_1,0.6576,0.5745677
9920,model_1,0.2223,0.31287962
9921,model_1,0.1441,0.15824291
9922,model_1,0.1135,0.25214309
9923,model_1,0.1723,0.15674374
9924,model_1,0.0413,0.06329161
9925,model_1,0.0305,0.02874367
9926,model_1,0.2661,0.17545238
9927,model_1,-0.2272,-0.033932537
9928,model_1,0.1897,0.16708457
9929,model_1,0.1463,0.07876855
9930,model_1,0.0954,0.08221924
9931,model_1,0.1637,0.1886375
9932,model_1,-0.0082,0.039728045
9933,model_1,0.0324,0.043819398
9934,model_1,0.1432,0.08108944
9935,model_1,0.6276,0.58771884
9936,model_1,0.5317,0.5456874
9937,model_1,0.3003,0.29503617
9938,model_1,0.4644,0.45961672
9939,model_1,0.6357,0.553233
9940,model_1,0.1275,0.07190555
9941,model_1,0.0118,0.00011263788
9942,model_1,-0.0672,-0.07413417
9943,model_1,0.6828,0.71394914
9944,model_1,0.2908,0.31330663
9945,model_1,0.4486,0.42516163
9946,model_1,0.035,0.033938214
9947,model_1,0.1286,0.16481629
9948,model_1,0.3044,0.26941785
9949,model_1,0.3054,0.222911
9950,model_1,0.0887,0.088374645
9951,model_1,0.303,0.18121627
9952,model_1,0.0947,0.0457941
9953,model_1,0.3285,-0.03715396
9954,model_1,0.1502,0.030671343
9955,model_1,0.6467,0.622476
9956,model_1,0.1569,0.15111816
9957,model_1,0.3489,0.33590308
9958,model_1,0.2395,0.17122115
9959,model_1,0.0002,-0.02233547
9960,model_1,0.1714,0.13320132
9961,model_1,0.1372,0.1511843
9962,model_1,0.551,0.44823772
9963,model_1,0.245,0.21937689
9964,model_1,0.1127,0.01512377
9965,model_1,0.0346,0.042110726
9966,model_1,1.0469,1.007622
9967,model_1,0.1668,0.1498103
9968,model_1,-0.0004,0.044505864
9969,model_1,0.0281,0.038650677
9970,model_1,0.2422,0.28633136
9971,model_1,0.0906,0.10577753
9972,model_1,0.6866,0.64539677
9973,model_1,0.2193,0.18375576
9974,model_1,0.2241,0.32916322
9975,model_1,0.1189,0.08579935
9976,model_1,0.0681,0.05305271
9977,model_1,0.1981,0.21435845
9978,model_1,0.7888,0.74593633
9979,model_1,-0.1117,-0.12659836
9980,model_1,0.3695,0.26942423
9981,model_1,0.2163,0.20965807
9982,model_1,-0.0374,-0.081921935
9983,model_1,0.3276,0.34579957
9984,model_1,0.2161,0.22996849
9985,model_1,-0.0338,0.083130956
9986,model_1,0.1964,0.25600573
9987,model_1,0.2197,0.23068173
9988,model_1,0.0488,0.022549823
9989,model_1,-0.0139,0.07232311
9990,model_1,0.358,0.31522614
9991,model_1,0.0146,-0.01870358
9992,model_1,0.1459,0.10691962
9993,model_1,0.0515,0.10509056
9994,model_1,-0.191,-0.07851422
9995,model_1,0.0064,0.040227324
9996,model_1,0.2378,0.27338862
9997,model_1,0.0804,0.0026429594
9998,model_1,0.5507,0.54418445
9999,model_1,-0.1189,-0.052674353
10000,model_1,0.1737,0.11150257
10001,model_1,0.1549,0.10737795
10002,model_1,-0.1279,-0.048818916
10003,model_1,0.1672,0.23139101
10004,model_1,0.191,0.17461684
10005,model_1,0.0489,0.07992354
10006,model_1,0.2186,0.16252765
10007,model_1,0.4036,0.45391902
10008,model_1,0.1032,0.15728985
10009,model_1,0.3471,0.25757015
10010,model_1,0.1593,0.13211429
10011,model_1,0.2669,0.24170808
10012,model_1,0.1294,0.15501644
10013,model_1,0.7793,0.764801
10014,model_1,0.4005,0.44823897
10015,model_1,0.9503,1.0079014
10016,model_1,0.0115,-0.012433767
10017,model_1,0.1465,0.18683124
10018,model_1,0.121,0.024573997
10019,model_1,0.2244,0.4249612
10020,model_1,0.7301,0.66279024
10021,model_1,0.0773,0.09524876
10022,model_1,0.1666,0.22689904
10023,model_1,0.4267,0.41230276
10024,model_1,0.2615,0.4039672
10025,model_1,0.0818,0.116919026
10026,model_1,0.1295,0.088616595
10027,model_1,0.3442,0.3662262
10028,model_1,0.3666,0.34881076
10029,model_1,0.396,0.32167673
10030,model_1,0.7715,0.7315956
10031,model_1,0.4563,0.4420672
10032,model_1,0.7455,0.75427634
10033,model_1,0.1853,0.24849695
10034,model_1,1.0633,1.0005578
10035,model_1,0.2337,0.17212883
10036,model_1,-0.0135,0.044550017
10037,model_1,0.1296,0.14774233
10038,model_1,0.1512,0.13099386
10039,model_1,0.0931,0.06530504
10040,model_1,0.0005,0.046871483
10041,model_1,0.3708,0.47982818
10042,model_1,0.3079,0.14220038
10043,model_1,-0.042,-0.04997176
10044,model_1,0.627,0.58678883
10045,model_1,0.2661,0.2830722
10046,model_1,0.0493,0.062034115
10047,model_1,0.4473,0.3715325
10048,model_1,0.0444,0.029218197
10049,model_1,0.4475,0.4476439
10050,model_1,0.1068,0.12059505
10051,model_1,0.0387,0.04527718
10052,model_1,0.8357,0.8229976
10053,model_1,0.1957,0.18001112
10054,model_1,0.1534,0.19540894
10055,model_1,0.1778,0.12699285
10056,model_1,0.082,0.062749535
10057,model_1,0.0983,0.08924556
10058,model_1,0.1909,0.14397882
10059,model_1,-0.1421,-0.07597023
10060,model_1,0.3538,0.34095225
10061,model_1,0.0383,0.013449848
10062,model_1,0.1273,0.10476841
10063,model_1,0.229,0.23179129
10064,model_1,0.7005,0.7491676
10065,model_1,0.2638,0.25897765
10066,model_1,0.2175,0.22545785
10067,model_1,0.2979,0.28040522
10068,model_1,0.0459,0.0206521
10069,model_1,0.0454,0.09362547
10070,model_1,-0.0247,-0.011932135
10071,model_1,-0.0405,-0.047397077
10072,model_1,0.8188,0.7872939
10073,model_1,0.0055,0.08363679
10074,model_1,0.3056,0.3263019
10075,model_1,0.1291,0.16536048
10076,model_1,0.1137,0.14065182
10077,model_1,0.1191,0.113165826
10078,model_1,0.5019,0.54756534
10079,model_1,0.4398,0.30734
10080,model_1,0.0995,0.14891154
10081,model_1,0.4024,0.4596902
10082,model_1,-0.0104,-0.02929321
10083,model_1,0.0802,0.07494725
10084,model_1,0.243,0.25539935
10085,model_1,0.3213,0.44674855
10086,model_1,0.1324,0.24363343
10087,model_1,0.0276,0.0077058375
10088,model_1,0.1115,0.06614217
10089,model_1,0.2279,0.28410816
10090,model_1,0.1277,0.1923129
10091,model_1,0.1345,0.17519942
10092,model_1,0.6448,0.64508593
10093,model_1,0.0634,0.15853986
10094,model_1,0.1931,0.22438487
10095,model_1,-0.0443,-0.01679632
10096,model_1,0.5976,0.6212886
10097,model_1,0.4237,0.41987428
10098,model_1,0.4184,0.4311193
10099,model_1,0.2369,0.18127775
10100,model_1,0.3262,0.3843458
10101,model_1,0.1064,0.1715708
10102,model_1,0.2266,0.19133282
10103,model_1,0.3056,0.2930556
10104,model_1,0.1059,0.058868796
10105,model_1,0.1512,0.22459465
10106,model_1,0.6412,0.6362622
10107,model_1,-0.1093,-0.06448555
10108,model_1,0.197,0.15952688
10109,model_1,0.2793,0.12715513
10110,model_1,0.0949,0.14079617
10111,model_1,0.0941,0.17482123
10112,model_1,0.2681,0.1715205
10113,model_1,0.1506,0.05904919
10114,model_1,0.541,0.05507867
10115,model_1,-0.197,-0.15650469
10116,model_1,0.0207,0.049602926
10117,model_1,0.1612,0.18512058
10118,model_1,0.2976,0.26083073
10119,model_1,0.1053,0.082998246
10120,model_1,0.0605,0.08350515
10121,model_1,0.203,0.11121729
10122,model_1,0.5301,0.5542224
10123,model_1,0.0644,0.073412
10124,model_1,0.0101,0.2614577
10125,model_1,0.0735,0.10145576
10126,model_1,0.2993,0.20379469
10127,model_1,0.2165,0.19104971
10128,model_1,0.1326,0.1040681
10129,model_1,0.2096,0.24426293
10130,model_1,0.2176,0.16310896
10131,model_1,0.0781,0.1287238
10132,model_1,0.5963,0.55330604
10133,model_1,0.4866,0.39873406
10134,model_1,0.0308,0.0045082867
10135,model_1,0.1031,0.12754819
10136,model_1,0.5107,0.49817568
10137,model_1,0.1572,0.1166769
10138,model_1,0.0631,0.07134652
10139,model_1,0.0194,0.03613612
10140,model_1,0.2488,0.1872046
10141,model_1,0.3295,0.34068173
10142,model_1,0.0123,0.10482767
10143,model_1,0.3926,0.39520824
10144,model_1,0.494,0.5119122
10145,model_1,-0.0401,-0.04041782
10146,model_1,0.4773,0.5835319
10147,model_1,0.3363,0.32262912
10148,model_1,0.0693,0.05739668
10149,model_1,0.095,0.2192105
10150,model_1,-0.0204,-0.033228606
10151,model_1,0.4606,0.4090153
10152,model_1,0.2732,0.2594229
10153,model_1,-0.221,0.024288356
10154,model_1,0.2259,0.27585676
10155,model_1,0.1978,0.19731766
10156,model_1,0.8971,0.9187913
10157,model_1,0.3388,0.35228682
10158,model_1,0.0889,0.09444691
10159,model_1,0.3391,0.38522905
10160,model_1,0.347,0.31805843
10161,model_1,-0.0311,-0.07608396
10162,model_1,0.0086,-0.10352135
10163,model_1,0.2081,0.23073515
10164,model_1,0.3199,0.326408
10165,model_1,0.3753,0.39031214
10166,model_1,0.571,0.5769869
10167,model_1,0.2248,0.1998042
10168,model_1,0.4147,0.34209117
10169,model_1,0.0817,0.113270015
10170,model_1,0.1542,0.14117154
10171,model_1,0.3194,0.40643203
10172,model_1,0.1097,0.16924429
10173,model_1,0.1974,0.12817134
10174,model_1,0.1406,0.05433306
10175,model_1,0.3283,0.3259197
10176,model_1,-0.0121,0.029813528
10177,model_1,0.816,0.76616967
10178,model_1,0.0789,0.07000868
10179,model_1,-0.0363,0.027191713
10180,model_1,0.1535,0.11942767
10181,model_1,0.3245,0.38338327
10182,model_1,0.005,0.01920265
10183,model_1,0.079,0.03890565
10184,model_1,0.2828,0.261794
10185,model_1,0.6512,0.64330184
10186,model_1,0.0492,0.06037137
10187,model_1,0.3056,0.28025824
10188,model_1,0.1809,0.10352291
10189,model_1,0.1179,0.17916988
10190,model_1,0.3913,0.41066596
10191,model_1,0.3729,0.4147801
10192,model_1,0.1774,0.20141032
10193,model_1,0.078,0.023725957
10194,model_1,0.0252,0.08451648
10195,model_1,0.1526,0.15737727
10196,model_1,0.0115,-0.015687287
10197,model_1,0.9149,0.8911282
10198,model_1,0.2847,0.29964483
10199,model_1,0.2467,0.19075644
10200,model_1,0.2093,0.23985526
10201,model_1,0.1879,0.21251851
10202,model_1,0.1796,0.14506458
10203,model_1,0.2218,0.19879541
10204,model_1,0.5081,0.59945524
10205,model_1,0.0782,0.06413928
10206,model_1,0.1901,0.29140234
10207,model_1,0.6441,0.65411246
10208,model_1,0.0603,0.054052815
10209,model_1,0.0707,0.071588576
10210,model_1,-0.0354,-0.07499489
10211,model_1,0.1585,0.17217399
10212,model_1,0.0387,0.11735232
10213,model_1,0.0831,0.053634986
10214,model_1,0.2568,0.22880729
10215,model_1,0.0097,-0.0056162477
10216,model_1,0.3818,0.36660528
10217,model_1,0.316,0.30582368
10218,model_1,-0.1671,-0.15867487
10219,model_1,-0.2004,-0.19596887
10220,model_1,0.0032,0.006515175
10221,model_1,0.1909,0.14263228
10222,model_1,0.0881,0.046801895
10223,model_1,0.3561,0.19508299
10224,model_1,0.0406,0.045754164
10225,model_1,0.3386,0.31361645
10226,model_1,0.4512,0.3917908
10227,model_1,0.3188,0.35837376
10228,model_1,-0.0581,-0.09976849
10229,model_1,0.1224,0.13393322
10230,model_1,0.2503,0.101965815
10231,model_1,0.3742,0.23187575
10232,model_1,0.2559,0.3616619
10233,model_1,0.251,0.31155163
10234,model_1,0.8897,0.8836966
10235,model_1,0.2299,0.22075991
10236,model_1,0.3352,0.37857652
10237,model_1,0.2725,0.21188903
10238,model_1,-0.0393,0.047255665
10239,model_1,0.341,0.2955577
10240,model_1,-0.1158,-0.063041925
10241,model_1,0.1794,0.19637552
10242,model_1,0.6834,0.7053574
10243,model_1,0.0123,0.035960555
10244,model_1,0.0318,0.030374259
10245,model_1,0.4215,0.40237558
10246,model_1,0.1461,0.12473953
10247,model_1,0.4939,0.54080623
10248,model_1,0.2,0.37032363
10249,model_1,-0.0005,-0.011758208
10250,model_1,0.2523,0.06790772
10251,model_1,0.3581,0.38751364
10252,model_1,0.0932,0.05579427
10253,model_1,0.3157,0.3091987
10254,model_1,0.3824,0.3993497
10255,model_1,0.2338,0.33183584
10256,model_1,0.7108,0.6963074
10257,model_1,0.273,0.10630281
10258,model_1,0.7293,0.76059186
10259,model_1,0.0767,0.13889474
10260,model_1,0.2564,0.21562463
10261,model_1,0.2476,0.21655807
10262,model_1,0.2067,0.33733132
10263,model_1,0.1913,0.16992684
10264,model_1,0.0675,0.069607645
10265,model_1,-0.0054,0.072442055
10266,model_1,0.2115,0.11762245
10267,model_1,0.13,0.093689844
10268,model_1,0.4002,0.38349515
10269,model_1,0.2019,0.1517683
10270,model_1,0.2081,0.19048795
10271,model_1,0.1041,0.17321002
10272,model_1,0.2262,0.28407586
10273,model_1,0.2419,0.29098257
10274,model_1,0.1488,0.18257838
10275,model_1,0.4167,0.4275538
10276,model_1,0.3476,0.37016395
10277,model_1,0.1692,0.29515007
10278,model_1,0.0908,0.14614555
10279,model_1,0.4398,0.42158666
10280,model_1,0.1441,0.21541017
10281,model_1,-0.151,-0.12881261
10282,model_1,0.2805,0.37774903
10283,model_1,0.0563,0.045985907
10284,model_1,-0.0013,0.0419693
10285,model_1,0.3462,0.25785193
10286,model_1,0.1595,0.13722321
10287,model_1,0.1481,0.1309782
10288,model_1,0.1656,0.06597561
10289,model_1,0.882,0.92535794
10290,model_1,0.4558,0.46553677
10291,model_1,-0.0536,-0.05479431
10292,model_1,0.1436,0.10812272
10293,model_1,0.1817,0.095324546
10294,model_1,0.1295,0.20719342
10295,model_1,0.0757,0.041062564
10296,model_1,0.1167,0.07912049
10297,model_1,0.0541,0.09925142
10298,model_1,0.0337,-0.010135114
10299,model_1,0.6602,0.687591
10300,model_1,0.0268,0.020822167
10301,model_1,0.0422,0.026254117
10302,model_1,0.1782,0.16019365
10303,model_1,0.4441,0.42167163
10304,model_1,0.0323,0.041173518
10305,model_1,0.6639,0.6315837
10306,model_1,0.0376,0.0655873
10307,model_1,0.5638,0.5532818
10308,model_1,0.2352,0.21041606
10309,model_1,0.0876,0.08828035
10310,model_1,-0.1387,-0.123586
10311,model_1,0.5722,0.527402
10312,model_1,0.2226,0.22099389
10313,model_1,0.8884,0.9108751
10314,model_1,0.227,0.26282057
10315,model_1,0.2463,0.37237522
10316,model_1,0.5207,0.4385835
10317,model_1,0.3029,0.3188076
10318,model_1,0.2458,0.26208192
10319,model_1,0.0555,-0.00918068
10320,model_1,0.2703,0.21433745
10321,model_1,0.1372,0.11042346
10322,model_1,-0.076,-0.10260871
10323,model_1,0.2013,0.1640861
10324,model_1,0.1571,0.18230242
10325,model_1,0.2774,0.24697334
10326,model_1,0.7497,0.70939934
10327,model_1,0.3513,0.279379
10328,model_1,0.1974,0.09754406
10329,model_1,0.0347,0.056538075
10330,model_1,-0.1634,-0.09214851
10331,model_1,0.0919,0.07929066
10332,model_1,0.2581,0.2834199
10333,model_1,0.2677,0.30223027
10334,model_1,0.6615,0.6539067
10335,model_1,0.2844,0.3094829
10336,model_1,0.2768,0.2595067
10337,model_1,0.0322,-0.012037009
10338,model_1,0.4114,0.45799303
10339,model_1,0.2891,0.25073698
10340,model_1,-0.1213,-0.10241109
10341,model_1,0.0137,-0.03828925
10342,model_1,0.4425,0.45942262
10343,model_1,0.171,0.33228785
10344,model_1,-0.1109,-0.14903754
10345,model_1,0.3187,0.27112764
10346,model_1,0.034,0.05282107
10347,model_1,0.0391,0.05771403
10348,model_1,0.278,0.20340651
10349,model_1,-0.0065,-0.088306665
10350,model_1,0.0317,0.052114516
10351,model_1,0.2692,0.12572953
10352,model_1,0.3194,0.3669718
10353,model_1,0.0552,0.017680034
10354,model_1,0.1209,0.09232478
10355,model_1,0.2694,0.24842899
10356,model_1,0.2114,0.16177164
10357,model_1,0.0968,0.10344526
10358,model_1,0.2243,0.12091963
10359,model_1,0.1315,0.18416229
10360,model_1,0.4578,0.5205759
10361,model_1,0.7186,0.72880024
10362,model_1,0.7336,0.78573877
10363,model_1,0.2202,0.16678278
10364,model_1,0.2336,0.22820182
10365,model_1,0.1791,0.081413746
10366,model_1,0.5939,0.52507454
10367,model_1,0.4736,0.36720973
10368,model_1,0.6839,0.6896083
10369,model_1,0.4972,0.47908902
10370,model_1,0.0961,0.08144817
10371,model_1,0.0988,0.074659854
10372,model_1,0.3287,0.31077993
10373,model_1,0.3233,0.24338052
10374,model_1,-0.0581,-0.059577048
10375,model_1,0.0896,0.09888649
10376,model_1,0.6775,0.7264245
10377,model_1,0.3069,0.277571
10378,model_1,-0.0195,-0.13107654
10379,model_1,0.0418,0.024788007
10380,model_1,0.1425,0.21018234
10381,model_1,-0.1394,-0.11407587
10382,model_1,0.5988,0.5957657
10383,model_1,-0.047,-0.015129536
10384,model_1,0.0816,0.06645268
10385,model_1,0.2695,0.18894662
10386,model_1,0.1244,0.097634315
10387,model_1,0.1779,0.20543027
10388,model_1,0.6033,0.6364906
10389,model_1,0.1064,0.07872087
10390,model_1,0.046,0.08595556
10391,model_1,0.1202,0.08084965
10392,model_1,0.5019,0.44108343
10393,model_1,0.0017,0.009502962
10394,model_1,0.3738,0.31778473
10395,model_1,0.0798,0.07112734
10396,model_1,0.3139,0.34346664
10397,model_1,0.2962,0.25748554
10398,model_1,0.4756,0.43667164
10399,model_1,0.1559,0.14210302
10400,model_1,0.8671,0.748207
10401,model_1,0.0357,0.07094924
10402,model_1,0.0232,0.031268016
10403,model_1,0.2867,0.13126159
10404,model_1,0.2936,0.28427714
10405,model_1,0.3752,0.21076757
10406,model_1,0.3892,0.317236
10407,model_1,0.0857,0.09617421
10408,model_1,-0.1297,-0.10873097
10409,model_1,0.3019,0.25951284
10410,model_1,0.0906,0.118516855
10411,model_1,0.0705,0.087240726
10412,model_1,0.0892,0.047290057
10413,model_1,0.0534,0.0979508
10414,model_1,0.3242,0.36077762
10415,model_1,0.4617,0.42646974
10416,model_1,-0.1094,-0.056334674
10417,model_1,0.2628,0.26355737
10418,model_1,0.4246,0.41000605
10419,model_1,0.3841,0.301849
10420,model_1,0.0125,0.029465884
10421,model_1,0.2735,0.21245341
10422,model_1,0.3603,0.31732064
10423,model_1,0.7488,0.52480197
10424,model_1,0.3669,0.37001324
10425,model_1,0.4798,0.4319539
10426,model_1,0.2088,0.18740426
10427,model_1,0.2065,0.20769599
10428,model_1,0.4067,0.44923276
10429,model_1,0.4177,0.22253801
10430,model_1,0.05,0.046046913
10431,model_1,-0.0858,-0.10718924
10432,model_1,0.3011,0.26301634
10433,model_1,0.0367,0.036783755
10434,model_1,0.1726,0.1123206
10435,model_1,0.2722,0.32749808
10436,model_1,0.007,-0.03808236
10437,model_1,0.1991,0.15503839
10438,model_1,0.1447,0.13206926
10439,model_1,0.9204,0.7903326
10440,model_1,0.1682,0.19290616
10441,model_1,0.3648,0.28728977
10442,model_1,0.0616,0.04404229
10443,model_1,0.9915,1.0005529
10444,model_1,-0.013,-0.03974229
10445,model_1,0.4678,0.4520618
10446,model_1,0.4732,0.44847387
10447,model_1,0.1624,0.18324482
10448,model_1,0.0874,0.092315555
10449,model_1,0.2213,0.12711988
10450,model_1,0.1921,0.234837
10451,model_1,0.6105,0.58885026
10452,model_1,0.2677,0.20320186
10453,model_1,0.0104,0.006108299
10454,model_1,0.2394,0.17310119
10455,model_1,0.2982,0.22623074
10456,model_1,0.0512,0.05379869
10457,model_1,0.4783,0.47825575
10458,model_1,-0.0343,0.4027263
10459,model_1,-0.0991,-0.040145695
10460,model_1,-0.1123,-0.08885658
10461,model_1,0.2391,0.22266209
10462,model_1,0.5738,0.58664227
10463,model_1,0.2239,0.0764142
10464,model_1,0.051,0.06819792
10465,model_1,-0.1367,-0.06855875
10466,model_1,0.3705,0.33501244
10467,model_1,0.1093,0.20323583
10468,model_1,0.1749,0.2015279
10469,model_1,0.1765,0.1705782
10470,model_1,0.0555,0.1961247
10471,model_1,0.2369,0.20766053
10472,model_1,0.0737,0.057295308
10473,model_1,0.0739,0.07218066
10474,model_1,0.0349,0.17026739
10475,model_1,0.1911,0.18044691
10476,model_1,0.4731,0.52819014
10477,model_1,0.6034,0.55554664
10478,model_1,0.1201,0.13090074
10479,model_1,0.4201,0.45461738
10480,model_1,0.0998,0.14319998
10481,model_1,0.3019,0.28987688
10482,model_1,0.2721,0.24019654
10483,model_1,0.5276,0.43846416
10484,model_1,-0.1083,-0.09034747
10485,model_1,0.2696,0.21436454
10486,model_1,-0.0311,0.07136667
10487,model_1,0.2508,0.23844835
10488,model_1,0.3039,0.33730832
10489,model_1,-0.0314,-0.024380684
10490,model_1,0.3863,0.36211282
10491,model_1,0.1919,0.21300179
10492,model_1,-0.0266,-0.063997865
10493,model_1,-0.0687,-0.028561622
10494,model_1,0.3339,0.27419794
10495,model_1,0.0969,0.044255793
10496,model_1,0.7938,0.79134214
10497,model_1,0.5657,0.530787
10498,model_1,0.1286,0.42003533
10499,model_1,0.3885,0.35911787
10500,model_1,-0.0489,-0.093217075
10501,model_1,0.255,0.3095943
10502,model_1,0.0386,0.030448139
10503,model_1,0.5836,0.55555534
10504,model_1,0.3233,0.24672262
10505,model_1,0.4311,0.53355694
10506,model_1,0.0128,0.022167534
10507,model_1,0.0126,0.027538717
10508,model_1,0.2527,0.25344774
10509,model_1,0.0752,0.06933215
10510,model_1,0.334,0.33337137
10511,model_1,0.0758,0.06733754
10512,model_1,0.3366,0.047957957
10513,model_1,0.1089,0.06260407
10514,model_1,0.1692,0.103397965
10515,model_1,0.2228,0.29125756
10516,model_1,0.0287,0.0104575455
10517,model_1,0.4356,0.36508125
10518,model_1,0.0859,0.06510748
10519,model_1,0.6341,0.6501358
10520,model_1,0.0561,0.02065131
10521,model_1,0.0566,0.112184
10522,model_1,0.1331,0.06402913
10523,model_1,0.066,0.12618215
10524,model_1,0.0936,0.15730885
10525,model_1,0.2449,0.21859407
10526,model_1,-0.0098,-0.024159342
10527,model_1,0.1675,0.09156746
10528,model_1,0.4185,0.49089056
10529,model_1,0.1566,0.14177942
10530,model_1,0.3762,0.30514675
10531,model_1,-0.0079,0.05503352
10532,model_1,0.0353,0.02019447
10533,model_1,0.1644,0.08891536
10534,model_1,0.0658,0.033862293
10535,model_1,0.3621,0.3638037
10536,model_1,0.1763,0.32143098
10537,model_1,0.2067,0.18411171
10538,model_1,0.3036,0.28702953
10539,model_1,0.1705,0.12593022
10540,model_1,0.0643,0.08470343
10541,model_1,0.2181,0.13531633
10542,model_1,0.359,0.40452147
10543,model_1,0.7038,0.72900915
10544,model_1,0.0609,0.0054304004
10545,model_1,-0.0449,-0.057791203
10546,model_1,0.1028,0.04816188
10547,model_1,0.1165,0.1641956
10548,model_1,0.1325,0.14933875
10549,model_1,0.4258,0.39444867
10550,model_1,0.113,0.13571292
10551,model_1,0.2893,0.2999847
10552,model_1,0.0332,-0.057120174
10553,model_1,0.417,0.38929725
10554,model_1,0.0296,-0.0028226972
10555,model_1,0.3096,0.3225486
10556,model_1,0.4775,0.37922218
10557,model_1,0.0254,0.048314884
10558,model_1,-0.0355,-0.044697106
10559,model_1,0.1213,0.15294927
10560,model_1,0.1306,0.1289793
10561,model_1,0.0947,0.09626885
10562,model_1,0.0422,0.081340164
10563,model_1,-0.1869,-0.22136742
10564,model_1,0.0338,0.0205158
10565,model_1,0.093,0.04573235
10566,model_1,0.4244,0.42425138
10567,model_1,0.146,0.10432574
10568,model_1,0.2625,0.13966525
10569,model_1,0.6186,0.7739297
10570,model_1,0.6094,0.5802966
10571,model_1,-0.155,-0.13413167
10572,model_1,-0.0334,-0.006581515
10573,model_1,0.1951,0.12309137
10574,model_1,0.2711,0.33190045
10575,model_1,0.0548,0.040065885
10576,model_1,0.754,0.6940687
10577,model_1,-0.0088,0.018282786
10578,model_1,0.353,0.4103564
10579,model_1,0.2414,0.17512906
10580,model_1,0.2154,0.21664366
10581,model_1,0.0493,0.066982865
10582,model_1,0.3207,0.26689777
10583,model_1,0.1382,0.10574144
10584,model_1,-0.1783,-0.052102864
10585,model_1,0.8257,0.77346057
10586,model_1,0.4864,0.49826357
10587,model_1,0.6914,0.69950557
10588,model_1,0.1373,0.24825834
10589,model_1,0.2125,0.26311758
10590,model_1,0.2492,0.16212597
10591,model_1,0.5314,0.5262848
10592,model_1,0.4265,0.47522888
10593,model_1,0.3585,0.40061593
10594,model_1,-0.0642,-0.060674816
10595,model_1,0.102,0.19993329
10596,model_1,0.8595,0.77723724
10597,model_1,0.2612,0.2617978
10598,model_1,0.4236,0.4323941
10599,model_1,0.1992,0.100502476
10600,model_1,0.4507,0.4595251
10601,model_1,0.7115,0.6470451
10602,model_1,-0.1164,-0.10920757
10603,model_1,0.195,0.21960762
10604,model_1,-0.0374,-0.046516895
10605,model_1,0.2711,0.37265664
10606,model_1,-0.0186,-0.029894084
10607,model_1,0.2629,0.2040149
10608,model_1,0.0375,0.0043439865
10609,model_1,-0.0356,0.14203198
10610,model_1,0.1238,0.103382096
10611,model_1,-0.0333,-0.06826809
10612,model_1,0.3234,0.33740726
10613,model_1,0.1518,0.16080213
10614,model_1,0.2643,0.29429308
10615,model_1,0.1736,0.15795155
10616,model_1,0.5562,0.51891613
10617,model_1,0.6766,0.54532385
10618,model_1,0.8419,0.88782454
10619,model_1,0.387,0.2843678
10620,model_1,0.8076,0.8447499
10621,model_1,0.1448,0.16348726
10622,model_1,-0.0785,0.039298862
10623,model_1,0.6639,0.73193157
10624,model_1,0.0613,0.09922205
10625,model_1,-0.0464,-0.04949069
10626,model_1,0.3354,0.21916373
10627,model_1,0.2963,0.16301845
10628,model_1,0.2019,0.21355452
10629,model_1,0.1824,0.2515747
10630,model_1,0.1763,0.21819225
10631,model_1,0.2625,0.23580326
10632,model_1,-0.0045,0.0707306
10633,model_1,0.1073,0.109707534
10634,model_1,0.187,0.15992573
10635,model_1,0.0886,0.15642618
10636,model_1,-0.0699,-0.07807422
10637,model_1,0.1262,0.14924875
10638,model_1,0.4338,0.4717325
10639,model_1,0.4657,0.4669176
10640,model_1,0.6045,0.56971765
10641,model_1,-0.0867,-0.09963918
10642,model_1,0.3523,0.3428361
10643,model_1,-0.0355,-0.07483226
10644,model_1,0.318,0.30643117
10645,model_1,0.2709,0.3162109
10646,model_1,0.3761,0.40195873
10647,model_1,-0.1246,0.020826578
10648,model_1,0.1193,0.116786994
10649,model_1,0.1881,0.2162392
10650,model_1,0.3726,0.36032045
10651,model_1,0.6418,0.6835609
10652,model_1,0.256,0.19377658
10653,model_1,0.2293,0.14854552
10654,model_1,0.115,0.20488003
10655,model_1,0.7218,0.76654804
10656,model_1,0.1697,0.14818002
10657,model_1,0.375,0.35898346
10658,model_1,0.4355,0.4393599
10659,model_1,0.1799,0.14326558
10660,model_1,0.1048,0.085883126
10661,model_1,0.2793,0.3536287
10662,model_1,0.0345,-0.073271334
10663,model_1,-0.0262,-0.05105573
10664,model_1,0.0416,-0.01253134
10665,model_1,1.0144,1.0474565
10666,model_1,0.2524,0.21477115
10667,model_1,-0.0124,-0.013289273
10668,model_1,-0.1637,-0.14428541
10669,model_1,0.1381,0.11656785
10670,model_1,0.6514,0.6174012
10671,model_1,-0.0627,-0.039028525
10672,model_1,0.4353,0.32310098
10673,model_1,0.1745,0.11562306
10674,model_1,0.122,0.21545088
10675,model_1,0.2754,0.30277997
10676,model_1,0.111,0.09165618
10677,model_1,0.4005,0.386145
10678,model_1,0.475,0.49430156
10679,model_1,0.3676,0.39979187
10680,model_1,0.0766,0.15611108
10681,model_1,0.6857,0.7525673
10682,model_1,0.6249,0.57106185
10683,model_1,0.2694,0.19981533
10684,model_1,0.233,0.17010894
10685,model_1,0.353,0.40287313
10686,model_1,-0.0391,-0.008132964
10687,model_1,0.1883,0.17484969
10688,model_1,0.2604,0.15604907
10689,model_1,0.2336,0.1372957
10690,model_1,0.6381,0.48230118
10691,model_1,0.0683,0.056285486
10692,model_1,0.0146,0.27202225
10693,model_1,-0.0181,-0.022909462
10694,model_1,0.1454,0.16602126
10695,model_1,-0.0251,-0.029257923
10696,model_1,-0.1216,-0.093988895
10697,model_1,0.2582,0.2698056
10698,model_1,0.1739,0.14485216
10699,model_1,0.1532,0.14462945
10700,model_1,0.2166,0.28245234
10701,model_1,0.1988,0.18484433
10702,model_1,0.1604,0.16699721
10703,model_1,0.724,0.7575477
10704,model_1,0.0657,0.061868727
10705,model_1,0.5618,0.5023351
10706,model_1,-0.0271,0.009428203
10707,model_1,0.1773,0.18785217
10708,model_1,0.3252,0.30403945
10709,model_1,0.198,0.153391
10710,model_1,-0.0942,-0.080711484
10711,model_1,0.6169,0.6672812
10712,model_1,0.0827,0.09347908
10713,model_1,0.4194,0.33211577
10714,model_1,0.1056,0.10213904
10715,model_1,-0.016,-0.007972464
10716,model_1,-0.0152,0.108547434
10717,model_1,0.1894,0.13529272
10718,model_1,0.5376,0.59271353
10719,model_1,0.4014,0.129972
10720,model_1,0.8186,0.806903
10721,model_1,-0.0249,-0.031695485
10722,model_1,-0.0612,-0.0015709549
10723,model_1,-0.206,-0.17425424
10724,model_1,0.5272,0.52206635
10725,model_1,0.2488,0.23478684
10726,model_1,0.1423,0.19699296
10727,model_1,-0.0698,-0.08510715
10728,model_1,0.1052,0.13856593
10729,model_1,0.0292,0.016444147
10730,model_1,0.0857,0.10908221
10731,model_1,0.2841,0.2827606
10732,model_1,0.1528,0.16161042
10733,model_1,0.4868,0.3394497
10734,model_1,0.0453,0.051608622
10735,model_1,0.5002,0.49769342
10736,model_1,0.2072,0.1591033
10737,model_1,0.1822,0.2566336
10738,model_1,0.2111,0.2389013
10739,model_1,0.2864,0.2874032
10740,model_1,0.0528,0.07390046
10741,model_1,0.3802,0.3153762
10742,model_1,0.5333,0.56363094
10743,model_1,0.2706,0.27670246
10744,model_1,-0.1413,-0.13670433
10745,model_1,0.1266,0.07942252
10746,model_1,0.1285,0.054747194
10747,model_1,0.3442,0.40849513
10748,model_1,0.3737,0.35568398
10749,model_1,0.2735,0.20595554
10750,model_1,0.362,0.4526632
10751,model_1,0.0378,0.03877741
10752,model_1,0.3053,0.56606793
10753,model_1,0.2755,0.1655572
10754,model_1,0.2456,0.27513427
10755,model_1,0.2428,0.31432635
10756,model_1,0.4214,0.24363595
10757,model_1,-0.0668,-0.08053005
10758,model_1,0.072,0.07525268
10759,model_1,0.4906,0.43358517
10760,model_1,0.7962,0.7521205
10761,model_1,0.1824,0.22208782
10762,model_1,0.0267,0.049937636
10763,model_1,-0.0807,-0.1240969
10764,model_1,0.2998,0.3550976
10765,model_1,0.7914,0.82779366
10766,model_1,0.5554,0.54010916
10767,model_1,0.6613,0.5979243
10768,model_1,0.1391,0.17636174
10769,model_1,0.0907,0.113892674
10770,model_1,0.4981,0.38823438
10771,model_1,0.1138,0.074671626
10772,model_1,0.2464,0.2672696
10773,model_1,0.1193,0.12319025
10774,model_1,0.1552,0.1479321
10775,model_1,0.1722,0.0782665
10776,model_1,0.4893,0.4437056
10777,model_1,0.4786,0.48932594
10778,model_1,0.5731,0.6102895
10779,model_1,0.3182,0.32794568
10780,model_1,0.1024,0.10358313
10781,model_1,0.834,0.805138
10782,model_1,0.0119,0.023721844
10783,model_1,-0.0682,-0.079705715
10784,model_1,0.2639,0.33004844
10785,model_1,0.0865,0.071045175
10786,model_1,0.3875,0.37684578
10787,model_1,0.6545,0.57313824
10788,model_1,-0.0593,-0.004771605
10789,model_1,0.5307,0.50360525
10790,model_1,0.4603,0.42171422
10791,model_1,0.3729,0.23902793
10792,model_1,0.3442,0.34494543
10793,model_1,0.2174,0.18102963
10794,model_1,0.1505,0.17410004
10795,model_1,0.4155,0.3024468
10796,model_1,-0.1341,-0.06964862
10797,model_1,0.3035,0.22649655
10798,model_1,0.2483,0.23737888
10799,model_1,0.3472,0.2894658
10800,model_1,0.4148,0.23948523
10801,model_1,0.074,0.09139618
10802,model_1,0.1852,0.24971382
10803,model_1,0.0474,0.08497071
10804,model_1,-0.2197,-0.1963225
10805,model_1,0.2903,0.18316522
10806,model_1,0.0917,0.099019885
10807,model_1,0.0484,0.05919473
10808,model_1,0.1054,0.03785695
10809,model_1,0.1959,0.21292359
10810,model_1,0.2398,0.33577543
10811,model_1,0.0737,0.04795447
10812,model_1,0.2692,0.36418194
10813,model_1,0.3841,0.44707265
10814,model_1,0.6215,0.58248043
10815,model_1,0.0801,0.15716194
10816,model_1,0.0483,-0.0308837
10817,model_1,0.3929,0.25288615
10818,model_1,0.1631,0.19250119
10819,model_1,0.0222,0.058293313
10820,model_1,0.4742,0.47850412
10821,model_1,0.2134,0.25596732
10822,model_1,0.1285,0.045378745
10823,model_1,0.2461,0.239152
10824,model_1,0.6245,0.47975194
10825,model_1,0.0083,0.055803537
10826,model_1,0.2612,0.24315806
10827,model_1,0.2475,0.19419819
10828,model_1,0.0566,-0.025832355
10829,model_1,0.2895,0.32470948
10830,model_1,0.3308,0.2379699
10831,model_1,0.2631,0.15760882
10832,model_1,-0.2061,-0.21364266
10833,model_1,0.1494,0.10027984
10834,model_1,-0.0297,0.010072783
10835,model_1,0.1774,0.15350524
10836,model_1,0.0808,0.28320986
10837,model_1,0.114,0.074145555
10838,model_1,0.0987,0.07384808
10839,model_1,-0.0136,0.013471007
10840,model_1,0.1174,0.087714955
10841,model_1,0.3768,0.3830629
10842,model_1,0.2963,0.28491363
10843,model_1,0.1514,0.13047609
10844,model_1,0.2605,0.2815333
10845,model_1,0.1416,0.12119897
10846,model_1,0.0,0.0077864677
10847,model_1,0.2481,0.16865668
10848,model_1,0.4925,0.48068237
10849,model_1,0.4123,0.2043165
10850,model_1,0.2293,0.296726
10851,model_1,0.1969,0.23863457
10852,model_1,0.5025,0.45287523
10853,model_1,0.0838,0.12977076
10854,model_1,0.103,0.056299925
10855,model_1,0.3434,0.14660579
10856,model_1,0.2999,0.34677398
10857,model_1,-0.2141,0.33596793
10858,model_1,0.0386,0.10708578
10859,model_1,0.2813,0.38448286
10860,model_1,0.3179,0.19176367
10861,model_1,0.1665,0.18389063
10862,model_1,0.068,-0.009757876
10863,model_1,0.1639,0.14523947
10864,model_1,0.1427,0.19866687
10865,model_1,0.352,0.3555301
10866,model_1,0.3143,0.31303012
10867,model_1,0.4993,0.43427572
10868,model_1,0.1926,0.2061249
10869,model_1,0.2297,0.24684776
10870,model_1,0.0957,0.103982314
10871,model_1,0.0873,0.08680996
10872,model_1,0.2542,0.28515717
10873,model_1,0.3934,0.37827924
10874,model_1,0.4205,0.29560307
10875,model_1,0.2097,0.21941024
10876,model_1,-0.0093,0.025976121
10877,model_1,-0.064,-0.019732267
10878,model_1,-0.0638,0.057633072
10879,model_1,0.5304,0.5000108
10880,model_1,0.1782,0.12861992
10881,model_1,0.0668,0.06321168
10882,model_1,-0.0223,0.03282532
10883,model_1,0.0224,0.05643189
10884,model_1,0.0633,0.014773071
10885,model_1,0.1513,0.1235696
10886,model_1,0.1875,0.11797544
10887,model_1,0.2298,0.21948615
10888,model_1,0.5945,0.60049963
10889,model_1,0.405,0.4220513
10890,model_1,0.1843,0.19112055
10891,model_1,0.2151,0.20030168
10892,model_1,0.4072,0.40141985
10893,model_1,1.0229,1.016099
10894,model_1,0.2465,0.30158776
10895,model_1,0.3792,0.3883413
10896,model_1,0.1214,0.099455774
10897,model_1,0.2769,0.24497882
10898,model_1,0.4407,0.44663116
10899,model_1,0.005,0.06799039
10900,model_1,0.136,0.07069741
10901,model_1,0.3105,0.33417106
10902,model_1,0.205,0.29804382
10903,model_1,0.3226,0.17039204
10904,model_1,0.2561,0.25341663
10905,model_1,0.2626,0.15233706
10906,model_1,0.0762,0.15609336
10907,model_1,0.3176,0.33340636
10908,model_1,0.1217,0.089151174
10909,model_1,0.3185,0.27886292
10910,model_1,0.3052,0.3257376
10911,model_1,0.3909,0.30577898
10912,model_1,0.7971,0.79039717
10913,model_1,0.299,0.35288218
10914,model_1,0.4135,0.41015664
10915,model_1,0.0792,0.057652473
10916,model_1,0.9226,1.0214226
10917,model_1,0.1958,0.29908517
10918,model_1,0.1063,0.106047645
10919,model_1,0.156,0.14521822
10920,model_1,0.5999,0.4596666
10921,model_1,0.558,0.5182268
10922,model_1,0.2627,0.20592588
10923,model_1,0.351,0.33587855
10924,model_1,0.1938,0.1310175
10925,model_1,0.4099,0.36791077
10926,model_1,0.0478,0.056991547
10927,model_1,0.0251,-0.050554037
10928,model_1,0.1263,0.14099509
10929,model_1,0.2461,0.3018442
10930,model_1,0.3564,0.4197902
10931,model_1,0.4621,0.46456516
10932,model_1,0.2537,0.29391322
10933,model_1,0.3808,0.4699232
10934,model_1,0.0143,0.073048264
10935,model_1,0.3736,0.3224194
10936,model_1,0.2683,0.35295707
10937,model_1,0.1603,0.14111383
10938,model_1,0.3838,0.40003073
10939,model_1,0.2206,0.19351721
10940,model_1,0.3103,0.31127656
10941,model_1,0.1545,0.29001626
10942,model_1,0.2975,0.1515049
10943,model_1,0.0213,0.05978723
10944,model_1,0.139,0.09309612
10945,model_1,-0.1196,-0.1103906
10946,model_1,0.427,0.39070475
10947,model_1,0.1902,0.24643348
10948,model_1,0.088,0.056839496
10949,model_1,0.1175,0.0244845
10950,model_1,0.2849,0.16634071
10951,model_1,0.1405,0.21527259
10952,model_1,0.7506,0.7667711
10953,model_1,0.3688,0.34071627
10954,model_1,0.3629,0.42595646
10955,model_1,0.3063,0.31586152
10956,model_1,0.0852,0.0376454
10957,model_1,0.3637,0.33395422
10958,model_1,0.0919,0.10009472
10959,model_1,0.0236,0.0853834
10960,model_1,0.7146,0.6490559
10961,model_1,0.173,0.2679118
10962,model_1,0.2916,0.33362585
10963,model_1,0.586,0.51186305
10964,model_1,0.0704,0.040153667
10965,model_1,0.3744,0.40056953
10966,model_1,0.0507,0.028055519
10967,model_1,0.0398,-0.02705717
10968,model_1,0.1713,0.26720133
10969,model_1,0.0504,0.11547382
10970,model_1,0.1171,0.054094702
10971,model_1,0.0365,0.05597663
10972,model_1,0.1831,0.11147477
10973,model_1,0.4958,0.5782589
10974,model_1,0.3801,0.36934912
10975,model_1,0.4758,0.54465234
10976,model_1,0.1422,0.10938938
10977,model_1,-0.0055,-0.009219468
10978,model_1,0.228,0.15384668
10979,model_1,0.1197,0.13776377
10980,model_1,0.3709,0.28876707
10981,model_1,0.4927,0.4547211
10982,model_1,0.3543,0.37274694
10983,model_1,0.1241,0.08125806
10984,model_1,0.7845,0.7451948
10985,model_1,0.0084,0.061141163
10986,model_1,0.2433,0.12151998
10987,model_1,0.3002,0.18509331
10988,model_1,-0.045,-0.032230377
10989,model_1,0.809,0.80090654
10990,model_1,-0.1874,-0.11123946
10991,model_1,0.0954,0.03268212
10992,model_1,0.0649,0.08525199
10993,model_1,0.0488,0.04221195
10994,model_1,0.0999,0.05296561
10995,model_1,0.4613,0.45276514
10996,model_1,0.2215,0.25711244
10997,model_1,0.0279,0.23747951
10998,model_1,0.0804,0.0087052435
10999,model_1,0.6824,0.79038525
11000,model_1,0.1438,0.03611894
11001,model_1,0.3329,0.42404935
11002,model_1,-0.1231,-0.074905336
11003,model_1,0.4077,0.30580142
11004,model_1,0.098,0.09282008
11005,model_1,0.1445,0.08162093
11006,model_1,0.0494,0.12259278
11007,model_1,0.029,0.12883705
11008,model_1,0.4666,0.45616505
11009,model_1,0.236,0.2796736
11010,model_1,0.2067,0.19434527
11011,model_1,0.1138,0.098964885
11012,model_1,0.0908,0.003006056
11013,model_1,0.0632,0.010030389
11014,model_1,0.2981,0.13919532
11015,model_1,0.3582,0.34669495
11016,model_1,0.0888,0.11285983
11017,model_1,0.0949,0.14792731
11018,model_1,0.5858,0.6112747
11019,model_1,0.0634,0.08475605
11020,model_1,-0.0264,-0.012034655
11021,model_1,0.1495,0.21386969
11022,model_1,-0.1293,-0.07317999
11023,model_1,0.2242,0.07021363
11024,model_1,0.1476,0.17587686
11025,model_1,-0.1992,-0.13431317
11026,model_1,0.1129,0.15234308
11027,model_1,0.0901,0.20017576
11028,model_1,0.1168,0.09137459
11029,model_1,0.3422,0.31123963
11030,model_1,0.3234,0.23463383
11031,model_1,0.1595,0.10479139
11032,model_1,0.4481,0.4713105
11033,model_1,0.0839,0.0342004
11034,model_1,0.266,0.26352173
11035,model_1,0.3038,0.31191164
11036,model_1,0.0618,0.042353228
11037,model_1,-0.0563,0.051663816
11038,model_1,-0.0696,0.0064663887
11039,model_1,0.2162,0.20197068
11040,model_1,0.3247,0.38134152
11041,model_1,0.1945,0.15630434
11042,model_1,0.195,0.1660473
11043,model_1,0.0707,0.16560644
11044,model_1,0.0883,0.09789902
11045,model_1,0.6459,0.57520914
11046,model_1,0.752,0.61997557
11047,model_1,0.0805,0.16681284
11048,model_1,0.4072,0.20609784
11049,model_1,0.1375,0.14744438
11050,model_1,0.1063,0.11432712
11051,model_1,0.017,0.025499031
11052,model_1,0.2834,0.27524647
11053,model_1,0.1295,0.15908708
11054,model_1,0.1867,0.27687562
11055,model_1,0.2553,0.11808858
11056,model_1,0.1714,0.12761736
11057,model_1,0.0848,-0.025162697
11058,model_1,0.2484,0.44386435
11059,model_1,0.567,0.6129174
11060,model_1,0.3208,0.34901875
11061,model_1,0.1699,0.1849603
11062,model_1,0.0792,0.030000687
11063,model_1,-0.0587,-0.03782481
11064,model_1,0.32,0.41837662
11065,model_1,0.0676,0.17566541
11066,model_1,0.1869,0.19902574
11067,model_1,0.3516,0.36906624
11068,model_1,0.2406,0.24695759
11069,model_1,0.2365,0.15240324
11070,model_1,0.7883,0.7339539
11071,model_1,0.0477,0.08090541
11072,model_1,-0.0058,-0.03207177
11073,model_1,0.0904,0.05408913
11074,model_1,0.216,0.29066783
11075,model_1,0.3624,0.2658313
11076,model_1,0.4707,0.59806216
11077,model_1,0.4918,0.51901746
11078,model_1,0.5266,0.55291253
11079,model_1,0.0428,0.08979583
11080,model_1,0.0559,0.019405693
11081,model_1,0.0011,0.023644537
11082,model_1,0.3292,0.26721197
11083,model_1,0.6414,0.5390521
11084,model_1,0.0649,0.1631752
11085,model_1,0.2356,0.107500955
11086,model_1,0.2241,0.20220697
11087,model_1,-0.0184,0.13256097
11088,model_1,0.8583,0.85250974
11089,model_1,0.0865,0.0563792
11090,model_1,0.2614,0.24888761
11091,model_1,0.0702,0.014575481
11092,model_1,0.0818,0.11455968
11093,model_1,0.1874,0.20127651
11094,model_1,0.148,0.14846079
11095,model_1,0.5617,0.5561077
11096,model_1,-0.1217,-0.07078785
11097,model_1,0.3277,0.31669015
11098,model_1,0.13,0.048357993
11099,model_1,0.0293,0.020204678
11100,model_1,0.0576,0.06647149
11101,model_1,0.4101,0.39199084
11102,model_1,0.4201,0.4088193
11103,model_1,0.1497,0.20279731
11104,model_1,0.4107,0.40719354
11105,model_1,0.6921,0.57970655
11106,model_1,0.3037,0.30520415
11107,model_1,0.319,0.3261919
11108,model_1,-0.035,0.047801152
11109,model_1,0.1777,0.18237953
11110,model_1,-0.0038,-0.049374342
11111,model_1,0.2415,0.25229192
11112,model_1,-0.0784,-0.067902535
11113,model_1,-0.1111,-0.048347384
11114,model_1,0.1459,0.2395768
11115,model_1,0.3786,0.33624172
11116,model_1,0.3347,0.40884086
11117,model_1,0.1828,0.21355098
11118,model_1,0.2818,0.28184742
11119,model_1,0.0881,0.0751276
11120,model_1,0.2557,0.28681278
11121,model_1,0.2929,0.32759994
11122,model_1,0.1651,0.13493429
11123,model_1,0.2267,0.35630676
11124,model_1,0.1507,0.21950035
11125,model_1,0.2934,0.20655517
11126,model_1,0.1462,0.14307454
11127,model_1,0.2023,0.17551737
11128,model_1,0.1702,0.15093234
11129,model_1,0.6418,0.68994117
11130,model_1,0.158,0.24532415
11131,model_1,0.2057,0.19565961
11132,model_1,0.0459,0.07477006
11133,model_1,0.6986,0.6962222
11134,model_1,0.2051,0.15353906
11135,model_1,0.3447,0.38914156
11136,model_1,0.0844,0.12561958
11137,model_1,0.1006,0.15122283
11138,model_1,0.4047,0.30444938
11139,model_1,0.0489,0.09365195
11140,model_1,0.5458,0.36878267
11141,model_1,0.3245,0.3128585
11142,model_1,0.1788,0.19127601
11143,model_1,0.0417,0.08556852
11144,model_1,0.0326,0.07358454
11145,model_1,0.3791,0.3545406
11146,model_1,0.2594,0.28878003
11147,model_1,0.4771,0.4638443
11148,model_1,0.192,0.23539418
11149,model_1,0.5103,0.34137928
11150,model_1,0.3477,0.32940063
11151,model_1,0.5277,0.428038
11152,model_1,0.4144,0.50862026
11153,model_1,0.2183,0.14755388
11154,model_1,0.1394,0.14584745
11155,model_1,0.6138,0.6480416
11156,model_1,0.2474,0.14630997
11157,model_1,0.4536,0.4238516
11158,model_1,0.1421,0.17185046
11159,model_1,0.2981,0.17799829
11160,model_1,0.9825,1.0099236
11161,model_1,0.9298,0.9260587
11162,model_1,0.6964,0.64694554
11163,model_1,0.3255,0.32508788
11164,model_1,0.3058,0.21978903
11165,model_1,-0.0787,-0.08327183
11166,model_1,0.7815,0.7644193
11167,model_1,0.5367,0.53443885
11168,model_1,0.2829,0.33130282
11169,model_1,0.1477,0.13795413
11170,model_1,0.2789,0.25971988
11171,model_1,0.1075,0.15844968
11172,model_1,0.1685,0.1479248
11173,model_1,-0.2613,0.61795235
11174,model_1,-0.0404,-0.057171702
11175,model_1,0.3044,0.37144303
11176,model_1,0.1926,0.22890061
11177,model_1,0.1838,0.23053254
11178,model_1,0.4107,0.32430077
11179,model_1,0.3862,0.3044544
11180,model_1,0.2354,0.19226399
11181,model_1,0.2961,0.24750689
11182,model_1,0.0942,0.13360806
11183,model_1,0.1184,0.0751788
11184,model_1,0.0921,0.16987973
11185,model_1,0.4291,0.4717372
11186,model_1,0.7201,0.74470353
11187,model_1,0.5858,0.61140895
11188,model_1,0.3869,0.37868586
11189,model_1,0.6304,0.5398487
11190,model_1,0.4408,0.4204093
11191,model_1,0.1854,0.22111093
11192,model_1,-0.0117,-0.010380089
11193,model_1,0.7519,0.7488271
11194,model_1,0.1042,0.094035745
11195,model_1,0.3924,0.41502059
11196,model_1,0.431,0.392668
11197,model_1,0.1218,0.17817959
11198,model_1,0.3164,0.34081087
11199,model_1,0.1226,0.15156849
11200,model_1,-0.0902,-0.10577467
11201,model_1,0.2505,0.24053575
11202,model_1,0.413,0.3847112
11203,model_1,0.1704,0.12857741
11204,model_1,-0.1821,-0.19577518
11205,model_1,0.401,0.3989041
11206,model_1,0.5054,0.51243794
11207,model_1,0.1048,0.09977318
11208,model_1,0.3487,0.28660312
11209,model_1,0.0807,0.07391049
11210,model_1,0.2676,0.26772627
11211,model_1,0.0371,0.004189089
11212,model_1,0.3336,0.19882219
11213,model_1,0.2569,0.34162006
11214,model_1,0.348,0.22999808
11215,model_1,0.5071,0.5476691
11216,model_1,0.0782,0.035409987
11217,model_1,0.4709,0.33087665
11218,model_1,-0.0239,-0.007866412
11219,model_1,0.1928,0.2303639
11220,model_1,0.0225,0.013055146
11221,model_1,-0.0389,0.0015115142
11222,model_1,0.4735,0.4767174
11223,model_1,0.1408,0.128823
11224,model_1,0.8831,0.87411845
11225,model_1,0.037,0.010132417
11226,model_1,0.3199,0.19099247
11227,model_1,0.0834,0.37090325
11228,model_1,0.2327,0.2770008
11229,model_1,0.9058,0.92482686
11230,model_1,0.3432,0.2960279
11231,model_1,0.5666,0.5304959
11232,model_1,0.2939,0.2692718
11233,model_1,0.1295,0.21693917
11234,model_1,0.0317,0.009411052
11235,model_1,0.3671,0.38487837
11236,model_1,0.1248,0.12590614
11237,model_1,0.6174,0.5926789
11238,model_1,0.0598,0.08273147
11239,model_1,0.1877,0.25443086
11240,model_1,0.105,0.06572232
11241,model_1,0.4395,0.43221006
11242,model_1,0.0908,0.040812492
11243,model_1,0.3508,0.29658282
11244,model_1,0.3978,0.39073265
11245,model_1,-0.1665,-0.12202391
11246,model_1,0.31,0.17656255
11247,model_1,0.4222,0.32361305
11248,model_1,0.1232,0.11384821
11249,model_1,0.3391,0.32848078
11250,model_1,0.549,0.49182785
11251,model_1,0.1009,0.08637944
11252,model_1,-0.0518,-0.08255389
11253,model_1,-0.0276,-0.026063591
11254,model_1,0.2821,0.29379752
11255,model_1,0.7468,0.7297048
11256,model_1,-0.0742,-0.16485912
11257,model_1,0.1005,0.072013766
11258,model_1,0.1921,0.21692476
11259,model_1,0.8607,0.8306383
11260,model_1,0.7758,0.7768853
11261,model_1,0.2861,0.3308611
11262,model_1,0.2767,0.27831188
11263,model_1,0.0951,0.099646494
11264,model_1,0.5097,0.53374565
11265,model_1,0.0357,0.012030929
11266,model_1,-0.0165,0.030075222
11267,model_1,-0.1478,-0.0011788011
11268,model_1,0.1299,0.1788896
11269,model_1,0.2679,0.30625188
11270,model_1,0.0111,0.026266813
11271,model_1,-0.0681,0.07769361
11272,model_1,0.1707,0.26977217
11273,model_1,0.3304,0.34551895
11274,model_1,0.3407,0.29829296
11275,model_1,0.398,0.38486755
11276,model_1,0.1057,0.07913913
11277,model_1,0.259,0.21522754
11278,model_1,0.3918,0.3421504
11279,model_1,0.4796,0.42292237
11280,model_1,0.0013,0.31421354
11281,model_1,0.1598,0.2208078
11282,model_1,0.5673,0.62272257
11283,model_1,-0.0845,-0.10229808
11284,model_1,0.188,0.18872878
11285,model_1,0.5427,0.61572045
11286,model_1,-0.1603,-0.050569206
11287,model_1,0.4978,0.51326215
11288,model_1,0.1261,0.06638166
11289,model_1,1.1149,1.0125549
11290,model_1,-0.1663,-0.10382536
11291,model_1,-0.0119,-0.103705764
11292,model_1,-0.0326,-0.044166148
11293,model_1,0.3459,0.35226974
11294,model_1,0.0157,0.03404428
11295,model_1,0.4001,0.4298248
11296,model_1,-0.0279,-0.050531983
11297,model_1,0.4198,0.38788956
11298,model_1,0.2493,0.30033115
11299,model_1,0.1426,0.078283936
11300,model_1,0.0584,0.064009994
11301,model_1,0.4356,0.4836597
11302,model_1,0.1632,0.10270961
11303,model_1,0.3685,0.3540572
11304,model_1,0.0774,0.086871505
11305,model_1,0.103,0.011411428
11306,model_1,0.091,0.042633012
11307,model_1,0.4157,0.36290765
11308,model_1,0.4915,0.5477612
11309,model_1,0.3208,0.45196447
11310,model_1,-0.0642,-0.03110081
11311,model_1,0.3818,0.39117056
11312,model_1,0.3244,0.3068744
11313,model_1,0.3363,0.39425495
11314,model_1,0.3247,0.249919
11315,model_1,0.5227,0.5718664
11316,model_1,0.0922,0.092056125
11317,model_1,-0.0668,-0.0028279424
11318,model_1,0.0966,0.08524971
11319,model_1,0.0583,0.006896287
11320,model_1,0.6074,0.6424138
11321,model_1,0.0248,0.044532984
11322,model_1,0.5441,0.47300434
11323,model_1,0.3205,0.32916865
11324,model_1,0.3632,0.2549212
11325,model_1,0.0903,0.03364277
11326,model_1,0.3414,0.26341578
11327,model_1,0.289,0.33077398
11328,model_1,0.1289,0.23361152
11329,model_1,0.2957,0.17986037
11330,model_1,0.1742,0.22741383
11331,model_1,0.3178,0.2913126
11332,model_1,0.1158,0.1151543
11333,model_1,0.1374,0.17584056
11334,model_1,0.159,0.13950768
11335,model_1,0.3305,0.40666026
11336,model_1,-0.199,-0.118380845
11337,model_1,0.5141,0.4966467
11338,model_1,-0.0726,0.018538117
11339,model_1,0.9068,0.89342296
11340,model_1,0.431,0.43524274
11341,model_1,0.2753,0.281369
11342,model_1,0.5012,0.4808646
11343,model_1,0.1876,0.17521802
11344,model_1,0.2049,0.23406439
11345,model_1,0.2423,0.2093455
11346,model_1,0.0304,-0.0116404295
11347,model_1,0.0448,0.04572621
11348,model_1,-0.001,-0.030021936
11349,model_1,0.2764,0.26153487
11350,model_1,0.2038,0.087315455
11351,model_1,0.3635,0.26564613
11352,model_1,0.1029,0.17971306
11353,model_1,-0.149,-0.15114903
11354,model_1,0.2571,0.30084184
11355,model_1,0.378,0.42388034
11356,model_1,-0.001,0.05363968
11357,model_1,0.3118,0.30860472
11358,model_1,-0.0163,0.02971597
11359,model_1,0.3748,0.42063197
11360,model_1,0.4103,0.41331664
11361,model_1,0.1265,0.13457045
11362,model_1,0.1366,0.05278276
11363,model_1,0.1944,0.19630891
11364,model_1,-0.0655,-0.088510394
11365,model_1,0.1574,0.28644204
11366,model_1,0.6748,0.6378805
11367,model_1,0.3382,0.31476018
11368,model_1,0.0865,0.068253756
11369,model_1,0.0168,0.17416725
11370,model_1,-0.0505,-0.033929378
11371,model_1,0.3118,0.40820438
11372,model_1,0.4521,0.49985722
11373,model_1,0.19,0.16486362
11374,model_1,0.2891,0.26790234
11375,model_1,0.6117,0.59395117
11376,model_1,0.8619,0.8984704
11377,model_1,-0.1676,-0.170865
11378,model_1,0.1286,0.0836343
11379,model_1,0.3544,0.36447984
11380,model_1,0.214,0.11917289
11381,model_1,0.1411,0.09997916
11382,model_1,0.0737,0.03955032
11383,model_1,0.241,0.19425666
11384,model_1,0.0041,0.054428294
11385,model_1,0.1638,0.18408743
11386,model_1,0.1557,0.1814883
11387,model_1,0.6845,0.7511973
11388,model_1,0.005,0.0058105886
11389,model_1,-0.1989,-0.18972188
11390,model_1,0.1107,0.12738499
11391,model_1,0.2336,0.15958485
11392,model_1,0.1182,0.14480859
11393,model_1,0.2438,0.24285352
11394,model_1,0.355,0.37643954
11395,model_1,0.2675,0.045869052
11396,model_1,0.6704,0.6675333
11397,model_1,0.8743,0.80345124
11398,model_1,-0.0202,0.065399155
11399,model_1,0.7464,0.7269473
11400,model_1,-0.0334,-0.040904164
11401,model_1,0.6194,0.66131365
11402,model_1,0.2175,0.17241183
11403,model_1,0.4729,0.45759076
11404,model_1,0.2485,0.24392766
11405,model_1,0.3097,0.30492154
11406,model_1,0.162,0.08204833
11407,model_1,0.1052,0.12345278
11408,model_1,0.206,0.18110801
11409,model_1,0.2191,0.28806108
11410,model_1,0.1877,0.14329626
11411,model_1,0.006,0.06702955
11412,model_1,0.4585,0.46555898
11413,model_1,-0.0777,-0.09657815
11414,model_1,0.1722,0.16034263
11415,model_1,0.1772,0.17055646
11416,model_1,0.022,0.087934434
11417,model_1,0.0057,0.044202983
11418,model_1,0.6311,0.59165484
11419,model_1,0.2829,0.21726738
11420,model_1,0.1227,0.1691522
11421,model_1,0.1707,0.1874227
11422,model_1,0.42,0.41721103
11423,model_1,0.0278,0.0119998455
11424,model_1,0.2645,0.26816893
11425,model_1,0.0886,0.01745437
11426,model_1,0.4786,0.56056774
11427,model_1,0.2481,0.23441389
11428,model_1,0.9944,1.0012313
11429,model_1,0.7653,0.8409548
11430,model_1,0.9508,0.9175361
11431,model_1,0.1723,0.13494417
11432,model_1,0.6396,0.67611027
11433,model_1,0.6683,0.6636386
11434,model_1,0.0043,0.014230013
11435,model_1,-0.0599,-0.031706184
11436,model_1,0.2165,0.25740504
11437,model_1,0.1348,0.13806938
11438,model_1,0.3933,0.3754341
11439,model_1,0.1752,0.17468572
11440,model_1,0.0134,0.029600278
11441,model_1,0.5965,0.5221113
11442,model_1,0.2806,0.20460507
11443,model_1,-0.2259,-0.18166226
11444,model_1,0.3369,0.28353587
11445,model_1,-0.1075,-0.120562136
11446,model_1,0.0716,0.14311789
11447,model_1,0.2196,0.242669
11448,model_1,0.5954,0.5522025
11449,model_1,0.4503,0.4462492
11450,model_1,0.4573,0.46428
11451,model_1,-0.114,-0.15596959
11452,model_1,0.4692,0.48955774
11453,model_1,0.4236,0.41211066
11454,model_1,0.1654,0.1909445
11455,model_1,0.5159,0.4940746
11456,model_1,-0.0773,-0.06521112
11457,model_1,0.2111,0.3502689
11458,model_1,0.2347,0.2650608
11459,model_1,0.399,0.42128316
11460,model_1,0.0505,0.09532189
11461,model_1,0.2536,0.28118613
11462,model_1,0.1721,0.18431644
11463,model_1,0.2293,0.10684869
11464,model_1,0.3645,0.38555723
11465,model_1,-0.2013,-0.15372887
11466,model_1,0.4368,0.41842866
11467,model_1,0.5238,0.54896957
11468,model_1,0.6141,0.62539995
11469,model_1,0.0623,0.07319972
11470,model_1,-0.0022,-0.055621624
11471,model_1,0.0771,0.06724504
11472,model_1,0.3603,0.32251605
11473,model_1,0.776,0.60565096
11474,model_1,0.2837,0.31277695
11475,model_1,0.162,0.14203873
11476,model_1,0.4903,0.48095676
11477,model_1,0.096,0.14169097
11478,model_1,-0.0188,-0.05956924
11479,model_1,0.0193,-0.006464213
11480,model_1,0.1454,0.1522915
11481,model_1,0.2203,0.2649899
11482,model_1,0.3782,0.33067933
11483,model_1,0.1081,0.12760907
11484,model_1,-0.0662,-0.037280858
11485,model_1,0.6191,0.631109
11486,model_1,-0.0491,-0.06456202
11487,model_1,0.1175,0.103325054
11488,model_1,0.4576,0.48819956
11489,model_1,0.2655,0.26142666
11490,model_1,0.271,0.23319206
11491,model_1,0.2974,0.2426256
11492,model_1,0.1548,0.15208817
11493,model_1,0.1891,0.21714449
11494,model_1,0.8132,0.8216958
11495,model_1,0.3302,0.34099
11496,model_1,-0.0447,0.0002015233
11497,model_1,0.1673,0.20398039
11498,model_1,0.2428,0.28918257
11499,model_1,0.0579,0.07339543
11500,model_1,0.6647,0.6440395
11501,model_1,0.051,0.049375996
11502,model_1,0.2837,0.29426286
11503,model_1,-0.0534,-0.030761242
11504,model_1,-0.2682,-0.1692881
11505,model_1,0.1501,0.123902604
11506,model_1,0.2098,0.18634115
11507,model_1,0.1311,0.1707906
11508,model_1,0.3802,0.35806572
11509,model_1,0.5262,0.5498575
11510,model_1,0.4179,0.4132591
11511,model_1,0.0619,0.16022661
11512,model_1,0.1194,0.13216066
11513,model_1,0.215,0.22182027
11514,model_1,0.0761,0.066620305
11515,model_1,0.0706,0.10061148
11516,model_1,0.0537,0.024027914
11517,model_1,0.1886,0.21234083
11518,model_1,0.5257,0.5850982
11519,model_1,0.6605,0.594681
11520,model_1,0.1618,0.037508458
11521,model_1,0.0333,0.018351257
11522,model_1,0.1143,0.07093239
11523,model_1,0.0272,0.0330002
11524,model_1,0.5085,0.43219036
11525,model_1,0.3091,0.2778917
11526,model_1,0.3816,0.30200684
11527,model_1,0.4603,0.5110426
11528,model_1,0.157,0.09186047
11529,model_1,0.527,0.5344801
11530,model_1,0.0384,-0.058760256
11531,model_1,0.7046,0.72660697
11532,model_1,-0.0417,-0.032268733
11533,model_1,0.2511,0.37296218
11534,model_1,0.3258,0.12839785
11535,model_1,0.2083,0.2797376
11536,model_1,0.2428,0.286493
11537,model_1,0.1319,0.16310367
11538,model_1,-0.0217,-0.062057376
11539,model_1,0.5947,0.52289057
11540,model_1,0.3167,0.30020323
11541,model_1,0.1356,0.12375334
11542,model_1,0.1559,0.16278917
11543,model_1,0.37,0.3745724
11544,model_1,0.2728,0.28928334
11545,model_1,0.0136,-0.037613004
11546,model_1,-0.0551,-0.022883236
11547,model_1,0.2897,0.25586447
11548,model_1,0.1699,0.3659386
11549,model_1,0.4788,0.39552364
11550,model_1,0.2873,0.33090198
11551,model_1,0.0919,0.086128026
11552,model_1,0.4234,0.32198635
11553,model_1,0.4921,0.5870962
11554,model_1,0.1038,0.07909885
11555,model_1,0.0676,0.09962031
11556,model_1,0.1953,0.19034794
11557,model_1,0.7143,0.68446517
11558,model_1,0.3217,0.32697535
11559,model_1,0.0417,0.06935969
11560,model_1,0.2364,0.26574874
11561,model_1,0.0036,0.027795985
11562,model_1,0.7117,0.6526587
11563,model_1,0.1059,0.08280167
11564,model_1,-0.0234,0.014691919
11565,model_1,0.3358,0.35612312
11566,model_1,0.2895,0.25507504
11567,model_1,0.4581,0.4132279
11568,model_1,0.065,0.07231289
11569,model_1,0.114,0.16365236
11570,model_1,0.048,0.05800475
11571,model_1,0.1708,0.10277578
11572,model_1,0.1106,0.17665038
11573,model_1,0.529,0.5227158
11574,model_1,0.0318,0.00840351
11575,model_1,0.3154,0.23249665
11576,model_1,0.1019,0.092711836
11577,model_1,0.1684,0.15521695
11578,model_1,0.3117,0.3085363
11579,model_1,0.2291,0.106208324
11580,model_1,0.6071,0.4876981
11581,model_1,0.1696,0.19628976
11582,model_1,0.2293,0.22518286
11583,model_1,0.1625,0.18195769
11584,model_1,0.4524,0.3945312
11585,model_1,0.1709,0.11995787
11586,model_1,-0.1447,-0.1530337
11587,model_1,0.1709,0.15144879
11588,model_1,0.113,0.09230982
11589,model_1,0.1158,0.09402214
11590,model_1,0.467,0.47876948
11591,model_1,0.2428,0.28735694
11592,model_1,0.7755,0.802053
11593,model_1,0.3484,0.35696518
11594,model_1,0.9593,1.0190516
11595,model_1,0.0991,0.108278036
11596,model_1,0.303,0.28675658
11597,model_1,0.4121,0.41754887
11598,model_1,0.0886,0.09622118
11599,model_1,0.2694,0.28173044
11600,model_1,0.125,0.055195898
11601,model_1,0.0156,0.027120024
11602,model_1,0.1642,0.4458232
11603,model_1,0.2791,0.30670267
11604,model_1,0.0876,0.17393151
11605,model_1,0.2815,0.262217
11606,model_1,0.0485,0.091234416
11607,model_1,0.3775,0.36756474
11608,model_1,0.1896,0.20207767
11609,model_1,-0.0798,-0.069075525
11610,model_1,0.9095,0.8897288
11611,model_1,0.0975,0.05718252
11612,model_1,0.1048,0.12460721
11613,model_1,0.1603,0.17714962
11614,model_1,0.1898,0.2490822
11615,model_1,0.3441,0.37527338
11616,model_1,0.1022,0.052307606
11617,model_1,0.6464,0.6497272
11618,model_1,0.3675,0.3320964
11619,model_1,0.1349,0.13516685
11620,model_1,0.216,0.17844641
11621,model_1,0.475,0.64631414
11622,model_1,0.3702,0.37730592
11623,model_1,0.3929,0.35530794
11624,model_1,0.0533,0.08399999
11625,model_1,0.5746,0.5788604
11626,model_1,0.17,0.15018228
11627,model_1,0.2161,0.25509635
11628,model_1,0.0725,0.06312896
11629,model_1,0.003,-0.013828278
11630,model_1,0.319,0.37850642
11631,model_1,0.1522,0.0015515983
11632,model_1,0.4052,0.49004066
11633,model_1,0.0293,0.029649645
11634,model_1,0.3751,0.26959568
11635,model_1,0.3787,0.24187393
11636,model_1,-0.1232,-0.0653497
11637,model_1,0.1062,0.12794074
11638,model_1,-0.0854,-0.06403956
11639,model_1,0.2235,0.18275389
11640,model_1,0.3085,0.32426465
11641,model_1,0.2658,0.1709218
11642,model_1,0.4202,0.479054
11643,model_1,0.2486,0.1824978
11644,model_1,-0.1036,0.12302116
11645,model_1,0.0603,0.045299634
11646,model_1,0.0417,0.057525218
11647,model_1,0.1595,0.1390547
11648,model_1,0.1782,0.24415705
11649,model_1,0.153,0.19883355
11650,model_1,0.149,0.117412046
11651,model_1,0.0873,0.12639126
11652,model_1,0.0858,0.07955858
11653,model_1,0.2409,0.23871012
11654,model_1,-0.0398,-0.027522355
11655,model_1,0.3925,0.31322637
11656,model_1,0.2143,0.21662293
11657,model_1,-0.1957,-0.14486858
11658,model_1,0.0472,-0.012456864
11659,model_1,0.6488,0.58694875
11660,model_1,0.0998,0.054967836
11661,model_1,0.2083,0.2802603
11662,model_1,0.6853,0.6937031
11663,model_1,0.4074,0.45611012
11664,model_1,0.4462,0.42648327
11665,model_1,0.0999,0.08277169
11666,model_1,0.2391,0.14373825
11667,model_1,0.2243,0.27389252
11668,model_1,0.3835,0.3579858
11669,model_1,0.1917,0.18036269
11670,model_1,0.4574,0.48938012
11671,model_1,0.8432,0.79616904
11672,model_1,0.4905,0.42668152
11673,model_1,0.0273,2.9802322e-06
11674,model_1,0.1601,0.19288254
11675,model_1,0.3144,0.29456124
11676,model_1,0.3617,0.23891313
11677,model_1,0.1558,0.14941965
11678,model_1,0.0412,0.039492443
11679,model_1,0.3156,0.24927245
11680,model_1,0.1165,0.10544872
11681,model_1,-0.1168,-0.050211906
11682,model_1,0.1257,0.1048052
11683,model_1,0.3255,0.18146607
11684,model_1,0.3503,0.29662526
11685,model_1,0.6876,0.70869666
11686,model_1,-0.0813,-0.06396124
11687,model_1,0.0711,0.0067367405
11688,model_1,0.7033,0.69976646
11689,model_1,0.0917,0.045731634
11690,model_1,0.8238,0.86239314
11691,model_1,0.3047,0.34983093
11692,model_1,0.1768,0.16840166
11693,model_1,0.3666,0.3583776
11694,model_1,0.3013,0.3136555
11695,model_1,0.1511,0.15968522
11696,model_1,-0.0287,0.055057228
11697,model_1,0.3471,0.41155234
11698,model_1,0.321,0.30831635
11699,model_1,0.0147,0.076824114
11700,model_1,0.4653,0.43491518
11701,model_1,0.1572,0.1518429
11702,model_1,0.0295,0.025942564
11703,model_1,-0.159,-0.081109494
11704,model_1,0.5776,0.5384753
11705,model_1,0.0433,0.018243194
11706,model_1,0.3461,0.40839377
11707,model_1,0.0217,0.018392205
11708,model_1,0.2392,0.22459868
11709,model_1,0.2279,0.2749729
11710,model_1,0.2365,0.45184582
11711,model_1,0.2869,0.33180225
11712,model_1,0.005,0.0382576
11713,model_1,0.2857,0.3187672
11714,model_1,0.4109,0.39859897
11715,model_1,0.0718,0.060248524
11716,model_1,-0.0082,0.04000655
11717,model_1,0.4885,0.48246506
11718,model_1,0.2314,0.21349114
11719,model_1,0.0997,0.031583488
11720,model_1,0.4104,0.40746528
11721,model_1,-0.0849,-0.061627716
11722,model_1,0.5418,0.5496317
11723,model_1,0.1985,0.088861525
11724,model_1,-0.023,-0.010436952
11725,model_1,0.2228,0.16791391
11726,model_1,0.4315,0.3956229
11727,model_1,0.3684,0.36322302
11728,model_1,-0.0106,0.2366849
11729,model_1,0.0958,0.049541995
11730,model_1,0.4557,0.5346265
11731,model_1,0.593,0.6338295
11732,model_1,0.251,0.27263674
11733,model_1,0.2243,0.22699438
11734,model_1,0.0353,0.002222389
11735,model_1,0.0268,-0.0113790035
11736,model_1,0.0337,0.10025561
11737,model_1,0.0592,0.022307366
11738,model_1,0.1011,0.055553705
11739,model_1,0.0995,0.0881183
11740,model_1,0.365,0.37528187
11741,model_1,0.1736,0.11284602
11742,model_1,0.0602,0.08450313
11743,model_1,0.0903,0.0013554245
11744,model_1,-0.0102,0.049902588
11745,model_1,0.3178,0.35126087
11746,model_1,0.512,0.48743945
11747,model_1,0.1552,0.24788791
11748,model_1,0.4109,0.44310465
11749,model_1,0.7805,0.8045502
11750,model_1,0.4164,0.38049978
11751,model_1,0.0548,0.024397999
11752,model_1,0.0408,0.11724153
11753,model_1,0.1394,0.13626522
11754,model_1,0.2527,0.22348614
11755,model_1,0.0668,0.12520951
11756,model_1,0.7044,0.6679728
11757,model_1,0.1543,0.036340445
11758,model_1,-0.046,-0.0626823
11759,model_1,0.0436,0.0031263381
11760,model_1,0.0826,-0.005951345
11761,model_1,0.1611,0.119300246
11762,model_1,0.0491,0.021868706
11763,model_1,0.0986,0.105432674
11764,model_1,0.1751,0.18678918
11765,model_1,-0.0325,-0.019727468
11766,model_1,0.312,0.25371352
11767,model_1,0.3171,0.24587916
11768,model_1,-1e-04,0.07197648
11769,model_1,0.3182,0.31057066
11770,model_1,0.7026,0.6920064
11771,model_1,0.0734,0.11645965
11772,model_1,0.9063,0.89933145
11773,model_1,-0.0336,-0.05646053
11774,model_1,0.5062,0.53994423
11775,model_1,0.3705,0.33982763
11776,model_1,0.3183,0.17062438
11777,model_1,0.1873,0.15548025
11778,model_1,0.3317,0.2771606
11779,model_1,0.0357,0.021346971
11780,model_1,-0.1047,-0.07679057
11781,model_1,0.1237,0.1826263
11782,model_1,1.0423,1.0218221
11783,model_1,0.9443,0.9740858
11784,model_1,0.7544,0.7156048
11785,model_1,0.5172,0.4965161
11786,model_1,0.1602,0.1468957
11787,model_1,0.116,0.089369684
11788,model_1,0.4788,0.34234762
11789,model_1,0.1521,0.16743562
11790,model_1,0.3555,0.38256776
11791,model_1,-0.1877,-0.1108585
11792,model_1,0.1146,0.15273772
11793,model_1,0.6791,0.64417154
11794,model_1,0.2011,0.24660727
11795,model_1,0.2658,0.36899477
11796,model_1,0.3303,0.3140191
11797,model_1,0.2502,0.19941165
11798,model_1,0.3003,0.2332018
11799,model_1,0.1146,0.07699269
11800,model_1,0.3595,0.35091493
11801,model_1,0.1464,0.28640747
11802,model_1,0.0922,0.17612968
11803,model_1,0.7619,0.80983067
11804,model_1,0.0861,0.10974695
11805,model_1,0.306,0.30790424
11806,model_1,0.062,-0.030260623
11807,model_1,0.183,0.079305366
11808,model_1,0.2923,0.1388892
11809,model_1,0.608,0.58444905
11810,model_1,0.2762,0.33179957
11811,model_1,0.5089,0.5862245
11812,model_1,0.2848,0.25822026
11813,model_1,0.4641,0.4084504
11814,model_1,0.0877,0.10415359
11815,model_1,0.233,0.2380972
11816,model_1,0.2356,0.32917774
11817,model_1,0.2723,0.25401607
11818,model_1,0.0371,0.11371282
11819,model_1,0.0948,0.055269927
11820,model_1,0.1558,0.08776344
11821,model_1,0.2235,0.0031217635
11822,model_1,0.0767,0.11043909
11823,model_1,0.1009,0.06313792
11824,model_1,0.0842,0.113943115
11825,model_1,0.2114,0.13147408
11826,model_1,0.4335,0.33397117
11827,model_1,0.3325,0.31814295
11828,model_1,0.9521,0.9125583
11829,model_1,0.0018,0.011426002
11830,model_1,0.1956,0.13873209
11831,model_1,0.1691,0.16291568
11832,model_1,-0.0383,0.012611985
11833,model_1,0.037,0.01419948
11834,model_1,0.2242,0.18355116
11835,model_1,0.1952,0.16803543
11836,model_1,0.465,0.3424508
11837,model_1,0.7616,0.756832
11838,model_1,0.534,0.51383984
11839,model_1,0.2078,0.18582833
11840,model_1,0.0984,0.1217299
11841,model_1,0.5467,0.11337033
11842,model_1,0.7601,0.76302195
11843,model_1,0.2498,0.34072214
11844,model_1,0.1477,0.19745988
11845,model_1,0.0578,0.052297533
11846,model_1,0.1773,0.15075679
11847,model_1,0.1059,0.09927124
11848,model_1,0.9553,0.94485664
11849,model_1,0.2169,0.19671501
11850,model_1,0.4745,0.52570647
11851,model_1,-0.0708,-0.061282337
11852,model_1,0.2137,0.20784925
11853,model_1,-0.0833,-0.022489905
11854,model_1,0.2997,0.3156843
11855,model_1,0.1491,0.23322596
11856,model_1,0.507,0.50812364
11857,model_1,0.0628,0.08451837
11858,model_1,-0.2071,-0.16451865
11859,model_1,0.0451,0.03016594
11860,model_1,0.295,0.2642872
11861,model_1,-0.0022,-0.028434902
11862,model_1,0.0125,0.011259973
11863,model_1,0.2333,0.29005954
11864,model_1,0.0809,0.21024752
11865,model_1,0.2365,0.17820048
11866,model_1,0.108,0.11305429
11867,model_1,0.3838,0.42203152
11868,model_1,0.4012,0.37751272
11869,model_1,0.5127,0.51885104
11870,model_1,0.127,0.15498877
11871,model_1,0.0713,0.11100088
11872,model_1,-0.0928,-0.03859663
11873,model_1,0.1757,0.08648187
11874,model_1,0.1351,0.16111015
11875,model_1,0.9771,0.57528865
11876,model_1,0.1313,0.09227379
11877,model_1,0.2147,0.20725983
11878,model_1,0.2093,0.18525603
11879,model_1,0.4627,0.508186
11880,model_1,-0.1959,-0.19289935
11881,model_1,-0.1146,-0.103820056
11882,model_1,0.5569,0.61615086
11883,model_1,0.7598,0.7485499
11884,model_1,0.137,0.20496872
11885,model_1,0.1325,0.1256459
11886,model_1,0.1731,0.13124016
11887,model_1,-0.1352,-0.10837829
11888,model_1,0.3547,0.34768835
11889,model_1,0.727,0.7020437
11890,model_1,0.3951,0.43288553
11891,model_1,0.3512,0.3329019
11892,model_1,0.5255,0.51562726
11893,model_1,0.2186,0.14311728
11894,model_1,0.3345,0.34033757
11895,model_1,-0.0339,-0.01637739
11896,model_1,0.1597,0.12211224
11897,model_1,0.2647,0.2885546
11898,model_1,0.2557,0.1830171
11899,model_1,0.0686,0.06501773
11900,model_1,0.1508,0.043002665
11901,model_1,0.1913,0.22420661
11902,model_1,0.3069,0.26804066
11903,model_1,0.0586,0.03411983
11904,model_1,0.0413,0.025153011
11905,model_1,0.7071,0.77052057
11906,model_1,0.6158,0.59046274
11907,model_1,0.0511,0.07912579
11908,model_1,0.153,0.05755189
11909,model_1,0.3946,0.28137463
11910,model_1,0.1342,0.14504303
11911,model_1,0.3712,0.41693372
11912,model_1,0.1076,0.028367981
11913,model_1,0.3683,0.2593568
11914,model_1,0.3326,0.31023157
11915,model_1,0.2097,0.25479737
11916,model_1,0.3543,0.3670409
11917,model_1,-0.0182,-0.0213359
11918,model_1,0.314,0.2823187
11919,model_1,0.26,0.087299615
11920,model_1,0.0417,0.040927663
11921,model_1,0.9621,0.9701
11922,model_1,0.1104,0.08418375
11923,model_1,0.0868,0.059736013
11924,model_1,0.2733,0.29532096
11925,model_1,0.1143,0.11569208
11926,model_1,0.2761,0.30379468
11927,model_1,-0.0071,0.026915342
11928,model_1,-0.0521,0.015539199
11929,model_1,0.0374,0.044831663
11930,model_1,0.0691,0.053767323
11931,model_1,0.3538,0.3520741
11932,model_1,0.0748,0.07955882
11933,model_1,0.3632,0.35267434
11934,model_1,0.4813,0.48695037
11935,model_1,0.03,-0.027745783
11936,model_1,0.343,0.3450389
11937,model_1,0.0804,0.1414609
11938,model_1,0.5401,0.4913102
11939,model_1,0.0466,0.09782559
11940,model_1,-0.1724,-0.12809485
11941,model_1,0.5453,0.48192242
11942,model_1,0.8049,0.78868586
11943,model_1,0.0429,0.059044927
11944,model_1,0.2047,0.08833507
11945,model_1,0.0531,0.03439401
11946,model_1,0.1167,0.10554835
11947,model_1,0.3222,0.24746555
11948,model_1,0.8294,0.7776374
11949,model_1,0.3726,0.42076582
11950,model_1,0.077,0.044419214
11951,model_1,0.0653,-0.031304
11952,model_1,0.3871,0.45318103
11953,model_1,0.3854,0.4130614
11954,model_1,0.3677,0.39707032
11955,model_1,0.1539,0.14625674
11956,model_1,0.0157,0.03162311
11957,model_1,0.0494,-0.020925552
11958,model_1,0.3474,0.38852745
11959,model_1,-0.0826,-0.035131216
11960,model_1,0.3704,0.29921845
11961,model_1,0.2125,0.2088889
11962,model_1,0.0805,0.05266881
11963,model_1,0.2033,0.46143737
11964,model_1,0.0865,0.08063191
11965,model_1,0.0505,0.049274296
11966,model_1,0.0158,0.038044125
11967,model_1,0.2868,0.33543706
11968,model_1,0.5765,0.5938307
11969,model_1,0.4482,0.42371807
11970,model_1,0.1104,0.10773507
11971,model_1,0.0525,0.008877978
11972,model_1,0.257,0.19383156
11973,model_1,-0.0257,0.03857453
11974,model_1,0.4437,0.46005684
11975,model_1,0.0862,0.21183212
11976,model_1,-0.0631,-0.020685226
11977,model_1,0.1411,0.1905572
11978,model_1,0.2443,0.2833748
11979,model_1,0.1559,0.062335953
11980,model_1,0.0694,0.17055205
11981,model_1,0.1802,0.077087164
11982,model_1,0.1957,0.113252714
11983,model_1,0.6495,0.58083147
11984,model_1,0.0289,0.05305335
11985,model_1,-0.0381,-0.05327499
11986,model_1,0.7517,0.6645265
11987,model_1,0.1402,0.10687487
11988,model_1,0.1915,0.20102197
11989,model_1,0.1314,0.13131517
11990,model_1,0.6158,0.54797477
11991,model_1,0.1766,0.16163354
11992,model_1,0.3239,0.25232565
11993,model_1,0.4011,0.4281583
11994,model_1,0.3023,0.3652803
11995,model_1,0.0257,0.052829847
11996,model_1,0.1641,0.11504067
11997,model_1,0.1688,0.13792415
11998,model_1,0.1972,0.19201803
11999,model_1,0.3209,0.23199995
12000,model_1,0.0824,0.05858323
12001,model_1,-0.2574,-0.23459986
12002,model_1,0.2357,0.37917626
12003,model_1,-0.0537,-0.03659585
12004,model_1,0.1384,0.1352751
12005,model_1,0.2704,0.18757267
12006,model_1,0.0492,0.061973006
12007,model_1,0.4292,0.41744208
12008,model_1,0.0561,0.020145625
12009,model_1,0.422,0.4410693
12010,model_1,0.1621,0.041062266
12011,model_1,0.4694,0.42456514
12012,model_1,0.6701,0.73134923
12013,model_1,0.2897,0.20552254
12014,model_1,0.0851,0.11852606
12015,model_1,0.444,0.5345088
12016,model_1,0.1751,0.30375507
12017,model_1,0.2739,0.20857282
12018,model_1,0.2062,0.16102932
12019,model_1,0.3186,0.33402652
12020,model_1,0.4658,0.480519
12021,model_1,0.1108,0.17672107
12022,model_1,0.3058,0.40832382
12023,model_1,0.0073,-0.014982462
12024,model_1,0.1669,0.021023765
12025,model_1,0.1436,0.15002918
12026,model_1,0.1688,0.1558325
12027,model_1,0.5488,0.48542157
12028,model_1,0.1483,0.33518356
12029,model_1,0.1801,0.13457951
12030,model_1,0.2856,0.19634947
12031,model_1,0.1723,0.06655359
12032,model_1,-0.003,0.003340274
12033,model_1,0.0877,0.059711814
12034,model_1,0.5325,0.5516441
12035,model_1,0.4467,0.516036
12036,model_1,0.2161,0.30022958
12037,model_1,0.0731,0.04128523
12038,model_1,0.324,0.333592
12039,model_1,0.5059,0.5211109
12040,model_1,0.3098,0.30694616
12041,model_1,0.6702,0.618147
12042,model_1,0.4454,0.34155512
12043,model_1,0.482,0.4610364
12044,model_1,0.1827,0.14581765
12045,model_1,0.2382,0.26206768
12046,model_1,0.062,0.08117941
12047,model_1,0.0764,0.20211089
12048,model_1,0.9909,0.94117266
12049,model_1,0.0017,-0.022308975
12050,model_1,0.0725,0.13221411
12051,model_1,0.6986,0.6724042
12052,model_1,0.1026,0.09547004
12053,model_1,0.2602,0.38453764
12054,model_1,0.1597,0.1277466
12055,model_1,0.0999,0.08084524
12056,model_1,0.105,0.015234098
12057,model_1,0.1339,0.2887382
12058,model_1,0.7248,0.7050246
12059,model_1,0.3623,0.29023996
12060,model_1,-0.0926,-0.017370343
12061,model_1,0.5097,0.44403934
12062,model_1,0.6611,0.72069716
12063,model_1,0.1565,0.091417775
12064,model_1,0.2494,0.27069893
12065,model_1,0.4328,0.19473654
12066,model_1,0.0906,0.123691045
12067,model_1,0.2333,0.25654465
12068,model_1,0.4523,0.4333894
12069,model_1,0.4513,0.4710366
12070,model_1,-0.0806,0.006562948
12071,model_1,0.2082,0.2923613
12072,model_1,0.0444,0.020510614
12073,model_1,0.0515,0.106512755
12074,model_1,0.1515,0.12648702
12075,model_1,0.1362,0.17065789
12076,model_1,0.2108,0.27763543
12077,model_1,0.5363,0.4970529
12078,model_1,-0.0176,-0.040752053
12079,model_1,-0.0186,-0.044333935
12080,model_1,0.232,0.22119065
12081,model_1,0.1942,0.14855418
12082,model_1,-0.0013,-0.0146381855
12083,model_1,0.7549,0.81728685
12084,model_1,0.3891,0.38331455
12085,model_1,-0.041,-0.11101699
12086,model_1,0.3095,0.35512587
12087,model_1,0.1665,0.19657189
12088,model_1,0.5498,0.49998745
12089,model_1,0.0528,0.047708005
12090,model_1,0.1209,0.14837563
12091,model_1,0.9988,1.0216057
12092,model_1,0.3377,0.30346382
12093,model_1,0.1862,0.17212912
12094,model_1,0.0614,0.054480597
12095,model_1,0.3948,0.45618033
12096,model_1,0.6397,0.6150261
12097,model_1,0.321,0.4633713
12098,model_1,0.6869,0.6818022
12099,model_1,0.4119,0.41280505
12100,model_1,0.4386,0.44154927
12101,model_1,-0.0079,0.04503201
12102,model_1,0.0023,0.03692025
12103,model_1,0.1769,0.21715511
12104,model_1,0.356,0.5264882
12105,model_1,0.4449,0.30298573
12106,model_1,0.1678,0.12186947
12107,model_1,0.1169,0.12132987
12108,model_1,0.4938,0.59511024
12109,model_1,0.6969,0.725047
12110,model_1,0.1261,0.10405865
12111,model_1,0.4533,0.4238305
12112,model_1,0.0178,-0.03393978
12113,model_1,0.5146,0.46824396
12114,model_1,0.2465,0.21989864
12115,model_1,0.2617,0.22447355
12116,model_1,0.1071,0.12547837
12117,model_1,0.0194,-0.08054912
12118,model_1,-0.0767,-0.05649686
12119,model_1,0.3278,0.32530993
12120,model_1,0.3123,0.29737288
12121,model_1,0.245,0.32289702
12122,model_1,0.0665,0.05875352
12123,model_1,-0.0257,0.0040386617
12124,model_1,0.0631,0.06887153
12125,model_1,0.3602,0.37672973
12126,model_1,0.0649,0.017263502
12127,model_1,0.3413,0.2685355
12128,model_1,0.2721,0.2982635
12129,model_1,0.1052,0.13367088
12130,model_1,0.1647,0.16672626
12131,model_1,0.0129,0.026854321
12132,model_1,0.0821,0.12700963
12133,model_1,0.9447,0.98768413
12134,model_1,0.3237,0.3493297
12135,model_1,0.2409,0.26148403
12136,model_1,-0.0645,-0.09018266
12137,model_1,0.1196,0.07286288
12138,model_1,-0.0008,-0.018424034
12139,model_1,0.1626,0.20939824
12140,model_1,0.2777,0.07332192
12141,model_1,0.1176,0.12000212
12142,model_1,0.0325,-0.01579988
12143,model_1,0.1183,0.03216344
12144,model_1,0.0764,-0.008267701
12145,model_1,0.0641,0.043073267
12146,model_1,0.0812,0.07657875
12147,model_1,0.1039,-0.004891321
12148,model_1,0.2007,0.069946945
12149,model_1,0.5081,0.6927954
12150,model_1,0.642,0.581815
12151,model_1,0.0237,0.08120181
12152,model_1,0.0803,0.03968957
12153,model_1,0.2485,0.2678166
12154,model_1,0.0893,0.07695484
12155,model_1,0.0782,-0.018951565
12156,model_1,0.3216,0.20555007
12157,model_1,0.2341,0.12333412
12158,model_1,0.0152,0.03329134
12159,model_1,0.3037,0.34081215
12160,model_1,-0.0442,-0.08484441
12161,model_1,0.3209,0.31384137
12162,model_1,0.128,0.122193955
12163,model_1,0.1038,0.10712175
12164,model_1,0.1089,0.1156443
12165,model_1,0.1399,0.09925717
12166,model_1,0.6823,0.6564642
12167,model_1,0.7385,0.74456775
12168,model_1,0.3429,0.31973445
12169,model_1,0.2529,0.23724592
12170,model_1,0.3689,0.35773975
12171,model_1,0.5257,0.39373857
12172,model_1,0.0012,-0.05437675
12173,model_1,0.8678,0.85969883
12174,model_1,0.1774,0.22308594
12175,model_1,0.2203,0.24057606
12176,model_1,-0.0972,-0.14407882
12177,model_1,0.3152,0.3861299
12178,model_1,0.1818,0.10591692
12179,model_1,0.5364,0.50088453
12180,model_1,0.7901,0.84216523
12181,model_1,0.0785,0.0808689
12182,model_1,0.1997,0.22339103
12183,model_1,0.2815,0.30774033
12184,model_1,0.2452,0.10869257
12185,model_1,0.1275,0.12592328
12186,model_1,0.3963,0.32070708
12187,model_1,0.089,0.10817081
12188,model_1,0.0624,0.2916525
12189,model_1,0.0776,0.03261572
12190,model_1,0.3946,0.47241795
12191,model_1,0.403,0.44771942
12192,model_1,0.0627,0.053322703
12193,model_1,-0.0737,-0.032065928
12194,model_1,0.8804,0.9072689
12195,model_1,0.298,0.30290604
12196,model_1,-0.0083,0.019364595
12197,model_1,0.1106,0.10876042
12198,model_1,0.4197,0.44184393
12199,model_1,-0.021,-0.016697288
12200,model_1,0.191,0.16577174
12201,model_1,-0.0004,0.11147666
12202,model_1,0.1601,0.15629166
12203,model_1,0.0154,0.057238176
12204,model_1,0.0235,0.0019236505
12205,model_1,0.7121,0.7491131
12206,model_1,0.6052,0.55979156
12207,model_1,0.3601,0.35780913
12208,model_1,0.3501,0.4192587
12209,model_1,0.4112,0.39330655
12210,model_1,0.1825,0.21228723
12211,model_1,0.4484,0.26851282
12212,model_1,0.234,0.25082707
12213,model_1,0.2976,0.4019567
12214,model_1,0.2147,0.19958824
12215,model_1,0.439,0.43662745
12216,model_1,0.1585,0.16104226
12217,model_1,0.2821,0.35698038
12218,model_1,0.1454,0.1431356
12219,model_1,0.4025,0.35981828
12220,model_1,0.3501,0.28422374
12221,model_1,-0.0383,0.116939954
12222,model_1,0.1922,0.20918974
12223,model_1,0.2171,0.14367032
12224,model_1,0.5988,0.6140915
12225,model_1,0.0137,0.08287254
12226,model_1,0.4819,0.49289095
12227,model_1,0.0926,0.04635577
12228,model_1,0.1254,0.105372205
12229,model_1,0.8625,0.84729433
12230,model_1,0.1567,0.20926525
12231,model_1,0.6133,0.6353172
12232,model_1,0.0246,0.0064721107
12233,model_1,0.1009,0.10489327
12234,model_1,0.4123,0.4201752
12235,model_1,0.3014,0.32550284
12236,model_1,0.3082,0.29481646
12237,model_1,0.8376,0.836645
12238,model_1,0.1774,0.21602052
12239,model_1,0.6211,0.5468429
12240,model_1,0.2409,0.25023115
12241,model_1,-0.0716,-0.0716826
12242,model_1,-0.0724,0.124694765
12243,model_1,0.3842,0.36019814
12244,model_1,0.3266,0.24997276
12245,model_1,0.0744,0.091220364
12246,model_1,0.6124,0.5653322
12247,model_1,0.1175,0.08282271
12248,model_1,0.1588,0.29417297
12249,model_1,-0.1069,-0.0042450875
12250,model_1,0.0678,0.06265846
12251,model_1,-0.0896,-0.058113754
12252,model_1,0.7713,0.7773196
12253,model_1,0.0351,0.0412966
12254,model_1,0.1707,0.13787118
12255,model_1,0.2714,0.30394608
12256,model_1,0.0278,0.044318795
12257,model_1,0.0846,0.11087188
12258,model_1,-0.0503,-0.05918601
12259,model_1,-0.0389,-0.0488652
12260,model_1,-0.0311,-0.10099432
12261,model_1,0.6206,0.5371182
12262,model_1,0.2605,0.23369022
12263,model_1,0.3653,0.32974625
12264,model_1,0.2205,0.22658785
12265,model_1,-0.0438,-0.0385983
12266,model_1,0.4235,0.4309875
12267,model_1,0.121,0.08129212
12268,model_1,0.3362,0.18910146
12269,model_1,-0.1321,-0.07860309
12270,model_1,0.0314,0.029815331
12271,model_1,0.1679,0.07302934
12272,model_1,0.3675,0.32350224
12273,model_1,0.2304,0.23294134
12274,model_1,0.167,0.14917314
12275,model_1,0.1969,0.19432732
12276,model_1,0.023,0.044250205
12277,model_1,0.2442,0.15892991
12278,model_1,0.2335,0.20122917
12279,model_1,0.0371,0.033804834
12280,model_1,0.4213,0.22017121
12281,model_1,0.5258,0.44235718
12282,model_1,-0.2644,-0.17626405
12283,model_1,0.0224,0.018054157
12284,model_1,0.0563,0.013434231
12285,model_1,0.2866,0.26838988
12286,model_1,0.0647,0.047966868
12287,model_1,0.1334,0.095620066
12288,model_1,0.0877,0.1105919
12289,model_1,0.2819,0.27195638
12290,model_1,0.2393,0.28177443
12291,model_1,0.0375,0.06504598
12292,model_1,0.1944,0.29833183
12293,model_1,0.5885,0.58139664
12294,model_1,-0.0723,-0.078318894
12295,model_1,0.6856,0.6395234
12296,model_1,0.3233,0.31115437
12297,model_1,0.0515,0.082918376
12298,model_1,0.183,0.19262666
12299,model_1,0.9575,0.9206027
12300,model_1,-0.0373,-0.05112821
12301,model_1,0.0326,0.03541544
12302,model_1,0.1989,0.13358113
12303,model_1,0.7656,0.7555959
12304,model_1,0.102,0.16367392
12305,model_1,-0.2391,0.25634646
12306,model_1,0.3455,0.3170551
12307,model_1,0.2932,0.18749967
12308,model_1,0.451,0.46466655
12309,model_1,0.8838,0.8747774
12310,model_1,0.2518,0.18051966
12311,model_1,0.0905,0.0905157
12312,model_1,0.2021,0.11943053
12313,model_1,0.2407,0.20245698
12314,model_1,0.2092,0.22247222
12315,model_1,0.7049,0.74334216
12316,model_1,0.0254,0.034621924
12317,model_1,0.1278,0.12349148
12318,model_1,0.3201,0.288256
12319,model_1,0.0056,0.11075355
12320,model_1,0.2916,0.27683982
12321,model_1,0.3702,0.33514556
12322,model_1,0.1984,0.098168895
12323,model_1,0.1083,0.16272117
12324,model_1,0.003,0.026636302
12325,model_1,0.2616,0.27242333
12326,model_1,0.2619,0.26432854
12327,model_1,0.5927,0.5619314
12328,model_1,0.2018,0.24342033
12329,model_1,0.221,0.22144446
12330,model_1,0.0315,-0.0042868555
12331,model_1,-0.0022,-0.021737218
12332,model_1,0.4317,0.38597256
12333,model_1,0.5453,0.4467777
12334,model_1,0.4226,0.43881541
12335,model_1,0.1121,0.079868555
12336,model_1,0.2813,0.31920886
12337,model_1,0.3219,-0.0057996362
12338,model_1,1.0694,1.0243593
12339,model_1,0.1168,0.03582427
12340,model_1,0.0884,0.009193301
12341,model_1,0.3383,0.30356818
12342,model_1,0.1106,0.15181752
12343,model_1,0.0705,0.037799627
12344,model_1,0.132,0.039194867
12345,model_1,0.362,0.30347943
12346,model_1,0.0863,0.23143083
12347,model_1,0.0917,0.060014546
12348,model_1,0.4727,0.51624614
12349,model_1,0.1261,0.1082734
12350,model_1,-0.1833,-0.13325188
12351,model_1,0.3651,0.3616186
12352,model_1,0.0955,0.003115803
12353,model_1,0.1457,0.06483582
12354,model_1,-0.0158,-0.007639289
12355,model_1,-0.0288,0.030509949
12356,model_1,0.4866,0.45441154
12357,model_1,0.2488,0.28265148
12358,model_1,0.2733,0.27868968
12359,model_1,0.0703,0.06671378
12360,model_1,0.6585,0.65670127
12361,model_1,0.3023,0.2501759
12362,model_1,0.1064,0.14024794
12363,model_1,0.1608,0.20973712
12364,model_1,0.2236,0.20944633
12365,model_1,0.1278,0.08133422
12366,model_1,0.5283,0.42918658
12367,model_1,-0.0622,-0.11865738
12368,model_1,0.3666,0.35434067
12369,model_1,0.4571,0.2097234
12370,model_1,0.1839,0.23901099
12371,model_1,0.1012,0.091854095
12372,model_1,0.1767,0.17623521
12373,model_1,0.129,0.14670101
12374,model_1,1.0084,1.0681226
12375,model_1,0.1126,0.199783
12376,model_1,0.2273,0.13916706
12377,model_1,0.1495,0.18032125
12378,model_1,0.4172,0.4137003
12379,model_1,0.0618,0.031401634
12380,model_1,0.2271,0.19056386
12381,model_1,0.3056,0.3537249
12382,model_1,0.0586,0.1421005
12383,model_1,0.2231,0.1857654
12384,model_1,0.0123,0.079685986
12385,model_1,0.1047,0.13359626
12386,model_1,0.0093,-0.021764755
12387,model_1,0.028,-0.020550251
12388,model_1,0.0982,0.13964514
12389,model_1,0.3204,0.323788
12390,model_1,0.3326,0.28625467
12391,model_1,0.0743,0.08441505
12392,model_1,0.1978,0.23392883
12393,model_1,0.1617,0.16311826
12394,model_1,0.2357,0.07860991
12395,model_1,0.2791,0.2503584
12396,model_1,0.437,0.45346668
12397,model_1,0.0417,0.027992576
12398,model_1,0.1199,0.14479284
12399,model_1,0.2938,0.29822624
12400,model_1,0.0197,0.113259315
12401,model_1,0.3909,0.296576
12402,model_1,0.0758,0.13097489
12403,model_1,0.302,0.3581192
12404,model_1,0.5343,0.58266044
12405,model_1,0.5045,0.49013793
12406,model_1,0.0099,0.073237255
12407,model_1,0.2024,0.10940775
12408,model_1,-0.0409,0.012164891
12409,model_1,0.0624,0.17658201
12410,model_1,0.1756,0.107257515
12411,model_1,0.5883,0.6306994
12412,model_1,0.1992,0.2070936
12413,model_1,-0.0463,-0.06166458
12414,model_1,0.3596,0.3846972
12415,model_1,-0.1507,-0.09473622
12416,model_1,0.2598,0.22330414
12417,model_1,0.6846,0.632657
12418,model_1,-0.0717,-0.090524316
12419,model_1,0.0229,-0.08569759
12420,model_1,-0.059,-0.03611082
12421,model_1,0.0616,0.06259401
12422,model_1,0.5577,0.5515319
12423,model_1,-0.2074,-0.17417848
12424,model_1,0.9935,0.9722818
12425,model_1,0.042,0.03150037
12426,model_1,0.3986,0.343601
12427,model_1,0.0273,-0.013077021
12428,model_1,0.7775,0.679369
12429,model_1,0.1545,0.06791963
12430,model_1,0.461,0.4899122
12431,model_1,0.3274,0.24798295
12432,model_1,0.16,0.14180589
12433,model_1,0.3145,0.042133763
12434,model_1,0.4777,0.37967098
12435,model_1,0.4208,0.42147344
12436,model_1,0.0288,0.0186598
12437,model_1,0.0535,0.09799904
12438,model_1,0.2877,0.24698173
12439,model_1,0.2275,0.23179571
12440,model_1,-0.191,-0.058918685
12441,model_1,0.4734,0.414849
12442,model_1,0.1687,0.24598663
12443,model_1,0.6685,0.6283318
12444,model_1,0.0595,0.059069157
12445,model_1,0.1041,0.11983298
12446,model_1,0.2558,0.21617408
12447,model_1,0.2774,0.31948277
12448,model_1,0.1777,0.12822472
12449,model_1,0.1203,0.09720802
12450,model_1,0.2357,0.3116833
12451,model_1,0.0812,0.04586166
12452,model_1,0.0905,0.12844943
12453,model_1,-0.0528,-0.023071826
12454,model_1,-0.0019,0.032181516
12455,model_1,-0.0341,0.028207198
12456,model_1,0.0679,0.004354775
12457,model_1,0.2223,0.14149112
12458,model_1,0.231,0.16183126
12459,model_1,0.0884,0.093137726
12460,model_1,0.3931,0.4018952
12461,model_1,0.1375,0.11223701
12462,model_1,-0.0795,-0.051039726
12463,model_1,0.7355,0.74346733
12464,model_1,0.3339,0.31265676
12465,model_1,-0.2144,-0.20869279
12466,model_1,0.118,0.12328059
12467,model_1,0.0296,0.06428403
12468,model_1,0.6286,0.592091
12469,model_1,0.4091,0.35993862
12470,model_1,0.131,0.065866515
12471,model_1,-0.115,-0.096390545
12472,model_1,0.1049,0.1494247
12473,model_1,0.1711,0.09677571
12474,model_1,0.1577,0.17415845
12475,model_1,0.2978,0.27362278
12476,model_1,0.0488,0.33562958
12477,model_1,0.2989,0.3185848
12478,model_1,0.215,0.1717622
12479,model_1,0.128,0.13666923
12480,model_1,0.0637,0.065874845
12481,model_1,0.1858,0.24012563
12482,model_1,0.0393,0.06705508
12483,model_1,0.434,0.4546625
12484,model_1,0.3888,0.37622905
12485,model_1,0.0395,0.051708072
12486,model_1,0.1581,0.07390377
12487,model_1,-0.03,-0.07435423
12488,model_1,0.0291,0.021930546
12489,model_1,0.1399,0.10051224
12490,model_1,0.0173,-0.005042866
12491,model_1,0.1282,0.11503169
12492,model_1,0.2572,0.26072145
12493,model_1,0.435,0.37868282
12494,model_1,0.2802,0.23935777
12495,model_1,0.2689,0.33336347
12496,model_1,0.0468,0.06313762
12497,model_1,0.1025,0.15859953
12498,model_1,-0.05,-0.12753966
12499,model_1,-0.1592,-0.13168871
12500,model_1,0.1687,0.18498684
12501,model_1,0.4928,0.510109
12502,model_1,-0.0636,-0.13540024
12503,model_1,0.1068,0.17382963
12504,model_1,0.0931,0.04527989
12505,model_1,0.3282,0.36471048
12506,model_1,0.1573,0.06744121
12507,model_1,0.1287,0.10318744
12508,model_1,0.4604,0.51160157
12509,model_1,0.1201,0.0904271
12510,model_1,0.3361,0.3906229
12511,model_1,0.0621,0.09619531
12512,model_1,-0.1847,-0.18600577
12513,model_1,0.0485,0.04307042
12514,model_1,0.4567,0.42285925
12515,model_1,-0.1292,-0.073794484
12516,model_1,0.7675,0.7808314
12517,model_1,0.3149,0.25954193
12518,model_1,-0.083,-0.08490524
12519,model_1,0.2395,0.23976141
12520,model_1,0.2051,0.1327895
12521,model_1,0.1324,0.061817676
12522,model_1,0.3537,0.38205716
12523,model_1,0.0982,0.06579822
12524,model_1,0.1095,0.13571046
12525,model_1,-0.2217,0.25002134
12526,model_1,0.1526,0.14102183
12527,model_1,0.232,0.28284138
12528,model_1,-0.0158,-0.0972985
12529,model_1,0.0166,0.013918728
12530,model_1,0.1155,0.0660585
12531,model_1,0.2733,0.4014612
12532,model_1,0.13,0.16156016
12533,model_1,0.3311,0.31615853
12534,model_1,0.1182,0.13647553
12535,model_1,0.3592,0.19127704
12536,model_1,0.3111,0.23532303
12537,model_1,0.0415,0.058086812
12538,model_1,0.1187,0.07501565
12539,model_1,0.7772,0.67464674
12540,model_1,0.2588,0.32881337
12541,model_1,0.735,0.78917855
12542,model_1,0.041,-0.015965939
12543,model_1,0.2724,0.17848895
12544,model_1,0.2566,0.20762679
12545,model_1,-0.1324,-0.120770216
12546,model_1,0.3071,0.35179013
12547,model_1,0.5916,0.6064141
12548,model_1,0.0077,-0.0784539
12549,model_1,0.5662,0.5891954
12550,model_1,0.2165,0.29498
12551,model_1,0.5293,0.5643523
12552,model_1,0.1005,0.10695781
12553,model_1,0.8876,0.90139294
12554,model_1,0.173,0.09142351
12555,model_1,0.0714,0.065832466
12556,model_1,0.0339,0.021454126
12557,model_1,0.1482,0.091876686
12558,model_1,0.3772,0.43213063
12559,model_1,0.034,0.009921178
12560,model_1,0.567,0.5516454
12561,model_1,0.0107,-0.0054427683
12562,model_1,0.3303,0.3303051
12563,model_1,0.0591,0.07976495
12564,model_1,0.6132,0.24409993
12565,model_1,-0.0429,-0.06904623
12566,model_1,0.2831,0.29368505
12567,model_1,-0.2733,-0.1932627
12568,model_1,0.226,0.23715249
12569,model_1,0.8807,0.89827424
12570,model_1,0.241,0.42341143
12571,model_1,0.0381,0.054910928
12572,model_1,-0.0338,-0.09081024
12573,model_1,0.4345,0.44670802
12574,model_1,0.0364,0.11396617
12575,model_1,0.4064,0.37009043
12576,model_1,0.412,0.33593088
12577,model_1,0.2817,0.30037358
12578,model_1,0.1879,0.09827961
12579,model_1,-0.0113,-0.0033771098
12580,model_1,-0.0236,0.009458452
12581,model_1,0.3069,0.22770725
12582,model_1,-0.0439,-0.014936566
12583,model_1,0.2801,0.2760108
12584,model_1,0.2033,0.16968492
12585,model_1,0.3744,0.23152399
12586,model_1,0.1066,0.2106069
12587,model_1,0.0532,0.08618602
12588,model_1,0.1265,0.11421314
12589,model_1,0.086,0.14614649
12590,model_1,0.1606,0.18044394
12591,model_1,0.1982,0.2514085
12592,model_1,0.1505,0.16090961
12593,model_1,0.1731,0.24420144
12594,model_1,-0.0235,0.02998273
12595,model_1,-0.052,-0.10311839
12596,model_1,0.147,0.14343186
12597,model_1,0.0409,-0.036882997
12598,model_1,0.1544,0.1337825
12599,model_1,0.0369,0.049845427
12600,model_1,-0.0288,0.013767451
12601,model_1,0.1176,0.099274844
12602,model_1,0.3555,0.4145966
12603,model_1,0.0783,0.18041775
12604,model_1,0.3068,0.27736142
12605,model_1,0.0297,-0.042486608
12606,model_1,0.0715,0.04330094
12607,model_1,0.349,0.31469855
12608,model_1,-0.0808,-0.07424244
12609,model_1,0.1447,0.011260539
12610,model_1,0.1368,0.12754369
12611,model_1,0.3513,0.28503862
12612,model_1,0.2381,0.27156925
12613,model_1,0.1751,0.19392106
12614,model_1,0.5688,0.44067958
12615,model_1,0.0665,0.08319479
12616,model_1,-0.0838,-0.04165393
12617,model_1,0.2989,0.30513993
12618,model_1,0.2179,0.15520787
12619,model_1,0.076,0.09040591
12620,model_1,-0.0258,0.06144558
12621,model_1,0.4251,0.502407
12622,model_1,0.0705,0.06701064
12623,model_1,0.106,0.09867267
12624,model_1,-0.0074,-0.0041620433
12625,model_1,0.3835,0.21205744
12626,model_1,0.5912,0.59167385
12627,model_1,0.0357,0.13102466
12628,model_1,0.0207,0.075843394
12629,model_1,0.0784,0.09852326
12630,model_1,0.6486,0.6329208
12631,model_1,0.1986,0.14547457
12632,model_1,0.0171,0.057564467
12633,model_1,0.1963,0.3859713
12634,model_1,0.1965,0.21568683
12635,model_1,0.9418,0.9505377
12636,model_1,0.5196,0.49725652
12637,model_1,0.8232,0.8616196
12638,model_1,0.1177,0.112911806
12639,model_1,0.721,0.6528908
12640,model_1,0.0585,0.100465015
12641,model_1,0.5093,0.38810235
12642,model_1,0.0556,0.111692905
12643,model_1,0.1981,0.21830729
12644,model_1,0.0863,0.14004025
12645,model_1,0.2411,0.3097988
12646,model_1,0.0484,0.036927685
12647,model_1,-0.0212,-0.047326386
12648,model_1,0.5165,0.495669
12649,model_1,0.2213,0.2091541
12650,model_1,0.0019,0.008667052
12651,model_1,0.4825,0.51014113
12652,model_1,0.1377,0.16676295
12653,model_1,0.5618,0.5705978
12654,model_1,-0.0784,-0.0050298423
12655,model_1,0.4283,0.4682228
12656,model_1,0.2691,0.23249103
12657,model_1,0.1053,0.13374487
12658,model_1,0.2661,0.28446764
12659,model_1,0.1647,0.18812315
12660,model_1,0.4259,0.43306482
12661,model_1,0.0386,-0.041561693
12662,model_1,0.566,0.5595865
12663,model_1,-0.0127,0.021866143
12664,model_1,0.1307,0.21669105
12665,model_1,0.3116,0.34101194
12666,model_1,0.4665,0.48689693
12667,model_1,0.6543,0.6351837
12668,model_1,0.2602,0.18945298
12669,model_1,0.6845,0.6128801
12670,model_1,-0.0589,-0.06700322
12671,model_1,0.079,0.061240494
12672,model_1,0.1539,0.14020206
12673,model_1,0.2943,0.2823198
12674,model_1,0.4917,0.45376962
12675,model_1,0.1384,-0.010830998
12676,model_1,0.0702,0.06872377
12677,model_1,0.2235,0.31515226
12678,model_1,0.2114,0.26236415
12679,model_1,-0.0125,0.014349341
12680,model_1,0.1483,0.1336075
12681,model_1,0.1852,0.1550537
12682,model_1,0.0538,0.024417073
12683,model_1,0.0913,0.10040574
12684,model_1,0.1581,0.17400603
12685,model_1,0.1462,0.09365755
12686,model_1,0.6081,0.67496
12687,model_1,0.4326,0.38791952
12688,model_1,0.1595,0.1429804
12689,model_1,0.2902,0.27090394
12690,model_1,0.2738,0.26613772
12691,model_1,0.2637,0.017194241
12692,model_1,0.4687,0.3257389
12693,model_1,0.2605,0.3308248
12694,model_1,-0.0042,-0.02910465
12695,model_1,0.9086,0.9190653
12696,model_1,0.3124,0.39405227
12697,model_1,0.3717,0.35668486
12698,model_1,0.1081,0.14101392
12699,model_1,-0.0283,-0.044268787
12700,model_1,0.1601,0.18085682
12701,model_1,0.1652,0.1771045
12702,model_1,0.1156,0.19471067
12703,model_1,0.3286,0.23137571
12704,model_1,0.1283,0.07706055
12705,model_1,-0.0328,0.08728178
12706,model_1,0.6685,0.69007444
12707,model_1,0.2951,0.3265222
12708,model_1,0.2457,0.26697516
12709,model_1,-0.0024,-0.024537563
12710,model_1,0.5856,0.5922719
12711,model_1,0.572,0.5924845
12712,model_1,-0.0592,-0.09910062
12713,model_1,0.2104,0.23596704
12714,model_1,0.6566,0.6512556
12715,model_1,0.2643,0.32192612
12716,model_1,0.3508,0.30706394
12717,model_1,0.4756,0.5264807
12718,model_1,0.488,0.5519166
12719,model_1,0.5584,0.50639045
12720,model_1,0.0054,0.059051245
12721,model_1,0.5034,0.52857834
12722,model_1,0.0406,0.040362626
12723,model_1,0.1352,0.074304834
12724,model_1,0.0801,0.102374375
12725,model_1,0.065,0.08723581
12726,model_1,0.6081,0.6195037
12727,model_1,0.369,0.33543324
12728,model_1,0.0143,0.018363565
12729,model_1,0.8946,0.8400939
12730,model_1,0.3761,0.32434016
12731,model_1,0.1528,0.07184085
12732,model_1,0.0422,-0.017652184
12733,model_1,0.2115,0.21428445
12734,model_1,0.8827,0.7974731
12735,model_1,0.2545,0.25417423
12736,model_1,0.206,0.20196283
12737,model_1,0.0591,0.03313619
12738,model_1,0.3763,0.18412828
12739,model_1,0.255,0.28357473
12740,model_1,0.4148,0.3036702
12741,model_1,0.2358,0.33578032
12742,model_1,-0.0634,0.11265871
12743,model_1,0.1779,0.15924442
12744,model_1,0.166,0.2258709
12745,model_1,0.038,-0.011287391
12746,model_1,0.0982,0.10786381
12747,model_1,0.0641,0.05769244
12748,model_1,0.4112,0.4872343
12749,model_1,0.092,0.10665542
12750,model_1,0.0035,-0.0030170977
12751,model_1,0.2008,0.12739435
12752,model_1,0.0663,0.10316858
12753,model_1,0.5619,0.5598358
12754,model_1,0.0997,0.08755921
12755,model_1,0.1647,0.07422671
12756,model_1,0.1373,0.083791286
12757,model_1,0.3361,0.3249488
12758,model_1,0.0937,0.07639252
12759,model_1,0.563,0.5325786
12760,model_1,0.3155,0.2647967
12761,model_1,0.0261,0.00590235
12762,model_1,0.049,-0.04130721
12763,model_1,0.245,0.28433776
12764,model_1,0.3956,0.40832433
12765,model_1,0.2245,0.28568277
12766,model_1,0.1731,0.098653674
12767,model_1,0.0217,-0.0053969175
12768,model_1,0.2011,0.18349132
12769,model_1,0.3439,0.30588976
12770,model_1,0.3255,0.22474225
12771,model_1,0.2361,0.16652325
12772,model_1,0.0736,0.10161823
12773,model_1,0.0804,0.10831489
12774,model_1,0.5891,0.5556662
12775,model_1,0.2558,0.21867128
12776,model_1,0.1678,0.1618535
12777,model_1,-0.2197,-0.16687268
12778,model_1,0.1938,0.11982165
12779,model_1,0.0716,0.07783541
12780,model_1,0.2957,0.29424617
12781,model_1,0.2004,0.24606305
12782,model_1,0.0797,0.0581218
12783,model_1,-0.046,-0.023457587
12784,model_1,0.1148,0.03127715
12785,model_1,0.0891,0.060489953
12786,model_1,0.2601,0.26770443
12787,model_1,-0.1399,-0.11435929
12788,model_1,0.0176,0.034939602
12789,model_1,0.0248,0.032120228
12790,model_1,0.6591,0.6668827
12791,model_1,0.3234,0.12726644
12792,model_1,0.1256,0.19337307
12793,model_1,0.3433,0.25916436
12794,model_1,0.5293,0.455469
12795,model_1,0.1142,0.11356808
12796,model_1,0.3092,0.35357562
12797,model_1,0.039,0.13158038
12798,model_1,0.1734,0.1673435
12799,model_1,-0.1775,-0.14734113
12800,model_1,0.2009,0.17727101
12801,model_1,0.4088,0.28506768
12802,model_1,0.1724,0.19574022
12803,model_1,0.5123,0.47301903
12804,model_1,-0.0811,-0.12576297
12805,model_1,-0.0817,-0.0025311112
12806,model_1,0.2125,0.16332385
12807,model_1,-0.1993,-0.20294338
12808,model_1,0.2165,0.23495257
12809,model_1,-0.165,-0.16320145
12810,model_1,-0.1462,-0.09273374
12811,model_1,0.0796,0.06660871
12812,model_1,0.3886,0.5478167
12813,model_1,0.0652,0.012931034
12814,model_1,0.0194,-0.027165174
12815,model_1,0.3042,0.25595197
12816,model_1,0.1018,0.1907121
12817,model_1,0.4397,0.34931168
12818,model_1,0.0723,0.06582281
12819,model_1,0.1931,0.15662509
12820,model_1,0.4281,0.44201308
12821,model_1,0.1722,0.1738185
12822,model_1,-0.0123,-0.018279016
12823,model_1,0.1324,0.15151182
12824,model_1,0.4355,0.46398872
12825,model_1,0.5291,0.44658014
12826,model_1,0.6363,0.61319137
12827,model_1,0.1514,0.34678566
12828,model_1,0.1863,1.0474036
12829,model_1,0.4414,0.378968
12830,model_1,0.3719,0.4048833
12831,model_1,0.0158,0.016326621
12832,model_1,0.5778,0.4830312
12833,model_1,0.1629,0.14661916
12834,model_1,0.4192,0.43391183
12835,model_1,0.1708,0.08924973
12836,model_1,0.2558,0.2757873
12837,model_1,0.0917,0.073826745
12838,model_1,0.3537,0.39605
12839,model_1,-0.0368,0.06467745
12840,model_1,0.7761,0.69709015
12841,model_1,0.0891,0.1126724
12842,model_1,-0.0881,-0.10840261
12843,model_1,0.1764,0.11415328
12844,model_1,-0.052,-0.040313005
12845,model_1,0.1426,0.2286422
12846,model_1,0.391,0.25378728
12847,model_1,0.2517,0.047593176
12848,model_1,0.157,0.087488055
12849,model_1,0.1531,0.22633344
12850,model_1,0.2734,0.3321104
12851,model_1,-0.066,-0.08645815
12852,model_1,-0.0146,0.07019502
12853,model_1,0.2261,0.25613242
12854,model_1,0.3354,0.27834862
12855,model_1,0.7219,0.72306824
12856,model_1,0.4346,0.38905182
12857,model_1,0.2178,0.25756
12858,model_1,-0.0181,-0.018166125
12859,model_1,0.1517,0.051135123
12860,model_1,-0.1776,-0.13336736
12861,model_1,0.2588,0.3001987
12862,model_1,0.0411,0.06044364
12863,model_1,0.1639,0.082390755
12864,model_1,0.2243,0.17711376
12865,model_1,0.5976,0.5796337
12866,model_1,-0.1045,-0.11785865
12867,model_1,-0.0606,-0.061959773
12868,model_1,0.1491,0.18285923
12869,model_1,0.3917,0.38198328
12870,model_1,0.1045,0.099666715
12871,model_1,0.1386,0.10783759
12872,model_1,0.1509,0.08376533
12873,model_1,0.0829,0.070628226
12874,model_1,0.8336,0.88236266
12875,model_1,0.1276,0.1339132
12876,model_1,0.0321,-0.010718495
12877,model_1,0.5333,0.3841045
12878,model_1,-0.0972,0.09831992
12879,model_1,0.1745,0.16105208
12880,model_1,0.4804,0.4889292
12881,model_1,0.4611,0.37118655
12882,model_1,-0.0286,0.019157201
12883,model_1,0.1235,0.11083101
12884,model_1,0.8562,0.7993887
12885,model_1,0.1649,0.21722622
12886,model_1,0.0255,0.07764879
12887,model_1,-0.0389,-0.0776833
12888,model_1,-0.1821,-0.14959517
12889,model_1,0.0078,0.030971259
12890,model_1,0.0857,0.023247778
12891,model_1,0.2202,0.19520065
12892,model_1,0.3746,0.3820799
12893,model_1,0.9284,0.9668119
12894,model_1,0.5441,0.5183885
12895,model_1,0.0203,0.01931724
12896,model_1,0.099,0.10630992
12897,model_1,0.3893,0.24526837
12898,model_1,0.03,-0.0033180118
12899,model_1,-0.0803,-0.07834935
12900,model_1,0.5742,0.58797944
12901,model_1,0.2608,0.2287377
12902,model_1,0.3424,0.30820805
12903,model_1,0.7563,0.6869031
12904,model_1,0.5924,0.5638043
12905,model_1,0.451,0.3958616
12906,model_1,0.3,0.25458312
12907,model_1,0.1947,0.35746375
12908,model_1,-0.0702,-0.069090694
12909,model_1,0.342,0.26137692
12910,model_1,0.3785,0.3824903
12911,model_1,0.2008,0.25370306
12912,model_1,0.67,0.631733
12913,model_1,0.0135,-0.027019888
12914,model_1,0.6326,0.6652931
12915,model_1,0.1651,0.10745883
12916,model_1,-0.0075,0.040952325
12917,model_1,0.3243,0.3159843
12918,model_1,0.3912,0.34866267
12919,model_1,0.0343,0.07849248
12920,model_1,0.1206,0.06701377
12921,model_1,0.1135,0.13791978
12922,model_1,-0.1125,0.101391286
12923,model_1,0.3516,0.36933392
12924,model_1,0.293,0.2973262
12925,model_1,0.2027,0.24364151
12926,model_1,0.2425,0.26392704
12927,model_1,0.0284,-0.0563789
12928,model_1,0.28,0.35360914
12929,model_1,-0.1329,-0.0958665
12930,model_1,-0.1792,-0.024454117
12931,model_1,0.0496,0.09367134
12932,model_1,0.0071,0.12768893
12933,model_1,0.3846,0.41948953
12934,model_1,-0.0135,-0.034887075
12935,model_1,0.4117,0.3523143
12936,model_1,0.4377,0.3955407
12937,model_1,0.2263,0.20084634
12938,model_1,0.5533,0.5010545
12939,model_1,0.0284,0.022642195
12940,model_1,0.1983,0.12535623
12941,model_1,0.4829,0.47852686
12942,model_1,0.9129,0.8402291
12943,model_1,0.2616,0.20385201
12944,model_1,0.1055,0.08261049
12945,model_1,0.0399,0.027762711
12946,model_1,0.7594,0.7369081
12947,model_1,0.1042,0.16207534
12948,model_1,0.1463,0.1659828
12949,model_1,-0.0073,-0.035319865
12950,model_1,0.1361,0.20035794
12951,model_1,-0.0054,0.015839517
12952,model_1,0.0832,0.043229938
12953,model_1,0.1179,0.14311463
12954,model_1,0.1619,0.16212974
12955,model_1,0.2164,0.24215706
12956,model_1,0.5985,0.5968437
12957,model_1,-0.2122,-0.17590103
12958,model_1,0.6985,0.61956143
12959,model_1,0.5042,0.43060517
12960,model_1,0.7343,0.6759286
12961,model_1,0.6019,0.608758
12962,model_1,1.1122,1.1933337
12963,model_1,0.0971,0.13117747
12964,model_1,0.3718,0.36491537
12965,model_1,-0.0553,-0.048672378
12966,model_1,0.0426,0.23633611
12967,model_1,0.35,0.27903306
12968,model_1,0.1098,0.10330497
12969,model_1,0.4064,0.40183052
12970,model_1,0.2813,0.33108783
12971,model_1,0.4188,0.40198433
12972,model_1,0.1664,0.09588538
12973,model_1,0.1342,0.08148241
12974,model_1,0.0433,0.044510365
12975,model_1,0.0848,0.10246803
12976,model_1,-0.0383,0.18752986
12977,model_1,0.4807,0.443942
12978,model_1,0.5837,0.59465295
12979,model_1,0.0805,0.022331208
12980,model_1,0.3234,0.17102522
12981,model_1,0.2488,0.3212163
12982,model_1,0.1852,0.3652122
12983,model_1,0.1338,0.06657083
12984,model_1,0.1576,0.13444069
12985,model_1,0.5512,0.5793287
12986,model_1,0.4166,0.4119361
12987,model_1,0.2141,0.20720331
12988,model_1,0.8555,0.8645097
12989,model_1,0.4522,0.36156064
12990,model_1,0.3551,0.19169343
12991,model_1,0.2276,0.26433542
12992,model_1,0.1845,0.25484964
12993,model_1,0.3565,0.3226447
12994,model_1,0.5087,0.46934754
12995,model_1,0.0695,0.15165907
12996,model_1,0.1732,0.2725251
12997,model_1,-0.0577,-0.06421459
12998,model_1,0.1981,0.1826213
12999,model_1,-0.1917,-0.15669322
13000,model_1,0.2953,0.40402058
13001,model_1,0.296,0.3352051
13002,model_1,0.487,0.52004415
13003,model_1,0.2441,0.21553057
13004,model_1,0.0522,0.0933954
13005,model_1,0.0191,0.036461547
13006,model_1,-0.0034,0.012989804
13007,model_1,0.0962,0.070621535
13008,model_1,-0.0496,-0.020284206
13009,model_1,0.0264,-0.17236868
13010,model_1,0.3547,0.33363703
13011,model_1,0.2352,0.29838178
13012,model_1,0.3528,0.3680867
13013,model_1,-0.0739,-0.067990184
13014,model_1,0.9373,0.8143223
13015,model_1,0.6157,0.5701106
13016,model_1,-0.1214,-0.14336523
13017,model_1,0.2627,0.24631608
13018,model_1,0.4245,0.4194468
13019,model_1,0.4759,0.44956958
13020,model_1,0.3899,0.32342046
13021,model_1,0.284,0.31573123
13022,model_1,0.1183,0.15656346
13023,model_1,0.137,0.13724676
13024,model_1,0.0825,0.08943513
13025,model_1,0.291,0.28856403
13026,model_1,0.5936,0.58748186
13027,model_1,0.2891,0.196832
13028,model_1,0.1963,0.22661506
13029,model_1,0.0478,0.036144853
13030,model_1,-0.2112,-0.1021083
13031,model_1,0.429,0.36883295
13032,model_1,0.4055,0.39656723
13033,model_1,0.0052,0.01629971
13034,model_1,0.11,0.1738024
13035,model_1,0.5224,0.42637786
13036,model_1,0.2109,0.25354367
13037,model_1,0.0963,0.0769411
13038,model_1,0.0973,0.093934596
13039,model_1,0.3659,0.26997146
13040,model_1,-0.0723,0.002676338
13041,model_1,0.1341,0.10735896
13042,model_1,0.1894,0.23258375
13043,model_1,0.0907,0.16245872
13044,model_1,-0.0892,-0.07221779
13045,model_1,0.6345,0.59579027
13046,model_1,0.7779,0.6536242
13047,model_1,0.1558,0.13740185
13048,model_1,0.2271,0.311627
13049,model_1,0.1716,0.2153202
13050,model_1,0.2336,0.29998747
13051,model_1,0.1207,0.079919234
13052,model_1,0.9467,0.909812
13053,model_1,0.7206,0.75885016
13054,model_1,0.2789,0.25324887
13055,model_1,0.3348,0.39562985
13056,model_1,0.1485,0.15027566
13057,model_1,0.1808,0.12547727
13058,model_1,0.2877,0.22424385
13059,model_1,0.4756,0.40807077
13060,model_1,0.2724,0.24012668
13061,model_1,0.142,0.082646415
13062,model_1,-0.0088,0.08106543
13063,model_1,0.1715,0.12895763
13064,model_1,0.5349,0.57379174
13065,model_1,0.1872,0.14748332
13066,model_1,0.0341,0.031100929
13067,model_1,0.5408,0.5142284
13068,model_1,0.46,0.4719916
13069,model_1,0.1282,0.18382642
13070,model_1,0.0597,0.050927043
13071,model_1,0.0547,0.11955035
13072,model_1,0.2546,0.24565677
13073,model_1,0.0538,-0.013640344
13074,model_1,0.2136,0.20520028
13075,model_1,0.2111,0.1596061
13076,model_1,0.3971,0.3429811
13077,model_1,0.3892,0.39218074
13078,model_1,0.1469,0.12773427
13079,model_1,0.2855,0.27112174
13080,model_1,0.065,0.11070685
13081,model_1,0.1539,0.14546871
13082,model_1,0.0312,0.03257571
13083,model_1,0.8707,0.8863535
13084,model_1,0.2785,0.24244235
13085,model_1,0.2351,0.24957882
13086,model_1,-0.0285,-0.092777014
13087,model_1,0.3096,0.27280498
13088,model_1,0.0264,0.08547275
13089,model_1,0.0795,0.051630974
13090,model_1,0.0566,0.10288903
13091,model_1,0.2144,0.14947873
13092,model_1,0.4176,0.37434545
13093,model_1,0.3137,0.20830888
13094,model_1,0.154,0.18985781
13095,model_1,-0.0804,0.3847682
13096,model_1,0.0441,0.08420038
13097,model_1,0.0269,0.055857986
13098,model_1,0.0114,0.0007522106
13099,model_1,0.0689,0.0034867376
13100,model_1,0.3162,0.3738766
13101,model_1,0.3555,0.35546136
13102,model_1,-0.0222,-0.033987135
13103,model_1,0.1238,0.0816333
13104,model_1,0.1071,0.09958212
13105,model_1,0.2458,0.22001232
13106,model_1,0.2583,0.2551194
13107,model_1,0.1056,0.11820865
13108,model_1,0.2645,0.29607505
13109,model_1,0.211,0.18532002
13110,model_1,0.5544,0.49722973
13111,model_1,0.0287,-0.011461228
13112,model_1,0.072,0.0850932
13113,model_1,0.452,0.44375682
13114,model_1,0.1095,0.116666146
13115,model_1,0.8376,0.80948806
13116,model_1,0.5036,0.51111174
13117,model_1,0.3726,0.37012708
13118,model_1,0.1951,0.14221933
13119,model_1,0.2187,0.20236096
13120,model_1,0.3652,0.44401413
13121,model_1,0.327,0.3305238
13122,model_1,0.0355,0.1203653
13123,model_1,0.5786,0.51881266
13124,model_1,0.2727,0.35863057
13125,model_1,0.1646,0.20572037
13126,model_1,0.1424,0.17523007
13127,model_1,0.2931,0.3455777
13128,model_1,0.1301,0.07351306
13129,model_1,0.3108,0.29784614
13130,model_1,0.1729,0.20753326
13131,model_1,-0.2126,-0.22256035
13132,model_1,0.3504,0.3513946
13133,model_1,-0.0529,0.24278474
13134,model_1,0.5158,0.6077596
13135,model_1,0.6658,0.7472232
13136,model_1,0.2048,0.12506431
13137,model_1,0.0162,-0.010141462
13138,model_1,0.0962,0.03974828
13139,model_1,0.3612,0.2572222
13140,model_1,0.1472,0.18554448
13141,model_1,0.782,0.6433109
13142,model_1,0.1146,0.15345147
13143,model_1,0.1863,0.14859442
13144,model_1,0.5125,0.50557137
13145,model_1,0.1419,0.12861058
13146,model_1,0.1435,0.07710858
13147,model_1,0.2646,0.19297294
13148,model_1,0.7454,0.7069991
13149,model_1,0.9861,1.0567932
13150,model_1,0.1417,0.2657221
13151,model_1,0.4211,0.3992255
13152,model_1,0.1873,0.30205375
13153,model_1,0.0253,-0.06042832
13154,model_1,0.1456,0.15515643
13155,model_1,0.2658,0.27571005
13156,model_1,0.0329,0.057935163
13157,model_1,0.0307,-0.02301544
13158,model_1,0.5141,0.5054844
13159,model_1,0.1393,0.14888458
13160,model_1,0.9072,0.97502494
13161,model_1,-0.0024,0.06934929
13162,model_1,0.3241,0.35327974
13163,model_1,0.4579,0.5367913
13164,model_1,0.2838,0.29134646
13165,model_1,0.1896,0.36893642
13166,model_1,0.2833,0.35665286
13167,model_1,0.1595,0.18826786
13168,model_1,0.0519,0.17455074
13169,model_1,0.0289,0.08534682
13170,model_1,0.0332,-0.023700655
13171,model_1,0.365,0.36069372
13172,model_1,1e-04,-0.079948306
13173,model_1,0.5036,0.47965848
13174,model_1,0.4386,0.41928604
13175,model_1,0.1015,0.12345933
13176,model_1,0.1862,0.10538271
13177,model_1,0.0048,-0.047421932
13178,model_1,-0.0113,0.0026963651
13179,model_1,0.5677,0.5653174
13180,model_1,0.314,0.36645454
13181,model_1,0.197,0.24188985
13182,model_1,0.2981,0.38023067
13183,model_1,0.385,0.40749103
13184,model_1,0.0922,0.13350807
13185,model_1,0.1423,0.18754418
13186,model_1,0.2113,0.22050905
13187,model_1,0.8454,0.88458115
13188,model_1,0.4754,0.4832049
13189,model_1,0.0502,0.23450118
13190,model_1,0.1413,0.05701375
13191,model_1,-0.0554,-0.07685056
13192,model_1,0.1681,0.1489847
13193,model_1,0.4217,0.51302934
13194,model_1,0.1583,0.027514607
13195,model_1,0.2031,0.1863892
13196,model_1,0.4481,0.44976878
13197,model_1,0.591,0.6619341
13198,model_1,0.3445,0.16569275
13199,model_1,0.2028,0.15743908
13200,model_1,0.3105,0.31203383
13201,model_1,0.0532,0.05782406
13202,model_1,0.1011,0.07842378
13203,model_1,0.0554,-0.00018447638
13204,model_1,0.3909,0.39890128
13205,model_1,0.6055,0.63643
13206,model_1,-0.0279,-0.025906712
13207,model_1,0.1032,0.01600267
13208,model_1,0.0946,0.12669493
13209,model_1,0.0314,0.04307744
13210,model_1,-0.0354,-0.06836116
13211,model_1,0.4957,0.4818422
13212,model_1,0.0657,0.067276865
13213,model_1,0.1778,0.19600782
13214,model_1,0.2782,0.19327733
13215,model_1,0.2589,0.25187057
13216,model_1,0.452,0.5053463
13217,model_1,0.0613,0.06022702
13218,model_1,0.0072,0.032492667
13219,model_1,1.1488,1.2606124
13220,model_1,0.7791,0.79390365
13221,model_1,0.773,0.7455733
13222,model_1,0.0352,0.08801636
13223,model_1,0.2377,0.28769228
13224,model_1,0.0594,0.06366661
13225,model_1,0.0983,0.059819356
13226,model_1,0.1972,0.13960077
13227,model_1,0.517,0.45895392
13228,model_1,-0.0333,-0.08493745
13229,model_1,0.0014,0.04853201
13230,model_1,0.0082,0.03627132
13231,model_1,0.1248,0.20319536
13232,model_1,0.3919,0.39789733
13233,model_1,0.7631,0.7783077
13234,model_1,0.1827,0.10784452
13235,model_1,0.457,0.47510758
13236,model_1,0.0033,-0.02030772
13237,model_1,0.0113,0.005943805
13238,model_1,0.1388,0.10427588
13239,model_1,-0.0542,-0.053260207
13240,model_1,0.7521,0.7423855
13241,model_1,-0.0126,-0.019851625
13242,model_1,0.9116,0.8982897
13243,model_1,0.4736,0.49736756
13244,model_1,0.9467,0.9350947
13245,model_1,0.8626,0.7799426
13246,model_1,0.4525,0.272675
13247,model_1,0.4805,0.45999232
13248,model_1,0.2294,0.20422843
13249,model_1,0.2109,0.22829069
13250,model_1,0.3895,0.33414152
13251,model_1,0.6194,0.5459962
13252,model_1,0.336,0.27945074
13253,model_1,0.3508,0.28319758
13254,model_1,0.1063,0.09251411
13255,model_1,0.3209,0.36798862
13256,model_1,-0.1305,0.040903375
13257,model_1,0.1308,0.08175452
13258,model_1,0.2332,0.28872615
13259,model_1,0.0262,-0.0032283515
13260,model_1,0.4121,0.40207523
13261,model_1,0.5795,0.5492914
13262,model_1,-0.2184,-0.19409633
13263,model_1,0.1944,0.18480985
13264,model_1,0.3266,0.17532003
13265,model_1,0.7498,0.7334472
13266,model_1,0.0748,0.119257204
13267,model_1,0.2608,0.25691506
13268,model_1,0.6066,0.6088002
13269,model_1,-0.049,-0.0017900318
13270,model_1,0.4533,0.44036102
13271,model_1,0.0489,0.051293686
13272,model_1,-0.0524,-0.039464235
13273,model_1,0.1214,0.071563125
13274,model_1,0.1349,0.09463978
13275,model_1,0.5979,0.61732495
13276,model_1,0.0872,0.095723614
13277,model_1,0.318,0.2852879
13278,model_1,0.2653,0.33872366
13279,model_1,0.0808,0.061323285
13280,model_1,0.1323,0.11027503
13281,model_1,0.096,0.097165376
13282,model_1,0.299,0.33922052
13283,model_1,0.0033,-0.005722359
13284,model_1,-0.0092,-0.033832908
13285,model_1,0.272,0.3003764
13286,model_1,0.4508,0.44608536
13287,model_1,0.2634,0.23852032
13288,model_1,0.1633,0.18647078
13289,model_1,0.1333,0.15385598
13290,model_1,0.3495,0.30690405
13291,model_1,0.1048,0.1819882
13292,model_1,0.1198,0.138895
13293,model_1,-0.0043,0.013607621
13294,model_1,0.4489,0.3185797
13295,model_1,0.1631,0.14438684
13296,model_1,0.9563,0.9918735
13297,model_1,0.4738,0.46146506
13298,model_1,0.0725,0.06512435
13299,model_1,0.4155,0.45055807
13300,model_1,0.1499,0.06005612
13301,model_1,0.0688,0.07587075
13302,model_1,0.0381,0.046390772
13303,model_1,0.3569,0.31318033
13304,model_1,0.7972,0.72350603
13305,model_1,0.2212,0.26496634
13306,model_1,0.355,0.17565346
13307,model_1,0.336,0.32792646
13308,model_1,0.5555,0.6253308
13309,model_1,0.4603,0.422243
13310,model_1,0.7141,0.79438454
13311,model_1,0.265,0.26433083
13312,model_1,-0.1181,-0.10190141
13313,model_1,0.0851,0.117161214
13314,model_1,0.385,0.40496856
13315,model_1,0.1071,0.15287113
13316,model_1,-0.0117,-0.013396144
13317,model_1,0.1963,0.1186359
13318,model_1,0.1242,0.07135005
13319,model_1,0.4865,0.46459725
13320,model_1,-0.1261,-0.10374063
13321,model_1,0.2501,0.22701293
13322,model_1,0.4312,0.364668
13323,model_1,0.2962,0.28265285
13324,model_1,0.218,0.13164818
13325,model_1,0.3698,0.3851813
13326,model_1,0.7461,0.7822339
13327,model_1,0.194,0.15319064
13328,model_1,0.1808,0.16474152
13329,model_1,0.4745,0.48839992
13330,model_1,0.3008,0.2890194
13331,model_1,0.2046,0.11595843
13332,model_1,0.1094,0.19808975
13333,model_1,-0.2134,-0.16360834
13334,model_1,0.5296,0.4787777
13335,model_1,0.1539,0.08872065
13336,model_1,0.0766,0.031370416
13337,model_1,0.6032,0.56511253
13338,model_1,0.2886,0.27541083
13339,model_1,0.7923,0.79531056
13340,model_1,0.5686,0.5113785
13341,model_1,0.2972,0.29269338
13342,model_1,0.3508,0.37284383
13343,model_1,0.3847,0.18096124
13344,model_1,0.4299,0.44212916
13345,model_1,0.2939,0.34810972
13346,model_1,0.1845,0.26167226
13347,model_1,-0.0479,-0.07236946
13348,model_1,0.172,0.15184581
13349,model_1,0.1248,0.16859448
13350,model_1,0.5103,0.55244493
13351,model_1,0.1977,0.15346286
13352,model_1,0.1619,0.082139626
13353,model_1,0.2296,0.21328771
13354,model_1,0.1099,0.14470094
13355,model_1,-0.0637,-0.057477415
13356,model_1,0.8403,0.8380116
13357,model_1,0.0637,0.089092165
13358,model_1,0.2041,0.12509313
13359,model_1,0.0465,0.055738613
13360,model_1,0.0101,0.23766278
13361,model_1,0.2409,0.24412559
13362,model_1,0.0093,0.012288958
13363,model_1,0.4028,0.33885485
13364,model_1,0.2084,0.14889744
13365,model_1,0.1163,-0.0862377
13366,model_1,0.5024,0.48509955
13367,model_1,0.2284,0.17642811
13368,model_1,0.8808,0.84815943
13369,model_1,0.2597,0.1602397
13370,model_1,0.072,0.08620131
13371,model_1,0.1738,0.118658684
13372,model_1,0.4511,0.52931064
13373,model_1,0.052,0.017617583
13374,model_1,-0.0326,-0.012145549
13375,model_1,0.4512,0.47757828
13376,model_1,0.3017,0.21243283
13377,model_1,0.1598,0.17134859
13378,model_1,0.1222,0.17516452
13379,model_1,0.0635,0.03152585
13380,model_1,0.6543,0.66486746
13381,model_1,0.4857,0.514433
13382,model_1,0.1966,0.24434614
13383,model_1,0.5113,0.4948253
13384,model_1,0.1198,0.14361057
13385,model_1,0.0328,0.037599653
13386,model_1,0.0196,0.06831089
13387,model_1,0.0331,-0.0260109
13388,model_1,0.4467,0.4149868
13389,model_1,-0.0102,-0.0037982315
13390,model_1,0.058,0.060489684
13391,model_1,0.2564,0.23239537
13392,model_1,0.6732,0.61819327
13393,model_1,0.4332,0.40175948
13394,model_1,0.0675,0.042257488
13395,model_1,0.6779,0.67195207
13396,model_1,0.7647,0.85201085
13397,model_1,-0.0555,-0.018692493
13398,model_1,0.373,0.31464297
13399,model_1,0.0998,0.018240884
13400,model_1,0.1463,0.28809312
13401,model_1,-0.0189,0.034792393
13402,model_1,0.0831,0.060325474
13403,model_1,0.1446,0.13869914
13404,model_1,0.638,0.54375505
13405,model_1,0.6596,0.66020375
13406,model_1,0.2615,0.19848315
13407,model_1,-0.0527,-0.052534163
13408,model_1,0.1305,0.12353948
13409,model_1,0.479,0.39431736
13410,model_1,-0.0128,-0.016984373
13411,model_1,0.2885,0.3033883
13412,model_1,0.8212,0.73579603
13413,model_1,0.9306,0.778975
13414,model_1,0.254,0.16841155
13415,model_1,0.166,0.30389273
13416,model_1,0.4765,0.47896928
13417,model_1,0.1633,0.16623259
13418,model_1,0.1265,0.208236
13419,model_1,0.1724,0.21923018
13420,model_1,0.4079,0.43668675
13421,model_1,0.6684,0.68659246
13422,model_1,0.1849,0.16390783
13423,model_1,-0.0953,-0.06816861
13424,model_1,0.5769,0.5138952
13425,model_1,0.3919,0.41423023
13426,model_1,0.4085,0.37703088
13427,model_1,0.144,0.1210466
13428,model_1,0.2652,0.24103121
13429,model_1,0.1924,0.19971366
13430,model_1,0.9163,0.91141117
13431,model_1,0.1918,0.06681034
13432,model_1,0.7624,0.60922337
13433,model_1,0.485,0.44795185
13434,model_1,0.0751,0.11192562
13435,model_1,-0.05,0.2039714
13436,model_1,0.2362,0.17300528
13437,model_1,0.348,0.36210382
13438,model_1,0.5385,0.58666664
13439,model_1,0.3454,0.3305009
13440,model_1,0.1225,0.07884012
13441,model_1,0.0754,0.038769484
13442,model_1,0.6634,0.687116
13443,model_1,0.1094,-0.002608478
13444,model_1,0.1368,0.07853532
13445,model_1,0.2327,0.22457732
13446,model_1,0.4911,0.47327036
13447,model_1,0.2826,0.29186314
13448,model_1,0.1687,0.37728932
13449,model_1,0.0848,0.10216232
13450,model_1,-0.176,-0.13191879
13451,model_1,0.0121,-0.0058945417
13452,model_1,0.6249,0.632255
13453,model_1,0.4349,0.32864028
13454,model_1,0.4019,0.34345612
13455,model_1,0.1304,0.07144663
13456,model_1,0.2117,0.22262353
13457,model_1,0.0995,0.1465666
13458,model_1,0.4471,0.45733833
13459,model_1,0.203,0.15595666
13460,model_1,0.033,0.03621632
13461,model_1,-0.152,-0.18357575
13462,model_1,-0.0279,0.010344803
13463,model_1,0.6791,0.6316456
13464,model_1,-0.0085,-0.031131953
13465,model_1,0.2231,0.20507292
13466,model_1,0.6359,0.65061146
13467,model_1,0.7664,0.78855586
13468,model_1,0.4791,0.43286067
13469,model_1,0.2057,0.16016842
13470,model_1,0.0699,0.03503886
13471,model_1,0.1294,0.123756856
13472,model_1,0.3033,0.21633933
13473,model_1,0.1264,0.16847762
13474,model_1,0.2875,0.30822542
13475,model_1,0.6002,0.59851414
13476,model_1,0.4248,0.43166578
13477,model_1,0.4448,0.5568146
13478,model_1,0.1347,0.17106017
13479,model_1,0.3252,0.27900368
13480,model_1,0.2669,0.4478285
13481,model_1,0.3598,0.4627007
13482,model_1,-0.0156,-0.005525753
13483,model_1,0.4737,0.49031106
13484,model_1,0.0403,0.06924139
13485,model_1,0.5694,0.54970086
13486,model_1,0.4045,0.37068987
13487,model_1,0.009,-0.017861485
13488,model_1,0.1342,0.09966925
13489,model_1,0.7054,0.64573747
13490,model_1,0.3168,0.380367
13491,model_1,0.1717,0.2376706
13492,model_1,0.2772,0.29974493
13493,model_1,0.8242,0.78125846
13494,model_1,0.2709,0.19754657
13495,model_1,0.0393,0.03341037
13496,model_1,0.147,0.0894617
13497,model_1,0.3942,0.38267505
13498,model_1,0.1524,0.13386326
13499,model_1,0.2367,0.13944116
13500,model_1,0.2284,0.2508353
13501,model_1,-0.1283,-0.18485633
13502,model_1,0.6358,0.5201975
13503,model_1,0.0786,0.04684402
13504,model_1,0.5718,0.50072134
13505,model_1,0.066,0.065380454
13506,model_1,0.2079,0.22680458
13507,model_1,0.0708,0.16931917
13508,model_1,-0.054,-0.0826444
13509,model_1,0.1035,0.002744019
13510,model_1,0.108,0.09968859
13511,model_1,0.3439,0.2626538
13512,model_1,0.0384,0.027053192
13513,model_1,0.2795,0.2685479
13514,model_1,-0.1262,-0.12769684
13515,model_1,0.438,0.47098374
13516,model_1,0.3907,0.4105379
13517,model_1,-0.0814,-0.09015733
13518,model_1,0.1678,0.2400612
13519,model_1,0.0802,0.09308207
13520,model_1,0.1455,0.14233246
13521,model_1,0.2875,0.07326423
13522,model_1,0.0117,-0.054165363
13523,model_1,0.4269,0.44802126
13524,model_1,0.1911,0.10090932
13525,model_1,0.0549,0.057780832
13526,model_1,0.2011,0.18410793
13527,model_1,0.5978,0.7076756
13528,model_1,0.0324,0.02267678
13529,model_1,0.2864,0.23977962
13530,model_1,0.1105,0.09291497
13531,model_1,-0.1103,-0.07280594
13532,model_1,0.4346,0.36353794
13533,model_1,0.2428,0.41052893
13534,model_1,0.0361,0.05733782
13535,model_1,0.2358,0.2005901
13536,model_1,-0.0825,0.09334466
13537,model_1,0.0403,0.036839843
13538,model_1,0.1929,0.12332888
13539,model_1,0.244,0.24239692
13540,model_1,0.3449,0.33387646
13541,model_1,0.2486,0.08991456
13542,model_1,0.0712,0.44560957
13543,model_1,-0.103,-0.08005071
13544,model_1,0.3753,0.33402473
13545,model_1,0.0006,-0.0071072876
13546,model_1,0.044,0.034011483
13547,model_1,0.1785,0.24596575
13548,model_1,0.4131,0.4551162
13549,model_1,0.2087,0.24268699
13550,model_1,0.3613,0.23119432
13551,model_1,0.0645,0.07298879
13552,model_1,0.0967,0.14024918
13553,model_1,0.6455,0.6427099
13554,model_1,0.1528,0.13061334
13555,model_1,1.0079,0.98251116
13556,model_1,0.6653,0.60988545
13557,model_1,0.0932,0.10794887
13558,model_1,-0.0429,0.09317246
13559,model_1,0.0913,0.11583285
13560,model_1,0.6575,0.71798927
13561,model_1,0.8496,0.83721006
13562,model_1,0.2605,0.2901029
13563,model_1,0.3398,0.36657265
13564,model_1,0.2501,0.31266338
13565,model_1,0.271,0.123710714
13566,model_1,-0.061,-0.04166627
13567,model_1,0.4203,0.309207
13568,model_1,-0.0005,0.0037679076
13569,model_1,0.1558,0.13267788
13570,model_1,0.3335,0.3549381
13571,model_1,-0.0132,-0.10029334
13572,model_1,-0.1693,-0.124165416
13573,model_1,0.165,0.15045473
13574,model_1,0.1295,0.086783946
13575,model_1,0.175,0.26766002
13576,model_1,-0.0299,0.08990438
13577,model_1,0.0498,0.02952829
13578,model_1,0.216,0.20841229
13579,model_1,0.7059,0.72349155
13580,model_1,0.3241,0.29132766
13581,model_1,0.2366,0.28694195
13582,model_1,0.131,0.18470617
13583,model_1,0.3216,-0.0603064
13584,model_1,0.5217,0.6091261
13585,model_1,0.0427,0.027667075
13586,model_1,0.2335,0.21548155
13587,model_1,0.1227,0.1562937
13588,model_1,0.1921,0.3923893
13589,model_1,-0.1265,-0.13623661
13590,model_1,0.0169,0.02519986
13591,model_1,0.1836,0.12460306
13592,model_1,0.4508,0.37218335
13593,model_1,0.2019,0.12232669
13594,model_1,0.2379,0.2420472
13595,model_1,0.308,0.25341436
13596,model_1,0.4073,0.45121205
13597,model_1,0.221,0.13354576
13598,model_1,0.1163,0.1936259
13599,model_1,0.0952,0.14520523
13600,model_1,0.4853,0.4632238
13601,model_1,0.1418,0.12447413
13602,model_1,0.6652,0.6187319
13603,model_1,0.0419,0.106775224
13604,model_1,0.1895,0.17558445
13605,model_1,-0.0431,-0.10405022
13606,model_1,-0.0173,0.033090726
13607,model_1,0.5333,0.31765082
13608,model_1,0.8141,0.8147818
13609,model_1,0.454,0.4319127
13610,model_1,0.0665,0.41247207
13611,model_1,0.1774,0.07662791
13612,model_1,0.1839,0.10798037
13613,model_1,0.1469,0.15499222
13614,model_1,-0.5033,0.33090067
13615,model_1,0.3018,0.2735182
13616,model_1,0.1145,0.1182839
13617,model_1,0.0179,0.008117929
13618,model_1,0.6383,0.6654961
13619,model_1,0.36,0.29332483
13620,model_1,0.0825,0.12770297
13621,model_1,0.6585,0.5975792
13622,model_1,0.2583,0.3700304
13623,model_1,0.1623,0.07561053
13624,model_1,-0.1698,-0.1645759
13625,model_1,0.1941,0.23044844
13626,model_1,0.3273,0.3345405
13627,model_1,0.1749,0.20103124
13628,model_1,0.3254,0.2899816
13629,model_1,0.0251,0.04626073
13630,model_1,0.0766,0.08900277
13631,model_1,-0.016,-0.08374739
13632,model_1,0.3858,0.4067826
13633,model_1,-0.0388,-0.026345849
13634,model_1,0.3729,0.40537137
13635,model_1,0.1852,0.11845532
13636,model_1,0.6184,0.62442195
13637,model_1,0.3669,0.3781341
13638,model_1,0.1481,0.3096797
13639,model_1,0.0361,0.020539358
13640,model_1,0.3179,0.3634661
13641,model_1,0.223,0.13695344
13642,model_1,0.0428,-0.04373926
13643,model_1,0.1823,0.24333835
13644,model_1,0.1405,0.0707818
13645,model_1,0.0957,0.053201914
13646,model_1,0.5819,0.5633846
13647,model_1,-0.1337,-0.070747435
13648,model_1,0.2142,0.054705232
13649,model_1,-0.0016,0.0021869838
13650,model_1,0.5373,0.47968292
13651,model_1,0.1383,0.11203945
13652,model_1,0.3459,0.38460562
13653,model_1,0.1608,0.19309224
13654,model_1,0.8387,0.51230884
13655,model_1,0.1567,0.108358845
13656,model_1,0.0416,0.11463264
13657,model_1,0.1188,0.107471615
13658,model_1,0.3047,0.30985785
13659,model_1,0.1303,0.12930591
13660,model_1,-0.085,-0.07450467
13661,model_1,-0.0164,0.06145124
13662,model_1,0.1152,0.109669074
13663,model_1,-0.0169,0.052728012
13664,model_1,0.1036,0.087088734
13665,model_1,0.5212,0.5197799
13666,model_1,0.3666,0.20631397
13667,model_1,-0.098,-0.094903946
13668,model_1,0.1084,0.04800713
13669,model_1,0.8723,0.7912029
13670,model_1,0.1322,0.15607652
13671,model_1,0.1147,-0.0062781274
13672,model_1,0.1247,0.12883455
13673,model_1,-0.1924,-0.18621528
13674,model_1,0.449,0.48284197
13675,model_1,0.3894,0.38005024
13676,model_1,0.5257,0.3217697
13677,model_1,0.1153,0.10711984
13678,model_1,0.0533,0.027886972
13679,model_1,0.1737,0.18042192
13680,model_1,0.03,0.008213922
13681,model_1,-0.0147,0.018025964
13682,model_1,0.2641,0.083966196
13683,model_1,0.4854,0.52865064
13684,model_1,0.3445,0.33359855
13685,model_1,0.4229,0.43964824
13686,model_1,0.0477,0.119864985
13687,model_1,0.1157,0.18325123
13688,model_1,0.441,0.39317477
13689,model_1,0.1002,0.088227004
13690,model_1,0.8973,0.9495939
13691,model_1,-0.0655,-0.09301877
13692,model_1,0.3526,0.27262133
13693,model_1,0.4466,0.40952376
13694,model_1,0.0852,0.04311672
13695,model_1,0.7809,0.80502975
13696,model_1,0.0133,0.018057972
13697,model_1,0.4147,0.35297906
13698,model_1,0.0922,0.092209995
13699,model_1,0.1637,0.08003464
13700,model_1,0.2647,0.18315712
13701,model_1,0.2417,0.24142215
13702,model_1,0.1029,0.13468467
13703,model_1,0.2201,0.24906856
13704,model_1,0.0164,0.009947836
13705,model_1,0.6812,0.69535
13706,model_1,0.0405,0.079157025
13707,model_1,0.5053,0.5114279
13708,model_1,0.2447,0.04776989
13709,model_1,0.4093,0.46037287
13710,model_1,0.0639,0.016396642
13711,model_1,0.0072,0.029951334
13712,model_1,0.5435,0.5357302
13713,model_1,0.2698,0.31509492
13714,model_1,0.3711,0.34453657
13715,model_1,0.2884,0.33671853
13716,model_1,0.1866,0.14005485
13717,model_1,0.9287,0.949579
13718,model_1,0.175,0.0649448
13719,model_1,-0.0025,0.017889768
13720,model_1,0.1725,0.20742747
13721,model_1,0.6452,0.6750524
13722,model_1,0.3289,0.24456052
13723,model_1,0.5133,0.5048974
13724,model_1,0.3051,0.2789268
13725,model_1,0.8136,0.84229887
13726,model_1,0.2089,0.25546855
13727,model_1,0.8454,0.899425
13728,model_1,0.7122,0.7080358
13729,model_1,0.1855,0.14284374
13730,model_1,0.4717,0.48055893
13731,model_1,0.4186,0.4528608
13732,model_1,0.5399,0.51092976
13733,model_1,0.1329,0.16878599
13734,model_1,0.1832,0.17771065
13735,model_1,0.169,0.26766405
13736,model_1,-0.0272,-0.05754125
13737,model_1,0.0991,0.14084704
13738,model_1,0.7323,0.7546324
