,model,truevals,predvals
0,model_4,0.1742,0.15739177
1,model_4,0.3472,0.31167072
2,model_4,0.2622,0.290018
3,model_4,0.0902,0.121785164
4,model_4,0.2579,0.24462269
5,model_4,0.2599,0.32198992
6,model_4,0.0246,0.034341484
7,model_4,0.2669,0.27985218
8,model_4,0.1207,0.13645662
9,model_4,0.0055,-0.015215388
10,model_4,0.5098,0.5331532
11,model_4,-0.012,0.051040962
12,model_4,0.7691,0.7374117
13,model_4,0.5229,0.5313219
14,model_4,0.3393,0.36099774
15,model_4,0.1309,0.1139646
16,model_4,0.172,0.15424938
17,model_4,0.0511,0.026037687
18,model_4,-0.0566,-0.03560391
19,model_4,0.6193,0.6003045
20,model_4,0.2788,0.18262395
21,model_4,0.3404,0.22281958
22,model_4,0.018,0.014174165
23,model_4,0.109,0.11995636
24,model_4,0.5985,0.6540936
25,model_4,0.216,-0.015205001
26,model_4,0.0461,-0.06424597
27,model_4,0.4293,0.2900893
28,model_4,0.3765,0.4125421
29,model_4,0.7156,0.7554742
30,model_4,0.1617,0.1504701
31,model_4,0.0708,0.03246162
32,model_4,0.0481,0.11376482
33,model_4,0.452,0.4695727
34,model_4,-0.0023,0.04155279
35,model_4,0.5507,0.33627596
36,model_4,0.1282,0.13216086
37,model_4,0.082,0.042540967
38,model_4,0.4076,0.33629593
39,model_4,-0.0092,0.16575883
40,model_4,-0.1556,-0.09225838
41,model_4,0.7308,0.81650466
42,model_4,0.2341,0.18436868
43,model_4,0.679,0.6400031
44,model_4,0.2077,0.34706986
45,model_4,0.5919,0.51343477
46,model_4,0.1955,0.19556409
47,model_4,0.4366,0.33115837
48,model_4,0.1824,0.2307416
49,model_4,0.3717,0.38339138
50,model_4,0.0313,0.051198512
51,model_4,-0.0219,0.01930731
52,model_4,0.0104,0.06611012
53,model_4,-0.032,-0.080690175
54,model_4,-0.0008,0.08468095
55,model_4,0.1056,0.009711856
56,model_4,0.9643,0.864159
57,model_4,0.4371,0.39385566
58,model_4,0.4938,0.56517696
59,model_4,0.6281,0.4793186
60,model_4,0.2727,0.30338407
61,model_4,0.5963,0.6639156
62,model_4,0.4225,0.43540356
63,model_4,0.142,0.19986485
64,model_4,0.1854,0.14672437
65,model_4,0.0249,0.022069605
66,model_4,0.2698,0.25061262
67,model_4,0.4806,0.5182284
68,model_4,0.6473,0.67320764
69,model_4,0.0937,0.13079579
70,model_4,0.2429,0.3282554
71,model_4,0.1974,0.21936657
72,model_4,0.2327,0.29711667
73,model_4,0.0672,0.07890414
74,model_4,0.7554,0.7524798
75,model_4,0.4633,0.40732154
76,model_4,0.5518,0.57094836
77,model_4,0.2451,0.39599332
78,model_4,0.4036,0.3331337
79,model_4,0.2338,0.2454017
80,model_4,0.0979,0.07913761
81,model_4,0.1907,0.16167425
82,model_4,0.0072,0.010875987
83,model_4,0.2432,0.283932
84,model_4,0.2318,0.28320158
85,model_4,-0.0746,-0.042355828
86,model_4,0.4221,0.4919577
87,model_4,0.1755,0.13597734
88,model_4,0.2446,0.214701
89,model_4,0.0904,0.13015364
90,model_4,0.0879,0.11097856
91,model_4,0.6955,0.6090125
92,model_4,0.0591,0.28903326
93,model_4,0.6959,0.7340534
94,model_4,-0.1278,-0.08641416
95,model_4,0.0624,0.16142794
96,model_4,0.0442,0.049553625
97,model_4,0.6297,0.61365384
98,model_4,0.2852,0.2884709
99,model_4,0.0936,0.09462941
100,model_4,0.0606,0.0451684
101,model_4,0.1987,0.24009295
102,model_4,0.09,0.082987644
103,model_4,0.2364,0.11314882
104,model_4,0.4779,0.44723466
105,model_4,0.1909,0.08048974
106,model_4,0.1822,0.19212973
107,model_4,0.69,0.70795345
108,model_4,0.2662,0.22089241
109,model_4,0.1372,0.16471562
110,model_4,0.1736,0.13757339
111,model_4,0.696,0.62629217
112,model_4,0.2744,0.3624788
113,model_4,0.1972,0.24126135
114,model_4,0.2457,0.24159591
115,model_4,0.1107,0.11094867
116,model_4,0.3896,0.33810464
117,model_4,0.2898,0.32957372
118,model_4,-0.0475,-0.019402808
119,model_4,-0.1115,0.0685571
120,model_4,0.0938,0.13688144
121,model_4,0.1639,0.16390951
122,model_4,0.6244,0.5974766
123,model_4,0.2373,0.2892219
124,model_4,0.3146,0.33282745
125,model_4,0.2164,0.24421676
126,model_4,0.1153,0.10903612
127,model_4,0.2167,0.21481642
128,model_4,-0.0591,-0.008705845
129,model_4,0.1402,0.15097332
130,model_4,0.1971,0.22233123
131,model_4,0.3754,0.42005625
132,model_4,0.3665,0.43818772
133,model_4,0.7798,0.7653537
134,model_4,0.3074,0.34409627
135,model_4,0.4226,0.40917665
136,model_4,0.0883,0.13711901
137,model_4,0.4308,0.4766462
138,model_4,0.3496,0.39104864
139,model_4,0.8872,0.8691932
140,model_4,0.0269,0.028892884
141,model_4,0.0201,-0.07069924
142,model_4,0.0545,0.057420067
143,model_4,0.408,0.40692523
144,model_4,0.4498,0.4136171
145,model_4,0.5567,0.64965355
146,model_4,0.1679,0.17434587
147,model_4,0.3179,0.22993429
148,model_4,0.2809,0.26512256
149,model_4,0.0747,0.07752165
150,model_4,0.407,0.41138068
151,model_4,0.8929,0.82488626
152,model_4,0.2375,0.23690434
153,model_4,0.0772,0.09041689
154,model_4,-0.0934,-0.21321498
155,model_4,0.5798,0.5299927
156,model_4,0.0314,-0.011698542
157,model_4,0.2242,0.17357458
158,model_4,0.0061,0.01926429
159,model_4,0.3947,0.33803335
160,model_4,0.0621,0.17363794
161,model_4,0.3024,0.28775766
162,model_4,-0.0431,-0.031178942
163,model_4,0.1099,0.0073040966
164,model_4,0.1365,0.13510387
165,model_4,0.0725,0.09638918
166,model_4,-0.0899,-0.068200976
167,model_4,0.0829,0.076245874
168,model_4,0.1587,0.13685773
169,model_4,-0.1932,-0.14397396
170,model_4,0.3215,0.3187056
171,model_4,0.2174,0.20563321
172,model_4,0.1512,0.09595999
173,model_4,0.2669,0.3059266
174,model_4,0.8352,0.8206866
175,model_4,0.892,0.8065549
176,model_4,-0.0143,-0.016022248
177,model_4,0.1767,0.30599713
178,model_4,0.1139,0.09509134
179,model_4,0.6466,0.6128472
180,model_4,-0.0505,0.023896145
181,model_4,0.7133,0.68966824
182,model_4,0.0452,0.05996467
183,model_4,-0.1859,-0.122210234
184,model_4,0.2571,0.23732851
185,model_4,0.2027,0.20347138
186,model_4,0.4073,0.33805838
187,model_4,0.5139,0.5382483
188,model_4,-0.0494,-0.111445814
189,model_4,0.112,0.13615777
190,model_4,0.4012,0.43143713
191,model_4,0.3709,0.2680205
192,model_4,-0.0446,0.031968012
193,model_4,0.6359,0.5776474
194,model_4,0.2515,0.27346274
195,model_4,0.037,0.021845842
196,model_4,0.1999,0.16730349
197,model_4,0.3295,0.27164224
198,model_4,0.0831,0.0010283086
199,model_4,0.0657,0.031087028
200,model_4,-0.0492,-0.05189003
201,model_4,0.1556,0.18588203
202,model_4,0.2235,0.08069903
203,model_4,0.4035,0.37068865
204,model_4,-0.2038,-0.14159717
205,model_4,0.3139,0.2926946
206,model_4,0.6596,0.65476155
207,model_4,0.4091,0.40350908
208,model_4,0.0072,-0.008073604
209,model_4,0.0985,0.06488769
210,model_4,-0.0895,0.0361887
211,model_4,0.0799,0.10618679
212,model_4,0.5198,0.48237985
213,model_4,0.1625,0.17192219
214,model_4,0.0867,0.14207469
215,model_4,0.0994,0.1293597
216,model_4,0.3815,0.38072684
217,model_4,0.5326,0.5984657
218,model_4,0.621,0.7023653
219,model_4,0.2191,0.22993772
220,model_4,0.1298,0.14769207
221,model_4,0.2678,0.19827887
222,model_4,0.0903,0.082460634
223,model_4,0.3403,0.3621755
224,model_4,1.0553,0.966011
225,model_4,0.1953,0.12998794
226,model_4,0.4376,0.25670585
227,model_4,0.2136,0.120921016
228,model_4,0.7193,0.69729185
229,model_4,0.5463,0.5486103
230,model_4,0.1313,0.07656291
231,model_4,0.2144,0.261076
232,model_4,0.0857,0.16104944
233,model_4,0.1052,0.0737308
234,model_4,0.0242,0.02883129
235,model_4,0.1174,0.1435698
236,model_4,0.0628,0.07666048
237,model_4,0.1227,0.09659711
238,model_4,0.068,0.130193
239,model_4,0.4677,0.41621655
240,model_4,0.0784,0.104217455
241,model_4,0.0617,0.082935765
242,model_4,0.0255,0.08418864
243,model_4,0.3808,0.42584014
244,model_4,0.2358,0.13139464
245,model_4,-0.1035,-0.089374304
246,model_4,-0.0109,0.0331252
247,model_4,0.1382,0.13482393
248,model_4,0.2491,0.2576188
249,model_4,0.31,0.16589458
250,model_4,0.331,0.32088366
251,model_4,0.0336,0.039771385
252,model_4,0.3975,0.34394786
253,model_4,0.3994,0.5025487
254,model_4,0.0091,0.042113967
255,model_4,0.1408,0.14463815
256,model_4,0.4389,0.41147992
257,model_4,-0.0265,-0.04009424
258,model_4,0.0209,0.050198823
259,model_4,0.1397,0.13727368
260,model_4,0.2075,0.038178302
261,model_4,0.0072,0.12827046
262,model_4,0.1147,0.016997362
263,model_4,0.1494,0.15232863
264,model_4,0.8995,0.88634235
265,model_4,0.4714,0.44738606
266,model_4,0.1718,0.1122805
267,model_4,0.128,0.10826266
268,model_4,0.222,0.19266868
269,model_4,0.2756,0.38292247
270,model_4,0.7367,0.70381844
271,model_4,0.0059,0.07181592
272,model_4,0.2641,0.29198244
273,model_4,0.2558,0.256962
274,model_4,0.3925,0.40268466
275,model_4,0.09,0.018499227
276,model_4,0.3312,0.29371142
277,model_4,0.0923,0.09302825
278,model_4,0.74,0.76960033
279,model_4,0.4446,0.494805
280,model_4,0.3847,0.43810332
281,model_4,0.1489,0.13604094
282,model_4,0.1605,0.18606907
283,model_4,0.3687,0.41804394
284,model_4,0.2024,0.15533563
285,model_4,0.1016,0.12040584
286,model_4,0.3067,0.32278794
287,model_4,0.2185,0.26770535
288,model_4,0.3781,0.37362644
289,model_4,0.1113,0.109579355
290,model_4,-0.0748,-0.04440619
291,model_4,0.0462,0.06261578
292,model_4,0.1681,0.1433304
293,model_4,0.1543,0.22661364
294,model_4,0.8037,0.7088437
295,model_4,0.395,0.37130702
296,model_4,0.8889,0.7891619
297,model_4,0.2505,0.23960973
298,model_4,0.1992,0.22293627
299,model_4,0.2787,0.31746238
300,model_4,0.1438,0.044525005
301,model_4,0.502,0.43729517
302,model_4,0.8745,0.84861517
303,model_4,0.4289,0.36348552
304,model_4,0.0447,0.015758427
305,model_4,-0.0261,-0.045461282
306,model_4,0.1399,0.14782079
307,model_4,-0.1683,-0.15606333
308,model_4,0.0411,0.05209516
309,model_4,0.1003,0.084556386
310,model_4,0.0585,0.057389468
311,model_4,0.1376,0.180329
312,model_4,0.0391,0.083934136
313,model_4,0.2753,0.1522839
314,model_4,0.0601,0.06294199
315,model_4,0.1261,0.14055279
316,model_4,0.2749,0.19236045
317,model_4,0.1857,0.06459182
318,model_4,0.0964,0.10863741
319,model_4,0.4942,0.47209176
320,model_4,0.2662,0.10876474
321,model_4,0.3008,0.23666595
322,model_4,0.0856,0.083396904
323,model_4,0.1389,0.20692246
324,model_4,0.3661,0.34372738
325,model_4,0.0594,0.021994585
326,model_4,0.3458,0.44272408
327,model_4,0.0687,0.074298516
328,model_4,0.3593,0.30016324
329,model_4,0.137,0.08243079
330,model_4,0.1341,0.17455523
331,model_4,0.151,0.20994721
332,model_4,0.1554,0.23634036
333,model_4,0.5598,0.56883657
334,model_4,-0.0274,0.038606957
335,model_4,0.6533,0.6383357
336,model_4,0.2517,0.05994317
337,model_4,0.0926,-0.04021427
338,model_4,-0.0574,-0.037326217
339,model_4,0.2857,0.27157292
340,model_4,0.0515,0.005731771
341,model_4,0.3514,0.29494685
342,model_4,0.252,0.26081643
343,model_4,0.1008,0.099580735
344,model_4,0.0225,0.046940863
345,model_4,0.0394,0.092923805
346,model_4,0.0743,0.061533988
347,model_4,0.187,0.15599231
348,model_4,-0.0037,-0.0041590314
349,model_4,0.0697,0.04668758
350,model_4,0.0024,0.008333089
351,model_4,0.7582,0.73996687
352,model_4,-0.0397,-0.012296496
353,model_4,0.0431,0.097154446
354,model_4,0.5601,0.5655732
355,model_4,0.2331,0.19606364
356,model_4,0.4086,0.36134195
357,model_4,0.0462,0.044091314
358,model_4,0.6001,0.6421924
359,model_4,0.1585,0.18567693
360,model_4,0.0796,0.11334959
361,model_4,0.172,0.13613729
362,model_4,0.1548,0.23508723
363,model_4,-0.0393,-0.011711968
364,model_4,0.1352,0.09816086
365,model_4,0.0435,0.07563154
366,model_4,0.1,0.030227529
367,model_4,0.1049,0.084280044
368,model_4,0.1261,0.21282378
369,model_4,0.6819,0.6731405
370,model_4,0.7945,0.7291783
371,model_4,0.3399,0.34861007
372,model_4,0.2338,0.21599601
373,model_4,0.2269,0.31357142
374,model_4,0.5148,0.48068354
375,model_4,0.0329,0.054013312
376,model_4,0.3382,0.3158796
377,model_4,0.1607,0.28141838
378,model_4,0.0783,0.06981801
379,model_4,0.4299,0.44574973
380,model_4,0.3417,0.26021585
381,model_4,0.0644,0.04819987
382,model_4,0.1874,0.1719389
383,model_4,0.4444,0.49510756
384,model_4,0.1076,0.14767264
385,model_4,0.7568,0.76442754
386,model_4,0.7964,0.82905036
387,model_4,0.1392,0.1512769
388,model_4,0.1921,0.23761679
389,model_4,0.4004,0.4256507
390,model_4,0.5228,0.47000137
391,model_4,0.2043,0.14253232
392,model_4,0.0782,0.051647797
393,model_4,0.3981,0.3889784
394,model_4,0.0923,0.06770706
395,model_4,0.1557,0.15428887
396,model_4,0.1577,0.21725409
397,model_4,0.3898,0.38643938
398,model_4,0.4326,0.48139727
399,model_4,0.2068,0.20676862
400,model_4,-0.0641,-0.058145165
401,model_4,0.2673,0.2589036
402,model_4,0.2614,0.2611032
403,model_4,0.4236,0.49499026
404,model_4,0.4216,0.2725024
405,model_4,0.0039,-0.042414702
406,model_4,0.2115,0.35763684
407,model_4,0.3192,0.3185192
408,model_4,0.1936,0.22597633
409,model_4,0.1521,0.1809097
410,model_4,0.9456,0.9225823
411,model_4,0.1815,0.06635243
412,model_4,0.038,0.059119366
413,model_4,0.2374,0.25765654
414,model_4,0.1278,0.0993963
415,model_4,0.2961,0.18649459
416,model_4,0.3698,0.3974544
417,model_4,0.0429,-0.038417347
418,model_4,0.1916,0.30580172
419,model_4,0.7071,0.63932145
420,model_4,0.1587,0.19955042
421,model_4,0.0935,0.09327722
422,model_4,0.3822,0.3885412
423,model_4,0.4384,0.18989752
424,model_4,0.2496,0.33093703
425,model_4,0.0946,0.08044328
426,model_4,0.1308,0.021658206
427,model_4,-0.0099,0.051266298
428,model_4,0.1972,0.17918746
429,model_4,0.157,0.17913406
430,model_4,0.2671,0.21797255
431,model_4,0.1013,-0.017520426
432,model_4,0.0989,0.19043739
433,model_4,0.0766,0.12111023
434,model_4,0.1012,0.114307165
435,model_4,0.2133,0.13889818
436,model_4,0.0708,0.1133274
437,model_4,0.0181,0.05428888
438,model_4,0.0122,0.03540331
439,model_4,0.2103,0.32399693
440,model_4,0.1885,0.20429887
441,model_4,-0.0396,-0.11602852
442,model_4,0.0187,0.029446015
443,model_4,0.1929,0.18850555
444,model_4,0.1387,0.082447186
445,model_4,0.0165,0.062430114
446,model_4,0.2901,0.17108977
447,model_4,0.0601,0.06862248
448,model_4,0.5366,0.4118199
449,model_4,0.1732,0.072686315
450,model_4,0.0193,0.05092922
451,model_4,-0.1786,-0.12076687
452,model_4,0.2832,0.33331546
453,model_4,0.4806,0.46427366
454,model_4,0.6522,0.58576345
455,model_4,0.1207,0.13841851
456,model_4,0.3049,0.3189866
457,model_4,0.2049,0.20514934
458,model_4,0.1401,0.11542246
459,model_4,0.683,0.6458939
460,model_4,0.0571,0.06159628
461,model_4,0.6791,0.7130132
462,model_4,0.0824,0.15910776
463,model_4,0.0552,0.07827357
464,model_4,-0.0671,0.025607983
465,model_4,0.0288,0.040924616
466,model_4,0.1335,0.13676454
467,model_4,0.0382,0.0490779
468,model_4,0.4276,0.43302152
469,model_4,-0.0289,-0.07862599
470,model_4,0.2181,0.21174403
471,model_4,0.0106,0.023189606
472,model_4,-0.1842,-0.18115278
473,model_4,0.01,-0.022912702
474,model_4,0.2519,0.31887445
475,model_4,0.5574,0.5365471
476,model_4,0.471,0.5380925
477,model_4,0.5793,0.5342964
478,model_4,0.0751,0.043223284
479,model_4,0.0549,0.038699873
480,model_4,-0.1231,-0.13773793
481,model_4,0.3804,0.38685295
482,model_4,0.2664,0.36902878
483,model_4,0.031,-0.020283906
484,model_4,0.0874,0.089653015
485,model_4,0.3037,0.38999695
486,model_4,0.3791,0.2738084
487,model_4,0.2324,0.28324342
488,model_4,0.3635,0.32841632
489,model_4,0.395,0.4473025
490,model_4,0.0645,0.08824738
491,model_4,0.0271,0.1388772
492,model_4,0.2627,0.31491473
493,model_4,0.0887,0.10053069
494,model_4,0.2047,0.06281723
495,model_4,0.034,0.035484858
496,model_4,0.3421,0.37085336
497,model_4,0.3269,0.386101
498,model_4,-0.006,0.036884442
499,model_4,0.2316,0.14043516
500,model_4,0.2071,0.21737614
501,model_4,0.5018,0.504583
502,model_4,0.3524,0.38773996
503,model_4,0.451,0.48111314
504,model_4,0.4261,0.471102
505,model_4,0.1756,0.13131164
506,model_4,0.2647,0.17473112
507,model_4,0.3887,0.413489
508,model_4,0.1819,0.20090212
509,model_4,0.2084,0.15704083
510,model_4,-0.0771,-0.015226735
511,model_4,0.0167,0.16560613
512,model_4,0.1493,0.2164328
513,model_4,0.1321,0.18986964
514,model_4,0.2606,0.20463686
515,model_4,0.3859,0.3704255
516,model_4,0.3265,0.28255805
517,model_4,0.1341,0.19827893
518,model_4,0.0887,0.10708083
519,model_4,0.3338,0.33113486
520,model_4,0.1151,0.108688116
521,model_4,0.1444,0.10553436
522,model_4,0.1779,0.15052369
523,model_4,-0.0053,0.0071864296
524,model_4,0.3247,0.2916031
525,model_4,0.8948,0.8664602
526,model_4,0.2932,0.15149753
527,model_4,0.0862,0.13258997
528,model_4,0.5758,0.64388
529,model_4,0.0271,0.025491016
530,model_4,0.1548,-0.03694451
531,model_4,0.1415,0.39654818
532,model_4,0.1234,0.057823524
533,model_4,0.1187,0.100289926
534,model_4,0.0769,0.097397715
535,model_4,0.0464,0.038698994
536,model_4,0.1216,0.1076905
537,model_4,0.3501,0.27624536
538,model_4,0.216,0.15319897
539,model_4,0.439,0.46627602
540,model_4,0.307,0.33659694
541,model_4,0.3651,0.3673472
542,model_4,0.3807,0.36516348
543,model_4,-0.1916,-0.14118549
544,model_4,0.1908,0.2603309
545,model_4,-0.0462,0.039933354
546,model_4,-0.0505,-0.02746324
547,model_4,0.4435,0.50995153
548,model_4,0.5313,0.4515393
549,model_4,0.0167,0.030450823
550,model_4,0.0434,0.037001535
551,model_4,0.1337,0.13582723
552,model_4,0.969,0.88983214
553,model_4,0.2204,0.22890872
554,model_4,0.1229,0.059537955
555,model_4,-0.0462,-0.027200265
556,model_4,0.0578,0.0056952033
557,model_4,0.3519,0.3681673
558,model_4,0.9655,0.92026114
559,model_4,-0.0981,-0.12841581
560,model_4,0.1246,0.1354273
561,model_4,0.7556,0.77052736
562,model_4,0.4195,0.38668397
563,model_4,-0.0871,-0.19413401
564,model_4,0.2512,0.23294465
565,model_4,0.1583,0.08810733
566,model_4,0.3908,0.42892185
567,model_4,0.2208,0.2548414
568,model_4,0.0368,0.06374744
569,model_4,0.3757,0.37104112
570,model_4,0.0815,0.106536485
571,model_4,0.1276,0.110327974
572,model_4,0.3034,0.33351496
573,model_4,0.6166,0.5914004
574,model_4,0.0655,0.0654138
575,model_4,0.0029,0.021193909
576,model_4,0.4797,0.46805802
577,model_4,0.2118,0.17721768
578,model_4,0.1921,0.15690242
579,model_4,0.332,0.42376336
580,model_4,0.4133,0.426375
581,model_4,0.7797,0.7548908
582,model_4,0.1041,0.08261512
583,model_4,0.2709,0.27454853
584,model_4,-0.0555,-0.055354342
585,model_4,0.1385,0.21347836
586,model_4,0.0562,0.015936071
587,model_4,0.2844,0.3139061
588,model_4,0.2881,0.27048314
589,model_4,0.1092,0.17848888
590,model_4,0.5503,0.5646934
591,model_4,0.2216,0.28202173
592,model_4,0.2046,0.18751998
593,model_4,0.406,0.394571
594,model_4,0.7724,0.7778077
595,model_4,0.1091,0.10354173
596,model_4,0.6962,0.69914955
597,model_4,-0.0485,0.037353806
598,model_4,-0.0599,-0.015312476
599,model_4,-0.076,-0.06671105
600,model_4,0.1179,0.104004234
601,model_4,0.5081,0.45268473
602,model_4,0.3315,0.38200966
603,model_4,0.2623,0.2537805
604,model_4,0.1938,0.12395786
605,model_4,0.314,0.34260723
606,model_4,-0.0801,-0.08960234
607,model_4,0.1009,0.048428707
608,model_4,0.3551,0.29253903
609,model_4,0.153,0.0021148939
610,model_4,0.2559,0.31480178
611,model_4,0.2024,0.22323446
612,model_4,0.03,0.012457939
613,model_4,0.2319,0.2247962
614,model_4,0.0034,-0.0116859805
615,model_4,0.0206,0.13803507
616,model_4,0.1494,0.15999514
617,model_4,0.8532,0.86195457
618,model_4,-0.0564,-0.063839085
619,model_4,-0.0499,-0.09058883
620,model_4,1.1149,1.1759876
621,model_4,-0.0019,0.002680475
622,model_4,0.3064,0.27882618
623,model_4,-0.0339,-0.005508838
624,model_4,0.3182,0.26819253
625,model_4,0.2744,0.30023915
626,model_4,0.4154,0.45308092
627,model_4,0.1947,0.24773915
628,model_4,0.0489,0.037439473
629,model_4,0.0224,0.015025953
630,model_4,0.0982,0.12758465
631,model_4,0.0544,0.07941608
632,model_4,0.2342,0.12849009
633,model_4,0.4862,0.46728745
634,model_4,0.3874,0.4442383
635,model_4,0.0772,0.081237555
636,model_4,0.0587,0.024798976
637,model_4,0.5955,0.6056227
638,model_4,0.1503,0.16116066
639,model_4,0.172,0.029953519
640,model_4,0.0931,0.09858257
641,model_4,0.2157,0.17434587
642,model_4,0.2849,0.2440935
643,model_4,0.4719,0.45248035
644,model_4,0.4176,0.10401033
645,model_4,0.4579,0.4397315
646,model_4,0.4159,0.43458393
647,model_4,0.8342,0.8294277
648,model_4,0.0905,0.117993474
649,model_4,0.6247,0.5864179
650,model_4,0.3393,0.37400168
651,model_4,0.6266,0.6592467
652,model_4,0.5577,0.57528436
653,model_4,0.2399,0.2689961
654,model_4,0.2094,0.29293585
655,model_4,0.1543,0.2075525
656,model_4,0.7775,0.6880534
657,model_4,0.2499,0.29975933
658,model_4,-0.0878,-0.0732112
659,model_4,0.4701,0.4467169
660,model_4,0.4016,0.3012338
661,model_4,0.0427,0.05633746
662,model_4,-0.1047,-0.11611241
663,model_4,0.2577,0.35363194
664,model_4,0.4925,0.4385666
665,model_4,0.1066,0.106711954
666,model_4,0.3636,0.29015195
667,model_4,-0.0344,0.011259796
668,model_4,0.1362,0.22191961
669,model_4,0.2301,0.21508147
670,model_4,0.7444,0.77469516
671,model_4,0.2985,0.37615514
672,model_4,0.5036,0.63599074
673,model_4,-0.0446,-0.013501523
674,model_4,0.2211,0.2718695
675,model_4,0.2122,0.26381472
676,model_4,0.3038,0.37648746
677,model_4,0.2825,0.2003996
678,model_4,0.169,0.10866876
679,model_4,0.3098,0.27939513
680,model_4,0.1704,0.15018357
681,model_4,0.2319,0.1533924
682,model_4,0.0874,0.10522718
683,model_4,0.4624,0.49088696
684,model_4,0.0298,0.026302056
685,model_4,0.1836,0.21323544
686,model_4,0.2052,0.18406333
687,model_4,0.3052,0.24664642
688,model_4,0.0353,0.016902724
689,model_4,0.3946,0.32067212
690,model_4,0.1838,0.18268977
691,model_4,-0.0284,0.033746563
692,model_4,0.1889,0.2514332
693,model_4,0.2465,0.2097416
694,model_4,0.3971,0.3576775
695,model_4,-0.0124,-0.03212464
696,model_4,0.1483,0.050107814
697,model_4,0.3929,0.38941818
698,model_4,0.0385,0.054008335
699,model_4,0.7409,0.7391299
700,model_4,0.4319,0.41315666
701,model_4,0.3547,0.32840917
702,model_4,0.4181,0.2995393
703,model_4,0.0931,0.17944588
704,model_4,0.2301,0.28681827
705,model_4,0.5099,0.59508204
706,model_4,0.1069,0.11609553
707,model_4,0.1407,0.10199669
708,model_4,0.0037,-0.009091554
709,model_4,0.4797,0.4443967
710,model_4,0.3761,0.16038443
711,model_4,0.2996,0.25427392
712,model_4,0.7375,0.7569191
713,model_4,0.0485,0.12703256
714,model_4,0.4683,0.41011533
715,model_4,0.3488,0.4177403
716,model_4,0.1223,0.1204686
717,model_4,0.0192,0.06532558
718,model_4,0.1933,0.20823483
719,model_4,0.2714,0.2533708
720,model_4,0.2649,0.2945158
721,model_4,0.0531,0.07754934
722,model_4,0.6831,0.65617406
723,model_4,0.2859,0.32413504
724,model_4,0.6383,0.68504655
725,model_4,0.6986,0.6954316
726,model_4,0.1041,0.1176043
727,model_4,0.8284,0.8164981
728,model_4,0.2697,0.37182564
729,model_4,-0.0009,-0.018991029
730,model_4,0.6451,0.55526745
731,model_4,0.284,0.22825523
732,model_4,0.128,0.14746645
733,model_4,0.2157,0.32184243
734,model_4,0.0139,-0.032490022
735,model_4,-0.0144,0.13085093
736,model_4,0.3147,0.28463814
737,model_4,0.4315,0.4298289
738,model_4,0.2161,0.23213321
739,model_4,0.3573,0.27772662
740,model_4,0.796,0.79295284
741,model_4,0.2933,0.19903596
742,model_4,-0.0881,-0.110830545
743,model_4,0.1768,0.09243749
744,model_4,0.7058,0.70054215
745,model_4,0.2011,0.15663517
746,model_4,-0.0115,0.029085787
747,model_4,0.2119,0.05306208
748,model_4,0.4586,0.37197322
749,model_4,0.0233,0.0532334
750,model_4,0.0122,0.058868162
751,model_4,0.0983,0.14952794
752,model_4,0.2722,0.26260385
753,model_4,0.2299,0.2290279
754,model_4,0.4251,0.386205
755,model_4,0.0889,0.10168351
756,model_4,0.5073,0.5444784
757,model_4,-0.046,-0.11969559
758,model_4,0.1097,0.09055224
759,model_4,0.2813,0.27116576
760,model_4,0.0009,0.01789322
761,model_4,0.42,0.36046484
762,model_4,0.1115,0.16826202
763,model_4,0.0718,0.065515235
764,model_4,0.354,0.33047876
765,model_4,0.0613,0.09489482
766,model_4,0.2332,0.24463578
767,model_4,0.1617,0.149888
768,model_4,0.1241,0.07572281
769,model_4,0.2725,0.3231641
770,model_4,-0.0938,-0.07064663
771,model_4,0.1787,0.21405849
772,model_4,0.0769,0.01664062
773,model_4,0.6247,0.5698823
774,model_4,0.6025,0.49634507
775,model_4,0.2224,0.22525017
776,model_4,0.221,0.2125284
777,model_4,-0.0957,-0.07930273
778,model_4,0.6228,0.579132
779,model_4,0.1402,0.1310015
780,model_4,0.0785,0.069121
781,model_4,0.4649,0.47101787
782,model_4,0.0534,0.07955623
783,model_4,0.0432,0.03870695
784,model_4,0.0857,0.114373565
785,model_4,0.1494,0.052098498
786,model_4,0.1702,0.16893828
787,model_4,0.0555,0.15599467
788,model_4,0.5607,0.6354976
789,model_4,0.2211,0.112600654
790,model_4,0.1829,0.20193812
791,model_4,0.0828,0.091743544
792,model_4,0.1185,0.12915517
793,model_4,0.4689,0.46028963
794,model_4,-0.0693,-0.02923934
795,model_4,0.2431,0.20824964
796,model_4,0.33,0.38180187
797,model_4,0.24,0.27563155
798,model_4,0.4048,0.46820852
799,model_4,0.2911,0.21243194
800,model_4,0.3472,0.22081824
801,model_4,0.5212,0.49173465
802,model_4,-0.1166,-0.02850346
803,model_4,0.4418,0.44187632
804,model_4,0.6453,0.58371484
805,model_4,1.0596,0.95433784
806,model_4,0.0343,0.0437963
807,model_4,-0.0838,-0.05536431
808,model_4,0.5552,0.49872383
809,model_4,0.3621,0.36272582
810,model_4,0.4155,0.46282998
811,model_4,0.038,0.05577272
812,model_4,0.1143,0.17202802
813,model_4,0.2364,0.26032063
814,model_4,0.0131,0.05683083
815,model_4,0.0897,0.105050966
816,model_4,-0.1081,-0.07525223
817,model_4,-0.1038,-0.06821302
818,model_4,0.116,0.13339733
819,model_4,-0.0411,0.15393712
820,model_4,0.466,0.3247998
821,model_4,0.2888,0.26058212
822,model_4,-0.0303,-0.030944763
823,model_4,-0.0305,-0.06747476
824,model_4,0.2728,0.18850672
825,model_4,0.1741,0.13385078
826,model_4,0.0994,0.08210462
827,model_4,0.2165,0.55641127
828,model_4,0.007,0.04793018
829,model_4,0.0392,0.06023714
830,model_4,-0.1455,-0.057873584
831,model_4,0.0619,0.077750035
832,model_4,0.0353,0.115036204
833,model_4,0.5533,0.5457642
834,model_4,-0.1663,-0.19398679
835,model_4,0.6809,0.6846446
836,model_4,0.2929,0.36959615
837,model_4,-0.0058,-0.072479084
838,model_4,0.0898,0.10772219
839,model_4,0.145,0.17128955
840,model_4,0.2094,0.119295284
841,model_4,0.2704,0.2602156
842,model_4,0.1188,0.15961666
843,model_4,0.6314,0.6053503
844,model_4,0.1406,0.11155759
845,model_4,0.2022,0.2152567
846,model_4,0.7652,0.7370895
847,model_4,0.1621,0.10798389
848,model_4,0.2178,0.20891066
849,model_4,0.2726,0.2570737
850,model_4,0.2363,0.2897314
851,model_4,0.4139,0.39707595
852,model_4,0.1825,0.22795962
853,model_4,0.5016,0.45431533
854,model_4,0.6347,0.6459418
855,model_4,0.7554,0.7282355
856,model_4,0.1027,0.05944112
857,model_4,-0.1094,-0.048974067
858,model_4,0.3547,0.38145003
859,model_4,0.1812,0.19319662
860,model_4,0.0262,-0.01701819
861,model_4,0.0849,0.07477546
862,model_4,0.1437,0.09064302
863,model_4,0.6159,0.56249475
864,model_4,0.0411,0.061160795
865,model_4,0.2955,0.26609817
866,model_4,-0.1151,-0.10667546
867,model_4,-0.0708,-0.11251707
868,model_4,0.114,0.1633163
869,model_4,0.0524,0.033908397
870,model_4,0.5501,0.3542796
871,model_4,0.4371,0.4511141
872,model_4,0.317,0.36137405
873,model_4,0.0996,0.107820556
874,model_4,0.1167,0.08439113
875,model_4,0.1268,0.15942392
876,model_4,-0.0176,0.08536662
877,model_4,0.1506,0.18030791
878,model_4,0.3276,0.38292816
879,model_4,0.0706,0.056083083
880,model_4,0.1064,0.19204639
881,model_4,0.1381,0.1036871
882,model_4,0.131,0.16962422
883,model_4,0.4821,0.3816801
884,model_4,0.9283,0.819919
885,model_4,0.1891,0.19594449
886,model_4,0.6693,0.70688397
887,model_4,0.2743,0.24972685
888,model_4,0.3777,0.48129496
889,model_4,0.2924,0.19885929
890,model_4,0.4658,0.46882957
891,model_4,0.1288,0.20647617
892,model_4,0.2396,0.24133112
893,model_4,0.2653,0.1969154
894,model_4,0.5545,0.55280745
895,model_4,0.0018,0.00645178
896,model_4,0.6518,0.71493447
897,model_4,0.0395,0.026973756
898,model_4,0.0265,0.05496849
899,model_4,0.3094,0.31030637
900,model_4,-0.0164,0.15827198
901,model_4,-0.034,0.016363027
902,model_4,0.5405,0.4706075
903,model_4,0.2763,0.33008608
904,model_4,0.3355,0.20154977
905,model_4,0.0487,0.11911453
906,model_4,0.0896,0.06683195
907,model_4,0.1681,0.22004397
908,model_4,0.0166,0.048788756
909,model_4,-0.0155,0.21464244
910,model_4,0.2346,0.21516158
911,model_4,0.1132,0.0068426076
912,model_4,0.1397,0.14195308
913,model_4,0.1894,0.057330333
914,model_4,0.3475,0.30628473
915,model_4,1.0591,0.99491715
916,model_4,0.4116,0.37949523
917,model_4,-0.1343,-0.13211678
918,model_4,0.439,0.46953174
919,model_4,0.3957,0.3752521
920,model_4,0.1604,0.14450006
921,model_4,0.0968,0.03882979
922,model_4,0.0297,0.1126287
923,model_4,-0.0063,-0.053637207
924,model_4,0.6647,0.5714433
925,model_4,0.0672,0.15044032
926,model_4,0.1363,0.12182695
927,model_4,0.1498,0.13095127
928,model_4,0.3098,0.3393061
929,model_4,0.2873,0.380588
930,model_4,0.616,0.6185118
931,model_4,0.443,0.50432277
932,model_4,0.0946,0.243834
933,model_4,0.5633,0.5925714
934,model_4,0.4075,0.37149647
935,model_4,0.2196,0.19883242
936,model_4,0.9663,0.9298472
937,model_4,0.2389,0.19095682
938,model_4,0.4569,0.43336144
939,model_4,-0.1852,-0.124588594
940,model_4,0.371,0.39628783
941,model_4,0.121,-0.062386617
942,model_4,0.0422,0.111763
943,model_4,0.1244,0.117504895
944,model_4,0.1458,0.10636736
945,model_4,0.1452,0.16286652
946,model_4,0.844,0.8505116
947,model_4,0.7141,0.7275107
948,model_4,0.2651,0.2930272
949,model_4,0.2086,0.2030839
950,model_4,0.0579,0.056443304
951,model_4,0.8904,0.89789027
952,model_4,0.7091,0.6658572
953,model_4,0.2084,0.16304286
954,model_4,0.3998,0.37714547
955,model_4,0.386,0.37934083
956,model_4,0.4518,0.42057258
957,model_4,0.1744,0.16386046
958,model_4,0.2014,0.11177483
959,model_4,0.2316,0.26234716
960,model_4,0.0691,0.098217264
961,model_4,0.1996,0.09579873
962,model_4,0.9073,0.8748503
963,model_4,-0.1141,-0.21752281
964,model_4,0.253,0.30952847
965,model_4,0.0579,0.030773567
966,model_4,0.1161,0.084328525
967,model_4,-0.0969,-0.043262005
968,model_4,0.1143,0.113446265
969,model_4,0.1262,0.0681624
970,model_4,-0.0383,-0.11208657
971,model_4,0.1223,0.12299064
972,model_4,0.298,0.32035705
973,model_4,0.0674,0.09363542
974,model_4,0.3549,0.45304286
975,model_4,-0.0195,-0.009066878
976,model_4,0.0172,0.015881823
977,model_4,0.4372,0.40063664
978,model_4,0.3388,0.36712107
979,model_4,-0.0483,0.03394171
980,model_4,0.3049,0.29715648
981,model_4,0.1893,-0.15220362
982,model_4,0.0767,0.074648045
983,model_4,0.4799,0.44948113
984,model_4,0.1223,0.018243583
985,model_4,0.1656,0.19041164
986,model_4,0.1588,0.3041551
987,model_4,0.266,0.33025187
988,model_4,-0.0093,0.0017447118
989,model_4,0.1792,0.1806304
990,model_4,0.3388,0.40311918
991,model_4,0.2381,0.1748917
992,model_4,0.1068,0.09022159
993,model_4,0.2227,0.2430589
994,model_4,0.0028,0.012128921
995,model_4,0.7794,0.7429455
996,model_4,0.1259,0.22833535
997,model_4,0.5181,0.51541483
998,model_4,-0.155,-0.109040976
999,model_4,0.5012,0.5347867
1000,model_4,-0.082,-0.064695016
1001,model_4,0.4359,0.4204408
1002,model_4,0.0782,0.06740177
1003,model_4,0.3166,0.26654992
1004,model_4,0.0438,-0.030142782
1005,model_4,0.0168,0.057307057
1006,model_4,0.1866,0.23691665
1007,model_4,0.7808,0.7780488
1008,model_4,0.0075,0.0056020413
1009,model_4,0.2561,0.23466869
1010,model_4,0.2236,0.24477123
1011,model_4,0.2032,0.22949156
1012,model_4,0.4011,0.45436648
1013,model_4,0.6913,0.5797846
1014,model_4,0.2652,0.2617899
1015,model_4,0.1145,0.12366222
1016,model_4,0.1038,0.34332234
1017,model_4,-0.0875,-0.10168168
1018,model_4,0.1116,0.07661357
1019,model_4,0.1014,0.05456076
1020,model_4,0.2098,0.20215984
1021,model_4,0.1581,0.102006815
1022,model_4,0.1712,0.21341927
1023,model_4,0.0893,0.041439474
1024,model_4,0.0047,0.0038364474
1025,model_4,0.4016,0.29501948
1026,model_4,0.4488,0.46442
1027,model_4,0.0774,0.028457599
1028,model_4,0.2832,0.33059713
1029,model_4,0.173,0.16895743
1030,model_4,0.0761,0.11678119
1031,model_4,0.2816,0.18765235
1032,model_4,0.0556,0.049967952
1033,model_4,0.8688,0.92892563
1034,model_4,0.1271,0.18805327
1035,model_4,0.4983,0.37955365
1036,model_4,0.372,0.38231608
1037,model_4,0.1145,0.082123876
1038,model_4,0.4987,0.40916538
1039,model_4,0.1133,0.12833019
1040,model_4,0.1513,0.20354117
1041,model_4,-0.0058,0.3072383
1042,model_4,0.3633,0.41831717
1043,model_4,0.2643,0.23294078
1044,model_4,0.3065,0.3673998
1045,model_4,-0.0597,-0.109151304
1046,model_4,0.4448,0.6125955
1047,model_4,0.0615,0.10222789
1048,model_4,0.3144,0.3058114
1049,model_4,-0.0334,-0.029164387
1050,model_4,0.1378,0.1721648
1051,model_4,0.2105,0.1014495
1052,model_4,0.0373,0.13951887
1053,model_4,-0.0061,0.0051520783
1054,model_4,0.4638,0.48448417
1055,model_4,0.6294,0.6855051
1056,model_4,0.2137,0.21165672
1057,model_4,0.249,0.24280311
1058,model_4,0.0932,0.33789602
1059,model_4,0.0339,0.057934865
1060,model_4,0.5246,0.54511297
1061,model_4,0.1461,0.16774458
1062,model_4,0.0516,0.22256726
1063,model_4,0.4704,0.5091426
1064,model_4,0.2172,0.29493928
1065,model_4,0.2744,0.35328704
1066,model_4,0.3777,0.40743178
1067,model_4,0.2621,0.3170707
1068,model_4,0.25,0.24178053
1069,model_4,0.811,0.8038596
1070,model_4,0.0445,0.036263376
1071,model_4,0.0928,0.12648396
1072,model_4,0.3761,0.45962283
1073,model_4,0.1505,0.09962274
1074,model_4,0.2054,0.23926432
1075,model_4,0.0767,0.043314636
1076,model_4,0.0926,0.1195731
1077,model_4,0.6509,0.66807115
1078,model_4,0.3879,0.37737244
1079,model_4,0.2715,0.23889105
1080,model_4,-0.0178,0.038702115
1081,model_4,-0.0297,0.11921564
1082,model_4,0.4434,0.44982073
1083,model_4,0.6381,0.5874756
1084,model_4,0.266,0.23371659
1085,model_4,0.0539,0.07479486
1086,model_4,0.267,0.25694034
1087,model_4,0.387,0.32797346
1088,model_4,0.0643,0.06968039
1089,model_4,0.113,0.12929143
1090,model_4,0.1309,0.08452995
1091,model_4,0.3078,0.3150265
1092,model_4,0.4422,0.515434
1093,model_4,0.5726,0.5620724
1094,model_4,0.1851,0.20555238
1095,model_4,0.2508,0.24389775
1096,model_4,0.7067,0.716672
1097,model_4,0.377,0.41198295
1098,model_4,0.0665,0.074276224
1099,model_4,0.0864,0.11511086
1100,model_4,0.3752,0.31462708
1101,model_4,0.1174,0.17470063
1102,model_4,-0.0892,-0.110504866
1103,model_4,0.1482,0.019857878
1104,model_4,0.3293,0.34890953
1105,model_4,0.3416,0.36369017
1106,model_4,0.7663,0.7890289
1107,model_4,0.1877,0.17744243
1108,model_4,-0.0216,0.14653921
1109,model_4,0.5266,0.5525845
1110,model_4,0.3317,0.29613808
1111,model_4,0.2592,0.2985462
1112,model_4,0.284,0.32910302
1113,model_4,0.0741,0.016362565
1114,model_4,0.4244,0.46158436
1115,model_4,0.4211,0.30230996
1116,model_4,0.1605,0.1938432
1117,model_4,0.1354,0.1496233
1118,model_4,0.2365,0.21464153
1119,model_4,0.0594,0.24171494
1120,model_4,0.1491,0.14263357
1121,model_4,0.0486,0.0575483
1122,model_4,0.4665,0.34308603
1123,model_4,0.4216,0.40275028
1124,model_4,0.1512,0.16253173
1125,model_4,0.2881,0.21408163
1126,model_4,0.4316,0.721136
1127,model_4,-0.026,-0.034684964
1128,model_4,0.164,0.11212386
1129,model_4,0.3508,0.41991147
1130,model_4,0.3872,0.4386764
1131,model_4,0.0432,0.068951555
1132,model_4,0.4527,0.41907832
1133,model_4,0.0721,0.08085026
1134,model_4,0.3224,0.31086025
1135,model_4,0.1676,0.12919332
1136,model_4,0.7518,0.789949
1137,model_4,0.7299,0.7350718
1138,model_4,0.0862,0.12893586
1139,model_4,0.2962,0.23431964
1140,model_4,0.1888,0.19930013
1141,model_4,0.3804,0.42865586
1142,model_4,0.3493,0.32520127
1143,model_4,-0.0889,-0.054683186
1144,model_4,0.1579,0.23439361
1145,model_4,0.3786,0.31440046
1146,model_4,0.5189,0.4744431
1147,model_4,0.6179,0.5889243
1148,model_4,0.0252,0.24115561
1149,model_4,0.1112,0.056886807
1150,model_4,0.139,0.124434665
1151,model_4,0.8558,0.786508
1152,model_4,0.081,0.09617643
1153,model_4,0.3493,0.21297348
1154,model_4,0.8516,0.8184054
1155,model_4,0.0794,0.0810613
1156,model_4,0.1922,0.13213605
1157,model_4,0.275,0.20912717
1158,model_4,0.4077,0.35573167
1159,model_4,0.2581,0.3060002
1160,model_4,0.7871,0.7176543
1161,model_4,0.8143,0.7551493
1162,model_4,0.452,0.43278608
1163,model_4,0.2987,0.27014947
1164,model_4,0.6108,0.6272396
1165,model_4,0.1683,0.09479204
1166,model_4,0.1671,0.17553511
1167,model_4,0.2967,0.39580476
1168,model_4,0.2954,0.3582872
1169,model_4,0.3643,0.35593936
1170,model_4,0.2669,0.28242335
1171,model_4,0.0164,0.140723
1172,model_4,0.5046,0.53500086
1173,model_4,0.2705,0.3051912
1174,model_4,0.3407,0.2786588
1175,model_4,0.1184,0.12834178
1176,model_4,0.4211,0.4536825
1177,model_4,0.4884,0.45351312
1178,model_4,0.0235,0.10135094
1179,model_4,0.1446,0.117373765
1180,model_4,0.331,0.30761382
1181,model_4,-0.0537,0.2440268
1182,model_4,0.2296,0.41578636
1183,model_4,0.7096,0.6198343
1184,model_4,0.2244,0.19601609
1185,model_4,0.0437,0.015721524
1186,model_4,0.1183,0.116885826
1187,model_4,0.8615,0.7985679
1188,model_4,0.0187,0.05543305
1189,model_4,0.0837,0.18432939
1190,model_4,0.3883,0.41160506
1191,model_4,0.8648,0.8602164
1192,model_4,0.0502,0.15106502
1193,model_4,0.7576,0.74751234
1194,model_4,0.4708,0.3557743
1195,model_4,0.4046,0.42522982
1196,model_4,0.2957,0.31671056
1197,model_4,0.0517,0.06485909
1198,model_4,0.4288,0.35950485
1199,model_4,0.6246,0.69598484
1200,model_4,0.5726,0.59669274
1201,model_4,-0.0682,-0.041366823
1202,model_4,0.128,0.10030712
1203,model_4,0.1531,0.16716374
1204,model_4,0.2597,0.26790297
1205,model_4,0.3983,0.3946461
1206,model_4,0.1204,0.10918197
1207,model_4,0.2511,0.22026588
1208,model_4,0.0046,0.034581847
1209,model_4,0.1621,0.19432443
1210,model_4,0.3951,0.37017456
1211,model_4,0.3392,0.32140288
1212,model_4,0.2839,0.08974747
1213,model_4,0.4702,0.4209815
1214,model_4,0.2057,0.1889172
1215,model_4,0.733,0.66552365
1216,model_4,0.0915,0.11394404
1217,model_4,0.4428,0.34876075
1218,model_4,0.0252,0.047361657
1219,model_4,-0.0284,0.04863429
1220,model_4,-0.1457,0.11990611
1221,model_4,0.9885,0.97421724
1222,model_4,0.1666,0.22148307
1223,model_4,0.3253,0.3815563
1224,model_4,0.2986,0.41608253
1225,model_4,0.3714,0.3759944
1226,model_4,0.1453,0.17570394
1227,model_4,0.0136,0.026916446
1228,model_4,0.2185,0.11437221
1229,model_4,0.2394,0.3829628
1230,model_4,0.5437,0.5301306
1231,model_4,0.1958,0.16689001
1232,model_4,0.9442,1.1378957
1233,model_4,0.207,0.12800635
1234,model_4,0.0225,0.013568694
1235,model_4,0.0066,0.06038907
1236,model_4,0.6326,0.67792237
1237,model_4,0.0028,-0.0030712243
1238,model_4,0.7214,0.6628387
1239,model_4,0.1686,0.118186444
1240,model_4,0.0032,0.036210738
1241,model_4,0.1772,0.17347676
1242,model_4,0.5219,0.4554067
1243,model_4,0.4118,0.35536432
1244,model_4,-0.0206,-0.014933867
1245,model_4,0.2712,0.23501568
1246,model_4,0.1563,0.11629452
1247,model_4,0.1224,0.15974069
1248,model_4,0.0169,0.05139707
1249,model_4,0.2257,0.14925054
1250,model_4,0.5804,0.61968994
1251,model_4,0.0259,0.04861004
1252,model_4,1.0002,0.9115809
1253,model_4,0.2518,0.2514881
1254,model_4,-0.0857,-0.083933435
1255,model_4,0.4011,0.39993337
1256,model_4,0.1463,0.18210952
1257,model_4,-0.0271,-0.036019273
1258,model_4,0.3721,0.32196945
1259,model_4,0.2038,0.20967889
1260,model_4,0.2173,0.19143344
1261,model_4,0.0687,0.08530724
1262,model_4,0.4037,0.35702512
1263,model_4,0.2368,0.25503698
1264,model_4,0.1524,0.0918043
1265,model_4,0.3606,0.34841204
1266,model_4,0.4923,0.48734847
1267,model_4,0.2687,0.10547891
1268,model_4,0.4663,0.503971
1269,model_4,0.0836,0.09977413
1270,model_4,0.1212,0.13739073
1271,model_4,0.363,0.30129087
1272,model_4,0.2771,0.27284288
1273,model_4,0.1134,0.14172006
1274,model_4,0.2849,0.30089143
1275,model_4,0.239,0.18504472
1276,model_4,0.1354,0.09697229
1277,model_4,0.7932,0.7769356
1278,model_4,0.2004,0.2326893
1279,model_4,0.0815,0.12082887
1280,model_4,-0.1216,-0.08289723
1281,model_4,0.3319,0.2315114
1282,model_4,0.4251,0.45343617
1283,model_4,0.1852,0.27941617
1284,model_4,0.3385,0.36184838
1285,model_4,0.1645,0.18128602
1286,model_4,0.485,0.4629255
1287,model_4,0.3649,0.2378395
1288,model_4,0.0918,0.052468322
1289,model_4,0.4026,0.39550593
1290,model_4,-0.0156,-0.013733571
1291,model_4,0.3266,0.32648262
1292,model_4,0.121,0.09773517
1293,model_4,0.9379,0.8507934
1294,model_4,0.5696,0.5474006
1295,model_4,0.1513,0.08458894
1296,model_4,0.2901,0.22072701
1297,model_4,-0.0379,0.049034268
1298,model_4,0.4771,0.39825445
1299,model_4,0.2526,0.22377561
1300,model_4,0.051,0.03659959
1301,model_4,0.3097,0.32389686
1302,model_4,0.1041,0.085370734
1303,model_4,0.4887,0.51237774
1304,model_4,0.2168,0.11497514
1305,model_4,0.1689,0.19905497
1306,model_4,0.2043,0.15159531
1307,model_4,-0.0244,-0.011878705
1308,model_4,0.8821,0.8124857
1309,model_4,0.1,0.086205095
1310,model_4,0.0855,0.07033476
1311,model_4,0.894,0.851859
1312,model_4,0.2926,0.25785136
1313,model_4,0.202,0.22701783
1314,model_4,0.2287,0.29193023
1315,model_4,0.2719,0.3077072
1316,model_4,0.296,0.25714555
1317,model_4,0.1188,0.15972133
1318,model_4,-0.076,-0.13990894
1319,model_4,0.1009,0.08946766
1320,model_4,0.1446,0.20121638
1321,model_4,0.659,0.57937604
1322,model_4,0.6385,0.5701435
1323,model_4,0.127,0.083971284
1324,model_4,0.4269,0.47488007
1325,model_4,0.2321,0.21550912
1326,model_4,0.1289,0.11792891
1327,model_4,0.0382,0.10362207
1328,model_4,0.3862,0.3925993
1329,model_4,0.1085,0.021160664
1330,model_4,0.3612,0.32571927
1331,model_4,-0.0885,-0.05859732
1332,model_4,0.2871,0.3969417
1333,model_4,0.0419,0.059782147
1334,model_4,0.5384,0.5887323
1335,model_4,0.3856,0.39455536
1336,model_4,0.1902,0.16024075
1337,model_4,0.1022,0.047431603
1338,model_4,0.7441,0.7123114
1339,model_4,0.0705,0.061954886
1340,model_4,0.6007,0.54484344
1341,model_4,0.1348,0.08857682
1342,model_4,0.1103,0.13026536
1343,model_4,0.7021,0.73476183
1344,model_4,0.074,0.013635406
1345,model_4,0.0788,0.10994442
1346,model_4,-0.1229,-0.08808829
1347,model_4,0.0484,0.02159326
1348,model_4,0.8553,0.83622104
1349,model_4,0.4497,0.48458657
1350,model_4,0.5083,0.4366819
1351,model_4,0.1052,0.038431905
1352,model_4,0.4082,0.4379827
1353,model_4,0.9611,0.9742913
1354,model_4,0.28,0.2919658
1355,model_4,0.4931,0.5555136
1356,model_4,0.0609,0.10565393
1357,model_4,0.128,0.020736607
1358,model_4,0.0474,0.046104066
1359,model_4,0.712,0.7217411
1360,model_4,0.1954,0.23420586
1361,model_4,0.4323,0.44387773
1362,model_4,0.2065,0.18276273
1363,model_4,0.7595,0.69463694
1364,model_4,0.2318,0.27467486
1365,model_4,0.0774,0.074501514
1366,model_4,0.1822,0.12283747
1367,model_4,0.5433,0.56932676
1368,model_4,0.0952,0.11476512
1369,model_4,0.1016,0.09786548
1370,model_4,0.0262,0.19959487
1371,model_4,0.2433,0.21173625
1372,model_4,0.0483,0.01445421
1373,model_4,0.5242,0.51690894
1374,model_4,-0.1087,-0.047146983
1375,model_4,0.2239,0.15656954
1376,model_4,0.3461,0.34108296
1377,model_4,0.4016,0.3568512
1378,model_4,-0.0201,0.027829314
1379,model_4,0.045,-0.019807203
1380,model_4,0.2294,0.2792608
1381,model_4,0.0726,0.083103314
1382,model_4,0.0807,0.087332174
1383,model_4,0.5967,0.56108063
1384,model_4,-0.0893,-0.14577653
1385,model_4,0.045,0.07080817
1386,model_4,0.5699,0.5392385
1387,model_4,0.0373,0.042379327
1388,model_4,0.0688,0.17404433
1389,model_4,0.2832,0.36510688
1390,model_4,0.8389,0.8046138
1391,model_4,0.4384,0.39466348
1392,model_4,0.4822,0.47489938
1393,model_4,0.3306,0.32859817
1394,model_4,0.4004,0.4665237
1395,model_4,0.2589,0.34683698
1396,model_4,0.0812,0.0995717
1397,model_4,0.2753,0.3290541
1398,model_4,0.109,0.01423824
1399,model_4,0.5434,0.49549165
1400,model_4,0.4242,0.47045156
1401,model_4,0.323,0.061593264
1402,model_4,0.016,0.027164998
1403,model_4,0.0412,-0.023925608
1404,model_4,0.5476,0.5769466
1405,model_4,0.0174,0.017010825
1406,model_4,0.1614,0.16849364
1407,model_4,0.4072,0.3680006
1408,model_4,0.174,0.13177797
1409,model_4,0.3129,0.2986294
1410,model_4,0.6434,0.63541305
1411,model_4,0.353,0.355668
1412,model_4,0.1901,0.21429315
1413,model_4,0.1591,0.286714
1414,model_4,-0.0801,-0.03889201
1415,model_4,0.0749,0.1260188
1416,model_4,0.3967,0.42056015
1417,model_4,0.5244,0.48264328
1418,model_4,0.0868,0.10647568
1419,model_4,0.2047,0.18295011
1420,model_4,0.4198,0.46274498
1421,model_4,0.192,0.2087745
1422,model_4,0.4675,0.38118848
1423,model_4,0.1132,0.34576187
1424,model_4,0.4264,0.37096986
1425,model_4,0.4949,0.598023
1426,model_4,-0.0949,-0.12209374
1427,model_4,0.3015,0.3144697
1428,model_4,0.1283,0.10905884
1429,model_4,0.2633,0.2824521
1430,model_4,0.0581,0.05384803
1431,model_4,0.1345,0.18084745
1432,model_4,0.5338,0.6013135
1433,model_4,0.7718,0.7036137
1434,model_4,0.3358,0.19411449
1435,model_4,0.6037,0.61553633
1436,model_4,0.0834,0.13192815
1437,model_4,0.172,0.25467494
1438,model_4,0.5371,0.6045599
1439,model_4,0.355,0.41697264
1440,model_4,-0.2004,-0.13651595
1441,model_4,0.6343,0.64308
1442,model_4,0.3031,0.3659028
1443,model_4,0.6922,0.69919336
1444,model_4,0.7961,0.75929487
1445,model_4,0.2935,0.2779198
1446,model_4,-0.2648,-0.15995906
1447,model_4,0.1624,0.09820439
1448,model_4,0.0556,-0.0032214057
1449,model_4,-0.0297,0.0014201049
1450,model_4,0.4203,0.39060283
1451,model_4,0.3153,0.16161615
1452,model_4,0.1,0.12669544
1453,model_4,0.3418,0.2820837
1454,model_4,0.1252,0.1251439
1455,model_4,0.2916,0.3166819
1456,model_4,0.1667,0.12951073
1457,model_4,0.4856,0.32781565
1458,model_4,0.0735,0.10239651
1459,model_4,0.1372,0.06450418
1460,model_4,0.023,0.0135289
1461,model_4,0.1408,0.098733775
1462,model_4,0.2185,0.24134557
1463,model_4,0.498,0.52069515
1464,model_4,-0.0696,-0.041653953
1465,model_4,0.2467,0.24111952
1466,model_4,0.1299,0.062414788
1467,model_4,0.4576,0.3180634
1468,model_4,0.0613,0.063972905
1469,model_4,0.3672,0.3767812
1470,model_4,0.1562,0.13677244
1471,model_4,0.1586,0.24237745
1472,model_4,0.3902,0.33803174
1473,model_4,0.2529,0.2607536
1474,model_4,0.1726,0.08091582
1475,model_4,0.1948,0.20581165
1476,model_4,0.0098,-0.029388754
1477,model_4,0.7789,0.6913352
1478,model_4,0.648,0.64836586
1479,model_4,0.2284,0.21517813
1480,model_4,0.0087,0.061138228
1481,model_4,0.2845,0.24313636
1482,model_4,0.3304,0.26546538
1483,model_4,0.4893,0.5265096
1484,model_4,0.048,0.06242439
1485,model_4,0.6718,0.65095186
1486,model_4,0.1002,0.08263217
1487,model_4,0.1434,0.133839
1488,model_4,0.1834,0.22117034
1489,model_4,0.1037,0.1496994
1490,model_4,-0.0082,-0.008271953
1491,model_4,0.3348,0.34969258
1492,model_4,0.2168,0.23747982
1493,model_4,0.4355,0.4417844
1494,model_4,0.0145,0.04872115
1495,model_4,0.4228,0.47659135
1496,model_4,0.2779,0.17729774
1497,model_4,0.2288,0.12296514
1498,model_4,0.0642,0.054110408
1499,model_4,0.2263,0.06157171
1500,model_4,0.7852,0.8016718
1501,model_4,0.3982,0.0234537
1502,model_4,0.9495,0.9479593
1503,model_4,-0.0938,-0.06427785
1504,model_4,0.3349,0.33632115
1505,model_4,0.2672,0.22136451
1506,model_4,0.4324,0.38117388
1507,model_4,0.2398,0.26604387
1508,model_4,-0.1674,-0.1516625
1509,model_4,0.5187,0.53607714
1510,model_4,0.1452,0.1879568
1511,model_4,0.2014,0.21692783
1512,model_4,-0.0286,0.21783222
1513,model_4,0.1816,0.22107843
1514,model_4,0.0767,0.12140724
1515,model_4,0.2175,0.16219491
1516,model_4,0.132,0.086609796
1517,model_4,0.2706,0.17727952
1518,model_4,0.0277,0.040338278
1519,model_4,0.4534,0.40142542
1520,model_4,0.3538,0.32998964
1521,model_4,0.1621,0.17781939
1522,model_4,0.0063,0.00014444627
1523,model_4,0.117,0.07683777
1524,model_4,-0.1019,-0.124080434
1525,model_4,0.2197,0.24306758
1526,model_4,-0.0081,0.019537786
1527,model_4,0.066,0.062359966
1528,model_4,0.1397,0.103467554
1529,model_4,0.0073,0.04613953
1530,model_4,0.2529,0.22582027
1531,model_4,0.434,0.4130151
1532,model_4,0.605,0.4368784
1533,model_4,-0.0574,-0.017847387
1534,model_4,0.0662,0.28858778
1535,model_4,0.3678,0.36197737
1536,model_4,0.1628,0.09228765
1537,model_4,0.0918,0.08318356
1538,model_4,0.0988,0.13677956
1539,model_4,0.6383,0.61528647
1540,model_4,0.2081,0.26763728
1541,model_4,0.4511,0.45922998
1542,model_4,0.1065,0.08433049
1543,model_4,0.34,0.32312217
1544,model_4,-0.0052,0.011208141
1545,model_4,0.0551,0.011226596
1546,model_4,0.164,0.14666897
1547,model_4,0.3621,0.42167348
1548,model_4,0.4879,0.49538854
1549,model_4,-0.1169,-0.12007363
1550,model_4,0.2803,0.25086972
1551,model_4,0.8699,0.7899128
1552,model_4,0.3602,0.24522172
1553,model_4,0.1378,0.15585628
1554,model_4,0.2207,0.21175705
1555,model_4,-0.0334,-0.005080981
1556,model_4,0.2138,0.3071388
1557,model_4,0.1619,0.010954136
1558,model_4,0.039,0.066924214
1559,model_4,0.2642,0.23590164
1560,model_4,0.3946,0.40014115
1561,model_4,0.0083,0.017480599
1562,model_4,0.2892,0.27885562
1563,model_4,0.0761,0.08832893
1564,model_4,0.3018,0.2132249
1565,model_4,0.2253,0.20226373
1566,model_4,-0.0009,0.033543974
1567,model_4,-0.0714,-0.10744919
1568,model_4,0.1869,0.23476414
1569,model_4,0.0231,-0.06667574
1570,model_4,0.0105,0.032554194
1571,model_4,0.4806,0.5108858
1572,model_4,-0.0421,0.14582106
1573,model_4,0.3995,0.38576207
1574,model_4,0.0902,0.09918623
1575,model_4,0.4672,0.5407251
1576,model_4,0.0382,0.09302785
1577,model_4,0.656,0.5296907
1578,model_4,0.6017,0.6104841
1579,model_4,0.0696,0.07299258
1580,model_4,0.6041,0.6051651
1581,model_4,0.4106,0.31755683
1582,model_4,-0.013,0.008634159
1583,model_4,0.1931,0.17039356
1584,model_4,0.2395,0.19303672
1585,model_4,0.0829,0.13475724
1586,model_4,0.0043,0.05445057
1587,model_4,0.2099,0.20926398
1588,model_4,0.144,0.15870059
1589,model_4,0.4955,0.48590752
1590,model_4,0.4884,0.34785548
1591,model_4,0.0286,0.05471617
1592,model_4,-0.1019,-0.07436679
1593,model_4,0.8831,0.8805674
1594,model_4,0.4587,0.46784723
1595,model_4,0.5585,0.57817346
1596,model_4,0.0828,0.06616588
1597,model_4,0.1533,0.1987501
1598,model_4,0.401,0.5020272
1599,model_4,0.5687,0.58068365
1600,model_4,0.3737,0.42363524
1601,model_4,0.1339,0.13889952
1602,model_4,0.0519,0.07851903
1603,model_4,0.0746,0.20701241
1604,model_4,0.3242,0.3368234
1605,model_4,0.201,0.1303802
1606,model_4,0.2091,0.24692608
1607,model_4,0.0201,0.1247448
1608,model_4,0.2523,0.20993923
1609,model_4,0.2701,0.15758942
1610,model_4,0.0578,0.04321777
1611,model_4,0.5242,0.18267603
1612,model_4,0.2849,0.28620228
1613,model_4,0.525,0.47806498
1614,model_4,0.0624,0.004458526
1615,model_4,-0.0258,-0.027753195
1616,model_4,0.0856,0.028987246
1617,model_4,0.3833,0.3725929
1618,model_4,0.4687,0.4461573
1619,model_4,0.4492,0.46363172
1620,model_4,0.8282,0.82308835
1621,model_4,0.1193,0.12319572
1622,model_4,0.0064,-0.06638205
1623,model_4,0.3604,0.36844373
1624,model_4,0.008,0.010756457
1625,model_4,0.3353,0.29602447
1626,model_4,0.0042,-0.012173204
1627,model_4,0.1365,0.0771589
1628,model_4,0.3151,0.35979939
1629,model_4,0.1198,0.15752816
1630,model_4,0.5394,0.50979936
1631,model_4,0.2255,0.20440564
1632,model_4,0.3169,0.3756115
1633,model_4,0.5033,0.526775
1634,model_4,0.9488,0.9062791
1635,model_4,0.4708,0.34401923
1636,model_4,0.7247,0.68437755
1637,model_4,0.2032,0.1573113
1638,model_4,0.438,0.43711933
1639,model_4,0.1759,0.1609434
1640,model_4,0.2296,0.26560304
1641,model_4,0.1175,0.16462192
1642,model_4,0.2992,0.20272346
1643,model_4,0.0234,0.025976645
1644,model_4,0.3993,0.47999233
1645,model_4,0.3803,0.28092632
1646,model_4,0.2357,0.2635398
1647,model_4,-0.0527,-0.062077783
1648,model_4,-0.0915,-0.16105185
1649,model_4,0.5176,0.58787245
1650,model_4,0.1467,0.0646104
1651,model_4,-0.133,-0.15532939
1652,model_4,0.0511,0.1264497
1653,model_4,0.1258,0.20018765
1654,model_4,0.0692,0.054990098
1655,model_4,0.139,0.19541247
1656,model_4,0.1957,0.15694685
1657,model_4,0.0205,0.016029203
1658,model_4,0.6028,0.63301647
1659,model_4,0.5247,0.5028465
1660,model_4,0.1614,0.2110839
1661,model_4,-0.0481,-0.039036043
1662,model_4,0.5875,0.38355604
1663,model_4,0.4738,0.4711916
1664,model_4,0.8464,0.8162015
1665,model_4,0.6334,0.68045926
1666,model_4,0.3396,0.29455093
1667,model_4,0.3223,0.43043146
1668,model_4,0.6003,0.63836277
1669,model_4,0.2804,0.2573127
1670,model_4,0.0225,0.012322875
1671,model_4,0.0531,0.022655213
1672,model_4,0.245,0.14114551
1673,model_4,0.4695,0.29483822
1674,model_4,-0.0107,-0.07255568
1675,model_4,0.2829,0.2811633
1676,model_4,0.0489,0.04573247
1677,model_4,-0.0258,0.027986126
1678,model_4,0.8012,0.77236915
1679,model_4,0.0384,0.042450093
1680,model_4,0.2667,0.34968287
1681,model_4,0.1086,0.14231963
1682,model_4,0.3154,0.36409232
1683,model_4,0.214,0.2853257
1684,model_4,-0.037,0.029886851
1685,model_4,0.1524,0.13397753
1686,model_4,0.3186,0.34852728
1687,model_4,0.0777,0.16461249
1688,model_4,0.5081,0.49312916
1689,model_4,0.6181,0.6235862
1690,model_4,0.0082,-0.11597131
1691,model_4,0.5186,0.54001456
1692,model_4,0.2533,0.2699398
1693,model_4,0.3952,0.42912957
1694,model_4,-0.1906,-0.19506024
1695,model_4,0.3783,0.37685683
1696,model_4,0.2886,0.26253903
1697,model_4,0.0722,0.07249772
1698,model_4,0.1924,0.082998894
1699,model_4,0.3348,0.34408423
1700,model_4,0.2935,0.22338687
1701,model_4,0.1346,0.16800465
1702,model_4,0.6805,0.676235
1703,model_4,0.1677,0.09705053
1704,model_4,0.2878,0.24148406
1705,model_4,-0.0727,-0.0350482
1706,model_4,0.4103,0.43639517
1707,model_4,0.0445,0.047298446
1708,model_4,0.1129,0.13641727
1709,model_4,0.3854,0.16110118
1710,model_4,0.4533,0.4955682
1711,model_4,0.1451,0.082693875
1712,model_4,0.3657,0.39354953
1713,model_4,0.8949,0.7864197
1714,model_4,0.0641,0.047415793
1715,model_4,-0.1158,-0.12411339
1716,model_4,0.0198,0.044443026
1717,model_4,0.2413,0.22150181
1718,model_4,0.3937,0.44145876
1719,model_4,0.05,0.0565774
1720,model_4,0.5014,0.5065234
1721,model_4,0.3544,0.347982
1722,model_4,0.2476,0.18218108
1723,model_4,-0.0343,0.0121288765
1724,model_4,0.3808,0.2830517
1725,model_4,0.0194,0.025969507
1726,model_4,-0.0461,-0.04496643
1727,model_4,0.0669,0.042739153
1728,model_4,0.1581,0.08702214
1729,model_4,0.2801,0.31260097
1730,model_4,0.0341,0.0026293788
1731,model_4,-0.1354,-0.07634931
1732,model_4,0.132,0.0957744
1733,model_4,0.1124,0.105689555
1734,model_4,0.1666,0.23547213
1735,model_4,0.1271,0.12826
1736,model_4,0.4308,0.47524714
1737,model_4,0.0201,0.037450187
1738,model_4,0.0281,0.0894959
1739,model_4,0.2822,0.21765094
1740,model_4,0.0986,0.14828588
1741,model_4,0.8733,0.7348602
1742,model_4,0.0548,0.01690142
1743,model_4,0.1067,0.058634833
1744,model_4,0.3802,0.42843017
1745,model_4,0.3047,0.32447192
1746,model_4,0.6382,0.5453881
1747,model_4,0.3718,0.3317559
1748,model_4,0.3056,0.3164293
1749,model_4,0.2556,0.23289682
1750,model_4,0.5619,0.5820111
1751,model_4,0.0554,0.01887236
1752,model_4,0.0526,0.20255981
1753,model_4,0.0515,0.082842
1754,model_4,0.4371,0.45315093
1755,model_4,0.2883,0.29954615
1756,model_4,0.7762,0.78245914
1757,model_4,0.0073,-0.011700494
1758,model_4,0.2442,0.27145788
1759,model_4,0.078,0.0861529
1760,model_4,0.169,0.13779512
1761,model_4,0.4511,0.51171863
1762,model_4,0.831,0.8591464
1763,model_4,0.4813,0.53678447
1764,model_4,0.0632,0.076979764
1765,model_4,0.0151,0.025376776
1766,model_4,0.0302,0.13938953
1767,model_4,0.5441,0.5652733
1768,model_4,-0.1412,-0.1572582
1769,model_4,0.5619,0.55334336
1770,model_4,0.1997,0.15915255
1771,model_4,0.4214,0.31622744
1772,model_4,0.2085,0.15732846
1773,model_4,0.6903,0.5627538
1774,model_4,0.4486,0.39697805
1775,model_4,0.555,0.16726728
1776,model_4,0.1447,0.13142465
1777,model_4,0.6261,0.5944761
1778,model_4,0.0973,0.07277745
1779,model_4,0.2029,0.21302328
1780,model_4,0.7223,0.7769786
1781,model_4,0.9309,0.8684069
1782,model_4,0.1465,0.21025984
1783,model_4,0.0253,0.016663374
1784,model_4,0.6973,0.62812865
1785,model_4,0.0793,0.061349057
1786,model_4,0.1702,0.17120849
1787,model_4,0.188,0.28547505
1788,model_4,0.9724,0.88929164
1789,model_4,0.1568,0.1661328
1790,model_4,0.307,0.3065568
1791,model_4,0.0096,-0.0743739
1792,model_4,0.007,0.021729091
1793,model_4,0.1113,0.13161397
1794,model_4,-0.0937,-0.091121286
1795,model_4,0.2435,0.27856666
1796,model_4,-0.0739,0.01744661
1797,model_4,0.0121,0.017909216
1798,model_4,0.0693,0.120854035
1799,model_4,0.3114,0.15494356
1800,model_4,0.2436,0.28502885
1801,model_4,0.0941,0.041628867
1802,model_4,0.0944,0.18036227
1803,model_4,0.3392,0.33448023
1804,model_4,0.4291,0.42961577
1805,model_4,0.2061,0.23563032
1806,model_4,0.2823,0.30118114
1807,model_4,0.6386,0.6121955
1808,model_4,0.4165,0.3814501
1809,model_4,0.4307,0.3843133
1810,model_4,0.0637,0.09114353
1811,model_4,0.5743,0.5788537
1812,model_4,0.2989,0.27734408
1813,model_4,-0.0153,0.028893577
1814,model_4,0.1732,0.203958
1815,model_4,0.3582,0.4247093
1816,model_4,0.2253,0.11931901
1817,model_4,0.329,0.33090034
1818,model_4,0.0924,0.11441034
1819,model_4,0.323,0.28278616
1820,model_4,0.24,0.20190075
1821,model_4,-0.0496,-0.03728848
1822,model_4,0.1813,0.20714672
1823,model_4,0.3167,0.06399572
1824,model_4,-0.1995,0.024178484
1825,model_4,0.4691,0.46263865
1826,model_4,0.204,0.2634913
1827,model_4,0.0108,-0.12563947
1828,model_4,0.2334,0.18285099
1829,model_4,0.1063,0.048428237
1830,model_4,0.1541,0.5570936
1831,model_4,0.0982,0.17897658
1832,model_4,0.1991,0.27815744
1833,model_4,0.21,0.16716659
1834,model_4,0.3,0.3463311
1835,model_4,0.1882,0.042511933
1836,model_4,0.2656,0.23816492
1837,model_4,0.0093,-0.015890902
1838,model_4,0.128,0.20868985
1839,model_4,0.0912,0.109080926
1840,model_4,0.2234,0.19418603
1841,model_4,0.2809,0.29802045
1842,model_4,0.2623,0.28101897
1843,model_4,0.1523,0.1895622
1844,model_4,-0.0061,-0.0032090675
1845,model_4,0.1342,0.18097487
1846,model_4,0.1935,0.26308215
1847,model_4,0.2143,0.21991812
1848,model_4,0.5605,0.48136544
1849,model_4,0.7351,0.56076944
1850,model_4,0.2722,0.202859
1851,model_4,0.0339,0.017311724
1852,model_4,-0.0714,-0.031996354
1853,model_4,0.1998,0.116134316
1854,model_4,0.1146,0.15903874
1855,model_4,0.1568,0.13536651
1856,model_4,0.3448,0.38954434
1857,model_4,-0.1529,-0.052623004
1858,model_4,0.1486,0.06089504
1859,model_4,0.3611,0.341327
1860,model_4,0.0948,0.019677037
1861,model_4,0.5173,0.58093596
1862,model_4,0.0495,0.045641027
1863,model_4,0.445,0.3278941
1864,model_4,0.3841,0.34946796
1865,model_4,0.4339,0.41233122
1866,model_4,0.1102,0.11714509
1867,model_4,0.5015,0.5008068
1868,model_4,0.4173,0.3873212
1869,model_4,-0.067,-0.07701186
1870,model_4,-0.0166,0.0021994282
1871,model_4,-0.0258,0.019250115
1872,model_4,0.2449,0.37630752
1873,model_4,0.1174,0.10975823
1874,model_4,0.162,0.17801388
1875,model_4,0.2381,0.25533196
1876,model_4,0.2539,0.18655798
1877,model_4,0.0735,0.05042094
1878,model_4,0.9806,0.88916254
1879,model_4,0.4407,0.44007626
1880,model_4,0.2269,0.29130292
1881,model_4,-0.0766,-0.15711346
1882,model_4,0.0796,0.18451126
1883,model_4,0.6003,0.55505157
1884,model_4,0.719,0.70891345
1885,model_4,0.6339,0.71078247
1886,model_4,0.0301,0.045960523
1887,model_4,0.0793,0.11116634
1888,model_4,0.1956,0.24899985
1889,model_4,0.8536,0.8033537
1890,model_4,0.165,0.1736489
1891,model_4,0.3517,0.33394116
1892,model_4,0.2038,0.13978596
1893,model_4,-0.0053,-0.010399414
1894,model_4,0.0542,-0.034613
1895,model_4,0.8258,0.7190305
1896,model_4,0.353,0.38557193
1897,model_4,0.1711,0.19244263
1898,model_4,0.4296,0.46017373
1899,model_4,0.2038,0.15782394
1900,model_4,0.3169,0.40293887
1901,model_4,0.3385,0.34268677
1902,model_4,0.0409,0.041307062
1903,model_4,0.0625,0.09438795
1904,model_4,0.7462,0.81957537
1905,model_4,0.0599,0.07150431
1906,model_4,0.1386,0.16037117
1907,model_4,0.0468,0.04874847
1908,model_4,0.0625,0.09778244
1909,model_4,0.2048,0.19899805
1910,model_4,0.6842,0.7754562
1911,model_4,0.0614,0.072397076
1912,model_4,0.6128,0.5725404
1913,model_4,0.1058,0.071477845
1914,model_4,0.9099,0.8467804
1915,model_4,0.2142,0.23530902
1916,model_4,0.0273,-0.026046088
1917,model_4,0.4871,0.41656223
1918,model_4,-0.0276,0.08867311
1919,model_4,0.401,0.43897676
1920,model_4,0.8835,0.8636384
1921,model_4,0.2694,0.20829229
1922,model_4,0.6094,0.6132398
1923,model_4,0.021,-0.12826219
1924,model_4,0.1737,0.18135676
1925,model_4,0.0308,0.03839197
1926,model_4,0.2844,0.24940754
1927,model_4,0.606,0.65435886
1928,model_4,0.0895,0.06960581
1929,model_4,0.1664,0.14958715
1930,model_4,0.6168,0.63630456
1931,model_4,0.0302,0.077901326
1932,model_4,0.0513,-0.056200974
1933,model_4,0.0782,0.12100871
1934,model_4,0.0632,0.046399236
1935,model_4,0.2951,0.08209741
1936,model_4,0.7142,0.6914684
1937,model_4,0.3243,0.27825984
1938,model_4,0.7871,0.7663673
1939,model_4,0.8224,0.7658324
1940,model_4,0.6999,0.7256803
1941,model_4,0.1011,0.08863333
1942,model_4,0.3801,0.3810247
1943,model_4,0.4836,0.42416975
1944,model_4,0.3291,0.34488836
1945,model_4,0.5715,0.5838854
1946,model_4,0.4445,0.45384523
1947,model_4,0.1746,0.15065898
1948,model_4,0.0899,0.0115014035
1949,model_4,0.0089,0.0072127823
1950,model_4,0.0246,0.05701056
1951,model_4,0.1195,0.13624085
1952,model_4,0.1596,0.13557898
1953,model_4,0.2312,0.21724582
1954,model_4,0.2667,0.13765334
1955,model_4,0.0707,0.099454835
1956,model_4,0.1318,0.06507712
1957,model_4,0.1511,0.18282048
1958,model_4,0.0559,0.013930419
1959,model_4,0.35,0.3329921
1960,model_4,0.1918,0.21226914
1961,model_4,0.0747,0.07520295
1962,model_4,0.3402,0.34248307
1963,model_4,0.3088,0.26049075
1964,model_4,0.5206,0.5209861
1965,model_4,0.1642,0.17996065
1966,model_4,0.2613,0.08890904
1967,model_4,0.5009,0.52746516
1968,model_4,0.0954,0.067378834
1969,model_4,0.1135,0.068448514
1970,model_4,0.2908,0.3713816
1971,model_4,-0.0937,-0.010371005
1972,model_4,0.0664,0.094953455
1973,model_4,0.2706,0.27501598
1974,model_4,0.2689,0.26146892
1975,model_4,0.4498,0.45703903
1976,model_4,0.3073,0.24592258
1977,model_4,0.1672,0.15874307
1978,model_4,0.0486,0.10905357
1979,model_4,-0.0287,-0.02076727
1980,model_4,0.2684,0.20496558
1981,model_4,0.1404,-0.0011203941
1982,model_4,0.4732,0.45804748
1983,model_4,0.2759,0.25623873
1984,model_4,0.4503,0.47321182
1985,model_4,0.1115,0.1634907
1986,model_4,-0.0236,0.12578502
1987,model_4,0.2721,0.21795304
1988,model_4,0.1952,0.19131437
1989,model_4,-0.0048,0.021398792
1990,model_4,0.0365,0.060316302
1991,model_4,0.1785,0.11875138
1992,model_4,0.1792,0.16036932
1993,model_4,-0.0119,-0.0007003676
1994,model_4,0.2714,0.30027387
1995,model_4,0.4866,0.53402686
1996,model_4,0.0556,0.038477197
1997,model_4,-0.0301,0.04811862
1998,model_4,0.1028,0.062898345
1999,model_4,0.175,0.19119556
2000,model_4,0.2137,0.27678305
2001,model_4,0.3126,0.21969946
2002,model_4,0.0038,0.08500928
2003,model_4,0.1805,0.14662457
2004,model_4,0.4573,0.45882776
2005,model_4,0.4347,0.565602
2006,model_4,-0.0041,-0.007073788
2007,model_4,0.4414,0.32526788
2008,model_4,0.6146,0.6437764
2009,model_4,0.3626,0.37624747
2010,model_4,0.3797,0.39932787
2011,model_4,0.0649,0.053919815
2012,model_4,0.1213,0.13092783
2013,model_4,0.5278,0.43046576
2014,model_4,0.3688,0.40967593
2015,model_4,0.5026,0.4419016
2016,model_4,0.5161,0.49304178
2017,model_4,0.11,0.08200823
2018,model_4,0.0692,0.039939865
2019,model_4,0.0205,0.06480527
2020,model_4,0.4743,0.52272093
2021,model_4,0.0569,0.21015115
2022,model_4,0.2556,0.17361353
2023,model_4,0.1831,0.14988384
2024,model_4,-0.0558,-0.15586828
2025,model_4,0.241,0.24769892
2026,model_4,0.0528,0.08201451
2027,model_4,0.3011,0.2259803
2028,model_4,0.1446,0.17818986
2029,model_4,0.3441,0.3421328
2030,model_4,0.1989,0.14763458
2031,model_4,0.2735,0.10592759
2032,model_4,0.6811,0.64935076
2033,model_4,0.4909,0.49912128
2034,model_4,0.3854,0.28556284
2035,model_4,0.009,0.039009035
2036,model_4,0.0029,0.052471533
2037,model_4,0.6713,0.6579881
2038,model_4,0.6935,0.63586843
2039,model_4,0.0239,0.013545828
2040,model_4,0.0817,0.12992834
2041,model_4,0.1259,0.15494663
2042,model_4,0.1235,0.13691083
2043,model_4,0.3109,0.36597362
2044,model_4,0.1534,0.12579046
2045,model_4,0.0552,0.087908596
2046,model_4,0.3115,0.31278288
2047,model_4,0.4089,0.44152358
2048,model_4,0.4448,0.54218686
2049,model_4,0.0684,0.20005523
2050,model_4,0.1937,0.25591752
2051,model_4,0.752,0.6886387
2052,model_4,0.0642,0.13605128
2053,model_4,0.1313,0.121090546
2054,model_4,-0.0088,0.032003425
2055,model_4,0.4224,0.46379375
2056,model_4,0.0218,0.046618618
2057,model_4,0.2253,0.25877506
2058,model_4,0.2724,0.3330446
2059,model_4,0.0298,-0.098380566
2060,model_4,0.3521,0.33047274
2061,model_4,0.6579,0.62307614
2062,model_4,0.6915,0.7313293
2063,model_4,0.2314,0.2860512
2064,model_4,0.5072,0.46694162
2065,model_4,0.0961,0.08067162
2066,model_4,0.4058,0.31385884
2067,model_4,0.7405,0.72882074
2068,model_4,0.5511,0.46672365
2069,model_4,0.4924,0.55662113
2070,model_4,0.0959,0.100673415
2071,model_4,0.1305,0.15434104
2072,model_4,0.2622,0.32226875
2073,model_4,0.2659,0.34735832
2074,model_4,0.1033,0.11861527
2075,model_4,0.0842,0.07506521
2076,model_4,0.2871,0.3838902
2077,model_4,0.7466,0.7570406
2078,model_4,0.091,0.14324677
2079,model_4,0.083,0.07059684
2080,model_4,0.3376,0.31961828
2081,model_4,0.1339,0.12011851
2082,model_4,0.6286,0.5509236
2083,model_4,0.2948,0.29949898
2084,model_4,0.4536,0.33595654
2085,model_4,0.1133,0.085500345
2086,model_4,0.3551,0.33491287
2087,model_4,0.0929,0.07842905
2088,model_4,0.4251,0.32779464
2089,model_4,0.2704,0.21525542
2090,model_4,0.2401,0.22121069
2091,model_4,0.665,0.6641259
2092,model_4,-0.0031,0.07761294
2093,model_4,0.7409,0.76499844
2094,model_4,-0.0025,-0.016469678
2095,model_4,0.0433,0.060864493
2096,model_4,0.7209,0.6505665
2097,model_4,0.0943,0.053837933
2098,model_4,0.0329,0.13985892
2099,model_4,0.1474,0.17925812
2100,model_4,0.1706,0.12706965
2101,model_4,-0.0493,-0.030590763
2102,model_4,-0.0868,-0.07588112
2103,model_4,0.3644,0.051840745
2104,model_4,0.5647,0.70381474
2105,model_4,0.1776,0.18021694
2106,model_4,0.0648,0.04206995
2107,model_4,0.0696,-0.0050260853
2108,model_4,0.0711,0.14901799
2109,model_4,-0.0556,0.0885549
2110,model_4,0.2539,0.21549515
2111,model_4,0.4092,0.35649553
2112,model_4,0.1373,0.22412242
2113,model_4,0.1552,0.10737769
2114,model_4,0.3984,0.44371548
2115,model_4,0.3301,0.40557656
2116,model_4,0.3196,0.1963218
2117,model_4,0.4281,0.37671047
2118,model_4,0.771,0.7237272
2119,model_4,0.4661,0.40577564
2120,model_4,0.2645,0.24660672
2121,model_4,-0.0593,-0.082742244
2122,model_4,0.1294,0.0891268
2123,model_4,0.1354,0.13280943
2124,model_4,0.4814,0.3968054
2125,model_4,0.1428,0.1523433
2126,model_4,0.4471,0.27989066
2127,model_4,0.2941,0.28166062
2128,model_4,0.5149,0.48973456
2129,model_4,0.0519,0.025387878
2130,model_4,0.1621,0.11874662
2131,model_4,0.0542,0.058025688
2132,model_4,0.2082,0.15104266
2133,model_4,0.246,0.11866443
2134,model_4,0.0346,0.14868765
2135,model_4,0.283,0.30013266
2136,model_4,0.0914,0.097849526
2137,model_4,0.2275,0.2526934
2138,model_4,0.7836,0.7643699
2139,model_4,0.2079,0.21015052
2140,model_4,0.1466,0.14513291
2141,model_4,-0.1392,-0.17964356
2142,model_4,-0.0122,0.027345056
2143,model_4,0.2164,0.16561161
2144,model_4,0.1646,0.18370368
2145,model_4,0.0769,0.11313772
2146,model_4,0.8451,0.79308426
2147,model_4,0.2269,0.25256944
2148,model_4,0.0412,0.023516336
2149,model_4,0.0971,0.16264252
2150,model_4,0.0746,0.04094562
2151,model_4,0.1097,0.15189648
2152,model_4,0.2956,0.31972048
2153,model_4,0.1064,0.14453503
2154,model_4,0.3524,0.3370507
2155,model_4,0.4511,0.5053656
2156,model_4,0.1325,0.08264159
2157,model_4,-0.0461,0.0039484296
2158,model_4,0.2438,0.22353052
2159,model_4,0.2596,0.17339346
2160,model_4,-0.0488,0.0038216729
2161,model_4,0.4558,0.4653796
2162,model_4,0.1508,0.21870773
2163,model_4,0.2979,0.32158017
2164,model_4,0.0906,0.032217987
2165,model_4,0.0853,-0.026061757
2166,model_4,0.4304,0.50658107
2167,model_4,0.2698,0.29346374
2168,model_4,0.1653,0.12655886
2169,model_4,0.3457,0.4545772
2170,model_4,0.4683,0.4224629
2171,model_4,0.1184,0.062722936
2172,model_4,0.2151,0.2020597
2173,model_4,0.1276,0.20406964
2174,model_4,-0.0285,-0.1166047
2175,model_4,0.1653,0.12761821
2176,model_4,0.8356,0.7826022
2177,model_4,0.2983,0.35755852
2178,model_4,0.5258,0.49020663
2179,model_4,0.1113,0.14025994
2180,model_4,0.8023,0.83119386
2181,model_4,0.1225,0.16301562
2182,model_4,-0.0278,-0.0065717082
2183,model_4,0.011,0.04373809
2184,model_4,0.1858,0.17922029
2185,model_4,-0.0655,-0.055840015
2186,model_4,0.0168,0.06124965
2187,model_4,0.2855,0.32174066
2188,model_4,0.0363,0.049638346
2189,model_4,0.1185,0.11807443
2190,model_4,0.5853,0.4938673
2191,model_4,0.1985,0.25114948
2192,model_4,-0.0767,-0.042469636
2193,model_4,0.0865,0.12262307
2194,model_4,0.1367,0.07232348
2195,model_4,0.4171,0.3564191
2196,model_4,0.0302,-0.027213132
2197,model_4,0.2236,0.11593525
2198,model_4,0.081,0.034022845
2199,model_4,-0.0656,-0.06986982
2200,model_4,0.0539,0.1229936
2201,model_4,-0.1132,-0.07155472
2202,model_4,-0.0558,-0.010833217
2203,model_4,0.1718,0.1667267
2204,model_4,0.3226,0.40720734
2205,model_4,0.4012,0.40061852
2206,model_4,0.1964,0.24252196
2207,model_4,0.5025,0.5032826
2208,model_4,0.1479,0.16976377
2209,model_4,0.2188,0.21240707
2210,model_4,0.7906,0.71687436
2211,model_4,-0.0018,0.0048380215
2212,model_4,0.0094,0.05974199
2213,model_4,-0.0241,-0.029436847
2214,model_4,0.133,0.11392997
2215,model_4,0.1703,0.14623968
2216,model_4,0.3239,0.4561002
2217,model_4,0.6986,0.6556072
2218,model_4,0.4268,0.42264417
2219,model_4,0.1748,0.1768351
2220,model_4,0.6091,0.56819737
2221,model_4,0.2514,0.24972774
2222,model_4,0.1115,0.04794
2223,model_4,0.0825,0.13571721
2224,model_4,0.1045,0.037319668
2225,model_4,0.0228,0.022996077
2226,model_4,0.2188,0.20745133
2227,model_4,0.488,0.20198189
2228,model_4,0.2498,0.18878756
2229,model_4,0.4969,0.61010885
2230,model_4,0.0161,0.13721791
2231,model_4,0.2558,0.2777663
2232,model_4,0.0944,0.12803796
2233,model_4,0.1596,0.23737217
2234,model_4,0.0603,0.108015925
2235,model_4,0.427,0.41501796
2236,model_4,-0.0324,0.022898221
2237,model_4,0.0983,0.24045126
2238,model_4,0.9195,0.8233917
2239,model_4,-0.0046,0.013842726
2240,model_4,0.4353,0.49964783
2241,model_4,0.4979,0.53815484
2242,model_4,0.2926,0.22598699
2243,model_4,0.3598,0.37051687
2244,model_4,0.5293,0.505462
2245,model_4,0.6086,0.5832804
2246,model_4,0.1407,0.11474466
2247,model_4,0.2129,0.3402888
2248,model_4,-0.0813,-0.020211292
2249,model_4,-0.0861,-0.15940334
2250,model_4,0.3607,0.50246465
2251,model_4,0.0736,0.05964405
2252,model_4,0.4956,0.4457514
2253,model_4,-0.0069,-0.0052472036
2254,model_4,-0.0042,0.015153648
2255,model_4,0.3008,0.31744817
2256,model_4,0.5262,0.4634017
2257,model_4,0.5154,0.46026
2258,model_4,0.5462,0.56959355
2259,model_4,0.2079,0.24332388
2260,model_4,0.1106,0.0609013
2261,model_4,0.4812,0.4161597
2262,model_4,0.306,0.254339
2263,model_4,0.1829,0.28903723
2264,model_4,0.4184,0.3513296
2265,model_4,0.0843,0.0872117
2266,model_4,0.2674,0.30575272
2267,model_4,0.3302,0.19746299
2268,model_4,0.0586,0.13138022
2269,model_4,0.5998,0.6153401
2270,model_4,0.145,0.33834764
2271,model_4,-0.1423,-0.1545013
2272,model_4,0.0996,0.11218426
2273,model_4,0.1298,0.18966375
2274,model_4,0.2488,0.53021216
2275,model_4,0.3637,0.37184426
2276,model_4,0.0805,0.08075657
2277,model_4,0.4003,0.42129347
2278,model_4,0.2231,0.23391177
2279,model_4,0.1833,0.23791103
2280,model_4,-0.0799,-0.1377122
2281,model_4,-0.1773,-0.2585009
2282,model_4,0.6467,0.66813266
2283,model_4,0.0156,0.010931531
2284,model_4,0.6895,0.5589595
2285,model_4,0.3761,0.3372746
2286,model_4,0.5106,0.2931299
2287,model_4,0.0337,0.012373688
2288,model_4,-0.0027,-0.06932301
2289,model_4,0.346,0.42591742
2290,model_4,0.2623,0.19645981
2291,model_4,0.2178,0.24025996
2292,model_4,0.9141,0.91453546
2293,model_4,-0.0143,0.060920343
2294,model_4,0.4648,0.4911172
2295,model_4,0.095,0.1989568
2296,model_4,0.2232,0.35506943
2297,model_4,0.4625,0.38009825
2298,model_4,0.3511,0.36005017
2299,model_4,0.4746,0.5148808
2300,model_4,0.1545,0.0364407
2301,model_4,1.0283,0.9888177
2302,model_4,0.2753,0.30086282
2303,model_4,0.0433,-0.08792247
2304,model_4,0.1429,0.18029131
2305,model_4,0.3277,0.30956304
2306,model_4,0.126,0.19398105
2307,model_4,0.8278,0.71793294
2308,model_4,-0.0626,-0.10070505
2309,model_4,0.2406,0.24102913
2310,model_4,0.1607,0.11955978
2311,model_4,0.2547,0.19179161
2312,model_4,0.2051,0.13344668
2313,model_4,0.1338,0.064496696
2314,model_4,0.3423,0.39093125
2315,model_4,0.1036,0.14536487
2316,model_4,0.0942,0.026991183
2317,model_4,0.3219,0.27988997
2318,model_4,0.0404,0.010323541
2319,model_4,0.5314,0.4788679
2320,model_4,-0.0495,-0.037231945
2321,model_4,0.2012,0.18443678
2322,model_4,0.0395,0.023224967
2323,model_4,-0.0871,-0.15212816
2324,model_4,0.3962,0.39673167
2325,model_4,0.0128,0.02593335
2326,model_4,0.6109,0.5695746
2327,model_4,-0.0456,-0.02679733
2328,model_4,0.191,0.16055404
2329,model_4,0.0226,0.18679836
2330,model_4,0.1018,0.10360119
2331,model_4,0.0441,0.05681239
2332,model_4,0.3571,0.44205686
2333,model_4,0.1164,0.116993785
2334,model_4,0.3579,0.30126524
2335,model_4,0.3431,0.41283175
2336,model_4,0.0919,0.104152665
2337,model_4,0.0966,0.05447811
2338,model_4,0.0786,0.1532283
2339,model_4,0.2287,0.20566437
2340,model_4,-0.0612,-0.05483424
2341,model_4,0.7831,0.7495658
2342,model_4,0.0844,0.1640273
2343,model_4,0.0551,0.09669003
2344,model_4,0.2589,0.15940939
2345,model_4,0.3022,0.26622596
2346,model_4,0.0914,0.07761769
2347,model_4,0.2766,0.32092506
2348,model_4,0.2123,0.13191897
2349,model_4,0.0611,0.08358227
2350,model_4,0.1277,0.11552039
2351,model_4,0.3579,0.41238284
2352,model_4,0.5922,0.6158563
2353,model_4,0.4146,0.42090416
2354,model_4,0.1249,0.11749162
2355,model_4,0.225,0.13958935
2356,model_4,0.1307,0.14482938
2357,model_4,0.2502,0.26514462
2358,model_4,0.0479,0.06369752
2359,model_4,0.0683,0.0983592
2360,model_4,0.1091,0.14652671
2361,model_4,0.0273,0.063927874
2362,model_4,0.3553,0.33773455
2363,model_4,-0.0426,-0.09954059
2364,model_4,0.0502,0.36299595
2365,model_4,0.3118,0.20167606
2366,model_4,0.1987,0.32827756
2367,model_4,0.385,0.35876942
2368,model_4,-0.0992,-0.049409494
2369,model_4,0.4363,0.4485377
2370,model_4,-0.1531,-0.10005316
2371,model_4,0.1138,0.115541175
2372,model_4,0.3308,0.37085542
2373,model_4,0.3607,0.40452293
2374,model_4,0.2634,0.28005436
2375,model_4,0.1535,0.1584505
2376,model_4,0.0753,-0.0022284146
2377,model_4,0.5317,0.5028423
2378,model_4,0.1409,0.11398637
2379,model_4,0.0704,0.09036037
2380,model_4,0.2197,0.30725437
2381,model_4,0.922,0.8740717
2382,model_4,0.3426,0.28659415
2383,model_4,0.2733,0.12735038
2384,model_4,0.1191,0.07677244
2385,model_4,0.0177,-0.021429842
2386,model_4,0.1661,0.2304102
2387,model_4,0.0241,0.029767828
2388,model_4,0.4024,0.39774516
2389,model_4,-0.043,-0.014192386
2390,model_4,-0.0965,-0.08417004
2391,model_4,0.5143,0.45311272
2392,model_4,-0.0147,-0.012743382
2393,model_4,0.1855,0.19381657
2394,model_4,-0.1254,-0.07616869
2395,model_4,0.1937,0.1519373
2396,model_4,0.0672,0.08140601
2397,model_4,0.1045,0.1301258
2398,model_4,0.0468,0.14375497
2399,model_4,0.2008,0.19514987
2400,model_4,0.0697,0.085095905
2401,model_4,0.0472,0.08178094
2402,model_4,0.7333,0.76989603
2403,model_4,0.0066,0.052218772
2404,model_4,0.2445,0.25624087
2405,model_4,0.3397,0.38953733
2406,model_4,0.2334,0.20946112
2407,model_4,0.125,0.10113399
2408,model_4,0.3493,0.42886657
2409,model_4,0.0261,0.031262957
2410,model_4,0.2084,0.18340209
2411,model_4,0.414,0.44612268
2412,model_4,0.3211,0.37123477
2413,model_4,0.1561,0.1819031
2414,model_4,-0.0465,-0.0020860936
2415,model_4,-0.1737,-0.1610703
2416,model_4,0.7037,0.7563908
2417,model_4,-0.0949,-0.10664003
2418,model_4,0.0636,0.026463153
2419,model_4,-0.0622,-0.09984799
2420,model_4,0.0604,0.04757695
2421,model_4,0.2381,0.17510426
2422,model_4,-0.0401,-0.16287069
2423,model_4,0.2792,0.29245606
2424,model_4,0.0646,0.086256735
2425,model_4,0.5045,0.503687
2426,model_4,-0.1945,-0.11342706
2427,model_4,0.0937,0.17533891
2428,model_4,-0.1968,-0.18389742
2429,model_4,-0.0879,0.11792068
2430,model_4,0.4961,0.35185856
2431,model_4,-0.0307,0.006185936
2432,model_4,0.2957,0.27434552
2433,model_4,0.197,0.22508441
2434,model_4,0.4483,0.44901416
2435,model_4,0.1704,0.11355905
2436,model_4,0.1531,0.12431267
2437,model_4,0.0805,-0.0024455618
2438,model_4,0.2078,0.20810072
2439,model_4,0.0391,0.070259675
2440,model_4,0.0785,0.15375464
2441,model_4,0.1768,0.190597
2442,model_4,0.086,0.11925757
2443,model_4,-0.178,-0.1904677
2444,model_4,0.0338,0.07096975
2445,model_4,0.0736,0.026403943
2446,model_4,0.2707,0.115825385
2447,model_4,0.5197,0.5981787
2448,model_4,0.2642,0.36397684
2449,model_4,0.3548,0.3187417
2450,model_4,0.3396,0.36458316
2451,model_4,-0.048,0.0014737453
2452,model_4,0.3061,0.25151822
2453,model_4,-0.0196,0.0003412459
2454,model_4,0.5351,0.53839743
2455,model_4,0.1002,0.08585728
2456,model_4,-0.0815,-0.08199438
2457,model_4,0.0846,0.08980307
2458,model_4,0.2176,0.22244984
2459,model_4,0.6511,0.6220439
2460,model_4,-0.1873,-0.16774377
2461,model_4,0.2092,0.35038206
2462,model_4,-0.11,-0.046062537
2463,model_4,0.4118,0.40535423
2464,model_4,0.0125,0.11984253
2465,model_4,0.3009,0.26503155
2466,model_4,0.4287,0.43801004
2467,model_4,0.0551,0.072403625
2468,model_4,0.834,0.7450268
2469,model_4,-0.0629,-0.117155515
2470,model_4,-0.038,0.05542311
2471,model_4,0.4538,0.45417973
2472,model_4,0.1704,0.152082
2473,model_4,0.4131,0.40778086
2474,model_4,0.2959,0.3529645
2475,model_4,0.0551,-0.026225073
2476,model_4,0.0596,0.069072336
2477,model_4,-0.1162,-0.008910922
2478,model_4,0.5159,0.4304783
2479,model_4,0.4329,0.49195454
2480,model_4,0.1717,0.12954621
2481,model_4,0.3216,0.39712784
2482,model_4,0.2397,0.10405969
2483,model_4,0.8918,0.79397404
2484,model_4,0.3256,0.28035554
2485,model_4,0.636,0.696432
2486,model_4,0.2361,0.12195584
2487,model_4,0.267,0.22910403
2488,model_4,0.5361,0.6032213
2489,model_4,0.1518,0.14634329
2490,model_4,0.0232,-0.018252788
2491,model_4,0.2436,0.28096366
2492,model_4,0.2046,0.17711525
2493,model_4,0.1929,0.16389461
2494,model_4,0.0415,0.11377166
2495,model_4,0.087,0.107767045
2496,model_4,-0.049,-0.01425059
2497,model_4,0.2735,0.2982185
2498,model_4,0.3099,0.347083
2499,model_4,0.5557,0.4402234
2500,model_4,-0.0168,0.060709983
2501,model_4,0.1962,0.14568552
2502,model_4,0.128,0.12412967
2503,model_4,0.5142,0.5322522
2504,model_4,0.0515,0.0023242552
2505,model_4,0.1594,0.5275205
2506,model_4,0.2551,0.2824212
2507,model_4,0.2396,0.222387
2508,model_4,0.3163,0.38884845
2509,model_4,0.2979,0.29755273
2510,model_4,0.2351,0.23753612
2511,model_4,0.2938,0.30950794
2512,model_4,0.4776,0.50031996
2513,model_4,0.1903,0.231124
2514,model_4,0.8565,0.8397025
2515,model_4,0.5138,0.5253223
2516,model_4,0.6757,0.64066
2517,model_4,0.3403,0.28848395
2518,model_4,0.137,0.17259134
2519,model_4,0.1746,0.10085676
2520,model_4,0.1493,0.097391576
2521,model_4,-0.0492,-0.04542636
2522,model_4,0.4227,0.474204
2523,model_4,0.4245,0.45787242
2524,model_4,0.6463,0.6513701
2525,model_4,0.1008,0.085736
2526,model_4,0.4314,0.37566575
2527,model_4,0.4532,0.49073163
2528,model_4,0.291,0.26026395
2529,model_4,0.1376,0.09438056
2530,model_4,0.5847,0.6466355
2531,model_4,0.4638,0.41519356
2532,model_4,0.1733,0.20396669
2533,model_4,0.3214,0.36057767
2534,model_4,-0.0151,-0.02393615
2535,model_4,0.1374,0.13042448
2536,model_4,0.4054,0.27068236
2537,model_4,0.2734,0.25301003
2538,model_4,0.0193,0.2525382
2539,model_4,0.2894,0.2812343
2540,model_4,1.0078,0.88045204
2541,model_4,0.4983,0.48826513
2542,model_4,0.0486,0.031972997
2543,model_4,0.2746,0.29455662
2544,model_4,0.1106,0.13343073
2545,model_4,0.0978,0.1328114
2546,model_4,0.0907,-0.15196161
2547,model_4,0.8122,0.8212586
2548,model_4,-0.023,0.047278658
2549,model_4,0.0733,0.121095374
2550,model_4,0.5258,0.53751445
2551,model_4,0.1525,0.15235232
2552,model_4,0.768,0.73446083
2553,model_4,0.0506,0.10298331
2554,model_4,0.313,0.30666324
2555,model_4,0.1369,0.1868807
2556,model_4,0.3134,0.3288066
2557,model_4,0.2892,0.33840123
2558,model_4,0.2155,0.18507507
2559,model_4,0.1167,0.13566239
2560,model_4,0.1557,0.15424536
2561,model_4,-0.0525,-0.03249032
2562,model_4,0.1108,0.065579705
2563,model_4,0.3512,0.36297348
2564,model_4,0.7159,0.666818
2565,model_4,0.0628,0.0691147
2566,model_4,0.8403,0.84097594
2567,model_4,0.3443,0.2729006
2568,model_4,0.1947,0.11965123
2569,model_4,0.1618,0.3896441
2570,model_4,0.0141,0.068174675
2571,model_4,0.5061,0.3915958
2572,model_4,0.3179,0.33538556
2573,model_4,0.2998,0.26796305
2574,model_4,0.4863,0.58178127
2575,model_4,0.1439,0.23459117
2576,model_4,0.4728,0.39909813
2577,model_4,0.116,0.14905508
2578,model_4,0.381,0.46886578
2579,model_4,-0.1074,-0.12847693
2580,model_4,0.1181,0.40290412
2581,model_4,0.477,0.47069964
2582,model_4,0.5098,0.47174108
2583,model_4,0.3188,0.041932248
2584,model_4,0.5059,0.30763555
2585,model_4,0.0844,0.100040816
2586,model_4,0.1045,0.15613733
2587,model_4,0.1494,0.14939494
2588,model_4,0.0213,0.16441092
2589,model_4,0.2679,0.31594232
2590,model_4,0.1921,0.08422345
2591,model_4,0.4574,0.48984578
2592,model_4,0.0495,0.10619199
2593,model_4,-0.199,-0.2089246
2594,model_4,0.2485,0.36002722
2595,model_4,0.1158,0.05280146
2596,model_4,0.2572,0.221819
2597,model_4,-0.0152,0.014053235
2598,model_4,0.6111,0.6777986
2599,model_4,0.2669,0.2357985
2600,model_4,0.1268,0.14088273
2601,model_4,0.3886,0.29335514
2602,model_4,0.187,0.343236
2603,model_4,-0.0063,-0.009031801
2604,model_4,0.1124,0.15883829
2605,model_4,0.5441,0.58328474
2606,model_4,0.1208,0.13097857
2607,model_4,0.0166,0.09579066
2608,model_4,0.1085,0.095455915
2609,model_4,0.1971,0.27631602
2610,model_4,0.1604,0.11282459
2611,model_4,0.2465,0.33870724
2612,model_4,0.012,0.04120595
2613,model_4,0.4643,0.46613917
2614,model_4,0.22,0.21993758
2615,model_4,0.4975,0.5175148
2616,model_4,0.1846,0.07251286
2617,model_4,0.4857,0.4370896
2618,model_4,0.0707,0.1090741
2619,model_4,0.1119,0.07940904
2620,model_4,0.2441,0.3341137
2621,model_4,0.144,0.08647904
2622,model_4,0.4107,0.38454452
2623,model_4,0.5787,0.3894497
2624,model_4,0.1498,0.16115752
2625,model_4,0.0684,0.002830768
2626,model_4,0.173,0.14741014
2627,model_4,0.179,0.2182507
2628,model_4,-0.0701,0.01044617
2629,model_4,0.1104,0.047999978
2630,model_4,0.2888,0.29817617
2631,model_4,-0.0609,-0.033065498
2632,model_4,0.1403,0.099669255
2633,model_4,-0.1751,-0.12970817
2634,model_4,0.7206,0.69356984
2635,model_4,0.6308,0.64580774
2636,model_4,0.4534,0.44068456
2637,model_4,0.4743,0.5177177
2638,model_4,0.152,0.12798965
2639,model_4,0.0171,0.02168397
2640,model_4,0.711,0.6864795
2641,model_4,-0.0394,-0.0067358892
2642,model_4,0.301,0.27948675
2643,model_4,0.9379,0.89009535
2644,model_4,0.2645,0.26895747
2645,model_4,0.1274,0.08175478
2646,model_4,0.1756,0.17388047
2647,model_4,0.0605,0.04116763
2648,model_4,0.3481,0.27290592
2649,model_4,0.1336,0.17368048
2650,model_4,0.1011,0.085002944
2651,model_4,-0.008,-0.011225274
2652,model_4,0.0706,0.06654908
2653,model_4,0.1649,0.1520578
2654,model_4,0.1702,0.15115292
2655,model_4,0.4097,0.39396808
2656,model_4,-0.088,-0.08064311
2657,model_4,0.04,0.049115285
2658,model_4,0.3692,0.39789274
2659,model_4,0.1376,0.13526373
2660,model_4,0.4638,0.29330295
2661,model_4,0.5813,0.5750083
2662,model_4,0.2439,0.23174189
2663,model_4,0.4032,0.39534613
2664,model_4,0.2606,0.3114131
2665,model_4,0.0893,0.16773887
2666,model_4,-0.1402,-0.118904695
2667,model_4,0.2795,0.31454167
2668,model_4,0.4434,0.45517024
2669,model_4,0.2694,0.28676215
2670,model_4,0.362,0.3812175
2671,model_4,0.4093,0.4552662
2672,model_4,0.4058,0.37784028
2673,model_4,0.3144,0.21319868
2674,model_4,-0.004,0.016448388
2675,model_4,0.0647,0.036732867
2676,model_4,0.0591,0.060573623
2677,model_4,-0.0967,-0.09627919
2678,model_4,-0.0669,0.046151295
2679,model_4,0.0572,0.13459831
2680,model_4,0.0566,0.05198811
2681,model_4,0.1546,0.08073649
2682,model_4,0.4367,0.40257108
2683,model_4,0.0801,0.09155688
2684,model_4,-0.0431,0.046603918
2685,model_4,0.2057,0.25016895
2686,model_4,0.0793,0.098433286
2687,model_4,0.2068,0.18693192
2688,model_4,0.4708,0.38913205
2689,model_4,0.0485,0.064625725
2690,model_4,0.183,0.23817332
2691,model_4,0.0672,0.10220969
2692,model_4,0.0733,0.06599051
2693,model_4,0.1141,0.10476691
2694,model_4,0.295,0.23181345
2695,model_4,0.4157,0.40963608
2696,model_4,0.0603,0.0701544
2697,model_4,0.0512,0.08941848
2698,model_4,0.5054,0.462099
2699,model_4,0.0788,0.11145027
2700,model_4,-0.1578,-0.17808013
2701,model_4,0.4295,0.36686367
2702,model_4,0.0835,0.10400212
2703,model_4,0.1894,0.15045895
2704,model_4,0.2404,0.2294075
2705,model_4,0.1741,0.18727478
2706,model_4,0.3223,0.4190589
2707,model_4,0.0523,0.27654
2708,model_4,0.3088,0.34322107
2709,model_4,0.5778,0.5639612
2710,model_4,-0.0242,0.12090169
2711,model_4,0.1516,0.12814602
2712,model_4,0.3212,0.30420968
2713,model_4,0.081,0.07512751
2714,model_4,0.0695,0.031224588
2715,model_4,0.1831,0.13531046
2716,model_4,0.5478,0.58472514
2717,model_4,1.1613,1.2231201
2718,model_4,-0.0134,0.017327296
2719,model_4,0.4061,0.20771378
2720,model_4,0.2026,0.19382541
2721,model_4,-0.059,-0.05322712
2722,model_4,0.1121,0.20660745
2723,model_4,0.2821,0.29525995
2724,model_4,-0.1552,-0.13801707
2725,model_4,0.8197,0.7858721
2726,model_4,-0.0421,-0.00920785
2727,model_4,0.4188,0.4051759
2728,model_4,0.1104,0.1675686
2729,model_4,0.1979,0.21759313
2730,model_4,0.0696,0.09492957
2731,model_4,-0.113,-0.059089974
2732,model_4,0.4122,0.4202272
2733,model_4,0.0738,0.18114547
2734,model_4,-0.0634,-0.022767132
2735,model_4,0.3446,0.33855936
2736,model_4,0.365,0.37284178
2737,model_4,0.6248,0.59357214
2738,model_4,0.4825,0.49216703
2739,model_4,0.7402,0.8204637
2740,model_4,0.3751,0.49830428
2741,model_4,0.7701,0.790777
2742,model_4,0.0874,0.10702081
2743,model_4,0.198,0.22208098
2744,model_4,-0.0457,-0.07045196
2745,model_4,0.3826,0.3254628
2746,model_4,-0.0204,0.0050909463
2747,model_4,0.2721,0.2935352
2748,model_4,-0.1113,-0.20908369
2749,model_4,0.1288,0.08347285
2750,model_4,0.7548,0.697214
2751,model_4,0.2201,0.22093992
2752,model_4,0.202,0.45840332
2753,model_4,0.4803,0.53111625
2754,model_4,0.0207,0.02967714
2755,model_4,0.255,0.21120888
2756,model_4,-0.1476,-0.06761719
2757,model_4,0.3636,0.33759737
2758,model_4,-0.2053,-0.20102648
2759,model_4,0.6387,0.64366543
2760,model_4,0.0142,-0.027133023
2761,model_4,0.2466,0.25578275
2762,model_4,0.0913,0.028700346
2763,model_4,0.0021,-0.05733388
2764,model_4,0.5609,0.5658457
2765,model_4,-0.0314,-0.009675151
2766,model_4,0.533,0.51357555
2767,model_4,-0.0139,-0.022491885
2768,model_4,0.3253,0.3153965
2769,model_4,0.0541,0.029008651
2770,model_4,-0.121,-0.14995639
2771,model_4,0.0941,0.07253993
2772,model_4,-0.0379,0.060000077
2773,model_4,0.1564,0.14981723
2774,model_4,0.0291,0.06239149
2775,model_4,0.0497,0.047899023
2776,model_4,0.2115,0.1626742
2777,model_4,0.1558,0.11261004
2778,model_4,0.229,0.23579155
2779,model_4,0.4195,0.39302075
2780,model_4,0.1375,0.0371639
2781,model_4,0.1183,0.036105104
2782,model_4,0.2866,0.2916575
2783,model_4,0.072,0.041759707
2784,model_4,0.1293,0.18087442
2785,model_4,0.2,0.2570219
2786,model_4,0.9549,0.9055335
2787,model_4,0.1836,0.12754028
2788,model_4,-0.1808,-0.09183881
2789,model_4,0.5419,0.56506705
2790,model_4,0.7448,0.6849021
2791,model_4,0.9199,0.8620883
2792,model_4,0.2716,0.1889085
2793,model_4,0.129,0.15734111
2794,model_4,0.2663,0.31109074
2795,model_4,0.1831,0.053907946
2796,model_4,0.1104,0.0696881
2797,model_4,0.2008,0.18732807
2798,model_4,0.1213,0.07512415
2799,model_4,0.1551,0.2816557
2800,model_4,0.1768,0.15861343
2801,model_4,0.2214,0.2688997
2802,model_4,0.0654,0.050667755
2803,model_4,0.712,0.68830895
2804,model_4,-0.0287,0.10437975
2805,model_4,0.0894,0.07429073
2806,model_4,0.4599,0.4359661
2807,model_4,0.1651,0.18784098
2808,model_4,-0.0718,-0.07627471
2809,model_4,0.0238,0.035592265
2810,model_4,0.1011,0.10912043
2811,model_4,0.1144,0.09802848
2812,model_4,0.572,0.6486617
2813,model_4,0.4166,0.3827218
2814,model_4,0.3491,0.2942207
2815,model_4,0.0615,0.11958958
2816,model_4,0.1096,0.17037597
2817,model_4,0.2829,0.28508136
2818,model_4,0.0008,0.073374435
2819,model_4,0.1525,0.10613547
2820,model_4,0.4546,0.29685733
2821,model_4,0.1334,0.15943299
2822,model_4,0.2839,0.20596848
2823,model_4,0.1906,0.18999475
2824,model_4,0.213,0.17659114
2825,model_4,0.1827,0.24162011
2826,model_4,0.0978,0.1034825
2827,model_4,0.4653,0.4735949
2828,model_4,0.2917,0.36427647
2829,model_4,0.11,0.08649381
2830,model_4,-0.0511,0.15878566
2831,model_4,0.0439,0.19551374
2832,model_4,0.5813,0.57717776
2833,model_4,0.9559,0.93657136
2834,model_4,0.5317,0.4968188
2835,model_4,0.0793,0.023374112
2836,model_4,0.2812,0.36822155
2837,model_4,0.3936,0.30443797
2838,model_4,0.2717,0.4100841
2839,model_4,0.1414,0.11007601
2840,model_4,-0.0268,0.014564546
2841,model_4,0.2783,0.3309162
2842,model_4,0.0123,-0.0064595323
2843,model_4,0.2159,0.3060468
2844,model_4,0.3469,0.32806408
2845,model_4,0.3581,0.3577481
2846,model_4,0.2815,0.13809584
2847,model_4,0.7182,0.68406034
2848,model_4,0.2981,0.15778571
2849,model_4,0.8081,0.78005016
2850,model_4,0.2227,0.21031828
2851,model_4,0.3392,0.32925582
2852,model_4,0.4283,0.36857685
2853,model_4,0.1231,0.11262642
2854,model_4,-0.1411,-0.006152427
2855,model_4,0.0618,0.07455766
2856,model_4,-0.0746,-0.059545435
2857,model_4,0.2387,0.21741475
2858,model_4,0.1575,0.18391067
2859,model_4,-0.0002,-0.0019868668
2860,model_4,-0.1061,-0.14409126
2861,model_4,0.0181,0.011766361
2862,model_4,0.0531,0.183278
2863,model_4,0.0097,0.059965298
2864,model_4,0.3695,0.4230255
2865,model_4,0.133,0.107037835
2866,model_4,0.1619,0.14145248
2867,model_4,0.0965,0.094134554
2868,model_4,0.1873,0.17555647
2869,model_4,0.0996,0.07268882
2870,model_4,0.2355,0.32047752
2871,model_4,0.6972,0.7248763
2872,model_4,0.6764,0.6028233
2873,model_4,0.162,0.1697885
2874,model_4,0.2932,0.28438464
2875,model_4,0.708,0.68803704
2876,model_4,0.0376,0.06516109
2877,model_4,0.5975,0.69593596
2878,model_4,0.2726,0.42015603
2879,model_4,0.343,0.27044964
2880,model_4,-0.0864,-0.1476716
2881,model_4,0.1737,0.11184457
2882,model_4,0.0168,0.10184363
2883,model_4,0.7592,0.7638583
2884,model_4,0.069,0.074084856
2885,model_4,-0.0097,0.09521
2886,model_4,0.1976,0.20790093
2887,model_4,0.0327,0.029628353
2888,model_4,0.2297,0.2489569
2889,model_4,-0.11,-0.11470465
2890,model_4,0.3816,0.39379385
2891,model_4,-0.0654,-0.024605123
2892,model_4,0.1343,0.092034236
2893,model_4,0.2299,0.2317966
2894,model_4,0.0747,0.023489656
2895,model_4,0.2501,0.21474774
2896,model_4,0.3993,0.2522655
2897,model_4,0.5603,0.51659274
2898,model_4,0.0661,0.058586597
2899,model_4,-0.0478,-0.029503262
2900,model_4,-0.0151,0.06951746
2901,model_4,-0.0039,0.017365241
2902,model_4,0.0683,-0.0044324305
2903,model_4,0.317,0.3515774
2904,model_4,-0.0525,0.017023893
2905,model_4,0.0731,0.047210626
2906,model_4,0.1575,0.21564971
2907,model_4,0.1224,0.13280855
2908,model_4,0.6519,0.63682103
2909,model_4,0.2109,0.18828009
2910,model_4,0.2305,0.12208623
2911,model_4,0.4973,0.54333526
2912,model_4,0.0522,0.05599092
2913,model_4,0.1025,0.1790037
2914,model_4,0.494,0.46360436
2915,model_4,0.3771,0.3462722
2916,model_4,0.0532,0.039884225
2917,model_4,-0.0039,0.040453143
2918,model_4,-0.0468,-0.073913336
2919,model_4,0.3474,0.40246797
2920,model_4,0.3348,0.3971764
2921,model_4,0.096,0.092992425
2922,model_4,0.2047,0.23672248
2923,model_4,0.1487,0.086211026
2924,model_4,0.3968,0.27570024
2925,model_4,0.1393,0.1695906
2926,model_4,0.0373,0.052905515
2927,model_4,0.0595,0.04094643
2928,model_4,0.1507,0.25670546
2929,model_4,0.3371,0.36935693
2930,model_4,0.0646,0.06490874
2931,model_4,0.2739,0.3356628
2932,model_4,0.1617,0.114347056
2933,model_4,0.0773,0.12040606
2934,model_4,0.5016,0.48638585
2935,model_4,0.7514,0.7537664
2936,model_4,0.3941,0.50199825
2937,model_4,0.0639,-0.0032321494
2938,model_4,0.1032,0.12237388
2939,model_4,0.034,0.043305233
2940,model_4,0.4648,0.53052574
2941,model_4,0.1292,0.20190959
2942,model_4,0.0748,-0.15952067
2943,model_4,0.5571,0.5184262
2944,model_4,0.3841,0.16526225
2945,model_4,0.7342,0.7506925
2946,model_4,0.2777,0.31145385
2947,model_4,0.1518,0.12943757
2948,model_4,0.2754,0.17222826
2949,model_4,0.351,0.35230494
2950,model_4,0.1627,0.15891813
2951,model_4,0.0476,0.18362509
2952,model_4,0.1803,0.20544393
2953,model_4,0.001,-0.07251288
2954,model_4,0.2471,0.13294587
2955,model_4,-0.0259,0.034715325
2956,model_4,0.3038,0.3504497
2957,model_4,0.3526,0.35075247
2958,model_4,0.4114,0.38030618
2959,model_4,0.8326,0.82652134
2960,model_4,0.5686,0.5481799
2961,model_4,0.3817,0.47471586
2962,model_4,0.2909,0.32256916
2963,model_4,-0.0004,0.024826521
2964,model_4,0.4612,0.23361193
2965,model_4,0.1945,0.17687503
2966,model_4,-0.0064,0.027809078
2967,model_4,-0.1578,-0.052772887
2968,model_4,0.1332,0.078443356
2969,model_4,-0.2225,-0.15801105
2970,model_4,0.1706,0.11727063
2971,model_4,0.1249,0.1194395
2972,model_4,0.3952,0.3438605
2973,model_4,0.0501,0.036297396
2974,model_4,-0.0417,-0.13099943
2975,model_4,0.2336,0.24481587
2976,model_4,-0.0104,-0.009552827
2977,model_4,0.0423,0.034191504
2978,model_4,0.2468,0.33338094
2979,model_4,0.7972,0.7767211
2980,model_4,-0.0754,-0.06179507
2981,model_4,0.1768,0.14712945
2982,model_4,0.0331,0.02736804
2983,model_4,0.349,0.34997737
2984,model_4,0.1351,0.10056262
2985,model_4,-0.0318,-0.06323192
2986,model_4,0.3173,0.3114849
2987,model_4,0.6903,0.6854211
2988,model_4,1.0198,0.9706251
2989,model_4,0.6015,0.57890534
2990,model_4,0.2088,0.20537986
2991,model_4,0.1859,0.196651
2992,model_4,0.1461,0.13981576
2993,model_4,0.3376,0.2645363
2994,model_4,0.1203,0.11882557
2995,model_4,0.3384,0.35880068
2996,model_4,0.3399,0.07925357
2997,model_4,0.1993,0.17937607
2998,model_4,0.0457,0.060673296
2999,model_4,-0.072,0.028573165
3000,model_4,0.3183,0.2854241
3001,model_4,0.1977,0.17653792
3002,model_4,0.3407,0.27267703
3003,model_4,0.0959,0.14749822
3004,model_4,0.1344,0.17356002
3005,model_4,1.116,1.0376161
3006,model_4,0.0012,0.017217519
3007,model_4,-0.032,-0.04684767
3008,model_4,0.0125,0.026920395
3009,model_4,0.0428,0.07847057
3010,model_4,-0.0225,0.03321886
3011,model_4,0.2641,0.309229
3012,model_4,0.0665,0.075734615
3013,model_4,0.812,0.7615988
3014,model_4,0.4073,0.43586707
3015,model_4,0.3601,0.29650727
3016,model_4,0.1684,0.14170738
3017,model_4,0.0668,0.0380781
3018,model_4,0.0622,0.07218706
3019,model_4,0.1732,0.15389557
3020,model_4,0.6512,0.66851604
3021,model_4,0.0296,-0.022955602
3022,model_4,0.4594,0.47631654
3023,model_4,-0.0529,-0.020257799
3024,model_4,-0.1511,-0.054713964
3025,model_4,0.1905,0.20805614
3026,model_4,0.4529,0.4563358
3027,model_4,0.065,0.08098112
3028,model_4,0.0903,0.022605823
3029,model_4,0.567,0.6360797
3030,model_4,0.1446,0.18552732
3031,model_4,-0.1101,-0.10248333
3032,model_4,0.2391,0.28994316
3033,model_4,0.3111,0.34274963
3034,model_4,0.3564,0.3831831
3035,model_4,0.1524,0.22108251
3036,model_4,0.3037,0.27829912
3037,model_4,0.2039,0.31396255
3038,model_4,0.1688,0.15064062
3039,model_4,0.0667,0.16050424
3040,model_4,0.065,0.068863526
3041,model_4,0.4168,0.4266163
3042,model_4,0.2504,0.2743685
3043,model_4,0.3378,0.19184129
3044,model_4,0.2383,0.12720813
3045,model_4,0.4149,0.4769874
3046,model_4,0.2233,0.2651768
3047,model_4,0.1489,0.08754839
3048,model_4,-0.1265,-0.040864713
3049,model_4,0.1119,0.094414964
3050,model_4,0.2301,0.2608652
3051,model_4,0.4027,0.25364867
3052,model_4,0.1859,0.17531219
3053,model_4,0.1359,0.13988356
3054,model_4,0.2019,0.14456578
3055,model_4,0.473,0.47684678
3056,model_4,0.373,0.31435665
3057,model_4,0.7679,0.88089794
3058,model_4,0.7296,0.66590637
3059,model_4,0.525,0.4260245
3060,model_4,0.0748,0.067221135
3061,model_4,0.1301,0.072142266
3062,model_4,0.1936,0.21907125
3063,model_4,0.1093,0.089236036
3064,model_4,0.1363,0.026342044
3065,model_4,0.7056,0.72169256
3066,model_4,0.1997,0.29254812
3067,model_4,-0.0066,0.07406874
3068,model_4,0.2679,0.30445698
3069,model_4,0.109,0.07221475
3070,model_4,0.2212,0.25741163
3071,model_4,0.8021,0.7631844
3072,model_4,0.3986,0.30065915
3073,model_4,0.2138,0.15865017
3074,model_4,0.6021,0.5427691
3075,model_4,0.0557,0.10145348
3076,model_4,0.643,0.6272559
3077,model_4,0.1144,0.095410354
3078,model_4,0.5098,0.5483556
3079,model_4,0.0597,0.062177345
3080,model_4,0.4467,0.43545148
3081,model_4,0.3538,0.42513815
3082,model_4,0.253,0.28972414
3083,model_4,0.4904,0.5566098
3084,model_4,0.1567,0.12316464
3085,model_4,0.536,0.5219759
3086,model_4,0.3107,0.33834043
3087,model_4,0.3635,0.3828778
3088,model_4,0.1915,0.48814747
3089,model_4,0.2688,0.21640542
3090,model_4,0.4026,0.24444477
3091,model_4,-0.1449,-0.16910583
3092,model_4,0.2329,0.20454971
3093,model_4,0.2307,0.28172132
3094,model_4,0.1961,0.22913735
3095,model_4,0.4937,0.5335038
3096,model_4,0.5188,0.59017223
3097,model_4,0.1087,0.16431825
3098,model_4,0.2592,0.21690384
3099,model_4,-1e-04,0.012843842
3100,model_4,0.5164,0.52954865
3101,model_4,0.2575,0.30000022
3102,model_4,0.7767,0.80729854
3103,model_4,0.2654,0.28893062
3104,model_4,0.8086,0.80393493
3105,model_4,0.2012,0.222299
3106,model_4,0.4143,0.43332532
3107,model_4,0.4287,0.4897568
3108,model_4,0.3068,0.35738465
3109,model_4,0.1004,0.086958855
3110,model_4,0.0432,0.046416715
3111,model_4,0.0026,-0.080550015
3112,model_4,0.4618,0.5543258
3113,model_4,-0.0379,-0.0058811437
3114,model_4,0.16,0.15227242
3115,model_4,0.1129,0.12644598
3116,model_4,0.0983,0.09236327
3117,model_4,0.2667,0.29010576
3118,model_4,0.3638,0.3642064
3119,model_4,0.188,0.26852143
3120,model_4,0.0731,0.07842383
3121,model_4,0.237,0.32413873
3122,model_4,0.8496,0.78854316
3123,model_4,0.1039,0.11661549
3124,model_4,0.077,0.09347083
3125,model_4,0.1919,0.16398697
3126,model_4,0.1334,0.07594371
3127,model_4,0.5913,0.60649943
3128,model_4,0.2739,0.3079019
3129,model_4,-0.0012,0.033107944
3130,model_4,0.3474,0.3897154
3131,model_4,0.1156,0.14552762
3132,model_4,0.181,0.2089776
3133,model_4,0.3708,0.18492387
3134,model_4,0.5903,0.64514136
3135,model_4,0.1406,0.19450127
3136,model_4,0.052,0.022926042
3137,model_4,0.4092,0.28293744
3138,model_4,0.7462,0.7423314
3139,model_4,0.1965,0.25271028
3140,model_4,0.134,0.11269416
3141,model_4,-0.0432,-0.05281189
3142,model_4,0.7668,0.7162998
3143,model_4,0.1089,0.05268596
3144,model_4,0.0966,0.101346165
3145,model_4,-0.0281,-0.09806638
3146,model_4,0.2637,0.19573906
3147,model_4,0.2676,0.21922885
3148,model_4,0.0641,0.08285858
3149,model_4,0.3679,0.35003218
3150,model_4,0.1104,0.10395034
3151,model_4,0.3658,0.37886396
3152,model_4,-0.0219,0.028893763
3153,model_4,0.3275,0.37595996
3154,model_4,0.1682,0.24952517
3155,model_4,0.6757,0.5848714
3156,model_4,0.132,0.13182907
3157,model_4,0.094,0.12961031
3158,model_4,0.2696,0.1625727
3159,model_4,0.8463,0.8591286
3160,model_4,0.7415,0.68951815
3161,model_4,0.4011,0.2624343
3162,model_4,-0.0832,-0.08691016
3163,model_4,0.5934,0.588343
3164,model_4,0.2312,0.17529936
3165,model_4,0.3181,0.30363446
3166,model_4,0.2114,0.27749822
3167,model_4,0.2494,0.35885108
3168,model_4,0.4243,0.38690725
3169,model_4,0.1994,0.12195371
3170,model_4,0.0444,0.08103401
3171,model_4,-0.0306,0.062405758
3172,model_4,0.1191,0.048667796
3173,model_4,-0.0247,-0.05053764
3174,model_4,0.1284,0.050024897
3175,model_4,0.0439,-0.11334129
3176,model_4,0.6146,0.6615439
3177,model_4,-0.1272,-0.118431084
3178,model_4,0.011,0.008161308
3179,model_4,0.1329,0.13419661
3180,model_4,0.3416,0.32089823
3181,model_4,0.0102,0.06821011
3182,model_4,0.2188,0.33101138
3183,model_4,0.3535,0.3627744
3184,model_4,0.0208,0.041284993
3185,model_4,-0.0226,0.023202138
3186,model_4,0.4674,0.42873117
3187,model_4,0.4476,0.4745821
3188,model_4,0.0496,0.077676654
3189,model_4,0.0699,0.070923
3190,model_4,0.5009,0.57947934
3191,model_4,0.383,0.38734832
3192,model_4,0.1534,0.07166965
3193,model_4,0.0933,0.13693725
3194,model_4,0.0568,0.11464822
3195,model_4,0.0991,0.0715173
3196,model_4,0.0701,0.027976332
3197,model_4,0.1787,0.23896049
3198,model_4,0.3846,0.2578134
3199,model_4,-0.1014,-0.17162812
3200,model_4,0.5025,0.45595402
3201,model_4,0.1353,0.10668712
3202,model_4,0.4225,0.46072593
3203,model_4,0.096,0.12900408
3204,model_4,0.1939,0.09118998
3205,model_4,-0.1599,-0.16256347
3206,model_4,0.1196,0.10909866
3207,model_4,-0.0186,-0.030423773
3208,model_4,0.3634,0.42679992
3209,model_4,0.2477,0.23386951
3210,model_4,0.0576,0.0887666
3211,model_4,0.0585,-0.0282723
3212,model_4,0.2514,0.23254111
3213,model_4,0.18,0.26275516
3214,model_4,0.2688,0.13533792
3215,model_4,0.3999,0.36201134
3216,model_4,0.3508,0.3303572
3217,model_4,0.2449,0.25257415
3218,model_4,0.9078,0.88890123
3219,model_4,0.3642,0.22959062
3220,model_4,0.2055,0.1656866
3221,model_4,0.2434,0.23510076
3222,model_4,0.0596,0.13575129
3223,model_4,0.142,0.1577078
3224,model_4,0.2461,0.21121052
3225,model_4,0.2262,0.2322208
3226,model_4,0.2009,0.24165787
3227,model_4,0.1282,0.045610897
3228,model_4,0.0832,0.15606637
3229,model_4,0.1574,0.17505261
3230,model_4,0.602,0.57913446
3231,model_4,0.1021,0.10124994
3232,model_4,0.1541,0.20578353
3233,model_4,-0.0436,0.13581821
3234,model_4,0.0549,0.07749977
3235,model_4,0.4987,0.4899409
3236,model_4,0.4339,0.47318032
3237,model_4,0.3403,0.37438223
3238,model_4,0.1667,0.16325997
3239,model_4,0.2684,0.30052355
3240,model_4,0.1164,0.05607517
3241,model_4,0.8516,0.7831847
3242,model_4,0.0576,0.068320744
3243,model_4,0.1006,0.043333575
3244,model_4,0.16,0.25553736
3245,model_4,0.1729,0.25385457
3246,model_4,0.1221,0.05355134
3247,model_4,-0.0683,-0.026601909
3248,model_4,0.0299,0.03316907
3249,model_4,0.072,0.1093214
3250,model_4,0.327,0.32827368
3251,model_4,-0.0099,-0.0686282
3252,model_4,0.5201,0.2131309
3253,model_4,0.0754,0.06758124
3254,model_4,0.1612,0.20836087
3255,model_4,0.2095,0.23753344
3256,model_4,0.1619,0.12660287
3257,model_4,0.1429,0.18903582
3258,model_4,0.7818,0.73125625
3259,model_4,0.2033,0.21743418
3260,model_4,0.5158,0.50113004
3261,model_4,0.442,0.34209386
3262,model_4,0.2076,0.22340672
3263,model_4,0.2299,0.14355764
3264,model_4,-0.1343,-0.044650473
3265,model_4,0.3973,0.43361163
3266,model_4,0.3604,0.38467
3267,model_4,0.4247,0.36339244
3268,model_4,0.2449,0.29585522
3269,model_4,0.2551,0.16089214
3270,model_4,0.4912,0.31305078
3271,model_4,0.079,0.1076007
3272,model_4,-0.0562,-0.0113059115
3273,model_4,0.1278,0.22047938
3274,model_4,0.0876,0.13557176
3275,model_4,0.0201,0.016515078
3276,model_4,0.1311,0.10191657
3277,model_4,0.1661,0.18162914
3278,model_4,0.0573,0.12118608
3279,model_4,-0.0154,-0.08485377
3280,model_4,-0.1227,-0.13265152
3281,model_4,0.1431,0.18059213
3282,model_4,0.1698,0.12643746
3283,model_4,0.28,0.3962436
3284,model_4,0.0619,0.038594447
3285,model_4,0.0299,0.044998005
3286,model_4,-0.118,-0.046952188
3287,model_4,-0.1557,-0.1331542
3288,model_4,0.558,0.5382322
3289,model_4,0.5502,0.5681561
3290,model_4,0.2097,0.1764178
3291,model_4,0.0531,-0.0707037
3292,model_4,-0.138,-0.13781984
3293,model_4,0.1359,0.11178878
3294,model_4,0.1406,0.14783888
3295,model_4,0.0288,0.019244479
3296,model_4,0.1586,0.0143577475
3297,model_4,-0.0963,-0.025718471
3298,model_4,0.2686,0.230047
3299,model_4,0.7435,0.6831478
3300,model_4,-0.0387,-0.047134534
3301,model_4,0.1107,0.083307475
3302,model_4,0.8116,0.7064161
3303,model_4,0.2259,0.1931816
3304,model_4,0.8793,0.88250154
3305,model_4,0.0675,0.03793753
3306,model_4,0.091,-0.0399118
3307,model_4,0.1391,0.21857469
3308,model_4,0.1889,0.18090108
3309,model_4,0.0667,0.053271465
3310,model_4,0.1976,0.29432088
3311,model_4,0.0444,0.066401094
3312,model_4,0.1462,0.14628556
3313,model_4,0.2989,0.28238517
3314,model_4,0.016,-0.053001396
3315,model_4,0.152,0.14281252
3316,model_4,0.0268,0.038459413
3317,model_4,0.2714,0.10856612
3318,model_4,0.1718,0.22249098
3319,model_4,0.0326,0.05523184
3320,model_4,0.1275,0.15309875
3321,model_4,0.2503,0.27464154
3322,model_4,0.0235,0.0133914
3323,model_4,0.2183,0.22915278
3324,model_4,0.4182,0.44217715
3325,model_4,0.1785,0.16379243
3326,model_4,0.1968,0.040531926
3327,model_4,-0.0389,-0.06525106
3328,model_4,-0.0369,-0.0146180745
3329,model_4,0.1474,0.013327906
3330,model_4,0.0826,0.08865731
3331,model_4,0.2632,0.2083141
3332,model_4,0.6335,0.43113345
3333,model_4,0.4473,0.44513097
3334,model_4,0.0067,0.20295526
3335,model_4,0.3347,0.30159587
3336,model_4,0.1941,0.12897521
3337,model_4,0.2748,0.25922796
3338,model_4,0.2408,0.29799286
3339,model_4,0.1541,0.14720389
3340,model_4,0.9762,0.882035
3341,model_4,0.2449,0.18532662
3342,model_4,0.3096,0.11825399
3343,model_4,0.4709,0.49757722
3344,model_4,0.0738,0.10618915
3345,model_4,0.3729,0.29961535
3346,model_4,0.2929,0.26267025
3347,model_4,0.2724,0.23872976
3348,model_4,0.5796,0.6108702
3349,model_4,-0.0205,-0.0156029295
3350,model_4,0.0404,0.1456556
3351,model_4,0.2824,0.3388582
3352,model_4,-0.0174,0.014540287
3353,model_4,0.6115,0.6253629
3354,model_4,0.4432,0.4185013
3355,model_4,0.095,0.06954241
3356,model_4,-0.0051,0.024404036
3357,model_4,-0.0358,-0.07451693
3358,model_4,0.8023,0.8493625
3359,model_4,0.4203,0.40399036
3360,model_4,0.2752,0.37527034
3361,model_4,0.3164,0.16219474
3362,model_4,0.3154,0.26088393
3363,model_4,0.4061,0.3924339
3364,model_4,0.0607,0.033923626
3365,model_4,0.1046,0.11307441
3366,model_4,-0.0606,-0.063267216
3367,model_4,0.3355,0.33786827
3368,model_4,0.2311,0.27052954
3369,model_4,0.2858,0.32635158
3370,model_4,0.1502,0.13856508
3371,model_4,0.0859,0.051057108
3372,model_4,0.0155,-0.05930698
3373,model_4,0.2385,0.27035895
3374,model_4,0.099,0.096048184
3375,model_4,-0.2022,-0.058236465
3376,model_4,0.1593,0.2749215
3377,model_4,-0.022,0.025208594
3378,model_4,0.0459,0.029237622
3379,model_4,0.209,0.23226446
3380,model_4,0.1435,0.095820494
3381,model_4,0.0837,0.11023189
3382,model_4,-0.051,-0.015745914
3383,model_4,0.1602,0.18841016
3384,model_4,0.773,0.63913906
3385,model_4,0.2552,0.18109694
3386,model_4,0.0781,0.09653866
3387,model_4,0.2485,0.2344758
3388,model_4,0.3259,0.34931648
3389,model_4,0.2573,0.24460723
3390,model_4,0.0783,0.08321541
3391,model_4,0.0179,-0.027037947
3392,model_4,0.3722,0.25537243
3393,model_4,-0.0088,0.06615874
3394,model_4,0.5566,0.4310002
3395,model_4,0.1077,0.105740465
3396,model_4,-0.0944,-0.11602468
3397,model_4,0.3302,0.43793568
3398,model_4,0.2083,0.3484302
3399,model_4,0.105,0.103326194
3400,model_4,-0.0116,0.020428533
3401,model_4,0.2101,0.23033632
3402,model_4,-0.1705,-0.19217816
3403,model_4,0.1465,0.1245683
3404,model_4,0.011,0.026006678
3405,model_4,0.5119,0.5795369
3406,model_4,0.1776,0.15750504
3407,model_4,0.0397,0.053811595
3408,model_4,0.3828,0.29341596
3409,model_4,0.3046,0.2916779
3410,model_4,-0.066,-0.01441866
3411,model_4,0.0972,0.028807947
3412,model_4,0.5548,0.32416737
3413,model_4,0.5673,0.6486715
3414,model_4,0.097,0.037555866
3415,model_4,0.303,0.24630211
3416,model_4,0.3407,0.36245868
3417,model_4,0.5083,0.52242684
3418,model_4,0.3753,0.34884468
3419,model_4,0.0729,0.05044718
3420,model_4,0.5045,0.56031215
3421,model_4,0.244,0.29035792
3422,model_4,0.1226,0.16008537
3423,model_4,0.0804,0.061500326
3424,model_4,0.7252,0.80025613
3425,model_4,0.2695,0.28909495
3426,model_4,0.2169,0.17521538
3427,model_4,0.2102,0.22567002
3428,model_4,0.974,0.9028766
3429,model_4,0.0688,0.087671585
3430,model_4,0.1366,0.13276328
3431,model_4,0.1717,0.22567186
3432,model_4,0.0191,0.018882165
3433,model_4,0.538,0.54160786
3434,model_4,0.4075,0.49360833
3435,model_4,0.1275,0.09004283
3436,model_4,0.0501,0.056127675
3437,model_4,0.2563,0.17738734
3438,model_4,0.9826,0.88627136
3439,model_4,0.0246,0.014155218
3440,model_4,-0.0682,-0.029381527
3441,model_4,-0.0277,-0.014107002
3442,model_4,0.0376,0.1900539
3443,model_4,0.1666,0.2038085
3444,model_4,0.1399,0.100551456
3445,model_4,1.0274,0.97451174
3446,model_4,0.1428,0.0050215367
3447,model_4,0.0236,0.046134852
3448,model_4,0.064,0.06594904
3449,model_4,0.4233,0.44139853
3450,model_4,0.6393,0.66954386
3451,model_4,0.3216,0.22714649
3452,model_4,-0.0694,-0.038179286
3453,model_4,0.0635,0.07907681
3454,model_4,0.2211,0.29913047
3455,model_4,0.2503,0.1953141
3456,model_4,0.3391,0.35816047
3457,model_4,0.0717,0.03655705
3458,model_4,0.5521,0.57008934
3459,model_4,0.0696,0.0937963
3460,model_4,-0.0872,-0.11861778
3461,model_4,0.0945,0.0914724
3462,model_4,0.2557,0.24319895
3463,model_4,0.2183,0.25339422
3464,model_4,0.3217,0.23934044
3465,model_4,0.4158,0.3936657
3466,model_4,0.2957,0.18377858
3467,model_4,0.2495,0.27366808
3468,model_4,0.2327,0.25284263
3469,model_4,0.6501,0.632011
3470,model_4,0.1581,-0.016339807
3471,model_4,-0.0835,-0.09635517
3472,model_4,0.0654,0.05855754
3473,model_4,0.197,0.14988257
3474,model_4,0.3412,0.13699666
3475,model_4,0.1847,0.17925291
3476,model_4,0.3729,0.39414603
3477,model_4,0.0323,0.072713815
3478,model_4,0.0401,0.05067253
3479,model_4,0.1231,0.0071318094
3480,model_4,0.1799,0.14628033
3481,model_4,0.0995,0.106906615
3482,model_4,0.2019,0.2229663
3483,model_4,0.1524,0.17834044
3484,model_4,0.431,0.49164787
3485,model_4,0.1017,0.06860291
3486,model_4,0.7398,0.7749237
3487,model_4,0.1535,0.14614038
3488,model_4,0.0207,0.027915427
3489,model_4,0.4505,0.39257702
3490,model_4,0.3056,0.21445622
3491,model_4,-0.0474,-0.019361285
3492,model_4,0.1515,0.13626902
3493,model_4,0.0776,0.08730139
3494,model_4,0.1822,0.17036901
3495,model_4,0.0526,0.046688505
3496,model_4,0.1324,-0.0049541723
3497,model_4,0.4235,0.48941496
3498,model_4,0.0804,0.08640167
3499,model_4,0.4589,0.47019494
3500,model_4,0.0891,0.1182974
3501,model_4,0.5389,0.6024765
3502,model_4,0.1798,0.15151307
3503,model_4,0.4174,0.3408257
3504,model_4,0.2342,0.22356626
3505,model_4,0.1806,0.18576121
3506,model_4,0.276,0.3035999
3507,model_4,0.1507,0.20143725
3508,model_4,0.166,0.18407245
3509,model_4,0.3293,0.35298204
3510,model_4,0.3523,0.41387275
3511,model_4,0.2044,0.19462025
3512,model_4,0.3894,0.39451376
3513,model_4,0.2867,0.18414967
3514,model_4,0.1079,0.12567596
3515,model_4,0.5068,0.44139835
3516,model_4,0.751,0.7384646
3517,model_4,0.4098,0.419427
3518,model_4,0.3285,0.31796116
3519,model_4,-0.0824,-0.11953353
3520,model_4,0.3485,0.33588272
3521,model_4,0.6974,0.7383378
3522,model_4,0.1694,0.22379339
3523,model_4,-0.3119,0.038164817
3524,model_4,-0.0031,-0.00732599
3525,model_4,0.2454,0.3040112
3526,model_4,0.7885,0.84272456
3527,model_4,0.5902,0.6435524
3528,model_4,0.5612,0.52756727
3529,model_4,0.1329,0.030535208
3530,model_4,0.3072,0.14524129
3531,model_4,0.7062,0.7507587
3532,model_4,0.3474,0.46896103
3533,model_4,0.2665,0.31319007
3534,model_4,0.4367,0.46189508
3535,model_4,0.1662,0.15886398
3536,model_4,0.0353,0.05267258
3537,model_4,-0.1818,-0.13009746
3538,model_4,0.3656,0.27689636
3539,model_4,0.1932,0.12739989
3540,model_4,0.058,0.08130978
3541,model_4,0.09,0.022996878
3542,model_4,0.0503,0.12101163
3543,model_4,0.4023,0.44165072
3544,model_4,-0.0064,-0.027804611
3545,model_4,0.553,0.5653532
3546,model_4,0.504,0.3963814
3547,model_4,0.8109,0.7783613
3548,model_4,0.1264,0.07298997
3549,model_4,0.1614,0.20108043
3550,model_4,0.4891,0.4690742
3551,model_4,0.0395,0.08611332
3552,model_4,-0.1119,-0.075743586
3553,model_4,0.1622,0.13671975
3554,model_4,0.5764,0.5717151
3555,model_4,-0.0684,-0.09821157
3556,model_4,0.1454,0.21950713
3557,model_4,0.0799,0.1027163
3558,model_4,0.2497,0.22070308
3559,model_4,0.1818,0.15092422
3560,model_4,0.284,0.18988752
3561,model_4,-0.1644,-0.19912477
3562,model_4,0.1897,0.16552049
3563,model_4,0.3775,0.38550833
3564,model_4,0.1648,0.34891403
3565,model_4,0.7259,0.70657414
3566,model_4,0.1479,0.16527088
3567,model_4,0.5309,0.46716812
3568,model_4,0.1578,0.105817385
3569,model_4,0.3226,0.2904953
3570,model_4,0.268,0.24578764
3571,model_4,0.1174,0.11055662
3572,model_4,0.2919,0.24997486
3573,model_4,0.0138,0.10065507
3574,model_4,0.3971,0.26725572
3575,model_4,0.2218,0.09365764
3576,model_4,0.138,0.08505481
3577,model_4,0.5182,0.5226305
3578,model_4,0.2542,0.27296808
3579,model_4,0.1709,0.13165264
3580,model_4,0.6848,0.6775848
3581,model_4,0.141,0.121787176
3582,model_4,0.2384,0.19171377
3583,model_4,0.2414,0.25015393
3584,model_4,0.36,0.46242484
3585,model_4,-0.0427,0.10568285
3586,model_4,0.07,0.12764838
3587,model_4,0.3388,0.31239697
3588,model_4,0.1658,0.11531581
3589,model_4,0.0475,0.08280735
3590,model_4,0.5908,0.5910317
3591,model_4,-0.1709,-0.19062869
3592,model_4,0.1691,0.06035173
3593,model_4,0.1656,0.17168052
3594,model_4,0.1224,0.13083945
3595,model_4,0.1994,0.21547215
3596,model_4,0.1669,0.11424008
3597,model_4,-0.0821,0.018610576
3598,model_4,0.6186,0.53888214
3599,model_4,0.0179,0.022102872
3600,model_4,0.1375,0.1057245
3601,model_4,0.5903,0.56598943
3602,model_4,0.3467,0.3990758
3603,model_4,-0.0263,0.045736596
3604,model_4,0.4109,0.4321097
3605,model_4,0.6916,0.6654997
3606,model_4,0.416,0.37937796
3607,model_4,0.3132,0.46223745
3608,model_4,-0.0458,0.07519976
3609,model_4,0.4565,0.55419874
3610,model_4,0.0065,0.017173449
3611,model_4,0.0602,0.07021679
3612,model_4,0.1123,0.1033552
3613,model_4,0.4229,0.4597374
3614,model_4,0.0637,0.09684033
3615,model_4,0.4661,0.46137297
3616,model_4,0.1544,0.15635084
3617,model_4,0.2668,0.22269274
3618,model_4,0.078,-0.017283117
3619,model_4,0.5381,0.49556425
3620,model_4,0.2018,0.13630883
3621,model_4,0.419,0.36748764
3622,model_4,0.7334,0.71067506
3623,model_4,0.2755,0.23358233
3624,model_4,0.2632,0.27962565
3625,model_4,0.1449,0.14761092
3626,model_4,0.0531,0.15249582
3627,model_4,0.3051,0.42315105
3628,model_4,0.2991,0.3251085
3629,model_4,-0.0328,-0.027208297
3630,model_4,0.1456,0.1335804
3631,model_4,0.9045,0.8942733
3632,model_4,0.046,0.08403356
3633,model_4,0.3297,0.25953627
3634,model_4,0.0507,0.029995972
3635,model_4,0.1903,0.1352154
3636,model_4,0.305,0.31567955
3637,model_4,0.2131,0.18891
3638,model_4,0.9545,0.86646616
3639,model_4,0.2816,0.3104972
3640,model_4,0.2306,0.22288017
3641,model_4,0.3441,0.30057928
3642,model_4,0.2367,0.06407337
3643,model_4,0.2614,0.22167584
3644,model_4,0.1789,0.1263747
3645,model_4,0.2887,0.3132821
3646,model_4,-0.0046,0.011995347
3647,model_4,0.0095,0.04754731
3648,model_4,0.4523,0.430493
3649,model_4,0.3158,0.13086799
3650,model_4,0.0769,0.10764791
3651,model_4,0.169,0.22054951
3652,model_4,0.0997,0.12022501
3653,model_4,0.0174,0.105291374
3654,model_4,0.3583,0.42103308
3655,model_4,0.0927,0.06120663
3656,model_4,0.4224,0.33539072
3657,model_4,0.0782,0.12771867
3658,model_4,-0.0229,-0.062545136
3659,model_4,0.0466,0.17181927
3660,model_4,0.5079,0.26868233
3661,model_4,0.1812,0.2204858
3662,model_4,0.3764,0.37319145
3663,model_4,0.3031,0.25439814
3664,model_4,0.4124,0.46675888
3665,model_4,0.0257,0.046974763
3666,model_4,0.2553,0.29994082
3667,model_4,0.7995,0.84497213
3668,model_4,-0.0158,0.008594984
3669,model_4,0.2759,0.28941438
3670,model_4,0.0193,0.035716504
3671,model_4,0.0859,0.010207364
3672,model_4,0.0331,0.036420606
3673,model_4,-0.0519,-0.044881165
3674,model_4,0.8559,0.85719776
3675,model_4,0.1119,0.1415472
3676,model_4,0.2068,0.11329876
3677,model_4,0.2854,0.19448417
3678,model_4,0.3019,0.3399593
3679,model_4,0.5524,0.541167
3680,model_4,0.0293,0.012757303
3681,model_4,0.2448,0.17223528
3682,model_4,0.2051,0.20909168
3683,model_4,0.3151,0.34887186
3684,model_4,-0.0376,0.021132851
3685,model_4,0.3825,0.4740988
3686,model_4,0.0664,0.06537158
3687,model_4,0.4325,0.35971788
3688,model_4,0.6083,0.6623595
3689,model_4,0.1179,0.18039303
3690,model_4,0.5172,0.5352086
3691,model_4,0.2364,0.21093442
3692,model_4,0.2215,0.2325793
3693,model_4,0.4638,0.4947348
3694,model_4,0.7501,0.7575984
3695,model_4,-0.0333,-0.018163068
3696,model_4,0.4086,0.44720376
3697,model_4,0.4016,0.41652355
3698,model_4,0.1283,0.17294917
3699,model_4,0.3067,0.2949716
3700,model_4,0.286,0.2968344
3701,model_4,0.1674,0.092822224
3702,model_4,0.1877,0.20330384
3703,model_4,-0.1442,-0.16518357
3704,model_4,0.3073,0.19350928
3705,model_4,0.1844,0.21278603
3706,model_4,0.2551,0.28625557
3707,model_4,-0.0947,-0.12653288
3708,model_4,0.1855,0.15199372
3709,model_4,-0.0191,0.045593634
3710,model_4,0.4872,0.5340266
3711,model_4,0.1302,0.13098274
3712,model_4,0.0342,0.10995796
3713,model_4,0.3516,0.19721468
3714,model_4,0.2912,0.24887033
3715,model_4,0.0398,0.06822749
3716,model_4,0.0433,0.08828709
3717,model_4,0.1345,0.07321136
3718,model_4,0.2355,0.2984994
3719,model_4,0.5646,0.5056809
3720,model_4,0.3734,0.2722613
3721,model_4,-0.1017,-0.06184257
3722,model_4,0.1619,0.19285412
3723,model_4,0.4155,0.47792485
3724,model_4,-0.1369,-0.07842928
3725,model_4,-0.1773,-0.091601595
3726,model_4,0.256,0.12385142
3727,model_4,0.2411,0.20902617
3728,model_4,0.1399,0.15585022
3729,model_4,0.3377,0.36838475
3730,model_4,0.4026,0.41924
3731,model_4,0.1185,0.09816164
3732,model_4,0.0412,0.04557255
3733,model_4,0.4743,0.52363515
3734,model_4,-0.0943,-0.07956223
3735,model_4,0.5602,0.4973872
3736,model_4,0.6414,0.5909132
3737,model_4,0.025,0.04200244
3738,model_4,0.4345,0.4467592
3739,model_4,0.2413,0.23703144
3740,model_4,0.1842,0.14586736
3741,model_4,0.1482,0.19000193
3742,model_4,0.2116,0.21434595
3743,model_4,0.1809,0.09634365
3744,model_4,0.0008,0.006379256
3745,model_4,0.2981,0.24322991
3746,model_4,0.2653,0.25328764
3747,model_4,0.2644,0.23980685
3748,model_4,-0.1238,-0.15065835
3749,model_4,0.5212,0.5426451
3750,model_4,0.1893,0.14378676
3751,model_4,0.1744,0.17057504
3752,model_4,0.1177,0.17556949
3753,model_4,0.0587,0.015764141
3754,model_4,1.0595,0.9605426
3755,model_4,0.6588,0.51816
3756,model_4,0.1134,0.09313433
3757,model_4,0.1998,0.15045892
3758,model_4,0.3285,0.29979768
3759,model_4,0.1102,0.18090153
3760,model_4,0.4175,0.40566596
3761,model_4,0.251,0.2522069
3762,model_4,0.0609,0.06402956
3763,model_4,0.1804,0.21878777
3764,model_4,0.106,0.06155046
3765,model_4,0.1712,0.16167147
3766,model_4,0.187,0.21557531
3767,model_4,0.0654,0.09888116
3768,model_4,0.3935,0.40871415
3769,model_4,0.0958,0.07542906
3770,model_4,0.0533,0.07054644
3771,model_4,0.0653,0.06845542
3772,model_4,0.3742,0.3483629
3773,model_4,1.0304,0.94583327
3774,model_4,0.1741,0.16281386
3775,model_4,0.5572,0.5665516
3776,model_4,0.2254,0.25588217
3777,model_4,-0.0512,-0.000625452
3778,model_4,-0.2296,-0.16245739
3779,model_4,0.4832,0.43834352
3780,model_4,-0.1329,-0.08156912
3781,model_4,0.4785,0.5151721
3782,model_4,0.3743,0.4024484
3783,model_4,-0.0072,0.053091355
3784,model_4,0.1332,0.12218949
3785,model_4,0.3787,0.48035175
3786,model_4,0.3253,0.29214102
3787,model_4,0.2476,0.16613635
3788,model_4,-0.0354,-0.02174881
3789,model_4,0.32,0.31199646
3790,model_4,0.1484,0.116156414
3791,model_4,-0.0343,-0.037160367
3792,model_4,0.277,0.31315437
3793,model_4,0.2425,0.26815405
3794,model_4,-0.0985,-0.1019408
3795,model_4,0.2451,0.208903
3796,model_4,0.134,0.21720555
3797,model_4,0.074,0.18254904
3798,model_4,0.0589,0.16689245
3799,model_4,0.1314,-0.008083103
3800,model_4,0.0602,0.055772893
3801,model_4,0.3729,0.36119062
3802,model_4,0.253,0.27811497
3803,model_4,0.219,0.16361979
3804,model_4,0.0739,0.085884295
3805,model_4,0.1459,0.09415125
3806,model_4,0.1405,0.12690772
3807,model_4,0.7486,0.7481454
3808,model_4,0.1717,0.25102213
3809,model_4,0.1838,0.14235595
3810,model_4,0.2001,0.22284456
3811,model_4,0.7292,0.72144604
3812,model_4,0.3412,0.17094548
3813,model_4,-0.0155,0.00016799755
3814,model_4,1.1252,1.1207491
3815,model_4,0.0705,0.06842655
3816,model_4,0.0418,0.06982319
3817,model_4,-0.1063,0.00969314
3818,model_4,0.2312,0.19522204
3819,model_4,0.7003,0.6610131
3820,model_4,0.1056,0.12016575
3821,model_4,0.3689,0.41879806
3822,model_4,-0.1143,-0.10982578
3823,model_4,0.1096,0.12053494
3824,model_4,0.0644,0.07780954
3825,model_4,0.6392,0.7303425
3826,model_4,0.0918,0.08034792
3827,model_4,0.0655,0.08225708
3828,model_4,0.3044,0.32570884
3829,model_4,0.3341,0.36913675
3830,model_4,0.0544,0.031881183
3831,model_4,0.3984,0.27552858
3832,model_4,0.0921,0.056053787
3833,model_4,0.6543,0.6667352
3834,model_4,0.4395,0.48644522
3835,model_4,0.0618,0.022448393
3836,model_4,0.2641,0.3218386
3837,model_4,0.1596,0.20477885
3838,model_4,0.4902,0.47403598
3839,model_4,0.4631,0.47403666
3840,model_4,0.3601,0.29685116
3841,model_4,0.0105,0.038195364
3842,model_4,0.0005,-0.039350547
3843,model_4,-0.1412,-0.14878438
3844,model_4,0.1391,0.09694854
3845,model_4,0.0419,-0.017798452
3846,model_4,0.1369,0.09574671
3847,model_4,0.2581,0.33655974
3848,model_4,0.1817,0.2559821
3849,model_4,0.2312,0.14377154
3850,model_4,0.2055,0.16629614
3851,model_4,0.1994,0.18958555
3852,model_4,0.5643,0.5897601
3853,model_4,0.4813,0.43733317
3854,model_4,0.0856,0.06242092
3855,model_4,0.1119,0.093873896
3856,model_4,-0.011,-0.02555043
3857,model_4,0.6037,0.65347046
3858,model_4,0.1687,0.21022876
3859,model_4,0.2807,0.30999905
3860,model_4,0.3666,0.44942054
3861,model_4,0.3727,0.28786823
3862,model_4,0.9155,0.8558798
3863,model_4,0.3328,0.39915308
3864,model_4,-0.0481,-0.08521182
3865,model_4,0.0562,0.08934675
3866,model_4,0.3227,0.1769361
3867,model_4,0.3441,0.37543473
3868,model_4,0.109,0.08899489
3869,model_4,0.1845,0.17693032
3870,model_4,0.8216,0.8024181
3871,model_4,0.192,0.18831311
3872,model_4,0.1581,0.20296885
3873,model_4,0.0141,0.28766334
3874,model_4,0.2245,0.2426268
3875,model_4,0.1141,0.06802885
3876,model_4,0.6332,0.6400398
3877,model_4,0.3853,0.3354968
3878,model_4,0.3859,0.3880436
3879,model_4,0.0067,0.04247468
3880,model_4,0.1439,0.16030912
3881,model_4,0.1776,0.22888233
3882,model_4,0.5041,0.5834714
3883,model_4,0.0134,0.06860484
3884,model_4,0.2035,0.113162324
3885,model_4,0.2006,0.2676033
3886,model_4,0.2101,0.19216713
3887,model_4,0.2382,0.24601544
3888,model_4,0.4777,0.43620363
3889,model_4,0.612,0.5854219
3890,model_4,0.2098,0.24171074
3891,model_4,0.0809,0.069051325
3892,model_4,0.0901,0.12735134
3893,model_4,0.1981,0.16921653
3894,model_4,0.174,0.23410536
3895,model_4,0.3087,0.21770827
3896,model_4,-0.0632,-0.07959504
3897,model_4,0.3858,0.38085848
3898,model_4,0.0589,-0.002714714
3899,model_4,0.3656,0.4519243
3900,model_4,0.2931,0.20057073
3901,model_4,0.2546,0.21873568
3902,model_4,0.1835,0.2032552
3903,model_4,-0.0613,0.023102323
3904,model_4,0.1331,0.1774781
3905,model_4,0.3016,0.15888566
3906,model_4,0.2408,0.26982832
3907,model_4,0.275,0.3010688
3908,model_4,0.616,0.6599513
3909,model_4,0.6724,0.7145963
3910,model_4,0.1178,0.16362275
3911,model_4,0.1716,0.25934854
3912,model_4,0.6781,0.645944
3913,model_4,0.1301,0.1476515
3914,model_4,0.4894,0.42698464
3915,model_4,0.3506,0.31035593
3916,model_4,0.3536,0.32810408
3917,model_4,0.3403,0.3831214
3918,model_4,0.5063,0.46067926
3919,model_4,0.4601,0.4906793
3920,model_4,0.0225,0.11655976
3921,model_4,0.792,0.7018343
3922,model_4,0.7097,0.7036521
3923,model_4,0.3095,0.3298231
3924,model_4,0.3484,0.22116356
3925,model_4,0.2324,0.28287357
3926,model_4,0.2337,0.20669803
3927,model_4,0.1111,0.112026006
3928,model_4,0.2707,0.3059701
3929,model_4,0.1897,0.11504559
3930,model_4,0.8078,0.7891911
3931,model_4,0.086,0.053808145
3932,model_4,0.5331,0.53558075
3933,model_4,-0.0477,-0.0003942009
3934,model_4,0.215,0.13702713
3935,model_4,0.0252,0.06657588
3936,model_4,0.2596,0.25642648
3937,model_4,-0.1229,0.096998766
3938,model_4,0.2592,0.33227322
3939,model_4,0.4042,0.47952983
3940,model_4,0.498,0.3830395
3941,model_4,0.2869,0.2116764
3942,model_4,0.9065,0.8379115
3943,model_4,0.0242,0.04124461
3944,model_4,0.2392,0.030203665
3945,model_4,0.2679,0.32081848
3946,model_4,0.0129,-0.012049785
3947,model_4,0.3067,0.44299576
3948,model_4,0.3272,0.3424745
3949,model_4,0.2139,0.19107518
3950,model_4,0.2653,0.39233258
3951,model_4,0.0787,0.0478236
3952,model_4,0.4143,0.41913924
3953,model_4,0.1181,0.31758884
3954,model_4,-0.0286,-0.017474545
3955,model_4,-0.0295,0.0071551073
3956,model_4,0.4011,0.43647355
3957,model_4,0.3036,0.37425265
3958,model_4,0.5759,0.64231503
3959,model_4,0.0457,-0.0027160477
3960,model_4,0.1588,0.13642873
3961,model_4,0.4304,0.387303
3962,model_4,0.1268,0.3085049
3963,model_4,0.3052,0.3112978
3964,model_4,0.1262,0.09655648
3965,model_4,0.0774,0.057358406
3966,model_4,0.1436,0.09673846
3967,model_4,0.0964,0.07350926
3968,model_4,0.1654,0.14421192
3969,model_4,0.0685,0.13926464
3970,model_4,-0.0696,-0.05426711
3971,model_4,0.4064,0.47821024
3972,model_4,0.1709,0.17636667
3973,model_4,0.5629,0.47477773
3974,model_4,0.0048,0.023171911
3975,model_4,0.4967,0.46474472
3976,model_4,0.1974,0.15554678
3977,model_4,0.1781,0.22453247
3978,model_4,0.2431,0.15481465
3979,model_4,0.536,0.53984964
3980,model_4,0.4795,0.45679048
3981,model_4,0.3696,0.33137053
3982,model_4,0.3802,0.43051928
3983,model_4,-0.0416,-0.018949365
3984,model_4,0.2533,0.17057498
3985,model_4,0.0302,0.08938686
3986,model_4,0.619,0.6079477
3987,model_4,0.3451,0.28176552
3988,model_4,0.3273,0.28758273
3989,model_4,0.0885,-0.013708314
3990,model_4,0.2026,0.19954239
3991,model_4,-0.1207,-0.12947156
3992,model_4,0.1663,0.22146176
3993,model_4,0.0246,0.017238462
3994,model_4,0.5322,0.5247882
3995,model_4,-0.026,0.019200647
3996,model_4,0.249,0.33057
3997,model_4,0.2708,0.1880049
3998,model_4,0.0096,0.055821836
3999,model_4,0.3603,0.37511846
4000,model_4,0.0613,0.07704261
4001,model_4,0.0927,0.10452924
4002,model_4,0.0623,0.067799896
4003,model_4,0.3399,0.3978046
4004,model_4,0.2349,0.19294481
4005,model_4,-0.1054,-0.053092957
4006,model_4,0.1305,0.2684867
4007,model_4,0.4299,0.39444408
4008,model_4,0.1967,0.24962194
4009,model_4,0.1221,0.15476632
4010,model_4,-0.0196,-0.07401481
4011,model_4,0.3235,0.4087379
4012,model_4,0.1107,0.1048979
4013,model_4,-0.0428,0.15466452
4014,model_4,0.2556,0.25601637
4015,model_4,-0.0811,0.021753991
4016,model_4,0.0188,0.07546459
4017,model_4,0.1388,0.13916835
4018,model_4,0.2929,0.25857952
4019,model_4,-0.1993,-0.18939678
4020,model_4,-0.0737,-0.041775607
4021,model_4,0.2381,0.24649377
4022,model_4,0.321,0.3275322
4023,model_4,0.0623,0.05648862
4024,model_4,0.0993,0.004735546
4025,model_4,0.3033,0.25597697
4026,model_4,0.3624,0.4714268
4027,model_4,-0.1902,-0.17485003
4028,model_4,0.1821,0.23022233
4029,model_4,0.1224,0.07909311
4030,model_4,0.6434,0.5857092
4031,model_4,0.0816,0.10404633
4032,model_4,0.2563,0.30364716
4033,model_4,-0.0809,-0.041143805
4034,model_4,0.1272,0.05731859
4035,model_4,0.761,0.7535739
4036,model_4,0.9782,0.9350166
4037,model_4,0.7346,0.77319336
4038,model_4,-0.2718,-0.27463907
4039,model_4,0.099,0.07715702
4040,model_4,0.1593,0.11527173
4041,model_4,0.8308,0.8149426
4042,model_4,0.2463,0.2709507
4043,model_4,-0.1469,-0.15627657
4044,model_4,0.0716,0.09391436
4045,model_4,0.2307,0.22888157
4046,model_4,0.2786,0.17359911
4047,model_4,0.1573,0.0952824
4048,model_4,-0.1255,-0.14988403
4049,model_4,0.083,0.08288431
4050,model_4,0.6141,0.627228
4051,model_4,0.272,0.2944483
4052,model_4,0.3738,0.33047348
4053,model_4,0.0771,0.11189605
4054,model_4,-0.1552,-0.16732503
4055,model_4,0.0225,0.019925045
4056,model_4,0.1476,0.23330529
4057,model_4,0.2274,0.31229332
4058,model_4,0.2079,0.08177431
4059,model_4,0.2457,0.17380582
4060,model_4,0.2735,0.24852599
4061,model_4,0.1978,0.13980989
4062,model_4,0.08,0.08497402
4063,model_4,-0.0209,-0.0036648866
4064,model_4,0.2118,0.082691796
4065,model_4,0.3023,0.26789728
4066,model_4,0.2539,0.33086458
4067,model_4,0.0707,0.075403385
4068,model_4,0.136,0.14830603
4069,model_4,0.1599,0.24155916
4070,model_4,0.6111,0.5076284
4071,model_4,0.3944,0.5202983
4072,model_4,0.0551,0.08455548
4073,model_4,0.4049,0.41060308
4074,model_4,0.2101,0.108242035
4075,model_4,0.4686,0.4170987
4076,model_4,-0.0418,-0.036774732
4077,model_4,0.0298,0.01879959
4078,model_4,-0.0136,0.01997889
4079,model_4,0.1846,0.2225533
4080,model_4,0.0284,-0.0373452
4081,model_4,0.1338,0.10452486
4082,model_4,0.1026,0.16020884
4083,model_4,0.8321,0.8228649
4084,model_4,0.2663,0.17618749
4085,model_4,0.4497,0.48014578
4086,model_4,0.4376,0.48524883
4087,model_4,0.0306,0.055252373
4088,model_4,0.0394,0.08383954
4089,model_4,-0.203,-0.14882173
4090,model_4,0.2541,0.25503832
4091,model_4,0.1894,0.17494343
4092,model_4,0.0872,0.06840877
4093,model_4,0.4771,0.48155168
4094,model_4,0.0681,0.05023005
4095,model_4,-0.0103,-0.069768935
4096,model_4,0.1096,0.13183852
4097,model_4,0.2077,0.09365764
4098,model_4,0.154,0.11129686
4099,model_4,0.2812,0.29915574
4100,model_4,0.5548,0.59595674
4101,model_4,0.1924,0.1548383
4102,model_4,-0.0031,-0.0823549
4103,model_4,-0.0004,0.09011741
4104,model_4,0.1871,0.23067997
4105,model_4,0.1293,0.089385316
4106,model_4,0.6502,0.7113453
4107,model_4,0.9013,0.8830749
4108,model_4,-0.0305,-0.03542825
4109,model_4,0.319,0.38583025
4110,model_4,-0.1308,-0.13276744
4111,model_4,0.5404,0.60467815
4112,model_4,-0.0398,-0.087651104
4113,model_4,0.2239,0.19792882
4114,model_4,0.2115,0.1856963
4115,model_4,0.1766,0.14039956
4116,model_4,0.1843,0.2429523
4117,model_4,0.0917,0.09062123
4118,model_4,0.1568,0.1920369
4119,model_4,0.4647,0.36587375
4120,model_4,0.4308,0.44734606
4121,model_4,0.2275,0.19564417
4122,model_4,0.4214,0.39242536
4123,model_4,0.2582,0.35056463
4124,model_4,0.1072,0.10745595
4125,model_4,0.3005,0.2372498
4126,model_4,0.1624,0.122200295
4127,model_4,0.1631,0.118150786
4128,model_4,0.1303,0.10501834
4129,model_4,0.1131,0.13228552
4130,model_4,0.3484,0.37731174
4131,model_4,0.4595,0.48310032
4132,model_4,0.2166,0.24567093
4133,model_4,0.0623,0.115546
4134,model_4,0.065,0.06272546
4135,model_4,0.1526,0.14246045
4136,model_4,0.0158,-0.056749225
4137,model_4,0.0356,0.007580744
4138,model_4,0.059,0.13059379
4139,model_4,0.0938,0.15671618
4140,model_4,0.9534,0.91526324
4141,model_4,0.1901,0.22302584
4142,model_4,0.5813,0.5287508
4143,model_4,0.1318,0.10005853
4144,model_4,-0.1775,-0.11585899
4145,model_4,0.1606,0.16832654
4146,model_4,0.0563,0.059191205
4147,model_4,0.1307,0.1510535
4148,model_4,0.2226,0.26160863
4149,model_4,0.7866,0.76925087
4150,model_4,0.2205,0.18147151
4151,model_4,0.4451,0.4703728
4152,model_4,0.156,0.12730773
4153,model_4,-0.1083,-0.059767246
4154,model_4,0.0564,0.06680643
4155,model_4,0.4211,0.4377143
4156,model_4,0.146,0.13317575
4157,model_4,-0.0181,-0.043061264
4158,model_4,0.5689,0.57188344
4159,model_4,0.2777,0.18263762
4160,model_4,0.1707,0.134192
4161,model_4,0.1485,0.20210744
4162,model_4,0.2455,0.1377391
4163,model_4,-0.0107,0.0033293609
4164,model_4,-0.0609,-0.05350431
4165,model_4,0.4845,0.44404072
4166,model_4,-0.0678,-0.07621608
4167,model_4,0.149,0.12626176
4168,model_4,0.2615,0.28138614
4169,model_4,0.4463,0.45490137
4170,model_4,-0.1842,-0.12726381
4171,model_4,-0.0281,-0.034028187
4172,model_4,0.0583,0.09313924
4173,model_4,0.9045,0.89578325
4174,model_4,0.4643,0.37542856
4175,model_4,0.3083,0.35199502
4176,model_4,0.3324,0.2738912
4177,model_4,0.72,0.69752085
4178,model_4,0.6579,0.6730136
4179,model_4,0.1855,0.15535724
4180,model_4,0.2354,0.15704104
4181,model_4,0.3258,0.32309332
4182,model_4,0.0164,0.01965713
4183,model_4,1.0375,0.94730884
4184,model_4,0.316,0.33372974
4185,model_4,-0.0123,0.023030082
4186,model_4,0.15,0.16366859
4187,model_4,0.3945,0.37132943
4188,model_4,0.0588,0.060569793
4189,model_4,0.703,0.745358
4190,model_4,0.7689,0.6813617
4191,model_4,0.0864,0.090509534
4192,model_4,0.1213,0.13792834
4193,model_4,0.0583,-0.026307886
4194,model_4,0.1236,0.19901931
4195,model_4,0.1675,0.23188846
4196,model_4,0.1384,0.3090108
4197,model_4,0.0729,0.07599991
4198,model_4,0.3622,0.3723434
4199,model_4,0.0907,0.14223869
4200,model_4,0.8115,0.83038056
4201,model_4,-0.094,0.018658945
4202,model_4,0.2585,0.26917592
4203,model_4,0.1499,0.16128103
4204,model_4,0.1691,0.21160644
4205,model_4,0.662,0.6257241
4206,model_4,-0.0127,-0.06691395
4207,model_4,0.6682,0.6765832
4208,model_4,0.099,0.09794356
4209,model_4,0.3809,0.39874575
4210,model_4,0.5435,0.5497552
4211,model_4,-0.0243,-0.044026747
4212,model_4,-0.0053,0.093906246
4213,model_4,0.3056,0.32263586
4214,model_4,0.0373,-0.03716243
4215,model_4,0.8759,0.85180914
4216,model_4,0.2478,0.21348847
4217,model_4,0.2162,0.2230667
4218,model_4,0.0773,0.08217542
4219,model_4,0.3395,0.38311198
4220,model_4,0.9355,0.85971713
4221,model_4,0.613,0.68801206
4222,model_4,-0.1075,0.0011470038
4223,model_4,0.0822,0.047615618
4224,model_4,0.0108,0.08032887
4225,model_4,0.259,0.27157113
4226,model_4,0.5039,0.5898885
4227,model_4,0.3222,0.3282713
4228,model_4,0.0214,0.0029899944
4229,model_4,0.0952,0.05233421
4230,model_4,0.081,0.08178599
4231,model_4,-0.0042,0.033767693
4232,model_4,0.4702,0.50403404
4233,model_4,0.554,0.48393217
4234,model_4,-0.0034,0.05527848
4235,model_4,-0.0684,-0.040748253
4236,model_4,0.39,0.418784
4237,model_4,0.2728,0.23468114
4238,model_4,0.0363,0.14793359
4239,model_4,0.1011,0.13242696
4240,model_4,0.7641,0.81906927
4241,model_4,0.0253,0.00564144
4242,model_4,0.9953,0.9115828
4243,model_4,0.0248,0.00072946586
4244,model_4,0.8611,0.8644508
4245,model_4,0.0561,0.033411846
4246,model_4,-0.0583,-0.13797075
4247,model_4,0.2976,0.23489146
4248,model_4,0.4372,0.3973258
4249,model_4,0.3029,0.21910954
4250,model_4,-0.0356,0.050896205
4251,model_4,0.1042,0.13175492
4252,model_4,0.0965,0.054448217
4253,model_4,0.4579,0.4352808
4254,model_4,0.2938,0.30086574
4255,model_4,0.2888,0.39459652
4256,model_4,0.171,0.3334038
4257,model_4,0.119,0.02610259
4258,model_4,0.0013,0.063824
4259,model_4,0.2895,0.23534043
4260,model_4,0.1301,0.10139601
4261,model_4,0.2691,0.26417127
4262,model_4,-0.0018,0.13028355
4263,model_4,-0.0533,-0.039520584
4264,model_4,-0.0197,-0.02741949
4265,model_4,-0.1484,-0.1359116
4266,model_4,0.1951,0.20645873
4267,model_4,0.4055,0.4798061
4268,model_4,0.1106,0.08051644
4269,model_4,0.0583,0.14343087
4270,model_4,0.3938,0.42286646
4271,model_4,0.3675,0.13348769
4272,model_4,0.226,0.24527489
4273,model_4,0.1813,0.23626156
4274,model_4,0.3399,0.26039103
4275,model_4,0.5554,0.5269108
4276,model_4,0.3334,0.35187766
4277,model_4,0.188,0.28901914
4278,model_4,0.4514,0.4400759
4279,model_4,0.7766,0.6268761
4280,model_4,0.014,0.000668915
4281,model_4,0.5141,0.5910617
4282,model_4,0.6249,0.62320375
4283,model_4,-0.0204,0.049615398
4284,model_4,-0.0292,-0.0022495668
4285,model_4,-0.0013,-0.0071311574
4286,model_4,0.521,0.45885164
4287,model_4,0.0204,0.07487427
4288,model_4,0.1793,0.33867007
4289,model_4,0.1437,0.12614028
4290,model_4,0.3305,0.2235799
4291,model_4,0.2216,0.27824306
4292,model_4,0.143,0.18526371
4293,model_4,0.1599,0.08666749
4294,model_4,0.4018,0.21985632
4295,model_4,0.3214,0.17549603
4296,model_4,-0.0285,0.13559242
4297,model_4,0.4932,0.49832955
4298,model_4,0.0513,0.031802855
4299,model_4,0.2945,0.33545107
4300,model_4,0.5139,0.5206158
4301,model_4,0.0032,0.036495388
4302,model_4,-0.0776,-0.039819814
4303,model_4,0.7907,0.75821066
4304,model_4,0.0768,0.11003503
4305,model_4,0.3617,0.4255596
4306,model_4,-0.0198,0.0022541303
4307,model_4,0.6612,0.67176276
4308,model_4,0.1361,0.028407568
4309,model_4,0.5632,0.60595596
4310,model_4,0.9331,0.7892387
4311,model_4,0.0125,-0.20251612
4312,model_4,0.0072,-0.0038612317
4313,model_4,0.7001,0.69977456
4314,model_4,0.034,0.014908278
4315,model_4,0.4225,0.47081205
4316,model_4,0.1126,0.17009927
4317,model_4,0.0721,0.036972255
4318,model_4,0.1665,0.16598058
4319,model_4,0.078,0.03797187
4320,model_4,0.06,0.028594108
4321,model_4,0.1683,0.2204524
4322,model_4,0.096,0.111551315
4323,model_4,0.4518,0.39439997
4324,model_4,0.0037,0.015998932
4325,model_4,0.2332,0.23136523
4326,model_4,0.2451,0.2322422
4327,model_4,0.1306,0.107131556
4328,model_4,0.4912,0.39646637
4329,model_4,0.438,0.46035692
4330,model_4,0.3898,0.4117504
4331,model_4,0.3649,0.39700446
4332,model_4,0.3244,0.40916514
4333,model_4,0.3028,0.29017022
4334,model_4,-0.187,-0.1537299
4335,model_4,0.1084,-0.11522905
4336,model_4,0.5668,0.60976005
4337,model_4,-0.1221,-0.072458036
4338,model_4,0.085,0.117812335
4339,model_4,0.063,0.10416748
4340,model_4,0.4078,0.23822473
4341,model_4,0.2179,0.27146628
4342,model_4,0.1821,0.19671094
4343,model_4,0.933,0.84960055
4344,model_4,0.5797,0.5597476
4345,model_4,0.1825,0.29694855
4346,model_4,0.8254,0.86132675
4347,model_4,0.2645,0.30748203
4348,model_4,-0.0714,-0.08547874
4349,model_4,-0.0069,0.002914222
4350,model_4,0.0945,-0.044297293
4351,model_4,0.3143,0.3725576
4352,model_4,-0.1018,-0.09922475
4353,model_4,0.6001,0.5643747
4354,model_4,0.1164,0.35969946
4355,model_4,0.095,0.09793676
4356,model_4,-0.0098,0.057941936
4357,model_4,0.8549,0.8390334
4358,model_4,0.2036,0.13919194
4359,model_4,0.2435,0.23778208
4360,model_4,0.1837,0.17688285
4361,model_4,0.0951,0.09710619
4362,model_4,0.516,0.51983225
4363,model_4,0.1125,0.17793417
4364,model_4,0.1863,0.17966534
4365,model_4,0.2154,0.25615034
4366,model_4,0.1181,0.101925045
4367,model_4,0.2475,0.3019791
4368,model_4,0.067,0.1611247
4369,model_4,0.852,0.81446433
4370,model_4,0.0897,0.050391205
4371,model_4,0.4416,0.447041
4372,model_4,0.5557,0.5876579
4373,model_4,0.2298,0.2259863
4374,model_4,-0.1654,-0.10237045
4375,model_4,0.0125,0.04866708
4376,model_4,0.0092,0.052547365
4377,model_4,-0.0897,-0.10875111
4378,model_4,0.3822,0.37061557
4379,model_4,0.5789,0.56152725
4380,model_4,0.4113,0.43648854
4381,model_4,-0.1034,-0.087808855
4382,model_4,0.1985,0.167395
4383,model_4,0.8832,0.7815809
4384,model_4,0.1488,0.14491735
4385,model_4,0.2965,0.22436114
4386,model_4,0.6032,0.5785435
4387,model_4,-0.0282,0.0070279036
4388,model_4,0.0569,0.063990474
4389,model_4,0.093,0.052025646
4390,model_4,-0.0459,-0.013588419
4391,model_4,0.2319,0.22280899
4392,model_4,0.2506,0.34217826
4393,model_4,0.4566,0.4714243
4394,model_4,0.1457,0.17495401
4395,model_4,-0.0914,0.039146684
4396,model_4,0.2942,0.24313326
4397,model_4,0.5262,0.46455628
4398,model_4,0.0416,0.015387611
4399,model_4,0.7257,0.71988404
4400,model_4,0.6308,0.62815917
4401,model_4,0.2491,0.25260028
4402,model_4,-0.0274,0.08944504
4403,model_4,0.2292,0.2612658
4404,model_4,0.3416,0.22406419
4405,model_4,0.3634,0.3396825
4406,model_4,0.3837,0.362299
4407,model_4,0.1869,0.12638703
4408,model_4,0.364,0.3296524
4409,model_4,0.2319,0.22937946
4410,model_4,0.626,0.68118966
4411,model_4,0.0966,0.078502625
4412,model_4,0.2582,0.29466018
4413,model_4,0.1185,0.057446256
4414,model_4,-0.0204,-0.021549283
4415,model_4,0.4945,0.54878896
4416,model_4,0.7915,0.75808024
4417,model_4,0.1871,0.19796695
4418,model_4,0.4433,0.4027939
4419,model_4,0.5355,0.29118255
4420,model_4,0.2359,0.12187332
4421,model_4,-0.1723,-0.17396556
4422,model_4,0.7331,0.64158
4423,model_4,0.017,0.10563825
4424,model_4,0.0468,0.067558095
4425,model_4,0.1081,0.123224884
4426,model_4,0.5169,0.5431815
4427,model_4,0.1581,0.11739029
4428,model_4,0.2716,0.20894712
4429,model_4,-0.0091,0.06305331
4430,model_4,0.2845,0.2938418
4431,model_4,0.1614,0.082073465
4432,model_4,0.2325,0.13437384
4433,model_4,0.2657,0.28145495
4434,model_4,0.3382,0.35823354
4435,model_4,0.0557,-0.020204348
4436,model_4,0.0353,0.0036236886
4437,model_4,0.4631,0.43746248
4438,model_4,0.2054,0.2721966
4439,model_4,0.2047,0.20686336
4440,model_4,0.2656,0.2842969
4441,model_4,0.4777,0.50291103
4442,model_4,0.4064,0.36161727
4443,model_4,0.0242,0.07729017
4444,model_4,0.4592,0.35076538
4445,model_4,0.3243,0.32688102
4446,model_4,0.1352,0.14649127
4447,model_4,0.0255,0.017713228
4448,model_4,0.763,0.7595713
4449,model_4,0.3208,0.45813298
4450,model_4,0.263,0.20823911
4451,model_4,-0.1737,-0.12422334
4452,model_4,0.06,0.1210047
4453,model_4,0.1509,0.071758956
4454,model_4,0.0046,-0.015713928
4455,model_4,0.1508,0.21075387
4456,model_4,0.4075,0.45414165
4457,model_4,-0.0958,-0.091607094
4458,model_4,0.6353,0.6899409
4459,model_4,0.0677,0.0567054
4460,model_4,0.0777,0.11318669
4461,model_4,0.3265,0.32705334
4462,model_4,0.4886,0.42101493
4463,model_4,0.3461,0.35787764
4464,model_4,0.2767,0.43453148
4465,model_4,0.028,0.06816043
4466,model_4,-0.0594,-0.026748186
4467,model_4,0.2676,0.25208333
4468,model_4,0.6202,0.6491281
4469,model_4,0.6222,0.5154104
4470,model_4,0.2337,0.14590727
4471,model_4,0.0217,0.09466939
4472,model_4,0.0808,0.060810238
4473,model_4,0.6454,0.5829685
4474,model_4,0.2006,0.22630048
4475,model_4,0.0439,-0.042049892
4476,model_4,0.0938,0.08572166
4477,model_4,0.1716,0.21393098
4478,model_4,0.3675,0.11825423
4479,model_4,0.0772,0.08532248
4480,model_4,0.0081,0.03639251
4481,model_4,0.3238,0.32694307
4482,model_4,0.2074,0.22752894
4483,model_4,-0.1353,-0.17208323
4484,model_4,0.1654,0.20670597
4485,model_4,0.138,0.19246775
4486,model_4,0.1193,0.09628954
4487,model_4,0.3876,0.31967852
4488,model_4,0.2061,0.21795222
4489,model_4,0.1914,0.20108142
4490,model_4,0.1146,0.045737408
4491,model_4,0.3428,0.45244303
4492,model_4,0.2016,0.15371242
4493,model_4,0.004,-0.017735763
4494,model_4,-0.0615,-0.068606764
4495,model_4,0.0115,-0.012403553
4496,model_4,0.3994,0.4149125
4497,model_4,0.3747,0.4534032
4498,model_4,-0.0404,-0.11827043
4499,model_4,0.1129,0.09270759
4500,model_4,0.0254,0.106126785
4501,model_4,0.3359,0.31698418
4502,model_4,0.3289,0.23214345
4503,model_4,0.2501,0.2935705
4504,model_4,0.0667,0.03877627
4505,model_4,0.376,0.40437213
4506,model_4,0.2322,0.20337524
4507,model_4,0.6713,0.60715526
4508,model_4,0.2583,0.2611202
4509,model_4,-0.1739,-0.09366903
4510,model_4,0.4033,0.33512607
4511,model_4,0.3128,0.27592203
4512,model_4,0.225,0.36991355
4513,model_4,0.4413,0.40098011
4514,model_4,0.5502,0.4588174
4515,model_4,-0.1033,-0.025718762
4516,model_4,0.4696,0.48409584
4517,model_4,0.1569,0.045283094
4518,model_4,0.7745,0.75913525
4519,model_4,0.0668,0.08504357
4520,model_4,0.2269,0.23849265
4521,model_4,0.319,0.29379416
4522,model_4,0.7016,0.6816653
4523,model_4,0.4465,0.49427643
4524,model_4,0.7297,0.7421189
4525,model_4,0.1823,0.16675304
4526,model_4,0.0871,0.05646868
4527,model_4,0.9148,0.85436887
4528,model_4,0.3055,0.35665095
4529,model_4,0.1637,0.13908668
4530,model_4,0.043,0.017853433
4531,model_4,0.4691,0.5274129
4532,model_4,-0.0116,0.12165843
4533,model_4,0.0677,0.062268004
4534,model_4,1.0351,0.921384
4535,model_4,0.2866,0.2853411
4536,model_4,0.5892,0.56317663
4537,model_4,0.2871,0.2697251
4538,model_4,0.3392,0.37542495
4539,model_4,0.1945,0.21722896
4540,model_4,-0.0428,-0.017825907
4541,model_4,0.1463,0.15865348
4542,model_4,0.4978,0.53585684
4543,model_4,0.0223,0.067326166
4544,model_4,-0.2064,-0.17694643
4545,model_4,0.132,0.21457109
4546,model_4,0.4167,0.38238356
4547,model_4,0.2501,0.27840212
4548,model_4,0.2171,0.18316424
4549,model_4,0.1105,0.09445505
4550,model_4,0.0503,0.045013726
4551,model_4,0.2735,0.1942387
4552,model_4,0.0873,0.08958378
4553,model_4,0.5796,0.5169852
4554,model_4,0.0003,0.0745637
4555,model_4,-0.0934,-0.08152105
4556,model_4,0.1482,0.049709342
4557,model_4,0.0249,0.02388526
4558,model_4,0.4947,0.54271984
4559,model_4,0.0184,0.09464243
4560,model_4,0.0993,0.025643783
4561,model_4,0.187,0.23498513
4562,model_4,0.0136,0.15969938
4563,model_4,0.1294,0.13193862
4564,model_4,0.6397,0.66019547
4565,model_4,0.1758,0.09877232
4566,model_4,0.8494,0.78943497
4567,model_4,0.281,0.31854662
4568,model_4,0.3135,0.34008327
4569,model_4,0.1963,0.1656049
4570,model_4,0.1392,0.13375795
4571,model_4,0.0709,0.122082025
4572,model_4,0.2538,0.24733068
4573,model_4,0.3353,0.32154208
4574,model_4,0.1278,0.19081949
4575,model_4,0.0601,0.09124085
4576,model_4,0.3528,0.28710756
4577,model_4,-0.0167,0.005613202
4578,model_4,0.0699,0.06954658
4579,model_4,0.3068,0.36932668
4580,model_4,0.1487,0.118604764
4581,model_4,0.0721,0.013202088
4582,model_4,0.0948,0.15721825
4583,model_4,0.2498,0.14190806
4584,model_4,-0.0045,0.029703507
4585,model_4,0.3489,0.39719078
4586,model_4,0.1775,0.1621581
4587,model_4,0.9593,0.9535477
4588,model_4,0.5318,0.5817164
4589,model_4,0.1328,0.07063431
4590,model_4,0.8902,0.85471934
4591,model_4,0.8085,0.78001714
4592,model_4,0.2134,0.24845903
4593,model_4,0.0409,0.04443541
4594,model_4,0.0493,0.12216449
4595,model_4,0.2674,0.21924545
4596,model_4,-0.0119,-0.081829555
4597,model_4,0.0361,0.0058959965
4598,model_4,0.1232,0.11625652
4599,model_4,0.1429,0.1771773
4600,model_4,0.2992,0.29009518
4601,model_4,0.3465,0.37808153
4602,model_4,0.2316,0.18852536
4603,model_4,0.1824,0.18262021
4604,model_4,0.0313,-0.03315445
4605,model_4,0.0511,0.08094914
4606,model_4,0.0657,0.04347021
4607,model_4,0.085,0.10770376
4608,model_4,0.0969,-0.04480797
4609,model_4,0.3266,0.23434515
4610,model_4,0.3937,0.3621192
4611,model_4,0.2028,0.2784136
4612,model_4,0.6593,0.6607733
4613,model_4,0.1117,0.078099415
4614,model_4,0.1911,0.25628003
4615,model_4,0.5376,0.43574485
4616,model_4,0.254,0.27497327
4617,model_4,0.2467,0.3098637
4618,model_4,0.8268,0.7792121
4619,model_4,-0.0075,0.014256077
4620,model_4,0.4988,0.5137734
4621,model_4,0.1429,0.06481272
4622,model_4,0.2088,0.3171204
4623,model_4,-0.1882,-0.13542527
4624,model_4,0.1047,0.10992096
4625,model_4,0.3921,0.40533847
4626,model_4,0.5848,0.45689318
4627,model_4,0.062,0.033387214
4628,model_4,0.4068,0.42574283
4629,model_4,0.9933,0.84946036
4630,model_4,-0.0668,0.0039934535
4631,model_4,-0.0142,0.002139816
4632,model_4,0.485,0.45300022
4633,model_4,0.1266,0.26012632
4634,model_4,0.1583,0.1297149
4635,model_4,0.0387,0.013125094
4636,model_4,-0.0162,0.092555866
4637,model_4,0.528,0.15921666
4638,model_4,0.5823,0.63051116
4639,model_4,0.459,0.4681472
4640,model_4,0.3517,0.38033676
4641,model_4,-0.0328,0.049670234
4642,model_4,0.8001,0.7352365
4643,model_4,0.1329,0.21135502
4644,model_4,0.5207,0.52409726
4645,model_4,-0.075,-0.059592813
4646,model_4,0.193,0.17674576
4647,model_4,0.368,0.2476076
4648,model_4,-0.0779,-0.22975792
4649,model_4,0.1726,0.22173059
4650,model_4,0.1804,0.12034185
4651,model_4,-0.2896,0.056122012
4652,model_4,0.1925,0.066237286
4653,model_4,0.1245,0.12600733
4654,model_4,0.0381,0.05224376
4655,model_4,0.4929,0.4778382
4656,model_4,0.0014,0.022346923
4657,model_4,0.3769,0.36318487
4658,model_4,0.3143,0.25516567
4659,model_4,-0.2217,-0.15400939
4660,model_4,0.6451,0.71776354
4661,model_4,0.6323,0.69947636
4662,model_4,0.071,0.08274323
4663,model_4,0.408,0.42707112
4664,model_4,-0.1016,-0.123805426
4665,model_4,0.22,0.32688364
4666,model_4,0.0412,0.036630042
4667,model_4,0.2994,0.30477288
4668,model_4,-0.1873,-0.14773843
4669,model_4,0.1714,0.21157642
4670,model_4,0.3895,0.38493326
4671,model_4,0.0051,0.014267379
4672,model_4,-0.1487,-0.10836229
4673,model_4,0.0377,0.055728823
4674,model_4,0.1726,-0.0075759944
4675,model_4,0.356,0.23910587
4676,model_4,0.6026,0.6656406
4677,model_4,0.9037,0.84594816
4678,model_4,0.0507,0.029445866
4679,model_4,0.2412,0.2806748
4680,model_4,0.4222,0.47329256
4681,model_4,0.1543,0.15019535
4682,model_4,-0.1577,-0.20243357
4683,model_4,0.2097,0.21866469
4684,model_4,0.051,-0.009986354
4685,model_4,0.2453,0.21632242
4686,model_4,0.214,0.18150319
4687,model_4,-0.0804,-0.08932542
4688,model_4,0.4263,0.43850693
4689,model_4,0.0379,0.060283348
4690,model_4,0.6786,0.7666074
4691,model_4,0.4221,0.39934775
4692,model_4,0.0802,0.09192616
4693,model_4,0.563,0.60527813
4694,model_4,0.1303,0.013270045
4695,model_4,0.0919,-0.020946754
4696,model_4,0.3505,0.22590338
4697,model_4,0.242,0.17652224
4698,model_4,-0.0975,-0.059971817
4699,model_4,0.0942,0.3375327
4700,model_4,0.1172,0.19680247
4701,model_4,0.6905,0.7242751
4702,model_4,0.371,0.3072872
4703,model_4,0.4858,0.5442888
4704,model_4,0.5706,0.5471695
4705,model_4,-0.1253,-0.104000226
4706,model_4,0.0834,0.13292877
4707,model_4,0.6273,0.58207214
4708,model_4,0.3577,0.3333551
4709,model_4,0.0899,0.09282719
4710,model_4,0.0335,0.0939287
4711,model_4,0.0625,0.031807154
4712,model_4,0.0213,0.044384837
4713,model_4,0.1919,0.21720703
4714,model_4,0.4724,0.50863576
4715,model_4,0.0326,0.06520178
4716,model_4,0.1128,0.11510575
4717,model_4,0.1315,0.061743706
4718,model_4,0.1653,0.28069213
4719,model_4,-0.0728,0.014939273
4720,model_4,-0.114,-0.06233169
4721,model_4,0.2735,0.29654035
4722,model_4,0.8884,0.87517226
4723,model_4,0.2722,0.2794194
4724,model_4,0.3004,0.2864595
4725,model_4,0.7474,0.7026682
4726,model_4,0.2589,0.20697398
4727,model_4,0.0447,0.02683247
4728,model_4,0.2061,0.21271579
4729,model_4,0.0291,0.0451615
4730,model_4,0.2104,0.19781178
4731,model_4,0.0187,-0.013640059
4732,model_4,-0.0462,0.014037395
4733,model_4,0.1764,0.2018775
4734,model_4,-0.0138,-0.016269637
4735,model_4,0.2155,0.18356557
4736,model_4,0.5185,0.43970522
4737,model_4,0.2074,0.14075044
4738,model_4,0.0837,0.05218382
4739,model_4,0.1443,0.121146455
4740,model_4,0.2864,0.28535894
4741,model_4,0.3394,0.32756403
4742,model_4,0.0454,0.035445824
4743,model_4,0.1845,0.08643331
4744,model_4,0.9124,0.9213904
4745,model_4,0.2136,0.25190866
4746,model_4,0.2462,0.32086667
4747,model_4,0.4199,0.36833456
4748,model_4,-0.1537,0.037852988
4749,model_4,0.1152,0.07207431
4750,model_4,0.1232,0.118337974
4751,model_4,0.2091,0.19892403
4752,model_4,0.4248,0.35405454
4753,model_4,0.6352,0.590896
4754,model_4,-0.1385,-0.19876066
4755,model_4,0.4064,0.44935074
4756,model_4,-0.0552,-0.029210819
4757,model_4,-0.0939,0.055346847
4758,model_4,0.4104,0.3842433
4759,model_4,-0.0073,0.023937726
4760,model_4,0.9148,0.8551295
4761,model_4,0.0083,0.079425395
4762,model_4,0.0857,0.043056257
4763,model_4,-0.0063,0.054173738
4764,model_4,0.2967,0.30659682
4765,model_4,-0.0607,-0.11395623
4766,model_4,0.2138,0.23106511
4767,model_4,0.4736,0.34976143
4768,model_4,0.1533,0.08048397
4769,model_4,0.4513,0.47292256
4770,model_4,0.3395,0.35799107
4771,model_4,-0.0189,0.06846683
4772,model_4,0.8791,0.84006774
4773,model_4,0.1473,0.17905472
4774,model_4,0.1698,0.2212243
4775,model_4,0.1831,0.16585274
4776,model_4,0.7353,0.72040457
4777,model_4,0.4847,0.47719952
4778,model_4,-0.0254,0.049444765
4779,model_4,0.2209,0.1939447
4780,model_4,0.7515,0.7453867
4781,model_4,-0.0264,-0.030512838
4782,model_4,0.5082,0.4039343
4783,model_4,0.3588,0.40850952
4784,model_4,0.5204,0.55013996
4785,model_4,0.3167,0.40218636
4786,model_4,0.1102,0.07702514
4787,model_4,0.1073,0.12241143
4788,model_4,1.1103,1.1975387
4789,model_4,0.549,0.6086428
4790,model_4,0.762,0.8191842
4791,model_4,-0.0115,0.021537485
4792,model_4,0.1339,0.22399236
4793,model_4,0.0819,-0.006366117
4794,model_4,0.2188,0.1964284
4795,model_4,0.1068,0.09443009
4796,model_4,0.1457,0.16495572
4797,model_4,0.7235,0.7211683
4798,model_4,0.39,0.4728771
4799,model_4,0.3256,0.37540606
4800,model_4,0.3115,0.20297451
4801,model_4,-0.1716,-0.14465345
4802,model_4,0.1155,0.069455415
4803,model_4,0.007,0.0031553525
4804,model_4,0.3953,0.3247134
4805,model_4,0.072,0.07162751
4806,model_4,0.3808,0.44701922
4807,model_4,0.5663,0.555184
4808,model_4,0.1624,0.2310286
4809,model_4,0.0368,0.08966242
4810,model_4,0.5683,0.58575886
4811,model_4,-0.0079,-0.054146424
4812,model_4,0.3517,0.3041582
4813,model_4,0.6082,0.50742376
4814,model_4,0.7429,0.78029865
4815,model_4,0.0105,0.09818182
4816,model_4,0.2693,0.20114757
4817,model_4,0.517,0.50547457
4818,model_4,0.5673,0.5960231
4819,model_4,0.1328,0.067346185
4820,model_4,0.6668,0.6613693
4821,model_4,0.2226,0.20410727
4822,model_4,0.7032,0.6715851
4823,model_4,-0.1635,-0.1590256
4824,model_4,0.181,0.23890473
4825,model_4,-0.0199,0.021773623
4826,model_4,0.3274,0.2617895
4827,model_4,0.3624,0.41185284
4828,model_4,0.1316,0.15043218
4829,model_4,0.8579,0.82820535
4830,model_4,0.7141,0.6713286
4831,model_4,-0.0444,-0.0099951085
4832,model_4,0.3701,0.38430688
4833,model_4,0.5904,0.6214129
4834,model_4,0.3652,0.36097315
4835,model_4,0.2804,0.30202135
4836,model_4,0.5209,0.5450363
4837,model_4,0.1839,0.22609879
4838,model_4,0.5547,0.5243965
4839,model_4,0.5531,0.62894076
4840,model_4,-0.2216,-0.15973915
4841,model_4,0.0871,0.041621014
4842,model_4,0.4264,0.4326618
4843,model_4,0.1815,0.2061125
4844,model_4,0.4096,0.43199632
4845,model_4,0.0911,0.12059243
4846,model_4,0.5758,0.61364937
4847,model_4,-0.1048,-0.07202254
4848,model_4,0.8405,0.7754715
4849,model_4,0.2663,0.3106397
4850,model_4,0.1075,0.14416237
4851,model_4,0.2118,0.26431617
4852,model_4,0.2455,0.2626229
4853,model_4,0.4032,0.48875263
4854,model_4,0.3312,0.32146272
4855,model_4,0.1881,0.0696466
4856,model_4,-0.0618,-0.033561103
4857,model_4,0.1864,0.20025115
4858,model_4,0.2852,0.16251083
4859,model_4,0.2788,0.34004912
4860,model_4,0.2227,0.3607066
4861,model_4,0.4475,0.55814
4862,model_4,0.312,0.2529267
4863,model_4,0.0203,0.05168423
4864,model_4,0.5141,0.501151
4865,model_4,0.1486,0.15256964
4866,model_4,0.4324,0.49338683
4867,model_4,0.1087,0.13592239
4868,model_4,-0.0272,-0.059397377
4869,model_4,0.4206,0.470942
4870,model_4,0.1171,0.0951996
4871,model_4,-0.0024,0.016304279
4872,model_4,0.2331,0.13500156
4873,model_4,0.6584,0.64486057
4874,model_4,0.5306,0.5094744
4875,model_4,0.058,0.054733954
4876,model_4,0.1694,0.11327089
4877,model_4,0.2488,0.1793656
4878,model_4,0.7782,0.79550946
4879,model_4,0.7301,0.6958138
4880,model_4,0.4872,0.4940355
4881,model_4,0.3047,0.26043254
4882,model_4,0.4026,0.4330577
4883,model_4,0.2868,0.2973434
4884,model_4,0.2601,0.22528058
4885,model_4,0.2864,0.26399007
4886,model_4,-0.0737,-0.09315835
4887,model_4,-0.1567,-0.039853267
4888,model_4,0.3182,0.31656548
4889,model_4,0.1043,0.28851902
4890,model_4,0.0549,0.07792754
4891,model_4,0.0428,0.14062051
4892,model_4,0.1419,0.10624082
4893,model_4,0.239,0.2696958
4894,model_4,0.0778,0.08142316
4895,model_4,0.0979,0.1871124
4896,model_4,0.2467,0.25067255
4897,model_4,0.2936,0.36906794
4898,model_4,0.0184,0.012510562
4899,model_4,0.5433,0.502265
4900,model_4,0.1661,0.20107935
4901,model_4,0.0102,0.070042744
4902,model_4,0.328,0.3099509
4903,model_4,0.3012,0.305249
4904,model_4,0.3961,0.39005724
4905,model_4,-0.046,0.015114414
4906,model_4,0.4209,0.35319248
4907,model_4,-0.0298,-0.0019295495
4908,model_4,0.4238,0.4062738
4909,model_4,0.7708,0.7406843
4910,model_4,0.2092,0.23638923
4911,model_4,0.2682,0.40622267
4912,model_4,0.2112,0.27050322
4913,model_4,0.0722,0.061183132
4914,model_4,0.4688,0.42685077
4915,model_4,1.2481,1.2649742
4916,model_4,0.0095,0.08714086
4917,model_4,-0.0358,-0.012957824
4918,model_4,0.0479,0.058835886
4919,model_4,0.288,0.34190544
4920,model_4,0.1683,0.26647106
4921,model_4,0.1172,0.07799931
4922,model_4,0.4266,0.4509745
4923,model_4,0.3837,0.34184882
4924,model_4,0.488,0.4414219
4925,model_4,0.6812,0.7146634
4926,model_4,0.0646,0.04939378
4927,model_4,0.4051,0.43008998
4928,model_4,0.2185,0.282266
4929,model_4,0.0046,0.0569095
4930,model_4,-0.0587,-0.054293737
4931,model_4,-0.119,-0.16236319
4932,model_4,0.2613,0.36627606
4933,model_4,-0.1103,-0.06405622
4934,model_4,0.3013,0.28490773
4935,model_4,0.0802,0.20025222
4936,model_4,0.0919,0.04915516
4937,model_4,0.0734,0.09640228
4938,model_4,0.2036,0.14561523
4939,model_4,0.1758,0.13552597
4940,model_4,0.4952,0.49925694
4941,model_4,0.0146,0.08113014
4942,model_4,0.0189,0.02368881
4943,model_4,0.1586,0.2117498
4944,model_4,0.1125,0.10652625
4945,model_4,0.0615,0.07468016
4946,model_4,0.3706,0.37634274
4947,model_4,0.3743,0.38380876
4948,model_4,0.2905,0.34976712
4949,model_4,0.0613,0.10483733
4950,model_4,0.3826,0.37967774
4951,model_4,0.0788,0.18332414
4952,model_4,0.1944,0.21345809
4953,model_4,0.149,0.09401195
4954,model_4,0.0361,0.045988284
4955,model_4,-0.0545,-0.059563607
4956,model_4,0.2269,0.23098283
4957,model_4,0.1526,0.14555903
4958,model_4,0.5136,0.5806758
4959,model_4,0.0685,0.079450876
4960,model_4,0.1305,-0.015369294
4961,model_4,-0.0875,-0.047400273
4962,model_4,0.236,0.077803805
4963,model_4,0.1842,0.13737833
4964,model_4,0.233,0.20411758
4965,model_4,-0.0317,-0.005943967
4966,model_4,0.4095,0.5319618
4967,model_4,0.1546,0.18876423
4968,model_4,0.037,0.0784578
4969,model_4,0.4872,0.39217344
4970,model_4,-0.0565,0.04145001
4971,model_4,0.2253,0.21923743
4972,model_4,0.26,0.2957283
4973,model_4,0.1591,0.14647128
4974,model_4,0.6129,0.58501554
4975,model_4,0.2105,0.062490106
4976,model_4,0.1873,0.2552841
4977,model_4,0.0934,0.07637285
4978,model_4,0.0877,0.0778593
4979,model_4,0.0442,-0.04185249
4980,model_4,0.1154,0.17804554
4981,model_4,0.0082,0.01079488
4982,model_4,0.1121,0.031695515
4983,model_4,-0.0619,-0.11706585
4984,model_4,0.0969,0.023326429
4985,model_4,0.6493,0.73694277
4986,model_4,-0.0399,0.086672634
4987,model_4,0.3642,0.33736348
4988,model_4,0.172,0.12300554
4989,model_4,0.2563,0.22947556
4990,model_4,0.0851,0.10479765
4991,model_4,0.2932,0.22970028
4992,model_4,0.5883,0.60722464
4993,model_4,0.986,0.94915813
4994,model_4,0.1693,0.21514128
4995,model_4,-0.081,-0.10271555
4996,model_4,0.0795,0.1015831
4997,model_4,0.598,0.58530664
4998,model_4,-0.1057,-0.12823302
4999,model_4,0.0401,0.028350426
5000,model_4,-0.026,-0.014836861
5001,model_4,0.1695,0.19609486
5002,model_4,0.1457,0.19323896
5003,model_4,0.048,0.026772635
5004,model_4,0.4423,0.5548212
5005,model_4,-0.1047,-0.074133754
5006,model_4,0.1764,0.17614174
5007,model_4,0.4468,0.31601158
5008,model_4,0.2157,0.274945
5009,model_4,0.7374,0.6600995
5010,model_4,0.2831,0.3526814
5011,model_4,-0.0106,0.04588169
5012,model_4,0.5457,0.54252124
5013,model_4,0.38,0.40019196
5014,model_4,0.2253,0.15970844
5015,model_4,0.0221,0.012182334
5016,model_4,0.1607,0.16425894
5017,model_4,0.1264,0.14767623
5018,model_4,0.2704,0.15711953
5019,model_4,0.1481,0.109799966
5020,model_4,0.0985,0.15528479
5021,model_4,-0.1075,-0.011476358
5022,model_4,0.2548,0.1072539
5023,model_4,0.7477,0.7565869
5024,model_4,0.0613,0.21798612
5025,model_4,0.2074,0.19357014
5026,model_4,0.171,0.105723426
5027,model_4,0.3925,0.40795305
5028,model_4,0.1038,0.0749602
5029,model_4,0.1708,0.21201186
5030,model_4,0.1756,0.26438895
5031,model_4,0.268,0.17905621
5032,model_4,0.0115,0.014048884
5033,model_4,0.1498,0.085141785
5034,model_4,0.1774,0.0851865
5035,model_4,0.2834,0.20113052
5036,model_4,0.4366,0.5123788
5037,model_4,-0.1291,0.07751001
5038,model_4,0.0543,0.09029415
5039,model_4,0.166,0.04083948
5040,model_4,-0.0198,-0.020982629
5041,model_4,0.5217,0.5702358
5042,model_4,0.4974,0.5269666
5043,model_4,0.8018,0.75091463
5044,model_4,0.001,0.024662094
5045,model_4,0.0906,0.1327721
5046,model_4,0.08,0.07308439
5047,model_4,0.2989,0.3568039
5048,model_4,0.5271,0.5639348
5049,model_4,0.0527,0.037586913
5050,model_4,0.1759,0.1980211
5051,model_4,-0.005,-0.028286552
5052,model_4,0.1326,0.14738478
5053,model_4,0.4503,0.44846806
5054,model_4,0.8067,0.7875031
5055,model_4,0.2021,0.20688613
5056,model_4,0.0948,0.07889741
5057,model_4,0.6697,0.6554342
5058,model_4,0.0943,0.11697054
5059,model_4,-0.0418,0.06261105
5060,model_4,-0.1715,-0.11005262
5061,model_4,0.4907,0.43315783
5062,model_4,0.3563,0.3852708
5063,model_4,0.273,0.21907707
5064,model_4,0.0497,0.028500179
5065,model_4,0.1157,0.21147096
5066,model_4,0.0683,0.060361013
5067,model_4,0.4462,0.44591695
5068,model_4,0.4586,0.46302554
5069,model_4,0.105,0.10500728
5070,model_4,-0.0482,0.05689942
5071,model_4,0.0722,0.07119159
5072,model_4,0.2229,0.19551128
5073,model_4,-0.097,-0.15066306
5074,model_4,-0.0745,-0.08209664
5075,model_4,0.1814,0.14923304
5076,model_4,0.151,0.13193803
5077,model_4,0.4199,0.29168126
5078,model_4,0.3911,0.39086035
5079,model_4,0.2598,0.24613078
5080,model_4,0.205,0.18212554
5081,model_4,0.8629,0.79476583
5082,model_4,0.2017,0.16906218
5083,model_4,0.2738,0.21239032
5084,model_4,0.2729,0.18113956
5085,model_4,0.1047,0.1281169
5086,model_4,0.2687,0.33772656
5087,model_4,0.4552,0.44788054
5088,model_4,0.0912,0.10808876
5089,model_4,0.2364,0.22995578
5090,model_4,0.3752,0.3307856
5091,model_4,-0.0452,-0.016561924
5092,model_4,0.0379,-0.0983823
5093,model_4,0.2634,0.2875463
5094,model_4,0.2613,0.27523124
5095,model_4,0.5924,0.5721501
5096,model_4,0.4075,0.39622742
5097,model_4,0.2985,0.261431
5098,model_4,0.0114,0.065604046
5099,model_4,0.1721,0.23870002
5100,model_4,0.7463,0.6505958
5101,model_4,0.822,0.7803611
5102,model_4,0.092,0.122345954
5103,model_4,0.5429,0.5657486
5104,model_4,0.0645,0.062174357
5105,model_4,0.8555,0.87601566
5106,model_4,0.5486,0.48239368
5107,model_4,0.0234,-0.024248032
5108,model_4,0.7415,0.7173612
5109,model_4,0.1729,0.16374655
5110,model_4,0.5305,0.6044506
5111,model_4,0.1403,0.1952329
5112,model_4,0.1661,0.11259416
5113,model_4,0.3813,0.40274736
5114,model_4,0.2974,0.22808063
5115,model_4,0.1201,0.1422977
5116,model_4,0.4217,0.42103907
5117,model_4,0.6828,0.6886843
5118,model_4,0.0717,0.05287376
5119,model_4,0.1757,0.23163317
5120,model_4,0.1569,0.07746319
5121,model_4,0.6365,0.64049757
5122,model_4,0.2178,0.20332079
5123,model_4,0.0698,0.074206166
5124,model_4,0.344,0.38577712
5125,model_4,0.0696,0.109937
5126,model_4,0.451,0.35729465
5127,model_4,0.1572,0.18375276
5128,model_4,0.3793,0.25692636
5129,model_4,-0.028,0.040764384
5130,model_4,1.0119,1.0976268
5131,model_4,0.1828,0.040887766
5132,model_4,0.1722,0.10304859
5133,model_4,0.1229,0.19154716
5134,model_4,0.4359,0.12893651
5135,model_4,0.292,0.40881777
5136,model_4,0.2342,0.20189126
5137,model_4,0.1199,0.09919689
5138,model_4,0.585,0.543066
5139,model_4,0.1999,0.23118834
5140,model_4,0.1048,0.13290776
5141,model_4,0.1235,0.25364152
5142,model_4,0.1082,0.07233552
5143,model_4,0.0133,-0.008416278
5144,model_4,0.3418,0.31691357
5145,model_4,0.0902,0.14858754
5146,model_4,0.8834,0.83788395
5147,model_4,0.3075,0.28986627
5148,model_4,-0.0527,-0.11210243
5149,model_4,0.4192,0.43121502
5150,model_4,0.6504,0.6745024
5151,model_4,0.0907,0.060836747
5152,model_4,0.4827,0.49594763
5153,model_4,-0.059,-0.05352491
5154,model_4,0.0586,0.08095936
5155,model_4,0.312,0.3040007
5156,model_4,0.2348,0.20045927
5157,model_4,0.0987,-0.048260957
5158,model_4,-0.0676,0.0581069
5159,model_4,0.1012,0.09683063
5160,model_4,0.2383,0.23240332
5161,model_4,0.1328,0.1557338
5162,model_4,0.0704,0.064435095
5163,model_4,-0.0616,-0.08501649
5164,model_4,0.1936,0.11468321
5165,model_4,0.0435,0.009840371
5166,model_4,0.3252,0.3268464
5167,model_4,0.3996,0.4580205
5168,model_4,0.1641,0.13385008
5169,model_4,-0.0151,-0.02994298
5170,model_4,0.4111,0.46122232
5171,model_4,0.492,0.46478626
5172,model_4,-0.1004,-0.0614001
5173,model_4,0.0652,0.06827497
5174,model_4,0.0,-0.021493508
5175,model_4,0.3253,0.29031768
5176,model_4,0.1351,0.15018605
5177,model_4,0.3643,0.28416225
5178,model_4,0.292,0.26447567
5179,model_4,0.3349,0.38664111
5180,model_4,0.2678,0.3050215
5181,model_4,0.2469,0.28662795
5182,model_4,0.5129,0.5561873
5183,model_4,0.0552,0.068089485
5184,model_4,0.1143,0.08239998
5185,model_4,0.8039,0.72406626
5186,model_4,0.3607,0.37566563
5187,model_4,0.2068,0.24370347
5188,model_4,0.1913,0.2836819
5189,model_4,0.125,0.12222619
5190,model_4,0.1663,0.19641632
5191,model_4,0.076,0.13563174
5192,model_4,0.5044,0.52756643
5193,model_4,0.6423,0.6500379
5194,model_4,0.2791,0.29692867
5195,model_4,0.7579,0.77089906
5196,model_4,0.0767,0.1144031
5197,model_4,0.9146,0.81593204
5198,model_4,0.1719,0.21807204
5199,model_4,0.1753,0.099052206
5200,model_4,0.0097,-0.03209263
5201,model_4,0.4714,0.5114244
5202,model_4,0.0081,0.006980339
5203,model_4,0.0169,0.048056215
5204,model_4,0.6104,0.62180805
5205,model_4,0.112,0.14101194
5206,model_4,-0.1231,-0.15362523
5207,model_4,0.0399,0.03652507
5208,model_4,0.3282,0.2832665
5209,model_4,0.9108,0.8678367
5210,model_4,0.5306,0.55143577
5211,model_4,0.1133,0.11929645
5212,model_4,0.0486,0.13544738
5213,model_4,0.2478,0.21999525
5214,model_4,0.278,0.1985227
5215,model_4,0.4901,0.3116276
5216,model_4,0.1069,0.08506318
5217,model_4,0.2455,0.17123877
5218,model_4,0.6483,0.7216953
5219,model_4,0.2966,0.2740441
5220,model_4,0.3215,0.33458012
5221,model_4,0.1231,0.08767814
5222,model_4,0.7772,0.7440164
5223,model_4,0.4355,0.3355248
5224,model_4,0.2655,0.2764313
5225,model_4,0.1822,0.1477332
5226,model_4,0.6091,0.5690116
5227,model_4,0.6985,0.7344146
5228,model_4,0.4363,0.38200805
5229,model_4,0.2766,0.31182536
5230,model_4,0.2286,0.25954455
5231,model_4,0.1054,0.08932269
5232,model_4,0.0642,0.03343913
5233,model_4,0.4255,0.45360452
5234,model_4,0.1174,0.18892914
5235,model_4,0.1026,0.123711675
5236,model_4,0.0051,-0.047687277
5237,model_4,0.2015,-0.0024179127
5238,model_4,0.2918,0.24814717
5239,model_4,0.0296,-0.022370351
5240,model_4,0.1481,0.15545951
5241,model_4,0.2316,0.0934096
5242,model_4,0.5369,0.54288256
5243,model_4,0.4383,0.36358652
5244,model_4,0.4534,0.2864342
5245,model_4,0.1349,0.048107304
5246,model_4,0.0524,0.07570828
5247,model_4,0.4313,0.45076385
5248,model_4,0.2227,0.15380755
5249,model_4,0.4021,0.38862768
5250,model_4,-0.0014,-0.009997649
5251,model_4,-0.0802,-0.061570957
5252,model_4,-0.0308,0.015078323
5253,model_4,0.104,0.11445548
5254,model_4,0.2357,0.20016302
5255,model_4,0.8637,0.7910507
5256,model_4,-0.0106,-0.004153108
5257,model_4,0.7437,0.765645
5258,model_4,-0.0017,0.116746485
5259,model_4,-0.0048,0.0087928865
5260,model_4,0.186,0.16225971
5261,model_4,0.062,0.010902682
5262,model_4,-0.0208,-0.008846192
5263,model_4,0.2101,0.19122587
5264,model_4,0.2054,0.16901289
5265,model_4,0.2591,0.24154495
5266,model_4,-0.1055,-0.087449715
5267,model_4,0.3345,0.3196586
5268,model_4,-0.1211,-0.13765292
5269,model_4,0.108,0.055731505
5270,model_4,0.1811,0.12505116
5271,model_4,0.0623,0.016308906
5272,model_4,0.2292,0.27671835
5273,model_4,0.4991,0.56934893
5274,model_4,-0.0437,-0.10797602
5275,model_4,0.1702,0.118640974
5276,model_4,0.0618,0.053445533
5277,model_4,-0.0174,0.061441906
5278,model_4,0.3816,0.35098258
5279,model_4,0.4849,0.5320491
5280,model_4,0.1649,0.15962087
5281,model_4,0.2951,0.31278995
5282,model_4,0.7788,0.7328434
5283,model_4,0.1948,0.19092296
5284,model_4,0.5949,0.59678835
5285,model_4,0.1477,0.20153435
5286,model_4,0.0767,0.09361855
5287,model_4,0.148,0.1700039
5288,model_4,0.4527,0.31311905
5289,model_4,0.145,0.18786524
5290,model_4,0.5468,0.5229425
5291,model_4,-0.1215,-0.15660073
5292,model_4,0.1514,0.23484658
5293,model_4,0.0015,0.006861413
5294,model_4,0.2853,0.28060392
5295,model_4,0.1283,0.18108214
5296,model_4,0.0971,0.14395833
5297,model_4,0.2893,0.23268215
5298,model_4,0.0128,0.075054094
5299,model_4,-0.0164,-0.08078444
5300,model_4,-0.0008,-0.009380674
5301,model_4,0.0161,-0.0017630514
5302,model_4,0.3446,0.3117997
5303,model_4,0.3514,0.32443923
5304,model_4,0.1152,0.11344962
5305,model_4,0.3169,0.29457274
5306,model_4,0.1738,0.1704035
5307,model_4,0.3424,0.3652409
5308,model_4,0.7908,0.7778616
5309,model_4,0.7925,0.7861301
5310,model_4,0.4727,0.4857525
5311,model_4,0.2617,0.3167756
5312,model_4,0.2404,0.26786414
5313,model_4,0.1501,0.2084927
5314,model_4,0.1248,0.12899722
5315,model_4,0.3621,0.2800608
5316,model_4,0.4909,0.51439387
5317,model_4,0.7419,0.69975436
5318,model_4,0.1008,0.041232906
5319,model_4,0.3442,0.36265266
5320,model_4,0.0637,0.06564844
5321,model_4,0.514,0.48703715
5322,model_4,0.2619,0.29245648
5323,model_4,0.0658,0.12978318
5324,model_4,0.3037,0.44422716
5325,model_4,0.074,0.10150947
5326,model_4,0.1871,0.19727203
5327,model_4,0.2134,0.23606037
5328,model_4,0.5407,0.5018858
5329,model_4,0.4332,0.42245772
5330,model_4,0.1229,0.1202613
5331,model_4,0.2493,0.11082439
5332,model_4,0.234,0.29091105
5333,model_4,0.2104,0.18656865
5334,model_4,0.1519,0.14571075
5335,model_4,-0.0452,0.020443039
5336,model_4,0.3647,0.35272792
5337,model_4,0.2672,0.2535122
5338,model_4,0.1208,0.10037685
5339,model_4,0.0202,-0.038125306
5340,model_4,-0.131,0.08460461
5341,model_4,-0.1225,-0.09536824
5342,model_4,0.5242,0.5994961
5343,model_4,-0.1262,-0.08156393
5344,model_4,0.272,0.2209761
5345,model_4,0.1245,0.16999273
5346,model_4,0.0872,0.056344196
5347,model_4,0.0483,0.08545946
5348,model_4,0.1939,0.09884856
5349,model_4,0.1929,0.22532807
5350,model_4,0.2222,0.2579635
5351,model_4,0.007,0.02452355
5352,model_4,0.9202,0.9076048
5353,model_4,0.5872,0.52817464
5354,model_4,0.6958,0.6750436
5355,model_4,0.2428,0.3304805
5356,model_4,0.0403,0.054564007
5357,model_4,0.0289,0.04186488
5358,model_4,0.2927,0.32105997
5359,model_4,0.3093,0.32960257
5360,model_4,0.1965,0.21743865
5361,model_4,0.0879,0.12017363
5362,model_4,0.2427,0.18538553
5363,model_4,0.025,0.035216272
5364,model_4,-0.0065,0.09905669
5365,model_4,0.1457,0.08929878
5366,model_4,0.1703,0.21844636
5367,model_4,0.8967,0.82250655
5368,model_4,0.0136,0.01835631
5369,model_4,0.2048,0.3426387
5370,model_4,0.3492,0.3665695
5371,model_4,0.5395,0.5604732
5372,model_4,0.6908,0.68844056
5373,model_4,0.1034,0.05348642
5374,model_4,0.4113,0.47016355
5375,model_4,-0.1202,-0.031895056
5376,model_4,0.3691,0.15480642
5377,model_4,0.59,0.5823611
5378,model_4,-0.0194,-0.03912413
5379,model_4,0.771,0.72702086
5380,model_4,0.3835,0.33117345
5381,model_4,0.0076,-0.0032332223
5382,model_4,0.1287,0.117141485
5383,model_4,0.2237,0.21963333
5384,model_4,-0.0237,0.027466299
5385,model_4,0.2143,0.08621873
5386,model_4,0.2354,0.2666748
5387,model_4,0.7498,0.7273688
5388,model_4,0.1198,0.053311467
5389,model_4,0.3478,0.32579836
5390,model_4,0.1248,0.16768089
5391,model_4,0.2719,0.34762427
5392,model_4,0.1084,0.09262222
5393,model_4,-0.0069,-0.06975011
5394,model_4,0.1264,0.13788104
5395,model_4,0.2027,0.12017846
5396,model_4,0.1449,0.18522106
5397,model_4,-0.0061,-0.15131526
5398,model_4,0.1818,0.07096996
5399,model_4,0.2253,0.2853793
5400,model_4,0.0039,0.058251925
5401,model_4,0.9996,0.899395
5402,model_4,-0.023,0.033001736
5403,model_4,0.1997,0.13910879
5404,model_4,0.1243,0.12451023
5405,model_4,0.1921,0.18550515
5406,model_4,0.0066,0.031000393
5407,model_4,0.2046,0.16398893
5408,model_4,0.1105,0.13308375
5409,model_4,0.3123,0.4042807
5410,model_4,0.0193,0.03224594
5411,model_4,0.0075,0.0035890955
5412,model_4,0.5058,0.4895287
5413,model_4,0.2169,0.24624185
5414,model_4,0.7022,0.6514541
5415,model_4,-0.1831,-0.12227364
5416,model_4,0.2124,0.16837615
5417,model_4,-0.0942,-0.10007047
5418,model_4,0.8283,0.7966587
5419,model_4,0.8757,0.8860067
5420,model_4,-0.1128,-0.091368265
5421,model_4,0.2324,0.2215523
5422,model_4,0.459,0.2916794
5423,model_4,0.2739,0.28804922
5424,model_4,0.1547,0.14520665
5425,model_4,0.2858,0.28411546
5426,model_4,0.1958,0.16440454
5427,model_4,0.3291,0.22736834
5428,model_4,0.6847,0.6937052
5429,model_4,0.2337,0.27140647
5430,model_4,0.109,0.07502839
5431,model_4,0.5931,0.5559752
5432,model_4,0.2046,0.16768265
5433,model_4,0.5625,0.54988736
5434,model_4,0.3109,0.35468158
5435,model_4,0.1674,0.1477035
5436,model_4,0.6159,0.6063535
5437,model_4,0.2298,0.24367367
5438,model_4,0.2206,0.15444161
5439,model_4,0.2208,0.2402723
5440,model_4,0.3857,0.32182822
5441,model_4,0.1792,0.12909397
5442,model_4,0.019,0.07082284
5443,model_4,0.1989,0.25572357
5444,model_4,0.2141,0.18621595
5445,model_4,0.376,0.39468005
5446,model_4,0.1498,0.21807644
5447,model_4,0.0335,0.02069744
5448,model_4,0.2547,0.28986943
5449,model_4,0.4235,0.3617986
5450,model_4,0.369,0.41001543
5451,model_4,0.2347,0.2555132
5452,model_4,0.5132,0.4919732
5453,model_4,0.6813,0.7094508
5454,model_4,0.2096,0.19636226
5455,model_4,0.1504,0.25770065
5456,model_4,0.1654,0.1111082
5457,model_4,0.2655,0.20979317
5458,model_4,-0.0196,-0.093817495
5459,model_4,0.1818,0.35139826
5460,model_4,0.2355,0.18020649
5461,model_4,0.1627,0.12128176
5462,model_4,0.1224,0.12580924
5463,model_4,0.3277,0.26860514
5464,model_4,0.0593,0.081192605
5465,model_4,0.0822,0.14337121
5466,model_4,0.5582,0.5608599
5467,model_4,0.2101,0.2717149
5468,model_4,0.1047,0.14551271
5469,model_4,0.4698,0.24998356
5470,model_4,0.2846,0.32032332
5471,model_4,0.2647,0.23084652
5472,model_4,-0.0009,-0.083342925
5473,model_4,0.1054,0.12709324
5474,model_4,0.0786,0.11408974
5475,model_4,0.3096,0.36614573
5476,model_4,0.1641,0.117644355
5477,model_4,0.0942,0.12811439
5478,model_4,0.0136,0.045510218
5479,model_4,0.0959,0.043733835
5480,model_4,0.8027,0.77721584
5481,model_4,0.2329,0.11571738
5482,model_4,0.3372,0.23001087
5483,model_4,0.0099,0.05346126
5484,model_4,0.6129,0.59050417
5485,model_4,0.0818,0.07237284
5486,model_4,0.0712,0.0755976
5487,model_4,0.3624,0.30758107
5488,model_4,0.1103,0.2147824
5489,model_4,0.2026,0.2572363
5490,model_4,0.4474,0.47292054
5491,model_4,0.1322,0.09127558
5492,model_4,0.3091,0.3729638
5493,model_4,0.0551,-0.003852388
5494,model_4,0.1049,0.16816755
5495,model_4,0.263,0.23466296
5496,model_4,0.421,0.49482694
5497,model_4,0.1589,0.12685
5498,model_4,0.5941,0.5724254
5499,model_4,0.4142,0.4779312
5500,model_4,0.1854,0.16544034
5501,model_4,0.2463,0.1830639
5502,model_4,0.159,0.15645592
5503,model_4,0.5008,0.47298974
5504,model_4,0.5742,0.6318742
5505,model_4,0.3216,0.32626146
5506,model_4,0.3896,0.27072373
5507,model_4,0.2792,0.2378002
5508,model_4,0.0589,0.08332117
5509,model_4,0.16,0.15153189
5510,model_4,0.2734,0.19990812
5511,model_4,0.4223,0.34217158
5512,model_4,0.067,0.06271185
5513,model_4,0.364,0.4077059
5514,model_4,0.3601,0.35270625
5515,model_4,0.0247,0.0077031795
5516,model_4,0.3551,0.07177767
5517,model_4,0.3334,0.33178926
5518,model_4,0.5679,0.540794
5519,model_4,0.4679,0.51693577
5520,model_4,0.1459,0.1381994
5521,model_4,0.1602,0.1397952
5522,model_4,-0.0661,-0.045385905
5523,model_4,-0.055,-0.059959978
5524,model_4,0.2047,0.24905522
5525,model_4,0.2421,0.19404748
5526,model_4,0.2256,0.21104598
5527,model_4,0.0069,0.025744656
5528,model_4,0.7612,0.75918305
5529,model_4,0.7587,0.74099207
5530,model_4,0.8633,0.8508514
5531,model_4,0.0844,0.097803555
5532,model_4,0.8313,0.81466615
5533,model_4,0.2207,0.23630993
5534,model_4,0.1869,0.204875
5535,model_4,0.2115,0.26386872
5536,model_4,0.0609,0.092624046
5537,model_4,0.192,0.5528848
5538,model_4,0.2797,0.26008764
5539,model_4,0.1371,0.20419161
5540,model_4,0.3043,0.31922454
5541,model_4,0.0394,0.00798356
5542,model_4,0.1216,0.0864601
5543,model_4,0.1245,0.1110362
5544,model_4,0.5848,0.7091973
5545,model_4,0.2432,0.234809
5546,model_4,0.0048,0.057399124
5547,model_4,0.0705,0.08734986
5548,model_4,-0.097,-0.1537133
5549,model_4,0.074,0.0901084
5550,model_4,0.552,0.5893911
5551,model_4,0.1824,0.19386081
5552,model_4,0.7669,0.7865795
5553,model_4,0.1632,0.22629176
5554,model_4,0.2632,0.18311594
5555,model_4,0.232,0.17125298
5556,model_4,0.2834,0.31899634
5557,model_4,0.7602,0.74876785
5558,model_4,0.3011,0.29939875
5559,model_4,0.0026,-0.028198069
5560,model_4,0.0852,0.116791666
5561,model_4,0.0265,-0.044507742
5562,model_4,0.4961,0.50215244
5563,model_4,0.0437,0.046889134
5564,model_4,0.2586,0.27841446
5565,model_4,0.093,0.084571816
5566,model_4,0.2223,0.23619814
5567,model_4,0.1602,0.13666354
5568,model_4,0.221,0.21113993
5569,model_4,-0.1928,-0.058621965
5570,model_4,0.3604,0.30134818
5571,model_4,-0.0163,0.005243266
5572,model_4,0.2293,0.2339942
5573,model_4,0.0085,-0.02933891
5574,model_4,0.3513,0.097465575
5575,model_4,0.0943,0.087950096
5576,model_4,0.3155,0.20470522
5577,model_4,0.2512,0.2579302
5578,model_4,0.3566,0.32801625
5579,model_4,0.1238,0.1501663
5580,model_4,0.003,0.016885513
5581,model_4,0.242,0.26503238
5582,model_4,0.1499,0.21404321
5583,model_4,0.183,0.18199196
5584,model_4,0.3344,0.32014725
5585,model_4,-0.1987,-0.10880055
5586,model_4,0.2334,0.2164409
5587,model_4,0.081,0.026369622
5588,model_4,0.1888,0.17187306
5589,model_4,0.0923,0.1476057
5590,model_4,0.1871,0.119913876
5591,model_4,0.3479,0.20769696
5592,model_4,0.6415,0.63205564
5593,model_4,0.7986,0.7884108
5594,model_4,0.591,0.60090023
5595,model_4,0.6373,0.68545055
5596,model_4,0.5626,0.4826568
5597,model_4,0.2475,0.20506512
5598,model_4,0.0807,0.09025494
5599,model_4,0.3149,0.28684697
5600,model_4,-0.004,0.0012658034
5601,model_4,0.0315,0.07501398
5602,model_4,0.6897,0.5456209
5603,model_4,0.049,0.13624965
5604,model_4,0.1863,0.13613209
5605,model_4,0.2395,0.26592484
5606,model_4,0.3684,0.2953618
5607,model_4,0.1349,0.24964137
5608,model_4,0.7558,0.6843165
5609,model_4,-0.0093,0.0046893675
5610,model_4,0.1424,0.15180811
5611,model_4,0.1914,0.22692667
5612,model_4,0.3664,0.3299468
5613,model_4,0.428,0.45407453
5614,model_4,0.3066,0.24345149
5615,model_4,0.2366,0.28161398
5616,model_4,0.0673,0.08141569
5617,model_4,0.1844,0.3234912
5618,model_4,0.3601,0.3405109
5619,model_4,0.7097,0.677495
5620,model_4,0.1956,0.22638977
5621,model_4,0.0622,0.080085084
5622,model_4,0.1181,0.25109583
5623,model_4,0.0751,0.07174362
5624,model_4,0.0464,0.054210737
5625,model_4,0.2715,0.23354657
5626,model_4,0.1946,0.23167317
5627,model_4,-0.0171,-0.10234654
5628,model_4,0.4454,0.41048306
5629,model_4,0.1567,0.14443883
5630,model_4,0.3559,0.38830468
5631,model_4,0.1067,0.07551417
5632,model_4,0.3285,0.29256615
5633,model_4,0.0808,0.12207492
5634,model_4,-0.023,0.043506615
5635,model_4,0.4467,0.51163584
5636,model_4,-0.203,-0.14870614
5637,model_4,0.1753,0.16871986
5638,model_4,0.1239,0.1186482
5639,model_4,0.5363,0.517239
5640,model_4,0.2086,0.26664287
5641,model_4,0.0631,-0.0019172262
5642,model_4,0.6107,0.41319343
5643,model_4,-0.0504,-0.06286481
5644,model_4,0.0492,0.07987304
5645,model_4,0.2865,0.49723426
5646,model_4,0.0804,0.062198684
5647,model_4,0.1995,0.33300927
5648,model_4,0.073,0.2681127
5649,model_4,0.2945,0.2811066
5650,model_4,0.8086,0.8006313
5651,model_4,0.2032,0.27003142
5652,model_4,0.1317,0.13665918
5653,model_4,0.381,0.41913205
5654,model_4,0.1685,0.34967008
5655,model_4,0.3109,0.36290053
5656,model_4,0.9031,0.81966424
5657,model_4,0.1289,0.1133533
5658,model_4,-0.1243,-0.1270608
5659,model_4,0.3541,0.42163685
5660,model_4,0.2779,0.31034365
5661,model_4,0.145,0.16895135
5662,model_4,0.2584,0.20954463
5663,model_4,0.4239,0.43210295
5664,model_4,0.1823,0.15181066
5665,model_4,0.2583,0.25871238
5666,model_4,0.2582,0.2508717
5667,model_4,-0.0728,-0.15954705
5668,model_4,0.7423,1.0109074
5669,model_4,0.0398,0.036366038
5670,model_4,0.232,0.21225482
5671,model_4,0.3535,0.3485281
5672,model_4,0.1567,0.101023346
5673,model_4,0.2001,0.18977039
5674,model_4,0.17,0.21586598
5675,model_4,0.1181,0.113229826
5676,model_4,0.2155,0.31058732
5677,model_4,0.0574,0.042870685
5678,model_4,0.2653,0.2622669
5679,model_4,0.169,0.21670543
5680,model_4,0.1139,0.077208444
5681,model_4,0.4252,0.46295983
5682,model_4,-0.072,-0.073440515
5683,model_4,0.4998,0.41302362
5684,model_4,0.1014,0.056435242
5685,model_4,0.6795,0.63131654
5686,model_4,0.6253,0.62049055
5687,model_4,0.4304,0.48752788
5688,model_4,0.2564,0.22545399
5689,model_4,0.2246,0.22229491
5690,model_4,0.5075,0.49842992
5691,model_4,0.3139,0.47463417
5692,model_4,0.6472,0.6334155
5693,model_4,0.0131,-0.023784144
5694,model_4,0.1693,0.17948975
5695,model_4,0.1423,0.09873614
5696,model_4,0.191,0.1852837
5697,model_4,0.2701,0.13092639
5698,model_4,0.0245,-0.009390218
5699,model_4,0.8263,0.85082555
5700,model_4,0.1162,0.11466169
5701,model_4,0.2257,0.12823653
5702,model_4,0.3653,0.2830594
5703,model_4,0.1407,0.060607865
5704,model_4,0.3483,0.2796748
5705,model_4,-0.0772,-0.09419915
5706,model_4,0.3423,0.17119806
5707,model_4,0.4509,0.4027786
5708,model_4,0.0021,0.14507443
5709,model_4,-0.0953,-0.010869628
5710,model_4,0.047,-0.011557011
5711,model_4,0.1074,-0.0068756025
5712,model_4,0.0169,0.017397823
5713,model_4,0.1411,0.14637835
5714,model_4,0.0268,0.070803985
5715,model_4,0.154,0.088214085
5716,model_4,0.0007,0.018929059
5717,model_4,0.0192,0.047780156
5718,model_4,0.2277,0.2619013
5719,model_4,0.0527,0.074670866
5720,model_4,0.7536,0.60448074
5721,model_4,0.1427,0.07737657
5722,model_4,0.0372,0.058247685
5723,model_4,0.083,0.047599345
5724,model_4,0.692,0.7449051
5725,model_4,0.1578,0.1275131
5726,model_4,0.1449,0.037281282
5727,model_4,-0.0913,0.03143543
5728,model_4,0.1377,0.021544525
5729,model_4,-0.0243,0.017251851
5730,model_4,0.1316,0.20843384
5731,model_4,0.071,0.06844646
5732,model_4,0.0416,0.046714403
5733,model_4,-0.0078,0.030853549
5734,model_4,0.0587,0.041730493
5735,model_4,-0.1209,0.054758184
5736,model_4,0.2791,0.3456799
5737,model_4,0.0006,-0.010078585
5738,model_4,-0.0347,-0.10471168
5739,model_4,-0.1586,-0.08905828
5740,model_4,0.6421,0.6297781
5741,model_4,0.4223,0.4162545
5742,model_4,-0.0554,0.16687405
5743,model_4,-0.1465,0.0060067344
5744,model_4,0.4164,0.37133884
5745,model_4,0.9822,0.86399156
5746,model_4,0.1536,0.24111794
5747,model_4,0.1521,0.18433002
5748,model_4,0.0296,0.032644182
5749,model_4,0.481,0.52541196
5750,model_4,0.1582,0.1610405
5751,model_4,0.2649,0.31667653
5752,model_4,0.4143,0.48585168
5753,model_4,0.7998,0.80104893
5754,model_4,0.3293,0.35850343
5755,model_4,0.011,-0.064724974
5756,model_4,0.2204,0.18853183
5757,model_4,0.1795,0.19800797
5758,model_4,0.2417,0.24222325
5759,model_4,0.763,0.78661513
5760,model_4,0.0937,0.112803
5761,model_4,0.5563,0.5718699
5762,model_4,0.5296,0.56426066
5763,model_4,0.7078,0.6811761
5764,model_4,0.4602,0.33716103
5765,model_4,0.1286,0.16590752
5766,model_4,0.0062,-0.044144787
5767,model_4,0.4801,0.51479685
5768,model_4,0.191,0.14469977
5769,model_4,0.1877,0.19019477
5770,model_4,0.1538,0.15403247
5771,model_4,0.413,0.45876673
5772,model_4,0.2631,0.30020303
5773,model_4,0.7893,0.7744169
5774,model_4,0.5589,0.51823854
5775,model_4,0.4408,0.3998969
5776,model_4,0.1751,0.2402312
5777,model_4,0.338,0.36212003
5778,model_4,0.0389,0.06252613
5779,model_4,-0.0409,-0.08850877
5780,model_4,0.8845,0.9119353
5781,model_4,0.507,0.51938033
5782,model_4,0.5069,0.3564649
5783,model_4,0.159,0.27413577
5784,model_4,0.3403,0.20231918
5785,model_4,0.1347,0.2072614
5786,model_4,-0.0917,-0.12627938
5787,model_4,0.3132,0.3510875
5788,model_4,0.1563,0.20065455
5789,model_4,0.1634,-0.0060804617
5790,model_4,0.0283,0.022696892
5791,model_4,0.4156,0.36637512
5792,model_4,0.2776,0.26846644
5793,model_4,0.285,0.29856223
5794,model_4,0.0277,0.06887899
5795,model_4,0.2433,0.27793762
5796,model_4,0.0146,0.048832856
5797,model_4,0.1401,0.18187334
5798,model_4,0.2873,0.32112762
5799,model_4,0.2748,0.21719696
5800,model_4,0.6025,0.561262
5801,model_4,0.4643,0.42899457
5802,model_4,-0.2157,-0.12157722
5803,model_4,0.1203,0.114691004
5804,model_4,0.0828,0.21709876
5805,model_4,0.4831,0.41294536
5806,model_4,0.2895,0.34302235
5807,model_4,-0.0352,-0.062955335
5808,model_4,0.2205,0.23977639
5809,model_4,0.0719,0.06926198
5810,model_4,0.1049,0.17342536
5811,model_4,0.1905,0.1460124
5812,model_4,0.1619,0.18889701
5813,model_4,0.3369,0.25196788
5814,model_4,0.0956,0.13775045
5815,model_4,0.2671,0.21467055
5816,model_4,0.4321,0.29696468
5817,model_4,0.968,0.9159554
5818,model_4,0.2189,0.22555615
5819,model_4,0.4722,0.48683462
5820,model_4,0.104,0.14120787
5821,model_4,0.119,0.13521877
5822,model_4,0.0959,0.111219734
5823,model_4,0.1303,0.24701564
5824,model_4,0.3844,0.37559414
5825,model_4,0.0468,-0.02953819
5826,model_4,0.0681,0.07966215
5827,model_4,0.1287,0.06267178
5828,model_4,-0.0123,0.027460882
5829,model_4,0.0708,0.0896682
5830,model_4,0.2627,0.20147686
5831,model_4,0.7374,0.6444268
5832,model_4,0.1087,0.14383319
5833,model_4,0.5968,0.6004218
5834,model_4,0.0077,-0.014823673
5835,model_4,0.3318,0.24564908
5836,model_4,1.0182,0.967679
5837,model_4,0.3165,0.24973918
5838,model_4,0.3294,0.41212615
5839,model_4,0.2514,0.26106575
5840,model_4,0.1323,0.1839296
5841,model_4,0.716,0.67964995
5842,model_4,0.1813,0.21789959
5843,model_4,-0.1411,-0.14094925
5844,model_4,0.3845,0.36987796
5845,model_4,0.2491,0.33059952
5846,model_4,0.3569,0.29483584
5847,model_4,0.263,0.1990519
5848,model_4,0.2614,0.27241096
5849,model_4,0.0157,-0.00010321848
5850,model_4,-0.0157,0.032801904
5851,model_4,0.2534,0.16248429
5852,model_4,0.1752,0.08535169
5853,model_4,0.3473,0.40609962
5854,model_4,0.2273,0.24301617
5855,model_4,0.1363,0.15774156
5856,model_4,0.2728,0.3211629
5857,model_4,0.0689,0.12601258
5858,model_4,0.1177,0.1858181
5859,model_4,0.2348,0.23677017
5860,model_4,0.1175,0.107972875
5861,model_4,0.3843,0.3740475
5862,model_4,-0.0015,-0.008610038
5863,model_4,0.6192,0.58851445
5864,model_4,0.4464,0.45836422
5865,model_4,0.0115,0.016738946
5866,model_4,0.1149,0.053771213
5867,model_4,0.1727,0.11862256
5868,model_4,0.762,0.7930298
5869,model_4,0.0519,0.05636549
5870,model_4,-0.0504,-0.01751127
5871,model_4,0.5145,0.48865935
5872,model_4,0.2275,0.061975986
5873,model_4,0.3701,0.32226896
5874,model_4,0.8236,0.78927237
5875,model_4,0.105,0.08339981
5876,model_4,0.2646,0.14259876
5877,model_4,0.511,0.55269897
5878,model_4,0.7372,0.7599853
5879,model_4,0.6179,0.646168
5880,model_4,0.2927,0.36396918
5881,model_4,0.0958,0.16139363
5882,model_4,0.2262,0.20829037
5883,model_4,0.1204,0.08944089
5884,model_4,0.444,0.3301203
5885,model_4,0.1689,0.18519482
5886,model_4,0.1055,0.13852838
5887,model_4,0.0738,0.010075556
5888,model_4,0.3141,0.2651989
5889,model_4,0.4324,0.405047
5890,model_4,0.4149,0.44267574
5891,model_4,0.1827,0.14339001
5892,model_4,0.177,0.17511997
5893,model_4,0.4184,0.3400263
5894,model_4,0.4611,0.418923
5895,model_4,0.1411,0.09013061
5896,model_4,0.1326,0.12919314
5897,model_4,0.0674,0.045422934
5898,model_4,-0.1918,-0.16010062
5899,model_4,0.0889,0.055322483
5900,model_4,0.2759,0.19700962
5901,model_4,0.2229,0.17536095
5902,model_4,0.0286,0.085561916
5903,model_4,0.234,0.24955328
5904,model_4,0.4041,0.38183364
5905,model_4,0.55,0.49815497
5906,model_4,0.4234,0.48516002
5907,model_4,0.7192,0.7301271
5908,model_4,0.1053,0.1827154
5909,model_4,0.5756,0.47433257
5910,model_4,0.6088,0.6290057
5911,model_4,0.0527,0.04091247
5912,model_4,0.0983,0.08748649
5913,model_4,0.2077,0.29358962
5914,model_4,0.4189,0.4408386
5915,model_4,0.3759,0.42141154
5916,model_4,0.0413,0.038981847
5917,model_4,0.444,0.4770499
5918,model_4,0.3499,0.46255472
5919,model_4,0.0417,0.071963206
5920,model_4,0.2727,0.17893194
5921,model_4,0.2218,0.072943
5922,model_4,0.4209,0.36095792
5923,model_4,0.4697,0.4054598
5924,model_4,0.2169,0.24000041
5925,model_4,0.194,0.23471974
5926,model_4,0.1483,0.15653922
5927,model_4,0.0315,0.046543196
5928,model_4,0.2095,0.19990973
5929,model_4,0.1968,0.23768814
5930,model_4,0.1501,0.14927283
5931,model_4,0.0064,-0.011959
5932,model_4,0.1139,0.051883817
5933,model_4,0.3997,0.3714905
5934,model_4,0.0137,0.10043193
5935,model_4,0.5632,0.56592345
5936,model_4,0.364,0.38840637
5937,model_4,0.1252,0.11312759
5938,model_4,0.8815,0.84534866
5939,model_4,-0.1031,-0.1251138
5940,model_4,0.6519,0.57688737
5941,model_4,-0.1633,-0.20083906
5942,model_4,0.1594,0.09973954
5943,model_4,0.1353,0.12322308
5944,model_4,0.0928,0.0011853743
5945,model_4,0.2394,0.14481814
5946,model_4,-0.1511,-0.12812687
5947,model_4,0.1249,0.070773095
5948,model_4,0.1967,0.27144498
5949,model_4,0.244,0.25620523
5950,model_4,0.2271,0.18492655
5951,model_4,0.0979,0.098895125
5952,model_4,0.5082,0.52564174
5953,model_4,0.0196,0.037272774
5954,model_4,0.2708,0.3789583
5955,model_4,-0.0592,-0.0070931893
5956,model_4,0.1764,0.23300813
5957,model_4,0.712,0.7237549
5958,model_4,0.161,0.22171956
5959,model_4,0.2217,0.19363642
5960,model_4,0.0747,0.06822342
5961,model_4,0.2956,0.3007423
5962,model_4,-0.1472,0.017106341
5963,model_4,0.0653,0.09587091
5964,model_4,0.4054,0.3841015
5965,model_4,0.2278,0.22627817
5966,model_4,0.0893,0.066751406
5967,model_4,0.1983,0.21015425
5968,model_4,0.1475,0.1434543
5969,model_4,0.6911,0.6456685
5970,model_4,0.2204,0.24403055
5971,model_4,0.1781,0.16514076
5972,model_4,0.0152,0.042626306
5973,model_4,0.3516,0.3439793
5974,model_4,0.3131,0.34559563
5975,model_4,0.2978,0.26794094
5976,model_4,0.5104,0.4672755
5977,model_4,0.2419,0.36773014
5978,model_4,0.1082,0.07232148
5979,model_4,0.3764,0.42110357
5980,model_4,0.2529,0.264363
5981,model_4,0.1246,0.051893234
5982,model_4,0.1304,-0.012051357
5983,model_4,-0.0045,0.009422639
5984,model_4,0.3164,0.2852865
5985,model_4,0.1435,0.122766525
5986,model_4,0.0229,0.008236194
5987,model_4,0.0309,0.032882005
5988,model_4,0.0621,0.20650677
5989,model_4,0.0784,0.069192335
5990,model_4,0.5824,0.6045812
5991,model_4,-0.1898,-0.12849014
5992,model_4,0.06,0.060707614
5993,model_4,0.0708,0.057727322
5994,model_4,0.0177,0.072271936
5995,model_4,0.0279,0.008309731
5996,model_4,0.1094,0.07913001
5997,model_4,0.1045,0.04501099
5998,model_4,0.0055,0.03901474
5999,model_4,0.6646,0.6863521
6000,model_4,0.0512,0.043199666
6001,model_4,0.3833,0.4141284
6002,model_4,0.5024,0.43509287
6003,model_4,0.126,0.14370151
6004,model_4,0.0858,0.23644467
6005,model_4,0.7167,0.6248026
6006,model_4,0.1458,0.12783813
6007,model_4,0.8372,0.8494829
6008,model_4,0.1658,0.04740011
6009,model_4,0.2899,0.2528297
6010,model_4,0.0753,0.06498805
6011,model_4,0.1578,0.1592671
6012,model_4,0.1004,0.083774164
6013,model_4,0.0181,0.028183298
6014,model_4,0.0246,0.04226321
6015,model_4,0.2726,0.32773563
6016,model_4,0.336,0.44128686
6017,model_4,0.2463,0.27973667
6018,model_4,-0.0199,-0.00509399
6019,model_4,0.1932,0.11328666
6020,model_4,0.3848,0.40468457
6021,model_4,0.3624,0.40252268
6022,model_4,0.224,0.2002478
6023,model_4,-0.0369,-0.08782381
6024,model_4,0.2776,0.29079127
6025,model_4,0.1372,0.13933942
6026,model_4,0.2901,0.2348492
6027,model_4,0.3244,0.27620998
6028,model_4,0.6171,0.6344815
6029,model_4,0.3473,0.40294465
6030,model_4,0.1021,0.18736751
6031,model_4,0.2893,0.2184619
6032,model_4,0.6872,0.6201867
6033,model_4,0.1537,0.043774433
6034,model_4,0.1725,0.13105877
6035,model_4,0.6856,0.75270814
6036,model_4,0.0473,0.048908204
6037,model_4,0.3468,0.36974016
6038,model_4,0.1598,0.2583907
6039,model_4,0.2828,0.13424258
6040,model_4,0.2706,0.22644995
6041,model_4,0.2465,0.28216746
6042,model_4,0.363,0.39934388
6043,model_4,0.0102,0.08611198
6044,model_4,0.1531,0.12236807
6045,model_4,0.0672,0.054309428
6046,model_4,0.4204,0.4759693
6047,model_4,0.4323,0.3536245
6048,model_4,0.0455,0.052106574
6049,model_4,0.2536,0.1820349
6050,model_4,0.2168,0.17646714
6051,model_4,0.1225,0.13241965
6052,model_4,0.2041,0.11127238
6053,model_4,0.4143,0.40696153
6054,model_4,0.133,0.0533216
6055,model_4,0.7504,0.74471873
6056,model_4,0.0793,0.091644734
6057,model_4,0.7187,0.68600965
6058,model_4,-0.0888,-0.03010012
6059,model_4,-0.0724,-0.09555201
6060,model_4,0.1755,0.146174
6061,model_4,0.1294,0.113805935
6062,model_4,0.0995,0.130895
6063,model_4,0.427,0.4436504
6064,model_4,0.6007,0.58011764
6065,model_4,-0.0566,0.03032502
6066,model_4,0.1829,0.19779089
6067,model_4,0.0908,0.066564485
6068,model_4,0.0227,-1.4496967e-05
6069,model_4,0.1461,0.13499095
6070,model_4,0.4368,0.43323028
6071,model_4,0.4394,0.42336515
6072,model_4,0.1819,0.21100439
6073,model_4,0.4523,0.41235834
6074,model_4,0.2127,0.1332833
6075,model_4,0.2036,0.095752046
6076,model_4,0.1276,0.08973142
6077,model_4,0.1621,0.22485149
6078,model_4,0.1851,0.21597295
6079,model_4,0.0788,0.05417329
6080,model_4,0.5982,0.60602915
6081,model_4,-0.054,-0.10279764
6082,model_4,0.4461,0.4929414
6083,model_4,0.2989,0.24245606
6084,model_4,0.0467,0.08839591
6085,model_4,0.074,0.09278289
6086,model_4,0.1703,0.13112247
6087,model_4,-0.1722,-0.106033824
6088,model_4,-0.185,-0.10615322
6089,model_4,0.0057,0.023379112
6090,model_4,0.4083,0.43626112
6091,model_4,0.0645,0.17748235
6092,model_4,-0.0974,-0.101438984
6093,model_4,0.4317,0.4565122
6094,model_4,-0.0463,0.005710149
6095,model_4,0.6555,0.6726811
6096,model_4,0.3019,0.2559255
6097,model_4,0.0058,0.11611806
6098,model_4,0.2217,0.18253554
6099,model_4,0.7551,0.7628878
6100,model_4,0.2415,0.26691467
6101,model_4,0.0656,0.022521513
6102,model_4,0.4595,0.43844327
6103,model_4,0.8544,0.8366066
6104,model_4,0.3717,0.32412818
6105,model_4,0.6272,0.596636
6106,model_4,0.3022,0.31399903
6107,model_4,0.3778,0.36420152
6108,model_4,0.0287,-0.024560353
6109,model_4,0.3884,0.32917127
6110,model_4,-0.0232,-0.030865839
6111,model_4,0.3837,0.37864962
6112,model_4,0.2799,0.2577374
6113,model_4,-0.0871,-0.039693058
6114,model_4,0.057,0.11065921
6115,model_4,0.8139,0.8222518
6116,model_4,0.4231,0.27316195
6117,model_4,0.579,0.55109656
6118,model_4,0.1442,0.11995305
6119,model_4,-0.0193,0.04358831
6120,model_4,0.3733,0.423644
6121,model_4,0.07,0.12388949
6122,model_4,0.2267,0.28456202
6123,model_4,0.0168,0.02915738
6124,model_4,0.2955,0.24426813
6125,model_4,0.2859,0.2558402
6126,model_4,0.361,0.33217916
6127,model_4,-0.026,0.17060764
6128,model_4,0.2305,0.38916236
6129,model_4,0.3306,0.37442705
6130,model_4,0.5237,0.6455065
6131,model_4,0.1627,0.1837491
6132,model_4,0.1755,0.11678165
6133,model_4,0.3975,0.34521818
6134,model_4,0.5249,0.5344026
6135,model_4,0.2497,0.16414525
6136,model_4,0.4996,0.5662656
6137,model_4,0.1157,0.10031675
6138,model_4,0.4703,0.539667
6139,model_4,0.239,0.16371703
6140,model_4,-0.112,-0.09094909
6141,model_4,0.5592,0.5041559
6142,model_4,-0.093,-0.11495846
6143,model_4,0.0394,0.062343694
6144,model_4,0.5545,0.60617745
6145,model_4,0.172,0.23108236
6146,model_4,0.0646,0.08555373
6147,model_4,0.2157,0.21481921
6148,model_4,-0.0403,-0.08290687
6149,model_4,0.2253,0.24745317
6150,model_4,-0.0892,-0.07710008
6151,model_4,0.605,0.63032514
6152,model_4,0.1725,0.19426326
6153,model_4,0.2313,0.21534304
6154,model_4,0.4575,0.55104476
6155,model_4,0.4148,0.24516664
6156,model_4,0.7204,0.76208806
6157,model_4,0.9066,0.8796955
6158,model_4,0.02,-0.010309381
6159,model_4,1.19,1.174461
6160,model_4,0.2233,0.19669767
6161,model_4,0.0991,0.06970145
6162,model_4,0.563,0.47740027
6163,model_4,0.2097,0.23300134
6164,model_4,0.0878,0.087259576
6165,model_4,0.1536,0.18835591
6166,model_4,0.722,0.74281514
6167,model_4,-0.018,0.027481953
6168,model_4,-0.0696,0.035588108
6169,model_4,-0.11,-0.039726935
6170,model_4,0.0869,0.04758542
6171,model_4,0.0163,0.03173217
6172,model_4,0.195,0.10825908
6173,model_4,0.5799,0.6227125
6174,model_4,0.3821,0.43328437
6175,model_4,0.4484,0.4121385
6176,model_4,0.1293,0.13003272
6177,model_4,0.0924,0.090867676
6178,model_4,0.1134,0.14764579
6179,model_4,0.1729,0.14908855
6180,model_4,0.7514,0.78123474
6181,model_4,0.2276,0.13992475
6182,model_4,-0.0965,-0.09736665
6183,model_4,0.2775,0.22723757
6184,model_4,-0.0962,-0.09868856
6185,model_4,0.6814,0.7343027
6186,model_4,0.9367,0.8870135
6187,model_4,0.587,0.5809475
6188,model_4,0.6261,0.65036047
6189,model_4,0.8384,0.9787109
6190,model_4,-0.0616,-0.0785713
6191,model_4,0.2096,0.098583676
6192,model_4,0.1658,0.10505976
6193,model_4,0.3386,0.39046076
6194,model_4,0.2073,0.29852858
6195,model_4,0.2365,0.27518472
6196,model_4,0.4759,0.521322
6197,model_4,0.3594,0.32547095
6198,model_4,-0.0126,0.12648605
6199,model_4,0.4295,0.4526057
6200,model_4,0.1794,0.12926976
6201,model_4,0.3426,0.43778273
6202,model_4,0.1062,0.13278495
6203,model_4,0.2959,0.17086793
6204,model_4,0.0748,0.11214924
6205,model_4,0.0739,0.11681287
6206,model_4,0.817,0.8037786
6207,model_4,0.0618,0.09140331
6208,model_4,0.1994,0.15272717
6209,model_4,0.2399,0.29923582
6210,model_4,-0.1687,-0.13249171
6211,model_4,0.3406,0.3452116
6212,model_4,0.0426,-0.06371764
6213,model_4,0.487,0.5182034
6214,model_4,0.3844,0.30335614
6215,model_4,-0.1033,-0.02988684
6216,model_4,0.1726,0.21578987
6217,model_4,-0.2251,-0.101856105
6218,model_4,-0.1563,-0.16861767
6219,model_4,-0.017,-0.012106357
6220,model_4,0.1351,0.14821787
6221,model_4,0.0298,0.08422843
6222,model_4,0.4114,0.4278715
6223,model_4,0.2823,0.29579282
6224,model_4,0.3214,0.37721416
6225,model_4,0.3173,0.33075437
6226,model_4,0.6335,0.59441024
6227,model_4,0.4386,0.37699354
6228,model_4,0.7033,0.70562136
6229,model_4,0.0961,0.19333614
6230,model_4,0.2092,0.13385697
6231,model_4,0.1515,0.15595254
6232,model_4,0.3138,0.33809963
6233,model_4,0.019,0.06882908
6234,model_4,0.0454,0.0528531
6235,model_4,0.032,0.054758035
6236,model_4,0.5434,0.3740638
6237,model_4,0.2446,0.22664197
6238,model_4,0.2105,0.024440354
6239,model_4,0.2033,0.11860299
6240,model_4,0.1468,0.09630755
6241,model_4,0.0986,0.098557875
6242,model_4,0.1279,0.12609188
6243,model_4,0.0499,0.075413436
6244,model_4,0.3669,0.39917466
6245,model_4,-0.015,0.09735269
6246,model_4,-0.0886,-0.031584293
6247,model_4,0.0577,0.06936824
6248,model_4,0.1608,0.2305787
6249,model_4,0.1703,0.20719112
6250,model_4,0.3218,0.32289687
6251,model_4,-0.0403,-0.07602252
6252,model_4,0.2946,0.23405828
6253,model_4,0.4484,0.5381093
6254,model_4,0.9149,0.9166608
6255,model_4,0.1495,0.17818595
6256,model_4,0.2393,0.18766415
6257,model_4,0.2756,0.3275881
6258,model_4,0.0972,0.053151883
6259,model_4,0.2435,0.24460684
6260,model_4,0.3776,0.40105432
6261,model_4,0.3487,0.33376804
6262,model_4,0.0518,-0.045024313
6263,model_4,0.1802,0.15429138
6264,model_4,-0.0121,-0.016531905
6265,model_4,0.6174,0.60687554
6266,model_4,0.3866,0.42074168
6267,model_4,0.2892,0.23246658
6268,model_4,0.1315,0.15574089
6269,model_4,0.1742,0.30770636
6270,model_4,0.1037,0.078366846
6271,model_4,0.1609,0.21400951
6272,model_4,-0.0852,-0.11591325
6273,model_4,0.0135,0.040697627
6274,model_4,-0.0106,0.01001724
6275,model_4,0.4296,0.32502666
6276,model_4,0.089,0.092230275
6277,model_4,0.113,0.09507577
6278,model_4,0.1457,0.22440656
6279,model_4,-0.1112,-0.021385713
6280,model_4,0.4272,0.4421046
6281,model_4,0.0777,0.10136646
6282,model_4,0.4754,0.50080377
6283,model_4,0.0916,0.14881475
6284,model_4,0.0824,0.11777015
6285,model_4,0.1173,0.18200117
6286,model_4,0.2356,0.37488773
6287,model_4,0.0041,0.018460246
6288,model_4,0.4338,0.39878538
6289,model_4,-0.0558,-0.04227747
6290,model_4,0.1597,0.19304253
6291,model_4,0.4863,0.41252938
6292,model_4,0.81,0.82381785
6293,model_4,0.0105,0.029907783
6294,model_4,0.7994,0.75222325
6295,model_4,0.0764,0.10598743
6296,model_4,0.3749,0.40569165
6297,model_4,0.126,0.2349403
6298,model_4,0.7243,0.65111244
6299,model_4,0.2803,0.25583586
6300,model_4,0.2326,0.2831727
6301,model_4,0.2476,0.29200047
6302,model_4,0.048,0.04110337
6303,model_4,-0.0579,-0.04181721
6304,model_4,0.2671,0.19937326
6305,model_4,0.2702,0.2095416
6306,model_4,0.0745,0.061040238
6307,model_4,-0.044,-0.0263146
6308,model_4,0.4013,0.14078678
6309,model_4,0.1741,0.15209472
6310,model_4,0.28,0.29968673
6311,model_4,0.3123,0.42421618
6312,model_4,0.2244,0.36397088
6313,model_4,-0.0724,0.007456975
6314,model_4,-0.1737,-0.0019202735
6315,model_4,0.3393,0.34996894
6316,model_4,0.1571,0.11985934
6317,model_4,0.1801,0.20237999
6318,model_4,0.5595,0.5777019
6319,model_4,0.2539,0.20952342
6320,model_4,0.1424,0.23356907
6321,model_4,0.5416,0.54486597
6322,model_4,0.6322,0.613688
6323,model_4,0.9013,0.8587703
6324,model_4,0.2388,0.14622898
6325,model_4,0.0292,-0.05184026
6326,model_4,0.2263,0.3611082
6327,model_4,-0.0301,0.037578873
6328,model_4,-0.0393,-0.022902636
6329,model_4,0.3149,0.31952342
6330,model_4,0.1496,0.15077251
6331,model_4,0.8375,0.81177515
6332,model_4,0.3452,0.27719682
6333,model_4,0.0905,0.09706931
6334,model_4,0.279,0.2576696
6335,model_4,0.7465,0.7392603
6336,model_4,0.4102,0.31364095
6337,model_4,0.179,0.15947242
6338,model_4,0.342,0.35091347
6339,model_4,0.1498,0.14861566
6340,model_4,0.0013,0.054266848
6341,model_4,0.1573,0.18919805
6342,model_4,-0.0692,-0.031704023
6343,model_4,0.0915,0.12560308
6344,model_4,-0.1217,-0.104785636
6345,model_4,0.006,-0.059616804
6346,model_4,0.1602,0.13715331
6347,model_4,0.4953,0.5279967
6348,model_4,0.1028,0.07140006
6349,model_4,0.4005,0.50033516
6350,model_4,0.0468,0.04285849
6351,model_4,0.1325,0.11010887
6352,model_4,0.3984,0.4045581
6353,model_4,0.4429,0.40035895
6354,model_4,0.282,0.21644117
6355,model_4,-0.0364,-0.035772577
6356,model_4,0.3952,0.4635866
6357,model_4,0.1896,0.2229505
6358,model_4,0.1409,0.13322723
6359,model_4,0.1024,0.29794657
6360,model_4,0.3351,0.34285194
6361,model_4,0.2263,0.24473204
6362,model_4,0.0505,-0.084065616
6363,model_4,0.095,0.12314889
6364,model_4,0.1807,0.24630044
6365,model_4,0.4296,0.5537504
6366,model_4,0.1463,0.16412158
6367,model_4,0.5338,0.52208644
6368,model_4,0.2108,0.1974294
6369,model_4,0.4613,0.4417671
6370,model_4,0.3876,0.4010211
6371,model_4,0.0306,0.13090968
6372,model_4,0.5567,0.65569675
6373,model_4,0.3687,0.329542
6374,model_4,0.1993,0.2171143
6375,model_4,0.8394,0.8445829
6376,model_4,0.1974,0.18262184
6377,model_4,0.0667,0.12345214
6378,model_4,0.4488,0.45809764
6379,model_4,0.4274,0.44116223
6380,model_4,0.2094,0.24657227
6381,model_4,0.1514,0.09834292
6382,model_4,0.3395,0.30269048
6383,model_4,-0.2121,-0.13338168
6384,model_4,0.4152,0.40412846
6385,model_4,0.2232,0.29082534
6386,model_4,0.2168,0.15254633
6387,model_4,0.3048,0.34570757
6388,model_4,0.2816,0.22741927
6389,model_4,0.2313,0.31086934
6390,model_4,0.2101,0.2505599
6391,model_4,0.2225,0.21708216
6392,model_4,0.1334,0.1679505
6393,model_4,0.4307,0.494144
6394,model_4,0.663,0.6300028
6395,model_4,0.2275,0.09148593
6396,model_4,-0.0826,-0.012818528
6397,model_4,0.1978,0.15489317
6398,model_4,-0.0077,-0.005567191
6399,model_4,0.103,0.14549102
6400,model_4,0.3007,0.29183105
6401,model_4,0.372,0.35941726
6402,model_4,0.512,0.5347595
6403,model_4,0.2462,0.27829233
6404,model_4,-0.0971,0.0041215215
6405,model_4,0.3651,0.37172073
6406,model_4,0.0519,0.047464535
6407,model_4,0.1303,0.10137574
6408,model_4,0.3447,0.3998728
6409,model_4,0.4096,0.41211867
6410,model_4,0.3269,0.3326514
6411,model_4,0.656,0.5731219
6412,model_4,0.2137,0.16071817
6413,model_4,0.4386,0.42725173
6414,model_4,0.4577,0.4104641
6415,model_4,0.1256,0.080424815
6416,model_4,0.1109,0.0604925
6417,model_4,0.0655,0.06815009
6418,model_4,0.367,0.38382185
6419,model_4,0.0729,0.1619166
6420,model_4,-0.012,0.02172299
6421,model_4,0.2063,0.10778536
6422,model_4,0.2196,0.2134454
6423,model_4,0.202,0.22668459
6424,model_4,-0.1732,-0.18366517
6425,model_4,0.4411,0.32715783
6426,model_4,0.1692,0.15110487
6427,model_4,0.3644,0.4083823
6428,model_4,0.1212,0.13749023
6429,model_4,0.42,0.44072387
6430,model_4,0.0774,0.12535372
6431,model_4,0.2859,0.2725093
6432,model_4,-0.003,-0.028689018
6433,model_4,0.3905,0.3915722
6434,model_4,-0.1157,-0.11136481
6435,model_4,0.2236,0.29212618
6436,model_4,0.0544,0.03307812
6437,model_4,0.127,0.10776137
6438,model_4,0.388,0.3697299
6439,model_4,0.6839,0.7003114
6440,model_4,0.408,0.3487288
6441,model_4,0.2601,0.31101158
6442,model_4,0.8404,0.82187325
6443,model_4,0.2563,0.23412164
6444,model_4,0.0424,0.06934799
6445,model_4,-0.0446,-0.06885629
6446,model_4,0.1528,0.11277218
6447,model_4,0.0167,0.02242981
6448,model_4,0.06,0.103425965
6449,model_4,0.1122,0.0727544
6450,model_4,0.3215,0.3472264
6451,model_4,0.1539,0.15104495
6452,model_4,0.2696,0.21042636
6453,model_4,-0.1477,-0.1269036
6454,model_4,-0.2229,-0.14702918
6455,model_4,0.2328,0.18683249
6456,model_4,0.4605,0.39761668
6457,model_4,0.1324,0.17485477
6458,model_4,0.0226,0.012665125
6459,model_4,0.4132,0.45555902
6460,model_4,0.4318,0.12174864
6461,model_4,0.0504,0.081237555
6462,model_4,0.3072,0.32141072
6463,model_4,0.2909,0.26754716
6464,model_4,-0.1657,-0.13605192
6465,model_4,0.297,0.2457809
6466,model_4,-0.0024,0.057213083
6467,model_4,0.4383,0.3627561
6468,model_4,0.2722,0.22454812
6469,model_4,0.2476,0.24866293
6470,model_4,0.0755,0.041460022
6471,model_4,0.0671,0.10128765
6472,model_4,0.1315,0.2642617
6473,model_4,0.6204,0.14829709
6474,model_4,0.0764,0.07087765
6475,model_4,0.2023,0.18726449
6476,model_4,0.068,0.032296777
6477,model_4,0.1277,0.14101218
6478,model_4,0.0902,0.043243438
6479,model_4,0.0133,0.038116954
6480,model_4,0.1731,0.14562087
6481,model_4,0.0095,0.03149263
6482,model_4,0.0342,-0.037252396
6483,model_4,0.072,0.021158451
6484,model_4,0.2915,0.3364431
6485,model_4,0.3185,0.3155266
6486,model_4,0.0266,0.15262178
6487,model_4,0.052,0.09953337
6488,model_4,0.3406,0.3573467
6489,model_4,0.0676,0.12179099
6490,model_4,-0.0062,0.0018016491
6491,model_4,-0.0165,-0.018220237
6492,model_4,0.1178,0.101969324
6493,model_4,-0.0625,-0.04313668
6494,model_4,0.6297,0.60582256
6495,model_4,0.3723,0.36881915
6496,model_4,0.2008,0.22921161
6497,model_4,0.1166,-0.015087014
6498,model_4,0.0494,0.01710111
6499,model_4,-0.0394,-0.0033240449
6500,model_4,0.4779,0.52928674
6501,model_4,0.1558,0.11515789
6502,model_4,0.7177,0.6009275
6503,model_4,0.2762,0.24224807
6504,model_4,0.3966,0.42773253
6505,model_4,0.2741,0.33081773
6506,model_4,-0.0232,-0.08780779
6507,model_4,0.7848,0.78110987
6508,model_4,0.1533,0.050363623
6509,model_4,0.2418,0.27802274
6510,model_4,0.0668,0.03969329
6511,model_4,0.2878,0.3115072
6512,model_4,0.0928,0.07017872
6513,model_4,0.0987,0.097397454
6514,model_4,0.4317,0.36187354
6515,model_4,0.1778,0.11825998
6516,model_4,0.068,0.030238876
6517,model_4,0.513,0.5370499
6518,model_4,0.2727,0.30388874
6519,model_4,0.056,0.07389249
6520,model_4,0.0811,0.15717275
6521,model_4,0.7914,0.7929507
6522,model_4,0.1931,0.18204436
6523,model_4,0.1981,0.16909197
6524,model_4,0.1957,0.3007914
6525,model_4,0.0694,0.06468631
6526,model_4,0.6212,0.54998136
6527,model_4,0.4761,0.44804445
6528,model_4,0.4314,0.41765526
6529,model_4,0.7991,0.7505939
6530,model_4,0.0289,0.00082135387
6531,model_4,0.1747,0.20747402
6532,model_4,-0.0269,-0.018052777
6533,model_4,0.4011,0.48547116
6534,model_4,0.3967,0.35160604
6535,model_4,0.1965,0.22637239
6536,model_4,0.5402,0.56744486
6537,model_4,0.3441,0.345961
6538,model_4,0.1463,0.18576147
6539,model_4,0.1934,0.20590948
6540,model_4,0.7412,0.69348264
6541,model_4,0.0042,0.08914323
6542,model_4,0.7054,0.72368383
6543,model_4,0.1091,0.11215384
6544,model_4,0.153,0.17735139
6545,model_4,0.4269,0.504259
6546,model_4,-0.1313,-0.013792334
6547,model_4,0.0209,0.019131476
6548,model_4,0.0697,0.119999975
6549,model_4,0.3623,0.3895463
6550,model_4,0.0823,0.12431714
6551,model_4,0.2128,0.48851082
6552,model_4,0.3105,0.22660096
6553,model_4,0.0689,0.05618059
6554,model_4,0.4165,0.4570866
6555,model_4,0.478,0.50273454
6556,model_4,0.515,0.57964385
6557,model_4,0.3416,0.23424937
6558,model_4,0.1077,0.12800755
6559,model_4,0.2477,0.29582366
6560,model_4,0.3338,0.3871702
6561,model_4,0.4154,0.20152774
6562,model_4,0.564,0.47347796
6563,model_4,0.1785,0.15447596
6564,model_4,-0.1396,-0.11040056
6565,model_4,0.0978,0.15761748
6566,model_4,0.204,0.12230781
6567,model_4,0.111,0.037184805
6568,model_4,0.1836,0.08367849
6569,model_4,0.4433,0.43822592
6570,model_4,0.8485,0.88467896
6571,model_4,-0.0649,-0.024585685
6572,model_4,0.1367,0.22245789
6573,model_4,0.1028,0.09802979
6574,model_4,0.0518,0.071419224
6575,model_4,0.5816,0.6748953
6576,model_4,0.1789,0.24798156
6577,model_4,0.7631,0.6893729
6578,model_4,0.3558,0.252221
6579,model_4,0.1523,0.16553995
6580,model_4,-0.0507,0.11485994
6581,model_4,0.1702,0.16024336
6582,model_4,0.2592,0.39173985
6583,model_4,0.3172,-0.07681626
6584,model_4,-0.1875,-0.19631605
6585,model_4,0.3418,0.41901177
6586,model_4,0.4076,0.49755004
6587,model_4,-0.0046,-0.0028469171
6588,model_4,0.3524,0.19385232
6589,model_4,0.4058,0.4452066
6590,model_4,0.0849,0.15398915
6591,model_4,0.3575,0.30182886
6592,model_4,0.1286,0.22526035
6593,model_4,0.4645,0.43429318
6594,model_4,0.2534,0.24792768
6595,model_4,0.5962,0.61314774
6596,model_4,0.09,0.10907906
6597,model_4,0.528,0.56205225
6598,model_4,0.6171,0.570681
6599,model_4,0.826,0.71250564
6600,model_4,0.1418,0.41343766
6601,model_4,0.7059,0.70144147
6602,model_4,0.291,0.27234033
6603,model_4,0.7719,0.66760486
6604,model_4,0.4094,0.40302953
6605,model_4,0.2653,0.23456259
6606,model_4,0.0583,0.06733006
6607,model_4,0.2043,0.22739673
6608,model_4,0.1362,0.13883881
6609,model_4,0.4747,0.46380496
6610,model_4,0.1026,0.05452294
6611,model_4,-0.0913,-0.10938384
6612,model_4,0.2231,0.22323428
6613,model_4,0.1426,0.18866098
6614,model_4,-0.1073,-0.113793336
6615,model_4,0.2361,0.25061575
6616,model_4,0.4424,0.42341575
6617,model_4,0.518,0.5476053
6618,model_4,0.1586,0.23350768
6619,model_4,0.238,0.20559154
6620,model_4,0.1724,0.27075127
6621,model_4,-0.1778,-0.16751437
6622,model_4,0.1317,0.21890454
6623,model_4,0.1962,0.21809076
6624,model_4,0.0172,0.010059537
6625,model_4,0.5207,0.46582934
6626,model_4,0.1928,0.16705889
6627,model_4,0.0629,0.043409184
6628,model_4,0.5556,0.50087154
6629,model_4,0.0422,0.066264935
6630,model_4,0.5849,0.5242187
6631,model_4,0.827,0.7694943
6632,model_4,0.0768,0.11289929
6633,model_4,0.4351,0.31527287
6634,model_4,0.2702,0.2386973
6635,model_4,-0.1111,-0.11445598
6636,model_4,0.2058,0.11803764
6637,model_4,0.5358,0.6043472
6638,model_4,0.5499,0.4852111
6639,model_4,0.1161,0.1256514
6640,model_4,0.0108,0.27585468
6641,model_4,0.1671,0.0681756
6642,model_4,0.6596,0.6962323
6643,model_4,0.4266,0.5100571
6644,model_4,-0.0402,-0.0066315364
6645,model_4,0.1219,0.11450033
6646,model_4,0.2061,0.1341662
6647,model_4,0.7405,0.6903367
6648,model_4,0.0663,0.05588562
6649,model_4,0.1984,0.26296794
6650,model_4,0.3698,0.43097803
6651,model_4,0.075,0.057631813
6652,model_4,0.5033,0.49548426
6653,model_4,0.036,0.030339988
6654,model_4,-0.0014,0.016718583
6655,model_4,-0.0087,0.038552895
6656,model_4,0.2431,0.04527791
6657,model_4,0.1045,0.10066294
6658,model_4,0.1423,0.14138605
6659,model_4,0.1301,0.14348306
6660,model_4,0.0557,0.10129742
6661,model_4,-0.0719,-0.027871912
6662,model_4,0.4321,0.5577619
6663,model_4,0.1055,0.1554239
6664,model_4,0.1593,0.13665755
6665,model_4,0.2145,0.24831156
6666,model_4,0.097,0.100020394
6667,model_4,0.3077,0.20638041
6668,model_4,0.4098,0.41373286
6669,model_4,0.2198,0.28592086
6670,model_4,-0.0694,-0.001594333
6671,model_4,-0.0986,-0.124588884
6672,model_4,-0.0015,-0.05178546
6673,model_4,-0.0828,-0.12532489
6674,model_4,0.1829,0.18751803
6675,model_4,0.0594,-0.0060916524
6676,model_4,-0.0483,-0.094718285
6677,model_4,-0.1731,-0.16536878
6678,model_4,0.1554,0.14377062
6679,model_4,0.7179,0.7243693
6680,model_4,0.1932,0.14039668
6681,model_4,0.4048,0.3508744
6682,model_4,0.4387,0.25750744
6683,model_4,0.1126,0.17961161
6684,model_4,-0.2122,-0.21970455
6685,model_4,0.5444,0.4541238
6686,model_4,0.3127,0.24440677
6687,model_4,0.3728,0.37816945
6688,model_4,-0.0718,-0.017495116
6689,model_4,0.3851,0.43261304
6690,model_4,0.0227,0.10261388
6691,model_4,0.8755,0.8617327
6692,model_4,0.26,0.23261061
6693,model_4,0.0978,0.04097619
6694,model_4,0.1429,0.18059358
6695,model_4,0.3102,0.3272803
6696,model_4,0.1025,0.10924205
6697,model_4,0.4923,0.5033695
6698,model_4,0.1257,0.118157506
6699,model_4,0.0655,0.104337424
6700,model_4,0.1257,0.14924143
6701,model_4,0.1337,0.18019217
6702,model_4,0.0565,0.04707685
6703,model_4,0.0358,0.120429054
6704,model_4,0.219,0.2556428
6705,model_4,0.1125,0.13424997
6706,model_4,-0.1224,-0.14103585
6707,model_4,0.5175,0.55755234
6708,model_4,0.21,0.268345
6709,model_4,0.1534,-0.043659724
6710,model_4,-0.0431,0.04527384
6711,model_4,0.4648,0.38039845
6712,model_4,0.1031,0.08622999
6713,model_4,0.2858,0.33561704
6714,model_4,0.2066,0.22138007
6715,model_4,0.1097,0.24698581
6716,model_4,0.5864,0.60720176
6717,model_4,0.1359,0.18193261
6718,model_4,0.7127,0.68596333
6719,model_4,-0.0416,-0.026926836
6720,model_4,0.2753,0.24528633
6721,model_4,0.25,0.20106645
6722,model_4,0.2636,0.22925003
6723,model_4,0.1919,0.20285942
6724,model_4,1.0267,0.9209336
6725,model_4,-0.1257,-0.146145
6726,model_4,0.168,0.22921713
6727,model_4,0.1374,0.13034765
6728,model_4,0.1609,0.023997435
6729,model_4,-0.04,-0.003952479
6730,model_4,0.068,0.029852683
6731,model_4,0.4405,0.48492315
6732,model_4,0.7809,0.77032137
6733,model_4,0.409,0.4160027
6734,model_4,0.4654,0.47765806
6735,model_4,0.871,0.83403987
6736,model_4,0.1976,0.20847726
6737,model_4,-0.0376,-0.02567838
6738,model_4,0.2928,0.32836848
6739,model_4,-0.2707,-0.20812659
6740,model_4,0.2829,0.31095955
6741,model_4,-0.1185,-0.08899526
6742,model_4,0.5144,0.55489266
6743,model_4,-0.1846,-0.1749079
6744,model_4,0.157,0.20297009
6745,model_4,0.0615,0.05575423
6746,model_4,-0.2221,-0.19352923
6747,model_4,0.2411,0.30087534
6748,model_4,-0.0456,-0.003905272
6749,model_4,0.282,0.32801795
6750,model_4,0.2466,0.16567305
6751,model_4,0.0492,0.09944917
6752,model_4,-0.1123,0.09465891
6753,model_4,0.7365,0.72887003
6754,model_4,0.3334,0.33879545
6755,model_4,0.0794,0.04547429
6756,model_4,0.0398,0.027794035
6757,model_4,0.2452,0.18799745
6758,model_4,-0.0365,0.005996445
6759,model_4,0.5086,0.52182794
6760,model_4,0.2435,0.22362857
6761,model_4,0.3967,0.42186454
6762,model_4,0.3969,0.39182523
6763,model_4,0.1073,0.08372444
6764,model_4,0.1072,0.11463535
6765,model_4,0.0363,0.0025912542
6766,model_4,-0.1138,-0.09406807
6767,model_4,0.0653,0.0731485
6768,model_4,-0.0295,0.06793365
6769,model_4,0.2637,0.18794036
6770,model_4,0.1072,0.15693709
6771,model_4,0.0064,-0.0052357297
6772,model_4,0.3785,0.4216673
6773,model_4,0.8608,0.8894987
6774,model_4,0.0772,0.05217199
6775,model_4,0.3431,0.3357956
6776,model_4,0.0949,0.16998637
6777,model_4,0.4475,0.4331785
6778,model_4,0.6001,0.60988605
6779,model_4,0.0806,0.05766423
6780,model_4,-0.2034,-0.22788624
6781,model_4,0.4424,0.36325106
6782,model_4,0.1855,0.17045657
6783,model_4,0.0513,0.10733272
6784,model_4,0.4497,0.45895043
6785,model_4,-0.0049,-0.040057763
6786,model_4,0.1728,0.10027769
6787,model_4,0.173,0.15978344
6788,model_4,0.0863,0.10730284
6789,model_4,0.5623,0.60124093
6790,model_4,-0.1634,-0.11648239
6791,model_4,0.3863,0.40097818
6792,model_4,0.2897,0.3138795
6793,model_4,0.1685,0.17100659
6794,model_4,0.1949,0.22323422
6795,model_4,0.129,0.11292194
6796,model_4,0.3091,0.3667694
6797,model_4,0.2157,0.17455156
6798,model_4,0.5034,0.4580489
6799,model_4,0.0,0.039796196
6800,model_4,0.3681,0.23760255
6801,model_4,0.1152,0.14899747
6802,model_4,0.4035,0.40137178
6803,model_4,0.1368,0.13927917
6804,model_4,0.6793,0.63572973
6805,model_4,0.0099,0.08587366
6806,model_4,0.5455,0.58580464
6807,model_4,0.1477,0.15970625
6808,model_4,0.5797,0.6026661
6809,model_4,0.7226,0.7640226
6810,model_4,0.2771,0.2923436
6811,model_4,0.2224,0.23550509
6812,model_4,0.576,0.5009548
6813,model_4,0.2533,0.15131406
6814,model_4,0.7663,0.7707277
6815,model_4,0.5658,0.5879046
6816,model_4,0.1961,0.3176341
6817,model_4,0.0764,0.031942733
6818,model_4,0.6282,0.6605007
6819,model_4,0.403,0.47003424
6820,model_4,0.1018,-0.06854893
6821,model_4,0.0508,0.042790756
6822,model_4,-0.1082,-0.0877863
6823,model_4,0.0323,0.050918557
6824,model_4,0.1142,0.063901365
6825,model_4,0.176,0.2380205
6826,model_4,0.3041,0.37774304
6827,model_4,0.4644,0.2438762
6828,model_4,0.0577,0.048322983
6829,model_4,-0.127,-0.082363866
6830,model_4,0.0968,0.0780227
6831,model_4,0.1701,0.102989
6832,model_4,0.1096,0.27151564
6833,model_4,0.777,0.75657696
6834,model_4,0.7682,0.7335814
6835,model_4,0.1178,0.11506379
6836,model_4,0.2699,0.31972072
6837,model_4,0.1092,0.19196138
6838,model_4,0.1755,0.25559685
6839,model_4,0.0341,0.18196137
6840,model_4,-0.0231,0.010634715
6841,model_4,0.0221,-0.017249605
6842,model_4,0.7286,0.6066184
6843,model_4,0.0289,0.07608326
6844,model_4,0.4099,0.4779794
6845,model_4,0.6125,0.5182726
6846,model_4,0.2831,0.3029981
6847,model_4,-0.0269,-0.027791796
6848,model_4,0.4988,0.4908345
6849,model_4,0.1505,0.21795179
6850,model_4,0.1418,0.19860625
6851,model_4,-0.1697,-0.18897563
6852,model_4,0.1139,0.15549171
6853,model_4,0.7929,0.7915746
6854,model_4,0.164,0.37256578
6855,model_4,0.1965,0.1165223
6856,model_4,0.5778,0.54475254
6857,model_4,0.3423,0.2601204
6858,model_4,-0.0633,-0.054907814
6859,model_4,0.2726,0.28246552
6860,model_4,0.4312,0.4289055
6861,model_4,0.2756,0.20889182
6862,model_4,0.2999,0.29460868
6863,model_4,0.1013,0.1253786
6864,model_4,0.191,0.21663223
6865,model_4,0.2435,0.21366698
6866,model_4,0.0358,0.03236813
6867,model_4,0.0788,0.027788663
6868,model_4,0.1598,0.14693402
6869,model_4,0.0266,0.34567848
6870,model_4,0.7153,0.6814954
6871,model_4,0.4987,0.43925503
6872,model_4,-0.0154,-0.033957496
6873,model_4,0.1921,0.2162517
6874,model_4,0.1822,0.16422962
6875,model_4,0.9626,0.87050915
6876,model_4,0.0815,0.14256519
6877,model_4,0.0659,0.08651947
6878,model_4,0.2713,0.26535594
6879,model_4,0.1705,0.2643187
6880,model_4,0.5863,0.640608
6881,model_4,0.1535,0.14903338
6882,model_4,0.2765,0.30392894
6883,model_4,0.228,0.19194585
6884,model_4,0.4205,0.36384222
6885,model_4,0.1916,0.18819152
6886,model_4,0.0456,-0.0004132297
6887,model_4,0.2487,0.36032066
6888,model_4,0.3257,0.30062613
6889,model_4,0.1294,0.09816917
6890,model_4,0.0682,0.11114022
6891,model_4,-0.1035,-0.057064258
6892,model_4,0.5758,0.61145794
6893,model_4,0.4898,0.44753474
6894,model_4,0.3345,0.40448466
6895,model_4,0.4769,0.3047252
6896,model_4,0.0827,0.09479419
6897,model_4,0.802,0.7907599
6898,model_4,0.4964,0.49494615
6899,model_4,0.2405,0.31024942
6900,model_4,0.1567,0.0926353
6901,model_4,0.0318,0.05950281
6902,model_4,0.0351,0.086710684
6903,model_4,0.3793,0.45267966
6904,model_4,0.711,0.6708878
6905,model_4,0.5895,0.61908793
6906,model_4,0.6604,0.6371908
6907,model_4,0.3606,0.34777597
6908,model_4,0.2429,0.2738162
6909,model_4,0.1798,0.23377372
6910,model_4,0.2549,0.1975067
6911,model_4,0.2191,0.18229909
6912,model_4,0.0669,0.07790008
6913,model_4,-0.1026,-0.15411225
6914,model_4,0.7311,0.70088327
6915,model_4,0.3295,0.33030534
6916,model_4,0.8279,0.77258134
6917,model_4,0.1074,0.09292427
6918,model_4,0.3362,0.3327225
6919,model_4,0.1393,0.15278159
6920,model_4,0.1639,0.17914431
6921,model_4,0.1715,0.12835604
6922,model_4,0.4336,0.46139666
6923,model_4,0.2806,0.304842
6924,model_4,0.5657,0.5493801
6925,model_4,0.1233,0.1219849
6926,model_4,0.2751,0.32693526
6927,model_4,0.1444,0.19031607
6928,model_4,0.3768,0.39838707
6929,model_4,0.5754,0.61177135
6930,model_4,0.3664,0.3702388
6931,model_4,0.2502,0.15969251
6932,model_4,0.0269,0.04944942
6933,model_4,0.3812,0.42070785
6934,model_4,0.1806,0.24466841
6935,model_4,0.6819,0.6542205
6936,model_4,0.3349,0.27130538
6937,model_4,0.1962,0.13298118
6938,model_4,0.0152,0.06996868
6939,model_4,0.0635,0.04080005
6940,model_4,0.8142,0.76831484
6941,model_4,0.4701,0.40702882
6942,model_4,0.2031,0.1284283
6943,model_4,0.3565,0.3892866
6944,model_4,0.1344,0.1240166
6945,model_4,0.937,0.91084504
6946,model_4,0.0499,0.047934577
6947,model_4,0.2217,0.24215029
6948,model_4,0.1445,0.13420053
6949,model_4,0.2527,0.23696227
6950,model_4,1.067,1.0049784
6951,model_4,0.0628,0.07892493
6952,model_4,0.1884,0.16703819
6953,model_4,-0.0139,0.0116116945
6954,model_4,0.0081,0.01540635
6955,model_4,0.0554,0.10000546
6956,model_4,0.3289,0.3047133
6957,model_4,0.1242,-0.075820446
6958,model_4,0.8217,0.773702
6959,model_4,0.1312,0.20773967
6960,model_4,0.2389,0.22610667
6961,model_4,0.1334,0.1283054
6962,model_4,0.7724,0.76450086
6963,model_4,0.1312,0.11120501
6964,model_4,0.0767,0.092096806
6965,model_4,-0.1716,0.011371674
6966,model_4,0.4157,0.28818718
6967,model_4,0.2922,0.15411843
6968,model_4,0.7934,0.84422183
6969,model_4,0.1275,0.113741726
6970,model_4,0.3263,0.33053455
6971,model_4,0.098,0.014892811
6972,model_4,0.3823,0.3904283
6973,model_4,0.157,0.15333821
6974,model_4,0.3437,0.30758658
6975,model_4,0.2398,0.18743737
6976,model_4,0.0125,-0.024941681
6977,model_4,0.1507,0.10052408
6978,model_4,0.4334,0.4405517
6979,model_4,0.6487,0.6664119
6980,model_4,0.6348,0.6020286
6981,model_4,0.135,0.17581882
6982,model_4,0.1786,0.20607223
6983,model_4,0.3281,0.46945894
6984,model_4,0.1093,0.034416147
6985,model_4,0.0036,0.0033685658
6986,model_4,0.1931,0.08320676
6987,model_4,0.471,0.4661191
6988,model_4,0.0758,0.07884285
6989,model_4,0.0213,0.025872173
6990,model_4,0.196,0.15807895
6991,model_4,0.4399,0.411554
6992,model_4,0.626,0.68535006
6993,model_4,0.275,0.35989207
6994,model_4,0.5516,0.48546723
6995,model_4,0.6373,0.5772484
6996,model_4,0.0175,-0.013648471
6997,model_4,0.5077,0.53625655
6998,model_4,0.54,0.53762865
6999,model_4,0.0018,0.019745009
7000,model_4,-0.0803,-0.042174943
7001,model_4,0.2553,0.18535577
7002,model_4,0.1294,0.09587073
7003,model_4,0.6421,0.49420348
7004,model_4,0.0453,0.05702813
7005,model_4,0.335,0.2628466
7006,model_4,0.1143,0.101564184
7007,model_4,0.481,0.45524335
7008,model_4,0.6586,0.6755085
7009,model_4,0.1196,0.09553316
7010,model_4,0.1712,0.16628331
7011,model_4,0.341,0.37602267
7012,model_4,0.2701,0.23159753
7013,model_4,0.327,0.110669166
7014,model_4,-0.1825,-0.093319766
7015,model_4,-0.187,-0.19972372
7016,model_4,0.4416,0.5050514
7017,model_4,0.1193,0.13344361
7018,model_4,0.2626,0.24968697
7019,model_4,0.329,0.30604836
7020,model_4,0.6762,0.6845388
7021,model_4,0.3858,0.2472821
7022,model_4,0.0448,-0.056267805
7023,model_4,0.0203,0.16059731
7024,model_4,0.3184,0.20568438
7025,model_4,0.4796,0.44933012
7026,model_4,0.2943,0.34749743
7027,model_4,0.4944,0.5549886
7028,model_4,0.0979,0.09479612
7029,model_4,0.5357,0.5691869
7030,model_4,0.2489,0.16592222
7031,model_4,-0.118,-0.16399257
7032,model_4,0.1726,0.17395578
7033,model_4,-0.0489,-0.07337329
7034,model_4,0.4574,0.4492649
7035,model_4,0.195,0.21637307
7036,model_4,0.1011,0.11007954
7037,model_4,0.4384,0.43779787
7038,model_4,0.2277,0.24470271
7039,model_4,0.1127,0.08893624
7040,model_4,-0.0463,-0.039257005
7041,model_4,0.2713,0.09573765
7042,model_4,0.2099,0.30399692
7043,model_4,0.0025,-0.0114516225
7044,model_4,-0.0991,-0.12694559
7045,model_4,0.6415,0.661274
7046,model_4,0.495,0.5065118
7047,model_4,0.7198,0.71635544
7048,model_4,0.3673,0.32544446
7049,model_4,0.7941,0.70428157
7050,model_4,-0.0023,-0.022171138
7051,model_4,0.2499,0.28316805
7052,model_4,0.1436,0.14283797
7053,model_4,0.1444,-0.010544507
7054,model_4,0.0199,-0.055077985
7055,model_4,0.6121,0.58902353
7056,model_4,0.1998,0.21422915
7057,model_4,-0.1423,-0.14290713
7058,model_4,0.347,0.31214237
7059,model_4,0.5633,0.5883419
7060,model_4,0.0296,0.034230255
7061,model_4,0.1204,0.100552544
7062,model_4,0.4313,0.32475728
7063,model_4,0.3765,0.43005547
7064,model_4,0.0391,0.04110664
7065,model_4,-0.067,-0.01697958
7066,model_4,0.8606,0.88756186
7067,model_4,0.1058,0.15364881
7068,model_4,0.4276,0.4269456
7069,model_4,0.089,0.100313045
7070,model_4,0.1363,0.16860318
7071,model_4,0.5358,0.5470546
7072,model_4,0.1226,0.14599617
7073,model_4,0.1781,0.23074149
7074,model_4,0.2071,0.23081547
7075,model_4,0.4405,0.47941154
7076,model_4,0.2105,0.2178205
7077,model_4,0.0385,0.010855334
7078,model_4,0.4772,0.5363406
7079,model_4,0.0211,0.12298177
7080,model_4,0.5517,0.59419286
7081,model_4,0.5731,0.5652935
7082,model_4,0.5482,0.5607372
7083,model_4,0.7281,0.6893976
7084,model_4,0.1954,0.29002094
7085,model_4,0.0811,0.10806176
7086,model_4,0.3182,0.42610642
7087,model_4,0.1673,0.22438227
7088,model_4,-0.0147,0.0570374
7089,model_4,0.2145,0.19408718
7090,model_4,0.1858,0.14521961
7091,model_4,-0.0923,0.030827673
7092,model_4,0.1003,0.13703974
7093,model_4,0.3229,0.3533195
7094,model_4,0.1195,0.16481541
7095,model_4,0.3331,0.23750071
7096,model_4,0.2779,0.32439736
7097,model_4,0.1877,0.24751402
7098,model_4,0.4638,0.43850717
7099,model_4,0.0754,0.066616535
7100,model_4,0.241,0.11952259
7101,model_4,0.1214,0.11141069
7102,model_4,0.2916,0.31712487
7103,model_4,0.0528,0.083490536
7104,model_4,0.0737,0.051952153
7105,model_4,0.1864,0.14403655
7106,model_4,0.3521,0.35425505
7107,model_4,0.1187,0.10612387
7108,model_4,0.1116,0.16255422
7109,model_4,0.8346,0.79222864
7110,model_4,0.0753,0.18774992
7111,model_4,-0.1465,-0.025218634
7112,model_4,0.0123,0.03794069
7113,model_4,0.281,0.2270768
7114,model_4,0.6575,0.65257555
7115,model_4,0.6578,0.6937479
7116,model_4,0.0075,0.048170708
7117,model_4,0.3499,0.23512821
7118,model_4,0.1701,0.16116472
7119,model_4,-0.0616,0.03213674
7120,model_4,0.4193,0.32688484
7121,model_4,0.3505,0.24335979
7122,model_4,0.0916,0.15652178
7123,model_4,0.3352,0.34618402
7124,model_4,0.502,0.5740577
7125,model_4,-0.0402,0.19930981
7126,model_4,0.5411,0.5475764
7127,model_4,0.0189,-0.013193777
7128,model_4,0.9025,0.8714012
7129,model_4,0.4792,0.48404327
7130,model_4,0.4359,0.44883844
7131,model_4,0.0342,0.0019601677
7132,model_4,0.3376,0.4844462
7133,model_4,0.6672,0.6316548
7134,model_4,0.7365,0.6569669
7135,model_4,0.0725,0.13832378
7136,model_4,0.4256,0.37204644
7137,model_4,0.4236,0.39561674
7138,model_4,0.505,0.58102536
7139,model_4,0.0619,0.037097916
7140,model_4,0.1557,0.16608483
7141,model_4,0.6122,0.59251654
7142,model_4,0.1344,0.19392101
7143,model_4,0.5733,0.6007848
7144,model_4,0.0915,0.07927646
7145,model_4,0.2324,0.1974992
7146,model_4,0.0089,0.0667173
7147,model_4,-0.0167,0.017591776
7148,model_4,0.5369,0.48652634
7149,model_4,0.1605,0.27985194
7150,model_4,0.6034,0.6064449
7151,model_4,0.2298,0.24094455
7152,model_4,0.4036,0.47841933
7153,model_4,0.5426,0.5896851
7154,model_4,-0.0807,0.04963693
7155,model_4,-0.0972,-0.013103364
7156,model_4,0.9831,0.90945196
7157,model_4,0.1012,-0.05222088
7158,model_4,0.3333,0.4045194
7159,model_4,0.2688,0.33219057
7160,model_4,0.319,0.34676912
7161,model_4,0.3018,0.3515719
7162,model_4,0.4321,0.3237929
7163,model_4,0.0059,0.047495127
7164,model_4,0.2298,0.29967365
7165,model_4,-0.0076,0.025013188
7166,model_4,0.1878,0.21876009
7167,model_4,0.4178,0.36986417
7168,model_4,0.0843,0.09388452
7169,model_4,0.4898,0.5795967
7170,model_4,0.433,0.4531495
7171,model_4,0.3664,0.4059389
7172,model_4,0.3443,0.19871886
7173,model_4,0.1009,0.23410068
7174,model_4,-0.1764,-0.14848222
7175,model_4,-0.142,-0.10669249
7176,model_4,0.1857,0.23380195
7177,model_4,1.0556,0.9773629
7178,model_4,0.0007,0.014206493
7179,model_4,0.1214,0.107335
7180,model_4,0.3586,0.26209253
7181,model_4,0.4514,0.43497345
7182,model_4,0.345,0.20911087
7183,model_4,0.5442,0.50777674
7184,model_4,0.0526,0.10234204
7185,model_4,0.1344,0.086826555
7186,model_4,0.2313,0.21857701
7187,model_4,0.4946,0.51500654
7188,model_4,0.1379,0.17817111
7189,model_4,0.1242,0.10941313
7190,model_4,0.5859,0.52433753
7191,model_4,0.2368,0.25750554
7192,model_4,0.217,0.25162902
7193,model_4,0.1769,0.258657
7194,model_4,-0.0167,0.0870774
7195,model_4,0.0414,0.06798074
7196,model_4,0.5049,0.40891528
7197,model_4,-0.0295,-0.03971999
7198,model_4,-0.0298,-0.019686064
7199,model_4,0.1345,0.13492064
7200,model_4,0.0585,0.051306218
7201,model_4,-0.0053,0.007726604
7202,model_4,-0.0513,0.03182012
7203,model_4,0.2394,0.23741134
7204,model_4,0.0026,0.04049912
7205,model_4,0.1897,0.12886558
7206,model_4,0.1085,0.09765534
7207,model_4,0.4222,0.5011857
7208,model_4,-0.076,0.051744238
7209,model_4,0.2336,0.13282679
7210,model_4,0.015,0.029588955
7211,model_4,0.0327,-0.024927927
7212,model_4,-0.0777,-0.06121257
7213,model_4,0.7049,0.66485786
7214,model_4,0.0104,0.030895041
7215,model_4,0.1947,0.16609506
7216,model_4,0.2538,0.24794571
7217,model_4,0.0126,0.06194274
7218,model_4,0.4791,0.5026565
7219,model_4,0.5642,0.4867908
7220,model_4,0.154,0.14389506
7221,model_4,0.731,0.7711648
7222,model_4,0.1106,0.09029487
7223,model_4,0.2348,0.24222334
7224,model_4,0.1341,0.17459835
7225,model_4,0.3334,0.351225
7226,model_4,0.2843,0.23857994
7227,model_4,0.0198,0.029133061
7228,model_4,0.0567,0.026353473
7229,model_4,0.625,0.6561344
7230,model_4,0.414,0.50964534
7231,model_4,0.1883,0.22557428
7232,model_4,0.0139,0.0462382
7233,model_4,0.0278,0.030215079
7234,model_4,0.2225,0.18304045
7235,model_4,0.4466,0.49837926
7236,model_4,0.017,0.099151075
7237,model_4,0.1664,0.11295262
7238,model_4,0.7497,0.73031676
7239,model_4,0.8427,0.8785486
7240,model_4,-0.124,-0.097461395
7241,model_4,0.334,0.29292873
7242,model_4,0.1582,0.17179038
7243,model_4,-0.1585,-0.10225341
7244,model_4,0.9227,0.8438853
7245,model_4,0.0718,0.018438729
7246,model_4,0.093,0.12013264
7247,model_4,0.34,0.28031015
7248,model_4,0.4915,0.5452875
7249,model_4,0.203,0.19034113
7250,model_4,0.5167,0.5484909
7251,model_4,0.0107,0.034154423
7252,model_4,0.3173,0.3825713
7253,model_4,0.2127,0.17239213
7254,model_4,0.5266,0.44458303
7255,model_4,-0.0674,-0.04677345
7256,model_4,0.2153,0.21193235
7257,model_4,0.1112,0.026497828
7258,model_4,0.2634,0.26694494
7259,model_4,0.0645,0.002575921
7260,model_4,0.245,0.21213497
7261,model_4,0.4424,0.46490845
7262,model_4,0.2736,0.25579062
7263,model_4,0.0702,0.1424868
7264,model_4,-0.1349,-0.097164944
7265,model_4,0.437,0.34028247
7266,model_4,0.1666,0.13662335
7267,model_4,0.1071,0.12659968
7268,model_4,0.5627,0.48588458
7269,model_4,0.1663,0.2231424
7270,model_4,0.3201,0.39217797
7271,model_4,0.6009,0.5142909
7272,model_4,0.1004,0.12538572
7273,model_4,0.0544,0.058957346
7274,model_4,0.125,0.14218996
7275,model_4,0.193,0.18834333
7276,model_4,-0.0252,0.034982197
7277,model_4,-0.0153,0.043869093
7278,model_4,-0.0437,0.08318338
7279,model_4,0.0973,0.14968176
7280,model_4,0.196,0.15581869
7281,model_4,0.1112,0.09564231
7282,model_4,-0.0243,0.012435632
7283,model_4,0.0278,0.058862895
7284,model_4,0.1136,0.0952446
7285,model_4,0.352,0.372754
7286,model_4,0.8297,0.7677704
7287,model_4,0.7415,0.7484909
7288,model_4,0.3901,0.39824924
7289,model_4,0.0562,0.0834862
7290,model_4,0.4363,0.44997606
7291,model_4,0.7698,0.7603054
7292,model_4,0.6199,0.67552173
7293,model_4,0.2898,0.24800472
7294,model_4,0.3921,0.3890244
7295,model_4,-0.1219,-0.07834638
7296,model_4,0.4638,0.53513634
7297,model_4,0.2748,0.21303694
7298,model_4,0.2485,0.15312278
7299,model_4,-0.0762,-0.13399725
7300,model_4,0.1625,0.14629681
7301,model_4,0.4526,0.47308168
7302,model_4,0.7691,0.73534155
7303,model_4,0.1197,0.13255452
7304,model_4,0.5091,0.4657532
7305,model_4,0.1806,0.13507153
7306,model_4,0.5763,0.55164146
7307,model_4,0.3101,0.26808205
7308,model_4,0.2138,0.13211916
7309,model_4,0.3841,0.44388387
7310,model_4,0.1265,0.13051583
7311,model_4,0.4383,0.40215942
7312,model_4,0.2217,0.280037
7313,model_4,0.2468,0.3293809
7314,model_4,0.4665,0.41864416
7315,model_4,0.1536,0.11656612
7316,model_4,-0.0673,-0.10833384
7317,model_4,0.3614,0.40101555
7318,model_4,0.0246,0.02997029
7319,model_4,0.2126,0.29584682
7320,model_4,-0.0125,-0.08617048
7321,model_4,-0.2356,-0.18070959
7322,model_4,0.0527,0.032410756
7323,model_4,0.1466,0.058449127
7324,model_4,-0.1561,-0.09213648
7325,model_4,0.1937,0.19020833
7326,model_4,-0.0225,-0.010329178
7327,model_4,0.1131,0.12663771
7328,model_4,0.201,0.16033293
7329,model_4,0.5849,0.55241406
7330,model_4,0.3454,0.4705468
7331,model_4,0.0985,0.1571251
7332,model_4,0.1893,0.14095406
7333,model_4,-0.0123,0.0066004265
7334,model_4,0.1786,0.09198988
7335,model_4,0.0997,0.13306455
7336,model_4,0.5568,0.56049114
7337,model_4,0.7978,0.67795026
7338,model_4,0.1048,0.12309639
7339,model_4,0.1515,0.17466262
7340,model_4,0.3303,0.2738179
7341,model_4,0.2885,0.16579306
7342,model_4,0.4262,0.4427268
7343,model_4,0.6581,0.5544975
7344,model_4,0.1013,0.063740075
7345,model_4,0.6821,0.65645415
7346,model_4,0.2523,0.25709832
7347,model_4,-0.0366,0.10591123
7348,model_4,-0.2424,-0.03373503
7349,model_4,0.0262,0.21041863
7350,model_4,-0.0354,-0.0011803489
7351,model_4,0.2123,0.15238197
7352,model_4,0.3802,0.4628666
7353,model_4,0.0506,0.0154897515
7354,model_4,0.3097,0.31273195
7355,model_4,0.117,0.1660835
7356,model_4,0.1017,0.19108586
7357,model_4,0.5535,0.50975704
7358,model_4,0.4756,0.4896051
7359,model_4,0.184,0.15681578
7360,model_4,0.222,0.091040194
7361,model_4,0.1367,0.1737813
7362,model_4,0.0947,0.070925884
7363,model_4,0.2377,0.21102752
7364,model_4,0.027,0.013255762
7365,model_4,0.2952,0.25511125
7366,model_4,0.2216,0.2095158
7367,model_4,0.1176,0.12925796
7368,model_4,0.4472,0.46848515
7369,model_4,0.1249,0.16091076
7370,model_4,0.1594,0.10228045
7371,model_4,0.4759,0.49392954
7372,model_4,0.4621,0.17500238
7373,model_4,-0.0201,0.004858801
7374,model_4,0.7551,0.75480735
7375,model_4,0.1711,0.18598479
7376,model_4,0.153,0.25460443
7377,model_4,-0.107,-0.07542974
7378,model_4,0.2338,0.16736674
7379,model_4,0.0829,0.09708676
7380,model_4,0.308,0.30539867
7381,model_4,0.513,0.6136636
7382,model_4,0.0754,0.107248895
7383,model_4,0.0561,0.06019737
7384,model_4,0.3066,0.17941038
7385,model_4,0.1629,0.14425452
7386,model_4,0.0554,0.07296725
7387,model_4,0.163,0.21031481
7388,model_4,0.2746,0.3149571
7389,model_4,-0.0364,-0.008819325
7390,model_4,0.3734,0.2539262
7391,model_4,0.0265,-0.0049575623
7392,model_4,0.2317,0.2663563
7393,model_4,0.5595,0.6537317
7394,model_4,0.486,0.37393138
7395,model_4,0.37,0.43606254
7396,model_4,-0.0227,-0.06335809
7397,model_4,0.2906,0.21750864
7398,model_4,0.0374,0.039207637
7399,model_4,0.1764,0.24788852
7400,model_4,0.2754,0.23886926
7401,model_4,0.1422,0.12489483
7402,model_4,0.0779,0.08158064
7403,model_4,0.1316,0.18757568
7404,model_4,0.061,0.046590604
7405,model_4,0.0568,0.1183362
7406,model_4,0.1312,0.0851756
7407,model_4,0.2192,0.17494489
7408,model_4,0.5499,0.38138905
7409,model_4,0.2727,0.13720874
7410,model_4,0.3238,0.23007396
7411,model_4,0.1987,0.33819655
7412,model_4,0.1043,0.089514345
7413,model_4,0.4335,0.457727
7414,model_4,0.1903,0.27509573
7415,model_4,0.1565,0.16942857
7416,model_4,0.1464,0.17070737
7417,model_4,-0.0751,-0.094126344
7418,model_4,0.136,0.13128965
7419,model_4,0.8712,0.8871385
7420,model_4,0.2243,0.24449135
7421,model_4,0.1915,0.20617497
7422,model_4,-0.0257,-0.014409704
7423,model_4,-0.0029,0.1945836
7424,model_4,0.2691,0.2992145
7425,model_4,0.1199,0.115322694
7426,model_4,0.4632,0.4699321
7427,model_4,0.4501,0.48668793
7428,model_4,0.1384,0.10909623
7429,model_4,0.3117,0.26450714
7430,model_4,0.1667,-0.006552836
7431,model_4,0.2709,0.26875147
7432,model_4,0.1377,0.12672697
7433,model_4,0.0023,0.022719497
7434,model_4,0.1823,0.20105053
7435,model_4,0.188,0.21041511
7436,model_4,0.3083,0.34127346
7437,model_4,-0.1052,-0.03166008
7438,model_4,0.1369,0.045002095
7439,model_4,0.0508,0.061251625
7440,model_4,0.6057,0.5556443
7441,model_4,0.0298,0.041477606
7442,model_4,0.951,0.93281925
7443,model_4,0.7364,0.7538261
7444,model_4,0.3655,0.34235075
7445,model_4,-0.0868,-0.041134283
7446,model_4,0.2912,0.36777535
7447,model_4,0.0342,0.12725513
7448,model_4,0.1011,0.032065734
7449,model_4,0.1264,0.16682288
7450,model_4,0.0728,0.18351252
7451,model_4,-0.1733,-0.1345236
7452,model_4,0.4437,0.46986103
7453,model_4,0.2847,0.3127519
7454,model_4,0.3751,0.4053546
7455,model_4,0.013,0.11275096
7456,model_4,0.0287,0.03630305
7457,model_4,0.2012,0.18189064
7458,model_4,0.1821,0.17791082
7459,model_4,0.8398,0.8217613
7460,model_4,0.021,-0.022919005
7461,model_4,0.2712,0.20514748
7462,model_4,0.8266,0.80546093
7463,model_4,-0.0589,-0.053728953
7464,model_4,0.3069,0.29428038
7465,model_4,-0.1489,-0.13758202
7466,model_4,0.0577,0.09282678
7467,model_4,0.0916,0.09553752
7468,model_4,0.1588,0.060281083
7469,model_4,0.2312,0.2318019
7470,model_4,0.4346,0.42696962
7471,model_4,-0.0147,0.028319137
7472,model_4,0.4361,0.40791214
7473,model_4,-0.0712,-0.022731578
7474,model_4,-0.1863,-0.16134845
7475,model_4,0.3692,0.31126776
7476,model_4,0.7477,0.69050676
7477,model_4,0.4946,0.4527171
7478,model_4,0.0446,0.02720722
7479,model_4,0.4638,0.4189736
7480,model_4,0.2136,0.33640462
7481,model_4,-0.0187,-0.08631429
7482,model_4,0.3986,0.39237508
7483,model_4,-0.1999,-0.19927658
7484,model_4,0.1973,0.22220623
7485,model_4,-0.0583,-0.12088924
7486,model_4,-0.0068,-0.013190446
7487,model_4,0.2906,0.25770557
7488,model_4,0.2122,0.28020462
7489,model_4,0.0948,0.059466973
7490,model_4,0.1063,0.13551296
7491,model_4,0.1561,0.18692732
7492,model_4,0.5132,0.39651975
7493,model_4,0.4579,0.48837486
7494,model_4,-0.0445,0.0035193432
7495,model_4,0.3432,0.22860134
7496,model_4,0.0886,0.11669892
7497,model_4,0.3938,0.5100521
7498,model_4,0.0991,0.022813039
7499,model_4,0.3782,0.40713167
7500,model_4,0.3507,0.44683856
7501,model_4,0.4007,0.45297286
7502,model_4,0.4897,0.45499903
7503,model_4,0.0061,0.018112333
7504,model_4,-0.2441,0.023682015
7505,model_4,-0.2667,0.017669702
7506,model_4,0.3256,0.23998784
7507,model_4,0.0278,-0.008610209
7508,model_4,0.522,0.5148536
7509,model_4,-0.0803,-0.14123149
7510,model_4,0.2214,0.23191316
7511,model_4,0.1195,0.10121866
7512,model_4,0.5497,0.43405274
7513,model_4,0.0584,0.005839931
7514,model_4,-0.0546,-0.072247416
7515,model_4,0.3618,0.21244822
7516,model_4,-0.0266,0.0058706943
7517,model_4,0.7383,0.6115309
7518,model_4,0.4452,0.45080045
7519,model_4,0.0618,-0.005392341
7520,model_4,0.3014,0.30280596
7521,model_4,0.0412,0.078652255
7522,model_4,0.0754,0.03778725
7523,model_4,0.2323,0.24707548
7524,model_4,0.129,0.1475877
7525,model_4,-0.1852,-0.1433257
7526,model_4,0.0586,0.06478223
7527,model_4,0.4307,0.39279002
7528,model_4,0.0009,0.0063241962
7529,model_4,0.1341,0.10364714
7530,model_4,0.088,0.07473214
7531,model_4,0.317,0.34798178
7532,model_4,0.0333,0.011731947
7533,model_4,-0.0535,0.026443558
7534,model_4,0.4628,0.42771962
7535,model_4,0.0758,0.050924487
7536,model_4,0.1737,0.13546246
7537,model_4,0.2798,0.31163678
7538,model_4,-0.0352,0.050500542
7539,model_4,0.2469,0.3135433
7540,model_4,0.4488,0.4609635
7541,model_4,0.1244,0.20058243
7542,model_4,0.3142,0.27613148
7543,model_4,0.2088,0.19585595
7544,model_4,0.1047,0.14589475
7545,model_4,0.0542,0.027381951
7546,model_4,0.594,0.58142316
7547,model_4,0.1575,0.13238527
7548,model_4,0.4553,0.46764952
7549,model_4,0.5147,0.5194298
7550,model_4,0.3859,0.3988165
7551,model_4,-0.011,0.02874056
7552,model_4,0.191,0.2134511
7553,model_4,-0.1217,-0.08768913
7554,model_4,0.0613,0.039459825
7555,model_4,0.0995,0.09879345
7556,model_4,0.17,0.27930638
7557,model_4,0.0721,0.042253427
7558,model_4,0.034,0.10610958
7559,model_4,0.4836,0.51321906
7560,model_4,0.3355,0.38064703
7561,model_4,0.2584,0.28169385
7562,model_4,0.4338,0.4920527
7563,model_4,0.3421,0.41628125
7564,model_4,0.0531,0.12872803
7565,model_4,0.1993,0.1897958
7566,model_4,0.1738,0.22294098
7567,model_4,-0.0583,-0.12577358
7568,model_4,0.3243,0.26501966
7569,model_4,0.8565,0.85043496
7570,model_4,-0.052,0.03710954
7571,model_4,0.8588,0.78933877
7572,model_4,0.0077,-0.014650075
7573,model_4,0.4212,0.38492766
7574,model_4,-0.205,-0.17857496
7575,model_4,0.7088,0.58358115
7576,model_4,0.156,0.24767257
7577,model_4,0.1977,0.19243571
7578,model_4,0.3191,0.30517545
7579,model_4,0.3547,0.49012914
7580,model_4,0.4533,0.38219842
7581,model_4,0.2233,0.25011244
7582,model_4,0.2652,0.3155485
7583,model_4,0.8498,0.8221991
7584,model_4,0.0997,0.08529381
7585,model_4,0.1391,0.08748292
7586,model_4,-0.0899,-0.08181384
7587,model_4,0.3812,0.30864444
7588,model_4,0.2053,0.1813697
7589,model_4,0.1387,0.16195251
7590,model_4,0.1988,0.19503987
7591,model_4,0.2538,0.14439248
7592,model_4,0.4954,0.47216314
7593,model_4,0.1239,0.16999228
7594,model_4,0.1201,0.12976371
7595,model_4,0.7626,0.6974406
7596,model_4,0.6754,0.6831068
7597,model_4,0.0445,0.088471875
7598,model_4,0.3562,0.3787618
7599,model_4,0.695,0.710598
7600,model_4,0.1571,0.12178171
7601,model_4,0.3424,0.39303115
7602,model_4,0.2698,0.25136897
7603,model_4,0.0662,0.10762839
7604,model_4,0.1604,0.20559978
7605,model_4,-0.2069,-0.1827994
7606,model_4,0.0925,0.05861073
7607,model_4,0.3833,0.35839856
7608,model_4,0.0551,0.04022695
7609,model_4,0.4173,0.50919104
7610,model_4,0.1471,0.19132806
7611,model_4,0.239,0.19032493
7612,model_4,0.0615,0.08237271
7613,model_4,-0.121,-0.019916302
7614,model_4,0.508,0.44991556
7615,model_4,0.1788,0.18480411
7616,model_4,0.1813,0.2193774
7617,model_4,0.4837,0.4999859
7618,model_4,0.4034,0.39140823
7619,model_4,0.516,0.39447907
7620,model_4,0.1309,0.20021378
7621,model_4,0.1019,0.11434756
7622,model_4,0.2802,0.31336662
7623,model_4,0.5535,0.5798937
7624,model_4,0.1515,0.120586544
7625,model_4,0.0072,-0.00037506036
7626,model_4,0.1939,0.22843228
7627,model_4,-0.0453,-0.029917298
7628,model_4,0.1845,0.021286467
7629,model_4,0.6,0.57776904
7630,model_4,0.7875,0.78652817
7631,model_4,0.3052,0.34051704
7632,model_4,0.0214,0.40548468
7633,model_4,-0.0389,0.14176805
7634,model_4,0.1277,0.082397275
7635,model_4,0.1638,0.16917893
7636,model_4,0.1365,0.10079063
7637,model_4,0.1018,0.12438445
7638,model_4,0.559,0.60803187
7639,model_4,0.2306,0.25247085
7640,model_4,0.1817,0.1729529
7641,model_4,0.3523,0.30332792
7642,model_4,0.1933,0.19382244
7643,model_4,0.1334,0.13569663
7644,model_4,0.3723,0.47619182
7645,model_4,0.8032,0.725047
7646,model_4,-0.2069,-0.08530027
7647,model_4,0.0572,0.069261596
7648,model_4,-0.1588,-0.16505325
7649,model_4,0.1902,0.20690064
7650,model_4,0.2198,0.14379264
7651,model_4,0.2062,0.1956373
7652,model_4,0.2178,0.22033662
7653,model_4,0.5964,0.69290066
7654,model_4,0.6139,0.65791
7655,model_4,0.8674,0.77904797
7656,model_4,0.1727,0.077547684
7657,model_4,0.6951,0.7266355
7658,model_4,0.0993,0.10333824
7659,model_4,0.2609,0.26478276
7660,model_4,-0.0737,-0.02832788
7661,model_4,0.1199,0.109745115
7662,model_4,0.5871,0.5153532
7663,model_4,-0.0262,-0.057951286
7664,model_4,0.0015,0.043979004
7665,model_4,-0.0839,-0.057125308
7666,model_4,0.1463,0.18837808
7667,model_4,0.372,0.3616361
7668,model_4,-0.2334,-0.21757032
7669,model_4,0.5,0.3955388
7670,model_4,0.1008,0.08104585
7671,model_4,0.0595,0.03909246
7672,model_4,0.1666,0.09067954
7673,model_4,0.0456,0.076014556
7674,model_4,0.1695,0.15821482
7675,model_4,0.1122,0.12587816
7676,model_4,0.5221,0.5555418
7677,model_4,0.2872,0.28642654
7678,model_4,0.2908,0.26869878
7679,model_4,0.3371,0.35872665
7680,model_4,0.2536,0.16815087
7681,model_4,0.2987,0.26964197
7682,model_4,0.0344,0.057844453
7683,model_4,-0.0008,0.039706163
7684,model_4,0.3776,0.4730352
7685,model_4,0.1389,0.34001777
7686,model_4,0.5696,0.5329131
7687,model_4,0.6434,0.6407521
7688,model_4,0.0497,0.033046424
7689,model_4,0.1627,0.06513058
7690,model_4,-0.0176,0.096326634
7691,model_4,0.8162,0.81950796
7692,model_4,0.2964,0.3410248
7693,model_4,0.6381,0.67640424
7694,model_4,0.3905,0.4130748
7695,model_4,0.0912,0.119392306
7696,model_4,0.231,0.13242352
7697,model_4,0.3373,0.31585196
7698,model_4,0.2965,0.35444668
7699,model_4,0.1444,0.16899866
7700,model_4,0.4532,0.36239398
7701,model_4,0.122,0.018709125
7702,model_4,0.628,0.7147249
7703,model_4,0.2851,0.2850207
7704,model_4,0.03,0.020695211
7705,model_4,-0.0039,-0.15624434
7706,model_4,-0.0154,-0.08665818
7707,model_4,0.1912,0.11725177
7708,model_4,0.2824,0.27937523
7709,model_4,0.2118,0.3221116
7710,model_4,0.1922,0.17410575
7711,model_4,0.3824,0.32565716
7712,model_4,0.02,0.048662797
7713,model_4,0.3946,0.35919204
7714,model_4,0.0635,0.11456677
7715,model_4,-0.039,-0.025836838
7716,model_4,0.4585,0.39049873
7717,model_4,0.3243,0.30417857
7718,model_4,0.1648,0.11296168
7719,model_4,0.1987,0.1104752
7720,model_4,0.1872,0.12595434
7721,model_4,0.1378,0.13325438
7722,model_4,-0.099,-0.08200993
7723,model_4,0.2793,0.16002616
7724,model_4,0.3316,0.3682252
7725,model_4,0.1795,0.16373806
7726,model_4,0.1547,0.14964715
7727,model_4,-0.1771,-0.14393461
7728,model_4,0.0196,0.026825326
7729,model_4,0.1495,0.24240972
7730,model_4,0.3225,0.29037073
7731,model_4,0.0093,0.0250678
7732,model_4,0.1619,0.08020106
7733,model_4,0.1378,-0.03731034
7734,model_4,-0.0671,-0.08904512
7735,model_4,0.0388,0.060163528
7736,model_4,0.4338,0.42084482
7737,model_4,0.1449,0.17850636
7738,model_4,0.1351,0.1341441
7739,model_4,0.2102,0.032919124
7740,model_4,0.3019,0.3771325
7741,model_4,-0.1359,-0.09272198
7742,model_4,0.0403,0.063973494
7743,model_4,0.4138,0.41919988
7744,model_4,0.196,0.175736
7745,model_4,0.025,0.085268915
7746,model_4,0.0448,0.022358673
7747,model_4,0.1714,0.13630687
7748,model_4,0.7873,0.7256579
7749,model_4,0.0168,0.023678714
7750,model_4,0.3336,0.34436432
7751,model_4,-0.1008,-0.046179093
7752,model_4,0.336,0.41119337
7753,model_4,0.1174,0.021209227
7754,model_4,-0.0528,-0.091243625
7755,model_4,0.6153,0.63814116
7756,model_4,0.0935,0.026544923
7757,model_4,-0.1282,0.004148895
7758,model_4,0.3772,0.41484228
7759,model_4,0.3381,0.2896787
7760,model_4,0.4151,0.4473742
7761,model_4,-0.1532,-0.19376923
7762,model_4,0.1122,0.116673276
7763,model_4,0.2025,0.28587177
7764,model_4,0.487,0.47415888
7765,model_4,0.2475,0.27905825
7766,model_4,0.1275,0.1758329
7767,model_4,0.2696,0.3208001
7768,model_4,0.3628,0.32190946
7769,model_4,0.4541,0.48492447
7770,model_4,-0.1636,-0.13366449
7771,model_4,0.0396,0.058020584
7772,model_4,0.0041,0.03587462
7773,model_4,-0.0169,0.02832328
7774,model_4,0.1009,0.13468397
7775,model_4,-0.1121,-0.07846874
7776,model_4,0.3194,0.3101478
7777,model_4,0.1527,0.11674635
7778,model_4,0.7047,0.60882616
7779,model_4,0.1183,0.09135519
7780,model_4,0.2584,0.33645436
7781,model_4,-0.1028,0.034746878
7782,model_4,0.3608,0.3624682
7783,model_4,0.0576,0.09106215
7784,model_4,0.4577,0.480648
7785,model_4,0.4063,0.44188038
7786,model_4,0.0818,0.1467654
7787,model_4,0.2836,0.26214802
7788,model_4,0.5066,0.501075
7789,model_4,0.4282,0.40209088
7790,model_4,0.67,0.6348419
7791,model_4,0.4959,0.5455078
7792,model_4,0.2656,0.22947378
7793,model_4,-0.0384,0.028581234
7794,model_4,0.1246,0.044023678
7795,model_4,0.4572,0.4473625
7796,model_4,0.3305,0.27475503
7797,model_4,0.3568,0.35596564
7798,model_4,0.3911,0.41185498
7799,model_4,0.0545,0.08929587
7800,model_4,0.01,-0.028193159
7801,model_4,0.0781,-0.049435146
7802,model_4,-0.1036,-0.04704929
7803,model_4,0.1,0.034636304
7804,model_4,0.6253,0.655288
7805,model_4,0.1911,0.20780174
7806,model_4,0.3308,0.34894064
7807,model_4,0.0041,0.020595612
7808,model_4,0.1375,0.21412434
7809,model_4,0.3768,0.3721186
7810,model_4,0.2134,0.18399693
7811,model_4,0.0861,0.11406456
7812,model_4,0.2894,0.326889
7813,model_4,0.4128,0.42516896
7814,model_4,0.3812,0.4289104
7815,model_4,0.147,0.16118486
7816,model_4,0.7102,0.75279963
7817,model_4,0.4021,0.38224813
7818,model_4,0.1532,0.24543352
7819,model_4,0.2071,0.2718514
7820,model_4,0.1293,0.13452516
7821,model_4,0.0626,0.07387198
7822,model_4,0.3771,0.32782143
7823,model_4,0.3758,0.3969864
7824,model_4,0.2291,0.30896127
7825,model_4,0.8525,0.83395827
7826,model_4,0.5083,0.5034045
7827,model_4,0.0404,0.0030518118
7828,model_4,0.496,0.50304174
7829,model_4,0.0823,0.09167651
7830,model_4,0.0519,0.035771757
7831,model_4,0.0538,0.08695312
7832,model_4,0.7802,0.7164694
7833,model_4,0.0349,0.14235397
7834,model_4,0.5019,0.6168311
7835,model_4,0.2279,0.12462516
7836,model_4,0.5218,0.52641547
7837,model_4,0.266,0.3166855
7838,model_4,0.1681,0.27310142
7839,model_4,0.112,0.037833057
7840,model_4,0.0314,0.05522822
7841,model_4,0.2514,0.20618181
7842,model_4,0.1654,0.18987972
7843,model_4,0.2911,0.27150297
7844,model_4,0.1324,0.232796
7845,model_4,0.1451,0.18122129
7846,model_4,0.2122,0.18387412
7847,model_4,0.4885,0.5012218
7848,model_4,0.1422,0.13728508
7849,model_4,0.893,0.8841398
7850,model_4,0.172,0.21094938
7851,model_4,0.0872,0.07615855
7852,model_4,0.3202,0.34998134
7853,model_4,0.4865,0.50802857
7854,model_4,0.3982,0.37777004
7855,model_4,0.045,0.06817162
7856,model_4,0.3512,0.3994746
7857,model_4,0.2605,0.21377742
7858,model_4,0.5737,0.5763206
7859,model_4,0.7863,0.7501314
7860,model_4,0.1633,0.28050676
7861,model_4,0.1534,0.26139942
7862,model_4,0.1058,0.035456024
7863,model_4,-0.0711,-0.07793145
7864,model_4,0.3967,0.28641018
7865,model_4,0.2556,0.32285157
7866,model_4,0.2316,0.12240763
7867,model_4,0.0237,-0.07294688
7868,model_4,-0.1965,-0.16031851
7869,model_4,0.1664,0.1372718
7870,model_4,-0.044,0.057587042
7871,model_4,0.4254,0.449937
7872,model_4,0.5146,0.469568
7873,model_4,0.5227,0.59117305
7874,model_4,0.3813,0.3895798
7875,model_4,0.2022,0.2377295
7876,model_4,0.174,0.21306337
7877,model_4,0.4442,0.3701534
7878,model_4,0.1327,0.18727045
7879,model_4,0.1344,0.075562544
7880,model_4,0.0602,0.015944408
7881,model_4,0.1259,0.2080836
7882,model_4,-0.085,-0.067602485
7883,model_4,0.6118,0.5113089
7884,model_4,0.0827,0.099842064
7885,model_4,0.468,0.5251267
7886,model_4,0.8082,0.7524222
7887,model_4,0.0236,-0.050680496
7888,model_4,0.0834,0.052864417
7889,model_4,0.0741,0.11113997
7890,model_4,-0.0312,-0.056008145
7891,model_4,0.4812,0.46787804
7892,model_4,0.1985,0.20607735
7893,model_4,0.5729,0.579071
7894,model_4,0.806,0.82749677
7895,model_4,0.0111,-0.04633905
7896,model_4,0.3479,0.24245407
7897,model_4,0.2207,0.3086837
7898,model_4,0.1676,0.14484985
7899,model_4,0.1055,0.14017004
7900,model_4,0.128,0.11460541
7901,model_4,0.0259,0.04580766
7902,model_4,0.1212,0.14402233
7903,model_4,0.1985,0.25742003
7904,model_4,0.0954,0.09569
7905,model_4,0.5642,-0.017494766
7906,model_4,0.1757,0.17175868
7907,model_4,0.1588,0.07497908
7908,model_4,0.2185,0.20731188
7909,model_4,0.0539,0.0626127
7910,model_4,0.7087,0.63604784
7911,model_4,0.1029,0.13417585
7912,model_4,-0.0829,-0.0571459
7913,model_4,0.3109,0.35923716
7914,model_4,0.3895,0.32357746
7915,model_4,-0.1633,0.03146375
7916,model_4,0.2135,0.18156779
7917,model_4,0.1851,0.3108942
7918,model_4,0.2973,0.35956606
7919,model_4,0.0036,-0.0136705395
7920,model_4,0.41,0.42166358
7921,model_4,0.0959,0.061687596
7922,model_4,0.0548,0.1709715
7923,model_4,0.0076,-0.025953261
7924,model_4,-0.0779,-0.087775506
7925,model_4,0.08,0.0855027
7926,model_4,0.2207,0.33441702
7927,model_4,0.4413,0.43689176
7928,model_4,0.0658,-0.001184715
7929,model_4,0.3493,0.38299534
7930,model_4,0.2391,0.24415244
7931,model_4,0.023,-0.017280808
7932,model_4,0.594,0.59720635
7933,model_4,0.3332,0.33398387
7934,model_4,0.482,0.5216913
7935,model_4,0.2071,0.1296095
7936,model_4,0.8894,0.8854703
7937,model_4,0.0461,0.075116925
7938,model_4,0.2497,0.12568839
7939,model_4,-0.2304,-0.18153358
7940,model_4,0.3956,0.36763546
7941,model_4,0.155,0.38512084
7942,model_4,0.5459,0.5305771
7943,model_4,0.1457,0.117752835
7944,model_4,0.611,0.67462003
7945,model_4,-0.0513,-0.026689282
7946,model_4,0.2687,0.26731032
7947,model_4,0.0447,0.06723964
7948,model_4,0.513,0.3881794
7949,model_4,0.2302,0.40754813
7950,model_4,0.5604,0.6219857
7951,model_4,0.6187,0.53869396
7952,model_4,0.1463,0.12143098
7953,model_4,0.2603,0.23066427
7954,model_4,0.0076,0.041350946
7955,model_4,0.0315,0.058294654
7956,model_4,0.1645,0.20537256
7957,model_4,0.2143,0.23361094
7958,model_4,0.329,0.2819069
7959,model_4,-0.0139,-0.015232069
7960,model_4,0.3738,0.37792602
7961,model_4,0.1203,0.09793367
7962,model_4,0.0547,0.2655336
7963,model_4,0.2056,0.20075856
7964,model_4,0.1251,0.158416
7965,model_4,0.2334,0.18375717
7966,model_4,0.2282,0.2223417
7967,model_4,-0.0475,-0.030358037
7968,model_4,0.1753,0.13708769
7969,model_4,0.2433,0.30088565
7970,model_4,0.3039,0.30021816
7971,model_4,0.2911,0.33191094
7972,model_4,0.5312,0.6389355
7973,model_4,0.0045,-0.006093448
7974,model_4,0.2446,0.20838888
7975,model_4,0.0783,0.06671391
7976,model_4,0.1593,0.16470508
7977,model_4,0.7371,0.7357079
7978,model_4,0.4262,0.41644216
7979,model_4,0.4948,0.53476715
7980,model_4,0.169,0.1710305
7981,model_4,0.1676,0.20525724
7982,model_4,0.2038,0.23539878
7983,model_4,0.1706,0.14184026
7984,model_4,0.4307,0.34329855
7985,model_4,0.1734,0.1749813
7986,model_4,0.2079,0.12975328
7987,model_4,0.1839,0.1287693
7988,model_4,0.2274,0.15805328
7989,model_4,0.2536,0.3049442
7990,model_4,0.374,0.39613122
7991,model_4,0.5417,0.5548849
7992,model_4,0.815,0.8007797
7993,model_4,0.2078,0.2039956
7994,model_4,0.1419,0.15964106
7995,model_4,0.2589,0.20791899
7996,model_4,0.281,0.25689855
7997,model_4,0.5114,0.5016955
7998,model_4,0.0358,0.07523645
7999,model_4,0.7986,0.77965
8000,model_4,0.6542,0.6459841
8001,model_4,0.088,0.06032984
8002,model_4,0.025,0.03420549
8003,model_4,-0.0112,0.01741148
8004,model_4,0.3338,0.34264785
8005,model_4,0.2818,0.31022862
8006,model_4,0.269,0.2968041
8007,model_4,-0.0424,-0.10815306
8008,model_4,0.1803,0.17456117
8009,model_4,0.169,0.025739709
8010,model_4,0.236,0.2764127
8011,model_4,0.2198,0.26243147
8012,model_4,0.1866,0.26891938
8013,model_4,0.4248,0.37328088
8014,model_4,0.2512,0.29220745
8015,model_4,0.2158,0.26522422
8016,model_4,-0.1,-0.09473195
8017,model_4,-0.5749,0.06647663
8018,model_4,0.0946,0.120534524
8019,model_4,0.8552,0.8111026
8020,model_4,-0.1193,-0.13856257
8021,model_4,0.5345,0.5452538
8022,model_4,-0.0114,-0.054034904
8023,model_4,0.2066,0.20092501
8024,model_4,0.0119,0.04905969
8025,model_4,-0.1535,-0.15821649
8026,model_4,0.3214,0.2769241
8027,model_4,0.3994,0.39528927
8028,model_4,0.0641,0.042289138
8029,model_4,0.4663,0.46358654
8030,model_4,-0.0225,0.026508281
8031,model_4,0.5976,0.563541
8032,model_4,0.2496,0.29547188
8033,model_4,0.2314,0.1610199
8034,model_4,0.0476,0.14504193
8035,model_4,0.2053,0.13180494
8036,model_4,0.3204,0.24131455
8037,model_4,0.3088,0.25197554
8038,model_4,-0.142,-0.17774062
8039,model_4,0.3433,0.3183961
8040,model_4,0.252,0.23587276
8041,model_4,0.2221,0.17848201
8042,model_4,0.2191,0.2263862
8043,model_4,0.2066,0.23229381
8044,model_4,0.0754,0.028188871
8045,model_4,0.1489,0.121687666
8046,model_4,0.1556,0.12793027
8047,model_4,0.2323,0.22411588
8048,model_4,0.1005,0.09352879
8049,model_4,0.4096,0.46335056
8050,model_4,0.1339,0.21544597
8051,model_4,0.3487,0.29913905
8052,model_4,0.144,0.07308184
8053,model_4,-0.047,-0.0045397487
8054,model_4,0.0231,0.04955627
8055,model_4,0.0609,0.045809433
8056,model_4,0.929,0.93820673
8057,model_4,0.6836,0.6255448
8058,model_4,0.4013,0.29110482
8059,model_4,0.4146,0.45318308
8060,model_4,0.1216,0.08184297
8061,model_4,0.2479,0.42108944
8062,model_4,0.2411,0.31529474
8063,model_4,0.0501,0.061454333
8064,model_4,0.2792,0.2931619
8065,model_4,0.3772,0.44810328
8066,model_4,0.5453,0.5127766
8067,model_4,0.0991,0.11586504
8068,model_4,0.8317,0.7648268
8069,model_4,0.4374,0.4796233
8070,model_4,0.0686,0.04887811
8071,model_4,0.3364,0.34301504
8072,model_4,0.298,0.19617586
8073,model_4,0.1833,0.24412955
8074,model_4,0.1203,0.15632905
8075,model_4,0.4889,0.5419677
8076,model_4,0.3597,0.3372159
8077,model_4,0.1821,0.18117067
8078,model_4,0.6694,0.61844635
8079,model_4,0.386,0.4371888
8080,model_4,0.1627,0.067405686
8081,model_4,0.4063,0.24215256
8082,model_4,0.2047,0.25032994
8083,model_4,0.4378,0.43628198
8084,model_4,0.2944,0.3730394
8085,model_4,0.0882,0.081931695
8086,model_4,0.477,0.4935154
8087,model_4,0.0561,0.0547695
8088,model_4,0.2365,0.16019328
8089,model_4,0.4709,0.44873872
8090,model_4,0.3123,0.31823352
8091,model_4,0.1103,0.10560019
8092,model_4,0.5381,0.6024929
8093,model_4,-0.0282,0.029130677
8094,model_4,-0.1078,-0.018563522
8095,model_4,0.1588,0.17225116
8096,model_4,0.312,0.31623882
8097,model_4,0.6709,0.585221
8098,model_4,0.1096,0.10008278
8099,model_4,0.5135,0.55817735
8100,model_4,0.1184,0.12352662
8101,model_4,-0.0023,0.0018262882
8102,model_4,0.4592,0.49027738
8103,model_4,0.3461,0.33330068
8104,model_4,0.7936,0.76382667
8105,model_4,0.468,0.46254584
8106,model_4,-0.0229,-0.054039046
8107,model_4,0.8707,0.8698171
8108,model_4,0.3845,0.40310362
8109,model_4,0.4534,0.47106495
8110,model_4,0.314,0.27405974
8111,model_4,0.5015,0.40147504
8112,model_4,0.3327,0.32658586
8113,model_4,0.1622,0.20921539
8114,model_4,0.1257,0.090259716
8115,model_4,0.3908,0.40000877
8116,model_4,0.108,0.09407486
8117,model_4,0.3197,0.27298194
8118,model_4,0.1599,0.08738319
8119,model_4,0.4747,0.4617811
8120,model_4,0.5028,0.54395306
8121,model_4,0.5039,0.33774638
8122,model_4,0.3143,0.32056096
8123,model_4,0.2406,0.22628485
8124,model_4,0.3679,0.38490888
8125,model_4,0.3705,0.19220346
8126,model_4,0.7953,0.7925343
8127,model_4,-0.0161,0.012642624
8128,model_4,0.311,0.29495198
8129,model_4,0.2225,0.19100586
8130,model_4,0.4598,0.44805488
8131,model_4,0.2595,0.26957238
8132,model_4,0.4819,0.5303365
8133,model_4,0.2515,0.2296249
8134,model_4,-0.13,-0.09655645
8135,model_4,0.5165,0.59790105
8136,model_4,0.331,0.29535428
8137,model_4,0.295,0.22462197
8138,model_4,0.1406,0.114752084
8139,model_4,0.467,0.4596847
8140,model_4,0.391,0.46720526
8141,model_4,0.2831,0.29020792
8142,model_4,0.0039,0.04027071
8143,model_4,-0.1949,-0.0221747
8144,model_4,0.8661,0.8669523
8145,model_4,0.3169,0.15990303
8146,model_4,0.1683,0.34029308
8147,model_4,0.0904,0.028509216
8148,model_4,0.1558,0.14578627
8149,model_4,0.2756,0.33626547
8150,model_4,0.2354,0.20061088
8151,model_4,0.2313,0.10971594
8152,model_4,-0.2592,-0.21923408
8153,model_4,0.47,0.4577649
8154,model_4,0.3482,0.47578627
8155,model_4,0.2288,0.19653627
8156,model_4,0.1333,0.0314439
8157,model_4,0.0752,0.048255242
8158,model_4,0.5703,0.6482253
8159,model_4,0.1318,0.15915485
8160,model_4,0.4238,0.44775656
8161,model_4,0.1957,0.20322478
8162,model_4,-0.0309,-0.064662315
8163,model_4,-0.2026,-0.071615644
8164,model_4,0.1492,0.15987767
8165,model_4,0.101,0.18902303
8166,model_4,0.4566,0.47342166
8167,model_4,0.5861,0.6345129
8168,model_4,0.5031,0.5899762
8169,model_4,0.286,0.2199257
8170,model_4,-0.1244,-0.024252487
8171,model_4,-0.0963,-0.06960755
8172,model_4,0.1343,0.09455907
8173,model_4,-0.0445,-0.031212939
8174,model_4,0.3268,0.39701083
8175,model_4,0.0759,0.060953595
8176,model_4,-0.0004,0.057899512
8177,model_4,0.1804,0.12366147
8178,model_4,0.3891,0.37443843
8179,model_4,0.476,0.48858455
8180,model_4,0.1044,0.1476158
8181,model_4,0.1481,0.1662872
8182,model_4,0.2509,0.29104063
8183,model_4,-0.0014,-0.0055529233
8184,model_4,0.0709,0.10966222
8185,model_4,0.0406,0.060460404
8186,model_4,0.9323,0.9035137
8187,model_4,0.2264,0.2003066
8188,model_4,0.0986,0.02447843
8189,model_4,0.0672,0.0899818
8190,model_4,0.0755,0.08371395
8191,model_4,0.197,0.24950118
8192,model_4,0.516,0.5565751
8193,model_4,0.2858,0.34511065
8194,model_4,0.8269,0.8241711
8195,model_4,0.9665,0.9130955
8196,model_4,0.2358,0.25925347
8197,model_4,-0.1734,-0.1666484
8198,model_4,0.4393,0.4083744
8199,model_4,-0.14,-0.17768672
8200,model_4,0.5755,0.6336153
8201,model_4,0.6711,0.68702555
8202,model_4,0.2002,0.22028907
8203,model_4,0.1867,0.21604595
8204,model_4,0.3063,0.2970545
8205,model_4,0.7297,0.67397785
8206,model_4,0.1701,0.147981
8207,model_4,0.3475,0.34211448
8208,model_4,0.0842,0.14418451
8209,model_4,-0.0014,0.05913289
8210,model_4,0.1991,0.22460411
8211,model_4,0.1758,0.22276126
8212,model_4,-0.0328,-0.008552549
8213,model_4,0.1432,0.1333147
8214,model_4,0.1607,0.13439654
8215,model_4,0.0929,0.114188224
8216,model_4,0.1573,0.20556638
8217,model_4,-0.0366,-0.010687893
8218,model_4,0.1659,0.25738105
8219,model_4,0.6421,0.6362119
8220,model_4,0.1158,0.098438546
8221,model_4,0.5968,0.59108853
8222,model_4,0.4382,0.33972123
8223,model_4,-0.0089,0.068769835
8224,model_4,0.7888,0.7838353
8225,model_4,0.1321,0.19488353
8226,model_4,0.1556,0.16811942
8227,model_4,0.1571,0.10040745
8228,model_4,0.2813,0.21686412
8229,model_4,-0.0553,-0.04819847
8230,model_4,-0.0286,0.028822215
8231,model_4,0.0898,0.1310388
8232,model_4,0.256,0.22381593
8233,model_4,0.1174,0.12731606
8234,model_4,-0.1422,-0.12252962
8235,model_4,0.2153,0.3201233
8236,model_4,0.089,0.34578228
8237,model_4,0.1971,0.30659762
8238,model_4,0.1902,0.21426319
8239,model_4,0.5737,0.54992926
8240,model_4,-0.0696,-0.061979763
8241,model_4,0.3303,0.32988635
8242,model_4,0.32,0.36132574
8243,model_4,-0.0404,-0.039716236
8244,model_4,0.0821,0.110842004
8245,model_4,0.0895,0.19303177
8246,model_4,0.3422,0.32203335
8247,model_4,0.6671,0.61923903
8248,model_4,0.1434,0.20240779
8249,model_4,0.0903,0.104558855
8250,model_4,-0.0377,-0.07665406
8251,model_4,0.2015,0.35588682
8252,model_4,-0.2146,-0.16538323
8253,model_4,0.4999,0.55608654
8254,model_4,0.1687,0.10667645
8255,model_4,0.1481,0.29109266
8256,model_4,-0.0119,-0.0022761058
8257,model_4,0.1368,0.3313967
8258,model_4,0.532,0.5120673
8259,model_4,0.1131,0.112133965
8260,model_4,0.2654,0.23121385
8261,model_4,0.5252,0.48485813
8262,model_4,0.102,0.072356224
8263,model_4,0.1438,0.17182933
8264,model_4,0.3371,0.2660918
8265,model_4,-0.1646,-0.20997085
8266,model_4,0.0757,0.07019049
8267,model_4,0.3713,0.40484542
8268,model_4,0.261,0.2230145
8269,model_4,0.4555,0.48532817
8270,model_4,0.523,0.57424843
8271,model_4,0.2208,0.15311983
8272,model_4,0.1665,0.21172732
8273,model_4,0.1519,0.22004354
8274,model_4,0.084,0.1323227
8275,model_4,0.2562,0.16923712
8276,model_4,0.1587,0.15432979
8277,model_4,0.2921,0.33078533
8278,model_4,0.346,0.36839393
8279,model_4,0.1752,0.1379754
8280,model_4,0.0576,0.03192371
8281,model_4,0.2593,0.29577383
8282,model_4,0.6237,0.611502
8283,model_4,0.6642,0.72178733
8284,model_4,0.1626,0.22838743
8285,model_4,0.0199,-0.03831353
8286,model_4,0.351,0.29529348
8287,model_4,0.1391,0.09065613
8288,model_4,0.1439,0.23551132
8289,model_4,-0.118,-0.15822883
8290,model_4,0.1575,0.22389342
8291,model_4,0.1039,0.06846774
8292,model_4,0.058,0.030871207
8293,model_4,0.3379,0.41615716
8294,model_4,0.1154,0.070750356
8295,model_4,-0.0239,0.004200058
8296,model_4,0.018,0.024065817
8297,model_4,-0.0247,-0.0028234478
8298,model_4,0.0036,0.013344819
8299,model_4,0.2146,0.22680433
8300,model_4,0.8651,0.87642145
8301,model_4,0.0975,0.12128575
8302,model_4,0.203,0.09279412
8303,model_4,0.2146,0.29932386
8304,model_4,0.7202,0.62051165
8305,model_4,0.0498,0.016464705
8306,model_4,-0.0454,-0.036080696
8307,model_4,0.0339,0.025326217
8308,model_4,0.4762,0.27985653
8309,model_4,0.1491,0.22095363
8310,model_4,0.3627,0.3762167
8311,model_4,0.842,0.86949104
8312,model_4,0.2339,0.23357002
8313,model_4,0.0146,-0.017313337
8314,model_4,0.1571,0.14308585
8315,model_4,-0.0455,-0.009640498
8316,model_4,0.2512,0.2823111
8317,model_4,0.1304,0.0838775
8318,model_4,0.6412,0.6353873
8319,model_4,0.2924,0.2277505
8320,model_4,0.1715,0.13835253
8321,model_4,0.0157,0.00013104267
8322,model_4,0.1155,0.11370286
8323,model_4,-0.0113,0.1437418
8324,model_4,0.1165,0.0057825837
8325,model_4,0.4428,0.42465925
8326,model_4,0.4851,0.42727366
8327,model_4,0.3105,0.34115088
8328,model_4,0.2339,0.27147207
8329,model_4,0.6122,0.6067097
8330,model_4,0.0809,0.0633602
8331,model_4,0.9447,0.88994056
8332,model_4,0.1303,0.13975413
8333,model_4,0.2879,0.2888712
8334,model_4,-0.0406,0.0020856876
8335,model_4,0.1661,0.18196867
8336,model_4,0.4717,0.49437603
8337,model_4,0.2581,0.2914451
8338,model_4,0.2614,0.2140178
8339,model_4,0.2206,0.13747576
8340,model_4,0.4404,0.31291363
8341,model_4,-0.0225,-0.053149067
8342,model_4,0.1362,0.19343102
8343,model_4,0.122,0.06400004
8344,model_4,0.2478,0.23959683
8345,model_4,0.0804,0.14767556
8346,model_4,0.0896,0.066832826
8347,model_4,0.2589,0.29770058
8348,model_4,0.1241,0.1061896
8349,model_4,0.0953,0.09750097
8350,model_4,0.3806,0.37642205
8351,model_4,0.3132,0.379172
8352,model_4,0.1667,0.04631553
8353,model_4,0.4849,0.41411194
8354,model_4,-0.0329,0.0803739
8355,model_4,0.5584,0.5309113
8356,model_4,0.0591,0.04684271
8357,model_4,0.4223,0.42771253
8358,model_4,-0.1287,-0.10318289
8359,model_4,0.2548,0.3722889
8360,model_4,0.1733,0.23953523
8361,model_4,0.0309,-0.018306514
8362,model_4,0.1838,0.20052765
8363,model_4,0.0496,0.06762407
8364,model_4,0.6049,0.5868015
8365,model_4,0.2337,0.2661728
8366,model_4,-0.163,-0.059233434
8367,model_4,0.633,0.5566542
8368,model_4,0.2357,0.26825264
8369,model_4,0.0549,0.1699634
8370,model_4,0.1392,0.122467935
8371,model_4,0.499,0.53150314
8372,model_4,0.4157,0.37437704
8373,model_4,0.3054,0.44977874
8374,model_4,0.1348,0.26356366
8375,model_4,0.1066,0.059140533
8376,model_4,0.2705,0.2850834
8377,model_4,0.2422,0.21956545
8378,model_4,0.1623,0.1250567
8379,model_4,0.1289,0.19595599
8380,model_4,0.0515,0.08399034
8381,model_4,0.3696,0.44011799
8382,model_4,0.5245,0.48014513
8383,model_4,0.1274,0.11727959
8384,model_4,0.074,0.10260457
8385,model_4,0.2207,0.17753325
8386,model_4,-0.0335,-0.093556695
8387,model_4,0.2783,0.3144548
8388,model_4,0.0534,0.09520037
8389,model_4,0.5358,0.49655083
8390,model_4,0.0646,0.030944543
8391,model_4,0.2973,0.256378
8392,model_4,-0.2085,0.014881486
8393,model_4,-0.0118,-0.019377222
8394,model_4,0.3737,0.40296966
8395,model_4,0.1555,0.14552183
8396,model_4,0.3779,0.36105427
8397,model_4,0.1482,0.09646051
8398,model_4,0.2755,0.25024867
8399,model_4,0.3749,0.41315877
8400,model_4,0.0899,0.047083177
8401,model_4,0.3519,0.3282486
8402,model_4,0.4123,0.36804548
8403,model_4,0.1541,0.25705242
8404,model_4,-0.0532,0.033449464
8405,model_4,0.3114,0.29671955
8406,model_4,0.3575,0.38453162
8407,model_4,0.3541,0.34391397
8408,model_4,0.0643,0.03585878
8409,model_4,0.1829,0.14931089
8410,model_4,0.4503,0.41856316
8411,model_4,-0.1198,-0.0358108
8412,model_4,0.0585,0.07658647
8413,model_4,-0.0512,-0.108079575
8414,model_4,0.6584,0.5750977
8415,model_4,0.4088,0.50146645
8416,model_4,0.3131,0.3172477
8417,model_4,0.8609,0.7976625
8418,model_4,0.3183,0.28702334
8419,model_4,0.4465,0.48695877
8420,model_4,-0.1397,-0.10951151
8421,model_4,0.1518,0.09090595
8422,model_4,0.3018,0.24141844
8423,model_4,0.2035,0.118623614
8424,model_4,0.3751,0.43207756
8425,model_4,0.1341,0.15749298
8426,model_4,0.0226,0.10750026
8427,model_4,0.2792,0.25595626
8428,model_4,0.1594,0.20020263
8429,model_4,0.1327,0.12763205
8430,model_4,0.6031,0.5061315
8431,model_4,-0.0169,-0.065451875
8432,model_4,-0.2042,-0.18759911
8433,model_4,-0.1098,-0.12439725
8434,model_4,-0.06,0.008249426
8435,model_4,0.5641,0.5035909
8436,model_4,0.1709,0.16847967
8437,model_4,0.2249,0.1865439
8438,model_4,0.2594,0.20622693
8439,model_4,-0.2033,-0.23124254
8440,model_4,0.3997,0.2998949
8441,model_4,0.2886,0.37317267
8442,model_4,0.0537,0.0871845
8443,model_4,0.1632,0.17122386
8444,model_4,0.0502,0.34978333
8445,model_4,0.2989,0.12337923
8446,model_4,0.7463,0.64397955
8447,model_4,0.0917,0.07193599
8448,model_4,0.1228,0.12831366
8449,model_4,0.0764,0.08563512
8450,model_4,0.1997,0.26392004
8451,model_4,0.0639,0.076117024
8452,model_4,0.2147,0.2329169
8453,model_4,0.1924,0.32003078
8454,model_4,0.2336,0.18387654
8455,model_4,0.1368,0.12667918
8456,model_4,-0.0726,0.045964785
8457,model_4,0.0723,0.048504733
8458,model_4,0.5147,0.5240389
8459,model_4,0.6486,0.63583785
8460,model_4,0.4589,0.47640643
8461,model_4,0.1824,0.10254202
8462,model_4,0.5554,0.53650224
8463,model_4,0.1301,0.06975408
8464,model_4,0.0471,0.077951446
8465,model_4,0.1604,0.14354673
8466,model_4,0.1757,0.120609105
8467,model_4,0.1223,0.16441421
8468,model_4,0.1768,0.16936244
8469,model_4,0.111,0.056101628
8470,model_4,0.1488,0.29907838
8471,model_4,0.4514,0.5331438
8472,model_4,0.0752,0.10176412
8473,model_4,0.1796,0.19279209
8474,model_4,0.1721,0.34355122
8475,model_4,0.3159,0.26160666
8476,model_4,0.0185,0.02753889
8477,model_4,0.2317,0.22535196
8478,model_4,0.839,0.7957171
8479,model_4,-0.1053,-0.10785107
8480,model_4,0.6241,0.57804644
8481,model_4,0.2437,0.30590346
8482,model_4,0.4658,0.47578272
8483,model_4,0.5296,0.46387467
8484,model_4,0.3454,0.40282312
8485,model_4,-0.0523,-0.028820796
8486,model_4,0.2367,0.1567172
8487,model_4,-0.0318,-0.024142666
8488,model_4,-0.1389,-0.084067985
8489,model_4,0.4072,0.38909534
8490,model_4,0.2072,0.14374255
8491,model_4,-0.1929,-0.15161897
8492,model_4,-0.044,-0.15892541
8493,model_4,0.024,0.029042633
8494,model_4,0.0527,0.20325701
8495,model_4,0.4268,0.33980718
8496,model_4,0.0467,0.09711095
8497,model_4,0.2166,0.20565987
8498,model_4,0.3644,0.2464097
8499,model_4,0.0742,0.14238791
8500,model_4,0.1657,0.18592356
8501,model_4,-0.0197,-0.0021001752
8502,model_4,0.1168,0.13944201
8503,model_4,0.6326,0.65728223
8504,model_4,0.7376,0.6605793
8505,model_4,0.0216,0.014889406
8506,model_4,0.1767,0.24855949
8507,model_4,0.1621,0.23138173
8508,model_4,0.3109,0.40896204
8509,model_4,0.1434,0.11547586
8510,model_4,0.1444,0.21057938
8511,model_4,0.3419,0.37033826
8512,model_4,-0.1969,-0.19329439
8513,model_4,0.2819,0.19613822
8514,model_4,0.1428,0.09116718
8515,model_4,0.0376,-0.04289574
8516,model_4,0.074,0.08580909
8517,model_4,0.1678,0.18227747
8518,model_4,0.3727,0.35897487
8519,model_4,0.3913,0.36659873
8520,model_4,0.59,0.577243
8521,model_4,0.2115,0.001573341
8522,model_4,0.1805,0.13552971
8523,model_4,0.297,0.2622867
8524,model_4,0.0675,0.10679726
8525,model_4,0.0249,0.032691434
8526,model_4,0.2209,0.2601352
8527,model_4,0.0484,0.022870155
8528,model_4,0.1844,0.21859
8529,model_4,0.0703,0.11325921
8530,model_4,0.7797,0.7935312
8531,model_4,0.2194,0.20431794
8532,model_4,0.2741,0.3386086
8533,model_4,0.264,0.097055405
8534,model_4,0.089,0.081618436
8535,model_4,-0.0174,0.0443969
8536,model_4,0.3093,0.359364
8537,model_4,0.0401,0.060819827
8538,model_4,0.0969,0.26649183
8539,model_4,0.218,0.22913778
8540,model_4,0.1445,0.13287169
8541,model_4,-0.0434,-0.037334695
8542,model_4,0.0831,0.15163566
8543,model_4,0.1982,0.284091
8544,model_4,0.4415,0.42554107
8545,model_4,0.395,0.47185776
8546,model_4,0.7228,0.6000159
8547,model_4,0.2033,0.20191775
8548,model_4,0.3381,0.13186063
8549,model_4,-1e-04,0.010714779
8550,model_4,0.1251,0.16088985
8551,model_4,0.2526,0.25030366
8552,model_4,0.3148,0.42355943
8553,model_4,0.2407,0.26081613
8554,model_4,0.5303,0.5569742
8555,model_4,0.2007,0.1874241
8556,model_4,0.3103,0.25400564
8557,model_4,0.5572,0.5845498
8558,model_4,0.1321,0.18977979
8559,model_4,0.0921,0.08961788
8560,model_4,0.1829,0.2972792
8561,model_4,0.7506,0.792412
8562,model_4,0.1686,0.15685986
8563,model_4,0.5172,0.47198716
8564,model_4,0.04,0.033398286
8565,model_4,0.6926,0.6587211
8566,model_4,0.2028,0.20846908
8567,model_4,0.1676,0.26660833
8568,model_4,0.2867,0.33551025
8569,model_4,-0.0258,-0.013129285
8570,model_4,0.6387,0.63737947
8571,model_4,0.1085,0.052238077
8572,model_4,0.167,0.20136233
8573,model_4,-0.0846,-0.025962515
8574,model_4,0.3308,0.24099286
8575,model_4,0.3568,0.38630792
8576,model_4,0.218,0.1356598
8577,model_4,0.0208,0.03129991
8578,model_4,-0.0647,-0.06951081
8579,model_4,0.1977,0.16558243
8580,model_4,0.1041,0.0942276
8581,model_4,0.9135,0.84089744
8582,model_4,-0.2031,-0.15655428
8583,model_4,0.0515,0.03125304
8584,model_4,0.0193,0.10412446
8585,model_4,0.0221,-0.09266067
8586,model_4,0.1164,0.03978084
8587,model_4,-0.0303,-0.08640672
8588,model_4,0.55,0.58992916
8589,model_4,0.3811,0.4193199
8590,model_4,0.2575,0.2677755
8591,model_4,0.0269,0.022446426
8592,model_4,0.4508,0.37812576
8593,model_4,0.0571,0.02486951
8594,model_4,0.1278,0.114350796
8595,model_4,-0.0011,-0.003114855
8596,model_4,0.0649,0.07985367
8597,model_4,0.0711,0.07430354
8598,model_4,0.375,0.44300246
8599,model_4,0.0558,0.076162785
8600,model_4,0.0616,0.051840626
8601,model_4,0.5182,0.52467465
8602,model_4,0.104,0.085022934
8603,model_4,0.444,0.46301046
8604,model_4,0.4833,0.47454324
8605,model_4,0.6148,0.5343999
8606,model_4,0.426,0.39111528
8607,model_4,0.7315,0.6877953
8608,model_4,0.3543,0.23907985
8609,model_4,0.0255,0.027965197
8610,model_4,0.6569,0.6974926
8611,model_4,0.3936,0.26037583
8612,model_4,0.2241,0.16231783
8613,model_4,0.2179,0.16056108
8614,model_4,0.302,0.2987776
8615,model_4,0.1527,0.1498927
8616,model_4,0.1559,0.07630007
8617,model_4,0.2001,0.18356761
8618,model_4,0.6468,0.6685166
8619,model_4,-0.0176,0.02641529
8620,model_4,0.1027,0.12078802
8621,model_4,0.5252,0.46835443
8622,model_4,0.4195,0.48110968
8623,model_4,0.5664,0.5719093
8624,model_4,0.1416,0.098676495
8625,model_4,0.2203,0.14029531
8626,model_4,-0.086,-0.10358465
8627,model_4,0.0932,0.09395875
8628,model_4,0.5271,0.4907315
8629,model_4,-0.013,0.07550517
8630,model_4,0.0938,0.19170026
8631,model_4,0.206,0.112454936
8632,model_4,0.2484,0.27448073
8633,model_4,0.7504,0.7531506
8634,model_4,0.0003,0.01836981
8635,model_4,0.2637,0.2857314
8636,model_4,0.5564,0.50567687
8637,model_4,0.1587,0.20153886
8638,model_4,0.1794,0.27485713
8639,model_4,0.1351,0.15957642
8640,model_4,0.0623,0.04198271
8641,model_4,0.1824,0.15654539
8642,model_4,0.0131,0.013418699
8643,model_4,0.3673,0.30172428
8644,model_4,0.0234,0.005448686
8645,model_4,0.1953,0.23029634
8646,model_4,0.5578,0.4511781
8647,model_4,0.7461,0.5526856
8648,model_4,0.2784,0.32721075
8649,model_4,0.5476,0.5198725
8650,model_4,-0.0334,0.06858802
8651,model_4,0.1289,0.1985787
8652,model_4,0.1565,0.1427444
8653,model_4,0.7226,0.67150223
8654,model_4,0.3916,0.40093005
8655,model_4,0.2194,0.26480547
8656,model_4,0.3526,0.26068106
8657,model_4,0.1283,0.16262452
8658,model_4,0.1929,0.19460694
8659,model_4,0.9727,0.857181
8660,model_4,0.1142,0.14201258
8661,model_4,-0.1553,-0.13821977
8662,model_4,0.128,0.147255
8663,model_4,0.3765,0.37301582
8664,model_4,0.2108,0.16379139
8665,model_4,0.217,0.19050892
8666,model_4,0.0973,0.2425841
8667,model_4,0.2432,0.1829126
8668,model_4,0.1885,0.16456637
8669,model_4,0.1057,0.05309231
8670,model_4,0.8701,0.87589276
8671,model_4,0.0011,0.030877674
8672,model_4,0.1408,0.05392161
8673,model_4,0.3124,0.37143013
8674,model_4,0.3196,0.2488261
8675,model_4,0.178,0.17582443
8676,model_4,0.0912,0.1515721
8677,model_4,0.0044,0.05883068
8678,model_4,0.0709,0.107779995
8679,model_4,0.2204,0.19688426
8680,model_4,0.379,0.37622693
8681,model_4,0.1896,0.15466006
8682,model_4,0.3547,0.41150978
8683,model_4,0.1272,0.19594334
8684,model_4,0.3462,0.3517805
8685,model_4,0.3293,0.2543934
8686,model_4,0.0992,0.11437325
8687,model_4,0.1706,0.108002156
8688,model_4,0.0812,0.031433307
8689,model_4,0.0391,0.084733024
8690,model_4,0.1354,0.12879325
8691,model_4,0.334,0.41235876
8692,model_4,0.4088,0.3962668
8693,model_4,0.2823,0.21421887
8694,model_4,0.5985,0.5966345
8695,model_4,0.6831,0.74747354
8696,model_4,0.6066,0.5329193
8697,model_4,0.3036,0.30570313
8698,model_4,0.5453,0.52676743
8699,model_4,0.0505,0.10055776
8700,model_4,0.3587,0.32109806
8701,model_4,0.2416,0.29976836
8702,model_4,0.3545,0.34183672
8703,model_4,0.8793,0.86718065
8704,model_4,-0.105,-0.047279283
8705,model_4,0.8845,0.8540314
8706,model_4,-0.0169,0.012297476
8707,model_4,-0.0828,-0.096492395
8708,model_4,0.1403,0.063876405
8709,model_4,0.1739,0.2110027
8710,model_4,0.202,0.26771685
8711,model_4,0.0943,0.052288547
8712,model_4,0.2933,0.34222516
8713,model_4,0.07,0.07362628
8714,model_4,0.0956,0.09513135
8715,model_4,0.0794,0.05580628
8716,model_4,0.5511,0.58482623
8717,model_4,1.0087,0.9590909
8718,model_4,-0.0792,-0.09204712
8719,model_4,0.0412,0.05995039
8720,model_4,0.2127,0.09520923
8721,model_4,0.0715,0.09306935
8722,model_4,0.0786,0.062273495
8723,model_4,0.1993,0.24075155
8724,model_4,-0.1476,0.23690052
8725,model_4,0.4982,0.5453298
8726,model_4,0.5049,0.500773
8727,model_4,0.3699,0.39176336
8728,model_4,0.0702,0.05122155
8729,model_4,0.1016,0.07521876
8730,model_4,0.059,0.05508314
8731,model_4,0.0585,0.06397754
8732,model_4,0.0948,0.08286323
8733,model_4,0.7572,0.8229025
8734,model_4,-0.0057,0.077105165
8735,model_4,0.6502,0.65532905
8736,model_4,0.1441,0.19721393
8737,model_4,0.5463,0.52292615
8738,model_4,0.0193,0.017018722
8739,model_4,0.5895,0.6151084
8740,model_4,-0.1888,-0.12673174
8741,model_4,0.1717,0.23162526
8742,model_4,0.0838,0.08049835
8743,model_4,0.7194,0.693774
8744,model_4,-0.0628,-0.034099966
8745,model_4,-0.1818,-0.12571059
8746,model_4,0.2796,0.34859172
8747,model_4,0.4335,0.3140982
8748,model_4,0.6846,0.7395619
8749,model_4,0.5616,0.49609306
8750,model_4,0.2364,0.34685197
8751,model_4,0.8542,0.8405122
8752,model_4,0.2339,0.1906025
8753,model_4,0.3931,0.45039442
8754,model_4,0.8486,0.8092496
8755,model_4,0.1571,0.108676225
8756,model_4,0.123,0.108253226
8757,model_4,-0.1357,-0.19078676
8758,model_4,0.314,0.22023043
8759,model_4,0.5013,0.50694025
8760,model_4,0.1815,0.13981067
8761,model_4,0.6097,0.57512593
8762,model_4,0.0008,0.005757222
8763,model_4,0.4833,0.5600314
8764,model_4,0.7169,0.6350544
8765,model_4,0.775,0.80256325
8766,model_4,0.4415,0.299423
8767,model_4,0.1374,0.10313581
8768,model_4,0.4842,0.48171514
8769,model_4,0.402,0.4549053
8770,model_4,0.0492,0.0730086
8771,model_4,0.2518,0.34831148
8772,model_4,0.8606,0.74699116
8773,model_4,0.3908,0.5381314
8774,model_4,0.3168,0.38353238
8775,model_4,0.7317,0.7046933
8776,model_4,0.1058,0.09953268
8777,model_4,0.113,0.12595803
8778,model_4,0.2431,0.26901647
8779,model_4,0.2694,0.23753257
8780,model_4,0.2864,0.3188882
8781,model_4,0.3009,0.3249204
8782,model_4,0.1228,0.09232627
8783,model_4,0.0436,0.09953091
8784,model_4,0.0602,0.12973829
8785,model_4,0.2054,0.19535518
8786,model_4,0.1275,0.11454384
8787,model_4,0.1402,0.020300353
8788,model_4,0.3687,0.4160542
8789,model_4,0.1841,0.17819452
8790,model_4,0.4592,0.35858288
8791,model_4,-0.0305,0.022834206
8792,model_4,0.2515,0.3716878
8793,model_4,0.0776,0.031997487
8794,model_4,0.1262,0.13802192
8795,model_4,0.152,0.1871885
8796,model_4,0.3442,0.3850251
8797,model_4,0.4843,0.38691592
8798,model_4,0.1324,0.034097746
8799,model_4,0.4714,0.45223942
8800,model_4,0.2463,0.13111489
8801,model_4,-0.152,-0.112617046
8802,model_4,0.7393,0.766315
8803,model_4,0.4274,0.43987334
8804,model_4,0.1693,0.19512105
8805,model_4,0.5058,0.45923957
8806,model_4,0.5043,0.5646212
8807,model_4,-0.11,-0.08299821
8808,model_4,0.0489,0.0254505
8809,model_4,-0.0029,0.047926083
8810,model_4,0.0359,0.10392393
8811,model_4,0.2133,0.23892628
8812,model_4,0.5089,0.52916586
8813,model_4,0.316,0.30276647
8814,model_4,0.2799,0.2513241
8815,model_4,0.228,0.29584357
8816,model_4,0.5807,0.60502255
8817,model_4,0.5129,0.5581965
8818,model_4,0.349,0.38679802
8819,model_4,0.1349,0.07960413
8820,model_4,0.2496,0.24235706
8821,model_4,0.0886,0.06258407
8822,model_4,0.411,0.40034086
8823,model_4,0.4205,0.39905193
8824,model_4,0.1695,0.13605554
8825,model_4,0.3467,0.27350214
8826,model_4,0.0975,0.17710437
8827,model_4,-0.0579,0.004418889
8828,model_4,0.2092,0.14712228
8829,model_4,0.1089,0.20953083
8830,model_4,0.3131,0.3116679
8831,model_4,0.5563,0.42728084
8832,model_4,0.0166,0.025253164
8833,model_4,0.1892,0.17633112
8834,model_4,0.1586,0.13451976
8835,model_4,0.3294,0.32771155
8836,model_4,0.1983,0.17777768
8837,model_4,0.1547,0.16916157
8838,model_4,0.0751,0.0013609324
8839,model_4,0.4295,0.3178214
8840,model_4,-0.0502,-0.012837565
8841,model_4,0.5133,0.5588662
8842,model_4,-0.1092,-0.12862627
8843,model_4,-0.0123,0.004531147
8844,model_4,0.7003,0.58377755
8845,model_4,-0.0303,0.021047408
8846,model_4,0.1254,0.049486913
8847,model_4,0.4098,0.3965517
8848,model_4,0.0535,0.09351876
8849,model_4,0.2869,0.38947606
8850,model_4,0.5128,0.56958365
8851,model_4,0.0724,0.043281138
8852,model_4,0.1794,0.12857027
8853,model_4,0.6155,0.60987985
8854,model_4,0.2079,0.107657224
8855,model_4,0.3355,0.23064767
8856,model_4,0.2043,0.25287536
8857,model_4,0.497,0.53044283
8858,model_4,0.1859,0.047252066
8859,model_4,0.1302,0.038840547
8860,model_4,0.3435,0.37442055
8861,model_4,0.0597,0.018197546
8862,model_4,0.4149,0.38701853
8863,model_4,0.1627,0.15092205
8864,model_4,0.3603,0.40099242
8865,model_4,0.259,0.25119522
8866,model_4,0.5804,0.5777246
8867,model_4,0.4961,0.45144188
8868,model_4,0.4055,0.42993957
8869,model_4,-0.1447,-0.098833576
8870,model_4,0.52,0.5691213
8871,model_4,-0.0973,-0.07934122
8872,model_4,0.1266,0.1765625
8873,model_4,-0.1773,-0.1654741
8874,model_4,0.0077,0.013181778
8875,model_4,-0.1947,-0.14221333
8876,model_4,0.1742,0.2693155
8877,model_4,0.0883,0.10834338
8878,model_4,0.1592,0.22015835
8879,model_4,0.2319,0.23263045
8880,model_4,0.0809,0.05988349
8881,model_4,-0.1656,-0.12489958
8882,model_4,0.0301,0.032005183
8883,model_4,0.8711,0.8027493
8884,model_4,0.0064,-0.03735832
8885,model_4,0.7413,0.7212994
8886,model_4,0.1538,0.12788282
8887,model_4,0.126,0.10102993
8888,model_4,0.4213,0.4561473
8889,model_4,0.5487,0.54748654
8890,model_4,0.1051,0.106113516
8891,model_4,0.2526,0.18421859
8892,model_4,0.0446,0.048220366
8893,model_4,0.3029,0.27259704
8894,model_4,0.3675,0.33027866
8895,model_4,0.12,0.081934124
8896,model_4,0.3272,0.39272442
8897,model_4,0.3044,0.28466067
8898,model_4,0.6197,0.5144608
8899,model_4,-0.1249,-0.13855572
8900,model_4,0.2858,0.33780915
8901,model_4,0.0394,0.06990063
8902,model_4,0.5866,0.6135117
8903,model_4,0.1104,0.13610049
8904,model_4,0.3012,0.1910274
8905,model_4,0.0195,0.038358547
8906,model_4,-0.064,-0.09889083
8907,model_4,0.3011,0.28958634
8908,model_4,0.1564,0.20055105
8909,model_4,0.2869,0.23977469
8910,model_4,0.17,0.07693772
8911,model_4,0.1081,0.11694215
8912,model_4,0.2513,0.24514435
8913,model_4,0.1134,0.09182508
8914,model_4,0.1789,0.17933537
8915,model_4,0.2225,0.19365457
8916,model_4,0.4575,0.5203419
8917,model_4,1.0372,0.9361677
8918,model_4,0.304,0.31272978
8919,model_4,0.0947,0.17318606
8920,model_4,0.0785,0.066444546
8921,model_4,0.4168,0.38063654
8922,model_4,0.1076,0.11529006
8923,model_4,0.36,0.40684026
8924,model_4,0.2679,0.28856364
8925,model_4,0.2502,0.29434973
8926,model_4,0.4212,0.4612751
8927,model_4,0.081,0.11515652
8928,model_4,0.4438,0.5055394
8929,model_4,0.1166,0.13270858
8930,model_4,0.4411,0.38449672
8931,model_4,0.1037,0.16423418
8932,model_4,0.4777,0.41393548
8933,model_4,0.7143,0.73284566
8934,model_4,0.465,0.49838617
8935,model_4,0.1431,0.08054407
8936,model_4,-0.0443,0.047471657
8937,model_4,0.3535,0.41633573
8938,model_4,0.1989,0.28257173
8939,model_4,0.0753,0.05691588
8940,model_4,0.7543,0.7756194
8941,model_4,0.1048,0.17115532
8942,model_4,0.2423,0.17330065
8943,model_4,0.0751,0.06013733
8944,model_4,0.1811,0.23377566
8945,model_4,0.2077,0.2202289
8946,model_4,0.2644,0.23925154
8947,model_4,0.1267,0.09358214
8948,model_4,0.0905,0.097891
8949,model_4,0.4364,0.44728813
8950,model_4,0.1593,0.24445371
8951,model_4,0.2516,0.23549537
8952,model_4,0.3078,0.34111845
8953,model_4,-0.0307,-0.0425981
8954,model_4,0.0234,0.030009339
8955,model_4,0.1202,0.12291823
8956,model_4,0.3412,0.3428935
8957,model_4,0.1823,0.23004891
8958,model_4,0.2258,0.23034027
8959,model_4,0.1107,0.03788981
8960,model_4,0.7138,0.6834963
8961,model_4,0.2787,0.2965605
8962,model_4,0.0409,0.046057627
8963,model_4,0.7057,0.7311664
8964,model_4,0.1592,0.1581281
8965,model_4,0.0628,0.05359257
8966,model_4,0.4588,0.36016074
8967,model_4,0.5756,0.52819747
8968,model_4,0.4857,0.5013127
8969,model_4,0.4057,0.30837163
8970,model_4,0.217,0.071136475
8971,model_4,0.3933,0.3910329
8972,model_4,0.4487,0.43131977
8973,model_4,0.1067,0.09088899
8974,model_4,0.1358,-0.00014298223
8975,model_4,0.0479,0.038344756
8976,model_4,0.3972,0.41482928
8977,model_4,0.0085,0.05202242
8978,model_4,0.5367,0.55374986
8979,model_4,0.7953,0.7734488
8980,model_4,0.1984,0.14898874
8981,model_4,0.2351,0.21706696
8982,model_4,0.5608,0.5552292
8983,model_4,0.707,0.6979621
8984,model_4,0.1896,0.1878375
8985,model_4,0.17,0.09997784
8986,model_4,0.0265,0.0108033735
8987,model_4,0.4113,0.38242155
8988,model_4,0.6551,0.65473187
8989,model_4,-0.0158,0.0053513963
8990,model_4,0.2872,0.23921378
8991,model_4,0.0793,0.052339375
8992,model_4,0.1652,0.21406527
8993,model_4,0.0771,0.12042993
8994,model_4,0.9234,0.82224977
8995,model_4,0.1173,0.13155282
8996,model_4,0.1833,0.06441192
8997,model_4,0.0508,0.038222596
8998,model_4,0.065,0.08331608
8999,model_4,0.6498,0.6250876
9000,model_4,0.698,0.59723365
9001,model_4,0.3276,0.30213562
9002,model_4,0.6542,0.5180213
9003,model_4,0.1239,0.13408668
9004,model_4,0.4132,0.41826645
9005,model_4,0.1375,0.13095488
9006,model_4,0.2242,0.18346685
9007,model_4,0.0525,0.046253815
9008,model_4,0.193,0.14742714
9009,model_4,0.5679,0.5338479
9010,model_4,0.1618,0.18158023
9011,model_4,0.281,0.10557935
9012,model_4,0.162,0.20783348
9013,model_4,0.0726,0.10152707
9014,model_4,0.1511,0.15627088
9015,model_4,0.2536,0.21668072
9016,model_4,0.1587,0.32820097
9017,model_4,0.216,0.14689657
9018,model_4,0.3324,0.13237156
9019,model_4,0.417,0.35752434
9020,model_4,-0.1014,-0.049154162
9021,model_4,0.0412,0.0722645
9022,model_4,0.0781,0.0053266454
9023,model_4,-0.0402,0.007263111
9024,model_4,0.2982,0.3079435
9025,model_4,0.4806,0.5468849
9026,model_4,0.4612,0.4354743
9027,model_4,0.0965,0.12798758
9028,model_4,0.4105,0.38735566
9029,model_4,0.4148,0.42789605
9030,model_4,0.8205,0.75371814
9031,model_4,0.3381,0.25284362
9032,model_4,0.1551,0.26375544
9033,model_4,0.3059,0.28028443
9034,model_4,-0.1324,-0.15292566
9035,model_4,0.4211,0.43367818
9036,model_4,0.6454,0.634062
9037,model_4,0.0274,0.028154174
9038,model_4,0.1692,0.23036171
9039,model_4,0.2795,0.24296124
9040,model_4,-0.0724,-0.088123776
9041,model_4,-0.097,-0.13361442
9042,model_4,-0.116,-0.10186834
9043,model_4,0.451,0.4605963
9044,model_4,0.6104,0.7162254
9045,model_4,0.5859,0.56123734
9046,model_4,0.4774,0.46934858
9047,model_4,0.6269,0.6102913
9048,model_4,-0.1433,-0.17317626
9049,model_4,0.1664,0.19806603
9050,model_4,0.0982,0.13947792
9051,model_4,0.2967,0.25652125
9052,model_4,0.7447,0.76813513
9053,model_4,0.035,0.057368822
9054,model_4,0.9396,0.84520614
9055,model_4,0.1447,0.12393056
9056,model_4,0.7369,0.7377292
9057,model_4,0.0846,0.052627236
9058,model_4,0.1836,0.14909504
9059,model_4,0.0528,0.03331919
9060,model_4,-0.0232,-0.001736274
9061,model_4,0.1239,0.115778804
9062,model_4,0.1943,0.1323453
9063,model_4,0.081,0.10698369
9064,model_4,0.4332,0.41476476
9065,model_4,-0.0172,0.027108753
9066,model_4,0.4998,0.33307272
9067,model_4,0.6995,0.7036917
9068,model_4,0.7247,0.7130373
9069,model_4,0.0497,0.13853498
9070,model_4,-0.0201,-0.024412243
9071,model_4,0.1146,0.10354233
9072,model_4,0.1783,0.17549688
9073,model_4,0.4161,0.395633
9074,model_4,0.2536,0.20605697
9075,model_4,0.9311,0.9173958
9076,model_4,0.2063,0.17958875
9077,model_4,0.0646,0.13868691
9078,model_4,0.3422,0.26305467
9079,model_4,0.0692,0.05532007
9080,model_4,0.2363,0.17441176
9081,model_4,0.3791,0.3458902
9082,model_4,0.5663,0.5552159
9083,model_4,0.2193,0.19681688
9084,model_4,0.2128,0.18116818
9085,model_4,0.1677,0.40947703
9086,model_4,0.3091,0.25340554
9087,model_4,0.025,0.10087112
9088,model_4,0.0123,0.023169437
9089,model_4,0.1395,0.14660536
9090,model_4,-0.0458,-0.09391205
9091,model_4,0.1865,0.11609241
9092,model_4,0.0361,0.011484789
9093,model_4,0.1338,0.17016782
9094,model_4,-0.2173,-0.25968122
9095,model_4,0.1973,0.098365195
9096,model_4,-0.0599,0.02666975
9097,model_4,0.0534,0.04927314
9098,model_4,0.8197,0.83760405
9099,model_4,0.1452,0.1947294
9100,model_4,0.1897,0.19160101
9101,model_4,0.1246,0.14833812
9102,model_4,0.0804,0.00022753514
9103,model_4,0.3415,0.41379836
9104,model_4,0.7141,0.57481706
9105,model_4,0.6777,0.7055909
9106,model_4,0.054,0.21862225
9107,model_4,0.208,0.19088008
9108,model_4,0.0023,0.015604677
9109,model_4,0.4453,0.47862172
9110,model_4,-0.109,-0.07258481
9111,model_4,0.0352,0.038272798
9112,model_4,0.6094,0.68969476
9113,model_4,0.2276,0.16581258
9114,model_4,0.2359,0.294908
9115,model_4,0.3483,0.15451355
9116,model_4,-0.1801,-0.11081016
9117,model_4,-0.0114,0.03144321
9118,model_4,1.089,1.2991356
9119,model_4,0.0183,0.007671127
9120,model_4,-0.1799,-0.18207993
9121,model_4,0.3473,0.31255183
9122,model_4,0.4226,0.38580856
9123,model_4,0.5643,0.5405462
9124,model_4,0.1009,0.0894749
9125,model_4,0.1775,0.14119063
9126,model_4,0.4361,0.41051772
9127,model_4,0.5251,0.4921483
9128,model_4,0.0826,0.15245216
9129,model_4,0.2221,0.12992327
9130,model_4,0.0646,0.08477548
9131,model_4,0.4224,0.4296393
9132,model_4,0.4336,0.46933338
9133,model_4,0.8245,0.7709428
9134,model_4,-0.0587,0.021556417
9135,model_4,0.0557,0.03456966
9136,model_4,0.0479,0.066802606
9137,model_4,0.146,0.25416803
9138,model_4,0.2619,0.17407723
9139,model_4,0.0273,0.23582534
9140,model_4,0.0966,0.08777329
9141,model_4,0.1323,0.1261167
9142,model_4,0.1452,0.18438868
9143,model_4,0.1664,0.32746938
9144,model_4,0.7897,0.6690056
9145,model_4,0.103,0.10828999
9146,model_4,0.4162,0.42526153
9147,model_4,0.4901,0.47499853
9148,model_4,-0.0019,0.020976985
9149,model_4,0.3698,0.3175409
9150,model_4,0.1127,0.082040206
9151,model_4,0.1626,0.21960124
9152,model_4,0.1321,0.12474269
9153,model_4,-0.0495,0.032020845
9154,model_4,0.0541,0.0876777
9155,model_4,-0.0178,0.026135879
9156,model_4,0.5007,0.4866006
9157,model_4,0.6687,0.5571633
9158,model_4,-0.0479,0.03802704
9159,model_4,-0.0499,-0.060678966
9160,model_4,0.17,0.207826
9161,model_4,0.4782,0.42116174
9162,model_4,-0.0079,0.00261336
9163,model_4,0.6023,0.5024371
9164,model_4,0.9052,0.8401574
9165,model_4,0.0009,0.007876003
9166,model_4,0.1406,0.07945117
9167,model_4,0.0091,0.19034646
9168,model_4,0.1015,0.08115286
9169,model_4,-0.0035,-0.028685896
9170,model_4,-0.1553,-0.1155247
9171,model_4,0.2253,0.2684864
9172,model_4,0.6501,0.6311039
9173,model_4,0.2416,0.27475595
9174,model_4,-0.0655,0.06360561
9175,model_4,0.4323,0.42349294
9176,model_4,0.9483,0.9338491
9177,model_4,0.2863,0.26592273
9178,model_4,0.1458,0.016951906
9179,model_4,0.0581,0.085605994
9180,model_4,0.1677,0.18217196
9181,model_4,0.3812,0.4600444
9182,model_4,0.3159,0.25401402
9183,model_4,0.6112,0.61798716
9184,model_4,0.6508,0.6411426
9185,model_4,0.8592,0.7032143
9186,model_4,0.6186,0.6420833
9187,model_4,0.2946,0.23536457
9188,model_4,-0.0513,-0.0068701413
9189,model_4,0.1201,0.1787777
9190,model_4,-0.2098,-0.14950402
9191,model_4,0.4466,0.4994804
9192,model_4,-0.155,-0.16243829
9193,model_4,0.0405,0.06900428
9194,model_4,0.1661,0.13766865
9195,model_4,-0.173,-0.13324271
9196,model_4,0.09,0.125359
9197,model_4,0.3146,0.37749285
9198,model_4,0.5213,0.49744162
9199,model_4,0.1976,0.32085833
9200,model_4,0.202,0.26306075
9201,model_4,0.3496,0.3777428
9202,model_4,0.3103,0.2560024
9203,model_4,0.0956,0.10717882
9204,model_4,0.1671,0.2928697
9205,model_4,0.0342,0.06043417
9206,model_4,0.1086,0.09729681
9207,model_4,0.5722,0.5696678
9208,model_4,0.5164,0.57729864
9209,model_4,0.3901,0.46969858
9210,model_4,0.0555,0.052969337
9211,model_4,0.7691,0.765704
9212,model_4,0.2969,0.29858604
9213,model_4,0.3036,0.3981352
9214,model_4,0.0139,0.007840747
9215,model_4,-0.1405,-0.065738335
9216,model_4,0.1354,0.1806803
9217,model_4,0.1829,0.22894783
9218,model_4,-0.004,0.030331196
9219,model_4,0.0357,0.027495364
9220,model_4,-0.0042,0.032231554
9221,model_4,0.2008,0.23016088
9222,model_4,0.3133,0.28983167
9223,model_4,0.2449,0.30385086
9224,model_4,0.0547,0.2004372
9225,model_4,0.2477,0.24235792
9226,model_4,-0.0964,-0.079322726
9227,model_4,-0.0088,0.021949196
9228,model_4,0.273,0.28405392
9229,model_4,0.0839,0.08158576
9230,model_4,0.1091,0.1665345
9231,model_4,0.4449,0.4172599
9232,model_4,0.2849,0.31503865
9233,model_4,0.2534,0.23219763
9234,model_4,0.4229,0.5330938
9235,model_4,0.2793,0.32090768
9236,model_4,0.3674,0.27849466
9237,model_4,0.3926,0.41831884
9238,model_4,0.2665,0.29877016
9239,model_4,0.3893,0.51222664
9240,model_4,0.3525,0.34095305
9241,model_4,0.0951,0.065704405
9242,model_4,0.2181,0.22724025
9243,model_4,0.1225,0.020965027
9244,model_4,0.1145,0.1520796
9245,model_4,-0.0783,-0.07909981
9246,model_4,-0.0482,-0.034879282
9247,model_4,0.3295,0.41857526
9248,model_4,0.471,0.52616674
9249,model_4,0.0731,0.07482637
9250,model_4,0.163,0.14080921
9251,model_4,0.0915,0.11383304
9252,model_4,0.0015,0.04407434
9253,model_4,0.178,0.14786716
9254,model_4,0.3283,0.2808509
9255,model_4,0.2848,0.26813167
9256,model_4,0.2433,0.042900182
9257,model_4,0.7057,0.68112504
9258,model_4,0.0876,0.17782079
9259,model_4,0.0898,0.12299746
9260,model_4,0.0695,0.062502846
9261,model_4,0.3435,0.3539398
9262,model_4,-0.1082,-0.09746489
9263,model_4,0.1046,0.065011546
9264,model_4,-0.014,-0.006362004
9265,model_4,0.2636,0.3046274
9266,model_4,0.1518,0.08420934
9267,model_4,0.7739,0.7456972
9268,model_4,0.7027,0.6889285
9269,model_4,0.0533,0.042270564
9270,model_4,0.0512,0.049655043
9271,model_4,0.272,0.2741908
9272,model_4,0.4255,0.43724376
9273,model_4,-0.0029,-0.0329991
9274,model_4,-0.0823,-0.095380366
9275,model_4,0.1072,0.18046944
9276,model_4,0.1425,0.2040621
9277,model_4,0.1038,0.45163873
9278,model_4,0.2698,0.18989126
9279,model_4,0.0844,0.070008144
9280,model_4,0.0576,0.061055787
9281,model_4,0.0762,0.106446125
9282,model_4,-0.1801,-0.20645905
9283,model_4,0.0106,-0.0020880532
9284,model_4,0.05,0.04602021
9285,model_4,0.2834,0.31092748
9286,model_4,0.3011,0.26688418
9287,model_4,0.2428,0.2659271
9288,model_4,0.0383,0.06676789
9289,model_4,0.0639,0.038741387
9290,model_4,0.2302,0.30988842
9291,model_4,-0.0431,-0.03869839
9292,model_4,0.4013,0.33175233
9293,model_4,-0.0073,0.0006401632
9294,model_4,0.7943,0.79201615
9295,model_4,0.3901,0.41578275
9296,model_4,0.4267,0.46049878
9297,model_4,0.1293,0.29889998
9298,model_4,0.2189,0.22425547
9299,model_4,0.5944,0.5557745
9300,model_4,0.6693,0.6481073
9301,model_4,0.2613,0.21983434
9302,model_4,0.2571,0.28537694
9303,model_4,0.0608,0.07070677
9304,model_4,0.0778,0.3578762
9305,model_4,0.0823,0.089739
9306,model_4,-0.0534,0.05334744
9307,model_4,0.1749,0.1740839
9308,model_4,0.2962,0.40732223
9309,model_4,0.5192,0.5035641
9310,model_4,0.1508,0.14703864
9311,model_4,0.5797,0.58891416
9312,model_4,0.5159,0.5122276
9313,model_4,0.2282,0.29704073
9314,model_4,-0.0267,0.093356475
9315,model_4,0.0563,0.046315208
9316,model_4,0.8457,0.83024156
9317,model_4,0.2939,0.23912524
9318,model_4,0.7397,0.8613188
9319,model_4,-0.1009,0.006879801
9320,model_4,0.3603,0.38233662
9321,model_4,-0.0011,0.011621969
9322,model_4,-0.0047,0.04023303
9323,model_4,0.1114,0.03329528
9324,model_4,-0.0825,0.095639564
9325,model_4,0.7373,0.802539
9326,model_4,-0.081,-0.0652623
9327,model_4,0.3541,0.44933966
9328,model_4,0.0642,0.05984959
9329,model_4,0.2023,0.23332874
9330,model_4,0.3568,0.33581254
9331,model_4,0.3265,0.38002348
9332,model_4,0.2596,0.13654134
9333,model_4,0.2489,0.31076577
9334,model_4,0.6474,0.6402042
9335,model_4,0.1249,0.106950015
9336,model_4,0.2951,0.35678923
9337,model_4,0.196,0.30465674
9338,model_4,0.7194,0.74022
9339,model_4,0.4165,0.36883673
9340,model_4,0.2483,0.27848873
9341,model_4,0.0259,-0.003602242
9342,model_4,0.2035,0.22292757
9343,model_4,1.1005,0.928459
9344,model_4,0.1838,0.1401302
9345,model_4,0.8401,0.79692304
9346,model_4,0.2459,0.185214
9347,model_4,0.58,0.6534022
9348,model_4,0.2526,0.26834288
9349,model_4,0.6513,0.6607413
9350,model_4,0.0607,0.090646625
9351,model_4,0.1071,0.13094784
9352,model_4,0.3834,0.37904635
9353,model_4,0.5966,0.44406554
9354,model_4,0.2624,0.22789885
9355,model_4,0.1243,0.084077924
9356,model_4,0.045,0.026449995
9357,model_4,-0.0433,-0.07521608
9358,model_4,0.0725,0.12515673
9359,model_4,-0.011,0.020675072
9360,model_4,0.1207,0.14667681
9361,model_4,0.409,0.33750573
9362,model_4,0.0618,0.060050815
9363,model_4,-0.0679,-0.04848396
9364,model_4,0.1566,0.17123997
9365,model_4,-0.1904,-0.16108286
9366,model_4,-0.084,-0.07378663
9367,model_4,0.0609,0.04400529
9368,model_4,0.5172,0.5319435
9369,model_4,0.0232,0.07760105
9370,model_4,0.0828,0.072139785
9371,model_4,0.1113,0.059729174
9372,model_4,0.5179,0.48924074
9373,model_4,0.2514,0.3331206
9374,model_4,0.0332,0.039074615
9375,model_4,0.1674,0.13816445
9376,model_4,0.1602,0.16695677
9377,model_4,0.0589,0.121600434
9378,model_4,0.1073,0.06345788
9379,model_4,0.3232,0.2556999
9380,model_4,0.0338,0.0703714
9381,model_4,0.4093,0.37474445
9382,model_4,0.1483,0.084896445
9383,model_4,0.4418,0.46268728
9384,model_4,1.0954,0.9532776
9385,model_4,0.0752,0.036521323
9386,model_4,0.2606,0.2132983
9387,model_4,0.2895,0.16795506
9388,model_4,0.2589,0.21353027
9389,model_4,0.2065,0.14503072
9390,model_4,0.2511,0.22239138
9391,model_4,0.4819,0.48301592
9392,model_4,-0.1398,-0.10606873
9393,model_4,0.1893,0.079406425
9394,model_4,0.1587,0.18416113
9395,model_4,-0.1323,-0.11761095
9396,model_4,0.7995,0.8221054
9397,model_4,0.7259,0.6609032
9398,model_4,0.1705,0.14851813
9399,model_4,0.2732,0.30042192
9400,model_4,0.3708,0.41812238
9401,model_4,0.7018,0.6961199
9402,model_4,0.6136,0.5921041
9403,model_4,0.2571,0.29464844
9404,model_4,0.2058,0.22313958
9405,model_4,0.2577,0.2519891
9406,model_4,0.4679,0.52134484
9407,model_4,0.0634,0.066119626
9408,model_4,0.0534,0.12385513
9409,model_4,0.021,0.028265977
9410,model_4,0.1929,0.15021643
9411,model_4,0.1163,0.12872459
9412,model_4,0.0669,0.05339002
9413,model_4,0.6328,0.63143206
9414,model_4,0.1073,0.07252459
9415,model_4,0.889,0.834587
9416,model_4,0.1308,0.16263117
9417,model_4,0.1337,0.18060143
9418,model_4,0.705,0.70759344
9419,model_4,0.499,0.5080424
9420,model_4,0.048,0.06474814
9421,model_4,0.1035,0.14473253
9422,model_4,0.2256,0.18766092
9423,model_4,0.9365,0.85016465
9424,model_4,0.0043,0.03982936
9425,model_4,0.5362,0.56085396
9426,model_4,0.2929,0.34930667
9427,model_4,0.1385,0.07221481
9428,model_4,0.1338,0.12859519
9429,model_4,0.3848,0.3590006
9430,model_4,0.2528,0.37967798
9431,model_4,0.1061,0.088302284
9432,model_4,-0.2122,-0.18031484
9433,model_4,0.6565,0.6638073
9434,model_4,0.8133,0.80644226
9435,model_4,0.2406,0.211403
9436,model_4,0.3441,0.39045054
9437,model_4,0.5085,0.5486761
9438,model_4,0.1014,0.118410274
9439,model_4,0.3993,0.42441317
9440,model_4,0.3459,0.30435744
9441,model_4,0.1441,0.13696234
9442,model_4,0.3608,0.36056167
9443,model_4,0.0445,0.012701282
9444,model_4,0.2572,0.17758699
9445,model_4,0.0788,0.061021246
9446,model_4,0.358,0.40163168
9447,model_4,0.6667,0.6501901
9448,model_4,0.4349,0.4140076
9449,model_4,0.2612,0.25265214
9450,model_4,0.3301,0.28081027
9451,model_4,0.0541,0.027200567
9452,model_4,-0.0493,-0.019369898
9453,model_4,0.1598,0.107458256
9454,model_4,0.263,0.218823
9455,model_4,0.2538,0.25680876
9456,model_4,0.9651,0.9287612
9457,model_4,0.2936,0.32549182
9458,model_4,0.2095,0.18232162
9459,model_4,0.1488,0.1417295
9460,model_4,0.1007,0.094452456
9461,model_4,0.2958,0.23674153
9462,model_4,0.3264,0.25124165
9463,model_4,0.5824,0.5614345
9464,model_4,0.4068,0.41717437
9465,model_4,0.2807,0.2623316
9466,model_4,0.1024,0.04335369
9467,model_4,0.0433,-0.06288457
9468,model_4,0.2497,0.20314933
9469,model_4,0.6191,0.58654636
9470,model_4,0.0401,0.012356067
9471,model_4,0.1287,0.2601561
9472,model_4,0.129,0.07554129
9473,model_4,0.7099,0.65586543
9474,model_4,0.3591,0.08132521
9475,model_4,0.1385,0.17621697
9476,model_4,0.4733,0.48616305
9477,model_4,0.1108,0.048314467
9478,model_4,0.8355,0.7521956
9479,model_4,0.419,0.3256133
9480,model_4,0.7787,0.77980137
9481,model_4,0.0843,0.11964075
9482,model_4,0.2513,0.26874694
9483,model_4,0.0007,0.010014253
9484,model_4,0.1305,0.07502319
9485,model_4,0.0379,0.040652774
9486,model_4,0.0179,0.028124029
9487,model_4,0.0682,0.04801996
9488,model_4,0.4679,0.40123114
9489,model_4,0.0004,0.021520035
9490,model_4,0.1013,0.14900218
9491,model_4,0.3108,0.39437035
9492,model_4,0.0511,0.14855139
9493,model_4,0.0347,0.035737142
9494,model_4,0.2153,0.23319624
9495,model_4,0.2857,0.23077624
9496,model_4,0.1179,0.1380389
9497,model_4,0.0575,-0.029279431
9498,model_4,0.2357,0.22504744
9499,model_4,0.1558,0.12503731
9500,model_4,0.4699,0.5312733
9501,model_4,0.126,0.15863805
9502,model_4,0.1459,0.29568195
9503,model_4,0.1339,0.07436364
9504,model_4,-0.0823,0.00071212836
9505,model_4,0.1218,0.071100265
9506,model_4,0.295,0.2938527
9507,model_4,0.0451,0.037695974
9508,model_4,-0.1382,-0.12828629
9509,model_4,0.7228,0.7653235
9510,model_4,0.0411,0.056314148
9511,model_4,-0.0503,0.02018285
9512,model_4,0.1809,0.25705177
9513,model_4,-0.0743,-0.086590014
9514,model_4,0.1692,0.051744297
9515,model_4,-0.0187,-0.064101145
9516,model_4,0.061,0.07815052
9517,model_4,0.0334,0.05576454
9518,model_4,0.148,0.090642884
9519,model_4,0.4291,0.36764744
9520,model_4,0.1265,0.20577429
9521,model_4,0.1887,0.2180456
9522,model_4,0.1974,0.10287307
9523,model_4,0.2446,0.19401857
9524,model_4,0.0241,0.018751273
9525,model_4,0.7444,0.7729578
9526,model_4,0.1523,0.12328872
9527,model_4,0.4218,0.42199975
9528,model_4,0.2543,0.26253
9529,model_4,0.2455,0.2238236
9530,model_4,0.0283,0.04539737
9531,model_4,0.0755,0.048402093
9532,model_4,0.5331,0.49086574
9533,model_4,0.0446,0.12440683
9534,model_4,0.1312,0.19872196
9535,model_4,0.129,0.13360986
9536,model_4,0.9347,0.8791703
9537,model_4,-0.2161,-0.11374351
9538,model_4,0.9059,0.87211734
9539,model_4,0.311,0.28202185
9540,model_4,0.8458,0.86594594
9541,model_4,0.127,0.086339556
9542,model_4,0.3697,0.3966308
9543,model_4,0.0532,0.01754702
9544,model_4,0.6292,0.62652147
9545,model_4,0.2438,0.17863788
9546,model_4,0.4411,0.44320905
9547,model_4,0.3951,0.43386772
9548,model_4,0.1836,0.113612965
9549,model_4,0.2106,0.19783671
9550,model_4,0.5017,0.5313023
9551,model_4,0.3235,0.29341957
9552,model_4,0.3573,0.36582863
9553,model_4,-0.0465,-0.01760616
9554,model_4,0.3984,0.42820293
9555,model_4,0.0441,0.06285827
9556,model_4,0.154,0.106420934
9557,model_4,0.0318,0.12304412
9558,model_4,0.3471,0.4093858
9559,model_4,0.2321,0.19865854
9560,model_4,0.2519,0.29840657
9561,model_4,0.1683,0.1841879
9562,model_4,0.6905,0.631605
9563,model_4,0.7929,0.7894895
9564,model_4,0.2021,0.13860597
9565,model_4,0.202,0.15205772
9566,model_4,0.5684,0.5996361
9567,model_4,0.0214,0.093934484
9568,model_4,0.3543,0.4117613
9569,model_4,0.071,0.10873169
9570,model_4,0.8694,0.8520387
9571,model_4,0.1517,0.17124628
9572,model_4,0.1276,0.1004982
9573,model_4,0.127,0.13341746
9574,model_4,0.0044,-0.055516332
9575,model_4,0.3768,0.21583007
9576,model_4,0.5024,0.3811873
9577,model_4,0.1176,0.028021442
9578,model_4,0.0666,-0.011744885
9579,model_4,0.1956,0.1495751
9580,model_4,0.5414,0.59185755
9581,model_4,0.1355,0.14085805
9582,model_4,0.1167,0.17098698
9583,model_4,0.0611,0.07240822
9584,model_4,0.307,0.35333622
9585,model_4,0.0512,0.0178853
9586,model_4,0.295,0.26208857
9587,model_4,0.1039,0.093169644
9588,model_4,0.7086,0.75034773
9589,model_4,0.1651,0.15728183
9590,model_4,0.1642,0.1991532
9591,model_4,0.1388,0.13733117
9592,model_4,-0.0022,-0.03255386
9593,model_4,0.4457,0.4593058
9594,model_4,-0.0297,0.04867062
9595,model_4,0.2719,0.29371852
9596,model_4,-0.0966,-0.06989085
9597,model_4,0.1048,0.07892116
9598,model_4,0.4069,0.38788328
9599,model_4,0.1997,0.16936673
9600,model_4,-0.0116,0.09197813
9601,model_4,0.2078,0.21823
9602,model_4,0.4836,0.48692527
9603,model_4,0.1863,0.20001432
9604,model_4,0.362,0.120708436
9605,model_4,0.2268,0.15214117
9606,model_4,0.249,0.14227733
9607,model_4,0.4932,0.52754784
9608,model_4,0.292,0.3233165
9609,model_4,0.1233,0.22649367
9610,model_4,0.0517,0.08057638
9611,model_4,0.751,0.6991627
9612,model_4,0.1522,-0.00023911707
9613,model_4,0.1936,0.19737811
9614,model_4,-0.0445,-0.013305141
9615,model_4,0.5298,0.5851473
9616,model_4,0.3741,0.38266617
9617,model_4,0.3903,0.45416418
9618,model_4,0.3642,0.40638
9619,model_4,0.8593,0.85986984
9620,model_4,-0.048,0.0055134837
9621,model_4,-0.0667,-0.079836965
9622,model_4,0.2688,0.28967825
9623,model_4,0.2375,0.18304367
9624,model_4,0.1418,0.13394353
9625,model_4,0.4094,0.42988503
9626,model_4,0.3228,0.37983796
9627,model_4,0.2364,0.24902521
9628,model_4,0.3392,0.3374069
9629,model_4,0.1583,0.17649207
9630,model_4,0.0374,0.028467158
9631,model_4,0.006,-0.05021374
9632,model_4,0.628,0.6551336
9633,model_4,0.277,0.21151389
9634,model_4,0.3404,0.13345031
9635,model_4,0.0868,0.08133093
9636,model_4,0.1473,0.16313726
9637,model_4,0.1708,0.09985663
9638,model_4,0.2602,0.3156156
9639,model_4,0.6417,0.586734
9640,model_4,0.2694,0.14113592
9641,model_4,0.2062,0.25655296
9642,model_4,0.2356,0.27070147
9643,model_4,0.4068,0.36451432
9644,model_4,0.5324,0.41497102
9645,model_4,0.4149,0.48475733
9646,model_4,0.1489,0.1087029
9647,model_4,0.5229,0.53062785
9648,model_4,0.2194,0.23759927
9649,model_4,0.0457,0.009661818
9650,model_4,0.421,0.4595881
9651,model_4,-0.2134,-0.22145472
9652,model_4,0.0274,-0.029754078
9653,model_4,0.2479,0.28199148
9654,model_4,0.2126,0.1520034
9655,model_4,0.261,0.25100133
9656,model_4,0.0767,0.079131305
9657,model_4,0.1906,0.1153198
9658,model_4,0.907,0.8238709
9659,model_4,0.3348,0.3405722
9660,model_4,0.0981,0.11756387
9661,model_4,0.0503,0.04424651
9662,model_4,0.0637,0.052870035
9663,model_4,0.0812,0.07923027
9664,model_4,0.2677,0.2779884
9665,model_4,0.2157,0.23880325
9666,model_4,0.476,0.40856573
9667,model_4,0.0915,0.11204861
9668,model_4,0.2307,0.18713288
9669,model_4,0.4413,0.45268068
9670,model_4,0.4538,0.48935106
9671,model_4,0.1267,0.1963033
9672,model_4,0.0969,0.15997663
9673,model_4,0.5879,0.47837716
9674,model_4,0.3947,0.3224784
9675,model_4,0.8101,0.8414115
9676,model_4,0.0612,-0.011659039
9677,model_4,0.0486,0.05955197
9678,model_4,0.1424,0.07872981
9679,model_4,0.4787,0.43853483
9680,model_4,0.1137,0.13491967
9681,model_4,-0.0505,0.032360308
9682,model_4,0.1446,0.16769893
9683,model_4,0.1384,0.10648276
9684,model_4,0.2114,0.17001852
9685,model_4,0.0085,0.01909157
9686,model_4,-0.1217,-0.10765124
9687,model_4,0.211,0.19804098
9688,model_4,0.2418,0.2121038
9689,model_4,0.3499,0.37557814
9690,model_4,0.2659,0.41773048
9691,model_4,0.4139,0.41975933
9692,model_4,0.2004,0.25871143
9693,model_4,0.1268,0.12968199
9694,model_4,0.4527,0.4502748
9695,model_4,0.0998,0.18615158
9696,model_4,-0.2078,-0.114199564
9697,model_4,0.0751,0.09420957
9698,model_4,0.9662,0.88750786
9699,model_4,0.1911,0.16626154
9700,model_4,-0.0199,-0.037508227
9701,model_4,-0.0262,-0.04593005
9702,model_4,0.1911,0.12790221
9703,model_4,0.1331,0.12641343
9704,model_4,0.2628,0.2885292
9705,model_4,0.4328,0.39099452
9706,model_4,0.1921,0.15675133
9707,model_4,0.317,0.4154347
9708,model_4,0.4629,0.41611022
9709,model_4,0.198,0.30252063
9710,model_4,0.4372,0.50056255
9711,model_4,-0.0902,-0.06730628
9712,model_4,0.2551,0.2784269
9713,model_4,0.5555,0.5788184
9714,model_4,0.8958,0.88098097
9715,model_4,0.1444,0.15213193
9716,model_4,0.1311,0.17845692
9717,model_4,0.3125,0.3318014
9718,model_4,0.4089,0.38061646
9719,model_4,0.077,0.043393545
9720,model_4,0.8549,0.8793194
9721,model_4,0.657,0.62658846
9722,model_4,0.2998,0.32985243
9723,model_4,0.0915,0.11419338
9724,model_4,-0.0765,-0.021538226
9725,model_4,0.0437,0.0010386873
9726,model_4,-0.1632,-0.14906545
9727,model_4,0.2769,0.23730709
9728,model_4,0.1088,0.08273046
9729,model_4,0.4198,0.43205345
9730,model_4,0.1674,0.14616565
9731,model_4,0.3163,0.26624984
9732,model_4,0.2986,0.34991878
9733,model_4,0.0935,0.07767237
9734,model_4,0.1892,0.1955246
9735,model_4,0.8698,0.83897173
9736,model_4,0.2915,0.32601103
9737,model_4,0.035,0.07456657
9738,model_4,0.3009,0.23451369
9739,model_4,0.5048,0.466602
9740,model_4,0.0179,0.034328654
9741,model_4,0.0901,0.020059602
9742,model_4,0.6144,0.5993216
9743,model_4,-0.1085,-0.045115888
9744,model_4,-0.1185,-0.05763717
9745,model_4,0.1697,0.14271255
9746,model_4,0.0187,0.11490752
9747,model_4,0.4266,0.47377923
9748,model_4,0.4312,0.34280506
9749,model_4,0.7237,0.7110202
9750,model_4,0.0761,0.10637421
9751,model_4,0.043,0.03656902
9752,model_4,0.2649,0.32782888
9753,model_4,-0.0154,-0.03411205
9754,model_4,0.083,-0.02772314
9755,model_4,0.0286,0.0046307165
9756,model_4,0.01,0.010655256
9757,model_4,0.2822,0.27229282
9758,model_4,0.6996,0.6686026
9759,model_4,0.7837,0.7678588
9760,model_4,0.1525,0.14995085
9761,model_4,-0.0255,-0.011358937
9762,model_4,0.3336,0.32012233
9763,model_4,0.3572,0.41252354
9764,model_4,0.0421,0.14416125
9765,model_4,0.3091,0.37462094
9766,model_4,0.1278,0.024715254
9767,model_4,0.0406,0.06081274
9768,model_4,-0.0026,0.17086063
9769,model_4,0.7285,0.7136073
9770,model_4,-0.0418,0.03247495
9771,model_4,0.4164,0.4071497
9772,model_4,0.2772,0.23706932
9773,model_4,-0.0162,-0.0041455384
9774,model_4,0.4035,0.4223142
9775,model_4,0.5042,0.51693344
9776,model_4,0.4648,0.49384186
9777,model_4,0.2604,0.3878725
9778,model_4,0.1491,0.1492159
9779,model_4,0.012,-0.01664654
9780,model_4,0.2225,0.3247874
9781,model_4,0.2312,0.07624108
9782,model_4,0.6449,0.63907456
9783,model_4,0.259,0.27443698
9784,model_4,0.1399,0.11988324
9785,model_4,0.4947,0.5283098
9786,model_4,0.0802,0.07433048
9787,model_4,0.0975,0.10073696
9788,model_4,0.1282,0.16874342
9789,model_4,-0.0397,0.05725284
9790,model_4,0.1034,0.05207619
9791,model_4,-0.0912,0.30151567
9792,model_4,0.1344,0.20578824
9793,model_4,0.1877,0.18763305
9794,model_4,0.1106,0.14287089
9795,model_4,0.0884,0.047202572
9796,model_4,0.2197,0.18301086
9797,model_4,-0.0719,-0.042678103
9798,model_4,-0.0219,0.040376164
9799,model_4,0.2138,0.21261834
9800,model_4,-0.0576,-0.10294573
9801,model_4,0.5599,0.548231
9802,model_4,0.235,0.08857465
9803,model_4,0.0638,-0.0076918732
9804,model_4,0.1023,0.1026653
9805,model_4,0.4621,0.37715128
9806,model_4,0.1566,0.27951878
9807,model_4,-0.0475,-0.06445302
9808,model_4,0.2673,0.2823718
9809,model_4,0.0987,0.17565142
9810,model_4,0.3588,0.1396198
9811,model_4,-0.0981,-0.08727984
9812,model_4,0.2204,0.28135198
9813,model_4,0.3277,0.46166453
9814,model_4,0.0259,0.010683799
9815,model_4,0.0245,0.061421774
9816,model_4,0.0752,0.019406954
9817,model_4,-0.2074,-0.18143912
9818,model_4,0.1601,0.17586644
9819,model_4,0.3877,0.31168562
9820,model_4,0.3747,0.16005878
9821,model_4,0.0725,0.06928064
9822,model_4,0.3704,0.21779336
9823,model_4,-0.0659,0.007645162
9824,model_4,0.3402,0.17727533
9825,model_4,0.4117,0.43473712
9826,model_4,0.2663,0.2697678
9827,model_4,0.7291,0.6920268
9828,model_4,-0.0922,-0.18284579
9829,model_4,0.1399,0.10613421
9830,model_4,0.221,0.17852335
9831,model_4,0.415,0.44511777
9832,model_4,0.0691,0.14065461
9833,model_4,0.0356,0.026017519
9834,model_4,0.418,0.45606276
9835,model_4,0.3318,0.4350739
9836,model_4,0.1023,0.12106551
9837,model_4,0.6491,0.6270132
9838,model_4,0.203,0.14177786
9839,model_4,0.2804,0.22345045
9840,model_4,0.3307,0.49427053
9841,model_4,0.3233,0.37928784
9842,model_4,0.1961,0.12906606
9843,model_4,0.0142,0.11023033
9844,model_4,0.3291,0.2288326
9845,model_4,0.2404,0.2472045
9846,model_4,0.2357,0.20083517
9847,model_4,0.4767,0.5141356
9848,model_4,-0.0691,-0.01562581
9849,model_4,0.1162,0.120266855
9850,model_4,0.0803,0.0664205
9851,model_4,0.1129,0.07803688
9852,model_4,0.348,0.3915347
9853,model_4,0.8981,0.9346327
9854,model_4,0.1843,0.23434223
9855,model_4,0.194,0.22465968
9856,model_4,0.1941,0.31245905
9857,model_4,0.5945,0.5330575
9858,model_4,0.3253,0.37362581
9859,model_4,0.7907,0.7655808
9860,model_4,0.5632,0.5400076
9861,model_4,0.2268,0.19524296
9862,model_4,0.0569,0.026720056
9863,model_4,0.0205,0.11928438
9864,model_4,0.4199,0.43510318
9865,model_4,0.147,0.10025933
9866,model_4,0.0188,0.04111419
9867,model_4,-0.1539,-0.17423706
9868,model_4,0.1318,0.10493702
9869,model_4,0.1675,0.3093021
9870,model_4,-0.2495,-0.20796181
9871,model_4,0.3716,0.383846
9872,model_4,0.1775,0.14268143
9873,model_4,0.417,0.43760365
9874,model_4,0.4731,0.5648397
9875,model_4,-0.0632,-0.029742753
9876,model_4,-0.0378,-0.016705556
9877,model_4,0.1285,0.13931169
9878,model_4,0.5484,0.60077024
9879,model_4,0.5413,0.499279
9880,model_4,0.3591,0.4552305
9881,model_4,0.2468,0.26475182
9882,model_4,0.6208,0.6037544
9883,model_4,0.2782,0.24941091
9884,model_4,0.4231,0.5254955
9885,model_4,0.1098,0.13566865
9886,model_4,0.1322,0.10544364
9887,model_4,-0.0513,0.05235754
9888,model_4,0.3671,0.23463686
9889,model_4,0.1984,0.2509103
9890,model_4,0.4609,0.5358864
9891,model_4,0.2129,0.19060369
9892,model_4,0.3308,0.26356322
9893,model_4,0.5332,0.5022762
9894,model_4,0.1051,0.057351865
9895,model_4,0.1219,0.07596135
9896,model_4,0.3184,0.45724162
9897,model_4,0.5127,0.5793065
9898,model_4,-0.0418,-0.04723861
9899,model_4,0.2453,0.2314262
9900,model_4,-0.0526,-0.029208167
9901,model_4,0.2302,0.18403956
9902,model_4,0.2048,0.048770398
9903,model_4,0.5012,0.48183328
9904,model_4,0.0247,0.03548929
9905,model_4,0.3498,0.2929049
9906,model_4,0.2581,0.2399083
9907,model_4,0.2902,0.2681288
9908,model_4,0.127,0.15010957
9909,model_4,0.1738,0.19688942
9910,model_4,0.3216,0.25908148
9911,model_4,0.2038,0.23142172
9912,model_4,0.3106,0.33899525
9913,model_4,0.2261,0.2630973
9914,model_4,0.119,0.09179488
9915,model_4,0.6291,0.49882868
9916,model_4,0.1265,0.10656564
9917,model_4,0.6135,0.6170609
9918,model_4,0.2088,0.24364527
9919,model_4,0.6576,0.62951267
9920,model_4,0.2223,0.26348728
9921,model_4,0.1441,0.0974029
9922,model_4,0.1135,0.16228336
9923,model_4,0.1723,0.169996
9924,model_4,0.0413,0.17955609
9925,model_4,0.0305,0.032547317
9926,model_4,0.2661,0.32381
9927,model_4,-0.2272,-0.15121843
9928,model_4,0.1897,0.21917392
9929,model_4,0.1463,-0.028514711
9930,model_4,0.0954,0.14584029
9931,model_4,0.1637,0.24609573
9932,model_4,-0.0082,0.0024649743
9933,model_4,0.0324,0.037903048
9934,model_4,0.1432,0.12166773
9935,model_4,0.6276,0.594311
9936,model_4,0.5317,0.5607042
9937,model_4,0.3003,0.28638676
9938,model_4,0.4644,0.43212193
9939,model_4,0.6357,0.59963644
9940,model_4,0.1275,0.14330092
9941,model_4,0.0118,-0.034220107
9942,model_4,-0.0672,-0.052315548
9943,model_4,0.6828,0.5915359
9944,model_4,0.2908,0.2633776
9945,model_4,0.4486,0.46654865
9946,model_4,0.035,0.063952
9947,model_4,0.1286,0.14881667
9948,model_4,0.3044,0.3879463
9949,model_4,0.3054,0.38651112
9950,model_4,0.0887,0.12549178
9951,model_4,0.303,0.25829533
9952,model_4,0.0947,0.07429369
9953,model_4,0.3285,-0.05203639
9954,model_4,0.1502,0.043227576
9955,model_4,0.6467,0.55692106
9956,model_4,0.1569,0.08150223
9957,model_4,0.3489,0.3037617
9958,model_4,0.2395,0.1741016
9959,model_4,0.0002,0.016475784
9960,model_4,0.1714,0.1918283
9961,model_4,0.1372,0.22544645
9962,model_4,0.551,0.576596
9963,model_4,0.245,0.24583904
9964,model_4,0.1127,-0.00061140023
9965,model_4,0.0346,0.12527125
9966,model_4,1.0469,0.9843558
9967,model_4,0.1668,0.1888625
9968,model_4,-0.0004,0.021034995
9969,model_4,0.0281,-0.007341413
9970,model_4,0.2422,0.32400998
9971,model_4,0.0906,0.16722648
9972,model_4,0.6866,0.60508
9973,model_4,0.2193,0.23729001
9974,model_4,0.2241,0.2212568
9975,model_4,0.1189,-0.0066972207
9976,model_4,0.0681,0.01709182
9977,model_4,0.1981,0.17337388
9978,model_4,0.7888,0.7654649
9979,model_4,-0.1117,-0.1482449
9980,model_4,0.3695,0.34261778
9981,model_4,0.2163,0.25475854
9982,model_4,-0.0374,-0.016237779
9983,model_4,0.3276,0.27596352
9984,model_4,0.2161,0.19498558
9985,model_4,-0.0338,0.08948273
9986,model_4,0.1964,0.28407308
9987,model_4,0.2197,0.18923923
9988,model_4,0.0488,-0.03368388
9989,model_4,-0.0139,-0.0032154452
9990,model_4,0.358,0.3888179
9991,model_4,0.0146,0.0066741053
9992,model_4,0.1459,0.10731344
9993,model_4,0.0515,0.02682397
9994,model_4,-0.191,-0.19704139
9995,model_4,0.0064,0.07572556
9996,model_4,0.2378,0.30146736
9997,model_4,0.0804,0.08753824
9998,model_4,0.5507,0.2890434
9999,model_4,-0.1189,-0.12982862
10000,model_4,0.1737,0.15519391
10001,model_4,0.1549,0.16713
10002,model_4,-0.1279,-0.009346193
10003,model_4,0.1672,0.3143378
10004,model_4,0.191,0.1075128
10005,model_4,0.0489,0.055188626
10006,model_4,0.2186,0.20232639
10007,model_4,0.4036,0.45031708
10008,model_4,0.1032,0.12780622
10009,model_4,0.3471,0.37424704
10010,model_4,0.1593,0.15943445
10011,model_4,0.2669,0.22402363
10012,model_4,0.1294,0.04226722
10013,model_4,0.7793,0.7304578
10014,model_4,0.4005,0.4403271
10015,model_4,0.9503,0.94923884
10016,model_4,0.0115,0.02586289
10017,model_4,0.1465,0.19350561
10018,model_4,0.121,0.079092786
10019,model_4,0.2244,0.3784017
10020,model_4,0.7301,0.68511575
10021,model_4,0.0773,0.06706102
10022,model_4,0.1666,0.20605238
10023,model_4,0.4267,0.41789404
10024,model_4,0.2615,0.44126603
10025,model_4,0.0818,0.08560243
10026,model_4,0.1295,0.29965132
10027,model_4,0.3442,0.41722736
10028,model_4,0.3666,0.371106
10029,model_4,0.396,0.409504
10030,model_4,0.7715,0.7224637
10031,model_4,0.4563,0.45837003
10032,model_4,0.7455,0.7007401
10033,model_4,0.1853,0.24749468
10034,model_4,1.0633,0.95713824
10035,model_4,0.2337,0.26219985
10036,model_4,-0.0135,0.06440012
10037,model_4,0.1296,0.18147181
10038,model_4,0.1512,0.12523618
10039,model_4,0.0931,0.039477393
10040,model_4,0.0005,-0.03403545
10041,model_4,0.3708,0.4657921
10042,model_4,0.3079,0.20038736
10043,model_4,-0.042,-0.0060585793
10044,model_4,0.627,0.6662274
10045,model_4,0.2661,0.3226218
10046,model_4,0.0493,0.081611425
10047,model_4,0.4473,0.2880473
10048,model_4,0.0444,0.024071345
10049,model_4,0.4475,0.31245562
10050,model_4,0.1068,0.09671173
10051,model_4,0.0387,0.047288075
10052,model_4,0.8357,0.7710382
10053,model_4,0.1957,0.21056633
10054,model_4,0.1534,0.19765607
10055,model_4,0.1778,0.20453519
10056,model_4,0.082,0.090809554
10057,model_4,0.0983,0.07511468
10058,model_4,0.1909,0.14136486
10059,model_4,-0.1421,-0.046797134
10060,model_4,0.3538,0.35131773
10061,model_4,0.0383,0.027896049
10062,model_4,0.1273,0.13787535
10063,model_4,0.229,0.18844666
10064,model_4,0.7005,0.4986774
10065,model_4,0.2638,0.10922673
10066,model_4,0.2175,0.24278505
10067,model_4,0.2979,0.28868756
10068,model_4,0.0459,0.063855566
10069,model_4,0.0454,0.046724424
10070,model_4,-0.0247,-0.014662629
10071,model_4,-0.0405,0.027359756
10072,model_4,0.8188,0.8207042
10073,model_4,0.0055,0.005517835
10074,model_4,0.3056,0.3393036
10075,model_4,0.1291,0.23968662
10076,model_4,0.1137,0.098479755
10077,model_4,0.1191,0.11343807
10078,model_4,0.5019,0.5024024
10079,model_4,0.4398,0.3919228
10080,model_4,0.0995,0.070296116
10081,model_4,0.4024,0.43798366
10082,model_4,-0.0104,0.04981722
10083,model_4,0.0802,0.047350846
10084,model_4,0.243,0.2279212
10085,model_4,0.3213,0.36354288
10086,model_4,0.1324,0.119357064
10087,model_4,0.0276,0.10793905
10088,model_4,0.1115,0.109822884
10089,model_4,0.2279,0.26635653
10090,model_4,0.1277,0.23322456
10091,model_4,0.1345,0.18935424
10092,model_4,0.6448,0.55509824
10093,model_4,0.0634,0.103518285
10094,model_4,0.1931,0.1841564
10095,model_4,-0.0443,0.04571165
10096,model_4,0.5976,0.5566224
10097,model_4,0.4237,0.4199713
10098,model_4,0.4184,0.4691815
10099,model_4,0.2369,0.19003235
10100,model_4,0.3262,0.35417613
10101,model_4,0.1064,0.26563725
10102,model_4,0.2266,0.25574645
10103,model_4,0.3056,0.33057097
10104,model_4,0.1059,0.029173883
10105,model_4,0.1512,0.17795016
10106,model_4,0.6412,0.66341496
10107,model_4,-0.1093,-0.1433394
10108,model_4,0.197,0.17780584
10109,model_4,0.2793,0.095207214
10110,model_4,0.0949,0.15014459
10111,model_4,0.0941,0.12730518
10112,model_4,0.2681,0.12760685
10113,model_4,0.1506,0.042974457
10114,model_4,0.541,0.13261075
10115,model_4,-0.197,-0.09075945
10116,model_4,0.0207,0.027941423
10117,model_4,0.1612,0.1299969
10118,model_4,0.2976,0.22519398
10119,model_4,0.1053,0.05486176
10120,model_4,0.0605,0.07981244
10121,model_4,0.203,0.14570722
10122,model_4,0.5301,0.55871546
10123,model_4,0.0644,0.0633863
10124,model_4,0.0101,0.095925964
10125,model_4,0.0735,0.050889403
10126,model_4,0.2993,0.49265817
10127,model_4,0.2165,0.115834236
10128,model_4,0.1326,0.10788576
10129,model_4,0.2096,0.2134576
10130,model_4,0.2176,0.23813899
10131,model_4,0.0781,0.11059637
10132,model_4,0.5963,0.50788224
10133,model_4,0.4866,0.47908708
10134,model_4,0.0308,0.039025716
10135,model_4,0.1031,0.08581188
10136,model_4,0.5107,0.5253713
10137,model_4,0.1572,0.1686681
10138,model_4,0.0631,0.089476444
10139,model_4,0.0194,0.017947638
10140,model_4,0.2488,0.18502955
10141,model_4,0.3295,0.31219408
10142,model_4,0.0123,0.07323465
10143,model_4,0.3926,0.43822935
10144,model_4,0.494,0.48420516
10145,model_4,-0.0401,-0.008949434
10146,model_4,0.4773,0.23198998
10147,model_4,0.3363,0.2945203
10148,model_4,0.0693,0.063354135
10149,model_4,0.095,0.095854886
10150,model_4,-0.0204,0.062058993
10151,model_4,0.4606,0.28427354
10152,model_4,0.2732,0.18827064
10153,model_4,-0.221,-0.04050506
10154,model_4,0.2259,0.19997704
10155,model_4,0.1978,0.2211266
10156,model_4,0.8971,0.89192903
10157,model_4,0.3388,0.39567226
10158,model_4,0.0889,0.1706574
10159,model_4,0.3391,0.33833838
10160,model_4,0.347,0.32705733
10161,model_4,-0.0311,-0.013673348
10162,model_4,0.0086,0.04491353
10163,model_4,0.2081,0.2840686
10164,model_4,0.3199,0.32212138
10165,model_4,0.3753,0.31139123
10166,model_4,0.571,0.5464752
10167,model_4,0.2248,0.2013389
10168,model_4,0.4147,0.37303537
10169,model_4,0.0817,0.13301037
10170,model_4,0.1542,0.16483997
10171,model_4,0.3194,0.42544287
10172,model_4,0.1097,0.12274201
10173,model_4,0.1974,0.11020081
10174,model_4,0.1406,0.088529214
10175,model_4,0.3283,0.29919025
10176,model_4,-0.0121,-0.010098187
10177,model_4,0.816,0.8582339
10178,model_4,0.0789,0.23214535
10179,model_4,-0.0363,-0.11498527
10180,model_4,0.1535,0.13665925
10181,model_4,0.3245,0.39659408
10182,model_4,0.005,0.04087209
10183,model_4,0.079,0.009792389
10184,model_4,0.2828,0.2990786
10185,model_4,0.6512,0.6759188
10186,model_4,0.0492,0.115713924
10187,model_4,0.3056,0.32946876
10188,model_4,0.1809,0.10569828
10189,model_4,0.1179,0.060642093
10190,model_4,0.3913,0.21160008
10191,model_4,0.3729,0.4099358
10192,model_4,0.1774,0.17382787
10193,model_4,0.078,0.06387714
10194,model_4,0.0252,0.065758735
10195,model_4,0.1526,0.07941234
10196,model_4,0.0115,0.14244533
10197,model_4,0.9149,0.8963388
10198,model_4,0.2847,0.27755326
10199,model_4,0.2467,0.2128521
10200,model_4,0.2093,0.15788777
10201,model_4,0.1879,0.1211022
10202,model_4,0.1796,0.21654628
10203,model_4,0.2218,0.19915047
10204,model_4,0.5081,0.4882628
10205,model_4,0.0782,0.06450537
10206,model_4,0.1901,0.25012666
10207,model_4,0.6441,0.68387234
10208,model_4,0.0603,0.08138935
10209,model_4,0.0707,0.074763134
10210,model_4,-0.0354,-0.040856004
10211,model_4,0.1585,0.2098065
10212,model_4,0.0387,0.07286992
10213,model_4,0.0831,0.06646216
10214,model_4,0.2568,0.27990413
10215,model_4,0.0097,0.04505012
10216,model_4,0.3818,0.44775793
10217,model_4,0.316,0.36079302
10218,model_4,-0.1671,-0.1099118
10219,model_4,-0.2004,-0.108585626
10220,model_4,0.0032,0.022798853
10221,model_4,0.1909,0.14260694
10222,model_4,0.0881,0.06792341
10223,model_4,0.3561,0.268146
10224,model_4,0.0406,0.014644863
10225,model_4,0.3386,0.29155737
10226,model_4,0.4512,0.35636166
10227,model_4,0.3188,0.323221
10228,model_4,-0.0581,-0.11368932
10229,model_4,0.1224,0.038344234
10230,model_4,0.2503,0.11733596
10231,model_4,0.3742,0.29551533
10232,model_4,0.2559,0.31341228
10233,model_4,0.251,0.19788364
10234,model_4,0.8897,0.86680543
10235,model_4,0.2299,0.24112992
10236,model_4,0.3352,0.35424647
10237,model_4,0.2725,0.23184411
10238,model_4,-0.0393,0.023522789
10239,model_4,0.341,0.24549724
10240,model_4,-0.1158,0.008557061
10241,model_4,0.1794,0.28843838
10242,model_4,0.6834,0.70293826
10243,model_4,0.0123,0.011017675
10244,model_4,0.0318,0.12420097
10245,model_4,0.4215,0.4030743
10246,model_4,0.1461,0.22268273
10247,model_4,0.4939,0.60097814
10248,model_4,0.2,0.17061256
10249,model_4,-0.0005,0.0050525833
10250,model_4,0.2523,0.13039413
10251,model_4,0.3581,0.50153005
10252,model_4,0.0932,0.08542724
10253,model_4,0.3157,0.31350568
10254,model_4,0.3824,0.38033
10255,model_4,0.2338,0.38849685
10256,model_4,0.7108,0.72678983
10257,model_4,0.273,0.12291621
10258,model_4,0.7293,0.70001507
10259,model_4,0.0767,0.110436365
10260,model_4,0.2564,0.25905484
10261,model_4,0.2476,0.2561932
10262,model_4,0.2067,0.1907285
10263,model_4,0.1913,0.14369573
10264,model_4,0.0675,0.059068166
10265,model_4,-0.0054,-0.08712065
10266,model_4,0.2115,0.19094251
10267,model_4,0.13,0.09761285
10268,model_4,0.4002,0.42638764
10269,model_4,0.2019,0.26296514
10270,model_4,0.2081,0.16403222
10271,model_4,0.1041,0.12610121
10272,model_4,0.2262,0.16216458
10273,model_4,0.2419,0.31624398
10274,model_4,0.1488,0.17836098
10275,model_4,0.4167,0.47848997
10276,model_4,0.3476,0.3478748
10277,model_4,0.1692,0.23211469
10278,model_4,0.0908,0.08500727
10279,model_4,0.4398,0.47721553
10280,model_4,0.1441,0.22819023
10281,model_4,-0.151,-0.16742915
10282,model_4,0.2805,-0.052498154
10283,model_4,0.0563,0.06721756
10284,model_4,-0.0013,0.03064985
10285,model_4,0.3462,0.23720925
10286,model_4,0.1595,0.1523307
10287,model_4,0.1481,0.1883347
10288,model_4,0.1656,0.16827537
10289,model_4,0.882,0.876201
10290,model_4,0.4558,0.46796387
10291,model_4,-0.0536,-0.06017012
10292,model_4,0.1436,0.13453104
10293,model_4,0.1817,0.19351141
10294,model_4,0.1295,0.109632984
10295,model_4,0.0757,0.06630038
10296,model_4,0.1167,0.047494814
10297,model_4,0.0541,0.0566784
10298,model_4,0.0337,-0.06878734
10299,model_4,0.6602,0.60264564
10300,model_4,0.0268,0.020226369
10301,model_4,0.0422,0.02962088
10302,model_4,0.1782,0.08935134
10303,model_4,0.4441,0.4415998
10304,model_4,0.0323,0.040083162
10305,model_4,0.6639,0.60561305
10306,model_4,0.0376,0.08823942
10307,model_4,0.5638,0.58218145
10308,model_4,0.2352,0.2341085
10309,model_4,0.0876,0.04082498
10310,model_4,-0.1387,-0.108111806
10311,model_4,0.5722,0.55999756
10312,model_4,0.2226,0.23548634
10313,model_4,0.8884,0.8896619
10314,model_4,0.227,0.20255686
10315,model_4,0.2463,0.22174026
10316,model_4,0.5207,0.5048599
10317,model_4,0.3029,0.30410174
10318,model_4,0.2458,0.23673959
10319,model_4,0.0555,0.011812719
10320,model_4,0.2703,0.31672812
10321,model_4,0.1372,0.110915884
10322,model_4,-0.076,-0.06459534
10323,model_4,0.2013,0.17471696
10324,model_4,0.1571,0.16829379
10325,model_4,0.2774,0.2162988
10326,model_4,0.7497,0.7964277
10327,model_4,0.3513,0.20907529
10328,model_4,0.1974,0.28399768
10329,model_4,0.0347,0.049930967
10330,model_4,-0.1634,-0.11680489
10331,model_4,0.0919,0.024693811
10332,model_4,0.2581,0.27859545
10333,model_4,0.2677,0.28707188
10334,model_4,0.6615,0.65259653
10335,model_4,0.2844,0.3966737
10336,model_4,0.2768,0.257207
10337,model_4,0.0322,0.0125709195
10338,model_4,0.4114,0.42087486
10339,model_4,0.2891,0.35343894
10340,model_4,-0.1213,-0.09953441
10341,model_4,0.0137,0.0707431
10342,model_4,0.4425,0.51088685
10343,model_4,0.171,0.2272617
10344,model_4,-0.1109,-0.10246451
10345,model_4,0.3187,0.3417383
10346,model_4,0.034,-0.029870307
10347,model_4,0.0391,0.051350713
10348,model_4,0.278,0.15873918
10349,model_4,-0.0065,0.03156659
10350,model_4,0.0317,0.03685364
10351,model_4,0.2692,0.20130515
10352,model_4,0.3194,0.34817398
10353,model_4,0.0552,0.043773063
10354,model_4,0.1209,0.044448666
10355,model_4,0.2694,0.34585625
10356,model_4,0.2114,0.18425594
10357,model_4,0.0968,0.07851685
10358,model_4,0.2243,0.1900023
10359,model_4,0.1315,0.15325743
10360,model_4,0.4578,0.592499
10361,model_4,0.7186,0.70690763
10362,model_4,0.7336,0.7477565
10363,model_4,0.2202,0.18623918
10364,model_4,0.2336,0.26030424
10365,model_4,0.1791,0.18992029
10366,model_4,0.5939,0.558257
10367,model_4,0.4736,0.5209443
10368,model_4,0.6839,0.76789653
10369,model_4,0.4972,0.56927025
10370,model_4,0.0961,0.11059205
10371,model_4,0.0988,0.15418655
10372,model_4,0.3287,0.3222347
10373,model_4,0.3233,0.2676363
10374,model_4,-0.0581,-0.0372542
10375,model_4,0.0896,0.13578737
10376,model_4,0.6775,0.7420252
10377,model_4,0.3069,0.27021253
10378,model_4,-0.0195,-0.07390779
10379,model_4,0.0418,0.000993723
10380,model_4,0.1425,0.16177386
10381,model_4,-0.1394,-0.13270196
10382,model_4,0.5988,0.63399506
10383,model_4,-0.047,-0.030691488
10384,model_4,0.0816,0.026182914
10385,model_4,0.2695,0.15040632
10386,model_4,0.1244,0.04876978
10387,model_4,0.1779,0.2145123
10388,model_4,0.6033,0.64459145
10389,model_4,0.1064,0.035161816
10390,model_4,0.046,0.08096855
10391,model_4,0.1202,0.095556214
10392,model_4,0.5019,0.39670488
10393,model_4,0.0017,0.035005093
10394,model_4,0.3738,0.34546492
10395,model_4,0.0798,0.06963833
10396,model_4,0.3139,0.3721477
10397,model_4,0.2962,0.31874076
10398,model_4,0.4756,0.51829046
10399,model_4,0.1559,0.16450928
10400,model_4,0.8671,0.81838834
10401,model_4,0.0357,0.009292761
10402,model_4,0.0232,0.072488144
10403,model_4,0.2867,0.20874958
10404,model_4,0.2936,0.36068088
10405,model_4,0.3752,0.3915842
10406,model_4,0.3892,0.37970427
10407,model_4,0.0857,0.14000781
10408,model_4,-0.1297,-0.08938418
10409,model_4,0.3019,0.33214882
10410,model_4,0.0906,0.03355691
10411,model_4,0.0705,-0.03057651
10412,model_4,0.0892,0.02777143
10413,model_4,0.0534,0.02033952
10414,model_4,0.3242,0.2715493
10415,model_4,0.4617,0.46322212
10416,model_4,-0.1094,-0.061221592
10417,model_4,0.2628,0.21221061
10418,model_4,0.4246,0.32057703
10419,model_4,0.3841,0.38046387
10420,model_4,0.0125,0.04271862
10421,model_4,0.2735,0.30230471
10422,model_4,0.3603,0.33952552
10423,model_4,0.7488,0.64027655
10424,model_4,0.3669,0.34769765
10425,model_4,0.4798,0.42230847
10426,model_4,0.2088,0.21420324
10427,model_4,0.2065,0.28941637
10428,model_4,0.4067,0.44152054
10429,model_4,0.4177,0.24599548
10430,model_4,0.05,0.060952798
10431,model_4,-0.0858,-0.12843822
10432,model_4,0.3011,0.39584062
10433,model_4,0.0367,0.061132133
10434,model_4,0.1726,0.18402757
10435,model_4,0.2722,0.1440647
10436,model_4,0.007,0.009083541
10437,model_4,0.1991,0.27073836
10438,model_4,0.1447,0.12001252
10439,model_4,0.9204,0.8964475
10440,model_4,0.1682,0.08411446
10441,model_4,0.3648,0.23542513
10442,model_4,0.0616,0.08087181
10443,model_4,0.9915,0.9391465
10444,model_4,-0.013,0.024738299
10445,model_4,0.4678,0.42453268
10446,model_4,0.4732,0.5316006
10447,model_4,0.1624,0.30053875
10448,model_4,0.0874,-0.0030333456
10449,model_4,0.2213,0.24032845
10450,model_4,0.1921,0.026221747
10451,model_4,0.6105,0.6142225
10452,model_4,0.2677,0.10758978
10453,model_4,0.0104,0.018268177
10454,model_4,0.2394,0.17804626
10455,model_4,0.2982,0.259767
10456,model_4,0.0512,0.08277142
10457,model_4,0.4783,0.5039451
10458,model_4,-0.0343,-0.13275996
10459,model_4,-0.0991,-0.12600781
10460,model_4,-0.1123,-0.06063588
10461,model_4,0.2391,0.24701135
10462,model_4,0.5738,0.24020906
10463,model_4,0.2239,0.08761726
10464,model_4,0.051,0.03652785
10465,model_4,-0.1367,-0.08309774
10466,model_4,0.3705,0.39205268
10467,model_4,0.1093,0.10364266
10468,model_4,0.1749,0.2071325
10469,model_4,0.1765,0.18996559
10470,model_4,0.0555,0.098132126
10471,model_4,0.2369,0.2619758
10472,model_4,0.0737,0.072670594
10473,model_4,0.0739,0.16412823
10474,model_4,0.0349,0.22739895
10475,model_4,0.1911,0.21060784
10476,model_4,0.4731,0.39904192
10477,model_4,0.6034,0.5644126
10478,model_4,0.1201,0.15884516
10479,model_4,0.4201,0.4391171
10480,model_4,0.0998,0.10802409
10481,model_4,0.3019,0.25304803
10482,model_4,0.2721,0.39973888
10483,model_4,0.5276,0.49932864
10484,model_4,-0.1083,-0.04765901
10485,model_4,0.2696,0.23767628
10486,model_4,-0.0311,0.15881646
10487,model_4,0.2508,0.31415945
10488,model_4,0.3039,0.30771565
10489,model_4,-0.0314,0.002126718
10490,model_4,0.3863,0.40157887
10491,model_4,0.1919,0.23795716
10492,model_4,-0.0266,-0.030398263
10493,model_4,-0.0687,-0.04753676
10494,model_4,0.3339,0.32360545
10495,model_4,0.0969,0.15082426
10496,model_4,0.7938,0.7489489
10497,model_4,0.5657,0.59483397
10498,model_4,0.1286,0.08726455
10499,model_4,0.3885,0.45765397
10500,model_4,-0.0489,-0.04607155
10501,model_4,0.255,0.30238506
10502,model_4,0.0386,0.11631848
10503,model_4,0.5836,0.57379997
10504,model_4,0.3233,0.2866633
10505,model_4,0.4311,0.47445086
10506,model_4,0.0128,0.037093975
10507,model_4,0.0126,0.018728795
10508,model_4,0.2527,0.37588573
10509,model_4,0.0752,0.05286952
10510,model_4,0.334,0.2603634
10511,model_4,0.0758,0.06618413
10512,model_4,0.3366,0.045304194
10513,model_4,0.1089,0.105340034
10514,model_4,0.1692,0.12389599
10515,model_4,0.2228,0.22979935
10516,model_4,0.0287,0.05073574
10517,model_4,0.4356,0.42257908
10518,model_4,0.0859,0.06790209
10519,model_4,0.6341,0.6427218
10520,model_4,0.0561,0.059839793
10521,model_4,0.0566,0.085624464
10522,model_4,0.1331,0.1692732
10523,model_4,0.066,0.17494759
10524,model_4,0.0936,0.07650499
10525,model_4,0.2449,0.3149231
10526,model_4,-0.0098,0.03372331
10527,model_4,0.1675,0.10948327
10528,model_4,0.4185,0.40373513
10529,model_4,0.1566,0.19673651
10530,model_4,0.3762,0.32791176
10531,model_4,-0.0079,-0.02554064
10532,model_4,0.0353,0.049345702
10533,model_4,0.1644,0.093138084
10534,model_4,0.0658,0.0979931
10535,model_4,0.3621,0.266186
10536,model_4,0.1763,0.28321698
10537,model_4,0.2067,0.18576643
10538,model_4,0.3036,0.26098603
10539,model_4,0.1705,0.20016177
10540,model_4,0.0643,0.06572431
10541,model_4,0.2181,0.22485022
10542,model_4,0.359,0.19667788
10543,model_4,0.7038,0.7209005
10544,model_4,0.0609,0.10011811
10545,model_4,-0.0449,-0.04097046
10546,model_4,0.1028,0.10740528
10547,model_4,0.1165,0.11035685
10548,model_4,0.1325,0.19311047
10549,model_4,0.4258,0.43667495
10550,model_4,0.113,0.08076237
10551,model_4,0.2893,0.30334172
10552,model_4,0.0332,0.14358418
10553,model_4,0.417,0.46663883
10554,model_4,0.0296,0.021949267
10555,model_4,0.3096,0.33941045
10556,model_4,0.4775,0.3663307
10557,model_4,0.0254,-0.013709998
10558,model_4,-0.0355,-0.03723289
10559,model_4,0.1213,0.08517043
10560,model_4,0.1306,0.09693912
10561,model_4,0.0947,0.123685285
10562,model_4,0.0422,0.0011223648
10563,model_4,-0.1869,-0.17035021
10564,model_4,0.0338,0.02099743
10565,model_4,0.093,0.05161558
10566,model_4,0.4244,0.4251416
10567,model_4,0.146,0.10805328
10568,model_4,0.2625,0.32622623
10569,model_4,0.6186,0.5395376
10570,model_4,0.6094,0.48962572
10571,model_4,-0.155,-0.16819933
10572,model_4,-0.0334,0.0027619023
10573,model_4,0.1951,0.24923034
10574,model_4,0.2711,0.30437982
10575,model_4,0.0548,0.007612841
10576,model_4,0.754,0.662305
10577,model_4,-0.0088,0.043348268
10578,model_4,0.353,0.44289243
10579,model_4,0.2414,0.13996479
10580,model_4,0.2154,0.26525378
10581,model_4,0.0493,0.17821631
10582,model_4,0.3207,0.26755163
10583,model_4,0.1382,0.1455917
10584,model_4,-0.1783,-0.07363784
10585,model_4,0.8257,0.79504585
10586,model_4,0.4864,0.50932646
10587,model_4,0.6914,0.61309546
10588,model_4,0.1373,0.2692795
10589,model_4,0.2125,0.28315663
10590,model_4,0.2492,0.16500133
10591,model_4,0.5314,0.49428514
10592,model_4,0.4265,0.49892125
10593,model_4,0.3585,0.42604548
10594,model_4,-0.0642,-0.0867604
10595,model_4,0.102,0.18395996
10596,model_4,0.8595,0.87228197
10597,model_4,0.2612,0.22492248
10598,model_4,0.4236,0.42317027
10599,model_4,0.1992,0.10859083
10600,model_4,0.4507,0.5044986
10601,model_4,0.7115,0.7053174
10602,model_4,-0.1164,-0.11122489
10603,model_4,0.195,0.22413664
10604,model_4,-0.0374,-0.057313427
10605,model_4,0.2711,0.31744102
10606,model_4,-0.0186,0.026376637
10607,model_4,0.2629,0.09317147
10608,model_4,0.0375,0.0065725464
10609,model_4,-0.0356,0.14404692
10610,model_4,0.1238,0.04525958
10611,model_4,-0.0333,-0.056101963
10612,model_4,0.3234,0.2950341
10613,model_4,0.1518,0.08573024
10614,model_4,0.2643,0.23534699
10615,model_4,0.1736,0.19674318
10616,model_4,0.5562,0.580114
10617,model_4,0.6766,0.64597106
10618,model_4,0.8419,0.80925405
10619,model_4,0.387,0.37950522
10620,model_4,0.8076,0.78722095
10621,model_4,0.1448,0.16237998
10622,model_4,-0.0785,-0.010758964
10623,model_4,0.6639,0.6869744
10624,model_4,0.0613,0.16076839
10625,model_4,-0.0464,-0.071660124
10626,model_4,0.3354,0.30857673
10627,model_4,0.2963,0.26195538
10628,model_4,0.2019,0.2138776
10629,model_4,0.1824,0.16958694
10630,model_4,0.1763,0.28369015
10631,model_4,0.2625,0.239911
10632,model_4,-0.0045,0.017532574
10633,model_4,0.1073,0.11185755
10634,model_4,0.187,0.22737797
10635,model_4,0.0886,0.18240598
10636,model_4,-0.0699,0.11005111
10637,model_4,0.1262,0.18020946
10638,model_4,0.4338,0.44703838
10639,model_4,0.4657,0.44385433
10640,model_4,0.6045,0.64877915
10641,model_4,-0.0867,-0.013452327
10642,model_4,0.3523,0.37740046
10643,model_4,-0.0355,-0.08479889
10644,model_4,0.318,0.3664234
10645,model_4,0.2709,0.35890737
10646,model_4,0.3761,0.37033668
10647,model_4,-0.1246,-0.047907256
10648,model_4,0.1193,0.1452489
10649,model_4,0.1881,0.18369599
10650,model_4,0.3726,0.38692197
10651,model_4,0.6418,0.65940946
10652,model_4,0.256,0.28573707
10653,model_4,0.2293,0.19079702
10654,model_4,0.115,0.09727782
10655,model_4,0.7218,0.6115371
10656,model_4,0.1697,0.23641212
10657,model_4,0.375,0.39200935
10658,model_4,0.4355,0.42025116
10659,model_4,0.1799,0.17748426
10660,model_4,0.1048,0.18722005
10661,model_4,0.2793,0.22989626
10662,model_4,0.0345,0.02873035
10663,model_4,-0.0262,0.01275734
10664,model_4,0.0416,-0.045423098
10665,model_4,1.0144,0.9396994
10666,model_4,0.2524,0.30947635
10667,model_4,-0.0124,0.02418367
10668,model_4,-0.1637,-0.1487364
10669,model_4,0.1381,0.19349848
10670,model_4,0.6514,0.6546009
10671,model_4,-0.0627,-0.10484487
10672,model_4,0.4353,0.33445376
10673,model_4,0.1745,0.092864856
10674,model_4,0.122,0.19480424
10675,model_4,0.2754,0.23858668
10676,model_4,0.111,0.086361825
10677,model_4,0.4005,0.43110916
10678,model_4,0.475,0.46035412
10679,model_4,0.3676,0.42883193
10680,model_4,0.0766,0.0928014
10681,model_4,0.6857,0.68987924
10682,model_4,0.6249,0.66764283
10683,model_4,0.2694,0.22499187
10684,model_4,0.233,0.22717606
10685,model_4,0.353,0.3274994
10686,model_4,-0.0391,0.015733184
10687,model_4,0.1883,0.25891832
10688,model_4,0.2604,0.22826268
10689,model_4,0.2336,0.16191404
10690,model_4,0.6381,0.5572967
10691,model_4,0.0683,0.07500987
10692,model_4,0.0146,0.12652089
10693,model_4,-0.0181,0.09155171
10694,model_4,0.1454,0.10875493
10695,model_4,-0.0251,0.040468052
10696,model_4,-0.1216,-0.16729382
10697,model_4,0.2582,0.20505479
10698,model_4,0.1739,0.18020761
10699,model_4,0.1532,0.17042752
10700,model_4,0.2166,0.3134844
10701,model_4,0.1988,0.22908561
10702,model_4,0.1604,0.14585048
10703,model_4,0.724,0.6881745
10704,model_4,0.0657,0.18013458
10705,model_4,0.5618,0.43841973
10706,model_4,-0.0271,-0.08805677
10707,model_4,0.1773,0.22944997
10708,model_4,0.3252,0.30677634
10709,model_4,0.198,0.22547998
10710,model_4,-0.0942,-0.08025333
10711,model_4,0.6169,0.6186909
10712,model_4,0.0827,0.07830582
10713,model_4,0.4194,0.42917782
10714,model_4,0.1056,0.05797325
10715,model_4,-0.016,-0.019067673
10716,model_4,-0.0152,0.04351221
10717,model_4,0.1894,0.24328212
10718,model_4,0.5376,0.4705282
10719,model_4,0.4014,0.41024563
10720,model_4,0.8186,0.77554226
10721,model_4,-0.0249,0.042750835
10722,model_4,-0.0612,0.00021863915
10723,model_4,-0.206,-0.18744878
10724,model_4,0.5272,0.5791675
10725,model_4,0.2488,0.25056255
10726,model_4,0.1423,0.17508468
10727,model_4,-0.0698,-0.104116715
10728,model_4,0.1052,0.09155905
10729,model_4,0.0292,0.06979315
10730,model_4,0.0857,0.099034086
10731,model_4,0.2841,0.37898698
10732,model_4,0.1528,0.1250783
10733,model_4,0.4868,0.5081776
10734,model_4,0.0453,0.024973022
10735,model_4,0.5002,0.50266486
10736,model_4,0.2072,0.1727397
10737,model_4,0.1822,0.19886082
10738,model_4,0.2111,0.2813722
10739,model_4,0.2864,0.28301468
10740,model_4,0.0528,0.076959014
10741,model_4,0.3802,0.45609528
10742,model_4,0.5333,0.499715
10743,model_4,0.2706,0.24201824
10744,model_4,-0.1413,-0.11618282
10745,model_4,0.1266,0.112895235
10746,model_4,0.1285,0.097836316
10747,model_4,0.3442,0.4308639
10748,model_4,0.3737,0.33677578
10749,model_4,0.2735,0.30728778
10750,model_4,0.362,0.53121465
10751,model_4,0.0378,0.049450032
10752,model_4,0.3053,0.44327304
10753,model_4,0.2755,0.23050813
10754,model_4,0.2456,0.24489771
10755,model_4,0.2428,0.2114495
10756,model_4,0.4214,0.47564244
10757,model_4,-0.0668,-0.06423226
10758,model_4,0.072,0.03787919
10759,model_4,0.4906,0.54410946
10760,model_4,0.7962,0.7903463
10761,model_4,0.1824,0.23982327
10762,model_4,0.0267,0.03817746
10763,model_4,-0.0807,-0.056040376
10764,model_4,0.2998,0.3487211
10765,model_4,0.7914,0.83311546
10766,model_4,0.5554,0.5081466
10767,model_4,0.6613,0.6229626
10768,model_4,0.1391,0.19848187
10769,model_4,0.0907,0.093514964
10770,model_4,0.4981,0.45493492
10771,model_4,0.1138,0.12933864
10772,model_4,0.2464,0.2023356
10773,model_4,0.1193,0.08401322
10774,model_4,0.1552,0.09652482
10775,model_4,0.1722,-0.01366671
10776,model_4,0.4893,0.37079507
10777,model_4,0.4786,0.5855966
10778,model_4,0.5731,0.630782
10779,model_4,0.3182,0.3084031
10780,model_4,0.1024,0.09840174
10781,model_4,0.834,0.7882849
10782,model_4,0.0119,0.018688047
10783,model_4,-0.0682,-0.048690468
10784,model_4,0.2639,0.31073797
10785,model_4,0.0865,0.07747972
10786,model_4,0.3875,0.47249374
10787,model_4,0.6545,0.6468849
10788,model_4,-0.0593,-0.008784821
10789,model_4,0.5307,0.50427234
10790,model_4,0.4603,0.46415284
10791,model_4,0.3729,0.3476796
10792,model_4,0.3442,0.27167037
10793,model_4,0.2174,0.168774
10794,model_4,0.1505,0.0974001
10795,model_4,0.4155,0.27884075
10796,model_4,-0.1341,-0.062080026
10797,model_4,0.3035,0.40126297
10798,model_4,0.2483,0.20542125
10799,model_4,0.3472,0.32363483
10800,model_4,0.4148,0.43344748
10801,model_4,0.074,-0.0023223516
10802,model_4,0.1852,0.16327764
10803,model_4,0.0474,0.08988394
10804,model_4,-0.2197,-0.09579024
10805,model_4,0.2903,0.31387576
10806,model_4,0.0917,0.096114576
10807,model_4,0.0484,0.05395098
10808,model_4,0.1054,0.00051268376
10809,model_4,0.1959,0.14351363
10810,model_4,0.2398,0.20513554
10811,model_4,0.0737,0.0941027
10812,model_4,0.2692,0.38675645
10813,model_4,0.3841,0.42301568
10814,model_4,0.6215,0.55605066
10815,model_4,0.0801,0.14054759
10816,model_4,0.0483,0.05582194
10817,model_4,0.3929,0.54141617
10818,model_4,0.1631,0.17786582
10819,model_4,0.0222,-0.017089104
10820,model_4,0.4742,0.47543123
10821,model_4,0.2134,0.19601743
10822,model_4,0.1285,0.034551807
10823,model_4,0.2461,0.20136163
10824,model_4,0.6245,0.5130534
10825,model_4,0.0083,0.032908477
10826,model_4,0.2612,0.293045
10827,model_4,0.2475,0.35151875
10828,model_4,0.0566,-0.024401216
10829,model_4,0.2895,0.28101766
10830,model_4,0.3308,0.3390145
10831,model_4,0.2631,0.34028032
10832,model_4,-0.2061,-0.21744426
10833,model_4,0.1494,0.16393702
10834,model_4,-0.0297,0.02742471
10835,model_4,0.1774,0.16865174
10836,model_4,0.0808,0.2781671
10837,model_4,0.114,0.10838859
10838,model_4,0.0987,0.12960134
10839,model_4,-0.0136,0.3891373
10840,model_4,0.1174,0.09212298
10841,model_4,0.3768,0.33474982
10842,model_4,0.2963,0.29901502
10843,model_4,0.1514,0.1683693
10844,model_4,0.2605,0.33239627
10845,model_4,0.1416,0.2096905
10846,model_4,0.0,0.045503244
10847,model_4,0.2481,0.113196746
10848,model_4,0.4925,0.59774
10849,model_4,0.4123,0.48117927
10850,model_4,0.2293,0.20385648
10851,model_4,0.1969,0.24462761
10852,model_4,0.5025,0.5028835
10853,model_4,0.0838,0.16808403
10854,model_4,0.103,0.09219639
10855,model_4,0.3434,0.4135181
10856,model_4,0.2999,0.2751632
10857,model_4,-0.2141,-0.14913538
10858,model_4,0.0386,0.07395647
10859,model_4,0.2813,0.23402993
10860,model_4,0.3179,0.2389078
10861,model_4,0.1665,0.24009065
10862,model_4,0.068,0.00025902875
10863,model_4,0.1639,0.18978697
10864,model_4,0.1427,0.17514576
10865,model_4,0.352,0.41276363
10866,model_4,0.3143,0.2530332
10867,model_4,0.4993,0.47836372
10868,model_4,0.1926,0.20160466
10869,model_4,0.2297,0.18687852
10870,model_4,0.0957,0.075824074
10871,model_4,0.0873,0.070384085
10872,model_4,0.2542,0.21094996
10873,model_4,0.3934,0.3754405
10874,model_4,0.4205,0.27183077
10875,model_4,0.2097,0.2577747
10876,model_4,-0.0093,0.011073226
10877,model_4,-0.064,0.04636419
10878,model_4,-0.0638,-0.035974197
10879,model_4,0.5304,0.49111262
10880,model_4,0.1782,0.18465063
10881,model_4,0.0668,0.0706017
10882,model_4,-0.0223,-0.06278479
10883,model_4,0.0224,0.006062785
10884,model_4,0.0633,0.02543682
10885,model_4,0.1513,0.11835246
10886,model_4,0.1875,0.1278049
10887,model_4,0.2298,0.23606475
10888,model_4,0.5945,0.6630641
10889,model_4,0.405,0.368206
10890,model_4,0.1843,0.06881508
10891,model_4,0.2151,0.28148305
10892,model_4,0.4072,0.39695483
10893,model_4,1.0229,0.9393743
10894,model_4,0.2465,0.28581718
10895,model_4,0.3792,0.4168726
10896,model_4,0.1214,0.14162886
10897,model_4,0.2769,0.2443405
10898,model_4,0.4407,0.5316129
10899,model_4,0.005,0.029884318
10900,model_4,0.136,0.13257276
10901,model_4,0.3105,0.34899005
10902,model_4,0.205,0.2162282
10903,model_4,0.3226,0.37142095
10904,model_4,0.2561,0.27075997
10905,model_4,0.2626,0.2000719
10906,model_4,0.0762,0.10605002
10907,model_4,0.3176,0.25698748
10908,model_4,0.1217,0.11834228
10909,model_4,0.3185,0.2907564
10910,model_4,0.3052,0.28579473
10911,model_4,0.3909,0.49208173
10912,model_4,0.7971,0.7468613
10913,model_4,0.299,0.2281798
10914,model_4,0.4135,0.44919458
10915,model_4,0.0792,0.047541007
10916,model_4,0.9226,0.8531112
10917,model_4,0.1958,0.22730972
10918,model_4,0.1063,0.07628085
10919,model_4,0.156,0.12770124
10920,model_4,0.5999,0.492416
10921,model_4,0.558,0.3913686
10922,model_4,0.2627,0.22531773
10923,model_4,0.351,0.3143588
10924,model_4,0.1938,0.2041011
10925,model_4,0.4099,0.30436587
10926,model_4,0.0478,0.06697303
10927,model_4,0.0251,0.0016155113
10928,model_4,0.1263,0.1746393
10929,model_4,0.2461,0.3192049
10930,model_4,0.3564,0.30141342
10931,model_4,0.4621,0.40913534
10932,model_4,0.2537,0.3132641
10933,model_4,0.3808,0.4489535
10934,model_4,0.0143,0.03173034
10935,model_4,0.3736,0.42009982
10936,model_4,0.2683,0.27506265
10937,model_4,0.1603,0.1472895
10938,model_4,0.3838,0.40709528
10939,model_4,0.2206,0.33914065
10940,model_4,0.3103,0.36697254
10941,model_4,0.1545,0.193749
10942,model_4,0.2975,0.22407402
10943,model_4,0.0213,0.060389645
10944,model_4,0.139,0.11847989
10945,model_4,-0.1196,-0.17788215
10946,model_4,0.427,0.4232244
10947,model_4,0.1902,0.27934363
10948,model_4,0.088,0.09036893
10949,model_4,0.1175,0.119570106
10950,model_4,0.2849,0.2194616
10951,model_4,0.1405,0.15366085
10952,model_4,0.7506,0.7507503
10953,model_4,0.3688,0.4520268
10954,model_4,0.3629,0.28165892
10955,model_4,0.3063,0.3072647
10956,model_4,0.0852,0.098677315
10957,model_4,0.3637,0.34661338
10958,model_4,0.0919,0.062365115
10959,model_4,0.0236,0.11930521
10960,model_4,0.7146,0.6888225
10961,model_4,0.173,0.2686598
10962,model_4,0.2916,0.2641021
10963,model_4,0.586,0.5658276
10964,model_4,0.0704,0.05743245
10965,model_4,0.3744,0.38489786
10966,model_4,0.0507,0.09748052
10967,model_4,0.0398,0.04596229
10968,model_4,0.1713,0.18974404
10969,model_4,0.0504,0.058262378
10970,model_4,0.1171,0.10288398
10971,model_4,0.0365,0.030074159
10972,model_4,0.1831,0.15322003
10973,model_4,0.4958,0.4934431
10974,model_4,0.3801,0.34803206
10975,model_4,0.4758,0.52311075
10976,model_4,0.1422,0.12335716
10977,model_4,-0.0055,-0.076701015
10978,model_4,0.228,0.20690092
10979,model_4,0.1197,0.07502538
10980,model_4,0.3709,0.43278906
10981,model_4,0.4927,0.48936483
10982,model_4,0.3543,0.29996052
10983,model_4,0.1241,0.12946105
10984,model_4,0.7845,0.7427148
10985,model_4,0.0084,0.007327618
10986,model_4,0.2433,0.23885511
10987,model_4,0.3002,0.37112108
10988,model_4,-0.045,-0.07799345
10989,model_4,0.809,0.8322778
10990,model_4,-0.1874,-0.10302916
10991,model_4,0.0954,0.13667352
10992,model_4,0.0649,0.19020426
10993,model_4,0.0488,0.038163804
10994,model_4,0.0999,0.09121554
10995,model_4,0.4613,0.38914236
10996,model_4,0.2215,0.15273793
10997,model_4,0.0279,0.124808416
10998,model_4,0.0804,0.08310841
10999,model_4,0.6824,0.688557
11000,model_4,0.1438,0.122314975
11001,model_4,0.3329,0.35491112
11002,model_4,-0.1231,-0.06710608
11003,model_4,0.4077,0.3900711
11004,model_4,0.098,0.12089229
11005,model_4,0.1445,0.16390473
11006,model_4,0.0494,0.109758794
11007,model_4,0.029,0.022283735
11008,model_4,0.4666,0.34965152
11009,model_4,0.236,0.18048093
11010,model_4,0.2067,0.20840476
11011,model_4,0.1138,0.13105868
11012,model_4,0.0908,0.092330486
11013,model_4,0.0632,0.038188003
11014,model_4,0.2981,0.2558595
11015,model_4,0.3582,0.38289467
11016,model_4,0.0888,0.0844147
11017,model_4,0.0949,0.18403982
11018,model_4,0.5858,0.5535975
11019,model_4,0.0634,0.07072815
11020,model_4,-0.0264,0.035529226
11021,model_4,0.1495,0.17113353
11022,model_4,-0.1293,-0.12884918
11023,model_4,0.2242,0.31249195
11024,model_4,0.1476,0.13837203
11025,model_4,-0.1992,-0.113455
11026,model_4,0.1129,0.12189621
11027,model_4,0.0901,0.1446562
11028,model_4,0.1168,0.00014501251
11029,model_4,0.3422,0.31462437
11030,model_4,0.3234,0.3544887
11031,model_4,0.1595,0.1686173
11032,model_4,0.4481,0.424504
11033,model_4,0.0839,0.08672133
11034,model_4,0.266,0.18697514
11035,model_4,0.3038,0.33155823
11036,model_4,0.0618,0.059564896
11037,model_4,-0.0563,-0.07448265
11038,model_4,-0.0696,0.07760075
11039,model_4,0.2162,0.14240336
11040,model_4,0.3247,0.3650044
11041,model_4,0.1945,0.1707746
11042,model_4,0.195,0.20196074
11043,model_4,0.0707,0.06237621
11044,model_4,0.0883,0.07949839
11045,model_4,0.6459,0.6400889
11046,model_4,0.752,0.6474867
11047,model_4,0.0805,0.100860715
11048,model_4,0.4072,0.22286637
11049,model_4,0.1375,0.08094764
11050,model_4,0.1063,0.036727563
11051,model_4,0.017,0.10793266
11052,model_4,0.2834,0.31191862
11053,model_4,0.1295,0.16947392
11054,model_4,0.1867,0.3717365
11055,model_4,0.2553,0.25600892
11056,model_4,0.1714,0.17540996
11057,model_4,0.0848,-0.03168361
11058,model_4,0.2484,0.29632732
11059,model_4,0.567,0.5792668
11060,model_4,0.3208,0.2962272
11061,model_4,0.1699,0.19897012
11062,model_4,0.0792,0.015893536
11063,model_4,-0.0587,-0.0015991684
11064,model_4,0.32,0.41114476
11065,model_4,0.0676,0.14158572
11066,model_4,0.1869,0.20758979
11067,model_4,0.3516,0.3613419
11068,model_4,0.2406,0.21913007
11069,model_4,0.2365,0.2795169
11070,model_4,0.7883,0.8249554
11071,model_4,0.0477,0.05075831
11072,model_4,-0.0058,-0.005371494
11073,model_4,0.0904,0.08607125
11074,model_4,0.216,0.20654519
11075,model_4,0.3624,0.4303067
11076,model_4,0.4707,0.47778758
11077,model_4,0.4918,0.56087446
11078,model_4,0.5266,0.544182
11079,model_4,0.0428,0.037568443
11080,model_4,0.0559,0.082259506
11081,model_4,0.0011,-0.014971165
11082,model_4,0.3292,0.39092818
11083,model_4,0.6414,0.44236487
11084,model_4,0.0649,0.104322314
11085,model_4,0.2356,0.056690164
11086,model_4,0.2241,0.21951039
11087,model_4,-0.0184,0.07660226
11088,model_4,0.8583,0.8377818
11089,model_4,0.0865,0.05825971
11090,model_4,0.2614,0.19408725
11091,model_4,0.0702,0.14480504
11092,model_4,0.0818,0.059819415
11093,model_4,0.1874,0.18050526
11094,model_4,0.148,0.15373223
11095,model_4,0.5617,0.48108304
11096,model_4,-0.1217,-0.086232096
11097,model_4,0.3277,0.340487
11098,model_4,0.13,0.0923627
11099,model_4,0.0293,0.056221448
11100,model_4,0.0576,0.028059999
11101,model_4,0.4101,0.42713717
11102,model_4,0.4201,0.44590023
11103,model_4,0.1497,0.12648632
11104,model_4,0.4107,0.21885453
11105,model_4,0.6921,0.6080805
11106,model_4,0.3037,0.37242922
11107,model_4,0.319,0.26491296
11108,model_4,-0.035,0.0073627476
11109,model_4,0.1777,0.116942
11110,model_4,-0.0038,0.03715519
11111,model_4,0.2415,0.2587559
11112,model_4,-0.0784,-0.08755302
11113,model_4,-0.1111,0.041701272
11114,model_4,0.1459,0.14129047
11115,model_4,0.3786,0.423816
11116,model_4,0.3347,0.36256465
11117,model_4,0.1828,0.20594625
11118,model_4,0.2818,0.24862222
11119,model_4,0.0881,0.025819587
11120,model_4,0.2557,0.30010462
11121,model_4,0.2929,0.30582353
11122,model_4,0.1651,0.15558358
11123,model_4,0.2267,0.30295023
11124,model_4,0.1507,0.19438726
11125,model_4,0.2934,0.1568952
11126,model_4,0.1462,0.11747223
11127,model_4,0.2023,0.20630287
11128,model_4,0.1702,0.22722094
11129,model_4,0.6418,0.69291353
11130,model_4,0.158,0.24121626
11131,model_4,0.2057,0.19402911
11132,model_4,0.0459,0.058143802
11133,model_4,0.6986,0.73988104
11134,model_4,0.2051,0.22447558
11135,model_4,0.3447,0.4470094
11136,model_4,0.0844,0.09319118
11137,model_4,0.1006,0.1198155
11138,model_4,0.4047,0.5573283
11139,model_4,0.0489,0.03110505
11140,model_4,0.5458,0.56871885
11141,model_4,0.3245,0.36176166
11142,model_4,0.1788,0.20110749
11143,model_4,0.0417,0.054089405
11144,model_4,0.0326,0.06347295
11145,model_4,0.3791,0.29378363
11146,model_4,0.2594,0.3357955
11147,model_4,0.4771,0.47975925
11148,model_4,0.192,0.20054355
11149,model_4,0.5103,0.5149753
11150,model_4,0.3477,0.3933243
11151,model_4,0.5277,0.60161394
11152,model_4,0.4144,0.40142962
11153,model_4,0.2183,0.16560888
11154,model_4,0.1394,0.19839972
11155,model_4,0.6138,0.66179144
11156,model_4,0.2474,0.31231645
11157,model_4,0.4536,0.35502276
11158,model_4,0.1421,0.16654788
11159,model_4,0.2981,0.09487885
11160,model_4,0.9825,0.90049064
11161,model_4,0.9298,0.8703435
11162,model_4,0.6964,0.6606567
11163,model_4,0.3255,0.29895234
11164,model_4,0.3058,0.31646213
11165,model_4,-0.0787,-0.06173475
11166,model_4,0.7815,0.74657905
11167,model_4,0.5367,0.5684
11168,model_4,0.2829,0.31556836
11169,model_4,0.1477,0.115958855
11170,model_4,0.2789,0.22670598
11171,model_4,0.1075,0.1071184
11172,model_4,0.1685,0.20006077
11173,model_4,-0.2613,0.64217865
11174,model_4,-0.0404,0.008174928
11175,model_4,0.3044,0.24692352
11176,model_4,0.1926,0.19441581
11177,model_4,0.1838,0.20655419
11178,model_4,0.4107,0.37029168
11179,model_4,0.3862,0.4320871
11180,model_4,0.2354,0.20684701
11181,model_4,0.2961,0.31383857
11182,model_4,0.0942,0.07895115
11183,model_4,0.1184,0.06575835
11184,model_4,0.0921,0.12573023
11185,model_4,0.4291,0.36327776
11186,model_4,0.7201,0.77498436
11187,model_4,0.5858,0.5729726
11188,model_4,0.3869,0.38020867
11189,model_4,0.6304,0.6517259
11190,model_4,0.4408,0.42362222
11191,model_4,0.1854,0.20271225
11192,model_4,-0.0117,0.09272638
11193,model_4,0.7519,0.79115176
11194,model_4,0.1042,0.08029713
11195,model_4,0.3924,0.37882185
11196,model_4,0.431,0.4850184
11197,model_4,0.1218,0.13956113
11198,model_4,0.3164,0.24066268
11199,model_4,0.1226,0.1330999
11200,model_4,-0.0902,-0.093358144
11201,model_4,0.2505,0.099344224
11202,model_4,0.413,0.3363752
11203,model_4,0.1704,0.22112021
11204,model_4,-0.1821,-0.16092838
11205,model_4,0.401,0.38952997
11206,model_4,0.5054,0.47214338
11207,model_4,0.1048,0.12624153
11208,model_4,0.3487,0.23979075
11209,model_4,0.0807,0.13938297
11210,model_4,0.2676,0.31313446
11211,model_4,0.0371,0.093580574
11212,model_4,0.3336,0.20091817
11213,model_4,0.2569,0.20238869
11214,model_4,0.348,0.36592498
11215,model_4,0.5071,0.5511632
11216,model_4,0.0782,0.104515776
11217,model_4,0.4709,0.43511304
11218,model_4,-0.0239,0.04622125
11219,model_4,0.1928,0.20297267
11220,model_4,0.0225,0.033082835
11221,model_4,-0.0389,0.02277662
11222,model_4,0.4735,0.46946508
11223,model_4,0.1408,0.17195506
11224,model_4,0.8831,0.98091584
11225,model_4,0.037,-0.03624756
11226,model_4,0.3199,0.29256395
11227,model_4,0.0834,0.029050158
11228,model_4,0.2327,0.18367396
11229,model_4,0.9058,0.8399894
11230,model_4,0.3432,0.30428138
11231,model_4,0.5666,0.6748792
11232,model_4,0.2939,0.2639294
11233,model_4,0.1295,0.1366446
11234,model_4,0.0317,-0.012446379
11235,model_4,0.3671,0.3629271
11236,model_4,0.1248,0.121220574
11237,model_4,0.6174,0.52733254
11238,model_4,0.0598,0.077232085
11239,model_4,0.1877,0.21687825
11240,model_4,0.105,0.17373656
11241,model_4,0.4395,0.39582142
11242,model_4,0.0908,0.11918706
11243,model_4,0.3508,0.3288791
11244,model_4,0.3978,0.35967785
11245,model_4,-0.1665,-0.14137137
11246,model_4,0.31,0.27006117
11247,model_4,0.4222,0.47348228
11248,model_4,0.1232,0.14247046
11249,model_4,0.3391,0.3236106
11250,model_4,0.549,0.5220055
11251,model_4,0.1009,0.2540565
11252,model_4,-0.0518,0.004473487
11253,model_4,-0.0276,-0.03903076
11254,model_4,0.2821,0.21011291
11255,model_4,0.7468,0.6676063
11256,model_4,-0.0742,-0.08265376
11257,model_4,0.1005,0.07912755
11258,model_4,0.1921,0.18085568
11259,model_4,0.8607,0.76369834
11260,model_4,0.7758,0.7411505
11261,model_4,0.2861,0.28623125
11262,model_4,0.2767,0.17793204
11263,model_4,0.0951,0.054516733
11264,model_4,0.5097,0.42732742
11265,model_4,0.0357,0.015506441
11266,model_4,-0.0165,0.06580207
11267,model_4,-0.1478,-0.14585577
11268,model_4,0.1299,0.16759787
11269,model_4,0.2679,0.31907
11270,model_4,0.0111,0.09741537
11271,model_4,-0.0681,-0.03687945
11272,model_4,0.1707,0.19223686
11273,model_4,0.3304,0.2719539
11274,model_4,0.3407,0.29344824
11275,model_4,0.398,0.32946056
11276,model_4,0.1057,0.095998585
11277,model_4,0.259,0.26979634
11278,model_4,0.3918,0.34708
11279,model_4,0.4796,0.5504147
11280,model_4,0.0013,0.13650714
11281,model_4,0.1598,0.16339014
11282,model_4,0.5673,0.53799206
11283,model_4,-0.0845,-0.07379011
11284,model_4,0.188,0.20168345
11285,model_4,0.5427,0.56268513
11286,model_4,-0.1603,-0.07182808
11287,model_4,0.4978,0.5055701
11288,model_4,0.1261,0.07329722
11289,model_4,1.1149,1.1176027
11290,model_4,-0.1663,-0.1091685
11291,model_4,-0.0119,-0.07745923
11292,model_4,-0.0326,0.023215951
11293,model_4,0.3459,0.33942202
11294,model_4,0.0157,0.07786208
11295,model_4,0.4001,0.3431935
11296,model_4,-0.0279,-0.013538135
11297,model_4,0.4198,0.45237312
11298,model_4,0.2493,0.2382709
11299,model_4,0.1426,0.1922865
11300,model_4,0.0584,0.028703304
11301,model_4,0.4356,0.3884039
11302,model_4,0.1632,0.18263932
11303,model_4,0.3685,0.3649124
11304,model_4,0.0774,0.080332264
11305,model_4,0.103,0.05761128
11306,model_4,0.091,0.15233009
11307,model_4,0.4157,0.3521223
11308,model_4,0.4915,0.51534545
11309,model_4,0.3208,0.3275256
11310,model_4,-0.0642,-0.04943063
11311,model_4,0.3818,0.4841315
11312,model_4,0.3244,0.36437014
11313,model_4,0.3363,0.4359968
11314,model_4,0.3247,0.20958409
11315,model_4,0.5227,0.48981765
11316,model_4,0.0922,0.10716574
11317,model_4,-0.0668,0.0062934477
11318,model_4,0.0966,0.0491063
11319,model_4,0.0583,-0.055262618
11320,model_4,0.6074,0.6099207
11321,model_4,0.0248,0.083534956
11322,model_4,0.5441,0.5563824
11323,model_4,0.3205,0.32084015
11324,model_4,0.3632,0.34322008
11325,model_4,0.0903,0.045507222
11326,model_4,0.3414,0.25274757
11327,model_4,0.289,0.26224336
11328,model_4,0.1289,0.24922045
11329,model_4,0.2957,0.0649142
11330,model_4,0.1742,0.1595781
11331,model_4,0.3178,0.35018477
11332,model_4,0.1158,0.06858094
11333,model_4,0.1374,0.15100202
11334,model_4,0.159,0.13928698
11335,model_4,0.3305,0.20895451
11336,model_4,-0.199,-0.12814632
11337,model_4,0.5141,0.40393567
11338,model_4,-0.0726,-0.036419466
11339,model_4,0.9068,0.8488165
11340,model_4,0.431,0.33771515
11341,model_4,0.2753,0.27155578
11342,model_4,0.5012,0.45553634
11343,model_4,0.1876,0.058968678
11344,model_4,0.2049,0.25746402
11345,model_4,0.2423,0.15557586
11346,model_4,0.0304,0.06179338
11347,model_4,0.0448,0.07731629
11348,model_4,-0.001,0.06457616
11349,model_4,0.2764,0.22295626
11350,model_4,0.2038,0.113539904
11351,model_4,0.3635,0.328711
11352,model_4,0.1029,0.08999205
11353,model_4,-0.149,-0.17130582
11354,model_4,0.2571,0.34758478
11355,model_4,0.378,0.4129128
11356,model_4,-0.001,0.037340865
11357,model_4,0.3118,0.2988567
11358,model_4,-0.0163,0.013753997
11359,model_4,0.3748,0.3867853
11360,model_4,0.4103,0.3915474
11361,model_4,0.1265,0.07431272
11362,model_4,0.1366,0.0841762
11363,model_4,0.1944,0.1888392
11364,model_4,-0.0655,-0.13610643
11365,model_4,0.1574,0.17895119
11366,model_4,0.6748,0.73031795
11367,model_4,0.3382,0.34803203
11368,model_4,0.0865,0.09890975
11369,model_4,0.0168,0.15410829
11370,model_4,-0.0505,-0.003987832
11371,model_4,0.3118,0.16772927
11372,model_4,0.4521,0.44679227
11373,model_4,0.19,0.21770431
11374,model_4,0.2891,0.34901533
11375,model_4,0.6117,0.600305
11376,model_4,0.8619,0.80242884
11377,model_4,-0.1676,-0.12051284
11378,model_4,0.1286,0.066098526
11379,model_4,0.3544,0.34130487
11380,model_4,0.214,0.3006601
11381,model_4,0.1411,0.09659599
11382,model_4,0.0737,0.06305248
11383,model_4,0.241,0.21250084
11384,model_4,0.0041,0.13671665
11385,model_4,0.1638,0.18400158
11386,model_4,0.1557,0.10828689
11387,model_4,0.6845,0.6351826
11388,model_4,0.005,0.050307103
11389,model_4,-0.1989,-0.21232313
11390,model_4,0.1107,0.13879128
11391,model_4,0.2336,0.15683767
11392,model_4,0.1182,0.21306643
11393,model_4,0.2438,0.17113754
11394,model_4,0.355,0.3424447
11395,model_4,0.2675,0.15690452
11396,model_4,0.6704,0.66542053
11397,model_4,0.8743,0.8464638
11398,model_4,-0.0202,0.11664283
11399,model_4,0.7464,0.7149809
11400,model_4,-0.0334,-0.035407558
11401,model_4,0.6194,0.63602436
11402,model_4,0.2175,0.1247991
11403,model_4,0.4729,0.5314163
11404,model_4,0.2485,0.24953641
11405,model_4,0.3097,0.33216968
11406,model_4,0.162,0.148853
11407,model_4,0.1052,0.10621939
11408,model_4,0.206,0.24171387
11409,model_4,0.2191,0.1957479
11410,model_4,0.1877,0.18961217
11411,model_4,0.006,0.043996677
11412,model_4,0.4585,0.47439966
11413,model_4,-0.0777,-0.10900693
11414,model_4,0.1722,0.13322504
11415,model_4,0.1772,0.21715392
11416,model_4,0.022,0.07011366
11417,model_4,0.0057,0.031915173
11418,model_4,0.6311,0.6584192
11419,model_4,0.2829,0.28309825
11420,model_4,0.1227,0.19609001
11421,model_4,0.1707,0.15749785
11422,model_4,0.42,0.45812905
11423,model_4,0.0278,0.01954669
11424,model_4,0.2645,0.25481385
11425,model_4,0.0886,0.076506905
11426,model_4,0.4786,0.49360785
11427,model_4,0.2481,0.21942686
11428,model_4,0.9944,0.975314
11429,model_4,0.7653,0.8200596
11430,model_4,0.9508,0.91161144
11431,model_4,0.1723,0.1358398
11432,model_4,0.6396,0.6899101
11433,model_4,0.6683,0.6383519
11434,model_4,0.0043,6.0634688e-05
11435,model_4,-0.0599,0.047956757
11436,model_4,0.2165,0.2673784
11437,model_4,0.1348,0.07395076
11438,model_4,0.3933,0.41772762
11439,model_4,0.1752,0.14608154
11440,model_4,0.0134,0.05684188
11441,model_4,0.5965,0.5317369
11442,model_4,0.2806,0.17411706
11443,model_4,-0.2259,-0.16121702
11444,model_4,0.3369,0.2684755
11445,model_4,-0.1075,-0.06419365
11446,model_4,0.0716,0.10318063
11447,model_4,0.2196,0.1610284
11448,model_4,0.5954,0.6327331
11449,model_4,0.4503,0.39344552
11450,model_4,0.4573,0.4354162
11451,model_4,-0.114,-0.21790348
11452,model_4,0.4692,0.42881936
11453,model_4,0.4236,0.42270508
11454,model_4,0.1654,0.16126288
11455,model_4,0.5159,0.46270242
11456,model_4,-0.0773,-0.081391
11457,model_4,0.2111,0.25566253
11458,model_4,0.2347,0.21836357
11459,model_4,0.399,0.42860353
11460,model_4,0.0505,0.08963114
11461,model_4,0.2536,0.29215357
11462,model_4,0.1721,0.18181409
11463,model_4,0.2293,0.38865167
11464,model_4,0.3645,0.38895825
11465,model_4,-0.2013,-0.16508324
11466,model_4,0.4368,0.2645268
11467,model_4,0.5238,0.5575379
11468,model_4,0.6141,0.6316289
11469,model_4,0.0623,0.06934762
11470,model_4,-0.0022,-0.012015125
11471,model_4,0.0771,0.05433944
11472,model_4,0.3603,0.32220903
11473,model_4,0.776,0.7579913
11474,model_4,0.2837,0.27678525
11475,model_4,0.162,0.12508123
11476,model_4,0.4903,0.50226235
11477,model_4,0.096,0.072677545
11478,model_4,-0.0188,-0.008415131
11479,model_4,0.0193,0.053795673
11480,model_4,0.1454,0.23039064
11481,model_4,0.2203,0.14597122
11482,model_4,0.3782,0.39636624
11483,model_4,0.1081,0.06393417
11484,model_4,-0.0662,-0.053295285
11485,model_4,0.6191,0.6098101
11486,model_4,-0.0491,-0.10520386
11487,model_4,0.1175,0.1616781
11488,model_4,0.4576,0.52076644
11489,model_4,0.2655,0.15934028
11490,model_4,0.271,0.23747607
11491,model_4,0.2974,0.28461102
11492,model_4,0.1548,0.14199172
11493,model_4,0.1891,0.24083851
11494,model_4,0.8132,0.80907273
11495,model_4,0.3302,0.34447834
11496,model_4,-0.0447,-0.06296941
11497,model_4,0.1673,0.09080042
11498,model_4,0.2428,0.13053882
11499,model_4,0.0579,0.015832515
11500,model_4,0.6647,0.6305879
11501,model_4,0.051,0.053438157
11502,model_4,0.2837,0.21508712
11503,model_4,-0.0534,0.2048335
11504,model_4,-0.2682,-0.23433423
11505,model_4,0.1501,0.12841846
11506,model_4,0.2098,0.13907854
11507,model_4,0.1311,0.17886616
11508,model_4,0.3802,0.38436183
11509,model_4,0.5262,0.48189273
11510,model_4,0.4179,0.40449363
11511,model_4,0.0619,0.14693375
11512,model_4,0.1194,0.1133818
11513,model_4,0.215,0.1608889
11514,model_4,0.0761,0.11178319
11515,model_4,0.0706,0.058556944
11516,model_4,0.0537,0.05511841
11517,model_4,0.1886,0.2283467
11518,model_4,0.5257,0.48177746
11519,model_4,0.6605,0.666453
11520,model_4,0.1618,0.10228941
11521,model_4,0.0333,-0.026035449
11522,model_4,0.1143,0.09974556
11523,model_4,0.0272,0.01972379
11524,model_4,0.5085,0.5337533
11525,model_4,0.3091,0.27389693
11526,model_4,0.3816,0.3068802
11527,model_4,0.4603,0.45646054
11528,model_4,0.157,0.14846665
11529,model_4,0.527,0.52321315
11530,model_4,0.0384,0.0024924297
11531,model_4,0.7046,0.70293844
11532,model_4,-0.0417,-0.05105052
11533,model_4,0.2511,0.31127298
11534,model_4,0.3258,0.23230508
11535,model_4,0.2083,0.26552483
11536,model_4,0.2428,0.30009472
11537,model_4,0.1319,0.044389784
11538,model_4,-0.0217,-0.0647969
11539,model_4,0.5947,0.5895135
11540,model_4,0.3167,0.26685336
11541,model_4,0.1356,0.12809978
11542,model_4,0.1559,0.19577448
11543,model_4,0.37,0.44396433
11544,model_4,0.2728,0.18988769
11545,model_4,0.0136,0.024767304
11546,model_4,-0.0551,-0.025753913
11547,model_4,0.2897,0.3007982
11548,model_4,0.1699,0.29803422
11549,model_4,0.4788,0.5067972
11550,model_4,0.2873,0.25848994
11551,model_4,0.0919,0.11022088
11552,model_4,0.4234,0.35793045
11553,model_4,0.4921,0.5575563
11554,model_4,0.1038,0.06529817
11555,model_4,0.0676,0.05972033
11556,model_4,0.1953,0.2356833
11557,model_4,0.7143,0.68478936
11558,model_4,0.3217,0.43198892
11559,model_4,0.0417,0.058258116
11560,model_4,0.2364,0.25879532
11561,model_4,0.0036,0.025775598
11562,model_4,0.7117,0.65429854
11563,model_4,0.1059,0.12700614
11564,model_4,-0.0234,-0.014947889
11565,model_4,0.3358,0.39793238
11566,model_4,0.2895,0.25344846
11567,model_4,0.4581,0.4433835
11568,model_4,0.065,0.06376645
11569,model_4,0.114,0.26760566
11570,model_4,0.048,0.07580361
11571,model_4,0.1708,0.13931365
11572,model_4,0.1106,0.06321952
11573,model_4,0.529,0.48997977
11574,model_4,0.0318,0.008801596
11575,model_4,0.3154,0.38460827
11576,model_4,0.1019,0.05618108
11577,model_4,0.1684,0.118125364
11578,model_4,0.3117,0.3606562
11579,model_4,0.2291,0.27340677
11580,model_4,0.6071,0.54343176
11581,model_4,0.1696,0.16493471
11582,model_4,0.2293,0.24862178
11583,model_4,0.1625,0.15170196
11584,model_4,0.4524,0.46251175
11585,model_4,0.1709,0.15814449
11586,model_4,-0.1447,-0.16034438
11587,model_4,0.1709,0.22470024
11588,model_4,0.113,0.17162926
11589,model_4,0.1158,0.05059439
11590,model_4,0.467,0.51539433
11591,model_4,0.2428,0.24736704
11592,model_4,0.7755,0.72223395
11593,model_4,0.3484,0.35244748
11594,model_4,0.9593,0.9371396
11595,model_4,0.0991,0.06947059
11596,model_4,0.303,0.26607975
11597,model_4,0.4121,0.4173833
11598,model_4,0.0886,0.1778721
11599,model_4,0.2694,0.24523725
11600,model_4,0.125,0.07582512
11601,model_4,0.0156,0.017307954
11602,model_4,0.1642,0.25584143
11603,model_4,0.2791,0.33017275
11604,model_4,0.0876,0.07730629
11605,model_4,0.2815,0.19360131
11606,model_4,0.0485,0.060614996
11607,model_4,0.3775,0.43323427
11608,model_4,0.1896,0.16626646
11609,model_4,-0.0798,-0.11741799
11610,model_4,0.9095,0.85746264
11611,model_4,0.0975,0.08304209
11612,model_4,0.1048,0.1040753
11613,model_4,0.1603,0.19782278
11614,model_4,0.1898,0.13949193
11615,model_4,0.3441,0.3606874
11616,model_4,0.1022,0.063523054
11617,model_4,0.6464,0.6728335
11618,model_4,0.3675,0.29311302
11619,model_4,0.1349,0.08152268
11620,model_4,0.216,0.24587758
11621,model_4,0.475,0.5144501
11622,model_4,0.3702,0.33623806
11623,model_4,0.3929,0.43231788
11624,model_4,0.0533,0.02107829
11625,model_4,0.5746,0.57157564
11626,model_4,0.17,0.21070988
11627,model_4,0.2161,0.27488443
11628,model_4,0.0725,0.057985142
11629,model_4,0.003,0.04671982
11630,model_4,0.319,0.37528938
11631,model_4,0.1522,0.021961847
11632,model_4,0.4052,0.5161855
11633,model_4,0.0293,0.043491207
11634,model_4,0.3751,0.35241523
11635,model_4,0.3787,0.3587134
11636,model_4,-0.1232,-0.034519598
11637,model_4,0.1062,0.10227136
11638,model_4,-0.0854,-0.08779527
11639,model_4,0.2235,0.25596732
11640,model_4,0.3085,0.29008797
11641,model_4,0.2658,0.25686505
11642,model_4,0.4202,0.47266474
11643,model_4,0.2486,0.14366972
11644,model_4,-0.1036,0.14858657
11645,model_4,0.0603,0.051925845
11646,model_4,0.0417,0.11115453
11647,model_4,0.1595,0.09492243
11648,model_4,0.1782,0.16039898
11649,model_4,0.153,0.075633466
11650,model_4,0.149,0.08682579
11651,model_4,0.0873,-0.020192174
11652,model_4,0.0858,0.13691935
11653,model_4,0.2409,0.1227224
11654,model_4,-0.0398,-0.036250256
11655,model_4,0.3925,0.38356614
11656,model_4,0.2143,0.16067447
11657,model_4,-0.1957,-0.15343983
11658,model_4,0.0472,0.11236581
11659,model_4,0.6488,0.6385838
11660,model_4,0.0998,0.0059560705
11661,model_4,0.2083,0.24371953
11662,model_4,0.6853,0.7250172
11663,model_4,0.4074,0.26620844
11664,model_4,0.4462,0.37646416
11665,model_4,0.0999,0.08120272
11666,model_4,0.2391,0.15957756
11667,model_4,0.2243,0.1457751
11668,model_4,0.3835,0.3606592
11669,model_4,0.1917,0.13260336
11670,model_4,0.4574,0.45905232
11671,model_4,0.8432,0.78517485
11672,model_4,0.4905,0.39799753
11673,model_4,0.0273,0.049679406
11674,model_4,0.1601,0.2202449
11675,model_4,0.3144,0.32317585
11676,model_4,0.3617,0.38740268
11677,model_4,0.1558,0.11849125
11678,model_4,0.0412,0.035800986
11679,model_4,0.3156,0.29283145
11680,model_4,0.1165,0.06371091
11681,model_4,-0.1168,-0.1427368
11682,model_4,0.1257,0.07233585
11683,model_4,0.3255,0.25881216
11684,model_4,0.3503,0.41372988
11685,model_4,0.6876,0.64981544
11686,model_4,-0.0813,-0.047064744
11687,model_4,0.0711,0.008179041
11688,model_4,0.7033,0.73469377
11689,model_4,0.0917,0.10145494
11690,model_4,0.8238,0.76462406
11691,model_4,0.3047,0.24828921
11692,model_4,0.1768,0.065896094
11693,model_4,0.3666,0.3771955
11694,model_4,0.3013,0.30765352
11695,model_4,0.1511,0.20219007
11696,model_4,-0.0287,0.024815308
11697,model_4,0.3471,0.3591019
11698,model_4,0.321,0.35404286
11699,model_4,0.0147,0.18763724
11700,model_4,0.4653,0.50231254
11701,model_4,0.1572,0.24681766
11702,model_4,0.0295,0.07194204
11703,model_4,-0.159,-0.092729196
11704,model_4,0.5776,0.5662186
11705,model_4,0.0433,0.052464366
11706,model_4,0.3461,0.35899845
11707,model_4,0.0217,0.022152694
11708,model_4,0.2392,0.22705084
11709,model_4,0.2279,0.3791773
11710,model_4,0.2365,0.37332472
11711,model_4,0.2869,0.40693066
11712,model_4,0.005,-0.085696675
11713,model_4,0.2857,0.28607532
11714,model_4,0.4109,0.38510567
11715,model_4,0.0718,0.063628025
11716,model_4,-0.0082,-0.018197594
11717,model_4,0.4885,0.3786562
11718,model_4,0.2314,0.1507319
11719,model_4,0.0997,0.0120660085
11720,model_4,0.4104,0.28274542
11721,model_4,-0.0849,-0.085848615
11722,model_4,0.5418,0.60416585
11723,model_4,0.1985,0.2850217
11724,model_4,-0.023,-0.06417999
11725,model_4,0.2228,0.22951928
11726,model_4,0.4315,0.41601533
11727,model_4,0.3684,0.43196052
11728,model_4,-0.0106,0.16629931
11729,model_4,0.0958,0.15348873
11730,model_4,0.4557,0.43852848
11731,model_4,0.593,0.6953416
11732,model_4,0.251,0.32045344
11733,model_4,0.2243,0.23450227
11734,model_4,0.0353,0.04618278
11735,model_4,0.0268,0.048243612
11736,model_4,0.0337,0.03787101
11737,model_4,0.0592,0.07807551
11738,model_4,0.1011,0.19318399
11739,model_4,0.0995,0.1350777
11740,model_4,0.365,0.40654853
11741,model_4,0.1736,0.2150423
11742,model_4,0.0602,0.061992258
11743,model_4,0.0903,0.018690998
11744,model_4,-0.0102,0.009678336
11745,model_4,0.3178,0.31943426
11746,model_4,0.512,0.53153485
11747,model_4,0.1552,0.29485682
11748,model_4,0.4109,0.39322117
11749,model_4,0.7805,0.7484172
11750,model_4,0.4164,0.46175414
11751,model_4,0.0548,-0.02220141
11752,model_4,0.0408,0.047813438
11753,model_4,0.1394,0.14188796
11754,model_4,0.2527,0.21926923
11755,model_4,0.0668,0.062107682
11756,model_4,0.7044,0.65025914
11757,model_4,0.1543,0.14120483
11758,model_4,-0.046,-0.05244439
11759,model_4,0.0436,0.025495099
11760,model_4,0.0826,0.045134217
11761,model_4,0.1611,0.12592278
11762,model_4,0.0491,0.030714812
11763,model_4,0.0986,0.09519987
11764,model_4,0.1751,0.14852956
11765,model_4,-0.0325,0.03304816
11766,model_4,0.312,0.3059901
11767,model_4,0.3171,0.2203571
11768,model_4,-1e-04,-0.03537377
11769,model_4,0.3182,0.30075935
11770,model_4,0.7026,0.6447609
11771,model_4,0.0734,0.11779758
11772,model_4,0.9063,0.85434914
11773,model_4,-0.0336,-0.009456208
11774,model_4,0.5062,0.6178818
11775,model_4,0.3705,0.35336772
11776,model_4,0.3183,0.2820856
11777,model_4,0.1873,0.20794328
11778,model_4,0.3317,0.22290166
11779,model_4,0.0357,0.05849149
11780,model_4,-0.1047,-0.046150804
11781,model_4,0.1237,0.1359532
11782,model_4,1.0423,0.951968
11783,model_4,0.9443,0.9599422
11784,model_4,0.7544,0.74549806
11785,model_4,0.5172,0.5599444
11786,model_4,0.1602,0.109413266
11787,model_4,0.116,0.13820179
11788,model_4,0.4788,0.47710437
11789,model_4,0.1521,0.36463326
11790,model_4,0.3555,0.37981793
11791,model_4,-0.1877,-0.124189325
11792,model_4,0.1146,0.12511931
11793,model_4,0.6791,0.64279
11794,model_4,0.2011,0.18860939
11795,model_4,0.2658,0.15958925
11796,model_4,0.3303,0.34271154
11797,model_4,0.2502,0.27962264
11798,model_4,0.3003,0.30938572
11799,model_4,0.1146,0.18272324
11800,model_4,0.3595,0.29889432
11801,model_4,0.1464,0.2260937
11802,model_4,0.0922,0.15344365
11803,model_4,0.7619,0.8031991
11804,model_4,0.0861,0.1334445
11805,model_4,0.306,0.38684946
11806,model_4,0.062,0.04672429
11807,model_4,0.183,0.09202023
11808,model_4,0.2923,0.16471829
11809,model_4,0.608,0.5960897
11810,model_4,0.2762,0.32063344
11811,model_4,0.5089,0.48223063
11812,model_4,0.2848,0.35437328
11813,model_4,0.4641,0.49780074
11814,model_4,0.0877,0.12275325
11815,model_4,0.233,0.2784715
11816,model_4,0.2356,0.2638783
11817,model_4,0.2723,0.26981965
11818,model_4,0.0371,0.022494296
11819,model_4,0.0948,0.09436227
11820,model_4,0.1558,0.06063968
11821,model_4,0.2235,0.022559395
11822,model_4,0.0767,0.04451693
11823,model_4,0.1009,0.097680144
11824,model_4,0.0842,0.09847809
11825,model_4,0.2114,0.15609157
11826,model_4,0.4335,0.41609737
11827,model_4,0.3325,0.3492609
11828,model_4,0.9521,0.8538412
11829,model_4,0.0018,0.0063534174
11830,model_4,0.1956,0.20404227
11831,model_4,0.1691,0.22333203
11832,model_4,-0.0383,-0.04674904
11833,model_4,0.037,0.064783156
11834,model_4,0.2242,0.086838305
11835,model_4,0.1952,0.19601323
11836,model_4,0.465,0.3339495
11837,model_4,0.7616,0.7173172
11838,model_4,0.534,0.5131772
11839,model_4,0.2078,0.18684095
11840,model_4,0.0984,0.073935606
11841,model_4,0.5467,0.540298
11842,model_4,0.7601,0.7181245
11843,model_4,0.2498,0.33436432
11844,model_4,0.1477,0.20982681
11845,model_4,0.0578,0.08536717
11846,model_4,0.1773,0.14196412
11847,model_4,0.1059,0.07339276
11848,model_4,0.9553,0.8882635
11849,model_4,0.2169,0.1312079
11850,model_4,0.4745,0.5029547
11851,model_4,-0.0708,0.10915311
11852,model_4,0.2137,0.21906155
11853,model_4,-0.0833,0.0014083926
11854,model_4,0.2997,0.27003413
11855,model_4,0.1491,0.23641296
11856,model_4,0.507,0.56836617
11857,model_4,0.0628,0.06134276
11858,model_4,-0.2071,-0.15607281
11859,model_4,0.0451,-0.09353554
11860,model_4,0.295,0.33390537
11861,model_4,-0.0022,-0.029926477
11862,model_4,0.0125,0.010700183
11863,model_4,0.2333,0.28757575
11864,model_4,0.0809,0.021764139
11865,model_4,0.2365,0.18238124
11866,model_4,0.108,-0.10336064
11867,model_4,0.3838,0.42064527
11868,model_4,0.4012,0.3259081
11869,model_4,0.5127,0.51972014
11870,model_4,0.127,0.10859771
11871,model_4,0.0713,0.06829065
11872,model_4,-0.0928,-0.0954683
11873,model_4,0.1757,0.12041825
11874,model_4,0.1351,0.17040305
11875,model_4,0.9771,0.9845059
11876,model_4,0.1313,0.10948378
11877,model_4,0.2147,0.1474863
11878,model_4,0.2093,0.18826479
11879,model_4,0.4627,0.47549614
11880,model_4,-0.1959,-0.21179245
11881,model_4,-0.1146,-0.061795734
11882,model_4,0.5569,0.59441346
11883,model_4,0.7598,0.74176323
11884,model_4,0.137,0.11955282
11885,model_4,0.1325,0.12626724
11886,model_4,0.1731,0.20035456
11887,model_4,-0.1352,-0.16478758
11888,model_4,0.3547,0.34004554
11889,model_4,0.727,0.7412638
11890,model_4,0.3951,0.43188068
11891,model_4,0.3512,0.29452792
11892,model_4,0.5255,0.52938604
11893,model_4,0.2186,0.10964228
11894,model_4,0.3345,0.34048787
11895,model_4,-0.0339,0.010593826
11896,model_4,0.1597,0.13811879
11897,model_4,0.2647,0.33871135
11898,model_4,0.2557,0.2714182
11899,model_4,0.0686,0.065783225
11900,model_4,0.1508,0.11645438
11901,model_4,0.1913,0.23762687
11902,model_4,0.3069,0.3072778
11903,model_4,0.0586,0.042898916
11904,model_4,0.0413,0.026723007
11905,model_4,0.7071,0.71352965
11906,model_4,0.6158,0.6188694
11907,model_4,0.0511,0.036853492
11908,model_4,0.153,0.1357976
11909,model_4,0.3946,0.4084415
11910,model_4,0.1342,0.22356223
11911,model_4,0.3712,0.3348041
11912,model_4,0.1076,0.15536453
11913,model_4,0.3683,0.23172201
11914,model_4,0.3326,0.38402668
11915,model_4,0.2097,0.29456756
11916,model_4,0.3543,0.45512798
11917,model_4,-0.0182,0.00027809478
11918,model_4,0.314,0.37441474
11919,model_4,0.26,0.3064516
11920,model_4,0.0417,0.04932414
11921,model_4,0.9621,0.90835005
11922,model_4,0.1104,0.09032675
11923,model_4,0.0868,0.058177233
11924,model_4,0.2733,0.27909032
11925,model_4,0.1143,0.10068317
11926,model_4,0.2761,0.26366127
11927,model_4,-0.0071,0.08020869
11928,model_4,-0.0521,-0.0235894
11929,model_4,0.0374,0.06275961
11930,model_4,0.0691,0.12304588
11931,model_4,0.3538,0.31944382
11932,model_4,0.0748,0.11690411
11933,model_4,0.3632,0.28239703
11934,model_4,0.4813,0.4820847
11935,model_4,0.03,0.016712585
11936,model_4,0.343,0.3812843
11937,model_4,0.0804,0.056105644
11938,model_4,0.5401,0.5016758
11939,model_4,0.0466,0.06976324
11940,model_4,-0.1724,-0.120493576
11941,model_4,0.5453,0.5659162
11942,model_4,0.8049,0.72218025
11943,model_4,0.0429,0.03323605
11944,model_4,0.2047,0.082793474
11945,model_4,0.0531,0.022000873
11946,model_4,0.1167,0.17388041
11947,model_4,0.3222,0.3634126
11948,model_4,0.8294,0.8931028
11949,model_4,0.3726,0.34300596
11950,model_4,0.077,0.097851634
11951,model_4,0.0653,0.07229633
11952,model_4,0.3871,0.38595954
11953,model_4,0.3854,0.3998124
11954,model_4,0.3677,0.53594804
11955,model_4,0.1539,0.14189471
11956,model_4,0.0157,0.07730983
11957,model_4,0.0494,0.036436245
11958,model_4,0.3474,0.38185555
11959,model_4,-0.0826,-0.112659685
11960,model_4,0.3704,0.3636432
11961,model_4,0.2125,0.14472502
11962,model_4,0.0805,0.05701089
11963,model_4,0.2033,0.4293006
11964,model_4,0.0865,0.07916241
11965,model_4,0.0505,0.116451755
11966,model_4,0.0158,0.043730453
11967,model_4,0.2868,0.36372223
11968,model_4,0.5765,0.5684773
11969,model_4,0.4482,0.3255377
11970,model_4,0.1104,0.13137574
11971,model_4,0.0525,0.04932937
11972,model_4,0.257,0.21571241
11973,model_4,-0.0257,-0.12164061
11974,model_4,0.4437,0.4623335
11975,model_4,0.0862,0.15130316
11976,model_4,-0.0631,0.031049522
11977,model_4,0.1411,0.3076919
11978,model_4,0.2443,0.2835593
11979,model_4,0.1559,0.17442635
11980,model_4,0.0694,0.008416632
11981,model_4,0.1802,0.17137086
11982,model_4,0.1957,0.23995449
11983,model_4,0.6495,0.64118963
11984,model_4,0.0289,0.041331373
11985,model_4,-0.0381,-0.010241164
11986,model_4,0.7517,0.7085613
11987,model_4,0.1402,0.10748327
11988,model_4,0.1915,0.13380648
11989,model_4,0.1314,0.108095944
11990,model_4,0.6158,0.66940296
11991,model_4,0.1766,0.1532524
11992,model_4,0.3239,0.3137739
11993,model_4,0.4011,0.38588193
11994,model_4,0.3023,0.34020692
11995,model_4,0.0257,0.07195841
11996,model_4,0.1641,0.13632676
11997,model_4,0.1688,0.07552448
11998,model_4,0.1972,0.14896975
11999,model_4,0.3209,0.28097093
12000,model_4,0.0824,0.031632647
12001,model_4,-0.2574,-0.25240397
12002,model_4,0.2357,0.33606425
12003,model_4,-0.0537,0.048981413
12004,model_4,0.1384,0.13639104
12005,model_4,0.2704,0.28104123
12006,model_4,0.0492,0.06671926
12007,model_4,0.4292,0.44583505
12008,model_4,0.0561,0.023729088
12009,model_4,0.422,0.45041463
12010,model_4,0.1621,0.14672716
12011,model_4,0.4694,0.52152187
12012,model_4,0.6701,0.6780473
12013,model_4,0.2897,0.18606333
12014,model_4,0.0851,0.052046314
12015,model_4,0.444,0.5131393
12016,model_4,0.1751,0.175485
12017,model_4,0.2739,0.3086261
12018,model_4,0.2062,0.16593884
12019,model_4,0.3186,0.36006185
12020,model_4,0.4658,0.44982037
12021,model_4,0.1108,0.09427067
12022,model_4,0.3058,0.35349712
12023,model_4,0.0073,0.035761714
12024,model_4,0.1669,0.09371137
12025,model_4,0.1436,0.14003962
12026,model_4,0.1688,0.21306823
12027,model_4,0.5488,0.5736263
12028,model_4,0.1483,0.14840227
12029,model_4,0.1801,0.14679925
12030,model_4,0.2856,0.21523683
12031,model_4,0.1723,0.13567081
12032,model_4,-0.003,0.028234566
12033,model_4,0.0877,0.08831243
12034,model_4,0.5325,0.4293814
12035,model_4,0.4467,0.38465312
12036,model_4,0.2161,0.3333483
12037,model_4,0.0731,0.061293736
12038,model_4,0.324,0.29901
12039,model_4,0.5059,0.48877922
12040,model_4,0.3098,0.21275596
12041,model_4,0.6702,0.65145445
12042,model_4,0.4454,0.45832703
12043,model_4,0.482,0.54113555
12044,model_4,0.1827,0.2242104
12045,model_4,0.2382,0.28580508
12046,model_4,0.062,0.06355402
12047,model_4,0.0764,0.2105659
12048,model_4,0.9909,0.9085268
12049,model_4,0.0017,0.0049521793
12050,model_4,0.0725,0.118689135
12051,model_4,0.6986,0.6557299
12052,model_4,0.1026,0.051333338
12053,model_4,0.2602,0.34878862
12054,model_4,0.1597,0.20253555
12055,model_4,0.0999,0.15722291
12056,model_4,0.105,0.07995234
12057,model_4,0.1339,0.10531917
12058,model_4,0.7248,0.6687653
12059,model_4,0.3623,0.26787835
12060,model_4,-0.0926,0.019381622
12061,model_4,0.5097,0.4869826
12062,model_4,0.6611,0.6841334
12063,model_4,0.1565,0.16438888
12064,model_4,0.2494,0.26568154
12065,model_4,0.4328,0.4300897
12066,model_4,0.0906,0.29959473
12067,model_4,0.2333,0.26871294
12068,model_4,0.4523,0.37279963
12069,model_4,0.4513,0.40814552
12070,model_4,-0.0806,0.048234478
12071,model_4,0.2082,0.20633584
12072,model_4,0.0444,0.030546853
12073,model_4,0.0515,0.041621692
12074,model_4,0.1515,0.1355011
12075,model_4,0.1362,0.17025448
12076,model_4,0.2108,0.20004232
12077,model_4,0.5363,0.50669086
12078,model_4,-0.0176,0.04102584
12079,model_4,-0.0186,-0.043294646
12080,model_4,0.232,0.27692404
12081,model_4,0.1942,0.22119202
12082,model_4,-0.0013,-0.002965724
12083,model_4,0.7549,0.7427032
12084,model_4,0.3891,0.369996
12085,model_4,-0.041,-0.11797322
12086,model_4,0.3095,0.3650085
12087,model_4,0.1665,0.17536941
12088,model_4,0.5498,0.60636914
12089,model_4,0.0528,0.016518356
12090,model_4,0.1209,0.08275819
12091,model_4,0.9988,0.8856634
12092,model_4,0.3377,0.28135124
12093,model_4,0.1862,0.15843818
12094,model_4,0.0614,0.135045
12095,model_4,0.3948,0.365742
12096,model_4,0.6397,0.56104845
12097,model_4,0.321,0.38268974
12098,model_4,0.6869,0.70726347
12099,model_4,0.4119,0.48699835
12100,model_4,0.4386,0.42030656
12101,model_4,-0.0079,0.029514385
12102,model_4,0.0023,0.004594492
12103,model_4,0.1769,0.16727872
12104,model_4,0.356,0.40028372
12105,model_4,0.4449,0.25571105
12106,model_4,0.1678,0.10181516
12107,model_4,0.1169,0.10903475
12108,model_4,0.4938,0.49607423
12109,model_4,0.6969,0.6994179
12110,model_4,0.1261,0.10017696
12111,model_4,0.4533,0.42303067
12112,model_4,0.0178,0.021549502
12113,model_4,0.5146,0.5252412
12114,model_4,0.2465,0.15096065
12115,model_4,0.2617,0.20758994
12116,model_4,0.1071,0.07048926
12117,model_4,0.0194,0.06607087
12118,model_4,-0.0767,-0.06881671
12119,model_4,0.3278,0.30977598
12120,model_4,0.3123,0.26126632
12121,model_4,0.245,0.24216385
12122,model_4,0.0665,0.07242031
12123,model_4,-0.0257,-0.029312534
12124,model_4,0.0631,0.04639475
12125,model_4,0.3602,0.40861678
12126,model_4,0.0649,-0.048077695
12127,model_4,0.3413,0.2830874
12128,model_4,0.2721,0.27053943
12129,model_4,0.1052,0.09534705
12130,model_4,0.1647,0.17419095
12131,model_4,0.0129,0.005468348
12132,model_4,0.0821,0.035612367
12133,model_4,0.9447,0.92619956
12134,model_4,0.3237,0.32491383
12135,model_4,0.2409,0.22706957
12136,model_4,-0.0645,-0.07715987
12137,model_4,0.1196,0.074779786
12138,model_4,-0.0008,0.027632019
12139,model_4,0.1626,0.14757463
12140,model_4,0.2777,0.21324052
12141,model_4,0.1176,0.19804847
12142,model_4,0.0325,-0.021802774
12143,model_4,0.1183,0.16925986
12144,model_4,0.0764,0.009983452
12145,model_4,0.0641,0.097723916
12146,model_4,0.0812,0.19838838
12147,model_4,0.1039,0.17520088
12148,model_4,0.2007,0.091380894
12149,model_4,0.5081,0.5393874
12150,model_4,0.642,0.5300553
12151,model_4,0.0237,0.08652453
12152,model_4,0.0803,0.032181256
12153,model_4,0.2485,0.2899644
12154,model_4,0.0893,0.12911054
12155,model_4,0.0782,0.17170465
12156,model_4,0.3216,0.32019123
12157,model_4,0.2341,0.20418224
12158,model_4,0.0152,-0.059475906
12159,model_4,0.3037,0.254746
12160,model_4,-0.0442,-0.0017752033
12161,model_4,0.3209,0.3647412
12162,model_4,0.128,0.1720861
12163,model_4,0.1038,0.111218706
12164,model_4,0.1089,0.09062013
12165,model_4,0.1399,0.111990675
12166,model_4,0.6823,0.6676779
12167,model_4,0.7385,0.81332815
12168,model_4,0.3429,0.34012514
12169,model_4,0.2529,0.21359682
12170,model_4,0.3689,0.43685958
12171,model_4,0.5257,0.5304216
12172,model_4,0.0012,0.042062595
12173,model_4,0.8678,0.8640897
12174,model_4,0.1774,0.2821921
12175,model_4,0.2203,0.18160318
12176,model_4,-0.0972,-0.085086375
12177,model_4,0.3152,0.2826006
12178,model_4,0.1818,0.10363219
12179,model_4,0.5364,0.60048956
12180,model_4,0.7901,0.7709155
12181,model_4,0.0785,0.040788673
12182,model_4,0.1997,0.20968935
12183,model_4,0.2815,0.27569786
12184,model_4,0.2452,0.22336976
12185,model_4,0.1275,0.12315236
12186,model_4,0.3963,0.4477645
12187,model_4,0.089,0.07606301
12188,model_4,0.0624,0.023935022
12189,model_4,0.0776,0.066589475
12190,model_4,0.3946,0.4456049
12191,model_4,0.403,0.37450996
12192,model_4,0.0627,0.09622572
12193,model_4,-0.0737,-0.013107566
12194,model_4,0.8804,0.8578838
12195,model_4,0.298,0.25247398
12196,model_4,-0.0083,0.027814457
12197,model_4,0.1106,0.09051316
12198,model_4,0.4197,0.45254916
12199,model_4,-0.021,0.025312217
12200,model_4,0.191,0.053837083
12201,model_4,-0.0004,0.1499013
12202,model_4,0.1601,0.08056401
12203,model_4,0.0154,-0.0520586
12204,model_4,0.0235,0.037565835
12205,model_4,0.7121,0.67675996
12206,model_4,0.6052,0.3304316
12207,model_4,0.3601,0.3863861
12208,model_4,0.3501,0.4322302
12209,model_4,0.4112,0.38204375
12210,model_4,0.1825,0.20955403
12211,model_4,0.4484,0.40724286
12212,model_4,0.234,0.21044983
12213,model_4,0.2976,0.35165745
12214,model_4,0.2147,0.12609471
12215,model_4,0.439,0.452647
12216,model_4,0.1585,0.1410167
12217,model_4,0.2821,0.3104719
12218,model_4,0.1454,0.16362268
12219,model_4,0.4025,0.3637589
12220,model_4,0.3501,0.2604737
12221,model_4,-0.0383,0.24126257
12222,model_4,0.1922,0.1333404
12223,model_4,0.2171,0.24528106
12224,model_4,0.5988,0.6315334
12225,model_4,0.0137,0.1307293
12226,model_4,0.4819,0.5166178
12227,model_4,0.0926,0.10204653
12228,model_4,0.1254,0.07841289
12229,model_4,0.8625,0.76178515
12230,model_4,0.1567,0.06862093
12231,model_4,0.6133,0.6867753
12232,model_4,0.0246,0.022470051
12233,model_4,0.1009,0.121460095
12234,model_4,0.4123,0.44250277
12235,model_4,0.3014,0.19669242
12236,model_4,0.3082,0.25941142
12237,model_4,0.8376,0.8053876
12238,model_4,0.1774,0.271911
12239,model_4,0.6211,0.6116369
12240,model_4,0.2409,0.14589827
12241,model_4,-0.0716,-0.06544526
12242,model_4,-0.0724,0.22510913
12243,model_4,0.3842,0.41300955
12244,model_4,0.3266,0.23565616
12245,model_4,0.0744,0.09420018
12246,model_4,0.6124,0.6350715
12247,model_4,0.1175,0.051325656
12248,model_4,0.1588,0.16385728
12249,model_4,-0.1069,-0.0061176326
12250,model_4,0.0678,0.0617463
12251,model_4,-0.0896,-0.013715377
12252,model_4,0.7713,0.79604256
12253,model_4,0.0351,0.0029610712
12254,model_4,0.1707,0.18425919
12255,model_4,0.2714,0.13431935
12256,model_4,0.0278,0.023200387
12257,model_4,0.0846,0.16855085
12258,model_4,-0.0503,-0.057990402
12259,model_4,-0.0389,0.06079576
12260,model_4,-0.0311,-0.12431734
12261,model_4,0.6206,0.63046366
12262,model_4,0.2605,0.34810242
12263,model_4,0.3653,0.30027932
12264,model_4,0.2205,0.24079014
12265,model_4,-0.0438,0.027130494
12266,model_4,0.4235,0.41825485
12267,model_4,0.121,0.058096923
12268,model_4,0.3362,0.31993476
12269,model_4,-0.1321,-0.07598764
12270,model_4,0.0314,0.033117346
12271,model_4,0.1679,0.10173485
12272,model_4,0.3675,0.28620082
12273,model_4,0.2304,0.27396294
12274,model_4,0.167,0.10787545
12275,model_4,0.1969,0.20058891
12276,model_4,0.023,0.07015307
12277,model_4,0.2442,0.25519058
12278,model_4,0.2335,0.17163515
12279,model_4,0.0371,0.04542339
12280,model_4,0.4213,0.1516099
12281,model_4,0.5258,0.44081327
12282,model_4,-0.2644,-0.23386742
12283,model_4,0.0224,0.05006075
12284,model_4,0.0563,-0.06936125
12285,model_4,0.2866,0.26344183
12286,model_4,0.0647,0.104511924
12287,model_4,0.1334,0.11196327
12288,model_4,0.0877,0.061792523
12289,model_4,0.2819,0.27485952
12290,model_4,0.2393,0.34400666
12291,model_4,0.0375,0.064560086
12292,model_4,0.1944,0.19843781
12293,model_4,0.5885,0.6730591
12294,model_4,-0.0723,-0.055899672
12295,model_4,0.6856,0.71386737
12296,model_4,0.3233,0.3711364
12297,model_4,0.0515,0.08597915
12298,model_4,0.183,0.28708422
12299,model_4,0.9575,0.9540531
12300,model_4,-0.0373,-0.025340823
12301,model_4,0.0326,0.0058114696
12302,model_4,0.1989,0.13962735
12303,model_4,0.7656,0.67923033
12304,model_4,0.102,0.22360869
12305,model_4,-0.2391,-0.26305223
12306,model_4,0.3455,0.27930373
12307,model_4,0.2932,0.2552561
12308,model_4,0.451,0.5116515
12309,model_4,0.8838,0.8349414
12310,model_4,0.2518,0.11214304
12311,model_4,0.0905,0.11116631
12312,model_4,0.2021,0.22950253
12313,model_4,0.2407,0.25318336
12314,model_4,0.2092,0.19983496
12315,model_4,0.7049,0.78298414
12316,model_4,0.0254,0.034039475
12317,model_4,0.1278,0.08002768
12318,model_4,0.3201,0.3757061
12319,model_4,0.0056,0.20296998
12320,model_4,0.2916,0.2606569
12321,model_4,0.3702,0.35147667
12322,model_4,0.1984,0.17039944
12323,model_4,0.1083,0.098209225
12324,model_4,0.003,0.033767387
12325,model_4,0.2616,0.23081177
12326,model_4,0.2619,0.22784682
12327,model_4,0.5927,0.53997463
12328,model_4,0.2018,0.26313144
12329,model_4,0.221,0.17137794
12330,model_4,0.0315,-0.061045572
12331,model_4,-0.0022,0.03336639
12332,model_4,0.4317,0.42222518
12333,model_4,0.5453,0.52778494
12334,model_4,0.4226,0.42846814
12335,model_4,0.1121,0.108994246
12336,model_4,0.2813,0.28094906
12337,model_4,0.3219,0.23415773
12338,model_4,1.0694,1.0101496
12339,model_4,0.1168,0.07301852
12340,model_4,0.0884,0.07395922
12341,model_4,0.3383,0.2698866
12342,model_4,0.1106,0.1387716
12343,model_4,0.0705,0.050747834
12344,model_4,0.132,0.10566807
12345,model_4,0.362,0.3903781
12346,model_4,0.0863,0.11030018
12347,model_4,0.0917,0.07797508
12348,model_4,0.4727,0.45758706
12349,model_4,0.1261,0.09866155
12350,model_4,-0.1833,-0.12810077
12351,model_4,0.3651,0.37363723
12352,model_4,0.0955,0.069411255
12353,model_4,0.1457,0.2145561
12354,model_4,-0.0158,0.06270708
12355,model_4,-0.0288,-0.06786071
12356,model_4,0.4866,0.4636318
12357,model_4,0.2488,0.3340023
12358,model_4,0.2733,0.30712348
12359,model_4,0.0703,0.058969624
12360,model_4,0.6585,0.6004788
12361,model_4,0.3023,0.2125263
12362,model_4,0.1064,0.08740154
12363,model_4,0.1608,0.16727223
12364,model_4,0.2236,0.24889486
12365,model_4,0.1278,0.12196411
12366,model_4,0.5283,0.5616871
12367,model_4,-0.0622,-0.10820217
12368,model_4,0.3666,0.33365658
12369,model_4,0.4571,0.50497794
12370,model_4,0.1839,0.210063
12371,model_4,0.1012,0.08494379
12372,model_4,0.1767,0.09411696
12373,model_4,0.129,0.07791543
12374,model_4,1.0084,0.93367547
12375,model_4,0.1126,0.19874723
12376,model_4,0.2273,0.13632743
12377,model_4,0.1495,0.21493587
12378,model_4,0.4172,0.42279866
12379,model_4,0.0618,0.07933321
12380,model_4,0.2271,0.21379462
12381,model_4,0.3056,0.36078358
12382,model_4,0.0586,0.16450213
12383,model_4,0.2231,0.14546032
12384,model_4,0.0123,0.0005239416
12385,model_4,0.1047,0.09192272
12386,model_4,0.0093,0.011664392
12387,model_4,0.028,-0.051028922
12388,model_4,0.0982,0.09797031
12389,model_4,0.3204,0.27689838
12390,model_4,0.3326,0.24310715
12391,model_4,0.0743,0.1364683
12392,model_4,0.1978,0.21433656
12393,model_4,0.1617,0.21518809
12394,model_4,0.2357,0.150681
12395,model_4,0.2791,0.13046747
12396,model_4,0.437,0.46961442
12397,model_4,0.0417,0.09719889
12398,model_4,0.1199,0.12632412
12399,model_4,0.2938,0.31376323
12400,model_4,0.0197,0.03532411
12401,model_4,0.3909,0.27986655
12402,model_4,0.0758,0.05099179
12403,model_4,0.302,0.33471644
12404,model_4,0.5343,0.5684717
12405,model_4,0.5045,0.54628265
12406,model_4,0.0099,0.0066450406
12407,model_4,0.2024,0.084194794
12408,model_4,-0.0409,0.14662144
12409,model_4,0.0624,0.117370754
12410,model_4,0.1756,0.16386959
12411,model_4,0.5883,0.58690155
12412,model_4,0.1992,0.1960633
12413,model_4,-0.0463,-0.065387174
12414,model_4,0.3596,0.26002273
12415,model_4,-0.1507,0.04928367
12416,model_4,0.2598,0.2100248
12417,model_4,0.6846,0.7026472
12418,model_4,-0.0717,-0.14147998
12419,model_4,0.0229,0.004192004
12420,model_4,-0.059,-0.06623834
12421,model_4,0.0616,0.06524185
12422,model_4,0.5577,0.6095325
12423,model_4,-0.2074,-0.10593228
12424,model_4,0.9935,0.88702106
12425,model_4,0.042,0.035340525
12426,model_4,0.3986,0.3797393
12427,model_4,0.0273,0.03814669
12428,model_4,0.7775,0.76662946
12429,model_4,0.1545,0.20426826
12430,model_4,0.461,0.5014277
12431,model_4,0.3274,0.29004952
12432,model_4,0.16,0.04847905
12433,model_4,0.3145,0.08839571
12434,model_4,0.4777,0.49189755
12435,model_4,0.4208,0.38202295
12436,model_4,0.0288,0.012983302
12437,model_4,0.0535,0.013881566
12438,model_4,0.2877,0.2721556
12439,model_4,0.2275,0.21059196
12440,model_4,-0.191,-0.24589153
12441,model_4,0.4734,0.42322892
12442,model_4,0.1687,0.15648524
12443,model_4,0.6685,0.6544693
12444,model_4,0.0595,0.07103789
12445,model_4,0.1041,0.12647347
12446,model_4,0.2558,0.23456715
12447,model_4,0.2774,0.29491368
12448,model_4,0.1777,0.13285951
12449,model_4,0.1203,0.067343324
12450,model_4,0.2357,0.2271699
12451,model_4,0.0812,0.07173903
12452,model_4,0.0905,0.11270872
12453,model_4,-0.0528,-0.053260908
12454,model_4,-0.0019,0.055625573
12455,model_4,-0.0341,-0.01616416
12456,model_4,0.0679,0.07450105
12457,model_4,0.2223,0.12634017
12458,model_4,0.231,0.19219545
12459,model_4,0.0884,0.10764456
12460,model_4,0.3931,0.4392136
12461,model_4,0.1375,0.1045066
12462,model_4,-0.0795,-0.16770412
12463,model_4,0.7355,0.700683
12464,model_4,0.3339,0.25919095
12465,model_4,-0.2144,-0.15868254
12466,model_4,0.118,0.0810274
12467,model_4,0.0296,0.05187867
12468,model_4,0.6286,0.5752466
12469,model_4,0.4091,0.44437006
12470,model_4,0.131,0.12158121
12471,model_4,-0.115,-0.06361075
12472,model_4,0.1049,0.13668314
12473,model_4,0.1711,0.13477015
12474,model_4,0.1577,0.31768262
12475,model_4,0.2978,0.21495505
12476,model_4,0.0488,0.14100169
12477,model_4,0.2989,0.3566524
12478,model_4,0.215,0.26132777
12479,model_4,0.128,0.14655611
12480,model_4,0.0637,0.07353815
12481,model_4,0.1858,0.28036132
12482,model_4,0.0393,0.08908102
12483,model_4,0.434,0.4299697
12484,model_4,0.3888,0.40821424
12485,model_4,0.0395,0.058717564
12486,model_4,0.1581,0.13024063
12487,model_4,-0.03,0.0008063484
12488,model_4,0.0291,0.02963041
12489,model_4,0.1399,0.1450892
12490,model_4,0.0173,0.019484239
12491,model_4,0.1282,0.15844794
12492,model_4,0.2572,0.365073
12493,model_4,0.435,0.48288444
12494,model_4,0.2802,0.10469952
12495,model_4,0.2689,0.32076097
12496,model_4,0.0468,0.086471155
12497,model_4,0.1025,0.18066886
12498,model_4,-0.05,-0.07308358
12499,model_4,-0.1592,-0.1324116
12500,model_4,0.1687,0.12575415
12501,model_4,0.4928,0.5663102
12502,model_4,-0.0636,-0.09060767
12503,model_4,0.1068,0.15606378
12504,model_4,0.0931,0.069024205
12505,model_4,0.3282,0.25716105
12506,model_4,0.1573,0.13306482
12507,model_4,0.1287,0.06710362
12508,model_4,0.4604,0.5107639
12509,model_4,0.1201,0.08800727
12510,model_4,0.3361,0.3916016
12511,model_4,0.0621,0.07385967
12512,model_4,-0.1847,-0.20647323
12513,model_4,0.0485,0.07544862
12514,model_4,0.4567,0.4731803
12515,model_4,-0.1292,-0.12634754
12516,model_4,0.7675,0.774971
12517,model_4,0.3149,0.42861488
12518,model_4,-0.083,-0.05486626
12519,model_4,0.2395,0.22450845
12520,model_4,0.2051,0.14453302
12521,model_4,0.1324,0.05370573
12522,model_4,0.3537,0.37267548
12523,model_4,0.0982,0.07279627
12524,model_4,0.1095,0.07973187
12525,model_4,-0.2217,-0.14445272
12526,model_4,0.1526,0.13565001
12527,model_4,0.232,0.3142192
12528,model_4,-0.0158,-0.055260792
12529,model_4,0.0166,0.07989444
12530,model_4,0.1155,0.13807027
12531,model_4,0.2733,0.3210257
12532,model_4,0.13,0.15097979
12533,model_4,0.3311,0.33108464
12534,model_4,0.1182,0.08896538
12535,model_4,0.3592,0.27840352
12536,model_4,0.3111,0.31450287
12537,model_4,0.0415,0.04987216
12538,model_4,0.1187,0.1560934
12539,model_4,0.7772,0.75374687
12540,model_4,0.2588,0.28015736
12541,model_4,0.735,0.7354953
12542,model_4,0.041,0.1735058
12543,model_4,0.2724,0.31046847
12544,model_4,0.2566,0.22551963
12545,model_4,-0.1324,-0.11302389
12546,model_4,0.3071,0.3816921
12547,model_4,0.5916,0.60670125
12548,model_4,0.0077,-0.11514106
12549,model_4,0.5662,0.5276439
12550,model_4,0.2165,0.25001422
12551,model_4,0.5293,0.5316988
12552,model_4,0.1005,0.11280842
12553,model_4,0.8876,0.7859246
12554,model_4,0.173,0.0994488
12555,model_4,0.0714,0.06239742
12556,model_4,0.0339,0.03459043
12557,model_4,0.1482,0.1635126
12558,model_4,0.3772,0.2995953
12559,model_4,0.034,0.036179
12560,model_4,0.567,0.54844284
12561,model_4,0.0107,0.020602042
12562,model_4,0.3303,0.32323328
12563,model_4,0.0591,0.046721056
12564,model_4,0.6132,0.6645945
12565,model_4,-0.0429,0.035131507
12566,model_4,0.2831,0.32094106
12567,model_4,-0.2733,-0.21578006
12568,model_4,0.226,0.2769243
12569,model_4,0.8807,0.83075774
12570,model_4,0.241,0.22521058
12571,model_4,0.0381,0.055100113
12572,model_4,-0.0338,-0.08614993
12573,model_4,0.4345,0.39686266
12574,model_4,0.0364,0.08220716
12575,model_4,0.4064,0.3550516
12576,model_4,0.412,0.31447536
12577,model_4,0.2817,0.31341314
12578,model_4,0.1879,0.19335856
12579,model_4,-0.0113,0.027534196
12580,model_4,-0.0236,-0.029171882
12581,model_4,0.3069,0.35075378
12582,model_4,-0.0439,-0.09027623
12583,model_4,0.2801,0.28586832
12584,model_4,0.2033,0.318782
12585,model_4,0.3744,0.4684506
12586,model_4,0.1066,0.1125741
12587,model_4,0.0532,0.038175955
12588,model_4,0.1265,0.16393639
12589,model_4,0.086,0.11914469
12590,model_4,0.1606,0.17986082
12591,model_4,0.1982,0.123256
12592,model_4,0.1505,0.1338868
12593,model_4,0.1731,0.29996684
12594,model_4,-0.0235,0.033229053
12595,model_4,-0.052,-0.14357893
12596,model_4,0.147,0.09097119
12597,model_4,0.0409,0.020425769
12598,model_4,0.1544,0.14747857
12599,model_4,0.0369,0.04917769
12600,model_4,-0.0288,-0.054887436
12601,model_4,0.1176,0.06844847
12602,model_4,0.3555,0.33469936
12603,model_4,0.0783,0.094817415
12604,model_4,0.3068,0.2827397
12605,model_4,0.0297,0.056590945
12606,model_4,0.0715,0.044718117
12607,model_4,0.349,0.29954532
12608,model_4,-0.0808,-0.039434187
12609,model_4,0.1447,0.067394316
12610,model_4,0.1368,0.09333308
12611,model_4,0.3513,0.33213502
12612,model_4,0.2381,0.2879997
12613,model_4,0.1751,0.16432063
12614,model_4,0.5688,0.54102945
12615,model_4,0.0665,0.08056706
12616,model_4,-0.0838,-0.13070983
12617,model_4,0.2989,0.314922
12618,model_4,0.2179,0.13748586
12619,model_4,0.076,0.07195289
12620,model_4,-0.0258,0.028343735
12621,model_4,0.4251,0.48180276
12622,model_4,0.0705,0.073435396
12623,model_4,0.106,0.12759148
12624,model_4,-0.0074,0.048366018
12625,model_4,0.3835,0.6914203
12626,model_4,0.5912,0.5697137
12627,model_4,0.0357,0.013927603
12628,model_4,0.0207,0.056031182
12629,model_4,0.0784,0.0934617
12630,model_4,0.6486,0.63005877
12631,model_4,0.1986,0.3697466
12632,model_4,0.0171,0.060462482
12633,model_4,0.1963,0.18626015
12634,model_4,0.1965,0.2320695
12635,model_4,0.9418,0.8763379
12636,model_4,0.5196,0.46167886
12637,model_4,0.8232,0.90371144
12638,model_4,0.1177,0.07838555
12639,model_4,0.721,0.6975051
12640,model_4,0.0585,0.04563473
12641,model_4,0.5093,0.5137689
12642,model_4,0.0556,0.013343284
12643,model_4,0.1981,0.06894368
12644,model_4,0.0863,0.06944331
12645,model_4,0.2411,0.21324389
12646,model_4,0.0484,0.07696548
12647,model_4,-0.0212,0.011258358
12648,model_4,0.5165,0.46279994
12649,model_4,0.2213,0.25202295
12650,model_4,0.0019,-0.06181486
12651,model_4,0.4825,0.49124494
12652,model_4,0.1377,0.14862524
12653,model_4,0.5618,0.5424601
12654,model_4,-0.0784,0.23327003
12655,model_4,0.4283,0.38988683
12656,model_4,0.2691,0.25766084
12657,model_4,0.1053,0.12951802
12658,model_4,0.2661,0.07516851
12659,model_4,0.1647,0.22501156
12660,model_4,0.4259,0.41274592
12661,model_4,0.0386,-0.031824082
12662,model_4,0.566,0.5514524
12663,model_4,-0.0127,0.2265836
12664,model_4,0.1307,0.20101194
12665,model_4,0.3116,0.332113
12666,model_4,0.4665,0.538452
12667,model_4,0.6543,0.60177976
12668,model_4,0.2602,0.2375881
12669,model_4,0.6845,0.5906402
12670,model_4,-0.0589,-0.089035355
12671,model_4,0.079,0.03265264
12672,model_4,0.1539,0.14312626
12673,model_4,0.2943,0.24219157
12674,model_4,0.4917,0.5149174
12675,model_4,0.1384,0.12570482
12676,model_4,0.0702,0.046380863
12677,model_4,0.2235,0.21293798
12678,model_4,0.2114,0.22352268
12679,model_4,-0.0125,-0.04758534
12680,model_4,0.1483,0.10554368
12681,model_4,0.1852,0.101038344
12682,model_4,0.0538,0.044237927
12683,model_4,0.0913,0.09883269
12684,model_4,0.1581,0.15276162
12685,model_4,0.1462,0.13897505
12686,model_4,0.6081,0.62830955
12687,model_4,0.4326,0.3857109
12688,model_4,0.1595,0.20453832
12689,model_4,0.2902,0.27172264
12690,model_4,0.2738,0.2927625
12691,model_4,0.2637,0.27440652
12692,model_4,0.4687,0.35930791
12693,model_4,0.2605,0.250214
12694,model_4,-0.0042,0.025264407
12695,model_4,0.9086,0.8954083
12696,model_4,0.3124,0.42257762
12697,model_4,0.3717,0.3061572
12698,model_4,0.1081,0.14834048
12699,model_4,-0.0283,-0.005266806
12700,model_4,0.1601,0.11572607
12701,model_4,0.1652,0.21697718
12702,model_4,0.1156,0.11776121
12703,model_4,0.3286,0.29086566
12704,model_4,0.1283,0.089639634
12705,model_4,-0.0328,0.029147713
12706,model_4,0.6685,0.76649046
12707,model_4,0.2951,0.36806363
12708,model_4,0.2457,0.3867965
12709,model_4,-0.0024,0.0038825069
12710,model_4,0.5856,0.25626576
12711,model_4,0.572,0.50678146
12712,model_4,-0.0592,-0.06348034
12713,model_4,0.2104,0.3084381
12714,model_4,0.6566,0.6337787
12715,model_4,0.2643,0.18464474
12716,model_4,0.3508,0.26870194
12717,model_4,0.4756,0.4925476
12718,model_4,0.488,0.5425364
12719,model_4,0.5584,0.5344422
12720,model_4,0.0054,0.17652003
12721,model_4,0.5034,0.49817607
12722,model_4,0.0406,0.043387264
12723,model_4,0.1352,0.16302146
12724,model_4,0.0801,0.15074451
12725,model_4,0.065,0.063506454
12726,model_4,0.6081,0.60036254
12727,model_4,0.369,0.39826956
12728,model_4,0.0143,-0.0054422077
12729,model_4,0.8946,0.848727
12730,model_4,0.3761,0.20819536
12731,model_4,0.1528,0.13281865
12732,model_4,0.0422,0.031427264
12733,model_4,0.2115,0.23116364
12734,model_4,0.8827,0.8868426
12735,model_4,0.2545,0.14691168
12736,model_4,0.206,0.24374284
12737,model_4,0.0591,0.041004635
12738,model_4,0.3763,0.35326836
12739,model_4,0.255,0.20133276
12740,model_4,0.4148,0.342695
12741,model_4,0.2358,0.288194
12742,model_4,-0.0634,-0.0257299
12743,model_4,0.1779,0.15197353
12744,model_4,0.166,0.22199747
12745,model_4,0.038,0.03681559
12746,model_4,0.0982,0.063639924
12747,model_4,0.0641,0.023191446
12748,model_4,0.4112,0.3872518
12749,model_4,0.092,0.060188606
12750,model_4,0.0035,-0.015663331
12751,model_4,0.2008,0.177373
12752,model_4,0.0663,0.055054925
12753,model_4,0.5619,0.4372514
12754,model_4,0.0997,0.15797752
12755,model_4,0.1647,0.19605406
12756,model_4,0.1373,0.11695634
12757,model_4,0.3361,0.3134255
12758,model_4,0.0937,0.049928457
12759,model_4,0.563,0.49392864
12760,model_4,0.3155,0.24818684
12761,model_4,0.0261,0.033498503
12762,model_4,0.049,0.04418785
12763,model_4,0.245,0.18510713
12764,model_4,0.3956,0.43481606
12765,model_4,0.2245,0.15322703
12766,model_4,0.1731,0.16233759
12767,model_4,0.0217,0.016691381
12768,model_4,0.2011,0.16622113
12769,model_4,0.3439,0.28637734
12770,model_4,0.3255,0.32400957
12771,model_4,0.2361,0.2377628
12772,model_4,0.0736,0.060619287
12773,model_4,0.0804,0.10180882
12774,model_4,0.5891,0.665096
12775,model_4,0.2558,0.2088762
12776,model_4,0.1678,0.24953954
12777,model_4,-0.2197,-0.14440973
12778,model_4,0.1938,0.21470205
12779,model_4,0.0716,0.09621476
12780,model_4,0.2957,0.38043073
12781,model_4,0.2004,0.17234628
12782,model_4,0.0797,0.102026135
12783,model_4,-0.046,-0.06481292
12784,model_4,0.1148,0.003900336
12785,model_4,0.0891,0.044115253
12786,model_4,0.2601,0.32570788
12787,model_4,-0.1399,-0.102954
12788,model_4,0.0176,0.046797603
12789,model_4,0.0248,0.03422855
12790,model_4,0.6591,0.6754352
12791,model_4,0.3234,0.13434845
12792,model_4,0.1256,0.15755029
12793,model_4,0.3433,0.27480045
12794,model_4,0.5293,0.53483427
12795,model_4,0.1142,0.08432071
12796,model_4,0.3092,0.3361819
12797,model_4,0.039,0.084545895
12798,model_4,0.1734,0.11806205
12799,model_4,-0.1775,-0.13783789
12800,model_4,0.2009,0.1773643
12801,model_4,0.4088,0.12494348
12802,model_4,0.1724,0.13598794
12803,model_4,0.5123,0.5487069
12804,model_4,-0.0811,-0.026407948
12805,model_4,-0.0817,-0.05981253
12806,model_4,0.2125,0.32706836
12807,model_4,-0.1993,-0.19837184
12808,model_4,0.2165,0.21744542
12809,model_4,-0.165,-0.114202574
12810,model_4,-0.1462,-0.15181752
12811,model_4,0.0796,0.042129762
12812,model_4,0.3886,0.3922871
12813,model_4,0.0652,0.13645557
12814,model_4,0.0194,-0.014421439
12815,model_4,0.3042,0.286147
12816,model_4,0.1018,0.2958547
12817,model_4,0.4397,0.28693798
12818,model_4,0.0723,0.083611324
12819,model_4,0.1931,0.058032557
12820,model_4,0.4281,0.5072211
12821,model_4,0.1722,0.17695957
12822,model_4,-0.0123,0.017741205
12823,model_4,0.1324,0.12569468
12824,model_4,0.4355,0.47687376
12825,model_4,0.5291,0.39982975
12826,model_4,0.6363,0.59935284
12827,model_4,0.1514,0.17019519
12828,model_4,0.1863,0.24623425
12829,model_4,0.4414,0.37196198
12830,model_4,0.3719,0.34457082
12831,model_4,0.0158,0.059759513
12832,model_4,0.5778,0.60273004
12833,model_4,0.1629,0.12219344
12834,model_4,0.4192,0.42494562
12835,model_4,0.1708,0.12357859
12836,model_4,0.2558,0.29541433
12837,model_4,0.0917,0.07732652
12838,model_4,0.3537,0.52228785
12839,model_4,-0.0368,-0.031387076
12840,model_4,0.7761,0.6987864
12841,model_4,0.0891,0.093521394
12842,model_4,-0.0881,-0.07895345
12843,model_4,0.1764,0.051421
12844,model_4,-0.052,-0.034667596
12845,model_4,0.1426,0.22596489
12846,model_4,0.391,0.29514712
12847,model_4,0.2517,0.09717526
12848,model_4,0.157,0.16024616
12849,model_4,0.1531,0.14633076
12850,model_4,0.2734,0.37034896
12851,model_4,-0.066,-0.043118194
12852,model_4,-0.0146,0.10148073
12853,model_4,0.2261,0.22347288
12854,model_4,0.3354,0.37037125
12855,model_4,0.7219,0.72560847
12856,model_4,0.4346,0.3934737
12857,model_4,0.2178,0.18638813
12858,model_4,-0.0181,0.11788012
12859,model_4,0.1517,0.15183744
12860,model_4,-0.1776,-0.09717864
12861,model_4,0.2588,0.2942055
12862,model_4,0.0411,0.058375746
12863,model_4,0.1639,0.028508173
12864,model_4,0.2243,0.31775406
12865,model_4,0.5976,0.62630653
12866,model_4,-0.1045,-0.094884865
12867,model_4,-0.0606,-0.021754084
12868,model_4,0.1491,0.16820006
12869,model_4,0.3917,0.35451543
12870,model_4,0.1045,0.082309216
12871,model_4,0.1386,0.079197966
12872,model_4,0.1509,0.17690483
12873,model_4,0.0829,0.10052306
12874,model_4,0.8336,0.7985663
12875,model_4,0.1276,0.36018506
12876,model_4,0.0321,0.05831617
12877,model_4,0.5333,0.42430046
12878,model_4,-0.0972,-0.13247873
12879,model_4,0.1745,0.123526454
12880,model_4,0.4804,0.50817406
12881,model_4,0.4611,0.4318413
12882,model_4,-0.0286,0.04706195
12883,model_4,0.1235,0.01489594
12884,model_4,0.8562,0.8370856
12885,model_4,0.1649,0.06994799
12886,model_4,0.0255,0.048868187
12887,model_4,-0.0389,-0.13042481
12888,model_4,-0.1821,-0.21988264
12889,model_4,0.0078,-0.028137086
12890,model_4,0.0857,0.076128036
12891,model_4,0.2202,0.22324061
12892,model_4,0.3746,0.39238942
12893,model_4,0.9284,0.84800994
12894,model_4,0.5441,0.5542457
12895,model_4,0.0203,0.024463104
12896,model_4,0.099,0.10984446
12897,model_4,0.3893,0.4703186
12898,model_4,0.03,0.08547029
12899,model_4,-0.0803,-0.07065145
12900,model_4,0.5742,0.45378813
12901,model_4,0.2608,0.30196816
12902,model_4,0.3424,0.3678005
12903,model_4,0.7563,0.7400571
12904,model_4,0.5924,0.49380615
12905,model_4,0.451,0.3381629
12906,model_4,0.3,0.30666426
12907,model_4,0.1947,0.30535164
12908,model_4,-0.0702,-0.11256761
12909,model_4,0.342,0.24163969
12910,model_4,0.3785,0.35234597
12911,model_4,0.2008,0.23354767
12912,model_4,0.67,0.6243123
12913,model_4,0.0135,-0.03188573
12914,model_4,0.6326,0.6688949
12915,model_4,0.1651,0.20576832
12916,model_4,-0.0075,0.016095089
12917,model_4,0.3243,0.30107832
12918,model_4,0.3912,0.33014163
12919,model_4,0.0343,0.033716246
12920,model_4,0.1206,0.10412145
12921,model_4,0.1135,0.13251257
12922,model_4,-0.1125,0.032145962
12923,model_4,0.3516,0.35662994
12924,model_4,0.293,0.23493494
12925,model_4,0.2027,0.2620825
12926,model_4,0.2425,0.28797182
12927,model_4,0.0284,0.07040358
12928,model_4,0.28,0.29062805
12929,model_4,-0.1329,-0.04433061
12930,model_4,-0.1792,-0.21389611
12931,model_4,0.0496,0.0114587415
12932,model_4,0.0071,0.01858169
12933,model_4,0.3846,0.20865558
12934,model_4,-0.0135,-0.0034632888
12935,model_4,0.4117,0.47112486
12936,model_4,0.4377,0.4592258
12937,model_4,0.2263,0.23570834
12938,model_4,0.5533,0.5344698
12939,model_4,0.0284,0.030865664
12940,model_4,0.1983,0.22620511
12941,model_4,0.4829,0.5239864
12942,model_4,0.9129,0.8800309
12943,model_4,0.2616,0.21395124
12944,model_4,0.1055,0.075627655
12945,model_4,0.0399,0.055116847
12946,model_4,0.7594,0.7047611
12947,model_4,0.1042,0.11726414
12948,model_4,0.1463,0.19795541
12949,model_4,-0.0073,0.025366979
12950,model_4,0.1361,0.07842882
12951,model_4,-0.0054,-0.046633825
12952,model_4,0.0832,0.08699958
12953,model_4,0.1179,0.12540768
12954,model_4,0.1619,0.21805112
12955,model_4,0.2164,0.07253239
12956,model_4,0.5985,0.6420629
12957,model_4,-0.2122,-0.19925658
12958,model_4,0.6985,0.6908573
12959,model_4,0.5042,0.53204477
12960,model_4,0.7343,0.7388303
12961,model_4,0.6019,0.5654451
12962,model_4,1.1122,1.1230437
12963,model_4,0.0971,0.10181798
12964,model_4,0.3718,0.31351218
12965,model_4,-0.0553,-0.07840336
12966,model_4,0.0426,0.059739545
12967,model_4,0.35,0.29731283
12968,model_4,0.1098,0.2185757
12969,model_4,0.4064,0.34316227
12970,model_4,0.2813,0.24352159
12971,model_4,0.4188,0.42983702
12972,model_4,0.1664,0.11776954
12973,model_4,0.1342,0.097262904
12974,model_4,0.0433,0.03720445
12975,model_4,0.0848,0.112999424
12976,model_4,-0.0383,0.043724984
12977,model_4,0.4807,0.46040228
12978,model_4,0.5837,0.6331148
12979,model_4,0.0805,0.10604324
12980,model_4,0.3234,0.089663304
12981,model_4,0.2488,0.3266812
12982,model_4,0.1852,0.16243261
12983,model_4,0.1338,0.05721066
12984,model_4,0.1576,0.14827703
12985,model_4,0.5512,0.56679547
12986,model_4,0.4166,0.45811188
12987,model_4,0.2141,0.191241
12988,model_4,0.8555,0.8493404
12989,model_4,0.4522,0.4683025
12990,model_4,0.3551,0.23806901
12991,model_4,0.2276,0.19581558
12992,model_4,0.1845,0.24356653
12993,model_4,0.3565,0.32951796
12994,model_4,0.5087,0.54626894
12995,model_4,0.0695,0.024264278
12996,model_4,0.1732,0.15451577
12997,model_4,-0.0577,-0.055919178
12998,model_4,0.1981,0.16394134
12999,model_4,-0.1917,-0.21956591
13000,model_4,0.2953,0.3221603
13001,model_4,0.296,0.32582754
13002,model_4,0.487,0.45703346
13003,model_4,0.2441,0.2554661
13004,model_4,0.0522,0.085828006
13005,model_4,0.0191,0.11578533
13006,model_4,-0.0034,0.023476968
13007,model_4,0.0962,0.11045167
13008,model_4,-0.0496,-0.023312313
13009,model_4,0.0264,-0.104071885
13010,model_4,0.3547,0.32668468
13011,model_4,0.2352,0.21918768
13012,model_4,0.3528,0.3453569
13013,model_4,-0.0739,0.0118085835
13014,model_4,0.9373,0.81491405
13015,model_4,0.6157,0.6582519
13016,model_4,-0.1214,-0.1372064
13017,model_4,0.2627,0.2761892
13018,model_4,0.4245,0.4448074
13019,model_4,0.4759,0.43866625
13020,model_4,0.3899,0.2942387
13021,model_4,0.284,0.27575752
13022,model_4,0.1183,0.17199714
13023,model_4,0.137,0.11278804
13024,model_4,0.0825,-0.012898726
13025,model_4,0.291,0.33644494
13026,model_4,0.5936,0.62685895
13027,model_4,0.2891,0.24796583
13028,model_4,0.1963,0.21851747
13029,model_4,0.0478,0.054872364
13030,model_4,-0.2112,-0.17646413
13031,model_4,0.429,0.3965529
13032,model_4,0.4055,0.4009175
13033,model_4,0.0052,0.050135717
13034,model_4,0.11,0.14194101
13035,model_4,0.5224,0.5662483
13036,model_4,0.2109,0.27714
13037,model_4,0.0963,0.08033365
13038,model_4,0.0973,0.047132164
13039,model_4,0.3659,0.42369395
13040,model_4,-0.0723,-0.12960984
13041,model_4,0.1341,0.10333657
13042,model_4,0.1894,0.13569008
13043,model_4,0.0907,0.13404429
13044,model_4,-0.0892,-0.05266074
13045,model_4,0.6345,0.66287863
13046,model_4,0.7779,0.7966615
13047,model_4,0.1558,0.049022734
13048,model_4,0.2271,0.22286095
13049,model_4,0.1716,0.10966441
13050,model_4,0.2336,0.23547007
13051,model_4,0.1207,0.13822259
13052,model_4,0.9467,0.8952713
13053,model_4,0.7206,0.8240422
13054,model_4,0.2789,0.28492504
13055,model_4,0.3348,0.29093763
13056,model_4,0.1485,0.21067472
13057,model_4,0.1808,0.090364315
13058,model_4,0.2877,0.22479926
13059,model_4,0.4756,0.3996861
13060,model_4,0.2724,0.36835667
13061,model_4,0.142,0.12166725
13062,model_4,-0.0088,0.03712976
13063,model_4,0.1715,0.09411639
13064,model_4,0.5349,0.48262018
13065,model_4,0.1872,0.16788726
13066,model_4,0.0341,0.09955265
13067,model_4,0.5408,0.60828197
13068,model_4,0.46,0.48097578
13069,model_4,0.1282,0.19274883
13070,model_4,0.0597,0.03298004
13071,model_4,0.0547,0.07717387
13072,model_4,0.2546,0.26151842
13073,model_4,0.0538,-0.015104568
13074,model_4,0.2136,0.17012462
13075,model_4,0.2111,0.17648673
13076,model_4,0.3971,0.31084573
13077,model_4,0.3892,0.45286283
13078,model_4,0.1469,0.14583528
13079,model_4,0.2855,0.22628976
13080,model_4,0.065,0.08948667
13081,model_4,0.1539,0.16548257
13082,model_4,0.0312,0.01508061
13083,model_4,0.8707,0.852856
13084,model_4,0.2785,0.22915153
13085,model_4,0.2351,0.19764039
13086,model_4,-0.0285,0.013933266
13087,model_4,0.3096,0.20481718
13088,model_4,0.0264,0.031030582
13089,model_4,0.0795,0.054539323
13090,model_4,0.0566,0.035907455
13091,model_4,0.2144,0.11917621
13092,model_4,0.4176,0.42077312
13093,model_4,0.3137,0.15792258
13094,model_4,0.154,0.18650411
13095,model_4,-0.0804,-0.051864617
13096,model_4,0.0441,0.06955835
13097,model_4,0.0269,0.11383185
13098,model_4,0.0114,0.15556522
13099,model_4,0.0689,0.01691589
13100,model_4,0.3162,0.32047552
13101,model_4,0.3555,0.4054022
13102,model_4,-0.0222,0.05658459
13103,model_4,0.1238,0.13893041
13104,model_4,0.1071,0.12181856
13105,model_4,0.2458,0.19241424
13106,model_4,0.2583,0.25055316
13107,model_4,0.1056,0.079524525
13108,model_4,0.2645,0.224861
13109,model_4,0.211,0.22384878
13110,model_4,0.5544,0.5375593
13111,model_4,0.0287,0.03904622
13112,model_4,0.072,0.04548125
13113,model_4,0.452,0.4431083
13114,model_4,0.1095,0.099277005
13115,model_4,0.8376,0.8273153
13116,model_4,0.5036,0.5863383
13117,model_4,0.3726,0.29694206
13118,model_4,0.1951,0.012978228
13119,model_4,0.2187,0.22640671
13120,model_4,0.3652,0.38498172
13121,model_4,0.327,0.30945766
13122,model_4,0.0355,0.052670144
13123,model_4,0.5786,0.5950831
13124,model_4,0.2727,0.32965216
13125,model_4,0.1646,0.10582704
13126,model_4,0.1424,0.1778088
13127,model_4,0.2931,0.30334657
13128,model_4,0.1301,0.06737665
13129,model_4,0.3108,0.30787188
13130,model_4,0.1729,0.10045968
13131,model_4,-0.2126,-0.15640701
13132,model_4,0.3504,0.229453
13133,model_4,-0.0529,0.040840924
13134,model_4,0.5158,0.47557846
13135,model_4,0.6658,0.7024017
13136,model_4,0.2048,0.16323225
13137,model_4,0.0162,0.033606492
13138,model_4,0.0962,0.12524168
13139,model_4,0.3612,0.31103918
13140,model_4,0.1472,0.17112376
13141,model_4,0.782,0.7983629
13142,model_4,0.1146,0.120265976
13143,model_4,0.1863,0.21482337
13144,model_4,0.5125,0.6448769
13145,model_4,0.1419,0.11722289
13146,model_4,0.1435,0.16602468
13147,model_4,0.2646,0.25440946
13148,model_4,0.7454,0.84005153
13149,model_4,0.9861,0.9055191
13150,model_4,0.1417,0.19125977
13151,model_4,0.4211,0.4497809
13152,model_4,0.1873,0.25395253
13153,model_4,0.0253,0.0038981605
13154,model_4,0.1456,0.13512395
13155,model_4,0.2658,0.24985264
13156,model_4,0.0329,0.098671205
13157,model_4,0.0307,0.1431971
13158,model_4,0.5141,0.4902906
13159,model_4,0.1393,-0.011435082
13160,model_4,0.9072,0.883942
13161,model_4,-0.0024,-0.014063297
13162,model_4,0.3241,0.3907788
13163,model_4,0.4579,0.3564803
13164,model_4,0.2838,0.21465324
13165,model_4,0.1896,0.2449825
13166,model_4,0.2833,0.33008143
13167,model_4,0.1595,0.25244746
13168,model_4,0.0519,0.20156369
13169,model_4,0.0289,0.040731996
13170,model_4,0.0332,0.057447538
13171,model_4,0.365,0.37224182
13172,model_4,1e-04,0.047119513
13173,model_4,0.5036,0.50559264
13174,model_4,0.4386,0.50539446
13175,model_4,0.1015,0.121790335
13176,model_4,0.1862,0.13297941
13177,model_4,0.0048,0.033808716
13178,model_4,-0.0113,0.04577776
13179,model_4,0.5677,0.5625003
13180,model_4,0.314,0.36094454
13181,model_4,0.197,0.24263783
13182,model_4,0.2981,0.3510174
13183,model_4,0.385,0.44664815
13184,model_4,0.0922,0.08161393
13185,model_4,0.1423,0.15868689
13186,model_4,0.2113,0.17235066
13187,model_4,0.8454,0.8241434
13188,model_4,0.4754,0.45012847
13189,model_4,0.0502,0.097702995
13190,model_4,0.1413,0.1459368
13191,model_4,-0.0554,-0.034326077
13192,model_4,0.1681,0.16445303
13193,model_4,0.4217,0.46034405
13194,model_4,0.1583,0.20065428
13195,model_4,0.2031,0.28595152
13196,model_4,0.4481,0.4319806
13197,model_4,0.591,0.60646635
13198,model_4,0.3445,0.36737254
13199,model_4,0.2028,0.12003593
13200,model_4,0.3105,0.478325
13201,model_4,0.0532,0.07112116
13202,model_4,0.1011,0.08459039
13203,model_4,0.0554,0.04663807
13204,model_4,0.3909,0.30477393
13205,model_4,0.6055,0.5789875
13206,model_4,-0.0279,0.0025860313
13207,model_4,0.1032,0.09689621
13208,model_4,0.0946,0.09391417
13209,model_4,0.0314,0.05047822
13210,model_4,-0.0354,-0.11154242
13211,model_4,0.4957,0.529624
13212,model_4,0.0657,0.14916272
13213,model_4,0.1778,0.25881368
13214,model_4,0.2782,0.1693709
13215,model_4,0.2589,0.22848623
13216,model_4,0.452,0.38739678
13217,model_4,0.0613,0.044365816
13218,model_4,0.0072,0.0058601815
13219,model_4,1.1488,1.2692848
13220,model_4,0.7791,0.679758
13221,model_4,0.773,0.8086499
13222,model_4,0.0352,0.08281826
13223,model_4,0.2377,0.2589604
13224,model_4,0.0594,0.06951053
13225,model_4,0.0983,0.091566935
13226,model_4,0.1972,0.16071229
13227,model_4,0.517,0.4322141
13228,model_4,-0.0333,-0.0067918357
13229,model_4,0.0014,0.01996913
13230,model_4,0.0082,0.044147037
13231,model_4,0.1248,0.107332334
13232,model_4,0.3919,0.48373768
13233,model_4,0.7631,0.7372524
13234,model_4,0.1827,0.20394994
13235,model_4,0.457,0.46596706
13236,model_4,0.0033,-0.029005727
13237,model_4,0.0113,-0.0038321968
13238,model_4,0.1388,0.09204983
13239,model_4,-0.0542,-0.042428598
13240,model_4,0.7521,0.76588094
13241,model_4,-0.0126,0.03381733
13242,model_4,0.9116,0.8440367
13243,model_4,0.4736,0.48280647
13244,model_4,0.9467,0.90830255
13245,model_4,0.8626,0.84643304
13246,model_4,0.4525,0.37106696
13247,model_4,0.4805,0.4694526
13248,model_4,0.2294,0.114461735
13249,model_4,0.2109,0.3064901
13250,model_4,0.3895,0.33267814
13251,model_4,0.6194,0.48732898
13252,model_4,0.336,0.37459576
13253,model_4,0.3508,0.3044935
13254,model_4,0.1063,0.08969886
13255,model_4,0.3209,0.29504052
13256,model_4,-0.1305,-0.0028104242
13257,model_4,0.1308,0.15519227
13258,model_4,0.2332,0.26764223
13259,model_4,0.0262,0.07162075
13260,model_4,0.4121,0.42059365
13261,model_4,0.5795,0.3076713
13262,model_4,-0.2184,-0.097343445
13263,model_4,0.1944,0.10417944
13264,model_4,0.3266,0.13617562
13265,model_4,0.7498,0.6550118
13266,model_4,0.0748,0.16411291
13267,model_4,0.2608,0.0981549
13268,model_4,0.6066,0.631092
13269,model_4,-0.049,-0.09112816
13270,model_4,0.4533,0.2571075
13271,model_4,0.0489,0.058781333
13272,model_4,-0.0524,-0.066909365
13273,model_4,0.1214,0.056504548
13274,model_4,0.1349,0.049494162
13275,model_4,0.5979,0.56572443
13276,model_4,0.0872,0.104210734
13277,model_4,0.318,0.41292453
13278,model_4,0.2653,0.4038882
13279,model_4,0.0808,0.10198068
13280,model_4,0.1323,0.10722744
13281,model_4,0.096,0.13873565
13282,model_4,0.299,0.28108716
13283,model_4,0.0033,0.015088463
13284,model_4,-0.0092,0.020368407
13285,model_4,0.272,0.24345835
13286,model_4,0.4508,0.42415574
13287,model_4,0.2634,0.24521746
13288,model_4,0.1633,0.18782431
13289,model_4,0.1333,0.04965487
13290,model_4,0.3495,0.3170316
13291,model_4,0.1048,0.19853713
13292,model_4,0.1198,0.037916526
13293,model_4,-0.0043,-0.024212701
13294,model_4,0.4489,0.33101955
13295,model_4,0.1631,0.16156669
13296,model_4,0.9563,0.9042119
13297,model_4,0.4738,0.509034
13298,model_4,0.0725,0.15878007
13299,model_4,0.4155,0.47726515
13300,model_4,0.1499,0.12234937
13301,model_4,0.0688,0.053829275
13302,model_4,0.0381,0.019635664
13303,model_4,0.3569,0.1581424
13304,model_4,0.7972,0.8283666
13305,model_4,0.2212,0.31619143
13306,model_4,0.355,0.21056445
13307,model_4,0.336,0.26426062
13308,model_4,0.5555,0.57196844
13309,model_4,0.4603,0.27998868
13310,model_4,0.7141,0.68566066
13311,model_4,0.265,0.26736036
13312,model_4,-0.1181,0.0064750854
13313,model_4,0.0851,0.06780797
13314,model_4,0.385,0.4067075
13315,model_4,0.1071,0.087527096
13316,model_4,-0.0117,0.081519745
13317,model_4,0.1963,0.16644463
13318,model_4,0.1242,0.09978079
13319,model_4,0.4865,0.49769047
13320,model_4,-0.1261,-0.15986514
13321,model_4,0.2501,0.18866153
13322,model_4,0.4312,0.48319533
13323,model_4,0.2962,0.44915733
13324,model_4,0.218,0.21658862
13325,model_4,0.3698,0.29340187
13326,model_4,0.7461,0.6025044
13327,model_4,0.194,0.18040098
13328,model_4,0.1808,0.10765885
13329,model_4,0.4745,0.56147426
13330,model_4,0.3008,0.20533578
13331,model_4,0.2046,0.21490313
13332,model_4,0.1094,0.25480098
13333,model_4,-0.2134,-0.12477971
13334,model_4,0.5296,0.54004884
13335,model_4,0.1539,0.21976145
13336,model_4,0.0766,0.072895005
13337,model_4,0.6032,0.6219591
13338,model_4,0.2886,0.29963484
13339,model_4,0.7923,0.8388735
13340,model_4,0.5686,0.59351337
13341,model_4,0.2972,0.38133034
13342,model_4,0.3508,0.31866798
13343,model_4,0.3847,0.43687692
13344,model_4,0.4299,0.33140436
13345,model_4,0.2939,0.3995504
13346,model_4,0.1845,0.28916588
13347,model_4,-0.0479,0.071013615
13348,model_4,0.172,0.18130112
13349,model_4,0.1248,0.13216391
13350,model_4,0.5103,0.5394632
13351,model_4,0.1977,0.10195392
13352,model_4,0.1619,0.04961711
13353,model_4,0.2296,0.27266547
13354,model_4,0.1099,0.09897526
13355,model_4,-0.0637,-0.11302087
13356,model_4,0.8403,0.8781404
13357,model_4,0.0637,0.08783943
13358,model_4,0.2041,0.17138012
13359,model_4,0.0465,0.048941344
13360,model_4,0.0101,0.09708158
13361,model_4,0.2409,0.2422023
13362,model_4,0.0093,0.023353385
13363,model_4,0.4028,0.31949282
13364,model_4,0.2084,0.22840884
13365,model_4,0.1163,-0.054431856
13366,model_4,0.5024,0.5477221
13367,model_4,0.2284,0.13535853
13368,model_4,0.8808,0.8295839
13369,model_4,0.2597,0.25983387
13370,model_4,0.072,0.088111654
13371,model_4,0.1738,0.1105126
13372,model_4,0.4511,0.44317478
13373,model_4,0.052,0.09282853
13374,model_4,-0.0326,0.0062613506
13375,model_4,0.4512,0.4865162
13376,model_4,0.3017,0.26528677
13377,model_4,0.1598,0.18341027
13378,model_4,0.1222,0.14961499
13379,model_4,0.0635,0.11970627
13380,model_4,0.6543,0.7132408
13381,model_4,0.4857,0.5171181
13382,model_4,0.1966,0.18497266
13383,model_4,0.5113,0.48316827
13384,model_4,0.1198,0.14131331
13385,model_4,0.0328,0.0070012007
13386,model_4,0.0196,0.0541647
13387,model_4,0.0331,0.094355434
13388,model_4,0.4467,0.4220697
13389,model_4,-0.0102,0.07884608
13390,model_4,0.058,0.13348345
13391,model_4,0.2564,0.28223178
13392,model_4,0.6732,0.68062866
13393,model_4,0.4332,0.31367353
13394,model_4,0.0675,0.061873645
13395,model_4,0.6779,0.6813865
13396,model_4,0.7647,0.7338584
13397,model_4,-0.0555,0.07107662
13398,model_4,0.373,0.3617537
13399,model_4,0.0998,0.13994303
13400,model_4,0.1463,0.12390442
13401,model_4,-0.0189,-0.010808734
13402,model_4,0.0831,0.017227897
13403,model_4,0.1446,0.12499398
13404,model_4,0.638,0.6140379
13405,model_4,0.6596,0.68256056
13406,model_4,0.2615,0.26410398
13407,model_4,-0.0527,-0.07619585
13408,model_4,0.1305,0.14071232
13409,model_4,0.479,0.50411785
13410,model_4,-0.0128,0.0020347852
13411,model_4,0.2885,0.29410332
13412,model_4,0.8212,0.8377068
13413,model_4,0.9306,0.8005086
13414,model_4,0.254,0.10864094
13415,model_4,0.166,0.32049227
13416,model_4,0.4765,0.5090692
13417,model_4,0.1633,0.060096994
13418,model_4,0.1265,0.123404935
13419,model_4,0.1724,0.22036262
13420,model_4,0.4079,0.4185842
13421,model_4,0.6684,0.74435675
13422,model_4,0.1849,0.12456514
13423,model_4,-0.0953,-0.043218225
13424,model_4,0.5769,0.59509325
13425,model_4,0.3919,0.43279704
13426,model_4,0.4085,0.39392844
13427,model_4,0.144,0.12370168
13428,model_4,0.2652,0.28570393
13429,model_4,0.1924,0.23376943
13430,model_4,0.9163,0.8636006
13431,model_4,0.1918,0.066890046
13432,model_4,0.7624,0.8227232
13433,model_4,0.485,0.38159367
13434,model_4,0.0751,0.06894797
13435,model_4,-0.05,0.2674632
13436,model_4,0.2362,0.16223525
13437,model_4,0.348,0.38188365
13438,model_4,0.5385,0.5368149
13439,model_4,0.3454,0.27189454
13440,model_4,0.1225,0.064840235
13441,model_4,0.0754,0.09068398
13442,model_4,0.6634,0.7403925
13443,model_4,0.1094,0.037972666
13444,model_4,0.1368,0.15418072
13445,model_4,0.2327,0.099571615
13446,model_4,0.4911,0.55366826
13447,model_4,0.2826,0.2468128
13448,model_4,0.1687,0.48955485
13449,model_4,0.0848,0.0888067
13450,model_4,-0.176,-0.20562518
13451,model_4,0.0121,0.0015353207
13452,model_4,0.6249,0.5856936
13453,model_4,0.4349,0.34746566
13454,model_4,0.4019,0.44346645
13455,model_4,0.1304,0.09839516
13456,model_4,0.2117,0.14998527
13457,model_4,0.0995,0.20485948
13458,model_4,0.4471,0.46567938
13459,model_4,0.203,0.19939768
13460,model_4,0.033,0.019673007
13461,model_4,-0.152,-0.14811753
13462,model_4,-0.0279,0.083685845
13463,model_4,0.6791,0.694654
13464,model_4,-0.0085,-0.0015504044
13465,model_4,0.2231,0.2971316
13466,model_4,0.6359,0.5919336
13467,model_4,0.7664,0.78751665
13468,model_4,0.4791,0.40112016
13469,model_4,0.2057,0.15259838
13470,model_4,0.0699,0.13275056
13471,model_4,0.1294,0.09492837
13472,model_4,0.3033,0.3342726
13473,model_4,0.1264,0.24285503
13474,model_4,0.2875,0.3385284
13475,model_4,0.6002,0.6504986
13476,model_4,0.4248,0.46526602
13477,model_4,0.4448,0.53835833
13478,model_4,0.1347,0.12215178
13479,model_4,0.3252,0.24008085
13480,model_4,0.2669,0.4161515
13481,model_4,0.3598,0.36785084
13482,model_4,-0.0156,0.008321183
13483,model_4,0.4737,0.5466278
13484,model_4,0.0403,0.13324252
13485,model_4,0.5694,0.60857666
13486,model_4,0.4045,0.32040974
13487,model_4,0.009,0.029461997
13488,model_4,0.1342,0.09787991
13489,model_4,0.7054,0.70422566
13490,model_4,0.3168,0.36466226
13491,model_4,0.1717,0.15804105
13492,model_4,0.2772,0.3045753
13493,model_4,0.8242,0.7421927
13494,model_4,0.2709,0.34404457
13495,model_4,0.0393,0.111205205
13496,model_4,0.147,0.12096086
13497,model_4,0.3942,0.37426466
13498,model_4,0.1524,0.17650992
13499,model_4,0.2367,0.20363067
13500,model_4,0.2284,0.22935721
13501,model_4,-0.1283,0.05748616
13502,model_4,0.6358,0.52222526
13503,model_4,0.0786,0.074277215
13504,model_4,0.5718,0.6171737
13505,model_4,0.066,0.4274072
13506,model_4,0.2079,0.08967479
13507,model_4,0.0708,0.063129365
13508,model_4,-0.054,-0.11595897
13509,model_4,0.1035,0.0787003
13510,model_4,0.108,0.15905067
13511,model_4,0.3439,0.28031427
13512,model_4,0.0384,0.121535644
13513,model_4,0.2795,0.21807341
13514,model_4,-0.1262,-0.091389224
13515,model_4,0.438,0.41665262
13516,model_4,0.3907,0.31724206
13517,model_4,-0.0814,-0.13703369
13518,model_4,0.1678,0.35612878
13519,model_4,0.0802,0.09260219
13520,model_4,0.1455,0.11874336
13521,model_4,0.2875,0.13875073
13522,model_4,0.0117,0.038684882
13523,model_4,0.4269,0.4761847
13524,model_4,0.1911,0.17992952
13525,model_4,0.0549,0.079312
13526,model_4,0.2011,0.18037094
13527,model_4,0.5978,0.6228843
13528,model_4,0.0324,-0.031121371
13529,model_4,0.2864,0.2719242
13530,model_4,0.1105,0.032563925
13531,model_4,-0.1103,-0.10601416
13532,model_4,0.4346,0.4714881
13533,model_4,0.2428,0.45837793
13534,model_4,0.0361,0.051537767
13535,model_4,0.2358,0.15947343
13536,model_4,-0.0825,-0.03557378
13537,model_4,0.0403,0.0040549804
13538,model_4,0.1929,0.03306151
13539,model_4,0.244,0.22145243
13540,model_4,0.3449,0.32521835
13541,model_4,0.2486,0.07776999
13542,model_4,0.0712,0.34845552
13543,model_4,-0.103,-0.15900522
13544,model_4,0.3753,0.31637877
13545,model_4,0.0006,0.02965363
13546,model_4,0.044,0.060981095
13547,model_4,0.1785,0.107149646
13548,model_4,0.4131,0.40943414
13549,model_4,0.2087,0.185869
13550,model_4,0.3613,0.36380586
13551,model_4,0.0645,0.085079744
13552,model_4,0.0967,0.10910185
13553,model_4,0.6455,0.6776714
13554,model_4,0.1528,0.09112327
13555,model_4,1.0079,0.95644844
13556,model_4,0.6653,0.69194436
13557,model_4,0.0932,0.092743926
13558,model_4,-0.0429,-0.14091988
13559,model_4,0.0913,0.13331923
13560,model_4,0.6575,0.61204076
13561,model_4,0.8496,0.7686392
13562,model_4,0.2605,0.23111929
13563,model_4,0.3398,0.3831769
13564,model_4,0.2501,0.23164922
13565,model_4,0.271,0.26546484
13566,model_4,-0.061,-0.016717447
13567,model_4,0.4203,0.3086169
13568,model_4,-0.0005,0.11307095
13569,model_4,0.1558,0.098984204
13570,model_4,0.3335,0.29591364
13571,model_4,-0.0132,-0.06752843
13572,model_4,-0.1693,-0.13764575
13573,model_4,0.165,0.26286978
13574,model_4,0.1295,0.10510081
13575,model_4,0.175,0.19989729
13576,model_4,-0.0299,0.0148632545
13577,model_4,0.0498,-0.054427728
13578,model_4,0.216,0.17367356
13579,model_4,0.7059,0.7665111
13580,model_4,0.3241,0.33258417
13581,model_4,0.2366,0.25118133
13582,model_4,0.131,0.16400768
13583,model_4,0.3216,0.41812637
13584,model_4,0.5217,0.61466944
13585,model_4,0.0427,0.07093884
13586,model_4,0.2335,0.24300165
13587,model_4,0.1227,0.14892806
13588,model_4,0.1921,0.25676075
13589,model_4,-0.1265,-0.13420466
13590,model_4,0.0169,0.023672456
13591,model_4,0.1836,0.16201492
13592,model_4,0.4508,0.50049084
13593,model_4,0.2019,0.11401366
13594,model_4,0.2379,0.22706133
13595,model_4,0.308,0.3000828
13596,model_4,0.4073,0.42698017
13597,model_4,0.221,0.40418774
13598,model_4,0.1163,0.088739745
13599,model_4,0.0952,0.10194677
13600,model_4,0.4853,0.5056489
13601,model_4,0.1418,0.13722563
13602,model_4,0.6652,0.6218462
13603,model_4,0.0419,0.070313305
13604,model_4,0.1895,0.18080321
13605,model_4,-0.0431,-0.044286557
13606,model_4,-0.0173,-0.044373147
13607,model_4,0.5333,0.36240783
13608,model_4,0.8141,0.81169605
13609,model_4,0.454,0.4549781
13610,model_4,0.0665,0.08230701
13611,model_4,0.1774,0.16721778
13612,model_4,0.1839,0.10256651
13613,model_4,0.1469,0.12066387
13614,model_4,-0.5033,0.1779161
13615,model_4,0.3018,0.32895765
13616,model_4,0.1145,0.15180321
13617,model_4,0.0179,-0.03756728
13618,model_4,0.6383,0.6369531
13619,model_4,0.36,0.21530457
13620,model_4,0.0825,0.16995135
13621,model_4,0.6585,0.58557975
13622,model_4,0.2583,0.27134457
13623,model_4,0.1623,0.17065547
13624,model_4,-0.1698,-0.080452636
13625,model_4,0.1941,0.22352983
13626,model_4,0.3273,0.32519686
13627,model_4,0.1749,0.18495718
13628,model_4,0.3254,0.3532173
13629,model_4,0.0251,0.06717904
13630,model_4,0.0766,0.05991192
13631,model_4,-0.016,-0.055979595
13632,model_4,0.3858,0.45487317
13633,model_4,-0.0388,0.055894963
13634,model_4,0.3729,0.3056745
13635,model_4,0.1852,0.21687561
13636,model_4,0.6184,0.6697719
13637,model_4,0.3669,0.30916375
13638,model_4,0.1481,0.059283935
13639,model_4,0.0361,0.032465093
13640,model_4,0.3179,0.38231233
13641,model_4,0.223,0.097216584
13642,model_4,0.0428,0.02410976
13643,model_4,0.1823,0.33068272
13644,model_4,0.1405,0.06859721
13645,model_4,0.0957,0.11029191
13646,model_4,0.5819,0.6327863
13647,model_4,-0.1337,-0.09120572
13648,model_4,0.2142,0.17120425
13649,model_4,-0.0016,0.030902358
13650,model_4,0.5373,0.5449817
13651,model_4,0.1383,0.011387201
13652,model_4,0.3459,0.39612457
13653,model_4,0.1608,0.08025852
13654,model_4,0.8387,0.8278389
13655,model_4,0.1567,0.179283
13656,model_4,0.0416,-0.021580977
13657,model_4,0.1188,0.15875216
13658,model_4,0.3047,0.26210025
13659,model_4,0.1303,0.23303197
13660,model_4,-0.085,-0.052698307
13661,model_4,-0.0164,0.043724775
13662,model_4,0.1152,0.11155598
13663,model_4,-0.0169,-0.025708204
13664,model_4,0.1036,0.10282552
13665,model_4,0.5212,0.5512644
13666,model_4,0.3666,0.3387308
13667,model_4,-0.098,-0.06859429
13668,model_4,0.1084,0.110162124
13669,model_4,0.8723,0.8672111
13670,model_4,0.1322,0.13030852
13671,model_4,0.1147,0.012893239
13672,model_4,0.1247,0.102225
13673,model_4,-0.1924,-0.16582812
13674,model_4,0.449,0.49247482
13675,model_4,0.3894,0.45648906
13676,model_4,0.5257,0.5567597
13677,model_4,0.1153,0.08077659
13678,model_4,0.0533,0.041432694
13679,model_4,0.1737,0.19592202
13680,model_4,0.03,0.02155771
13681,model_4,-0.0147,-0.024201525
13682,model_4,0.2641,0.19523498
13683,model_4,0.4854,0.5940312
13684,model_4,0.3445,0.35221756
13685,model_4,0.4229,0.38689712
13686,model_4,0.0477,0.039305158
13687,model_4,0.1157,0.17327657
13688,model_4,0.441,0.34992543
13689,model_4,0.1002,0.07730678
13690,model_4,0.8973,0.87421364
13691,model_4,-0.0655,-0.03882134
13692,model_4,0.3526,0.35939074
13693,model_4,0.4466,0.46840644
13694,model_4,0.0852,0.07197434
13695,model_4,0.7809,0.75484616
13696,model_4,0.0133,0.029182041
13697,model_4,0.4147,0.4502954
13698,model_4,0.0922,0.10676111
13699,model_4,0.1637,0.00307207
13700,model_4,0.2647,0.2811614
13701,model_4,0.2417,0.19301806
13702,model_4,0.1029,0.10141589
13703,model_4,0.2201,0.23602231
13704,model_4,0.0164,0.0016707052
13705,model_4,0.6812,0.68146026
13706,model_4,0.0405,0.0893023
13707,model_4,0.5053,0.46415177
13708,model_4,0.2447,0.22331384
13709,model_4,0.4093,0.41689494
13710,model_4,0.0639,0.01708428
13711,model_4,0.0072,0.056944735
13712,model_4,0.5435,0.5593502
13713,model_4,0.2698,0.3879275
13714,model_4,0.3711,0.40300652
13715,model_4,0.2884,0.29244626
13716,model_4,0.1866,0.123548344
13717,model_4,0.9287,0.85448337
13718,model_4,0.175,0.14906971
13719,model_4,-0.0025,0.036121182
13720,model_4,0.1725,0.22563104
13721,model_4,0.6452,0.6402207
13722,model_4,0.3289,0.2814714
13723,model_4,0.5133,0.5296477
13724,model_4,0.3051,0.26168364
13725,model_4,0.8136,0.81590235
13726,model_4,0.2089,0.24263822
13727,model_4,0.8454,0.8348359
13728,model_4,0.7122,0.69938886
13729,model_4,0.1855,0.21974383
13730,model_4,0.4717,0.5275697
13731,model_4,0.4186,0.4638054
13732,model_4,0.5399,0.55510294
13733,model_4,0.1329,0.25781706
13734,model_4,0.1832,0.21190198
13735,model_4,0.169,0.27994227
13736,model_4,-0.0272,-0.038836278
13737,model_4,0.0991,0.1538215
13738,model_4,0.7323,0.78699493
