,model,truevals,predvals
0,model_6b,0.1742,0.17603035
1,model_6b,0.3472,0.27809876
2,model_6b,0.2622,0.25012374
3,model_6b,0.0902,0.1340715
4,model_6b,0.2579,0.2665976
5,model_6b,0.2599,0.26290625
6,model_6b,0.0246,0.013143413
7,model_6b,0.2669,0.2854223
8,model_6b,0.1207,0.089942254
9,model_6b,0.0055,0.012588136
10,model_6b,0.5098,0.54909104
11,model_6b,-0.012,0.0066911206
12,model_6b,0.7691,0.7609017
13,model_6b,0.5229,0.49566117
14,model_6b,0.3393,0.34485134
15,model_6b,0.1309,0.042015463
16,model_6b,0.172,0.15346858
17,model_6b,0.0511,0.05647079
18,model_6b,-0.0566,-0.07235225
19,model_6b,0.6193,0.5922886
20,model_6b,0.2788,0.2618813
21,model_6b,0.3404,0.2422561
22,model_6b,0.018,0.030119564
23,model_6b,0.109,0.116710246
24,model_6b,0.5985,0.61848533
25,model_6b,0.216,0.10152518
26,model_6b,0.0461,0.02622481
27,model_6b,0.4293,0.21395403
28,model_6b,0.3765,0.31275713
29,model_6b,0.7156,0.76255333
30,model_6b,0.1617,0.1707446
31,model_6b,0.0708,-0.10565574
32,model_6b,0.0481,0.081113346
33,model_6b,0.452,0.45133197
34,model_6b,-0.0023,-0.00731986
35,model_6b,0.5507,0.370835
36,model_6b,0.1282,0.12015056
37,model_6b,0.082,0.018786795
38,model_6b,0.4076,0.39299676
39,model_6b,-0.0092,0.16359434
40,model_6b,-0.1556,-0.17673057
41,model_6b,0.7308,0.7984939
42,model_6b,0.2341,0.19862023
43,model_6b,0.679,0.5703008
44,model_6b,0.2077,0.46496618
45,model_6b,0.5919,0.54807884
46,model_6b,0.1955,0.2127552
47,model_6b,0.4366,0.34877935
48,model_6b,0.1824,0.21848482
49,model_6b,0.3717,0.3106977
50,model_6b,0.0313,0.031033587
51,model_6b,-0.0219,-0.05139502
52,model_6b,0.0104,-0.0122774765
53,model_6b,-0.032,-0.047358282
54,model_6b,-0.0008,0.017271504
55,model_6b,0.1056,-0.1128406
56,model_6b,0.9643,0.89950824
57,model_6b,0.4371,0.38615528
58,model_6b,0.4938,0.54063475
59,model_6b,0.6281,0.6103178
60,model_6b,0.2727,0.2710479
61,model_6b,0.5963,0.6025412
62,model_6b,0.4225,0.3946682
63,model_6b,0.142,0.18748565
64,model_6b,0.1854,0.22301519
65,model_6b,0.0249,0.014611028
66,model_6b,0.2698,0.19256544
67,model_6b,0.4806,0.53427714
68,model_6b,0.6473,0.6660328
69,model_6b,0.0937,0.14901409
70,model_6b,0.2429,0.23319897
71,model_6b,0.1974,0.1878823
72,model_6b,0.2327,0.23543543
73,model_6b,0.0672,0.062443685
74,model_6b,0.7554,0.73802674
75,model_6b,0.4633,0.42100415
76,model_6b,0.5518,0.56529254
77,model_6b,0.2451,0.45740405
78,model_6b,0.4036,0.38379368
79,model_6b,0.2338,0.17706987
80,model_6b,0.0979,0.06586212
81,model_6b,0.1907,0.22591904
82,model_6b,0.0072,0.053030647
83,model_6b,0.2432,0.18545748
84,model_6b,0.2318,0.19750926
85,model_6b,-0.0746,-0.048312835
86,model_6b,0.4221,0.448417
87,model_6b,0.1755,0.17723534
88,model_6b,0.2446,0.26570323
89,model_6b,0.0904,0.10929991
90,model_6b,0.0879,0.11888997
91,model_6b,0.6955,0.65270233
92,model_6b,0.0591,0.23045495
93,model_6b,0.6959,0.6755858
94,model_6b,-0.1278,-0.09620679
95,model_6b,0.0624,0.10163876
96,model_6b,0.0442,-0.0010472909
97,model_6b,0.6297,0.61404467
98,model_6b,0.2852,0.29412347
99,model_6b,0.0936,0.110888585
100,model_6b,0.0606,-0.0023614615
101,model_6b,0.1987,0.20783581
102,model_6b,0.09,0.09320464
103,model_6b,0.2364,0.21770161
104,model_6b,0.4779,0.49479023
105,model_6b,0.1909,0.113163635
106,model_6b,0.1822,0.15660912
107,model_6b,0.69,0.752629
108,model_6b,0.2662,0.24266759
109,model_6b,0.1372,0.16429946
110,model_6b,0.1736,0.15981194
111,model_6b,0.696,0.6835746
112,model_6b,0.2744,0.21596605
113,model_6b,0.1972,0.23195052
114,model_6b,0.2457,0.22483179
115,model_6b,0.1107,0.11029835
116,model_6b,0.3896,0.21799088
117,model_6b,0.2898,0.2950699
118,model_6b,-0.0475,-0.054455794
119,model_6b,-0.1115,-0.12224557
120,model_6b,0.0938,0.17401516
121,model_6b,0.1639,0.15306015
122,model_6b,0.6244,0.5885347
123,model_6b,0.2373,0.2414951
124,model_6b,0.3146,0.35770386
125,model_6b,0.2164,0.3446101
126,model_6b,0.1153,0.09808426
127,model_6b,0.2167,0.22711438
128,model_6b,-0.0591,-0.019822232
129,model_6b,0.1402,0.14371082
130,model_6b,0.1971,0.16750166
131,model_6b,0.3754,0.3712339
132,model_6b,0.3665,0.36609474
133,model_6b,0.7798,0.76548654
134,model_6b,0.3074,0.31368306
135,model_6b,0.4226,0.41817948
136,model_6b,0.0883,0.12107867
137,model_6b,0.4308,0.45155373
138,model_6b,0.3496,0.45618603
139,model_6b,0.8872,0.86764383
140,model_6b,0.0269,-0.0017588809
141,model_6b,0.0201,-0.048044004
142,model_6b,0.0545,0.036704816
143,model_6b,0.408,0.41192016
144,model_6b,0.4498,0.36738232
145,model_6b,0.5567,0.5972476
146,model_6b,0.1679,0.13548547
147,model_6b,0.3179,0.3309538
148,model_6b,0.2809,0.27641028
149,model_6b,0.0747,0.061851904
150,model_6b,0.407,0.4055233
151,model_6b,0.8929,0.8387624
152,model_6b,0.2375,0.23164284
153,model_6b,0.0772,0.13372956
154,model_6b,-0.0934,-0.17968264
155,model_6b,0.5798,0.5825249
156,model_6b,0.0314,0.029159855
157,model_6b,0.2242,0.21833366
158,model_6b,0.0061,0.026126713
159,model_6b,0.3947,0.34034413
160,model_6b,0.0621,0.20771465
161,model_6b,0.3024,0.2773917
162,model_6b,-0.0431,-0.057811625
163,model_6b,0.1099,0.045161672
164,model_6b,0.1365,0.15527909
165,model_6b,0.0725,0.07926513
166,model_6b,-0.0899,-0.06593884
167,model_6b,0.0829,0.09533532
168,model_6b,0.1587,0.16212733
169,model_6b,-0.1932,-0.1580312
170,model_6b,0.3215,0.26029012
171,model_6b,0.2174,0.22675088
172,model_6b,0.1512,0.12868814
173,model_6b,0.2669,0.29470623
174,model_6b,0.8352,0.8595785
175,model_6b,0.892,0.83011436
176,model_6b,-0.0143,0.036679484
177,model_6b,0.1767,0.25741974
178,model_6b,0.1139,0.118281916
179,model_6b,0.6466,0.6228754
180,model_6b,-0.0505,-0.03622628
181,model_6b,0.7133,0.68138397
182,model_6b,0.0452,0.06660474
183,model_6b,-0.1859,-0.18118349
184,model_6b,0.2571,0.21875098
185,model_6b,0.2027,0.20116861
186,model_6b,0.4073,0.36836904
187,model_6b,0.5139,0.5138273
188,model_6b,-0.0494,-0.071901254
189,model_6b,0.112,0.09267784
190,model_6b,0.4012,0.3637179
191,model_6b,0.3709,0.39901057
192,model_6b,-0.0446,-0.041175596
193,model_6b,0.6359,0.5798253
194,model_6b,0.2515,0.23933235
195,model_6b,0.037,0.042751387
196,model_6b,0.1999,0.18556324
197,model_6b,0.3295,0.31701407
198,model_6b,0.0831,0.05631854
199,model_6b,0.0657,0.009447984
200,model_6b,-0.0492,-0.025925867
201,model_6b,0.1556,0.15206185
202,model_6b,0.2235,0.14309146
203,model_6b,0.4035,0.36765203
204,model_6b,-0.2038,-0.17612639
205,model_6b,0.3139,0.2903535
206,model_6b,0.6596,0.6359906
207,model_6b,0.4091,0.42053893
208,model_6b,0.0072,0.05693032
209,model_6b,0.0985,0.09465917
210,model_6b,-0.0895,0.03801872
211,model_6b,0.0799,0.06374015
212,model_6b,0.5198,0.501873
213,model_6b,0.1625,0.17450792
214,model_6b,0.0867,0.1339741
215,model_6b,0.0994,0.11146194
216,model_6b,0.3815,0.30453774
217,model_6b,0.5326,0.55291706
218,model_6b,0.621,0.5881863
219,model_6b,0.2191,0.24253312
220,model_6b,0.1298,0.13308644
221,model_6b,0.2678,0.25431073
222,model_6b,0.0903,0.07227529
223,model_6b,0.3403,0.3090992
224,model_6b,1.0553,1.0220696
225,model_6b,0.1953,0.1581966
226,model_6b,0.4376,0.39307716
227,model_6b,0.2136,0.22460777
228,model_6b,0.7193,0.6709734
229,model_6b,0.5463,0.5332782
230,model_6b,0.1313,0.10742143
231,model_6b,0.2144,0.22029087
232,model_6b,0.0857,0.05849561
233,model_6b,0.1052,0.03961415
234,model_6b,0.0242,0.063969456
235,model_6b,0.1174,0.14244752
236,model_6b,0.0628,0.06379994
237,model_6b,0.1227,0.06897559
238,model_6b,0.068,0.117930256
239,model_6b,0.4677,0.460627
240,model_6b,0.0784,0.15794873
241,model_6b,0.0617,0.03456019
242,model_6b,0.0255,0.030034974
243,model_6b,0.3808,0.33709088
244,model_6b,0.2358,0.27982488
245,model_6b,-0.1035,-0.059167363
246,model_6b,-0.0109,-0.007644601
247,model_6b,0.1382,0.13537568
248,model_6b,0.2491,0.29971838
249,model_6b,0.31,0.28741154
250,model_6b,0.331,0.3400907
251,model_6b,0.0336,0.05518784
252,model_6b,0.3975,0.3946261
253,model_6b,0.3994,0.47577602
254,model_6b,0.0091,0.012973674
255,model_6b,0.1408,0.18234971
256,model_6b,0.4389,0.40692642
257,model_6b,-0.0265,-0.002215527
258,model_6b,0.0209,0.012696922
259,model_6b,0.1397,0.20559958
260,model_6b,0.2075,0.052958835
261,model_6b,0.0072,0.06841768
262,model_6b,0.1147,0.04719549
263,model_6b,0.1494,0.12863171
264,model_6b,0.8995,0.86582744
265,model_6b,0.4714,0.4579265
266,model_6b,0.1718,0.15745395
267,model_6b,0.128,0.09975685
268,model_6b,0.222,0.25451908
269,model_6b,0.2756,0.30455402
270,model_6b,0.7367,0.7429495
271,model_6b,0.0059,0.012831576
272,model_6b,0.2641,0.25512734
273,model_6b,0.2558,0.2395229
274,model_6b,0.3925,0.3791404
275,model_6b,0.09,0.10750421
276,model_6b,0.3312,0.3314257
277,model_6b,0.0923,0.09382458
278,model_6b,0.74,0.74758583
279,model_6b,0.4446,0.45335045
280,model_6b,0.3847,0.36395738
281,model_6b,0.1489,0.10099075
282,model_6b,0.1605,0.17609158
283,model_6b,0.3687,0.37821713
284,model_6b,0.2024,0.12224299
285,model_6b,0.1016,0.09280786
286,model_6b,0.3067,0.3071865
287,model_6b,0.2185,0.21536633
288,model_6b,0.3781,0.32213452
289,model_6b,0.1113,0.074792534
290,model_6b,-0.0748,-0.040566497
291,model_6b,0.0462,0.021561347
292,model_6b,0.1681,0.11200768
293,model_6b,0.1543,0.11762798
294,model_6b,0.8037,0.78374803
295,model_6b,0.395,0.34423903
296,model_6b,0.8889,0.896039
297,model_6b,0.2505,0.14939007
298,model_6b,0.1992,0.1768589
299,model_6b,0.2787,0.30716798
300,model_6b,0.1438,0.0799157
301,model_6b,0.502,0.40559265
302,model_6b,0.8745,0.86161745
303,model_6b,0.4289,0.3566171
304,model_6b,0.0447,0.022367973
305,model_6b,-0.0261,-0.043971457
306,model_6b,0.1399,0.14121261
307,model_6b,-0.1683,-0.20638219
308,model_6b,0.0411,0.045292776
309,model_6b,0.1003,0.11949826
310,model_6b,0.0585,-0.0066413432
311,model_6b,0.1376,0.11540291
312,model_6b,0.0391,0.037813924
313,model_6b,0.2753,0.19562435
314,model_6b,0.0601,0.03903184
315,model_6b,0.1261,0.09602227
316,model_6b,0.2749,0.3210925
317,model_6b,0.1857,0.17708147
318,model_6b,0.0964,0.04442957
319,model_6b,0.4942,0.50523585
320,model_6b,0.2662,0.10473937
321,model_6b,0.3008,0.25171897
322,model_6b,0.0856,0.075380445
323,model_6b,0.1389,0.24327499
324,model_6b,0.3661,0.34781083
325,model_6b,0.0594,0.05800075
326,model_6b,0.3458,0.35442606
327,model_6b,0.0687,0.08950451
328,model_6b,0.3593,0.35489333
329,model_6b,0.137,0.19911909
330,model_6b,0.1341,0.1412619
331,model_6b,0.151,0.15416801
332,model_6b,0.1554,0.20853153
333,model_6b,0.5598,0.5619833
334,model_6b,-0.0274,-0.022610463
335,model_6b,0.6533,0.6311436
336,model_6b,0.2517,0.22079894
337,model_6b,0.0926,0.024272539
338,model_6b,-0.0574,-0.019382425
339,model_6b,0.2857,0.29239446
340,model_6b,0.0515,0.08182505
341,model_6b,0.3514,0.34253338
342,model_6b,0.252,0.253168
343,model_6b,0.1008,0.10874099
344,model_6b,0.0225,0.06673943
345,model_6b,0.0394,0.069024526
346,model_6b,0.0743,0.09296566
347,model_6b,0.187,0.20828414
348,model_6b,-0.0037,0.03777667
349,model_6b,0.0697,0.029964812
350,model_6b,0.0024,0.029558413
351,model_6b,0.7582,0.7257141
352,model_6b,-0.0397,-0.03714227
353,model_6b,0.0431,0.09491733
354,model_6b,0.5601,0.5681341
355,model_6b,0.2331,0.20721248
356,model_6b,0.4086,0.41664752
357,model_6b,0.0462,0.021971554
358,model_6b,0.6001,0.6397253
359,model_6b,0.1585,0.15658247
360,model_6b,0.0796,0.066577256
361,model_6b,0.172,0.13834766
362,model_6b,0.1548,0.16689023
363,model_6b,-0.0393,-0.03648909
364,model_6b,0.1352,0.09704371
365,model_6b,0.0435,0.036489982
366,model_6b,0.1,0.038028806
367,model_6b,0.1049,0.12884094
368,model_6b,0.1261,0.09263002
369,model_6b,0.6819,0.66932833
370,model_6b,0.7945,0.7916643
371,model_6b,0.3399,0.25400564
372,model_6b,0.2338,0.17208207
373,model_6b,0.2269,0.337487
374,model_6b,0.5148,0.531732
375,model_6b,0.0329,0.01603236
376,model_6b,0.3382,0.36653036
377,model_6b,0.1607,0.25161204
378,model_6b,0.0783,0.0832551
379,model_6b,0.4299,0.5710838
380,model_6b,0.3417,0.29910818
381,model_6b,0.0644,0.060210563
382,model_6b,0.1874,0.2084111
383,model_6b,0.4444,0.4171472
384,model_6b,0.1076,0.13613617
385,model_6b,0.7568,0.7634247
386,model_6b,0.7964,0.7478441
387,model_6b,0.1392,0.0786358
388,model_6b,0.1921,0.2118389
389,model_6b,0.4004,0.32875636
390,model_6b,0.5228,0.48645875
391,model_6b,0.2043,0.19332042
392,model_6b,0.0782,0.0827995
393,model_6b,0.3981,0.3250907
394,model_6b,0.0923,0.09623077
395,model_6b,0.1557,0.10757201
396,model_6b,0.1577,0.13611278
397,model_6b,0.3898,0.36635295
398,model_6b,0.4326,0.4410062
399,model_6b,0.2068,0.1944927
400,model_6b,-0.0641,-0.072049
401,model_6b,0.2673,0.25065932
402,model_6b,0.2614,0.28589544
403,model_6b,0.4236,0.44626078
404,model_6b,0.4216,0.2503983
405,model_6b,0.0039,-0.03866703
406,model_6b,0.2115,0.30417413
407,model_6b,0.3192,0.3707618
408,model_6b,0.1936,0.16934991
409,model_6b,0.1521,0.12464836
410,model_6b,0.9456,0.9026496
411,model_6b,0.1815,0.12729286
412,model_6b,0.038,-0.01665727
413,model_6b,0.2374,0.21945754
414,model_6b,0.1278,0.11891671
415,model_6b,0.2961,0.290856
416,model_6b,0.3698,0.37509495
417,model_6b,0.0429,0.026198331
418,model_6b,0.1916,0.22474906
419,model_6b,0.7071,0.675781
420,model_6b,0.1587,0.19533128
421,model_6b,0.0935,0.11237583
422,model_6b,0.3822,0.37383854
423,model_6b,0.4384,0.3646532
424,model_6b,0.2496,0.41906753
425,model_6b,0.0946,0.052115116
426,model_6b,0.1308,0.004804969
427,model_6b,-0.0099,0.04370604
428,model_6b,0.1972,0.18976629
429,model_6b,0.157,0.12358494
430,model_6b,0.2671,0.25624305
431,model_6b,0.1013,0.041253492
432,model_6b,0.0989,0.14954148
433,model_6b,0.0766,0.048885457
434,model_6b,0.1012,0.0889691
435,model_6b,0.2133,0.19609672
436,model_6b,0.0708,0.05225915
437,model_6b,0.0181,0.029275794
438,model_6b,0.0122,-0.0018883124
439,model_6b,0.2103,0.31057587
440,model_6b,0.1885,0.18122819
441,model_6b,-0.0396,0.006301701
442,model_6b,0.0187,0.009410255
443,model_6b,0.1929,0.21169266
444,model_6b,0.1387,0.20879585
445,model_6b,0.0165,0.026881885
446,model_6b,0.2901,0.24995318
447,model_6b,0.0601,0.07113401
448,model_6b,0.5366,0.4346418
449,model_6b,0.1732,0.11377337
450,model_6b,0.0193,0.044802785
451,model_6b,-0.1786,-0.13867974
452,model_6b,0.2832,0.39368686
453,model_6b,0.4806,0.48050353
454,model_6b,0.6522,0.61278844
455,model_6b,0.1207,0.111098
456,model_6b,0.3049,0.2835087
457,model_6b,0.2049,0.19360384
458,model_6b,0.1401,0.12738022
459,model_6b,0.683,0.60165393
460,model_6b,0.0571,0.061306078
461,model_6b,0.6791,0.68389416
462,model_6b,0.0824,0.1067889
463,model_6b,0.0552,0.046161044
464,model_6b,-0.0671,-0.019598596
465,model_6b,0.0288,0.026616
466,model_6b,0.1335,0.105634585
467,model_6b,0.0382,0.06435797
468,model_6b,0.4276,0.3628145
469,model_6b,-0.0289,-0.05396489
470,model_6b,0.2181,0.23486245
471,model_6b,0.0106,-0.015320025
472,model_6b,-0.1842,-0.1313551
473,model_6b,0.01,0.024235647
474,model_6b,0.2519,0.25689954
475,model_6b,0.5574,0.5235096
476,model_6b,0.471,0.42347655
477,model_6b,0.5793,0.48944253
478,model_6b,0.0751,0.03408782
479,model_6b,0.0549,0.013344578
480,model_6b,-0.1231,-0.08885028
481,model_6b,0.3804,0.35905236
482,model_6b,0.2664,0.3945507
483,model_6b,0.031,0.0032683983
484,model_6b,0.0874,0.06447951
485,model_6b,0.3037,0.3391773
486,model_6b,0.3791,0.38373747
487,model_6b,0.2324,0.18211487
488,model_6b,0.3635,0.3116486
489,model_6b,0.395,0.35167927
490,model_6b,0.0645,0.07743162
491,model_6b,0.0271,0.086996555
492,model_6b,0.2627,0.23781675
493,model_6b,0.0887,0.10577001
494,model_6b,0.2047,0.16281311
495,model_6b,0.034,0.057131574
496,model_6b,0.3421,0.31776565
497,model_6b,0.3269,0.41329828
498,model_6b,-0.006,-0.025743403
499,model_6b,0.2316,0.21935537
500,model_6b,0.2071,0.22586206
501,model_6b,0.5018,0.47121432
502,model_6b,0.3524,0.38244364
503,model_6b,0.451,0.4587703
504,model_6b,0.4261,0.4362482
505,model_6b,0.1756,0.16093907
506,model_6b,0.2647,0.24104208
507,model_6b,0.3887,0.3900502
508,model_6b,0.1819,0.109375104
509,model_6b,0.2084,0.16123286
510,model_6b,-0.0771,-0.07340834
511,model_6b,0.0167,-0.025840975
512,model_6b,0.1493,0.17179286
513,model_6b,0.1321,0.17002349
514,model_6b,0.2606,0.21489617
515,model_6b,0.3859,0.37166062
516,model_6b,0.3265,0.35235026
517,model_6b,0.1341,0.17767298
518,model_6b,0.0887,0.070499964
519,model_6b,0.3338,0.36375454
520,model_6b,0.1151,0.12883139
521,model_6b,0.1444,0.15106723
522,model_6b,0.1779,0.1105175
523,model_6b,-0.0053,0.032232292
524,model_6b,0.3247,0.27546358
525,model_6b,0.8948,0.8978683
526,model_6b,0.2932,0.28962654
527,model_6b,0.0862,0.10637921
528,model_6b,0.5758,0.6097888
529,model_6b,0.0271,0.024803292
530,model_6b,0.1548,0.14943871
531,model_6b,0.1415,0.336588
532,model_6b,0.1234,0.13521427
533,model_6b,0.1187,0.12467165
534,model_6b,0.0769,0.097090855
535,model_6b,0.0464,0.055496845
536,model_6b,0.1216,0.11567956
537,model_6b,0.3501,0.40790763
538,model_6b,0.216,0.18088393
539,model_6b,0.439,0.4505426
540,model_6b,0.307,0.31237417
541,model_6b,0.3651,0.40832815
542,model_6b,0.3807,0.35882756
543,model_6b,-0.1916,-0.16391438
544,model_6b,0.1908,0.19536671
545,model_6b,-0.0462,0.027373374
546,model_6b,-0.0505,0.039879747
547,model_6b,0.4435,0.5130672
548,model_6b,0.5313,0.42387506
549,model_6b,0.0167,0.0294195
550,model_6b,0.0434,0.00888852
551,model_6b,0.1337,0.12818277
552,model_6b,0.969,0.9088219
553,model_6b,0.2204,0.18675369
554,model_6b,0.1229,0.08198118
555,model_6b,-0.0462,-0.066992976
556,model_6b,0.0578,0.025442112
557,model_6b,0.3519,0.3349901
558,model_6b,0.9655,0.98718035
559,model_6b,-0.0981,-0.12532923
560,model_6b,0.1246,0.114242174
561,model_6b,0.7556,0.7274
562,model_6b,0.4195,0.4859861
563,model_6b,-0.0871,-0.14710411
564,model_6b,0.2512,0.2092776
565,model_6b,0.1583,0.09532946
566,model_6b,0.3908,0.3952373
567,model_6b,0.2208,0.23687062
568,model_6b,0.0368,-0.0006488636
569,model_6b,0.3757,0.3961183
570,model_6b,0.0815,0.05900968
571,model_6b,0.1276,0.1341429
572,model_6b,0.3034,0.34068653
573,model_6b,0.6166,0.6152963
574,model_6b,0.0655,0.06752187
575,model_6b,0.0029,-0.041482396
576,model_6b,0.4797,0.48916665
577,model_6b,0.2118,0.25593585
578,model_6b,0.1921,0.16456324
579,model_6b,0.332,0.25666577
580,model_6b,0.4133,0.47148362
581,model_6b,0.7797,0.7840878
582,model_6b,0.1041,0.040844336
583,model_6b,0.2709,0.28491732
584,model_6b,-0.0555,-0.037651286
585,model_6b,0.1385,0.12958446
586,model_6b,0.0562,0.04736926
587,model_6b,0.2844,0.3132405
588,model_6b,0.2881,0.25820163
589,model_6b,0.1092,0.12672596
590,model_6b,0.5503,0.50909764
591,model_6b,0.2216,0.24964163
592,model_6b,0.2046,0.1852452
593,model_6b,0.406,0.41287455
594,model_6b,0.7724,0.7891812
595,model_6b,0.1091,0.01883918
596,model_6b,0.6962,0.67382246
597,model_6b,-0.0485,0.0151546225
598,model_6b,-0.0599,0.02918639
599,model_6b,-0.076,-0.05276776
600,model_6b,0.1179,0.09112154
601,model_6b,0.5081,0.47983518
602,model_6b,0.3315,0.300847
603,model_6b,0.2623,0.34187338
604,model_6b,0.1938,0.1383619
605,model_6b,0.314,0.37535498
606,model_6b,-0.0801,-0.099928744
607,model_6b,0.1009,0.059576374
608,model_6b,0.3551,0.3957717
609,model_6b,0.153,-0.03550273
610,model_6b,0.2559,0.2643611
611,model_6b,0.2024,0.3209697
612,model_6b,0.03,0.015437625
613,model_6b,0.2319,0.16847926
614,model_6b,0.0034,-0.030611567
615,model_6b,0.0206,0.06483079
616,model_6b,0.1494,0.17008014
617,model_6b,0.8532,0.8202536
618,model_6b,-0.0564,-0.06321778
619,model_6b,-0.0499,-0.08112941
620,model_6b,1.1149,1.0828696
621,model_6b,-0.0019,-0.017478935
622,model_6b,0.3064,0.3218255
623,model_6b,-0.0339,-0.010950834
624,model_6b,0.3182,0.3811704
625,model_6b,0.2744,0.32913542
626,model_6b,0.4154,0.46280923
627,model_6b,0.1947,0.23474702
628,model_6b,0.0489,0.0639282
629,model_6b,0.0224,0.008867018
630,model_6b,0.0982,0.12016763
631,model_6b,0.0544,0.0717942
632,model_6b,0.2342,0.16130383
633,model_6b,0.4862,0.5122071
634,model_6b,0.3874,0.35407886
635,model_6b,0.0772,0.07824376
636,model_6b,0.0587,0.06912942
637,model_6b,0.5955,0.6191411
638,model_6b,0.1503,0.16225277
639,model_6b,0.172,0.09050304
640,model_6b,0.0931,0.094274
641,model_6b,0.2157,0.20046687
642,model_6b,0.2849,0.2975135
643,model_6b,0.4719,0.48167494
644,model_6b,0.4176,0.20736529
645,model_6b,0.4579,0.42529216
646,model_6b,0.4159,0.44947293
647,model_6b,0.8342,0.7896606
648,model_6b,0.0905,0.22748205
649,model_6b,0.6247,0.5848408
650,model_6b,0.3393,0.31055441
651,model_6b,0.6266,0.66830266
652,model_6b,0.5577,0.5195922
653,model_6b,0.2399,0.21613082
654,model_6b,0.2094,0.19894022
655,model_6b,0.1543,0.22495338
656,model_6b,0.7775,0.74262834
657,model_6b,0.2499,0.25361437
658,model_6b,-0.0878,-0.048469983
659,model_6b,0.4701,0.44433302
660,model_6b,0.4016,0.3981805
661,model_6b,0.0427,0.044480905
662,model_6b,-0.1047,-0.13194284
663,model_6b,0.2577,0.23080751
664,model_6b,0.4925,0.3998132
665,model_6b,0.1066,0.09746042
666,model_6b,0.3636,0.31167418
667,model_6b,-0.0344,-0.014196955
668,model_6b,0.1362,0.1927188
669,model_6b,0.2301,0.14344025
670,model_6b,0.7444,0.7301755
671,model_6b,0.2985,0.29248783
672,model_6b,0.5036,0.68281543
673,model_6b,-0.0446,-0.04399415
674,model_6b,0.2211,0.19740063
675,model_6b,0.2122,0.23687783
676,model_6b,0.3038,0.3243381
677,model_6b,0.2825,0.2570171
678,model_6b,0.169,0.2203758
679,model_6b,0.3098,0.34978697
680,model_6b,0.1704,0.1535739
681,model_6b,0.2319,0.22129789
682,model_6b,0.0874,0.06579707
683,model_6b,0.4624,0.502278
684,model_6b,0.0298,0.021794982
685,model_6b,0.1836,0.15747201
686,model_6b,0.2052,0.2354872
687,model_6b,0.3052,0.3161056
688,model_6b,0.0353,0.03524493
689,model_6b,0.3946,0.39672384
690,model_6b,0.1838,0.16713378
691,model_6b,-0.0284,0.02044537
692,model_6b,0.1889,0.2112495
693,model_6b,0.2465,0.2446315
694,model_6b,0.3971,0.39854813
695,model_6b,-0.0124,-0.031188421
696,model_6b,0.1483,0.088804856
697,model_6b,0.3929,0.3958902
698,model_6b,0.0385,0.0582982
699,model_6b,0.7409,0.74036944
700,model_6b,0.4319,0.4772997
701,model_6b,0.3547,0.2798577
702,model_6b,0.4181,0.40409568
703,model_6b,0.0931,0.117373414
704,model_6b,0.2301,0.2689015
705,model_6b,0.5099,0.5149447
706,model_6b,0.1069,0.10420313
707,model_6b,0.1407,0.07639572
708,model_6b,0.0037,0.021402813
709,model_6b,0.4797,0.43249628
710,model_6b,0.3761,0.43281052
711,model_6b,0.2996,0.28211462
712,model_6b,0.7375,0.72250485
713,model_6b,0.0485,0.07172997
714,model_6b,0.4683,0.20387307
715,model_6b,0.3488,0.3687878
716,model_6b,0.1223,0.093669556
717,model_6b,0.0192,0.058028974
718,model_6b,0.1933,0.13337247
719,model_6b,0.2714,0.24232873
720,model_6b,0.2649,0.31260714
721,model_6b,0.0531,0.066161655
722,model_6b,0.6831,0.6540133
723,model_6b,0.2859,0.2982722
724,model_6b,0.6383,0.6221581
725,model_6b,0.6986,0.72465444
726,model_6b,0.1041,0.09882298
727,model_6b,0.8284,0.85179365
728,model_6b,0.2697,0.3409164
729,model_6b,-0.0009,-0.029455706
730,model_6b,0.6451,0.5605616
731,model_6b,0.284,0.2952369
732,model_6b,0.128,0.11516842
733,model_6b,0.2157,0.16191009
734,model_6b,0.0139,-0.0012131035
735,model_6b,-0.0144,0.08009207
736,model_6b,0.3147,0.3531675
737,model_6b,0.4315,0.35756448
738,model_6b,0.2161,0.23833594
739,model_6b,0.3573,0.2557851
740,model_6b,0.796,0.78035283
741,model_6b,0.2933,0.2278507
742,model_6b,-0.0881,-0.09481559
743,model_6b,0.1768,0.049021747
744,model_6b,0.7058,0.6720971
745,model_6b,0.2011,0.16029136
746,model_6b,-0.0115,-0.06677685
747,model_6b,0.2119,0.094105996
748,model_6b,0.4586,0.32786387
749,model_6b,0.0233,-0.032430075
750,model_6b,0.0122,0.0024110377
751,model_6b,0.0983,0.15833434
752,model_6b,0.2722,0.25867084
753,model_6b,0.2299,0.13913284
754,model_6b,0.4251,0.38588545
755,model_6b,0.0889,0.12458193
756,model_6b,0.5073,0.5031963
757,model_6b,-0.046,-0.033711076
758,model_6b,0.1097,0.1238295
759,model_6b,0.2813,0.2904326
760,model_6b,0.0009,0.014093436
761,model_6b,0.42,0.38805267
762,model_6b,0.1115,0.10694471
763,model_6b,0.0718,0.111026555
764,model_6b,0.354,0.3371435
765,model_6b,0.0613,0.063394435
766,model_6b,0.2332,0.23696718
767,model_6b,0.1617,0.1219167
768,model_6b,0.1241,0.11937146
769,model_6b,0.2725,0.2838326
770,model_6b,-0.0938,-0.065848894
771,model_6b,0.1787,0.1913198
772,model_6b,0.0769,0.0581182
773,model_6b,0.6247,0.61548847
774,model_6b,0.6025,0.5582915
775,model_6b,0.2224,0.24885505
776,model_6b,0.221,0.20424242
777,model_6b,-0.0957,-0.10118275
778,model_6b,0.6228,0.528268
779,model_6b,0.1402,0.1232298
780,model_6b,0.0785,0.07607644
781,model_6b,0.4649,0.4657656
782,model_6b,0.0534,0.06915524
783,model_6b,0.0432,0.017085321
784,model_6b,0.0857,0.15897486
785,model_6b,0.1494,0.13005142
786,model_6b,0.1702,0.17898314
787,model_6b,0.0555,0.050820798
788,model_6b,0.5607,0.56371874
789,model_6b,0.2211,0.25278783
790,model_6b,0.1829,0.19109014
791,model_6b,0.0828,0.07139413
792,model_6b,0.1185,0.088921785
793,model_6b,0.4689,0.4835088
794,model_6b,-0.0693,0.0012885109
795,model_6b,0.2431,0.31984288
796,model_6b,0.33,0.29804692
797,model_6b,0.24,0.17582247
798,model_6b,0.4048,0.4188765
799,model_6b,0.2911,0.2899604
800,model_6b,0.3472,0.37255904
801,model_6b,0.5212,0.5221115
802,model_6b,-0.1166,-0.15270332
803,model_6b,0.4418,0.4460863
804,model_6b,0.6453,0.6342233
805,model_6b,1.0596,1.036561
806,model_6b,0.0343,0.036955576
807,model_6b,-0.0838,-0.11802954
808,model_6b,0.5552,0.5912766
809,model_6b,0.3621,0.37320027
810,model_6b,0.4155,0.40435478
811,model_6b,0.038,0.058248397
812,model_6b,0.1143,0.16173843
813,model_6b,0.2364,0.19647479
814,model_6b,0.0131,0.015751489
815,model_6b,0.0897,0.113111846
816,model_6b,-0.1081,-0.09789557
817,model_6b,-0.1038,-0.108956315
818,model_6b,0.116,0.1418278
819,model_6b,-0.0411,0.0017058477
820,model_6b,0.466,0.40217605
821,model_6b,0.2888,0.29348275
822,model_6b,-0.0303,-0.031240977
823,model_6b,-0.0305,-0.04677687
824,model_6b,0.2728,0.24046841
825,model_6b,0.1741,0.12159218
826,model_6b,0.0994,0.08255762
827,model_6b,0.2165,0.44102088
828,model_6b,0.007,0.047618166
829,model_6b,0.0392,0.037789963
830,model_6b,-0.1455,-0.067257576
831,model_6b,0.0619,0.035104446
832,model_6b,0.0353,0.05187425
833,model_6b,0.5533,0.51789
834,model_6b,-0.1663,-0.16487667
835,model_6b,0.6809,0.6679415
836,model_6b,0.2929,0.27943876
837,model_6b,-0.0058,-0.06354948
838,model_6b,0.0898,0.15856615
839,model_6b,0.145,0.13532922
840,model_6b,0.2094,0.13649699
841,model_6b,0.2704,0.22189736
842,model_6b,0.1188,0.12310669
843,model_6b,0.6314,0.67145836
844,model_6b,0.1406,0.115883216
845,model_6b,0.2022,0.24293026
846,model_6b,0.7652,0.7478119
847,model_6b,0.1621,0.20027971
848,model_6b,0.2178,0.23766065
849,model_6b,0.2726,0.25629833
850,model_6b,0.2363,0.27028885
851,model_6b,0.4139,0.42324558
852,model_6b,0.1825,0.20390478
853,model_6b,0.5016,0.47721717
854,model_6b,0.6347,0.6412182
855,model_6b,0.7554,0.74102426
856,model_6b,0.1027,0.08969103
857,model_6b,-0.1094,-0.10014101
858,model_6b,0.3547,0.33587334
859,model_6b,0.1812,0.17790177
860,model_6b,0.0262,0.0010708794
861,model_6b,0.0849,0.14103788
862,model_6b,0.1437,0.13571396
863,model_6b,0.6159,0.5878621
864,model_6b,0.0411,0.021759994
865,model_6b,0.2955,0.2859781
866,model_6b,-0.1151,-0.11489729
867,model_6b,-0.0708,-0.113212995
868,model_6b,0.114,0.14199486
869,model_6b,0.0524,0.03371235
870,model_6b,0.5501,0.376522
871,model_6b,0.4371,0.41905245
872,model_6b,0.317,0.3285924
873,model_6b,0.0996,0.04110844
874,model_6b,0.1167,0.119105995
875,model_6b,0.1268,0.15034676
876,model_6b,-0.0176,-0.018217064
877,model_6b,0.1506,0.26355705
878,model_6b,0.3276,0.33837053
879,model_6b,0.0706,0.08924117
880,model_6b,0.1064,0.13851997
881,model_6b,0.1381,0.09998284
882,model_6b,0.131,0.04966832
883,model_6b,0.4821,0.42874786
884,model_6b,0.9283,0.88035667
885,model_6b,0.1891,0.20808905
886,model_6b,0.6693,0.6908746
887,model_6b,0.2743,0.26815236
888,model_6b,0.3777,0.4141464
889,model_6b,0.2924,0.31649122
890,model_6b,0.4658,0.46841908
891,model_6b,0.1288,0.17697933
892,model_6b,0.2396,0.22557512
893,model_6b,0.2653,0.26070824
894,model_6b,0.5545,0.5568709
895,model_6b,0.0018,-0.019267403
896,model_6b,0.6518,0.62999237
897,model_6b,0.0395,0.030976847
898,model_6b,0.0265,0.0032317266
899,model_6b,0.3094,0.3401051
900,model_6b,-0.0164,0.015186034
901,model_6b,-0.034,0.01262445
902,model_6b,0.5405,0.51711696
903,model_6b,0.2763,0.29067746
904,model_6b,0.3355,0.255848
905,model_6b,0.0487,0.07333546
906,model_6b,0.0896,0.059129786
907,model_6b,0.1681,0.14337572
908,model_6b,0.0166,0.0027952567
909,model_6b,-0.0155,0.11960316
910,model_6b,0.2346,0.27461836
911,model_6b,0.1132,-0.2599214
912,model_6b,0.1397,0.10010153
913,model_6b,0.1894,0.19922736
914,model_6b,0.3475,0.32542443
915,model_6b,1.0591,1.0724839
916,model_6b,0.4116,0.42806223
917,model_6b,-0.1343,-0.11912694
918,model_6b,0.439,0.4386662
919,model_6b,0.3957,0.41900027
920,model_6b,0.1604,0.17591786
921,model_6b,0.0968,0.11841452
922,model_6b,0.0297,0.00547006
923,model_6b,-0.0063,-0.028162412
924,model_6b,0.6647,0.65156835
925,model_6b,0.0672,0.058210418
926,model_6b,0.1363,0.17012432
927,model_6b,0.1498,0.12665552
928,model_6b,0.3098,0.24591249
929,model_6b,0.2873,0.2821546
930,model_6b,0.616,0.6160004
931,model_6b,0.443,0.4087561
932,model_6b,0.0946,0.18007621
933,model_6b,0.5633,0.53973365
934,model_6b,0.4075,0.42612654
935,model_6b,0.2196,0.24585146
936,model_6b,0.9663,0.9548949
937,model_6b,0.2389,0.18607676
938,model_6b,0.4569,0.46479777
939,model_6b,-0.1852,-0.19094059
940,model_6b,0.371,0.37866822
941,model_6b,0.121,-0.0071843565
942,model_6b,0.0422,0.09110618
943,model_6b,0.1244,0.10036686
944,model_6b,0.1458,0.12575707
945,model_6b,0.1452,0.17138627
946,model_6b,0.844,0.8618842
947,model_6b,0.7141,0.7513976
948,model_6b,0.2651,0.25845104
949,model_6b,0.2086,0.16936883
950,model_6b,0.0579,0.08570043
951,model_6b,0.8904,0.8693967
952,model_6b,0.7091,0.66313887
953,model_6b,0.2084,0.1841608
954,model_6b,0.3998,0.4071157
955,model_6b,0.386,0.40223125
956,model_6b,0.4518,0.40396628
957,model_6b,0.1744,0.17144743
958,model_6b,0.2014,0.20555694
959,model_6b,0.2316,0.24910992
960,model_6b,0.0691,0.024358176
961,model_6b,0.1996,0.12090957
962,model_6b,0.9073,0.8647349
963,model_6b,-0.1141,-0.17170376
964,model_6b,0.253,0.30165046
965,model_6b,0.0579,0.06693209
966,model_6b,0.1161,0.10259845
967,model_6b,-0.0969,-0.08615396
968,model_6b,0.1143,0.13010585
969,model_6b,0.1262,0.10016762
970,model_6b,-0.0383,0.015518859
971,model_6b,0.1223,0.07065658
972,model_6b,0.298,0.3154406
973,model_6b,0.0674,0.05642964
974,model_6b,0.3549,0.42747977
975,model_6b,-0.0195,-0.03976474
976,model_6b,0.0172,0.100302584
977,model_6b,0.4372,0.43386537
978,model_6b,0.3388,0.35291275
979,model_6b,-0.0483,0.0049937814
980,model_6b,0.3049,0.26229954
981,model_6b,0.1893,0.020369075
982,model_6b,0.0767,0.06924237
983,model_6b,0.4799,0.4841817
984,model_6b,0.1223,0.096660644
985,model_6b,0.1656,0.16828707
986,model_6b,0.1588,0.18465821
987,model_6b,0.266,0.31778622
988,model_6b,-0.0093,-0.015634395
989,model_6b,0.1792,0.17911592
990,model_6b,0.3388,0.35558823
991,model_6b,0.2381,0.278912
992,model_6b,0.1068,0.080646195
993,model_6b,0.2227,0.2153301
994,model_6b,0.0028,-0.022847824
995,model_6b,0.7794,0.7499323
996,model_6b,0.1259,0.1241093
997,model_6b,0.5181,0.5528666
998,model_6b,-0.155,-0.09233203
999,model_6b,0.5012,0.49968702
1000,model_6b,-0.082,-0.07055823
1001,model_6b,0.4359,0.3442254
1002,model_6b,0.0782,0.042805906
1003,model_6b,0.3166,0.3238512
1004,model_6b,0.0438,0.0669255
1005,model_6b,0.0168,0.043137327
1006,model_6b,0.1866,0.21083236
1007,model_6b,0.7808,0.79776275
1008,model_6b,0.0075,-0.010338657
1009,model_6b,0.2561,0.23612061
1010,model_6b,0.2236,0.23565179
1011,model_6b,0.2032,0.17919001
1012,model_6b,0.4011,0.3464851
1013,model_6b,0.6913,0.44499168
1014,model_6b,0.2652,0.3964403
1015,model_6b,0.1145,0.07231283
1016,model_6b,0.1038,0.2716545
1017,model_6b,-0.0875,-0.047830828
1018,model_6b,0.1116,0.08757945
1019,model_6b,0.1014,0.005795121
1020,model_6b,0.2098,0.2061407
1021,model_6b,0.1581,0.12979296
1022,model_6b,0.1712,0.21377608
1023,model_6b,0.0893,0.063528724
1024,model_6b,0.0047,-0.048281945
1025,model_6b,0.4016,0.47017288
1026,model_6b,0.4488,0.46658042
1027,model_6b,0.0774,0.11677742
1028,model_6b,0.2832,0.28056356
1029,model_6b,0.173,0.19699073
1030,model_6b,0.0761,0.126246
1031,model_6b,0.2816,0.2892479
1032,model_6b,0.0556,0.05328529
1033,model_6b,0.8688,0.8948523
1034,model_6b,0.1271,0.20858276
1035,model_6b,0.4983,0.5779883
1036,model_6b,0.372,0.4448392
1037,model_6b,0.1145,0.0855529
1038,model_6b,0.4987,0.51722467
1039,model_6b,0.1133,0.12216977
1040,model_6b,0.1513,0.15147981
1041,model_6b,-0.0058,0.30654904
1042,model_6b,0.3633,0.36252764
1043,model_6b,0.2643,0.22559756
1044,model_6b,0.3065,0.29409614
1045,model_6b,-0.0597,-0.06977377
1046,model_6b,0.4448,0.59114385
1047,model_6b,0.0615,0.08433896
1048,model_6b,0.3144,0.25223276
1049,model_6b,-0.0334,-0.028172307
1050,model_6b,0.1378,0.11386139
1051,model_6b,0.2105,0.1571702
1052,model_6b,0.0373,0.053692866
1053,model_6b,-0.0061,-0.040794156
1054,model_6b,0.4638,0.43899664
1055,model_6b,0.6294,0.575646
1056,model_6b,0.2137,0.16191941
1057,model_6b,0.249,0.23339415
1058,model_6b,0.0932,0.15568623
1059,model_6b,0.0339,-0.00031998008
1060,model_6b,0.5246,0.5624388
1061,model_6b,0.1461,0.17320976
1062,model_6b,0.0516,0.26365998
1063,model_6b,0.4704,0.4766103
1064,model_6b,0.2172,0.22796988
1065,model_6b,0.2744,0.3478051
1066,model_6b,0.3777,0.39000395
1067,model_6b,0.2621,0.2771573
1068,model_6b,0.25,0.28693238
1069,model_6b,0.811,0.80334103
1070,model_6b,0.0445,0.039311808
1071,model_6b,0.0928,0.061755046
1072,model_6b,0.3761,0.40592083
1073,model_6b,0.1505,0.111269236
1074,model_6b,0.2054,0.21600708
1075,model_6b,0.0767,0.052355684
1076,model_6b,0.0926,0.08977064
1077,model_6b,0.6509,0.58914316
1078,model_6b,0.3879,0.38411346
1079,model_6b,0.2715,0.3556512
1080,model_6b,-0.0178,0.0014248788
1081,model_6b,-0.0297,0.25124314
1082,model_6b,0.4434,0.46589682
1083,model_6b,0.6381,0.6884415
1084,model_6b,0.266,0.26251537
1085,model_6b,0.0539,0.051592156
1086,model_6b,0.267,0.24127269
1087,model_6b,0.387,0.3600011
1088,model_6b,0.0643,0.038252197
1089,model_6b,0.113,0.11470692
1090,model_6b,0.1309,0.14489764
1091,model_6b,0.3078,0.28580084
1092,model_6b,0.4422,0.4555227
1093,model_6b,0.5726,0.5497509
1094,model_6b,0.1851,0.15776636
1095,model_6b,0.2508,0.2277636
1096,model_6b,0.7067,0.6983762
1097,model_6b,0.377,0.36651698
1098,model_6b,0.0665,0.07927096
1099,model_6b,0.0864,0.026462134
1100,model_6b,0.3752,0.40145057
1101,model_6b,0.1174,0.14128233
1102,model_6b,-0.0892,-0.016456425
1103,model_6b,0.1482,-0.17236292
1104,model_6b,0.3293,0.3152805
1105,model_6b,0.3416,0.36501878
1106,model_6b,0.7663,0.7819127
1107,model_6b,0.1877,0.18692636
1108,model_6b,-0.0216,-0.028964482
1109,model_6b,0.5266,0.495262
1110,model_6b,0.3317,0.3043069
1111,model_6b,0.2592,0.26598337
1112,model_6b,0.284,0.33642974
1113,model_6b,0.0741,0.093693286
1114,model_6b,0.4244,0.46979678
1115,model_6b,0.4211,0.36384776
1116,model_6b,0.1605,0.21128172
1117,model_6b,0.1354,0.15475333
1118,model_6b,0.2365,0.15546483
1119,model_6b,0.0594,0.09519119
1120,model_6b,0.1491,0.12107306
1121,model_6b,0.0486,0.026508518
1122,model_6b,0.4665,0.41063035
1123,model_6b,0.4216,0.42854592
1124,model_6b,0.1512,0.062159263
1125,model_6b,0.2881,0.23214069
1126,model_6b,0.4316,0.5075553
1127,model_6b,-0.026,-0.07508383
1128,model_6b,0.164,0.15672275
1129,model_6b,0.3508,0.41881642
1130,model_6b,0.3872,0.4364937
1131,model_6b,0.0432,0.05087032
1132,model_6b,0.4527,0.4559745
1133,model_6b,0.0721,0.07500109
1134,model_6b,0.3224,0.30805424
1135,model_6b,0.1676,0.09675764
1136,model_6b,0.7518,0.76895785
1137,model_6b,0.7299,0.74040854
1138,model_6b,0.0862,0.15437931
1139,model_6b,0.2962,0.2128874
1140,model_6b,0.1888,0.15998155
1141,model_6b,0.3804,0.39914674
1142,model_6b,0.3493,0.32619837
1143,model_6b,-0.0889,-0.07785771
1144,model_6b,0.1579,0.18425053
1145,model_6b,0.3786,0.37157837
1146,model_6b,0.5189,0.4945009
1147,model_6b,0.6179,0.5655054
1148,model_6b,0.0252,0.12082678
1149,model_6b,0.1112,0.015625231
1150,model_6b,0.139,0.1560647
1151,model_6b,0.8558,0.7916103
1152,model_6b,0.081,0.0997026
1153,model_6b,0.3493,0.25888562
1154,model_6b,0.8516,0.8681307
1155,model_6b,0.0794,0.08387123
1156,model_6b,0.1922,0.13147874
1157,model_6b,0.275,0.24582627
1158,model_6b,0.4077,0.4374006
1159,model_6b,0.2581,0.2998151
1160,model_6b,0.7871,0.6983797
1161,model_6b,0.8143,0.7599379
1162,model_6b,0.452,0.4263121
1163,model_6b,0.2987,0.27005547
1164,model_6b,0.6108,0.60440606
1165,model_6b,0.1683,0.08470133
1166,model_6b,0.1671,0.13676992
1167,model_6b,0.2967,0.29671496
1168,model_6b,0.2954,0.4191006
1169,model_6b,0.3643,0.3537511
1170,model_6b,0.2669,0.25232038
1171,model_6b,0.0164,0.08782908
1172,model_6b,0.5046,0.49125183
1173,model_6b,0.2705,0.25026804
1174,model_6b,0.3407,0.30644184
1175,model_6b,0.1184,0.12781212
1176,model_6b,0.4211,0.44510883
1177,model_6b,0.4884,0.41984072
1178,model_6b,0.0235,0.10328962
1179,model_6b,0.1446,0.14415117
1180,model_6b,0.331,0.3971262
1181,model_6b,-0.0537,0.1464778
1182,model_6b,0.2296,0.46082383
1183,model_6b,0.7096,0.59876275
1184,model_6b,0.2244,0.24010268
1185,model_6b,0.0437,-0.03188113
1186,model_6b,0.1183,0.07341938
1187,model_6b,0.8615,0.81239235
1188,model_6b,0.0187,0.05932841
1189,model_6b,0.0837,0.093850374
1190,model_6b,0.3883,0.38795868
1191,model_6b,0.8648,0.8727437
1192,model_6b,0.0502,0.14576
1193,model_6b,0.7576,0.7123109
1194,model_6b,0.4708,0.35800356
1195,model_6b,0.4046,0.4097875
1196,model_6b,0.2957,0.24248827
1197,model_6b,0.0517,0.05988999
1198,model_6b,0.4288,0.46446154
1199,model_6b,0.6246,0.5812879
1200,model_6b,0.5726,0.56747067
1201,model_6b,-0.0682,-0.06630128
1202,model_6b,0.128,0.10621381
1203,model_6b,0.1531,0.16547844
1204,model_6b,0.2597,0.2888874
1205,model_6b,0.3983,0.35700676
1206,model_6b,0.1204,0.15406844
1207,model_6b,0.2511,0.2377483
1208,model_6b,0.0046,0.008893676
1209,model_6b,0.1621,0.120786764
1210,model_6b,0.3951,0.3995947
1211,model_6b,0.3392,0.32107764
1212,model_6b,0.2839,0.27144194
1213,model_6b,0.4702,0.44564936
1214,model_6b,0.2057,0.20344946
1215,model_6b,0.733,0.52517873
1216,model_6b,0.0915,0.03600954
1217,model_6b,0.4428,0.45355934
1218,model_6b,0.0252,-0.019686542
1219,model_6b,-0.0284,0.11839682
1220,model_6b,-0.1457,0.15654588
1221,model_6b,0.9885,1.0327152
1222,model_6b,0.1666,0.16733864
1223,model_6b,0.3253,0.34414577
1224,model_6b,0.2986,0.44322923
1225,model_6b,0.3714,0.35465452
1226,model_6b,0.1453,0.16772828
1227,model_6b,0.0136,0.003194183
1228,model_6b,0.2185,0.17274135
1229,model_6b,0.2394,0.25160423
1230,model_6b,0.5437,0.60359335
1231,model_6b,0.1958,0.15346378
1232,model_6b,0.9442,1.0820802
1233,model_6b,0.207,0.1519617
1234,model_6b,0.0225,-0.022908583
1235,model_6b,0.0066,0.013608165
1236,model_6b,0.6326,0.63837934
1237,model_6b,0.0028,0.006518312
1238,model_6b,0.7214,0.6381228
1239,model_6b,0.1686,0.16712314
1240,model_6b,0.0032,-0.059173636
1241,model_6b,0.1772,0.18746075
1242,model_6b,0.5219,0.51059735
1243,model_6b,0.4118,0.40089998
1244,model_6b,-0.0206,0.005673595
1245,model_6b,0.2712,0.26362976
1246,model_6b,0.1563,0.14875932
1247,model_6b,0.1224,0.14460836
1248,model_6b,0.0169,0.04449632
1249,model_6b,0.2257,0.18734662
1250,model_6b,0.5804,0.5767602
1251,model_6b,0.0259,0.021751575
1252,model_6b,1.0002,0.93708384
1253,model_6b,0.2518,0.24617338
1254,model_6b,-0.0857,-0.03406594
1255,model_6b,0.4011,0.42680845
1256,model_6b,0.1463,0.19719672
1257,model_6b,-0.0271,-0.035840355
1258,model_6b,0.3721,0.3969513
1259,model_6b,0.2038,0.20465335
1260,model_6b,0.2173,0.20859464
1261,model_6b,0.0687,0.0759037
1262,model_6b,0.4037,0.3752182
1263,model_6b,0.2368,0.25220004
1264,model_6b,0.1524,0.13997948
1265,model_6b,0.3606,0.3998246
1266,model_6b,0.4923,0.50748664
1267,model_6b,0.2687,0.06315341
1268,model_6b,0.4663,0.45300755
1269,model_6b,0.0836,0.111317396
1270,model_6b,0.1212,0.09688704
1271,model_6b,0.363,0.29590726
1272,model_6b,0.2771,0.2693029
1273,model_6b,0.1134,0.1072405
1274,model_6b,0.2849,0.31922498
1275,model_6b,0.239,0.25000596
1276,model_6b,0.1354,0.14730379
1277,model_6b,0.7932,0.75409305
1278,model_6b,0.2004,0.17569605
1279,model_6b,0.0815,0.0714857
1280,model_6b,-0.1216,-0.16098052
1281,model_6b,0.3319,0.29155198
1282,model_6b,0.4251,0.35078698
1283,model_6b,0.1852,0.17421243
1284,model_6b,0.3385,0.3342779
1285,model_6b,0.1645,0.12729973
1286,model_6b,0.485,0.4659143
1287,model_6b,0.3649,0.32864633
1288,model_6b,0.0918,0.0733758
1289,model_6b,0.4026,0.41505715
1290,model_6b,-0.0156,-0.042902775
1291,model_6b,0.3266,0.32188997
1292,model_6b,0.121,0.11599746
1293,model_6b,0.9379,0.8395295
1294,model_6b,0.5696,0.5669614
1295,model_6b,0.1513,0.10135571
1296,model_6b,0.2901,0.21525744
1297,model_6b,-0.0379,0.039992485
1298,model_6b,0.4771,0.4461373
1299,model_6b,0.2526,0.24189463
1300,model_6b,0.051,0.026663851
1301,model_6b,0.3097,0.2900102
1302,model_6b,0.1041,0.10101445
1303,model_6b,0.4887,0.48326555
1304,model_6b,0.2168,0.19068624
1305,model_6b,0.1689,0.19190326
1306,model_6b,0.2043,0.21161857
1307,model_6b,-0.0244,-0.016406707
1308,model_6b,0.8821,0.8246878
1309,model_6b,0.1,0.17415705
1310,model_6b,0.0855,0.08263008
1311,model_6b,0.894,0.82357574
1312,model_6b,0.2926,0.22574595
1313,model_6b,0.202,0.15144533
1314,model_6b,0.2287,0.2622906
1315,model_6b,0.2719,0.22370216
1316,model_6b,0.296,0.3263949
1317,model_6b,0.1188,0.095873244
1318,model_6b,-0.076,-0.2829013
1319,model_6b,0.1009,0.092925034
1320,model_6b,0.1446,0.20104373
1321,model_6b,0.659,0.6060375
1322,model_6b,0.6385,0.6295334
1323,model_6b,0.127,0.16574278
1324,model_6b,0.4269,0.42644605
1325,model_6b,0.2321,0.18904912
1326,model_6b,0.1289,0.1558328
1327,model_6b,0.0382,0.051029265
1328,model_6b,0.3862,0.38070917
1329,model_6b,0.1085,0.15956439
1330,model_6b,0.3612,0.40706643
1331,model_6b,-0.0885,-0.112468965
1332,model_6b,0.2871,0.28053868
1333,model_6b,0.0419,0.039637327
1334,model_6b,0.5384,0.5446285
1335,model_6b,0.3856,0.45252594
1336,model_6b,0.1902,0.15196526
1337,model_6b,0.1022,0.09960375
1338,model_6b,0.7441,0.7134048
1339,model_6b,0.0705,0.02360966
1340,model_6b,0.6007,0.58868515
1341,model_6b,0.1348,0.13701935
1342,model_6b,0.1103,0.12490666
1343,model_6b,0.7021,0.6802138
1344,model_6b,0.074,0.039673984
1345,model_6b,0.0788,0.054456227
1346,model_6b,-0.1229,-0.13304546
1347,model_6b,0.0484,0.04444212
1348,model_6b,0.8553,0.8437605
1349,model_6b,0.4497,0.45491597
1350,model_6b,0.5083,0.5037215
1351,model_6b,0.1052,0.047817856
1352,model_6b,0.4082,0.3880532
1353,model_6b,0.9611,0.9618503
1354,model_6b,0.28,0.2946739
1355,model_6b,0.4931,0.49839494
1356,model_6b,0.0609,0.047207087
1357,model_6b,0.128,0.14411592
1358,model_6b,0.0474,0.0272411
1359,model_6b,0.712,0.710703
1360,model_6b,0.1954,0.22738025
1361,model_6b,0.4323,0.42254296
1362,model_6b,0.2065,0.20049852
1363,model_6b,0.7595,0.7586918
1364,model_6b,0.2318,0.19081268
1365,model_6b,0.0774,-0.0059086755
1366,model_6b,0.1822,0.13334644
1367,model_6b,0.5433,0.521244
1368,model_6b,0.0952,0.08121241
1369,model_6b,0.1016,0.090179205
1370,model_6b,0.0262,0.043304157
1371,model_6b,0.2433,0.2643277
1372,model_6b,0.0483,0.021415621
1373,model_6b,0.5242,0.5424917
1374,model_6b,-0.1087,-0.053991012
1375,model_6b,0.2239,0.2528135
1376,model_6b,0.3461,0.30162138
1377,model_6b,0.4016,0.35600945
1378,model_6b,-0.0201,0.043232452
1379,model_6b,0.045,0.008598462
1380,model_6b,0.2294,0.20809951
1381,model_6b,0.0726,0.0776812
1382,model_6b,0.0807,0.10610777
1383,model_6b,0.5967,0.5792904
1384,model_6b,-0.0893,-0.09976355
1385,model_6b,0.045,0.05137093
1386,model_6b,0.5699,0.5953264
1387,model_6b,0.0373,0.03953893
1388,model_6b,0.0688,0.14680603
1389,model_6b,0.2832,0.3265208
1390,model_6b,0.8389,0.80754447
1391,model_6b,0.4384,0.51549345
1392,model_6b,0.4822,0.5231095
1393,model_6b,0.3306,0.35385743
1394,model_6b,0.4004,0.4479351
1395,model_6b,0.2589,0.26096246
1396,model_6b,0.0812,0.10385279
1397,model_6b,0.2753,0.3170543
1398,model_6b,0.109,0.11474827
1399,model_6b,0.5434,0.5402456
1400,model_6b,0.4242,0.41872355
1401,model_6b,0.323,0.1531617
1402,model_6b,0.016,0.014456227
1403,model_6b,0.0412,0.024422508
1404,model_6b,0.5476,0.5633019
1405,model_6b,0.0174,0.034026716
1406,model_6b,0.1614,0.15047175
1407,model_6b,0.4072,0.42075878
1408,model_6b,0.174,0.13945192
1409,model_6b,0.3129,0.3272221
1410,model_6b,0.6434,0.6035478
1411,model_6b,0.353,0.37103763
1412,model_6b,0.1901,0.1954189
1413,model_6b,0.1591,0.15353519
1414,model_6b,-0.0801,-0.022936337
1415,model_6b,0.0749,0.105691805
1416,model_6b,0.3967,0.37547183
1417,model_6b,0.5244,0.5757134
1418,model_6b,0.0868,0.09446013
1419,model_6b,0.2047,0.23271012
1420,model_6b,0.4198,0.42860278
1421,model_6b,0.192,0.19658187
1422,model_6b,0.4675,0.47344002
1423,model_6b,0.1132,0.2162807
1424,model_6b,0.4264,0.43008712
1425,model_6b,0.4949,0.54802257
1426,model_6b,-0.0949,-0.0763252
1427,model_6b,0.3015,0.30350798
1428,model_6b,0.1283,0.15643612
1429,model_6b,0.2633,0.2467534
1430,model_6b,0.0581,-0.0044123456
1431,model_6b,0.1345,0.18818465
1432,model_6b,0.5338,0.49361408
1433,model_6b,0.7718,0.77357
1434,model_6b,0.3358,0.23435566
1435,model_6b,0.6037,0.54761237
1436,model_6b,0.0834,0.07003063
1437,model_6b,0.172,0.24776593
1438,model_6b,0.5371,0.5518544
1439,model_6b,0.355,0.353667
1440,model_6b,-0.2004,-0.16709593
1441,model_6b,0.6343,0.5902797
1442,model_6b,0.3031,0.323073
1443,model_6b,0.6922,0.69253534
1444,model_6b,0.7961,0.83011454
1445,model_6b,0.2935,0.32482353
1446,model_6b,-0.2648,-0.2012079
1447,model_6b,0.1624,0.10890265
1448,model_6b,0.0556,0.056193918
1449,model_6b,-0.0297,-0.03341949
1450,model_6b,0.4203,0.40807524
1451,model_6b,0.3153,0.3384161
1452,model_6b,0.1,0.10154681
1453,model_6b,0.3418,0.25679803
1454,model_6b,0.1252,0.09616494
1455,model_6b,0.2916,0.31531325
1456,model_6b,0.1667,0.1487723
1457,model_6b,0.4856,0.49861225
1458,model_6b,0.0735,0.030170564
1459,model_6b,0.1372,0.11607997
1460,model_6b,0.023,0.01141604
1461,model_6b,0.1408,0.094433114
1462,model_6b,0.2185,0.32476205
1463,model_6b,0.498,0.515745
1464,model_6b,-0.0696,0.05685689
1465,model_6b,0.2467,0.23332134
1466,model_6b,0.1299,0.08824837
1467,model_6b,0.4576,0.39211252
1468,model_6b,0.0613,0.06308343
1469,model_6b,0.3672,0.39847603
1470,model_6b,0.1562,0.18194225
1471,model_6b,0.1586,0.28006786
1472,model_6b,0.3902,0.38439623
1473,model_6b,0.2529,0.30409342
1474,model_6b,0.1726,0.16541982
1475,model_6b,0.1948,0.17709231
1476,model_6b,0.0098,0.045797832
1477,model_6b,0.7789,0.7547358
1478,model_6b,0.648,0.66770124
1479,model_6b,0.2284,0.23745269
1480,model_6b,0.0087,0.035301935
1481,model_6b,0.2845,0.29471093
1482,model_6b,0.3304,0.304761
1483,model_6b,0.4893,0.5108166
1484,model_6b,0.048,0.05353698
1485,model_6b,0.6718,0.6723584
1486,model_6b,0.1002,0.16268915
1487,model_6b,0.1434,0.13905706
1488,model_6b,0.1834,0.1836454
1489,model_6b,0.1037,0.1417686
1490,model_6b,-0.0082,0.0512107
1491,model_6b,0.3348,0.326838
1492,model_6b,0.2168,0.19901851
1493,model_6b,0.4355,0.4202771
1494,model_6b,0.0145,0.012092322
1495,model_6b,0.4228,0.38958898
1496,model_6b,0.2779,0.30043066
1497,model_6b,0.2288,0.13903317
1498,model_6b,0.0642,0.053330246
1499,model_6b,0.2263,0.048728146
1500,model_6b,0.7852,0.78902847
1501,model_6b,0.3982,0.20718947
1502,model_6b,0.9495,0.9399133
1503,model_6b,-0.0938,-0.06362427
1504,model_6b,0.3349,0.2911096
1505,model_6b,0.2672,0.24759436
1506,model_6b,0.4324,0.41647157
1507,model_6b,0.2398,0.26149592
1508,model_6b,-0.1674,-0.15941206
1509,model_6b,0.5187,0.5136626
1510,model_6b,0.1452,0.20260017
1511,model_6b,0.2014,0.15937985
1512,model_6b,-0.0286,-0.0052088946
1513,model_6b,0.1816,0.17657973
1514,model_6b,0.0767,0.092748865
1515,model_6b,0.2175,0.19812182
1516,model_6b,0.132,0.1480512
1517,model_6b,0.2706,0.18890575
1518,model_6b,0.0277,0.031812005
1519,model_6b,0.4534,0.4343507
1520,model_6b,0.3538,0.36647034
1521,model_6b,0.1621,0.17108667
1522,model_6b,0.0063,0.05338493
1523,model_6b,0.117,0.10598917
1524,model_6b,-0.1019,-0.10834933
1525,model_6b,0.2197,0.23707089
1526,model_6b,-0.0081,-0.0009911358
1527,model_6b,0.066,0.07782178
1528,model_6b,0.1397,0.22760522
1529,model_6b,0.0073,-0.034669884
1530,model_6b,0.2529,0.24712658
1531,model_6b,0.434,0.4282793
1532,model_6b,0.605,0.4303088
1533,model_6b,-0.0574,-0.04354217
1534,model_6b,0.0662,0.096239135
1535,model_6b,0.3678,0.3013418
1536,model_6b,0.1628,0.10867322
1537,model_6b,0.0918,0.08693648
1538,model_6b,0.0988,0.099988826
1539,model_6b,0.6383,0.6547566
1540,model_6b,0.2081,0.17964041
1541,model_6b,0.4511,0.4396412
1542,model_6b,0.1065,0.11432466
1543,model_6b,0.34,0.30636802
1544,model_6b,-0.0052,0.02432834
1545,model_6b,0.0551,0.025161978
1546,model_6b,0.164,0.12198063
1547,model_6b,0.3621,0.38444686
1548,model_6b,0.4879,0.49427357
1549,model_6b,-0.1169,-0.11051773
1550,model_6b,0.2803,0.33160985
1551,model_6b,0.8699,0.8528999
1552,model_6b,0.3602,0.35444695
1553,model_6b,0.1378,0.14611545
1554,model_6b,0.2207,0.2172918
1555,model_6b,-0.0334,-0.015667208
1556,model_6b,0.2138,0.29094562
1557,model_6b,0.1619,0.11899531
1558,model_6b,0.039,0.02429112
1559,model_6b,0.2642,0.30314794
1560,model_6b,0.3946,0.40305498
1561,model_6b,0.0083,-0.031221151
1562,model_6b,0.2892,0.26654938
1563,model_6b,0.0761,0.011592858
1564,model_6b,0.3018,0.20773602
1565,model_6b,0.2253,0.25293487
1566,model_6b,-0.0009,0.007816963
1567,model_6b,-0.0714,-0.044737317
1568,model_6b,0.1869,0.24038562
1569,model_6b,0.0231,-0.011499852
1570,model_6b,0.0105,0.018500157
1571,model_6b,0.4806,0.4601182
1572,model_6b,-0.0421,0.08350194
1573,model_6b,0.3995,0.3882149
1574,model_6b,0.0902,0.038958013
1575,model_6b,0.4672,0.5170326
1576,model_6b,0.0382,0.008479543
1577,model_6b,0.656,0.65256727
1578,model_6b,0.6017,0.5547043
1579,model_6b,0.0696,0.037259478
1580,model_6b,0.6041,0.55564934
1581,model_6b,0.4106,0.35454464
1582,model_6b,-0.013,-0.023500212
1583,model_6b,0.1931,0.19326389
1584,model_6b,0.2395,0.22315523
1585,model_6b,0.0829,0.048061326
1586,model_6b,0.0043,0.046398535
1587,model_6b,0.2099,0.18642455
1588,model_6b,0.144,0.14987764
1589,model_6b,0.4955,0.51062214
1590,model_6b,0.4884,0.49268833
1591,model_6b,0.0286,0.0071175173
1592,model_6b,-0.1019,-0.067362525
1593,model_6b,0.8831,0.8481644
1594,model_6b,0.4587,0.4349436
1595,model_6b,0.5585,0.5456461
1596,model_6b,0.0828,0.0875579
1597,model_6b,0.1533,0.12147435
1598,model_6b,0.401,0.3844833
1599,model_6b,0.5687,0.5624684
1600,model_6b,0.3737,0.3400984
1601,model_6b,0.1339,0.15652812
1602,model_6b,0.0519,0.07861463
1603,model_6b,0.0746,0.110913396
1604,model_6b,0.3242,0.3431103
1605,model_6b,0.201,0.23761925
1606,model_6b,0.2091,0.1978756
1607,model_6b,0.0201,0.078902535
1608,model_6b,0.2523,0.21771452
1609,model_6b,0.2701,0.20381536
1610,model_6b,0.0578,0.037503403
1611,model_6b,0.5242,0.3172199
1612,model_6b,0.2849,0.3311431
1613,model_6b,0.525,0.52504253
1614,model_6b,0.0624,-0.01875911
1615,model_6b,-0.0258,-0.047058217
1616,model_6b,0.0856,0.10625784
1617,model_6b,0.3833,0.3977877
1618,model_6b,0.4687,0.44158491
1619,model_6b,0.4492,0.46112382
1620,model_6b,0.8282,0.83947885
1621,model_6b,0.1193,0.12395078
1622,model_6b,0.0064,-0.102290936
1623,model_6b,0.3604,0.35138515
1624,model_6b,0.008,0.015916355
1625,model_6b,0.3353,0.30625764
1626,model_6b,0.0042,0.014690541
1627,model_6b,0.1365,0.13988753
1628,model_6b,0.3151,0.35088244
1629,model_6b,0.1198,0.10339126
1630,model_6b,0.5394,0.45512542
1631,model_6b,0.2255,0.20970774
1632,model_6b,0.3169,0.32892182
1633,model_6b,0.5033,0.49892262
1634,model_6b,0.9488,0.9241576
1635,model_6b,0.4708,0.40223593
1636,model_6b,0.7247,0.7172322
1637,model_6b,0.2032,0.14711729
1638,model_6b,0.438,0.45418707
1639,model_6b,0.1759,0.2150147
1640,model_6b,0.2296,0.1900385
1641,model_6b,0.1175,0.113368824
1642,model_6b,0.2992,0.2823446
1643,model_6b,0.0234,0.023161039
1644,model_6b,0.3993,0.37316066
1645,model_6b,0.3803,0.3409664
1646,model_6b,0.2357,0.27222317
1647,model_6b,-0.0527,-0.00047390163
1648,model_6b,-0.0915,-0.13298583
1649,model_6b,0.5176,0.49359083
1650,model_6b,0.1467,0.13838597
1651,model_6b,-0.133,-0.15460914
1652,model_6b,0.0511,0.0689567
1653,model_6b,0.1258,0.1281776
1654,model_6b,0.0692,0.018750533
1655,model_6b,0.139,0.28916767
1656,model_6b,0.1957,0.2133227
1657,model_6b,0.0205,0.009703986
1658,model_6b,0.6028,0.60965335
1659,model_6b,0.5247,0.49414578
1660,model_6b,0.1614,0.23499367
1661,model_6b,-0.0481,-0.070501454
1662,model_6b,0.5875,0.4861648
1663,model_6b,0.4738,0.47180894
1664,model_6b,0.8464,0.8072828
1665,model_6b,0.6334,0.608232
1666,model_6b,0.3396,0.33439595
1667,model_6b,0.3223,0.3641911
1668,model_6b,0.6003,0.68551767
1669,model_6b,0.2804,0.2251316
1670,model_6b,0.0225,0.0016213581
1671,model_6b,0.0531,0.04677935
1672,model_6b,0.245,0.21159673
1673,model_6b,0.4695,0.34432915
1674,model_6b,-0.0107,-0.00030926615
1675,model_6b,0.2829,0.26153147
1676,model_6b,0.0489,0.0055929646
1677,model_6b,-0.0258,-0.031165428
1678,model_6b,0.8012,0.7772983
1679,model_6b,0.0384,0.044547804
1680,model_6b,0.2667,0.41256842
1681,model_6b,0.1086,0.08683463
1682,model_6b,0.3154,0.31060076
1683,model_6b,0.214,0.25896373
1684,model_6b,-0.037,0.042558223
1685,model_6b,0.1524,0.20790978
1686,model_6b,0.3186,0.3598823
1687,model_6b,0.0777,0.030533519
1688,model_6b,0.5081,0.4641047
1689,model_6b,0.6181,0.58812875
1690,model_6b,0.0082,-0.049790256
1691,model_6b,0.5186,0.5322826
1692,model_6b,0.2533,0.37184402
1693,model_6b,0.3952,0.38784698
1694,model_6b,-0.1906,-0.20188576
1695,model_6b,0.3783,0.38452533
1696,model_6b,0.2886,0.24233854
1697,model_6b,0.0722,0.13832061
1698,model_6b,0.1924,0.06743732
1699,model_6b,0.3348,0.34743267
1700,model_6b,0.2935,0.22810006
1701,model_6b,0.1346,0.17073014
1702,model_6b,0.6805,0.64339155
1703,model_6b,0.1677,0.12295452
1704,model_6b,0.2878,0.35128888
1705,model_6b,-0.0727,-0.012642831
1706,model_6b,0.4103,0.39105433
1707,model_6b,0.0445,-0.00076438487
1708,model_6b,0.1129,0.09288981
1709,model_6b,0.3854,0.30039635
1710,model_6b,0.4533,0.4388902
1711,model_6b,0.1451,0.1250738
1712,model_6b,0.3657,0.314343
1713,model_6b,0.8949,0.8851737
1714,model_6b,0.0641,0.075164676
1715,model_6b,-0.1158,-0.11066016
1716,model_6b,0.0198,0.013608851
1717,model_6b,0.2413,0.24099538
1718,model_6b,0.3937,0.40678212
1719,model_6b,0.05,0.047882617
1720,model_6b,0.5014,0.54027575
1721,model_6b,0.3544,0.442292
1722,model_6b,0.2476,0.25039592
1723,model_6b,-0.0343,-0.042273365
1724,model_6b,0.3808,0.38360283
1725,model_6b,0.0194,0.02455815
1726,model_6b,-0.0461,-0.034565188
1727,model_6b,0.0669,0.035601035
1728,model_6b,0.1581,0.15886235
1729,model_6b,0.2801,0.29612878
1730,model_6b,0.0341,0.025810465
1731,model_6b,-0.1354,-0.13237315
1732,model_6b,0.132,0.12720682
1733,model_6b,0.1124,0.10997487
1734,model_6b,0.1666,0.23918357
1735,model_6b,0.1271,0.12606922
1736,model_6b,0.4308,0.48231
1737,model_6b,0.0201,0.04100332
1738,model_6b,0.0281,0.016581774
1739,model_6b,0.2822,0.30457932
1740,model_6b,0.0986,0.09063913
1741,model_6b,0.8733,0.8382685
1742,model_6b,0.0548,-0.015269399
1743,model_6b,0.1067,0.078548685
1744,model_6b,0.3802,0.3718466
1745,model_6b,0.3047,0.23044637
1746,model_6b,0.6382,0.6202504
1747,model_6b,0.3718,0.2984346
1748,model_6b,0.3056,0.29524443
1749,model_6b,0.2556,0.28305423
1750,model_6b,0.5619,0.54905045
1751,model_6b,0.0554,-0.0041562095
1752,model_6b,0.0526,0.04806325
1753,model_6b,0.0515,0.049859434
1754,model_6b,0.4371,0.43085557
1755,model_6b,0.2883,0.30102673
1756,model_6b,0.7762,0.785318
1757,model_6b,0.0073,-0.0070933774
1758,model_6b,0.2442,0.26479304
1759,model_6b,0.078,0.050775517
1760,model_6b,0.169,0.16777068
1761,model_6b,0.4511,0.45338225
1762,model_6b,0.831,0.8349091
1763,model_6b,0.4813,0.50728184
1764,model_6b,0.0632,0.08037984
1765,model_6b,0.0151,0.015866779
1766,model_6b,0.0302,0.026271801
1767,model_6b,0.5441,0.517561
1768,model_6b,-0.1412,-0.15700594
1769,model_6b,0.5619,0.57362586
1770,model_6b,0.1997,0.2180793
1771,model_6b,0.4214,0.40153596
1772,model_6b,0.2085,0.23808903
1773,model_6b,0.6903,0.678791
1774,model_6b,0.4486,0.47951987
1775,model_6b,0.555,0.4416174
1776,model_6b,0.1447,0.114867896
1777,model_6b,0.6261,0.5855361
1778,model_6b,0.0973,0.09605851
1779,model_6b,0.2029,0.16921434
1780,model_6b,0.7223,0.77370614
1781,model_6b,0.9309,0.9096571
1782,model_6b,0.1465,0.1624744
1783,model_6b,0.0253,0.02547139
1784,model_6b,0.6973,0.7140427
1785,model_6b,0.0793,0.09765823
1786,model_6b,0.1702,0.13477546
1787,model_6b,0.188,0.18602279
1788,model_6b,0.9724,0.92367923
1789,model_6b,0.1568,0.10996732
1790,model_6b,0.307,0.35939148
1791,model_6b,0.0096,0.014340527
1792,model_6b,0.007,-0.06929388
1793,model_6b,0.1113,0.12340198
1794,model_6b,-0.0937,-0.08519698
1795,model_6b,0.2435,0.23825645
1796,model_6b,-0.0739,-0.050903328
1797,model_6b,0.0121,0.014257625
1798,model_6b,0.0693,0.03809122
1799,model_6b,0.3114,0.21555099
1800,model_6b,0.2436,0.32107264
1801,model_6b,0.0941,0.07489736
1802,model_6b,0.0944,0.13388845
1803,model_6b,0.3392,0.22969615
1804,model_6b,0.4291,0.31427294
1805,model_6b,0.2061,0.23842353
1806,model_6b,0.2823,0.3417299
1807,model_6b,0.6386,0.608674
1808,model_6b,0.4165,0.39463267
1809,model_6b,0.4307,0.45218962
1810,model_6b,0.0637,0.058308206
1811,model_6b,0.5743,0.5740383
1812,model_6b,0.2989,0.2780562
1813,model_6b,-0.0153,0.030319504
1814,model_6b,0.1732,0.17048964
1815,model_6b,0.3582,0.39129025
1816,model_6b,0.2253,0.20431495
1817,model_6b,0.329,0.31135735
1818,model_6b,0.0924,0.11510602
1819,model_6b,0.323,0.29250443
1820,model_6b,0.24,0.27709147
1821,model_6b,-0.0496,-0.053054206
1822,model_6b,0.1813,0.1551536
1823,model_6b,0.3167,0.09604445
1824,model_6b,-0.1995,0.009229481
1825,model_6b,0.4691,0.44151822
1826,model_6b,0.204,0.23716709
1827,model_6b,0.0108,0.0078265
1828,model_6b,0.2334,0.26825494
1829,model_6b,0.1063,0.09264843
1830,model_6b,0.1541,0.2208724
1831,model_6b,0.0982,0.13338313
1832,model_6b,0.1991,0.20999205
1833,model_6b,0.21,0.16383252
1834,model_6b,0.3,0.3389772
1835,model_6b,0.1882,0.15311041
1836,model_6b,0.2656,0.18710062
1837,model_6b,0.0093,-0.026457794
1838,model_6b,0.128,0.16370857
1839,model_6b,0.0912,0.08513721
1840,model_6b,0.2234,0.1964607
1841,model_6b,0.2809,0.22889769
1842,model_6b,0.2623,0.2938811
1843,model_6b,0.1523,0.14475577
1844,model_6b,-0.0061,0.015777193
1845,model_6b,0.1342,0.17855135
1846,model_6b,0.1935,0.22508991
1847,model_6b,0.2143,0.27269682
1848,model_6b,0.5605,0.46957543
1849,model_6b,0.7351,0.7217804
1850,model_6b,0.2722,0.18182126
1851,model_6b,0.0339,0.036325492
1852,model_6b,-0.0714,-0.10362158
1853,model_6b,0.1998,0.15752399
1854,model_6b,0.1146,0.14110605
1855,model_6b,0.1568,0.15205286
1856,model_6b,0.3448,0.33309215
1857,model_6b,-0.1529,-0.19633436
1858,model_6b,0.1486,0.11700068
1859,model_6b,0.3611,0.34245482
1860,model_6b,0.0948,0.09190023
1861,model_6b,0.5173,0.49859914
1862,model_6b,0.0495,0.04627851
1863,model_6b,0.445,0.39439088
1864,model_6b,0.3841,0.26822457
1865,model_6b,0.4339,0.43058237
1866,model_6b,0.1102,0.24796978
1867,model_6b,0.5015,0.5209724
1868,model_6b,0.4173,0.39924797
1869,model_6b,-0.067,-0.05880452
1870,model_6b,-0.0166,-0.035414055
1871,model_6b,-0.0258,0.19238925
1872,model_6b,0.2449,0.3307403
1873,model_6b,0.1174,0.12826103
1874,model_6b,0.162,0.12625636
1875,model_6b,0.2381,0.20176873
1876,model_6b,0.2539,0.3491404
1877,model_6b,0.0735,0.053948846
1878,model_6b,0.9806,0.9437967
1879,model_6b,0.4407,0.486763
1880,model_6b,0.2269,0.23782954
1881,model_6b,-0.0766,-0.079299994
1882,model_6b,0.0796,0.030777063
1883,model_6b,0.6003,0.5994053
1884,model_6b,0.719,0.6721663
1885,model_6b,0.6339,0.609017
1886,model_6b,0.0301,0.025895603
1887,model_6b,0.0793,0.1006473
1888,model_6b,0.1956,0.28788465
1889,model_6b,0.8536,0.78991246
1890,model_6b,0.165,0.25816536
1891,model_6b,0.3517,0.30475968
1892,model_6b,0.2038,0.25241974
1893,model_6b,-0.0053,-0.009255551
1894,model_6b,0.0542,0.012218393
1895,model_6b,0.8258,0.7886996
1896,model_6b,0.353,0.30933186
1897,model_6b,0.1711,0.13745786
1898,model_6b,0.4296,0.40124762
1899,model_6b,0.2038,0.1860565
1900,model_6b,0.3169,0.35421225
1901,model_6b,0.3385,0.3141843
1902,model_6b,0.0409,0.015543804
1903,model_6b,0.0625,0.046811357
1904,model_6b,0.7462,0.6870838
1905,model_6b,0.0599,0.12760764
1906,model_6b,0.1386,0.14149824
1907,model_6b,0.0468,0.061410412
1908,model_6b,0.0625,0.051532716
1909,model_6b,0.2048,0.23367357
1910,model_6b,0.6842,0.7055547
1911,model_6b,0.0614,0.079385184
1912,model_6b,0.6128,0.62395954
1913,model_6b,0.1058,0.07354776
1914,model_6b,0.9099,0.8204334
1915,model_6b,0.2142,0.2401424
1916,model_6b,0.0273,0.025080964
1917,model_6b,0.4871,0.50532275
1918,model_6b,-0.0276,0.052841946
1919,model_6b,0.401,0.39425543
1920,model_6b,0.8835,0.8914292
1921,model_6b,0.2694,0.1666778
1922,model_6b,0.6094,0.5616512
1923,model_6b,0.021,0.020939969
1924,model_6b,0.1737,0.14135793
1925,model_6b,0.0308,0.021902658
1926,model_6b,0.2844,0.27303973
1927,model_6b,0.606,0.626985
1928,model_6b,0.0895,0.06746769
1929,model_6b,0.1664,0.15316689
1930,model_6b,0.6168,0.62512195
1931,model_6b,0.0302,0.13299888
1932,model_6b,0.0513,0.048843864
1933,model_6b,0.0782,0.09191613
1934,model_6b,0.0632,0.0555776
1935,model_6b,0.2951,0.21950185
1936,model_6b,0.7142,0.72198105
1937,model_6b,0.3243,0.3653786
1938,model_6b,0.7871,0.76609415
1939,model_6b,0.8224,0.8074399
1940,model_6b,0.6999,0.6744285
1941,model_6b,0.1011,0.07065121
1942,model_6b,0.3801,0.32454562
1943,model_6b,0.4836,0.4595169
1944,model_6b,0.3291,0.3301386
1945,model_6b,0.5715,0.56342876
1946,model_6b,0.4445,0.45586678
1947,model_6b,0.1746,0.18278274
1948,model_6b,0.0899,0.06695232
1949,model_6b,0.0089,0.012081169
1950,model_6b,0.0246,0.042437684
1951,model_6b,0.1195,0.110734195
1952,model_6b,0.1596,0.14364326
1953,model_6b,0.2312,0.27209413
1954,model_6b,0.2667,0.15710178
1955,model_6b,0.0707,0.068961024
1956,model_6b,0.1318,0.09552206
1957,model_6b,0.1511,0.1675519
1958,model_6b,0.0559,0.06977306
1959,model_6b,0.35,0.31353584
1960,model_6b,0.1918,0.22646064
1961,model_6b,0.0747,-0.012346841
1962,model_6b,0.3402,0.32269928
1963,model_6b,0.3088,0.24312648
1964,model_6b,0.5206,0.55561215
1965,model_6b,0.1642,0.17367008
1966,model_6b,0.2613,0.23281321
1967,model_6b,0.5009,0.49652293
1968,model_6b,0.0954,0.04954111
1969,model_6b,0.1135,0.049537912
1970,model_6b,0.2908,0.28010198
1971,model_6b,-0.0937,-0.07804554
1972,model_6b,0.0664,0.07646527
1973,model_6b,0.2706,0.25998345
1974,model_6b,0.2689,0.27643332
1975,model_6b,0.4498,0.46395567
1976,model_6b,0.3073,0.29128057
1977,model_6b,0.1672,0.14787816
1978,model_6b,0.0486,0.11307971
1979,model_6b,-0.0287,-0.0073211268
1980,model_6b,0.2684,0.1278004
1981,model_6b,0.1404,0.14368808
1982,model_6b,0.4732,0.3181867
1983,model_6b,0.2759,0.27059492
1984,model_6b,0.4503,0.43113956
1985,model_6b,0.1115,0.124505706
1986,model_6b,-0.0236,0.07838037
1987,model_6b,0.2721,0.32996857
1988,model_6b,0.1952,0.18367192
1989,model_6b,-0.0048,-0.022415183
1990,model_6b,0.0365,0.08083147
1991,model_6b,0.1785,0.15906975
1992,model_6b,0.1792,0.15946093
1993,model_6b,-0.0119,0.05560439
1994,model_6b,0.2714,0.2639917
1995,model_6b,0.4866,0.5127465
1996,model_6b,0.0556,0.06446765
1997,model_6b,-0.0301,-0.023786418
1998,model_6b,0.1028,0.089748204
1999,model_6b,0.175,0.12491394
2000,model_6b,0.2137,0.28030726
2001,model_6b,0.3126,0.27451375
2002,model_6b,0.0038,0.02371826
2003,model_6b,0.1805,0.17298147
2004,model_6b,0.4573,0.46900195
2005,model_6b,0.4347,0.4731942
2006,model_6b,-0.0041,-0.05009935
2007,model_6b,0.4414,0.1550706
2008,model_6b,0.6146,0.6089574
2009,model_6b,0.3626,0.3741073
2010,model_6b,0.3797,0.32078758
2011,model_6b,0.0649,0.055023216
2012,model_6b,0.1213,0.13865381
2013,model_6b,0.5278,0.48996243
2014,model_6b,0.3688,0.3993369
2015,model_6b,0.5026,0.5059361
2016,model_6b,0.5161,0.45389426
2017,model_6b,0.11,0.07678714
2018,model_6b,0.0692,0.054253556
2019,model_6b,0.0205,0.014435872
2020,model_6b,0.4743,0.48374823
2021,model_6b,0.0569,0.1195449
2022,model_6b,0.2556,0.19801989
2023,model_6b,0.1831,0.1715931
2024,model_6b,-0.0558,-0.08574367
2025,model_6b,0.241,0.25484085
2026,model_6b,0.0528,0.05421345
2027,model_6b,0.3011,0.16890588
2028,model_6b,0.1446,0.053157195
2029,model_6b,0.3441,0.36739573
2030,model_6b,0.1989,0.1599229
2031,model_6b,0.2735,0.10043035
2032,model_6b,0.6811,0.6243793
2033,model_6b,0.4909,0.55681884
2034,model_6b,0.3854,0.30680764
2035,model_6b,0.009,0.008616127
2036,model_6b,0.0029,0.022389267
2037,model_6b,0.6713,0.65595305
2038,model_6b,0.6935,0.6615051
2039,model_6b,0.0239,0.023715738
2040,model_6b,0.0817,0.10208812
2041,model_6b,0.1259,0.1260415
2042,model_6b,0.1235,0.18130821
2043,model_6b,0.3109,0.36032242
2044,model_6b,0.1534,0.12582262
2045,model_6b,0.0552,0.1457004
2046,model_6b,0.3115,0.29930517
2047,model_6b,0.4089,0.38869816
2048,model_6b,0.4448,0.43964833
2049,model_6b,0.0684,0.17617196
2050,model_6b,0.1937,0.22405183
2051,model_6b,0.752,0.67733264
2052,model_6b,0.0642,0.09017113
2053,model_6b,0.1313,0.11948734
2054,model_6b,-0.0088,0.005102001
2055,model_6b,0.4224,0.43755007
2056,model_6b,0.0218,0.046443462
2057,model_6b,0.2253,0.23187909
2058,model_6b,0.2724,0.28775525
2059,model_6b,0.0298,0.011894383
2060,model_6b,0.3521,0.3495846
2061,model_6b,0.6579,0.6459118
2062,model_6b,0.6915,0.67862624
2063,model_6b,0.2314,0.23810598
2064,model_6b,0.5072,0.47951135
2065,model_6b,0.0961,0.0827784
2066,model_6b,0.4058,0.37186375
2067,model_6b,0.7405,0.72824264
2068,model_6b,0.5511,0.3248552
2069,model_6b,0.4924,0.49210948
2070,model_6b,0.0959,0.115174204
2071,model_6b,0.1305,0.16015068
2072,model_6b,0.2622,0.29849046
2073,model_6b,0.2659,0.3654151
2074,model_6b,0.1033,0.0873997
2075,model_6b,0.0842,0.073931314
2076,model_6b,0.2871,0.34826866
2077,model_6b,0.7466,0.7410896
2078,model_6b,0.091,0.083173566
2079,model_6b,0.083,0.10083418
2080,model_6b,0.3376,0.32529265
2081,model_6b,0.1339,0.12028068
2082,model_6b,0.6286,0.6144104
2083,model_6b,0.2948,0.33443907
2084,model_6b,0.4536,0.41025695
2085,model_6b,0.1133,0.10320769
2086,model_6b,0.3551,0.32893342
2087,model_6b,0.0929,0.11289814
2088,model_6b,0.4251,0.42717245
2089,model_6b,0.2704,0.24803895
2090,model_6b,0.2401,0.15112299
2091,model_6b,0.665,0.6802729
2092,model_6b,-0.0031,0.0846116
2093,model_6b,0.7409,0.74147785
2094,model_6b,-0.0025,-0.016460337
2095,model_6b,0.0433,0.07836147
2096,model_6b,0.7209,0.78625953
2097,model_6b,0.0943,0.030060746
2098,model_6b,0.0329,0.07604262
2099,model_6b,0.1474,0.15841648
2100,model_6b,0.1706,0.17450514
2101,model_6b,-0.0493,-0.08200023
2102,model_6b,-0.0868,-0.077867486
2103,model_6b,0.3644,0.05076945
2104,model_6b,0.5647,0.62921
2105,model_6b,0.1776,0.15467915
2106,model_6b,0.0648,0.023714747
2107,model_6b,0.0696,0.050762977
2108,model_6b,0.0711,0.08577816
2109,model_6b,-0.0556,-0.06862999
2110,model_6b,0.2539,0.24006987
2111,model_6b,0.4092,0.29564348
2112,model_6b,0.1373,0.195716
2113,model_6b,0.1552,0.11919843
2114,model_6b,0.3984,0.4446641
2115,model_6b,0.3301,0.30876964
2116,model_6b,0.3196,0.3137096
2117,model_6b,0.4281,0.39905378
2118,model_6b,0.771,0.6964272
2119,model_6b,0.4661,0.46439967
2120,model_6b,0.2645,0.23837742
2121,model_6b,-0.0593,-0.07539458
2122,model_6b,0.1294,0.1280871
2123,model_6b,0.1354,0.12875521
2124,model_6b,0.4814,0.4566118
2125,model_6b,0.1428,0.15982088
2126,model_6b,0.4471,0.30914807
2127,model_6b,0.2941,0.294064
2128,model_6b,0.5149,0.4873825
2129,model_6b,0.0519,0.036481965
2130,model_6b,0.1621,0.18461366
2131,model_6b,0.0542,0.06028389
2132,model_6b,0.2082,0.13320345
2133,model_6b,0.246,0.13008393
2134,model_6b,0.0346,0.09835111
2135,model_6b,0.283,0.32003582
2136,model_6b,0.0914,0.101023294
2137,model_6b,0.2275,0.17776984
2138,model_6b,0.7836,0.7496167
2139,model_6b,0.2079,0.21989763
2140,model_6b,0.1466,0.14130315
2141,model_6b,-0.1392,-0.16149622
2142,model_6b,-0.0122,0.01225958
2143,model_6b,0.2164,0.22923955
2144,model_6b,0.1646,0.139396
2145,model_6b,0.0769,0.11540346
2146,model_6b,0.8451,0.83597815
2147,model_6b,0.2269,0.15102828
2148,model_6b,0.0412,0.03484662
2149,model_6b,0.0971,0.1688784
2150,model_6b,0.0746,0.06433975
2151,model_6b,0.1097,0.079931684
2152,model_6b,0.2956,0.29266483
2153,model_6b,0.1064,0.16746736
2154,model_6b,0.3524,0.37393758
2155,model_6b,0.4511,0.44452918
2156,model_6b,0.1325,0.14423358
2157,model_6b,-0.0461,-0.027287431
2158,model_6b,0.2438,0.2676151
2159,model_6b,0.2596,0.23745611
2160,model_6b,-0.0488,0.05808579
2161,model_6b,0.4558,0.40331888
2162,model_6b,0.1508,0.15292718
2163,model_6b,0.2979,0.31768698
2164,model_6b,0.0906,0.07335999
2165,model_6b,0.0853,0.05931766
2166,model_6b,0.4304,0.4387776
2167,model_6b,0.2698,0.28822124
2168,model_6b,0.1653,0.10698643
2169,model_6b,0.3457,0.4346693
2170,model_6b,0.4683,0.23532814
2171,model_6b,0.1184,0.11670182
2172,model_6b,0.2151,0.2379607
2173,model_6b,0.1276,0.21837685
2174,model_6b,-0.0285,-0.04066012
2175,model_6b,0.1653,0.13260554
2176,model_6b,0.8356,0.80044925
2177,model_6b,0.2983,0.3780048
2178,model_6b,0.5258,0.5244861
2179,model_6b,0.1113,0.120272666
2180,model_6b,0.8023,0.81632817
2181,model_6b,0.1225,0.114480324
2182,model_6b,-0.0278,-0.07326608
2183,model_6b,0.011,0.02356701
2184,model_6b,0.1858,0.16299164
2185,model_6b,-0.0655,0.0022770688
2186,model_6b,0.0168,0.026683487
2187,model_6b,0.2855,0.2518675
2188,model_6b,0.0363,0.05876588
2189,model_6b,0.1185,0.1277214
2190,model_6b,0.5853,0.6035847
2191,model_6b,0.1985,0.19895664
2192,model_6b,-0.0767,-0.10133935
2193,model_6b,0.0865,0.08200753
2194,model_6b,0.1367,0.10784961
2195,model_6b,0.4171,0.3880939
2196,model_6b,0.0302,-0.0025067627
2197,model_6b,0.2236,0.15497229
2198,model_6b,0.081,0.06174666
2199,model_6b,-0.0656,-0.0507235
2200,model_6b,0.0539,0.09203245
2201,model_6b,-0.1132,-0.1803216
2202,model_6b,-0.0558,-0.018687554
2203,model_6b,0.1718,0.16636226
2204,model_6b,0.3226,0.2788966
2205,model_6b,0.4012,0.39571318
2206,model_6b,0.1964,0.19184646
2207,model_6b,0.5025,0.45678994
2208,model_6b,0.1479,0.16321495
2209,model_6b,0.2188,0.2291131
2210,model_6b,0.7906,0.7026316
2211,model_6b,-0.0018,-0.010947414
2212,model_6b,0.0094,0.0062516853
2213,model_6b,-0.0241,0.0010891035
2214,model_6b,0.133,0.098811015
2215,model_6b,0.1703,0.16481864
2216,model_6b,0.3239,0.37348154
2217,model_6b,0.6986,0.6956926
2218,model_6b,0.4268,0.44104472
2219,model_6b,0.1748,0.19940698
2220,model_6b,0.6091,0.6202923
2221,model_6b,0.2514,0.35064504
2222,model_6b,0.1115,0.12743297
2223,model_6b,0.0825,0.057286683
2224,model_6b,0.1045,0.264503
2225,model_6b,0.0228,-0.008537225
2226,model_6b,0.2188,0.1864678
2227,model_6b,0.488,0.33909777
2228,model_6b,0.2498,0.24225622
2229,model_6b,0.4969,0.61912584
2230,model_6b,0.0161,0.03742706
2231,model_6b,0.2558,0.29012355
2232,model_6b,0.0944,0.11965042
2233,model_6b,0.1596,0.2633756
2234,model_6b,0.0603,0.048340272
2235,model_6b,0.427,0.41724902
2236,model_6b,-0.0324,-0.06602622
2237,model_6b,0.0983,0.24423978
2238,model_6b,0.9195,0.88341653
2239,model_6b,-0.0046,-0.0060105547
2240,model_6b,0.4353,0.44349208
2241,model_6b,0.4979,0.5086429
2242,model_6b,0.2926,0.26031786
2243,model_6b,0.3598,0.50514096
2244,model_6b,0.5293,0.53669566
2245,model_6b,0.6086,0.58443975
2246,model_6b,0.1407,0.062853225
2247,model_6b,0.2129,0.24066618
2248,model_6b,-0.0813,-0.049730666
2249,model_6b,-0.0861,-0.124999024
2250,model_6b,0.3607,0.09429285
2251,model_6b,0.0736,0.060361654
2252,model_6b,0.4956,0.47484356
2253,model_6b,-0.0069,-0.008358873
2254,model_6b,-0.0042,0.0146609545
2255,model_6b,0.3008,0.29150754
2256,model_6b,0.5262,0.4792895
2257,model_6b,0.5154,0.46580562
2258,model_6b,0.5462,0.5479232
2259,model_6b,0.2079,0.27022827
2260,model_6b,0.1106,0.07798121
2261,model_6b,0.4812,0.43856993
2262,model_6b,0.306,0.37100044
2263,model_6b,0.1829,0.22125238
2264,model_6b,0.4184,0.33971474
2265,model_6b,0.0843,0.092130184
2266,model_6b,0.2674,0.33432215
2267,model_6b,0.3302,0.3492101
2268,model_6b,0.0586,0.009855829
2269,model_6b,0.5998,0.61634266
2270,model_6b,0.145,0.17438668
2271,model_6b,-0.1423,-0.15771788
2272,model_6b,0.0996,0.10228156
2273,model_6b,0.1298,0.13825244
2274,model_6b,0.2488,0.5620431
2275,model_6b,0.3637,0.38577184
2276,model_6b,0.0805,0.106667034
2277,model_6b,0.4003,0.3786858
2278,model_6b,0.2231,0.22430426
2279,model_6b,0.1833,0.21864784
2280,model_6b,-0.0799,-0.098525114
2281,model_6b,-0.1773,-0.17627192
2282,model_6b,0.6467,0.6793231
2283,model_6b,0.0156,0.024220418
2284,model_6b,0.6895,0.63488954
2285,model_6b,0.3761,0.28684893
2286,model_6b,0.5106,0.4041378
2287,model_6b,0.0337,0.039503694
2288,model_6b,-0.0027,-0.07086689
2289,model_6b,0.346,0.35437596
2290,model_6b,0.2623,0.26917437
2291,model_6b,0.2178,0.23551425
2292,model_6b,0.9141,0.9059948
2293,model_6b,-0.0143,-0.020588987
2294,model_6b,0.4648,0.44907245
2295,model_6b,0.095,0.09536872
2296,model_6b,0.2232,0.21662182
2297,model_6b,0.4625,0.43879035
2298,model_6b,0.3511,0.32538608
2299,model_6b,0.4746,0.48922268
2300,model_6b,0.1545,0.059590496
2301,model_6b,1.0283,1.0605366
2302,model_6b,0.2753,0.3226072
2303,model_6b,0.0433,-0.019841313
2304,model_6b,0.1429,0.13132992
2305,model_6b,0.3277,0.33298287
2306,model_6b,0.126,0.06653785
2307,model_6b,0.8278,0.76811343
2308,model_6b,-0.0626,0.0033294335
2309,model_6b,0.2406,0.17639786
2310,model_6b,0.1607,0.10022624
2311,model_6b,0.2547,0.2622711
2312,model_6b,0.2051,0.19591329
2313,model_6b,0.1338,0.114164025
2314,model_6b,0.3423,0.48618665
2315,model_6b,0.1036,0.119556576
2316,model_6b,0.0942,0.071029514
2317,model_6b,0.3219,0.27786288
2318,model_6b,0.0404,-0.0762432
2319,model_6b,0.5314,0.49028763
2320,model_6b,-0.0495,-0.045209266
2321,model_6b,0.2012,0.18837437
2322,model_6b,0.0395,-0.010096848
2323,model_6b,-0.0871,-0.12511724
2324,model_6b,0.3962,0.41252813
2325,model_6b,0.0128,0.002963543
2326,model_6b,0.6109,0.60002923
2327,model_6b,-0.0456,-0.07440447
2328,model_6b,0.191,0.16894853
2329,model_6b,0.0226,0.16559476
2330,model_6b,0.1018,0.09605796
2331,model_6b,0.0441,0.02544352
2332,model_6b,0.3571,0.3677292
2333,model_6b,0.1164,0.18031386
2334,model_6b,0.3579,0.3898258
2335,model_6b,0.3431,0.3397753
2336,model_6b,0.0919,0.03615092
2337,model_6b,0.0966,0.10172525
2338,model_6b,0.0786,0.16654947
2339,model_6b,0.2287,0.24007541
2340,model_6b,-0.0612,-0.08845823
2341,model_6b,0.7831,0.73028094
2342,model_6b,0.0844,0.12313223
2343,model_6b,0.0551,0.043116137
2344,model_6b,0.2589,0.2590688
2345,model_6b,0.3022,0.27353364
2346,model_6b,0.0914,0.057406485
2347,model_6b,0.2766,0.24338964
2348,model_6b,0.2123,0.19338778
2349,model_6b,0.0611,0.29946443
2350,model_6b,0.1277,0.107752666
2351,model_6b,0.3579,0.36321232
2352,model_6b,0.5922,0.6102724
2353,model_6b,0.4146,0.40602335
2354,model_6b,0.1249,0.11797038
2355,model_6b,0.225,0.1303283
2356,model_6b,0.1307,0.12375619
2357,model_6b,0.2502,0.2910634
2358,model_6b,0.0479,0.07568365
2359,model_6b,0.0683,0.08204466
2360,model_6b,0.1091,0.16247341
2361,model_6b,0.0273,0.03995643
2362,model_6b,0.3553,0.37459847
2363,model_6b,-0.0426,-0.094069935
2364,model_6b,0.0502,0.31431717
2365,model_6b,0.3118,0.27478945
2366,model_6b,0.1987,0.20893866
2367,model_6b,0.385,0.4271682
2368,model_6b,-0.0992,-0.07068338
2369,model_6b,0.4363,0.37145206
2370,model_6b,-0.1531,-0.17661029
2371,model_6b,0.1138,0.08429509
2372,model_6b,0.3308,0.3306169
2373,model_6b,0.3607,0.36356655
2374,model_6b,0.2634,0.24928182
2375,model_6b,0.1535,0.114720576
2376,model_6b,0.0753,0.018098049
2377,model_6b,0.5317,0.52415365
2378,model_6b,0.1409,0.122650646
2379,model_6b,0.0704,0.07278909
2380,model_6b,0.2197,0.22165915
2381,model_6b,0.922,0.88286555
2382,model_6b,0.3426,0.37601298
2383,model_6b,0.2733,0.0799925
2384,model_6b,0.1191,0.074438274
2385,model_6b,0.0177,0.025347035
2386,model_6b,0.1661,0.20104063
2387,model_6b,0.0241,0.008494869
2388,model_6b,0.4024,0.37452814
2389,model_6b,-0.043,-0.04585842
2390,model_6b,-0.0965,-0.13051853
2391,model_6b,0.5143,0.40926418
2392,model_6b,-0.0147,-0.019473143
2393,model_6b,0.1855,0.18183933
2394,model_6b,-0.1254,-0.10341448
2395,model_6b,0.1937,0.17445126
2396,model_6b,0.0672,0.07675211
2397,model_6b,0.1045,0.13155657
2398,model_6b,0.0468,0.11854386
2399,model_6b,0.2008,0.1544011
2400,model_6b,0.0697,0.0521405
2401,model_6b,0.0472,-0.05021418
2402,model_6b,0.7333,0.771507
2403,model_6b,0.0066,0.018195093
2404,model_6b,0.2445,0.24431878
2405,model_6b,0.3397,0.3453791
2406,model_6b,0.2334,0.20815694
2407,model_6b,0.125,0.17544037
2408,model_6b,0.3493,0.51060945
2409,model_6b,0.0261,0.0049139187
2410,model_6b,0.2084,0.15511532
2411,model_6b,0.414,0.4328775
2412,model_6b,0.3211,0.295443
2413,model_6b,0.1561,0.15904537
2414,model_6b,-0.0465,-0.05210889
2415,model_6b,-0.1737,-0.20545286
2416,model_6b,0.7037,0.7096886
2417,model_6b,-0.0949,-0.10492516
2418,model_6b,0.0636,0.058572005
2419,model_6b,-0.0622,-0.019896202
2420,model_6b,0.0604,0.044815876
2421,model_6b,0.2381,0.24112263
2422,model_6b,-0.0401,0.060970135
2423,model_6b,0.2792,0.29564872
2424,model_6b,0.0646,0.06296446
2425,model_6b,0.5045,0.5584767
2426,model_6b,-0.1945,-0.07814365
2427,model_6b,0.0937,0.20118311
2428,model_6b,-0.1968,-0.21729031
2429,model_6b,-0.0879,0.17172413
2430,model_6b,0.4961,0.45749256
2431,model_6b,-0.0307,-0.026720278
2432,model_6b,0.2957,0.2257697
2433,model_6b,0.197,0.20877075
2434,model_6b,0.4483,0.4334552
2435,model_6b,0.1704,0.18478012
2436,model_6b,0.1531,0.14815685
2437,model_6b,0.0805,0.061406516
2438,model_6b,0.2078,0.17598787
2439,model_6b,0.0391,0.028216157
2440,model_6b,0.0785,0.16855995
2441,model_6b,0.1768,0.14581388
2442,model_6b,0.086,0.093291104
2443,model_6b,-0.178,-0.19094488
2444,model_6b,0.0338,0.027179986
2445,model_6b,0.0736,0.07482399
2446,model_6b,0.2707,0.1647509
2447,model_6b,0.5197,0.5223926
2448,model_6b,0.2642,0.2914654
2449,model_6b,0.3548,0.30742025
2450,model_6b,0.3396,0.38059482
2451,model_6b,-0.048,-0.096583225
2452,model_6b,0.3061,0.21718237
2453,model_6b,-0.0196,-0.012480527
2454,model_6b,0.5351,0.5623651
2455,model_6b,0.1002,0.09391765
2456,model_6b,-0.0815,-0.05490937
2457,model_6b,0.0846,0.06547212
2458,model_6b,0.2176,0.22636569
2459,model_6b,0.6511,0.6557189
2460,model_6b,-0.1873,-0.23888633
2461,model_6b,0.2092,0.29681134
2462,model_6b,-0.11,-0.14156342
2463,model_6b,0.4118,0.42239675
2464,model_6b,0.0125,0.051150642
2465,model_6b,0.3009,0.31630307
2466,model_6b,0.4287,0.4578758
2467,model_6b,0.0551,0.04326985
2468,model_6b,0.834,0.7116772
2469,model_6b,-0.0629,-0.11725057
2470,model_6b,-0.038,0.022564653
2471,model_6b,0.4538,0.4527695
2472,model_6b,0.1704,0.08044516
2473,model_6b,0.4131,0.41685966
2474,model_6b,0.2959,0.27876192
2475,model_6b,0.0551,-0.0014254078
2476,model_6b,0.0596,0.07600181
2477,model_6b,-0.1162,-0.11707308
2478,model_6b,0.5159,0.5562462
2479,model_6b,0.4329,0.44139424
2480,model_6b,0.1717,0.1126758
2481,model_6b,0.3216,0.2345871
2482,model_6b,0.2397,0.21806148
2483,model_6b,0.8918,0.86544347
2484,model_6b,0.3256,0.33520773
2485,model_6b,0.636,0.6571807
2486,model_6b,0.2361,0.19269574
2487,model_6b,0.267,0.2627799
2488,model_6b,0.5361,0.510236
2489,model_6b,0.1518,0.14313495
2490,model_6b,0.0232,-0.022288792
2491,model_6b,0.2436,0.2812773
2492,model_6b,0.2046,0.16638401
2493,model_6b,0.1929,0.1892159
2494,model_6b,0.0415,0.01664453
2495,model_6b,0.087,0.10302093
2496,model_6b,-0.049,-0.0613345
2497,model_6b,0.2735,0.27791357
2498,model_6b,0.3099,0.3333692
2499,model_6b,0.5557,0.704417
2500,model_6b,-0.0168,0.027983472
2501,model_6b,0.1962,0.20185766
2502,model_6b,0.128,0.13239223
2503,model_6b,0.5142,0.46068844
2504,model_6b,0.0515,0.0073396787
2505,model_6b,0.1594,0.41455278
2506,model_6b,0.2551,0.2820729
2507,model_6b,0.2396,0.2592049
2508,model_6b,0.3163,0.37146577
2509,model_6b,0.2979,0.17557165
2510,model_6b,0.2351,0.26114294
2511,model_6b,0.2938,0.28876352
2512,model_6b,0.4776,0.45652357
2513,model_6b,0.1903,0.1380371
2514,model_6b,0.8565,0.8488765
2515,model_6b,0.5138,0.4771668
2516,model_6b,0.6757,0.64061534
2517,model_6b,0.3403,0.3199312
2518,model_6b,0.137,0.11645709
2519,model_6b,0.1746,0.1170657
2520,model_6b,0.1493,0.12815359
2521,model_6b,-0.0492,-0.064513974
2522,model_6b,0.4227,0.48672298
2523,model_6b,0.4245,0.41310015
2524,model_6b,0.6463,0.6040751
2525,model_6b,0.1008,0.101139106
2526,model_6b,0.4314,0.42288896
2527,model_6b,0.4532,0.47449008
2528,model_6b,0.291,0.2803122
2529,model_6b,0.1376,0.09064074
2530,model_6b,0.5847,0.65095043
2531,model_6b,0.4638,0.44808158
2532,model_6b,0.1733,0.24843949
2533,model_6b,0.3214,0.32676208
2534,model_6b,-0.0151,-0.047486283
2535,model_6b,0.1374,0.07063076
2536,model_6b,0.4054,0.34060583
2537,model_6b,0.2734,0.27826694
2538,model_6b,0.0193,0.5088081
2539,model_6b,0.2894,0.21330097
2540,model_6b,1.0078,0.9518331
2541,model_6b,0.4983,0.480225
2542,model_6b,0.0486,0.028237559
2543,model_6b,0.2746,0.25874212
2544,model_6b,0.1106,0.10973623
2545,model_6b,0.0978,0.07000547
2546,model_6b,0.0907,0.0646738
2547,model_6b,0.8122,0.80189866
2548,model_6b,-0.023,0.008837953
2549,model_6b,0.0733,0.12278143
2550,model_6b,0.5258,0.49459115
2551,model_6b,0.1525,0.16683471
2552,model_6b,0.768,0.75966465
2553,model_6b,0.0506,0.05846125
2554,model_6b,0.313,0.34302056
2555,model_6b,0.1369,0.15883255
2556,model_6b,0.3134,0.3875954
2557,model_6b,0.2892,0.22499931
2558,model_6b,0.2155,0.15308821
2559,model_6b,0.1167,0.12648025
2560,model_6b,0.1557,0.16197172
2561,model_6b,-0.0525,-0.053867884
2562,model_6b,0.1108,0.08733226
2563,model_6b,0.3512,0.3904818
2564,model_6b,0.7159,0.6623417
2565,model_6b,0.0628,0.05630347
2566,model_6b,0.8403,0.7727712
2567,model_6b,0.3443,0.34314257
2568,model_6b,0.1947,0.14463142
2569,model_6b,0.1618,0.24760094
2570,model_6b,0.0141,0.03513611
2571,model_6b,0.5061,0.34118322
2572,model_6b,0.3179,0.3361468
2573,model_6b,0.2998,0.36340132
2574,model_6b,0.4863,0.4766282
2575,model_6b,0.1439,0.259118
2576,model_6b,0.4728,0.3951787
2577,model_6b,0.116,0.064932585
2578,model_6b,0.381,0.41497895
2579,model_6b,-0.1074,-0.010678776
2580,model_6b,0.1181,0.2953118
2581,model_6b,0.477,0.38481864
2582,model_6b,0.5098,0.57059544
2583,model_6b,0.3188,0.47989124
2584,model_6b,0.5059,0.3154049
2585,model_6b,0.0844,0.1689114
2586,model_6b,0.1045,0.02006676
2587,model_6b,0.1494,0.113241695
2588,model_6b,0.0213,0.061401222
2589,model_6b,0.2679,0.27749863
2590,model_6b,0.1921,0.0868987
2591,model_6b,0.4574,0.4184176
2592,model_6b,0.0495,0.028687667
2593,model_6b,-0.199,-0.22542772
2594,model_6b,0.2485,0.27928913
2595,model_6b,0.1158,0.0656413
2596,model_6b,0.2572,0.24463192
2597,model_6b,-0.0152,-0.0070480555
2598,model_6b,0.6111,0.6089957
2599,model_6b,0.2669,0.26098493
2600,model_6b,0.1268,0.099219166
2601,model_6b,0.3886,0.3887941
2602,model_6b,0.187,0.16941741
2603,model_6b,-0.0063,0.0008453354
2604,model_6b,0.1124,0.10620811
2605,model_6b,0.5441,0.55224967
2606,model_6b,0.1208,0.12935671
2607,model_6b,0.0166,0.045184918
2608,model_6b,0.1085,0.06809922
2609,model_6b,0.1971,0.17352164
2610,model_6b,0.1604,0.11133225
2611,model_6b,0.2465,0.30830202
2612,model_6b,0.012,-0.002693072
2613,model_6b,0.4643,0.43987498
2614,model_6b,0.22,0.21064141
2615,model_6b,0.4975,0.4146159
2616,model_6b,0.1846,0.14199178
2617,model_6b,0.4857,0.43636397
2618,model_6b,0.0707,0.080993086
2619,model_6b,0.1119,0.09017678
2620,model_6b,0.2441,0.32518756
2621,model_6b,0.144,0.13634348
2622,model_6b,0.4107,0.41894588
2623,model_6b,0.5787,0.58681196
2624,model_6b,0.1498,0.1366945
2625,model_6b,0.0684,0.039942726
2626,model_6b,0.173,0.19344184
2627,model_6b,0.179,0.18334758
2628,model_6b,-0.0701,0.06389856
2629,model_6b,0.1104,0.1029691
2630,model_6b,0.2888,0.28083438
2631,model_6b,-0.0609,-0.054148592
2632,model_6b,0.1403,0.12465417
2633,model_6b,-0.1751,-0.17153826
2634,model_6b,0.7206,0.706434
2635,model_6b,0.6308,0.6193183
2636,model_6b,0.4534,0.45210668
2637,model_6b,0.4743,0.47480762
2638,model_6b,0.152,0.11314395
2639,model_6b,0.0171,0.018751726
2640,model_6b,0.711,0.67792237
2641,model_6b,-0.0394,-0.028199054
2642,model_6b,0.301,0.31071052
2643,model_6b,0.9379,0.9177742
2644,model_6b,0.2645,0.24094036
2645,model_6b,0.1274,0.13471434
2646,model_6b,0.1756,0.18642852
2647,model_6b,0.0605,0.053914245
2648,model_6b,0.3481,0.3375844
2649,model_6b,0.1336,0.12548295
2650,model_6b,0.1011,0.08562425
2651,model_6b,-0.008,-0.04445482
2652,model_6b,0.0706,0.075806916
2653,model_6b,0.1649,0.15127853
2654,model_6b,0.1702,0.16294552
2655,model_6b,0.4097,0.4258382
2656,model_6b,-0.088,-0.060712345
2657,model_6b,0.04,0.089556575
2658,model_6b,0.3692,0.3319909
2659,model_6b,0.1376,0.08946695
2660,model_6b,0.4638,0.41379896
2661,model_6b,0.5813,0.5789603
2662,model_6b,0.2439,0.23334181
2663,model_6b,0.4032,0.4108226
2664,model_6b,0.2606,0.26106825
2665,model_6b,0.0893,0.075022206
2666,model_6b,-0.1402,-0.12606192
2667,model_6b,0.2795,0.30282626
2668,model_6b,0.4434,0.4577812
2669,model_6b,0.2694,0.31316686
2670,model_6b,0.362,0.36409935
2671,model_6b,0.4093,0.3708152
2672,model_6b,0.4058,0.35093057
2673,model_6b,0.3144,0.23977062
2674,model_6b,-0.004,0.03805917
2675,model_6b,0.0647,0.036815986
2676,model_6b,0.0591,0.13053691
2677,model_6b,-0.0967,-0.1298981
2678,model_6b,-0.0669,-0.12853146
2679,model_6b,0.0572,0.09443146
2680,model_6b,0.0566,0.040268194
2681,model_6b,0.1546,0.04860812
2682,model_6b,0.4367,0.4472991
2683,model_6b,0.0801,0.06574835
2684,model_6b,-0.0431,0.0139474645
2685,model_6b,0.2057,0.17372684
2686,model_6b,0.0793,0.08070362
2687,model_6b,0.2068,0.21907869
2688,model_6b,0.4708,0.4838769
2689,model_6b,0.0485,0.018302195
2690,model_6b,0.183,0.12587628
2691,model_6b,0.0672,0.062164046
2692,model_6b,0.0733,0.10698259
2693,model_6b,0.1141,0.0959782
2694,model_6b,0.295,0.30955014
2695,model_6b,0.4157,0.36387643
2696,model_6b,0.0603,0.07549355
2697,model_6b,0.0512,0.08767905
2698,model_6b,0.5054,0.49024066
2699,model_6b,0.0788,0.07472125
2700,model_6b,-0.1578,-0.15215263
2701,model_6b,0.4295,0.35901412
2702,model_6b,0.0835,0.1231165
2703,model_6b,0.1894,0.14988244
2704,model_6b,0.2404,0.21789944
2705,model_6b,0.1741,0.13257444
2706,model_6b,0.3223,0.42027265
2707,model_6b,0.0523,0.0937662
2708,model_6b,0.3088,0.31374556
2709,model_6b,0.5778,0.5913299
2710,model_6b,-0.0242,0.0407319
2711,model_6b,0.1516,0.13009128
2712,model_6b,0.3212,0.2989789
2713,model_6b,0.081,0.0682302
2714,model_6b,0.0695,0.045407858
2715,model_6b,0.1831,0.21285376
2716,model_6b,0.5478,0.5588541
2717,model_6b,1.1613,1.1612035
2718,model_6b,-0.0134,0.011906169
2719,model_6b,0.4061,0.29707208
2720,model_6b,0.2026,0.18841675
2721,model_6b,-0.059,-0.0794749
2722,model_6b,0.1121,0.1841614
2723,model_6b,0.2821,0.30016664
2724,model_6b,-0.1552,-0.1609726
2725,model_6b,0.8197,0.78410214
2726,model_6b,-0.0421,0.002018094
2727,model_6b,0.4188,0.41395643
2728,model_6b,0.1104,0.14428866
2729,model_6b,0.1979,0.19047064
2730,model_6b,0.0696,0.04142153
2731,model_6b,-0.113,-0.07489688
2732,model_6b,0.4122,0.41134617
2733,model_6b,0.0738,0.29893178
2734,model_6b,-0.0634,-0.04145596
2735,model_6b,0.3446,0.3401711
2736,model_6b,0.365,0.35108367
2737,model_6b,0.6248,0.5808846
2738,model_6b,0.4825,0.4732208
2739,model_6b,0.7402,0.72192466
2740,model_6b,0.3751,0.40150222
2741,model_6b,0.7701,0.7340274
2742,model_6b,0.0874,0.11849179
2743,model_6b,0.198,0.048529096
2744,model_6b,-0.0457,-0.0628457
2745,model_6b,0.3826,0.35589844
2746,model_6b,-0.0204,-0.12180608
2747,model_6b,0.2721,0.25421914
2748,model_6b,-0.1113,-0.11017715
2749,model_6b,0.1288,0.09307663
2750,model_6b,0.7548,0.72387445
2751,model_6b,0.2201,0.20406461
2752,model_6b,0.202,0.43752787
2753,model_6b,0.4803,0.47690126
2754,model_6b,0.0207,-0.0063120425
2755,model_6b,0.255,0.22702694
2756,model_6b,-0.1476,-0.17485777
2757,model_6b,0.3636,0.32325616
2758,model_6b,-0.2053,-0.21097842
2759,model_6b,0.6387,0.6181721
2760,model_6b,0.0142,0.02368277
2761,model_6b,0.2466,0.25656718
2762,model_6b,0.0913,0.10560964
2763,model_6b,0.0021,-0.0019452348
2764,model_6b,0.5609,0.5565478
2765,model_6b,-0.0314,0.029063337
2766,model_6b,0.533,0.5528078
2767,model_6b,-0.0139,-0.036058597
2768,model_6b,0.3253,0.34856352
2769,model_6b,0.0541,-0.019839779
2770,model_6b,-0.121,-0.13187239
2771,model_6b,0.0941,0.10421792
2772,model_6b,-0.0379,-0.058838718
2773,model_6b,0.1564,0.13637918
2774,model_6b,0.0291,-0.03417503
2775,model_6b,0.0497,0.054170325
2776,model_6b,0.2115,0.1894558
2777,model_6b,0.1558,0.13304146
2778,model_6b,0.229,0.20812349
2779,model_6b,0.4195,0.3735138
2780,model_6b,0.1375,0.10812248
2781,model_6b,0.1183,-0.026771717
2782,model_6b,0.2866,0.34293124
2783,model_6b,0.072,0.064407036
2784,model_6b,0.1293,0.1460731
2785,model_6b,0.2,0.25382438
2786,model_6b,0.9549,0.91103256
2787,model_6b,0.1836,0.20070446
2788,model_6b,-0.1808,-0.16218546
2789,model_6b,0.5419,0.5354911
2790,model_6b,0.7448,0.7284813
2791,model_6b,0.9199,0.87731314
2792,model_6b,0.2716,0.18931296
2793,model_6b,0.129,0.15785187
2794,model_6b,0.2663,0.28599817
2795,model_6b,0.1831,0.098021336
2796,model_6b,0.1104,0.09988527
2797,model_6b,0.2008,0.20816296
2798,model_6b,0.1213,0.111913
2799,model_6b,0.1551,0.19223341
2800,model_6b,0.1768,0.16786644
2801,model_6b,0.2214,0.28060856
2802,model_6b,0.0654,0.071354106
2803,model_6b,0.712,0.6724105
2804,model_6b,-0.0287,0.03328221
2805,model_6b,0.0894,0.100563586
2806,model_6b,0.4599,0.44155255
2807,model_6b,0.1651,0.1814008
2808,model_6b,-0.0718,-0.11239792
2809,model_6b,0.0238,0.030210234
2810,model_6b,0.1011,0.1283672
2811,model_6b,0.1144,0.11455431
2812,model_6b,0.572,0.5113162
2813,model_6b,0.4166,0.39683387
2814,model_6b,0.3491,0.33110824
2815,model_6b,0.0615,0.039969824
2816,model_6b,0.1096,0.15491623
2817,model_6b,0.2829,0.3124426
2818,model_6b,0.0008,-0.0216439
2819,model_6b,0.1525,0.07621689
2820,model_6b,0.4546,0.426411
2821,model_6b,0.1334,0.1660859
2822,model_6b,0.2839,0.3010137
2823,model_6b,0.1906,0.17887074
2824,model_6b,0.213,0.22358406
2825,model_6b,0.1827,0.18276277
2826,model_6b,0.0978,0.1188435
2827,model_6b,0.4653,0.4449272
2828,model_6b,0.2917,0.28890494
2829,model_6b,0.11,0.059871934
2830,model_6b,-0.0511,0.099383764
2831,model_6b,0.0439,0.14266774
2832,model_6b,0.5813,0.5575709
2833,model_6b,0.9559,0.9219855
2834,model_6b,0.5317,0.4961731
2835,model_6b,0.0793,0.078138396
2836,model_6b,0.2812,0.31586108
2837,model_6b,0.3936,0.38811442
2838,model_6b,0.2717,0.37840357
2839,model_6b,0.1414,0.116867386
2840,model_6b,-0.0268,-0.02463688
2841,model_6b,0.2783,0.30508018
2842,model_6b,0.0123,0.01398427
2843,model_6b,0.2159,0.26565963
2844,model_6b,0.3469,0.3183308
2845,model_6b,0.3581,0.37385872
2846,model_6b,0.2815,0.2276794
2847,model_6b,0.7182,0.69056094
2848,model_6b,0.2981,0.16333652
2849,model_6b,0.8081,0.7459835
2850,model_6b,0.2227,0.16220987
2851,model_6b,0.3392,0.32076156
2852,model_6b,0.4283,0.38855383
2853,model_6b,0.1231,0.11684123
2854,model_6b,-0.1411,-0.10835477
2855,model_6b,0.0618,0.027620338
2856,model_6b,-0.0746,-0.09733575
2857,model_6b,0.2387,0.19813988
2858,model_6b,0.1575,0.12200731
2859,model_6b,-0.0002,0.02434839
2860,model_6b,-0.1061,-0.132023
2861,model_6b,0.0181,0.010154873
2862,model_6b,0.0531,0.08678304
2863,model_6b,0.0097,0.057288207
2864,model_6b,0.3695,0.35921392
2865,model_6b,0.133,0.117310226
2866,model_6b,0.1619,0.14037399
2867,model_6b,0.0965,0.12160363
2868,model_6b,0.1873,0.15049839
2869,model_6b,0.0996,0.055417903
2870,model_6b,0.2355,0.21878508
2871,model_6b,0.6972,0.681112
2872,model_6b,0.6764,0.6844702
2873,model_6b,0.162,0.17043656
2874,model_6b,0.2932,0.3374755
2875,model_6b,0.708,0.68849325
2876,model_6b,0.0376,0.027928427
2877,model_6b,0.5975,0.52545965
2878,model_6b,0.2726,0.29261062
2879,model_6b,0.343,0.32156727
2880,model_6b,-0.0864,-0.14750212
2881,model_6b,0.1737,0.1313464
2882,model_6b,0.0168,0.047730684
2883,model_6b,0.7592,0.7456497
2884,model_6b,0.069,0.08524002
2885,model_6b,-0.0097,0.019656427
2886,model_6b,0.1976,0.22337815
2887,model_6b,0.0327,0.03786677
2888,model_6b,0.2297,0.31680122
2889,model_6b,-0.11,-0.16800451
2890,model_6b,0.3816,0.35695305
2891,model_6b,-0.0654,-0.0071125403
2892,model_6b,0.1343,0.10652521
2893,model_6b,0.2299,0.2862745
2894,model_6b,0.0747,0.031310022
2895,model_6b,0.2501,0.2347041
2896,model_6b,0.3993,0.36716336
2897,model_6b,0.5603,0.46451703
2898,model_6b,0.0661,0.06367601
2899,model_6b,-0.0478,-0.03825502
2900,model_6b,-0.0151,0.009756573
2901,model_6b,-0.0039,0.007497892
2902,model_6b,0.0683,0.034926828
2903,model_6b,0.317,0.25580427
2904,model_6b,-0.0525,-0.009089582
2905,model_6b,0.0731,0.11297531
2906,model_6b,0.1575,0.25588655
2907,model_6b,0.1224,0.15242529
2908,model_6b,0.6519,0.6657192
2909,model_6b,0.2109,0.22024995
2910,model_6b,0.2305,0.15878585
2911,model_6b,0.4973,0.4982916
2912,model_6b,0.0522,0.014210008
2913,model_6b,0.1025,0.0983114
2914,model_6b,0.494,0.47100392
2915,model_6b,0.3771,0.3641472
2916,model_6b,0.0532,0.04131682
2917,model_6b,-0.0039,-0.0024515614
2918,model_6b,-0.0468,-0.014222033
2919,model_6b,0.3474,0.38767666
2920,model_6b,0.3348,0.35958835
2921,model_6b,0.096,0.10080565
2922,model_6b,0.2047,0.2080249
2923,model_6b,0.1487,0.19118962
2924,model_6b,0.3968,0.3682178
2925,model_6b,0.1393,0.10971682
2926,model_6b,0.0373,0.04485097
2927,model_6b,0.0595,0.025425185
2928,model_6b,0.1507,0.18190175
2929,model_6b,0.3371,0.35954782
2930,model_6b,0.0646,0.12782735
2931,model_6b,0.2739,0.29544622
2932,model_6b,0.1617,0.09749555
2933,model_6b,0.0773,0.018919215
2934,model_6b,0.5016,0.5393809
2935,model_6b,0.7514,0.76600575
2936,model_6b,0.3941,0.5069504
2937,model_6b,0.0639,0.044750545
2938,model_6b,0.1032,0.09887589
2939,model_6b,0.034,0.022836737
2940,model_6b,0.4648,0.49003795
2941,model_6b,0.1292,0.13375528
2942,model_6b,0.0748,-0.019752942
2943,model_6b,0.5571,0.52381396
2944,model_6b,0.3841,0.3027612
2945,model_6b,0.7342,0.7452185
2946,model_6b,0.2777,0.226744
2947,model_6b,0.1518,0.14121966
2948,model_6b,0.2754,0.23976514
2949,model_6b,0.351,0.2938231
2950,model_6b,0.1627,0.17236021
2951,model_6b,0.0476,0.060615018
2952,model_6b,0.1803,0.1640982
2953,model_6b,0.001,-0.08285988
2954,model_6b,0.2471,0.1726237
2955,model_6b,-0.0259,0.012810938
2956,model_6b,0.3038,0.28785703
2957,model_6b,0.3526,0.30167675
2958,model_6b,0.4114,0.38104668
2959,model_6b,0.8326,0.7737222
2960,model_6b,0.5686,0.50662386
2961,model_6b,0.3817,0.364814
2962,model_6b,0.2909,0.3122145
2963,model_6b,-0.0004,-0.017561495
2964,model_6b,0.4612,0.3306225
2965,model_6b,0.1945,0.12277725
2966,model_6b,-0.0064,0.0071897954
2967,model_6b,-0.1578,0.070611015
2968,model_6b,0.1332,-0.13510951
2969,model_6b,-0.2225,-0.23543662
2970,model_6b,0.1706,0.12763199
2971,model_6b,0.1249,0.09098007
2972,model_6b,0.3952,0.3790222
2973,model_6b,0.0501,0.031061582
2974,model_6b,-0.0417,-0.072863735
2975,model_6b,0.2336,0.23900005
2976,model_6b,-0.0104,-0.019699655
2977,model_6b,0.0423,0.04021821
2978,model_6b,0.2468,0.28113517
2979,model_6b,0.7972,0.7727613
2980,model_6b,-0.0754,-0.104375385
2981,model_6b,0.1768,0.14830664
2982,model_6b,0.0331,-0.0017097369
2983,model_6b,0.349,0.3520905
2984,model_6b,0.1351,0.13436657
2985,model_6b,-0.0318,-0.06878277
2986,model_6b,0.3173,0.3190476
2987,model_6b,0.6903,0.67507577
2988,model_6b,1.0198,1.0105237
2989,model_6b,0.6015,0.5393803
2990,model_6b,0.2088,0.25773662
2991,model_6b,0.1859,0.1343975
2992,model_6b,0.1461,0.15058416
2993,model_6b,0.3376,0.40175357
2994,model_6b,0.1203,0.11638012
2995,model_6b,0.3384,0.30084947
2996,model_6b,0.3399,0.104276925
2997,model_6b,0.1993,0.19201922
2998,model_6b,0.0457,0.039357763
2999,model_6b,-0.072,-0.060483493
3000,model_6b,0.3183,0.32000843
3001,model_6b,0.1977,0.15710846
3002,model_6b,0.3407,0.34755605
3003,model_6b,0.0959,0.06922187
3004,model_6b,0.1344,0.103486
3005,model_6b,1.116,1.0818706
3006,model_6b,0.0012,-0.0025027767
3007,model_6b,-0.032,-0.032925926
3008,model_6b,0.0125,0.0027257353
3009,model_6b,0.0428,0.050719462
3010,model_6b,-0.0225,0.034053765
3011,model_6b,0.2641,0.26656276
3012,model_6b,0.0665,0.051885292
3013,model_6b,0.812,0.7824961
3014,model_6b,0.4073,0.3961313
3015,model_6b,0.3601,0.27198175
3016,model_6b,0.1684,0.1395607
3017,model_6b,0.0668,0.053654067
3018,model_6b,0.0622,0.056577787
3019,model_6b,0.1732,0.13463205
3020,model_6b,0.6512,0.6250521
3021,model_6b,0.0296,-0.019833066
3022,model_6b,0.4594,0.45960125
3023,model_6b,-0.0529,-0.08628263
3024,model_6b,-0.1511,-0.119376294
3025,model_6b,0.1905,0.23362881
3026,model_6b,0.4529,0.43644226
3027,model_6b,0.065,0.056797117
3028,model_6b,0.0903,0.046024412
3029,model_6b,0.567,0.552801
3030,model_6b,0.1446,0.14527419
3031,model_6b,-0.1101,-0.12753007
3032,model_6b,0.2391,0.23865983
3033,model_6b,0.3111,0.33054358
3034,model_6b,0.3564,0.20052613
3035,model_6b,0.1524,0.23501828
3036,model_6b,0.3037,0.35637864
3037,model_6b,0.2039,0.3462554
3038,model_6b,0.1688,0.16798526
3039,model_6b,0.0667,0.16759086
3040,model_6b,0.065,0.08009102
3041,model_6b,0.4168,0.5171052
3042,model_6b,0.2504,0.26620767
3043,model_6b,0.3378,0.42312738
3044,model_6b,0.2383,0.23093134
3045,model_6b,0.4149,0.43469626
3046,model_6b,0.2233,0.30202267
3047,model_6b,0.1489,0.06001979
3048,model_6b,-0.1265,-0.116195105
3049,model_6b,0.1119,0.058707476
3050,model_6b,0.2301,0.1919893
3051,model_6b,0.4027,0.3352956
3052,model_6b,0.1859,0.1842128
3053,model_6b,0.1359,0.15597206
3054,model_6b,0.2019,0.106103435
3055,model_6b,0.473,0.49926454
3056,model_6b,0.373,0.4432439
3057,model_6b,0.7679,0.7592025
3058,model_6b,0.7296,0.67122555
3059,model_6b,0.525,0.50271606
3060,model_6b,0.0748,0.1162865
3061,model_6b,0.1301,0.094594784
3062,model_6b,0.1936,0.205733
3063,model_6b,0.1093,0.0682257
3064,model_6b,0.1363,0.103681155
3065,model_6b,0.7056,0.70113444
3066,model_6b,0.1997,0.39534655
3067,model_6b,-0.0066,-0.008514807
3068,model_6b,0.2679,0.2810766
3069,model_6b,0.109,0.11780127
3070,model_6b,0.2212,0.20386356
3071,model_6b,0.8021,0.80107224
3072,model_6b,0.3986,0.31822115
3073,model_6b,0.2138,0.17123589
3074,model_6b,0.6021,0.58063006
3075,model_6b,0.0557,0.053320076
3076,model_6b,0.643,0.6353786
3077,model_6b,0.1144,0.075708665
3078,model_6b,0.5098,0.5187955
3079,model_6b,0.0597,0.06961755
3080,model_6b,0.4467,0.4653249
3081,model_6b,0.3538,0.3837873
3082,model_6b,0.253,0.28182435
3083,model_6b,0.4904,0.5116221
3084,model_6b,0.1567,0.38321555
3085,model_6b,0.536,0.55037045
3086,model_6b,0.3107,0.28349707
3087,model_6b,0.3635,0.37703797
3088,model_6b,0.1915,0.46257207
3089,model_6b,0.2688,0.20126143
3090,model_6b,0.4026,0.2575908
3091,model_6b,-0.1449,-0.14615971
3092,model_6b,0.2329,0.25153956
3093,model_6b,0.2307,0.19099317
3094,model_6b,0.1961,0.16476601
3095,model_6b,0.4937,0.5440487
3096,model_6b,0.5188,0.564472
3097,model_6b,0.1087,0.08601689
3098,model_6b,0.2592,0.26719648
3099,model_6b,-1e-04,0.044172157
3100,model_6b,0.5164,0.49656463
3101,model_6b,0.2575,0.26771307
3102,model_6b,0.7767,0.7291529
3103,model_6b,0.2654,0.2077763
3104,model_6b,0.8086,0.7920107
3105,model_6b,0.2012,0.19602911
3106,model_6b,0.4143,0.46014103
3107,model_6b,0.4287,0.41904226
3108,model_6b,0.3068,0.36161694
3109,model_6b,0.1004,0.019965053
3110,model_6b,0.0432,0.064863905
3111,model_6b,0.0026,-0.050155126
3112,model_6b,0.4618,0.5062244
3113,model_6b,-0.0379,0.0058642626
3114,model_6b,0.16,0.13151403
3115,model_6b,0.1129,0.1061686
3116,model_6b,0.0983,0.06402299
3117,model_6b,0.2667,0.28228784
3118,model_6b,0.3638,0.38075748
3119,model_6b,0.188,0.23840424
3120,model_6b,0.0731,0.0771219
3121,model_6b,0.237,0.2531662
3122,model_6b,0.8496,0.7476821
3123,model_6b,0.1039,0.08755258
3124,model_6b,0.077,0.060305566
3125,model_6b,0.1919,0.19250168
3126,model_6b,0.1334,0.10713203
3127,model_6b,0.5913,0.5670336
3128,model_6b,0.2739,0.3244772
3129,model_6b,-0.0012,-0.09083573
3130,model_6b,0.3474,0.37443033
3131,model_6b,0.1156,0.11587703
3132,model_6b,0.181,0.21117875
3133,model_6b,0.3708,0.24331364
3134,model_6b,0.5903,0.65850997
3135,model_6b,0.1406,0.09522013
3136,model_6b,0.052,0.016662218
3137,model_6b,0.4092,0.43651152
3138,model_6b,0.7462,0.74417603
3139,model_6b,0.1965,0.25295514
3140,model_6b,0.134,0.09809154
3141,model_6b,-0.0432,-0.01704096
3142,model_6b,0.7668,0.73051524
3143,model_6b,0.1089,0.080271974
3144,model_6b,0.0966,0.07222196
3145,model_6b,-0.0281,-0.045660637
3146,model_6b,0.2637,0.22764158
3147,model_6b,0.2676,0.2505328
3148,model_6b,0.0641,0.018587217
3149,model_6b,0.3679,0.3954208
3150,model_6b,0.1104,0.12684745
3151,model_6b,0.3658,0.34188098
3152,model_6b,-0.0219,0.035462268
3153,model_6b,0.3275,0.2820449
3154,model_6b,0.1682,0.26901928
3155,model_6b,0.6757,0.64560384
3156,model_6b,0.132,0.12095995
3157,model_6b,0.094,0.15133026
3158,model_6b,0.2696,0.2903903
3159,model_6b,0.8463,0.82969844
3160,model_6b,0.7415,0.70893717
3161,model_6b,0.4011,0.3018956
3162,model_6b,-0.0832,-0.10575459
3163,model_6b,0.5934,0.65394163
3164,model_6b,0.2312,0.18097274
3165,model_6b,0.3181,0.34814116
3166,model_6b,0.2114,0.2534862
3167,model_6b,0.2494,0.23537505
3168,model_6b,0.4243,0.4455954
3169,model_6b,0.1994,0.2001842
3170,model_6b,0.0444,0.05474341
3171,model_6b,-0.0306,0.037423093
3172,model_6b,0.1191,0.0977292
3173,model_6b,-0.0247,-0.036035508
3174,model_6b,0.1284,0.08319446
3175,model_6b,0.0439,0.048716314
3176,model_6b,0.6146,0.63060236
3177,model_6b,-0.1272,-0.15869194
3178,model_6b,0.011,0.0148455575
3179,model_6b,0.1329,0.13273978
3180,model_6b,0.3416,0.26730573
3181,model_6b,0.0102,0.061107967
3182,model_6b,0.2188,0.26132894
3183,model_6b,0.3535,0.34930232
3184,model_6b,0.0208,-0.01246006
3185,model_6b,-0.0226,0.09893441
3186,model_6b,0.4674,0.4620809
3187,model_6b,0.4476,0.48528573
3188,model_6b,0.0496,0.03553859
3189,model_6b,0.0699,0.058911376
3190,model_6b,0.5009,0.4762663
3191,model_6b,0.383,0.40248552
3192,model_6b,0.1534,0.025808088
3193,model_6b,0.0933,0.07423343
3194,model_6b,0.0568,0.0907491
3195,model_6b,0.0991,0.10715911
3196,model_6b,0.0701,0.02331834
3197,model_6b,0.1787,0.2987038
3198,model_6b,0.3846,0.27764812
3199,model_6b,-0.1014,-0.17227247
3200,model_6b,0.5025,0.44681078
3201,model_6b,0.1353,0.1301098
3202,model_6b,0.4225,0.52730197
3203,model_6b,0.096,0.13383673
3204,model_6b,0.1939,0.19299093
3205,model_6b,-0.1599,-0.14894116
3206,model_6b,0.1196,0.093100846
3207,model_6b,-0.0186,-0.063616596
3208,model_6b,0.3634,0.3877552
3209,model_6b,0.2477,0.15027249
3210,model_6b,0.0576,0.08201513
3211,model_6b,0.0585,0.042523284
3212,model_6b,0.2514,0.12849367
3213,model_6b,0.18,0.1733298
3214,model_6b,0.2688,0.2873438
3215,model_6b,0.3999,0.30142713
3216,model_6b,0.3508,0.26694775
3217,model_6b,0.2449,0.22522357
3218,model_6b,0.9078,0.90046966
3219,model_6b,0.3642,0.38491294
3220,model_6b,0.2055,0.18051377
3221,model_6b,0.2434,0.17423865
3222,model_6b,0.0596,0.056373138
3223,model_6b,0.142,0.17135654
3224,model_6b,0.2461,0.24423018
3225,model_6b,0.2262,0.20086366
3226,model_6b,0.2009,0.29972517
3227,model_6b,0.1282,0.087339476
3228,model_6b,0.0832,0.1302676
3229,model_6b,0.1574,0.1890237
3230,model_6b,0.602,0.5761142
3231,model_6b,0.1021,0.101015314
3232,model_6b,0.1541,0.16743878
3233,model_6b,-0.0436,-0.023313701
3234,model_6b,0.0549,0.055587687
3235,model_6b,0.4987,0.46997
3236,model_6b,0.4339,0.39281908
3237,model_6b,0.3403,0.31728166
3238,model_6b,0.1667,0.18279666
3239,model_6b,0.2684,0.2326465
3240,model_6b,0.1164,0.12852001
3241,model_6b,0.8516,0.8364645
3242,model_6b,0.0576,0.06291883
3243,model_6b,0.1006,0.11103064
3244,model_6b,0.16,0.20643094
3245,model_6b,0.1729,0.27084404
3246,model_6b,0.1221,0.11739483
3247,model_6b,-0.0683,-0.09418408
3248,model_6b,0.0299,0.014180914
3249,model_6b,0.072,0.07724682
3250,model_6b,0.327,0.36329505
3251,model_6b,-0.0099,-0.037269153
3252,model_6b,0.5201,0.16714524
3253,model_6b,0.0754,0.06718765
3254,model_6b,0.1612,0.21965179
3255,model_6b,0.2095,0.24445075
3256,model_6b,0.1619,0.17718521
3257,model_6b,0.1429,0.10873984
3258,model_6b,0.7818,0.77037984
3259,model_6b,0.2033,0.12607779
3260,model_6b,0.5158,0.4863505
3261,model_6b,0.442,0.35860068
3262,model_6b,0.2076,0.114396036
3263,model_6b,0.2299,0.09189369
3264,model_6b,-0.1343,-0.05916164
3265,model_6b,0.3973,0.41007802
3266,model_6b,0.3604,0.37661868
3267,model_6b,0.4247,0.42580003
3268,model_6b,0.2449,0.29137513
3269,model_6b,0.2551,0.25152686
3270,model_6b,0.4912,0.3517738
3271,model_6b,0.079,0.07688703
3272,model_6b,-0.0562,-0.057791807
3273,model_6b,0.1278,0.1489732
3274,model_6b,0.0876,0.11924455
3275,model_6b,0.0201,0.024225991
3276,model_6b,0.1311,0.0885693
3277,model_6b,0.1661,0.16573822
3278,model_6b,0.0573,0.071942315
3279,model_6b,-0.0154,-0.06882303
3280,model_6b,-0.1227,-0.11572226
3281,model_6b,0.1431,0.06403479
3282,model_6b,0.1698,0.18585265
3283,model_6b,0.28,0.31009614
3284,model_6b,0.0619,0.04181852
3285,model_6b,0.0299,0.022085868
3286,model_6b,-0.118,-0.10990105
3287,model_6b,-0.1557,-0.16558269
3288,model_6b,0.558,0.5769571
3289,model_6b,0.5502,0.5906024
3290,model_6b,0.2097,0.1735479
3291,model_6b,0.0531,0.12076504
3292,model_6b,-0.138,-0.09434689
3293,model_6b,0.1359,0.12622318
3294,model_6b,0.1406,0.17785397
3295,model_6b,0.0288,-0.009651482
3296,model_6b,0.1586,0.17587607
3297,model_6b,-0.0963,-0.094834305
3298,model_6b,0.2686,0.2650974
3299,model_6b,0.7435,0.7465106
3300,model_6b,-0.0387,-0.007158406
3301,model_6b,0.1107,0.1093198
3302,model_6b,0.8116,0.78954947
3303,model_6b,0.2259,0.17078683
3304,model_6b,0.8793,0.8633529
3305,model_6b,0.0675,0.06972974
3306,model_6b,0.091,0.115664765
3307,model_6b,0.1391,0.096165575
3308,model_6b,0.1889,0.17667757
3309,model_6b,0.0667,0.08894731
3310,model_6b,0.1976,0.2233682
3311,model_6b,0.0444,0.08081289
3312,model_6b,0.1462,0.19934127
3313,model_6b,0.2989,0.27093095
3314,model_6b,0.016,-0.006625466
3315,model_6b,0.152,0.16383019
3316,model_6b,0.0268,0.03570687
3317,model_6b,0.2714,0.10895703
3318,model_6b,0.1718,0.18057957
3319,model_6b,0.0326,-0.0024653152
3320,model_6b,0.1275,0.1439048
3321,model_6b,0.2503,0.31147113
3322,model_6b,0.0235,0.026067
3323,model_6b,0.2183,0.23695719
3324,model_6b,0.4182,0.43474635
3325,model_6b,0.1785,0.16577703
3326,model_6b,0.1968,0.045282453
3327,model_6b,-0.0389,-0.06465181
3328,model_6b,-0.0369,-0.011005141
3329,model_6b,0.1474,0.12402816
3330,model_6b,0.0826,0.101781696
3331,model_6b,0.2632,0.2657456
3332,model_6b,0.6335,0.679517
3333,model_6b,0.4473,0.4057375
3334,model_6b,0.0067,0.20427693
3335,model_6b,0.3347,0.24374261
3336,model_6b,0.1941,0.19582042
3337,model_6b,0.2748,0.24789914
3338,model_6b,0.2408,0.3118836
3339,model_6b,0.1541,0.14100413
3340,model_6b,0.9762,0.95735204
3341,model_6b,0.2449,0.22149265
3342,model_6b,0.3096,0.20629498
3343,model_6b,0.4709,0.48562
3344,model_6b,0.0738,0.04215731
3345,model_6b,0.3729,0.29036075
3346,model_6b,0.2929,0.279436
3347,model_6b,0.2724,0.2147198
3348,model_6b,0.5796,0.55190146
3349,model_6b,-0.0205,-0.025522523
3350,model_6b,0.0404,0.052743476
3351,model_6b,0.2824,0.350919
3352,model_6b,-0.0174,-0.009505324
3353,model_6b,0.6115,0.5874284
3354,model_6b,0.4432,0.37580767
3355,model_6b,0.095,0.07255937
3356,model_6b,-0.0051,0.0057710335
3357,model_6b,-0.0358,-0.045616336
3358,model_6b,0.8023,0.8254143
3359,model_6b,0.4203,0.37254423
3360,model_6b,0.2752,0.2720859
3361,model_6b,0.3164,0.24382594
3362,model_6b,0.3154,0.3010045
3363,model_6b,0.4061,0.3741175
3364,model_6b,0.0607,0.054069977
3365,model_6b,0.1046,0.1136408
3366,model_6b,-0.0606,-0.06663016
3367,model_6b,0.3355,0.3439534
3368,model_6b,0.2311,0.25478348
3369,model_6b,0.2858,0.35133097
3370,model_6b,0.1502,0.1656686
3371,model_6b,0.0859,0.09521414
3372,model_6b,0.0155,-0.025814034
3373,model_6b,0.2385,0.21444875
3374,model_6b,0.099,0.08127693
3375,model_6b,-0.2022,-0.032916233
3376,model_6b,0.1593,0.20165339
3377,model_6b,-0.022,-0.019708805
3378,model_6b,0.0459,0.023312606
3379,model_6b,0.209,0.18359467
3380,model_6b,0.1435,0.09723857
3381,model_6b,0.0837,0.101349376
3382,model_6b,-0.051,-0.046586506
3383,model_6b,0.1602,0.1646455
3384,model_6b,0.773,0.73133063
3385,model_6b,0.2552,0.19401193
3386,model_6b,0.0781,0.08347082
3387,model_6b,0.2485,0.27518803
3388,model_6b,0.3259,0.33574453
3389,model_6b,0.2573,0.28948143
3390,model_6b,0.0783,0.04562806
3391,model_6b,0.0179,0.025900654
3392,model_6b,0.3722,0.28185272
3393,model_6b,-0.0088,-0.02537606
3394,model_6b,0.5566,0.46000373
3395,model_6b,0.1077,0.11821397
3396,model_6b,-0.0944,-0.11342154
3397,model_6b,0.3302,0.3025152
3398,model_6b,0.2083,0.20560549
3399,model_6b,0.105,0.032186083
3400,model_6b,-0.0116,-0.032889754
3401,model_6b,0.2101,0.21428266
3402,model_6b,-0.1705,-0.20387712
3403,model_6b,0.1465,0.1464304
3404,model_6b,0.011,0.05573611
3405,model_6b,0.5119,0.44003627
3406,model_6b,0.1776,0.19845894
3407,model_6b,0.0397,0.030247152
3408,model_6b,0.3828,0.31168786
3409,model_6b,0.3046,0.26640317
3410,model_6b,-0.066,-0.0016135275
3411,model_6b,0.0972,0.07117962
3412,model_6b,0.5548,0.41279304
3413,model_6b,0.5673,0.62312996
3414,model_6b,0.097,0.10996787
3415,model_6b,0.303,0.3014234
3416,model_6b,0.3407,0.372964
3417,model_6b,0.5083,0.50140715
3418,model_6b,0.3753,0.38224068
3419,model_6b,0.0729,0.027723763
3420,model_6b,0.5045,0.5923532
3421,model_6b,0.244,0.25825295
3422,model_6b,0.1226,0.13306388
3423,model_6b,0.0804,0.085589804
3424,model_6b,0.7252,0.7665439
3425,model_6b,0.2695,0.27744946
3426,model_6b,0.2169,0.09060096
3427,model_6b,0.2102,0.25310916
3428,model_6b,0.974,0.9725914
3429,model_6b,0.0688,0.031307403
3430,model_6b,0.1366,0.088292874
3431,model_6b,0.1717,0.18682468
3432,model_6b,0.0191,-0.0018632412
3433,model_6b,0.538,0.5489231
3434,model_6b,0.4075,0.3952718
3435,model_6b,0.1275,0.09355781
3436,model_6b,0.0501,0.04628291
3437,model_6b,0.2563,0.20192277
3438,model_6b,0.9826,0.9101602
3439,model_6b,0.0246,0.01940737
3440,model_6b,-0.0682,-0.024395011
3441,model_6b,-0.0277,-0.030922435
3442,model_6b,0.0376,0.059335757
3443,model_6b,0.1666,0.15379551
3444,model_6b,0.1399,0.12171365
3445,model_6b,1.0274,0.9076448
3446,model_6b,0.1428,0.07255663
3447,model_6b,0.0236,0.032368615
3448,model_6b,0.064,0.053691965
3449,model_6b,0.4233,0.46722987
3450,model_6b,0.6393,0.6366965
3451,model_6b,0.3216,0.2210314
3452,model_6b,-0.0694,-0.08241964
3453,model_6b,0.0635,0.07476855
3454,model_6b,0.2211,0.110373706
3455,model_6b,0.2503,0.35002565
3456,model_6b,0.3391,0.31371406
3457,model_6b,0.0717,0.07790723
3458,model_6b,0.5521,0.5251834
3459,model_6b,0.0696,0.047488347
3460,model_6b,-0.0872,-0.1602433
3461,model_6b,0.0945,0.092822276
3462,model_6b,0.2557,0.17608905
3463,model_6b,0.2183,0.3947135
3464,model_6b,0.3217,0.35142782
3465,model_6b,0.4158,0.42506912
3466,model_6b,0.2957,0.21575877
3467,model_6b,0.2495,0.2941271
3468,model_6b,0.2327,0.2184794
3469,model_6b,0.6501,0.64875597
3470,model_6b,0.1581,0.039702985
3471,model_6b,-0.0835,-0.057998814
3472,model_6b,0.0654,0.0856598
3473,model_6b,0.197,0.18563254
3474,model_6b,0.3412,0.28944424
3475,model_6b,0.1847,0.23442873
3476,model_6b,0.3729,0.41400874
3477,model_6b,0.0323,-0.08303518
3478,model_6b,0.0401,0.039850324
3479,model_6b,0.1231,-0.023286305
3480,model_6b,0.1799,0.14468108
3481,model_6b,0.0995,0.1441031
3482,model_6b,0.2019,0.24163562
3483,model_6b,0.1524,0.17667423
3484,model_6b,0.431,0.43667316
3485,model_6b,0.1017,0.0962614
3486,model_6b,0.7398,0.6496848
3487,model_6b,0.1535,0.15564056
3488,model_6b,0.0207,-0.011542857
3489,model_6b,0.4505,0.41227576
3490,model_6b,0.3056,0.26056263
3491,model_6b,-0.0474,-0.023658209
3492,model_6b,0.1515,0.16051048
3493,model_6b,0.0776,0.08404002
3494,model_6b,0.1822,0.29819643
3495,model_6b,0.0526,0.034218267
3496,model_6b,0.1324,0.014550775
3497,model_6b,0.4235,0.4698381
3498,model_6b,0.0804,0.071449
3499,model_6b,0.4589,0.41069105
3500,model_6b,0.0891,0.05210648
3501,model_6b,0.5389,0.54394
3502,model_6b,0.1798,0.14929943
3503,model_6b,0.4174,0.37789467
3504,model_6b,0.2342,0.22938946
3505,model_6b,0.1806,0.17499512
3506,model_6b,0.276,0.29221094
3507,model_6b,0.1507,0.19273019
3508,model_6b,0.166,0.15996858
3509,model_6b,0.3293,0.3345782
3510,model_6b,0.3523,0.3885333
3511,model_6b,0.2044,0.17646062
3512,model_6b,0.3894,0.4162499
3513,model_6b,0.2867,0.182688
3514,model_6b,0.1079,0.1387923
3515,model_6b,0.5068,0.42156896
3516,model_6b,0.751,0.7543062
3517,model_6b,0.4098,0.46332094
3518,model_6b,0.3285,0.34622538
3519,model_6b,-0.0824,-0.10788863
3520,model_6b,0.3485,0.33174047
3521,model_6b,0.6974,0.744436
3522,model_6b,0.1694,0.16423965
3523,model_6b,-0.3119,0.07713825
3524,model_6b,-0.0031,-0.018354155
3525,model_6b,0.2454,0.232405
3526,model_6b,0.7885,0.7955373
3527,model_6b,0.5902,0.5607812
3528,model_6b,0.5612,0.5119089
3529,model_6b,0.1329,0.05998458
3530,model_6b,0.3072,0.14013174
3531,model_6b,0.7062,0.7212223
3532,model_6b,0.3474,0.41466817
3533,model_6b,0.2665,0.3024041
3534,model_6b,0.4367,0.42677537
3535,model_6b,0.1662,0.18138465
3536,model_6b,0.0353,0.031367242
3537,model_6b,-0.1818,-0.15811613
3538,model_6b,0.3656,0.3590677
3539,model_6b,0.1932,0.124865636
3540,model_6b,0.058,0.06423351
3541,model_6b,0.09,0.06637249
3542,model_6b,0.0503,0.041915968
3543,model_6b,0.4023,0.4944745
3544,model_6b,-0.0064,0.0071636066
3545,model_6b,0.553,0.5781367
3546,model_6b,0.504,0.43402907
3547,model_6b,0.8109,0.74158114
3548,model_6b,0.1264,0.088147745
3549,model_6b,0.1614,0.1750265
3550,model_6b,0.4891,0.40752414
3551,model_6b,0.0395,0.067053095
3552,model_6b,-0.1119,-0.1504974
3553,model_6b,0.1622,0.17466074
3554,model_6b,0.5764,0.5360369
3555,model_6b,-0.0684,0.036398955
3556,model_6b,0.1454,0.15980053
3557,model_6b,0.0799,0.09798252
3558,model_6b,0.2497,0.2316556
3559,model_6b,0.1818,0.2024183
3560,model_6b,0.284,0.2368027
3561,model_6b,-0.1644,-0.2082265
3562,model_6b,0.1897,0.1860885
3563,model_6b,0.3775,0.37997445
3564,model_6b,0.1648,0.27030113
3565,model_6b,0.7259,0.7007872
3566,model_6b,0.1479,0.14978814
3567,model_6b,0.5309,0.5031476
3568,model_6b,0.1578,0.044350866
3569,model_6b,0.3226,0.31578875
3570,model_6b,0.268,0.2225652
3571,model_6b,0.1174,0.05263441
3572,model_6b,0.2919,0.26754105
3573,model_6b,0.0138,0.040967382
3574,model_6b,0.3971,0.34354916
3575,model_6b,0.2218,0.23776722
3576,model_6b,0.138,0.090651095
3577,model_6b,0.5182,0.5437642
3578,model_6b,0.2542,0.26022944
3579,model_6b,0.1709,0.20440084
3580,model_6b,0.6848,0.63960534
3581,model_6b,0.141,0.19082692
3582,model_6b,0.2384,0.14800973
3583,model_6b,0.2414,0.22747055
3584,model_6b,0.36,0.4277053
3585,model_6b,-0.0427,-0.020613484
3586,model_6b,0.07,0.105317205
3587,model_6b,0.3388,0.3749366
3588,model_6b,0.1658,0.0965281
3589,model_6b,0.0475,0.058428314
3590,model_6b,0.5908,0.6312377
3591,model_6b,-0.1709,-0.14860982
3592,model_6b,0.1691,0.18069221
3593,model_6b,0.1656,0.21550933
3594,model_6b,0.1224,0.14816454
3595,model_6b,0.1994,0.22678655
3596,model_6b,0.1669,0.15211016
3597,model_6b,-0.0821,-0.089180745
3598,model_6b,0.6186,0.5609403
3599,model_6b,0.0179,0.02925444
3600,model_6b,0.1375,0.13762861
3601,model_6b,0.5903,0.5748749
3602,model_6b,0.3467,0.36436775
3603,model_6b,-0.0263,0.03841739
3604,model_6b,0.4109,0.4123592
3605,model_6b,0.6916,0.6562081
3606,model_6b,0.416,0.41457346
3607,model_6b,0.3132,0.45661077
3608,model_6b,-0.0458,-0.04283423
3609,model_6b,0.4565,0.33177635
3610,model_6b,0.0065,0.001581654
3611,model_6b,0.0602,0.039798398
3612,model_6b,0.1123,0.11226594
3613,model_6b,0.4229,0.4212583
3614,model_6b,0.0637,0.053286105
3615,model_6b,0.4661,0.4612091
3616,model_6b,0.1544,0.14399867
3617,model_6b,0.2668,0.26881996
3618,model_6b,0.078,0.104684114
3619,model_6b,0.5381,0.5192883
3620,model_6b,0.2018,0.24006277
3621,model_6b,0.419,0.37988052
3622,model_6b,0.7334,0.72208416
3623,model_6b,0.2755,0.24957785
3624,model_6b,0.2632,0.27233404
3625,model_6b,0.1449,0.06589954
3626,model_6b,0.0531,0.11105653
3627,model_6b,0.3051,0.3942112
3628,model_6b,0.2991,0.43070135
3629,model_6b,-0.0328,-0.025416978
3630,model_6b,0.1456,0.18002628
3631,model_6b,0.9045,0.910342
3632,model_6b,0.046,0.083937414
3633,model_6b,0.3297,0.3191605
3634,model_6b,0.0507,0.051823243
3635,model_6b,0.1903,0.20304625
3636,model_6b,0.305,0.3438561
3637,model_6b,0.2131,0.20154196
3638,model_6b,0.9545,0.96142507
3639,model_6b,0.2816,0.32219976
3640,model_6b,0.2306,0.24377644
3641,model_6b,0.3441,0.29784808
3642,model_6b,0.2367,0.05919515
3643,model_6b,0.2614,0.19670093
3644,model_6b,0.1789,0.12718406
3645,model_6b,0.2887,0.32635692
3646,model_6b,-0.0046,-0.00015630573
3647,model_6b,0.0095,0.021668166
3648,model_6b,0.4523,0.4784773
3649,model_6b,0.3158,0.27221158
3650,model_6b,0.0769,0.09942053
3651,model_6b,0.169,0.27246475
3652,model_6b,0.0997,0.10368504
3653,model_6b,0.0174,0.069772676
3654,model_6b,0.3583,0.42698827
3655,model_6b,0.0927,0.074064545
3656,model_6b,0.4224,0.39118555
3657,model_6b,0.0782,0.0818725
3658,model_6b,-0.0229,-0.021107055
3659,model_6b,0.0466,0.06999011
3660,model_6b,0.5079,0.503426
3661,model_6b,0.1812,0.1371803
3662,model_6b,0.3764,0.3689933
3663,model_6b,0.3031,0.34867057
3664,model_6b,0.4124,0.4596434
3665,model_6b,0.0257,0.030235667
3666,model_6b,0.2553,0.24595082
3667,model_6b,0.7995,0.7932203
3668,model_6b,-0.0158,-0.0662813
3669,model_6b,0.2759,0.34669414
3670,model_6b,0.0193,-0.020799108
3671,model_6b,0.0859,-0.011159793
3672,model_6b,0.0331,0.03836607
3673,model_6b,-0.0519,-0.024349265
3674,model_6b,0.8559,0.8329761
3675,model_6b,0.1119,0.12165508
3676,model_6b,0.2068,0.16810243
3677,model_6b,0.2854,0.18052687
3678,model_6b,0.3019,0.3035273
3679,model_6b,0.5524,0.5619976
3680,model_6b,0.0293,0.030652761
3681,model_6b,0.2448,0.25352132
3682,model_6b,0.2051,0.2790385
3683,model_6b,0.3151,0.3330093
3684,model_6b,-0.0376,0.03086818
3685,model_6b,0.3825,0.47952217
3686,model_6b,0.0664,0.33059624
3687,model_6b,0.4325,0.3290704
3688,model_6b,0.6083,0.5842003
3689,model_6b,0.1179,0.11989404
3690,model_6b,0.5172,0.5029402
3691,model_6b,0.2364,0.16775736
3692,model_6b,0.2215,0.23230776
3693,model_6b,0.4638,0.46478537
3694,model_6b,0.7501,0.74378884
3695,model_6b,-0.0333,-0.026883207
3696,model_6b,0.4086,0.38279215
3697,model_6b,0.4016,0.43549487
3698,model_6b,0.1283,0.13086762
3699,model_6b,0.3067,0.3148085
3700,model_6b,0.286,0.29357263
3701,model_6b,0.1674,0.09985313
3702,model_6b,0.1877,0.21248493
3703,model_6b,-0.1442,-0.1368683
3704,model_6b,0.3073,0.2504549
3705,model_6b,0.1844,0.13932085
3706,model_6b,0.2551,0.27131993
3707,model_6b,-0.0947,-0.15740046
3708,model_6b,0.1855,0.21644211
3709,model_6b,-0.0191,-0.077233754
3710,model_6b,0.4872,0.46065482
3711,model_6b,0.1302,0.11246389
3712,model_6b,0.0342,0.044728473
3713,model_6b,0.3516,0.16862404
3714,model_6b,0.2912,0.2909934
3715,model_6b,0.0398,0.04085731
3716,model_6b,0.0433,0.07020366
3717,model_6b,0.1345,0.10599168
3718,model_6b,0.2355,0.23559898
3719,model_6b,0.5646,0.56091213
3720,model_6b,0.3734,0.359059
3721,model_6b,-0.1017,-0.05308356
3722,model_6b,0.1619,0.20426643
3723,model_6b,0.4155,0.3621643
3724,model_6b,-0.1369,-0.09975297
3725,model_6b,-0.1773,-0.104709454
3726,model_6b,0.256,0.16364142
3727,model_6b,0.2411,0.29331785
3728,model_6b,0.1399,0.15743938
3729,model_6b,0.3377,0.3492141
3730,model_6b,0.4026,0.45552963
3731,model_6b,0.1185,0.101601675
3732,model_6b,0.0412,0.060471103
3733,model_6b,0.4743,0.48824438
3734,model_6b,-0.0943,-0.1492764
3735,model_6b,0.5602,0.5257292
3736,model_6b,0.6414,0.58302724
3737,model_6b,0.025,0.034688085
3738,model_6b,0.4345,0.44028553
3739,model_6b,0.2413,0.26258466
3740,model_6b,0.1842,0.10786685
3741,model_6b,0.1482,0.13583508
3742,model_6b,0.2116,0.21179649
3743,model_6b,0.1809,0.18421108
3744,model_6b,0.0008,0.015020125
3745,model_6b,0.2981,0.33161724
3746,model_6b,0.2653,0.26828453
3747,model_6b,0.2644,0.30319273
3748,model_6b,-0.1238,-0.10903264
3749,model_6b,0.5212,0.51839787
3750,model_6b,0.1893,0.22845605
3751,model_6b,0.1744,0.25844625
3752,model_6b,0.1177,0.19797328
3753,model_6b,0.0587,0.022955626
3754,model_6b,1.0595,1.0397477
3755,model_6b,0.6588,0.62336814
3756,model_6b,0.1134,0.10721135
3757,model_6b,0.1998,0.24158195
3758,model_6b,0.3285,0.28590325
3759,model_6b,0.1102,0.10691552
3760,model_6b,0.4175,0.37475875
3761,model_6b,0.251,0.3160621
3762,model_6b,0.0609,0.08079752
3763,model_6b,0.1804,0.20602512
3764,model_6b,0.106,0.09451224
3765,model_6b,0.1712,0.16966298
3766,model_6b,0.187,0.19981354
3767,model_6b,0.0654,0.044800125
3768,model_6b,0.3935,0.4964604
3769,model_6b,0.0958,0.10707992
3770,model_6b,0.0533,0.055156205
3771,model_6b,0.0653,0.057987645
3772,model_6b,0.3742,0.36734918
3773,model_6b,1.0304,0.9957367
3774,model_6b,0.1741,0.11716997
3775,model_6b,0.5572,0.472786
3776,model_6b,0.2254,0.2228255
3777,model_6b,-0.0512,-0.023001932
3778,model_6b,-0.2296,-0.22900444
3779,model_6b,0.4832,0.3998719
3780,model_6b,-0.1329,-0.13126457
3781,model_6b,0.4785,0.47906867
3782,model_6b,0.3743,0.37807715
3783,model_6b,-0.0072,-0.009487145
3784,model_6b,0.1332,0.14783391
3785,model_6b,0.3787,0.41081354
3786,model_6b,0.3253,0.3420649
3787,model_6b,0.2476,0.21787503
3788,model_6b,-0.0354,-0.007807277
3789,model_6b,0.32,0.3308772
3790,model_6b,0.1484,0.15644607
3791,model_6b,-0.0343,-0.0505907
3792,model_6b,0.277,0.2723172
3793,model_6b,0.2425,0.283641
3794,model_6b,-0.0985,-0.15130812
3795,model_6b,0.2451,0.22141531
3796,model_6b,0.134,0.15446231
3797,model_6b,0.074,0.053713806
3798,model_6b,0.0589,0.067095816
3799,model_6b,0.1314,0.2005085
3800,model_6b,0.0602,0.07126266
3801,model_6b,0.3729,0.40365294
3802,model_6b,0.253,0.26840606
3803,model_6b,0.219,0.16223367
3804,model_6b,0.0739,0.06764227
3805,model_6b,0.1459,0.1065104
3806,model_6b,0.1405,0.06509745
3807,model_6b,0.7486,0.7275928
3808,model_6b,0.1717,0.20540027
3809,model_6b,0.1838,0.14895663
3810,model_6b,0.2001,0.16980244
3811,model_6b,0.7292,0.71932095
3812,model_6b,0.3412,0.16516516
3813,model_6b,-0.0155,-0.04517501
3814,model_6b,1.1252,1.1445621
3815,model_6b,0.0705,0.08559911
3816,model_6b,0.0418,0.05801906
3817,model_6b,-0.1063,-0.062320136
3818,model_6b,0.2312,0.20857468
3819,model_6b,0.7003,0.65071666
3820,model_6b,0.1056,0.108961955
3821,model_6b,0.3689,0.36673495
3822,model_6b,-0.1143,-0.115757085
3823,model_6b,0.1096,0.12759954
3824,model_6b,0.0644,0.060163617
3825,model_6b,0.6392,0.6548578
3826,model_6b,0.0918,0.050258026
3827,model_6b,0.0655,0.03977036
3828,model_6b,0.3044,0.34218794
3829,model_6b,0.3341,0.33066493
3830,model_6b,0.0544,0.052055985
3831,model_6b,0.3984,0.35681352
3832,model_6b,0.0921,-0.015051439
3833,model_6b,0.6543,0.6761489
3834,model_6b,0.4395,0.42535642
3835,model_6b,0.0618,-0.039986603
3836,model_6b,0.2641,0.2994041
3837,model_6b,0.1596,0.1556237
3838,model_6b,0.4902,0.44559318
3839,model_6b,0.4631,0.48940966
3840,model_6b,0.3601,0.3730285
3841,model_6b,0.0105,0.006157331
3842,model_6b,0.0005,0.018998407
3843,model_6b,-0.1412,-0.13566974
3844,model_6b,0.1391,0.1280965
3845,model_6b,0.0419,0.0473357
3846,model_6b,0.1369,0.109794386
3847,model_6b,0.2581,0.2582287
3848,model_6b,0.1817,0.17679468
3849,model_6b,0.2312,0.18440518
3850,model_6b,0.2055,0.2572467
3851,model_6b,0.1994,0.27774623
3852,model_6b,0.5643,0.56086606
3853,model_6b,0.4813,0.4538477
3854,model_6b,0.0856,0.070289955
3855,model_6b,0.1119,0.10707217
3856,model_6b,-0.011,-0.043741785
3857,model_6b,0.6037,0.6333321
3858,model_6b,0.1687,0.12908933
3859,model_6b,0.2807,0.2812505
3860,model_6b,0.3666,0.36677268
3861,model_6b,0.3727,0.29525283
3862,model_6b,0.9155,0.9054532
3863,model_6b,0.3328,0.33998758
3864,model_6b,-0.0481,-0.019244
3865,model_6b,0.0562,0.06677084
3866,model_6b,0.3227,0.28823826
3867,model_6b,0.3441,0.30824384
3868,model_6b,0.109,0.104040466
3869,model_6b,0.1845,0.1893352
3870,model_6b,0.8216,0.80315375
3871,model_6b,0.192,0.12050932
3872,model_6b,0.1581,0.14549051
3873,model_6b,0.0141,0.19851993
3874,model_6b,0.2245,0.23728162
3875,model_6b,0.1141,0.13478534
3876,model_6b,0.6332,0.60000724
3877,model_6b,0.3853,0.2943498
3878,model_6b,0.3859,0.36997533
3879,model_6b,0.0067,0.011024624
3880,model_6b,0.1439,0.12566319
3881,model_6b,0.1776,0.18563381
3882,model_6b,0.5041,0.48480505
3883,model_6b,0.0134,0.058629833
3884,model_6b,0.2035,0.1406121
3885,model_6b,0.2006,0.27782568
3886,model_6b,0.2101,0.25952476
3887,model_6b,0.2382,0.27780098
3888,model_6b,0.4777,0.46020678
3889,model_6b,0.612,0.5591379
3890,model_6b,0.2098,0.23531395
3891,model_6b,0.0809,0.0600195
3892,model_6b,0.0901,0.10123913
3893,model_6b,0.1981,0.1795156
3894,model_6b,0.174,0.17016914
3895,model_6b,0.3087,0.27215397
3896,model_6b,-0.0632,-0.08029195
3897,model_6b,0.3858,0.40665475
3898,model_6b,0.0589,0.033424683
3899,model_6b,0.3656,0.30345896
3900,model_6b,0.2931,0.25715023
3901,model_6b,0.2546,0.21537337
3902,model_6b,0.1835,0.20239803
3903,model_6b,-0.0613,0.013693266
3904,model_6b,0.1331,0.14149146
3905,model_6b,0.3016,0.26665843
3906,model_6b,0.2408,0.22496626
3907,model_6b,0.275,0.26757595
3908,model_6b,0.616,0.59846973
3909,model_6b,0.6724,0.63858014
3910,model_6b,0.1178,0.13874891
3911,model_6b,0.1716,0.33845732
3912,model_6b,0.6781,0.7453249
3913,model_6b,0.1301,0.128466
3914,model_6b,0.4894,0.5080141
3915,model_6b,0.3506,0.33332467
3916,model_6b,0.3536,0.34956747
3917,model_6b,0.3403,0.35327956
3918,model_6b,0.5063,0.4658366
3919,model_6b,0.4601,0.48741612
3920,model_6b,0.0225,0.021765612
3921,model_6b,0.792,0.77251375
3922,model_6b,0.7097,0.71739054
3923,model_6b,0.3095,0.2952784
3924,model_6b,0.3484,0.27244598
3925,model_6b,0.2324,0.20601135
3926,model_6b,0.2337,0.14153981
3927,model_6b,0.1111,0.120012045
3928,model_6b,0.2707,0.31632206
3929,model_6b,0.1897,0.14565572
3930,model_6b,0.8078,0.8023748
3931,model_6b,0.086,0.048523404
3932,model_6b,0.5331,0.53837574
3933,model_6b,-0.0477,-0.043536507
3934,model_6b,0.215,0.17442021
3935,model_6b,0.0252,0.03277675
3936,model_6b,0.2596,0.30107766
3937,model_6b,-0.1229,0.1070461
3938,model_6b,0.2592,0.23774529
3939,model_6b,0.4042,0.45932436
3940,model_6b,0.498,0.45276716
3941,model_6b,0.2869,0.3192704
3942,model_6b,0.9065,0.8692563
3943,model_6b,0.0242,0.04646044
3944,model_6b,0.2392,0.13605735
3945,model_6b,0.2679,0.27018708
3946,model_6b,0.0129,-0.020272307
3947,model_6b,0.3067,0.26913726
3948,model_6b,0.3272,0.3059287
3949,model_6b,0.2139,0.21675786
3950,model_6b,0.2653,0.2081766
3951,model_6b,0.0787,0.07961356
3952,model_6b,0.4143,0.42443857
3953,model_6b,0.1181,0.22950956
3954,model_6b,-0.0286,-0.034743108
3955,model_6b,-0.0295,-0.03787391
3956,model_6b,0.4011,0.4384344
3957,model_6b,0.3036,0.35331655
3958,model_6b,0.5759,0.5685786
3959,model_6b,0.0457,0.047285747
3960,model_6b,0.1588,0.1605724
3961,model_6b,0.4304,0.4526302
3962,model_6b,0.1268,0.18008807
3963,model_6b,0.3052,0.30605495
3964,model_6b,0.1262,0.12450024
3965,model_6b,0.0774,0.008712269
3966,model_6b,0.1436,0.11823234
3967,model_6b,0.0964,0.088099025
3968,model_6b,0.1654,0.1743227
3969,model_6b,0.0685,0.19194214
3970,model_6b,-0.0696,-0.08063898
3971,model_6b,0.4064,0.40156454
3972,model_6b,0.1709,0.25248864
3973,model_6b,0.5629,0.51739854
3974,model_6b,0.0048,0.018371232
3975,model_6b,0.4967,0.4169084
3976,model_6b,0.1974,0.1878873
3977,model_6b,0.1781,0.15965886
3978,model_6b,0.2431,0.3897483
3979,model_6b,0.536,0.46096483
3980,model_6b,0.4795,0.46133402
3981,model_6b,0.3696,0.35283938
3982,model_6b,0.3802,0.38622314
3983,model_6b,-0.0416,-0.052332245
3984,model_6b,0.2533,0.09812623
3985,model_6b,0.0302,0.05792111
3986,model_6b,0.619,0.64425814
3987,model_6b,0.3451,0.34099224
3988,model_6b,0.3273,0.23918402
3989,model_6b,0.0885,0.05156528
3990,model_6b,0.2026,0.18032262
3991,model_6b,-0.1207,-0.1101773
3992,model_6b,0.1663,0.25996608
3993,model_6b,0.0246,0.038825184
3994,model_6b,0.5322,0.45965162
3995,model_6b,-0.026,-0.02781383
3996,model_6b,0.249,0.33455336
3997,model_6b,0.2708,0.22556427
3998,model_6b,0.0096,0.020406269
3999,model_6b,0.3603,0.34937993
4000,model_6b,0.0613,0.058316763
4001,model_6b,0.0927,0.10266568
4002,model_6b,0.0623,0.06288134
4003,model_6b,0.3399,0.3891215
4004,model_6b,0.2349,0.19203308
4005,model_6b,-0.1054,-0.03732773
4006,model_6b,0.1305,0.16393878
4007,model_6b,0.4299,0.41337273
4008,model_6b,0.1967,0.23088834
4009,model_6b,0.1221,0.14518031
4010,model_6b,-0.0196,-0.05194866
4011,model_6b,0.3235,0.4131892
4012,model_6b,0.1107,0.1500313
4013,model_6b,-0.0428,0.15278754
4014,model_6b,0.2556,0.31236604
4015,model_6b,-0.0811,0.002334796
4016,model_6b,0.0188,0.02734536
4017,model_6b,0.1388,0.15102968
4018,model_6b,0.2929,0.30840394
4019,model_6b,-0.1993,-0.19228777
4020,model_6b,-0.0737,-0.0015293881
4021,model_6b,0.2381,0.23806322
4022,model_6b,0.321,0.2709432
4023,model_6b,0.0623,0.07569446
4024,model_6b,0.0993,0.120394774
4025,model_6b,0.3033,0.27922803
4026,model_6b,0.3624,0.4863194
4027,model_6b,-0.1902,-0.18556422
4028,model_6b,0.1821,0.23063552
4029,model_6b,0.1224,0.12812209
4030,model_6b,0.6434,0.65082467
4031,model_6b,0.0816,0.11677682
4032,model_6b,0.2563,0.27653077
4033,model_6b,-0.0809,-0.09764115
4034,model_6b,0.1272,0.06621249
4035,model_6b,0.761,0.69414127
4036,model_6b,0.9782,0.92963237
4037,model_6b,0.7346,0.73492193
4038,model_6b,-0.2718,-0.21415773
4039,model_6b,0.099,0.0980386
4040,model_6b,0.1593,0.15592226
4041,model_6b,0.8308,0.8154503
4042,model_6b,0.2463,0.23512155
4043,model_6b,-0.1469,-0.101017304
4044,model_6b,0.0716,0.0690882
4045,model_6b,0.2307,0.21754345
4046,model_6b,0.2786,0.27700332
4047,model_6b,0.1573,0.15307546
4048,model_6b,-0.1255,-0.114416726
4049,model_6b,0.083,0.06334746
4050,model_6b,0.6141,0.64682186
4051,model_6b,0.272,0.30632952
4052,model_6b,0.3738,0.41360667
4053,model_6b,0.0771,0.08394427
4054,model_6b,-0.1552,-0.16803023
4055,model_6b,0.0225,-0.014645718
4056,model_6b,0.1476,0.19048563
4057,model_6b,0.2274,0.22584862
4058,model_6b,0.2079,0.03928728
4059,model_6b,0.2457,0.24042156
4060,model_6b,0.2735,0.29693156
4061,model_6b,0.1978,0.107754886
4062,model_6b,0.08,0.08035231
4063,model_6b,-0.0209,0.012845121
4064,model_6b,0.2118,-0.022082634
4065,model_6b,0.3023,0.21330905
4066,model_6b,0.2539,0.2803326
4067,model_6b,0.0707,0.07652345
4068,model_6b,0.136,0.09495855
4069,model_6b,0.1599,0.17556636
4070,model_6b,0.6111,0.55072725
4071,model_6b,0.3944,0.46972772
4072,model_6b,0.0551,0.05733621
4073,model_6b,0.4049,0.40007633
4074,model_6b,0.2101,0.10341599
4075,model_6b,0.4686,0.4084379
4076,model_6b,-0.0418,0.0458643
4077,model_6b,0.0298,0.0140822455
4078,model_6b,-0.0136,-0.019769892
4079,model_6b,0.1846,0.20524846
4080,model_6b,0.0284,0.059624273
4081,model_6b,0.1338,0.10544218
4082,model_6b,0.1026,0.11715533
4083,model_6b,0.8321,0.8156535
4084,model_6b,0.2663,0.17490894
4085,model_6b,0.4497,0.45630854
4086,model_6b,0.4376,0.4418322
4087,model_6b,0.0306,0.018909462
4088,model_6b,0.0394,0.037215386
4089,model_6b,-0.203,-0.19072142
4090,model_6b,0.2541,0.24095455
4091,model_6b,0.1894,0.19036183
4092,model_6b,0.0872,0.0922757
4093,model_6b,0.4771,0.5040835
4094,model_6b,0.0681,0.032278955
4095,model_6b,-0.0103,-0.03968075
4096,model_6b,0.1096,0.091324426
4097,model_6b,0.2077,0.10558216
4098,model_6b,0.154,0.1296206
4099,model_6b,0.2812,0.2850067
4100,model_6b,0.5548,0.56356674
4101,model_6b,0.1924,0.15820725
4102,model_6b,-0.0031,-0.06034594
4103,model_6b,-0.0004,-0.030943908
4104,model_6b,0.1871,0.17308676
4105,model_6b,0.1293,0.111638606
4106,model_6b,0.6502,0.6546908
4107,model_6b,0.9013,0.9079197
4108,model_6b,-0.0305,-0.063589714
4109,model_6b,0.319,0.32364637
4110,model_6b,-0.1308,-0.16178605
4111,model_6b,0.5404,0.6062422
4112,model_6b,-0.0398,-0.06362768
4113,model_6b,0.2239,0.23202264
4114,model_6b,0.2115,0.2472423
4115,model_6b,0.1766,0.10842108
4116,model_6b,0.1843,0.19178262
4117,model_6b,0.0917,0.08238672
4118,model_6b,0.1568,0.20868918
4119,model_6b,0.4647,0.35147622
4120,model_6b,0.4308,0.46601906
4121,model_6b,0.2275,0.16446102
4122,model_6b,0.4214,0.40640736
4123,model_6b,0.2582,0.3537386
4124,model_6b,0.1072,0.06258557
4125,model_6b,0.3005,0.27847415
4126,model_6b,0.1624,0.15988854
4127,model_6b,0.1631,0.15077503
4128,model_6b,0.1303,0.12205711
4129,model_6b,0.1131,0.1805267
4130,model_6b,0.3484,0.37541172
4131,model_6b,0.4595,0.44914064
4132,model_6b,0.2166,0.22809258
4133,model_6b,0.0623,0.12233221
4134,model_6b,0.065,0.05191558
4135,model_6b,0.1526,0.15435576
4136,model_6b,0.0158,-0.02167698
4137,model_6b,0.0356,0.033944428
4138,model_6b,0.059,0.110655874
4139,model_6b,0.0938,0.10040226
4140,model_6b,0.9534,0.9376858
4141,model_6b,0.1901,0.21268335
4142,model_6b,0.5813,0.5383648
4143,model_6b,0.1318,0.12595405
4144,model_6b,-0.1775,-0.1675393
4145,model_6b,0.1606,0.21191823
4146,model_6b,0.0563,0.078910574
4147,model_6b,0.1307,0.17351672
4148,model_6b,0.2226,0.17772415
4149,model_6b,0.7866,0.7723263
4150,model_6b,0.2205,0.1622307
4151,model_6b,0.4451,0.43728462
4152,model_6b,0.156,0.18817231
4153,model_6b,-0.1083,-0.08369809
4154,model_6b,0.0564,0.19820577
4155,model_6b,0.4211,0.4101012
4156,model_6b,0.146,0.13896209
4157,model_6b,-0.0181,-0.037945963
4158,model_6b,0.5689,0.5689237
4159,model_6b,0.2777,0.23070234
4160,model_6b,0.1707,0.1658875
4161,model_6b,0.1485,0.13380916
4162,model_6b,0.2455,0.18381774
4163,model_6b,-0.0107,0.012337424
4164,model_6b,-0.0609,-0.054012634
4165,model_6b,0.4845,0.49442607
4166,model_6b,-0.0678,-0.10156981
4167,model_6b,0.149,0.108888954
4168,model_6b,0.2615,0.26814833
4169,model_6b,0.4463,0.4387981
4170,model_6b,-0.1842,-0.188606
4171,model_6b,-0.0281,-0.03907057
4172,model_6b,0.0583,0.06998779
4173,model_6b,0.9045,0.8894061
4174,model_6b,0.4643,0.4895304
4175,model_6b,0.3083,0.30493298
4176,model_6b,0.3324,0.37480322
4177,model_6b,0.72,0.70664054
4178,model_6b,0.6579,0.6480671
4179,model_6b,0.1855,0.18257564
4180,model_6b,0.2354,0.20486167
4181,model_6b,0.3258,0.2983569
4182,model_6b,0.0164,-0.029166803
4183,model_6b,1.0375,0.79050004
4184,model_6b,0.316,0.2894188
4185,model_6b,-0.0123,-0.035055436
4186,model_6b,0.15,0.14944674
4187,model_6b,0.3945,0.37005612
4188,model_6b,0.0588,0.088215776
4189,model_6b,0.703,0.672176
4190,model_6b,0.7689,0.7245233
4191,model_6b,0.0864,0.10905099
4192,model_6b,0.1213,0.1270369
4193,model_6b,0.0583,-0.033907436
4194,model_6b,0.1236,0.22227842
4195,model_6b,0.1675,0.20698896
4196,model_6b,0.1384,0.24931818
4197,model_6b,0.0729,0.082057536
4198,model_6b,0.3622,0.34933823
4199,model_6b,0.0907,0.1520851
4200,model_6b,0.8115,0.8337962
4201,model_6b,-0.094,0.04088522
4202,model_6b,0.2585,0.2620486
4203,model_6b,0.1499,0.14255065
4204,model_6b,0.1691,0.16250506
4205,model_6b,0.662,0.66612995
4206,model_6b,-0.0127,-0.025047705
4207,model_6b,0.6682,0.649644
4208,model_6b,0.099,0.104680926
4209,model_6b,0.3809,0.3973459
4210,model_6b,0.5435,0.55540246
4211,model_6b,-0.0243,-0.019612342
4212,model_6b,-0.0053,0.027461067
4213,model_6b,0.3056,0.28629032
4214,model_6b,0.0373,-0.0071796402
4215,model_6b,0.8759,0.8789898
4216,model_6b,0.2478,0.23934603
4217,model_6b,0.2162,0.19081533
4218,model_6b,0.0773,0.0915404
4219,model_6b,0.3395,0.37412605
4220,model_6b,0.9355,0.9198965
4221,model_6b,0.613,0.63200164
4222,model_6b,-0.1075,-0.03419826
4223,model_6b,0.0822,0.093942836
4224,model_6b,0.0108,-0.05843503
4225,model_6b,0.259,0.27719018
4226,model_6b,0.5039,0.34653765
4227,model_6b,0.3222,0.305313
4228,model_6b,0.0214,0.04517687
4229,model_6b,0.0952,0.09457055
4230,model_6b,0.081,0.07432586
4231,model_6b,-0.0042,-0.014306821
4232,model_6b,0.4702,0.4920616
4233,model_6b,0.554,0.51177543
4234,model_6b,-0.0034,0.0066517815
4235,model_6b,-0.0684,-0.074772574
4236,model_6b,0.39,0.40301692
4237,model_6b,0.2728,0.27467567
4238,model_6b,0.0363,0.055478536
4239,model_6b,0.1011,0.13413277
4240,model_6b,0.7641,0.7571025
4241,model_6b,0.0253,0.011593543
4242,model_6b,0.9953,0.98079884
4243,model_6b,0.0248,0.05474426
4244,model_6b,0.8611,0.83937806
4245,model_6b,0.0561,0.048373535
4246,model_6b,-0.0583,-0.03322778
4247,model_6b,0.2976,0.30048165
4248,model_6b,0.4372,0.49937147
4249,model_6b,0.3029,0.24009898
4250,model_6b,-0.0356,-0.04651005
4251,model_6b,0.1042,0.11184281
4252,model_6b,0.0965,0.08270317
4253,model_6b,0.4579,0.4511378
4254,model_6b,0.2938,0.31587484
4255,model_6b,0.2888,0.29378876
4256,model_6b,0.171,0.29152504
4257,model_6b,0.119,0.10833311
4258,model_6b,0.0013,0.008323781
4259,model_6b,0.2895,0.30338416
4260,model_6b,0.1301,0.09791331
4261,model_6b,0.2691,0.22118104
4262,model_6b,-0.0018,0.06981132
4263,model_6b,-0.0533,-0.019026041
4264,model_6b,-0.0197,-0.031354018
4265,model_6b,-0.1484,-0.1628733
4266,model_6b,0.1951,0.2320764
4267,model_6b,0.4055,0.36465445
4268,model_6b,0.1106,0.090683565
4269,model_6b,0.0583,0.05247254
4270,model_6b,0.3938,0.37725475
4271,model_6b,0.3675,0.33112103
4272,model_6b,0.226,0.1983417
4273,model_6b,0.1813,0.1589584
4274,model_6b,0.3399,0.25999838
4275,model_6b,0.5554,0.6003067
4276,model_6b,0.3334,0.3336755
4277,model_6b,0.188,0.1521966
4278,model_6b,0.4514,0.4655077
4279,model_6b,0.7766,0.71858406
4280,model_6b,0.014,0.02422864
4281,model_6b,0.5141,0.5265363
4282,model_6b,0.6249,0.61266637
4283,model_6b,-0.0204,0.063529655
4284,model_6b,-0.0292,-0.022193663
4285,model_6b,-0.0013,-0.024003245
4286,model_6b,0.521,0.5653235
4287,model_6b,0.0204,0.055434138
4288,model_6b,0.1793,0.26010293
4289,model_6b,0.1437,0.14409287
4290,model_6b,0.3305,0.27713874
4291,model_6b,0.2216,0.27232274
4292,model_6b,0.143,0.15535267
4293,model_6b,0.1599,0.15848121
4294,model_6b,0.4018,0.12866929
4295,model_6b,0.3214,0.29894948
4296,model_6b,-0.0285,0.100605994
4297,model_6b,0.4932,0.50849384
4298,model_6b,0.0513,0.061753046
4299,model_6b,0.2945,0.3073775
4300,model_6b,0.5139,0.515482
4301,model_6b,0.0032,-0.010495
4302,model_6b,-0.0776,0.0055430606
4303,model_6b,0.7907,0.765966
4304,model_6b,0.0768,0.076241925
4305,model_6b,0.3617,0.38796514
4306,model_6b,-0.0198,-0.029065453
4307,model_6b,0.6612,0.66513854
4308,model_6b,0.1361,0.05451276
4309,model_6b,0.5632,0.5677284
4310,model_6b,0.9331,0.9231936
4311,model_6b,0.0125,-0.15044728
4312,model_6b,0.0072,0.00043339282
4313,model_6b,0.7001,0.742188
4314,model_6b,0.034,0.048513062
4315,model_6b,0.4225,0.41304246
4316,model_6b,0.1126,0.14012955
4317,model_6b,0.0721,0.0035272166
4318,model_6b,0.1665,0.1438218
4319,model_6b,0.078,0.09731467
4320,model_6b,0.06,0.05855403
4321,model_6b,0.1683,0.22518954
4322,model_6b,0.096,0.11921181
4323,model_6b,0.4518,0.41604483
4324,model_6b,0.0037,0.0073170885
4325,model_6b,0.2332,0.17590442
4326,model_6b,0.2451,0.26078787
4327,model_6b,0.1306,0.13137518
4328,model_6b,0.4912,0.46434096
4329,model_6b,0.438,0.44731116
4330,model_6b,0.3898,0.44260028
4331,model_6b,0.3649,0.38456318
4332,model_6b,0.3244,0.32975978
4333,model_6b,0.3028,0.30378297
4334,model_6b,-0.187,-0.19731295
4335,model_6b,0.1084,0.08646735
4336,model_6b,0.5668,0.53604174
4337,model_6b,-0.1221,-0.12665409
4338,model_6b,0.085,0.08564971
4339,model_6b,0.063,0.046572164
4340,model_6b,0.4078,0.33063617
4341,model_6b,0.2179,0.28604367
4342,model_6b,0.1821,0.16482726
4343,model_6b,0.933,0.89846766
4344,model_6b,0.5797,0.5608654
4345,model_6b,0.1825,0.1663861
4346,model_6b,0.8254,0.8013184
4347,model_6b,0.2645,0.32675785
4348,model_6b,-0.0714,-0.088040166
4349,model_6b,-0.0069,0.009900801
4350,model_6b,0.0945,0.020691834
4351,model_6b,0.3143,0.3624052
4352,model_6b,-0.1018,-0.045068152
4353,model_6b,0.6001,0.56676507
4354,model_6b,0.1164,0.24913394
4355,model_6b,0.095,0.09114252
4356,model_6b,-0.0098,0.06640382
4357,model_6b,0.8549,0.8485291
4358,model_6b,0.2036,0.14887437
4359,model_6b,0.2435,0.20046282
4360,model_6b,0.1837,0.18411931
4361,model_6b,0.0951,0.12856704
4362,model_6b,0.516,0.51977825
4363,model_6b,0.1125,0.13096021
4364,model_6b,0.1863,0.16864803
4365,model_6b,0.2154,0.21917343
4366,model_6b,0.1181,0.07963212
4367,model_6b,0.2475,0.28567043
4368,model_6b,0.067,0.11508791
4369,model_6b,0.852,0.81014407
4370,model_6b,0.0897,0.037473638
4371,model_6b,0.4416,0.4507273
4372,model_6b,0.5557,0.5876591
4373,model_6b,0.2298,0.190146
4374,model_6b,-0.1654,-0.16934589
4375,model_6b,0.0125,0.02537696
4376,model_6b,0.0092,0.016191117
4377,model_6b,-0.0897,-0.09641767
4378,model_6b,0.3822,0.34741813
4379,model_6b,0.5789,0.5767616
4380,model_6b,0.4113,0.42837796
4381,model_6b,-0.1034,-0.05725164
4382,model_6b,0.1985,0.16936287
4383,model_6b,0.8832,0.85678476
4384,model_6b,0.1488,0.15653738
4385,model_6b,0.2965,0.28748018
4386,model_6b,0.6032,0.58766174
4387,model_6b,-0.0282,-0.02800972
4388,model_6b,0.0569,0.021449871
4389,model_6b,0.093,0.08110762
4390,model_6b,-0.0459,0.20343839
4391,model_6b,0.2319,0.21887305
4392,model_6b,0.2506,0.2597217
4393,model_6b,0.4566,0.4589531
4394,model_6b,0.1457,0.15707058
4395,model_6b,-0.0914,-0.05795578
4396,model_6b,0.2942,0.23753768
4397,model_6b,0.5262,0.4852162
4398,model_6b,0.0416,0.03468845
4399,model_6b,0.7257,0.70462286
4400,model_6b,0.6308,0.6509236
4401,model_6b,0.2491,0.26234663
4402,model_6b,-0.0274,0.010651767
4403,model_6b,0.2292,0.18110895
4404,model_6b,0.3416,0.32408765
4405,model_6b,0.3634,0.38541472
4406,model_6b,0.3837,0.37353292
4407,model_6b,0.1869,0.21254236
4408,model_6b,0.364,0.42177907
4409,model_6b,0.2319,0.22041395
4410,model_6b,0.626,0.6254238
4411,model_6b,0.0966,0.07990706
4412,model_6b,0.2582,0.22082114
4413,model_6b,0.1185,0.05411297
4414,model_6b,-0.0204,-0.054162778
4415,model_6b,0.4945,0.49588248
4416,model_6b,0.7915,0.745499
4417,model_6b,0.1871,0.23408112
4418,model_6b,0.4433,0.42229334
4419,model_6b,0.5355,0.41522935
4420,model_6b,0.2359,0.25167668
4421,model_6b,-0.1723,-0.18203887
4422,model_6b,0.7331,0.7428864
4423,model_6b,0.017,0.14484945
4424,model_6b,0.0468,0.056807023
4425,model_6b,0.1081,0.081841044
4426,model_6b,0.5169,0.5509451
4427,model_6b,0.1581,0.14698812
4428,model_6b,0.2716,0.15116322
4429,model_6b,-0.0091,0.114153
4430,model_6b,0.2845,0.23524752
4431,model_6b,0.1614,0.1470781
4432,model_6b,0.2325,0.19087657
4433,model_6b,0.2657,0.24938071
4434,model_6b,0.3382,0.3439244
4435,model_6b,0.0557,0.017842315
4436,model_6b,0.0353,0.07380612
4437,model_6b,0.4631,0.41584775
4438,model_6b,0.2054,0.20283893
4439,model_6b,0.2047,0.1816939
4440,model_6b,0.2656,0.2632849
4441,model_6b,0.4777,0.47909006
4442,model_6b,0.4064,0.38465735
4443,model_6b,0.0242,0.05780723
4444,model_6b,0.4592,0.35809234
4445,model_6b,0.3243,0.29229358
4446,model_6b,0.1352,0.14653713
4447,model_6b,0.0255,0.021151178
4448,model_6b,0.763,0.6956492
4449,model_6b,0.3208,0.37799904
4450,model_6b,0.263,0.2835803
4451,model_6b,-0.1737,-0.18559754
4452,model_6b,0.06,0.121233806
4453,model_6b,0.1509,0.11230165
4454,model_6b,0.0046,-0.048467882
4455,model_6b,0.1508,0.2252715
4456,model_6b,0.4075,0.42807797
4457,model_6b,-0.0958,-0.12221695
4458,model_6b,0.6353,0.6258413
4459,model_6b,0.0677,0.06847165
4460,model_6b,0.0777,0.09130974
4461,model_6b,0.3265,0.2794536
4462,model_6b,0.4886,0.48551992
4463,model_6b,0.3461,0.3181105
4464,model_6b,0.2767,0.33388528
4465,model_6b,0.028,0.051196963
4466,model_6b,-0.0594,-0.036104225
4467,model_6b,0.2676,0.249679
4468,model_6b,0.6202,0.6419977
4469,model_6b,0.6222,0.5845006
4470,model_6b,0.2337,0.24845439
4471,model_6b,0.0217,0.049208634
4472,model_6b,0.0808,0.07897641
4473,model_6b,0.6454,0.65295386
4474,model_6b,0.2006,0.21863416
4475,model_6b,0.0439,-0.026007034
4476,model_6b,0.0938,0.111260034
4477,model_6b,0.1716,0.18687937
4478,model_6b,0.3675,0.4401747
4479,model_6b,0.0772,0.07142176
4480,model_6b,0.0081,0.024638481
4481,model_6b,0.3238,0.30761454
4482,model_6b,0.2074,0.22581264
4483,model_6b,-0.1353,-0.07835465
4484,model_6b,0.1654,0.1703037
4485,model_6b,0.138,0.0903648
4486,model_6b,0.1193,0.1444557
4487,model_6b,0.3876,0.27213487
4488,model_6b,0.2061,0.20529011
4489,model_6b,0.1914,0.2180982
4490,model_6b,0.1146,0.09471534
4491,model_6b,0.3428,0.33077392
4492,model_6b,0.2016,0.1828768
4493,model_6b,0.004,0.02823209
4494,model_6b,-0.0615,-0.06345355
4495,model_6b,0.0115,-0.026366763
4496,model_6b,0.3994,0.3857958
4497,model_6b,0.3747,0.42146042
4498,model_6b,-0.0404,0.014854662
4499,model_6b,0.1129,0.12391354
4500,model_6b,0.0254,0.032251384
4501,model_6b,0.3359,0.34405363
4502,model_6b,0.3289,0.23788568
4503,model_6b,0.2501,0.27992168
4504,model_6b,0.0667,0.08703384
4505,model_6b,0.376,0.37843868
4506,model_6b,0.2322,0.22580928
4507,model_6b,0.6713,0.6720458
4508,model_6b,0.2583,0.24511355
4509,model_6b,-0.1739,-0.13451001
4510,model_6b,0.4033,0.36360946
4511,model_6b,0.3128,0.38967982
4512,model_6b,0.225,0.27382442
4513,model_6b,0.4413,0.36880746
4514,model_6b,0.5502,0.5267594
4515,model_6b,-0.1033,-0.14928493
4516,model_6b,0.4696,0.45411023
4517,model_6b,0.1569,0.117085084
4518,model_6b,0.7745,0.79540986
4519,model_6b,0.0668,0.05415893
4520,model_6b,0.2269,0.24118295
4521,model_6b,0.319,0.29427493
4522,model_6b,0.7016,0.7035837
4523,model_6b,0.4465,0.39515284
4524,model_6b,0.7297,0.77021086
4525,model_6b,0.1823,0.18377161
4526,model_6b,0.0871,0.08189758
4527,model_6b,0.9148,0.9190792
4528,model_6b,0.3055,0.20465854
4529,model_6b,0.1637,0.21125439
4530,model_6b,0.043,0.012760103
4531,model_6b,0.4691,0.50344014
4532,model_6b,-0.0116,-0.05353432
4533,model_6b,0.0677,0.042087834
4534,model_6b,1.0351,1.028215
4535,model_6b,0.2866,0.27756026
4536,model_6b,0.5892,0.5890135
4537,model_6b,0.2871,0.30454752
4538,model_6b,0.3392,0.32752106
4539,model_6b,0.1945,0.20386331
4540,model_6b,-0.0428,-0.057878293
4541,model_6b,0.1463,0.15895489
4542,model_6b,0.4978,0.46242383
4543,model_6b,0.0223,0.01870782
4544,model_6b,-0.2064,-0.18323427
4545,model_6b,0.132,0.10452428
4546,model_6b,0.4167,0.40171722
4547,model_6b,0.2501,0.24710345
4548,model_6b,0.2171,0.20969841
4549,model_6b,0.1105,0.138792
4550,model_6b,0.0503,0.047120072
4551,model_6b,0.2735,0.21016383
4552,model_6b,0.0873,0.061714385
4553,model_6b,0.5796,0.5483917
4554,model_6b,0.0003,-0.03685499
4555,model_6b,-0.0934,-0.015630312
4556,model_6b,0.1482,0.20941734
4557,model_6b,0.0249,0.021566056
4558,model_6b,0.4947,0.5470615
4559,model_6b,0.0184,0.02533606
4560,model_6b,0.0993,0.042717706
4561,model_6b,0.187,0.1627903
4562,model_6b,0.0136,0.11014837
4563,model_6b,0.1294,0.1615235
4564,model_6b,0.6397,0.6389228
4565,model_6b,0.1758,0.13084301
4566,model_6b,0.8494,0.82653594
4567,model_6b,0.281,0.28291464
4568,model_6b,0.3135,0.31677034
4569,model_6b,0.1963,0.19365323
4570,model_6b,0.1392,0.12135413
4571,model_6b,0.0709,0.08418104
4572,model_6b,0.2538,0.2612366
4573,model_6b,0.3353,0.31126714
4574,model_6b,0.1278,0.1966739
4575,model_6b,0.0601,0.10988028
4576,model_6b,0.3528,0.27337566
4577,model_6b,-0.0167,0.0009996817
4578,model_6b,0.0699,-0.0009862334
4579,model_6b,0.3068,0.33309948
4580,model_6b,0.1487,0.122372165
4581,model_6b,0.0721,0.06114498
4582,model_6b,0.0948,0.112226486
4583,model_6b,0.2498,0.22355172
4584,model_6b,-0.0045,-0.03256715
4585,model_6b,0.3489,0.50613165
4586,model_6b,0.1775,0.15530065
4587,model_6b,0.9593,0.9619379
4588,model_6b,0.5318,0.5811371
4589,model_6b,0.1328,0.06449448
4590,model_6b,0.8902,0.86844206
4591,model_6b,0.8085,0.8012749
4592,model_6b,0.2134,0.22470525
4593,model_6b,0.0409,0.080174446
4594,model_6b,0.0493,0.06660095
4595,model_6b,0.2674,0.24959707
4596,model_6b,-0.0119,-0.055024154
4597,model_6b,0.0361,0.026744872
4598,model_6b,0.1232,0.13422152
4599,model_6b,0.1429,0.18767011
4600,model_6b,0.2992,0.3111394
4601,model_6b,0.3465,0.38124356
4602,model_6b,0.2316,0.17513949
4603,model_6b,0.1824,0.21859959
4604,model_6b,0.0313,-0.013914503
4605,model_6b,0.0511,0.03949812
4606,model_6b,0.0657,0.081405476
4607,model_6b,0.085,0.058716822
4608,model_6b,0.0969,0.02513649
4609,model_6b,0.3266,0.3554161
4610,model_6b,0.3937,0.4105883
4611,model_6b,0.2028,0.2811674
4612,model_6b,0.6593,0.57828355
4613,model_6b,0.1117,0.1472975
4614,model_6b,0.1911,0.23897794
4615,model_6b,0.5376,0.5107396
4616,model_6b,0.254,0.284991
4617,model_6b,0.2467,0.27925047
4618,model_6b,0.8268,0.777769
4619,model_6b,-0.0075,0.034397982
4620,model_6b,0.4988,0.5061315
4621,model_6b,0.1429,0.07819338
4622,model_6b,0.2088,0.23977077
4623,model_6b,-0.1882,-0.15700576
4624,model_6b,0.1047,0.07301086
4625,model_6b,0.3921,0.39923817
4626,model_6b,0.5848,0.4602233
4627,model_6b,0.062,0.0539737
4628,model_6b,0.4068,0.39752904
4629,model_6b,0.9933,0.947315
4630,model_6b,-0.0668,-0.030406006
4631,model_6b,-0.0142,-0.021520503
4632,model_6b,0.485,0.53474605
4633,model_6b,0.1266,0.15800431
4634,model_6b,0.1583,0.18754879
4635,model_6b,0.0387,0.029330645
4636,model_6b,-0.0162,0.2192257
4637,model_6b,0.528,0.0292775
4638,model_6b,0.5823,0.55673754
4639,model_6b,0.459,0.4625344
4640,model_6b,0.3517,0.34704176
4641,model_6b,-0.0328,0.009411901
4642,model_6b,0.8001,0.7955661
4643,model_6b,0.1329,0.13326009
4644,model_6b,0.5207,0.50599647
4645,model_6b,-0.075,-0.063082345
4646,model_6b,0.193,0.21851248
4647,model_6b,0.368,0.22708744
4648,model_6b,-0.0779,-0.041285522
4649,model_6b,0.1726,0.25221124
4650,model_6b,0.1804,0.14668503
4651,model_6b,-0.2896,-0.011619084
4652,model_6b,0.1925,0.0755127
4653,model_6b,0.1245,0.1341708
4654,model_6b,0.0381,0.10611499
4655,model_6b,0.4929,0.46975043
4656,model_6b,0.0014,-0.024447575
4657,model_6b,0.3769,0.40277305
4658,model_6b,0.3143,0.24478158
4659,model_6b,-0.2217,-0.17331403
4660,model_6b,0.6451,0.6978494
4661,model_6b,0.6323,0.67661774
4662,model_6b,0.071,0.0895502
4663,model_6b,0.408,0.41433755
4664,model_6b,-0.1016,-0.087849684
4665,model_6b,0.22,0.20293315
4666,model_6b,0.0412,0.01345665
4667,model_6b,0.2994,0.25167513
4668,model_6b,-0.1873,-0.1224769
4669,model_6b,0.1714,0.17595986
4670,model_6b,0.3895,0.38741678
4671,model_6b,0.0051,-0.021375515
4672,model_6b,-0.1487,-0.15297148
4673,model_6b,0.0377,0.021498688
4674,model_6b,0.1726,0.049860455
4675,model_6b,0.356,0.35386142
4676,model_6b,0.6026,0.5739849
4677,model_6b,0.9037,0.8934394
4678,model_6b,0.0507,0.05488936
4679,model_6b,0.2412,0.24162614
4680,model_6b,0.4222,0.45636448
4681,model_6b,0.1543,0.133002
4682,model_6b,-0.1577,-0.14435843
4683,model_6b,0.2097,0.19922608
4684,model_6b,0.051,-0.018940292
4685,model_6b,0.2453,0.2090659
4686,model_6b,0.214,0.16768461
4687,model_6b,-0.0804,-0.08532388
4688,model_6b,0.4263,0.44186875
4689,model_6b,0.0379,0.041840494
4690,model_6b,0.6786,0.6822995
4691,model_6b,0.4221,0.39028612
4692,model_6b,0.0802,0.07110648
4693,model_6b,0.563,0.58882964
4694,model_6b,0.1303,0.085895285
4695,model_6b,0.0919,0.060580947
4696,model_6b,0.3505,0.34205952
4697,model_6b,0.242,0.22254258
4698,model_6b,-0.0975,-0.11825762
4699,model_6b,0.0942,0.25410363
4700,model_6b,0.1172,0.11559084
4701,model_6b,0.6905,0.68478715
4702,model_6b,0.371,0.33630332
4703,model_6b,0.4858,0.51666105
4704,model_6b,0.5706,0.5822437
4705,model_6b,-0.1253,-0.1134344
4706,model_6b,0.0834,0.06689817
4707,model_6b,0.6273,0.5971529
4708,model_6b,0.3577,0.29720816
4709,model_6b,0.0899,0.06427509
4710,model_6b,0.0335,0.052277844
4711,model_6b,0.0625,0.056580763
4712,model_6b,0.0213,-0.07400318
4713,model_6b,0.1919,0.31985536
4714,model_6b,0.4724,0.47499803
4715,model_6b,0.0326,0.04979782
4716,model_6b,0.1128,0.118764244
4717,model_6b,0.1315,0.13368392
4718,model_6b,0.1653,0.13075387
4719,model_6b,-0.0728,-0.06592298
4720,model_6b,-0.114,-0.12258319
4721,model_6b,0.2735,0.34583235
4722,model_6b,0.8884,0.8755435
4723,model_6b,0.2722,0.24489132
4724,model_6b,0.3004,0.31824273
4725,model_6b,0.7474,0.7227968
4726,model_6b,0.2589,0.2726059
4727,model_6b,0.0447,0.034181975
4728,model_6b,0.2061,0.20441608
4729,model_6b,0.0291,0.027012892
4730,model_6b,0.2104,0.21513334
4731,model_6b,0.0187,-0.03809852
4732,model_6b,-0.0462,-0.038492188
4733,model_6b,0.1764,0.17544135
4734,model_6b,-0.0138,-0.016973339
4735,model_6b,0.2155,0.26466155
4736,model_6b,0.5185,0.45437673
4737,model_6b,0.2074,0.24555597
4738,model_6b,0.0837,0.06688187
4739,model_6b,0.1443,0.16842878
4740,model_6b,0.2864,0.28115934
4741,model_6b,0.3394,0.35250917
4742,model_6b,0.0454,0.030021932
4743,model_6b,0.1845,0.18220666
4744,model_6b,0.9124,0.9141248
4745,model_6b,0.2136,0.19943586
4746,model_6b,0.2462,0.22011802
4747,model_6b,0.4199,0.43843642
4748,model_6b,-0.1537,-0.03999179
4749,model_6b,0.1152,0.06329569
4750,model_6b,0.1232,0.095851794
4751,model_6b,0.2091,0.21305296
4752,model_6b,0.4248,0.31864133
4753,model_6b,0.6352,0.6151814
4754,model_6b,-0.1385,-0.17915618
4755,model_6b,0.4064,0.38675314
4756,model_6b,-0.0552,-0.1009782
4757,model_6b,-0.0939,-0.10829804
4758,model_6b,0.4104,0.36051628
4759,model_6b,-0.0073,0.014388658
4760,model_6b,0.9148,0.8818373
4761,model_6b,0.0083,0.014777608
4762,model_6b,0.0857,0.058920916
4763,model_6b,-0.0063,0.014122181
4764,model_6b,0.2967,0.28761122
4765,model_6b,-0.0607,-0.13026854
4766,model_6b,0.2138,0.24836808
4767,model_6b,0.4736,0.3835906
4768,model_6b,0.1533,0.1270701
4769,model_6b,0.4513,0.4350718
4770,model_6b,0.3395,0.36985484
4771,model_6b,-0.0189,0.015840806
4772,model_6b,0.8791,0.86352694
4773,model_6b,0.1473,0.17936489
4774,model_6b,0.1698,0.17326936
4775,model_6b,0.1831,0.19441053
4776,model_6b,0.7353,0.72455263
4777,model_6b,0.4847,0.49230042
4778,model_6b,-0.0254,-0.021904215
4779,model_6b,0.2209,0.25745875
4780,model_6b,0.7515,0.74733067
4781,model_6b,-0.0264,-0.02090276
4782,model_6b,0.5082,0.38886055
4783,model_6b,0.3588,0.35663322
4784,model_6b,0.5204,0.5059208
4785,model_6b,0.3167,0.33097458
4786,model_6b,0.1102,0.0757151
4787,model_6b,0.1073,0.1083072
4788,model_6b,1.1103,1.1645538
4789,model_6b,0.549,0.5991086
4790,model_6b,0.762,0.73073447
4791,model_6b,-0.0115,-0.010985665
4792,model_6b,0.1339,0.10603212
4793,model_6b,0.0819,0.059498217
4794,model_6b,0.2188,0.19247034
4795,model_6b,0.1068,0.11864026
4796,model_6b,0.1457,0.17733368
4797,model_6b,0.7235,0.6524214
4798,model_6b,0.39,0.41605166
4799,model_6b,0.3256,0.39427093
4800,model_6b,0.3115,0.31483018
4801,model_6b,-0.1716,-0.16967788
4802,model_6b,0.1155,0.07522196
4803,model_6b,0.007,0.0027920231
4804,model_6b,0.3953,0.36059484
4805,model_6b,0.072,0.05933971
4806,model_6b,0.3808,0.41819027
4807,model_6b,0.5663,0.5804657
4808,model_6b,0.1624,0.19987342
4809,model_6b,0.0368,0.15043521
4810,model_6b,0.5683,0.54670584
4811,model_6b,-0.0079,-0.02494914
4812,model_6b,0.3517,0.30027974
4813,model_6b,0.6082,0.5933486
4814,model_6b,0.7429,0.7390195
4815,model_6b,0.0105,-0.012739338
4816,model_6b,0.2693,0.30522668
4817,model_6b,0.517,0.50072896
4818,model_6b,0.5673,0.62707675
4819,model_6b,0.1328,0.095138416
4820,model_6b,0.6668,0.66065687
4821,model_6b,0.2226,0.19339871
4822,model_6b,0.7032,0.68103856
4823,model_6b,-0.1635,-0.1734361
4824,model_6b,0.181,0.23911285
4825,model_6b,-0.0199,-0.0076394156
4826,model_6b,0.3274,0.28864002
4827,model_6b,0.3624,0.38820282
4828,model_6b,0.1316,0.14635694
4829,model_6b,0.8579,0.82965374
4830,model_6b,0.7141,0.6429397
4831,model_6b,-0.0444,-0.10236774
4832,model_6b,0.3701,0.3559805
4833,model_6b,0.5904,0.5845877
4834,model_6b,0.3652,0.32065755
4835,model_6b,0.2804,0.31668094
4836,model_6b,0.5209,0.53267145
4837,model_6b,0.1839,0.18332243
4838,model_6b,0.5547,0.54769504
4839,model_6b,0.5531,0.56986666
4840,model_6b,-0.2216,-0.27252916
4841,model_6b,0.0871,0.08383515
4842,model_6b,0.4264,0.4309249
4843,model_6b,0.1815,0.21671245
4844,model_6b,0.4096,0.45051673
4845,model_6b,0.0911,0.09602615
4846,model_6b,0.5758,0.46704465
4847,model_6b,-0.1048,-0.1029269
4848,model_6b,0.8405,0.819287
4849,model_6b,0.2663,0.30518162
4850,model_6b,0.1075,0.1308475
4851,model_6b,0.2118,0.23965776
4852,model_6b,0.2455,0.16463575
4853,model_6b,0.4032,0.41432455
4854,model_6b,0.3312,0.39982495
4855,model_6b,0.1881,0.0954262
4856,model_6b,-0.0618,-0.059580855
4857,model_6b,0.1864,0.20065865
4858,model_6b,0.2852,0.15441424
4859,model_6b,0.2788,0.37581667
4860,model_6b,0.2227,0.19405526
4861,model_6b,0.4475,0.45746717
4862,model_6b,0.312,0.33872974
4863,model_6b,0.0203,0.044397805
4864,model_6b,0.5141,0.47565565
4865,model_6b,0.1486,0.1767835
4866,model_6b,0.4324,0.45316175
4867,model_6b,0.1087,0.13159531
4868,model_6b,-0.0272,-0.051057465
4869,model_6b,0.4206,0.43288365
4870,model_6b,0.1171,0.09880947
4871,model_6b,-0.0024,0.02837253
4872,model_6b,0.2331,0.11855924
4873,model_6b,0.6584,0.642791
4874,model_6b,0.5306,0.48367697
4875,model_6b,0.058,0.02885573
4876,model_6b,0.1694,0.14172333
4877,model_6b,0.2488,0.16835454
4878,model_6b,0.7782,0.7958702
4879,model_6b,0.7301,0.6856435
4880,model_6b,0.4872,0.43834507
4881,model_6b,0.3047,0.2794287
4882,model_6b,0.4026,0.38413468
4883,model_6b,0.2868,0.24316269
4884,model_6b,0.2601,0.23691073
4885,model_6b,0.2864,0.34705126
4886,model_6b,-0.0737,-0.09995555
4887,model_6b,-0.1567,-0.02063375
4888,model_6b,0.3182,0.2914323
4889,model_6b,0.1043,0.24913335
4890,model_6b,0.0549,0.032389328
4891,model_6b,0.0428,0.119624674
4892,model_6b,0.1419,0.16347924
4893,model_6b,0.239,0.26530305
4894,model_6b,0.0778,0.06320014
4895,model_6b,0.0979,0.18140534
4896,model_6b,0.2467,0.23358235
4897,model_6b,0.2936,0.34574333
4898,model_6b,0.0184,0.024301887
4899,model_6b,0.5433,0.53891605
4900,model_6b,0.1661,0.21758336
4901,model_6b,0.0102,0.021061413
4902,model_6b,0.328,0.3374323
4903,model_6b,0.3012,0.29576656
4904,model_6b,0.3961,0.38480523
4905,model_6b,-0.046,0.010670356
4906,model_6b,0.4209,0.36907783
4907,model_6b,-0.0298,-0.045720793
4908,model_6b,0.4238,0.42639592
4909,model_6b,0.7708,0.71672136
4910,model_6b,0.2092,0.22147378
4911,model_6b,0.2682,0.2645222
4912,model_6b,0.2112,0.24299237
4913,model_6b,0.0722,0.077399775
4914,model_6b,0.4688,0.44395003
4915,model_6b,1.2481,1.3203789
4916,model_6b,0.0095,0.11043139
4917,model_6b,-0.0358,-0.0021781176
4918,model_6b,0.0479,0.09459053
4919,model_6b,0.288,0.33509463
4920,model_6b,0.1683,0.27930894
4921,model_6b,0.1172,0.08264771
4922,model_6b,0.4266,0.4449915
4923,model_6b,0.3837,0.30597267
4924,model_6b,0.488,0.46766886
4925,model_6b,0.6812,0.6875166
4926,model_6b,0.0646,0.17725664
4927,model_6b,0.4051,0.44283628
4928,model_6b,0.2185,0.32632124
4929,model_6b,0.0046,-0.0065202564
4930,model_6b,-0.0587,-0.014725223
4931,model_6b,-0.119,-0.14378557
4932,model_6b,0.2613,0.30925024
4933,model_6b,-0.1103,-0.056355916
4934,model_6b,0.3013,0.33516413
4935,model_6b,0.0802,0.17353272
4936,model_6b,0.0919,0.10745911
4937,model_6b,0.0734,0.07292691
4938,model_6b,0.2036,0.14669442
4939,model_6b,0.1758,0.17970476
4940,model_6b,0.4952,0.51266515
4941,model_6b,0.0146,0.01658088
4942,model_6b,0.0189,0.03532417
4943,model_6b,0.1586,0.19022688
4944,model_6b,0.1125,0.10435037
4945,model_6b,0.0615,0.07421828
4946,model_6b,0.3706,0.36769804
4947,model_6b,0.3743,0.4198122
4948,model_6b,0.2905,0.27485722
4949,model_6b,0.0613,0.08137014
4950,model_6b,0.3826,0.38405904
4951,model_6b,0.0788,0.13777229
4952,model_6b,0.1944,0.16326335
4953,model_6b,0.149,0.14457884
4954,model_6b,0.0361,0.0108221695
4955,model_6b,-0.0545,-0.049990095
4956,model_6b,0.2269,0.17962524
4957,model_6b,0.1526,0.16654652
4958,model_6b,0.5136,0.5510893
4959,model_6b,0.0685,0.07214392
4960,model_6b,0.1305,0.004109673
4961,model_6b,-0.0875,-0.052582927
4962,model_6b,0.236,0.24113181
4963,model_6b,0.1842,0.1382135
4964,model_6b,0.233,0.26234108
4965,model_6b,-0.0317,0.0023339614
4966,model_6b,0.4095,0.4042546
4967,model_6b,0.1546,0.13891405
4968,model_6b,0.037,-0.005031079
4969,model_6b,0.4872,0.31639466
4970,model_6b,-0.0565,-0.098984964
4971,model_6b,0.2253,0.19754043
4972,model_6b,0.26,0.30735347
4973,model_6b,0.1591,0.12258298
4974,model_6b,0.6129,0.5969524
4975,model_6b,0.2105,0.14962296
4976,model_6b,0.1873,0.23893422
4977,model_6b,0.0934,0.10136672
4978,model_6b,0.0877,0.07475294
4979,model_6b,0.0442,-0.018899031
4980,model_6b,0.1154,0.1326929
4981,model_6b,0.0082,-0.013325848
4982,model_6b,0.1121,0.068408
4983,model_6b,-0.0619,-0.061110474
4984,model_6b,0.0969,0.033963
4985,model_6b,0.6493,0.5972908
4986,model_6b,-0.0399,0.07103154
4987,model_6b,0.3642,0.29629016
4988,model_6b,0.172,0.19526628
4989,model_6b,0.2563,0.18540102
4990,model_6b,0.0851,0.11645377
4991,model_6b,0.2932,0.33668682
4992,model_6b,0.5883,0.61580217
4993,model_6b,0.986,0.97598433
4994,model_6b,0.1693,0.20753244
4995,model_6b,-0.081,-0.093359955
4996,model_6b,0.0795,0.0907352
4997,model_6b,0.598,0.62044656
4998,model_6b,-0.1057,-0.16462818
4999,model_6b,0.0401,0.07018433
5000,model_6b,-0.026,-0.07988075
5001,model_6b,0.1695,0.18371478
5002,model_6b,0.1457,0.1532231
5003,model_6b,0.048,0.054871622
5004,model_6b,0.4423,0.44994017
5005,model_6b,-0.1047,-0.049986877
5006,model_6b,0.1764,0.21060419
5007,model_6b,0.4468,0.4855862
5008,model_6b,0.2157,0.24164164
5009,model_6b,0.7374,0.7133232
5010,model_6b,0.2831,0.31896797
5011,model_6b,-0.0106,0.08779362
5012,model_6b,0.5457,0.531835
5013,model_6b,0.38,0.38292634
5014,model_6b,0.2253,0.24170357
5015,model_6b,0.0221,0.0008012578
5016,model_6b,0.1607,0.18130481
5017,model_6b,0.1264,0.19275954
5018,model_6b,0.2704,0.21743181
5019,model_6b,0.1481,0.109005734
5020,model_6b,0.0985,0.1516414
5021,model_6b,-0.1075,-0.08439905
5022,model_6b,0.2548,0.22863758
5023,model_6b,0.7477,0.7140546
5024,model_6b,0.0613,0.105430305
5025,model_6b,0.2074,0.16838054
5026,model_6b,0.171,0.16767639
5027,model_6b,0.3925,0.4138681
5028,model_6b,0.1038,0.10935793
5029,model_6b,0.1708,0.1989141
5030,model_6b,0.1756,0.16851714
5031,model_6b,0.268,0.17954977
5032,model_6b,0.0115,0.066918164
5033,model_6b,0.1498,0.09380428
5034,model_6b,0.1774,0.11159502
5035,model_6b,0.2834,0.17463346
5036,model_6b,0.4366,0.40618744
5037,model_6b,-0.1291,-0.02389133
5038,model_6b,0.0543,0.052805673
5039,model_6b,0.166,0.09143077
5040,model_6b,-0.0198,-0.0048224255
5041,model_6b,0.5217,0.52734214
5042,model_6b,0.4974,0.5221927
5043,model_6b,0.8018,0.7520758
5044,model_6b,0.001,-0.022841841
5045,model_6b,0.0906,0.10958366
5046,model_6b,0.08,0.05674297
5047,model_6b,0.2989,0.3297217
5048,model_6b,0.5271,0.49747762
5049,model_6b,0.0527,0.03583832
5050,model_6b,0.1759,0.1523692
5051,model_6b,-0.005,0.018628038
5052,model_6b,0.1326,0.09713982
5053,model_6b,0.4503,0.4682881
5054,model_6b,0.8067,0.8233594
5055,model_6b,0.2021,0.21001002
5056,model_6b,0.0948,0.07582353
5057,model_6b,0.6697,0.683051
5058,model_6b,0.0943,0.108160526
5059,model_6b,-0.0418,0.095188715
5060,model_6b,-0.1715,-0.15288088
5061,model_6b,0.4907,0.49284393
5062,model_6b,0.3563,0.35798055
5063,model_6b,0.273,0.25686312
5064,model_6b,0.0497,0.036809362
5065,model_6b,0.1157,0.16222867
5066,model_6b,0.0683,0.0340824
5067,model_6b,0.4462,0.4398115
5068,model_6b,0.4586,0.45620725
5069,model_6b,0.105,0.06830176
5070,model_6b,-0.0482,0.03604854
5071,model_6b,0.0722,0.040108338
5072,model_6b,0.2229,0.15293509
5073,model_6b,-0.097,-0.1467835
5074,model_6b,-0.0745,-0.098146535
5075,model_6b,0.1814,0.14828768
5076,model_6b,0.151,0.09835305
5077,model_6b,0.4199,0.4074722
5078,model_6b,0.3911,0.45935306
5079,model_6b,0.2598,0.29947147
5080,model_6b,0.205,0.19004896
5081,model_6b,0.8629,0.794834
5082,model_6b,0.2017,0.22469896
5083,model_6b,0.2738,0.27026916
5084,model_6b,0.2729,0.24040386
5085,model_6b,0.1047,0.13711488
5086,model_6b,0.2687,0.3269747
5087,model_6b,0.4552,0.44955203
5088,model_6b,0.0912,0.10284507
5089,model_6b,0.2364,0.27237365
5090,model_6b,0.3752,0.33194175
5091,model_6b,-0.0452,0.11073576
5092,model_6b,0.0379,-0.03238184
5093,model_6b,0.2634,0.24368283
5094,model_6b,0.2613,0.25606167
5095,model_6b,0.5924,0.5867002
5096,model_6b,0.4075,0.3655338
5097,model_6b,0.2985,0.28365564
5098,model_6b,0.0114,-0.003155671
5099,model_6b,0.1721,0.15017149
5100,model_6b,0.7463,0.7036747
5101,model_6b,0.822,0.8313297
5102,model_6b,0.092,0.11281358
5103,model_6b,0.5429,0.54017836
5104,model_6b,0.0645,0.066712454
5105,model_6b,0.8555,1.0188271
5106,model_6b,0.5486,0.6198386
5107,model_6b,0.0234,0.054632265
5108,model_6b,0.7415,0.7612407
5109,model_6b,0.1729,0.10208894
5110,model_6b,0.5305,0.5528628
5111,model_6b,0.1403,0.1234336
5112,model_6b,0.1661,0.17448917
5113,model_6b,0.3813,0.4210702
5114,model_6b,0.2974,0.28438157
5115,model_6b,0.1201,0.13316898
5116,model_6b,0.4217,0.44593188
5117,model_6b,0.6828,0.6462339
5118,model_6b,0.0717,0.04699915
5119,model_6b,0.1757,0.24062753
5120,model_6b,0.1569,0.13272825
5121,model_6b,0.6365,0.609723
5122,model_6b,0.2178,0.23103186
5123,model_6b,0.0698,0.030678093
5124,model_6b,0.344,0.37755123
5125,model_6b,0.0696,0.093483105
5126,model_6b,0.451,0.4268818
5127,model_6b,0.1572,0.167764
5128,model_6b,0.3793,0.30064365
5129,model_6b,-0.028,-0.06648866
5130,model_6b,1.0119,1.0819588
5131,model_6b,0.1828,0.11061716
5132,model_6b,0.1722,0.11912869
5133,model_6b,0.1229,0.13096674
5134,model_6b,0.4359,0.37911892
5135,model_6b,0.292,0.3155552
5136,model_6b,0.2342,0.2671704
5137,model_6b,0.1199,0.0519669
5138,model_6b,0.585,0.536951
5139,model_6b,0.1999,0.22657964
5140,model_6b,0.1048,0.1401242
5141,model_6b,0.1235,0.21386018
5142,model_6b,0.1082,0.11870967
5143,model_6b,0.0133,0.013604514
5144,model_6b,0.3418,0.21587023
5145,model_6b,0.0902,0.11171049
5146,model_6b,0.8834,0.87800443
5147,model_6b,0.3075,0.30212846
5148,model_6b,-0.0527,-0.06459067
5149,model_6b,0.4192,0.4342917
5150,model_6b,0.6504,0.63080394
5151,model_6b,0.0907,0.077883616
5152,model_6b,0.4827,0.4609831
5153,model_6b,-0.059,-0.062973686
5154,model_6b,0.0586,0.052315436
5155,model_6b,0.312,0.33741757
5156,model_6b,0.2348,0.19840819
5157,model_6b,0.0987,0.06841316
5158,model_6b,-0.0676,-0.016811863
5159,model_6b,0.1012,0.11128117
5160,model_6b,0.2383,0.24743438
5161,model_6b,0.1328,0.12985897
5162,model_6b,0.0704,0.064821005
5163,model_6b,-0.0616,-0.045458056
5164,model_6b,0.1936,0.15976188
5165,model_6b,0.0435,0.06778852
5166,model_6b,0.3252,0.33431712
5167,model_6b,0.3996,0.3808579
5168,model_6b,0.1641,0.14448482
5169,model_6b,-0.0151,-0.0689638
5170,model_6b,0.4111,0.419727
5171,model_6b,0.492,0.5092911
5172,model_6b,-0.1004,-0.09650288
5173,model_6b,0.0652,0.06393791
5174,model_6b,0.0,0.008695543
5175,model_6b,0.3253,0.32646674
5176,model_6b,0.1351,0.0902811
5177,model_6b,0.3643,0.3402771
5178,model_6b,0.292,0.30976152
5179,model_6b,0.3349,0.36057547
5180,model_6b,0.2678,0.22868714
5181,model_6b,0.2469,0.29660842
5182,model_6b,0.5129,0.5000191
5183,model_6b,0.0552,0.063284576
5184,model_6b,0.1143,0.13568717
5185,model_6b,0.8039,0.78556955
5186,model_6b,0.3607,0.2747045
5187,model_6b,0.2068,0.32068866
5188,model_6b,0.1913,0.0768462
5189,model_6b,0.125,0.092047065
5190,model_6b,0.1663,0.15784135
5191,model_6b,0.076,0.048595365
5192,model_6b,0.5044,0.5190097
5193,model_6b,0.6423,0.63453543
5194,model_6b,0.2791,0.3020646
5195,model_6b,0.7579,0.75010026
5196,model_6b,0.0767,0.068194516
5197,model_6b,0.9146,0.84501374
5198,model_6b,0.1719,0.074732
5199,model_6b,0.1753,0.12702513
5200,model_6b,0.0097,0.0651275
5201,model_6b,0.4714,0.45529562
5202,model_6b,0.0081,-0.010415547
5203,model_6b,0.0169,0.016207412
5204,model_6b,0.6104,0.6124435
5205,model_6b,0.112,0.10223143
5206,model_6b,-0.1231,-0.104814924
5207,model_6b,0.0399,0.08215616
5208,model_6b,0.3282,0.35139388
5209,model_6b,0.9108,0.91106796
5210,model_6b,0.5306,0.53248763
5211,model_6b,0.1133,0.10884957
5212,model_6b,0.0486,0.06873622
5213,model_6b,0.2478,0.2657041
5214,model_6b,0.278,0.25408575
5215,model_6b,0.4901,0.45157126
5216,model_6b,0.1069,0.11849575
5217,model_6b,0.2455,0.14887655
5218,model_6b,0.6483,0.63229835
5219,model_6b,0.2966,0.28894234
5220,model_6b,0.3215,0.28416172
5221,model_6b,0.1231,0.11086744
5222,model_6b,0.7772,0.7259727
5223,model_6b,0.4355,0.40797704
5224,model_6b,0.2655,0.27336603
5225,model_6b,0.1822,0.2083703
5226,model_6b,0.6091,0.5874011
5227,model_6b,0.6985,0.7019633
5228,model_6b,0.4363,0.19142097
5229,model_6b,0.2766,0.24938354
5230,model_6b,0.2286,0.30812186
5231,model_6b,0.1054,0.08518861
5232,model_6b,0.0642,0.05488597
5233,model_6b,0.4255,0.45093414
5234,model_6b,0.1174,0.18960992
5235,model_6b,0.1026,0.09255168
5236,model_6b,0.0051,-0.03416072
5237,model_6b,0.2015,0.048321046
5238,model_6b,0.2918,0.3002803
5239,model_6b,0.0296,-0.121335424
5240,model_6b,0.1481,0.13326722
5241,model_6b,0.2316,0.19022441
5242,model_6b,0.5369,0.54195035
5243,model_6b,0.4383,0.43100512
5244,model_6b,0.4534,0.4337489
5245,model_6b,0.1349,0.09979326
5246,model_6b,0.0524,0.04596333
5247,model_6b,0.4313,0.41134018
5248,model_6b,0.2227,0.12764347
5249,model_6b,0.4021,0.4345015
5250,model_6b,-0.0014,-0.039764084
5251,model_6b,-0.0802,0.10301162
5252,model_6b,-0.0308,-0.0047387257
5253,model_6b,0.104,0.10014361
5254,model_6b,0.2357,0.18140495
5255,model_6b,0.8637,0.8387307
5256,model_6b,-0.0106,0.027778864
5257,model_6b,0.7437,0.7216353
5258,model_6b,-0.0017,0.033523273
5259,model_6b,-0.0048,-0.019102179
5260,model_6b,0.186,0.14651921
5261,model_6b,0.062,0.013010152
5262,model_6b,-0.0208,-0.03976082
5263,model_6b,0.2101,0.22200295
5264,model_6b,0.2054,0.14599063
5265,model_6b,0.2591,0.27481326
5266,model_6b,-0.1055,-0.12821665
5267,model_6b,0.3345,0.3671551
5268,model_6b,-0.1211,-0.06519828
5269,model_6b,0.108,0.09928472
5270,model_6b,0.1811,0.11812872
5271,model_6b,0.0623,0.028883092
5272,model_6b,0.2292,0.3948094
5273,model_6b,0.4991,0.52782845
5274,model_6b,-0.0437,-0.05148516
5275,model_6b,0.1702,0.1676999
5276,model_6b,0.0618,0.07535643
5277,model_6b,-0.0174,0.0032145157
5278,model_6b,0.3816,0.38650107
5279,model_6b,0.4849,0.48488432
5280,model_6b,0.1649,0.17380339
5281,model_6b,0.2951,0.31630394
5282,model_6b,0.7788,0.7365393
5283,model_6b,0.1948,0.22675553
5284,model_6b,0.5949,0.51824075
5285,model_6b,0.1477,0.14608112
5286,model_6b,0.0767,0.09311982
5287,model_6b,0.148,0.15338297
5288,model_6b,0.4527,0.45463124
5289,model_6b,0.145,0.14045633
5290,model_6b,0.5468,0.53792584
5291,model_6b,-0.1215,-0.12521303
5292,model_6b,0.1514,0.26006013
5293,model_6b,0.0015,-0.0017079785
5294,model_6b,0.2853,0.2617075
5295,model_6b,0.1283,0.13385686
5296,model_6b,0.0971,0.07700175
5297,model_6b,0.2893,0.30674163
5298,model_6b,0.0128,0.07784501
5299,model_6b,-0.0164,-0.03332006
5300,model_6b,-0.0008,-0.004715495
5301,model_6b,0.0161,0.014816873
5302,model_6b,0.3446,0.32455468
5303,model_6b,0.3514,0.306015
5304,model_6b,0.1152,0.08886263
5305,model_6b,0.3169,0.3624495
5306,model_6b,0.1738,0.19499296
5307,model_6b,0.3424,0.37460157
5308,model_6b,0.7908,0.87379587
5309,model_6b,0.7925,0.76877856
5310,model_6b,0.4727,0.4621936
5311,model_6b,0.2617,0.27813977
5312,model_6b,0.2404,0.2773573
5313,model_6b,0.1501,0.12733954
5314,model_6b,0.1248,0.10506196
5315,model_6b,0.3621,0.3486526
5316,model_6b,0.4909,0.48486564
5317,model_6b,0.7419,0.70747733
5318,model_6b,0.1008,0.06109516
5319,model_6b,0.3442,0.37403682
5320,model_6b,0.0637,0.07125442
5321,model_6b,0.514,0.5196859
5322,model_6b,0.2619,0.24779275
5323,model_6b,0.0658,0.10519609
5324,model_6b,0.3037,0.38396087
5325,model_6b,0.074,0.08086802
5326,model_6b,0.1871,0.24144864
5327,model_6b,0.2134,0.3061453
5328,model_6b,0.5407,0.5272966
5329,model_6b,0.4332,0.43476748
5330,model_6b,0.1229,0.14090414
5331,model_6b,0.2493,0.32550156
5332,model_6b,0.234,0.29115608
5333,model_6b,0.2104,0.13233767
5334,model_6b,0.1519,0.22135296
5335,model_6b,-0.0452,0.048200086
5336,model_6b,0.3647,0.36019215
5337,model_6b,0.2672,0.30334073
5338,model_6b,0.1208,0.1121463
5339,model_6b,0.0202,-0.012805678
5340,model_6b,-0.131,-0.018280067
5341,model_6b,-0.1225,-0.10123194
5342,model_6b,0.5242,0.52225536
5343,model_6b,-0.1262,-0.087280445
5344,model_6b,0.272,0.21229425
5345,model_6b,0.1245,0.14188975
5346,model_6b,0.0872,0.06356941
5347,model_6b,0.0483,0.051254343
5348,model_6b,0.1939,0.17416087
5349,model_6b,0.1929,0.16868532
5350,model_6b,0.2222,0.1997471
5351,model_6b,0.007,0.006334193
5352,model_6b,0.9202,0.9285286
5353,model_6b,0.5872,0.5543032
5354,model_6b,0.6958,0.70623577
5355,model_6b,0.2428,0.2572847
5356,model_6b,0.0403,0.010916255
5357,model_6b,0.0289,0.06230846
5358,model_6b,0.2927,0.26562405
5359,model_6b,0.3093,0.37036255
5360,model_6b,0.1965,0.09882571
5361,model_6b,0.0879,0.08939789
5362,model_6b,0.2427,0.39152703
5363,model_6b,0.025,0.019088037
5364,model_6b,-0.0065,0.07588025
5365,model_6b,0.1457,0.12539181
5366,model_6b,0.1703,0.17300877
5367,model_6b,0.8967,0.88820183
5368,model_6b,0.0136,-0.005298279
5369,model_6b,0.2048,0.24843404
5370,model_6b,0.3492,0.39087567
5371,model_6b,0.5395,0.5725123
5372,model_6b,0.6908,0.69639194
5373,model_6b,0.1034,0.09872823
5374,model_6b,0.4113,0.585191
5375,model_6b,-0.1202,-0.04498992
5376,model_6b,0.3691,0.18010452
5377,model_6b,0.59,0.5720487
5378,model_6b,-0.0194,-0.051498003
5379,model_6b,0.771,0.76324177
5380,model_6b,0.3835,0.43163624
5381,model_6b,0.0076,0.011559479
5382,model_6b,0.1287,0.12259228
5383,model_6b,0.2237,0.22870559
5384,model_6b,-0.0237,0.027099032
5385,model_6b,0.2143,0.17832762
5386,model_6b,0.2354,0.24720743
5387,model_6b,0.7498,0.7450124
5388,model_6b,0.1198,0.08834648
5389,model_6b,0.3478,0.3664594
5390,model_6b,0.1248,0.12804632
5391,model_6b,0.2719,0.2668302
5392,model_6b,0.1084,0.076602444
5393,model_6b,-0.0069,-0.073843844
5394,model_6b,0.1264,0.14313127
5395,model_6b,0.2027,0.1440825
5396,model_6b,0.1449,0.14569615
5397,model_6b,-0.0061,-0.09053608
5398,model_6b,0.1818,0.09514893
5399,model_6b,0.2253,0.18469012
5400,model_6b,0.0039,0.043220762
5401,model_6b,0.9996,0.9817871
5402,model_6b,-0.023,-0.028004996
5403,model_6b,0.1997,0.18482524
5404,model_6b,0.1243,0.11533368
5405,model_6b,0.1921,0.23623925
5406,model_6b,0.0066,-0.029498689
5407,model_6b,0.2046,0.20736307
5408,model_6b,0.1105,0.11403406
5409,model_6b,0.3123,0.3961539
5410,model_6b,0.0193,0.01450821
5411,model_6b,0.0075,0.021310925
5412,model_6b,0.5058,0.48703828
5413,model_6b,0.2169,0.22969782
5414,model_6b,0.7022,0.6650443
5415,model_6b,-0.1831,-0.14035982
5416,model_6b,0.2124,0.23256728
5417,model_6b,-0.0942,-0.06482085
5418,model_6b,0.8283,0.7911662
5419,model_6b,0.8757,0.889877
5420,model_6b,-0.1128,-0.009621397
5421,model_6b,0.2324,0.20883808
5422,model_6b,0.459,0.47686055
5423,model_6b,0.2739,0.29145423
5424,model_6b,0.1547,0.14659825
5425,model_6b,0.2858,0.31249866
5426,model_6b,0.1958,0.22987172
5427,model_6b,0.3291,0.351339
5428,model_6b,0.6847,0.6960968
5429,model_6b,0.2337,0.234353
5430,model_6b,0.109,0.070690796
5431,model_6b,0.5931,0.52795446
5432,model_6b,0.2046,0.17032304
5433,model_6b,0.5625,0.54033256
5434,model_6b,0.3109,0.327898
5435,model_6b,0.1674,0.16039734
5436,model_6b,0.6159,0.55248076
5437,model_6b,0.2298,0.25782114
5438,model_6b,0.2206,0.20167136
5439,model_6b,0.2208,0.22762296
5440,model_6b,0.3857,0.33597606
5441,model_6b,0.1792,0.12117733
5442,model_6b,0.019,0.03454929
5443,model_6b,0.1989,0.20117328
5444,model_6b,0.2141,0.20511171
5445,model_6b,0.376,0.3585841
5446,model_6b,0.1498,0.13713284
5447,model_6b,0.0335,0.017631344
5448,model_6b,0.2547,0.3282207
5449,model_6b,0.4235,0.4197898
5450,model_6b,0.369,0.39147827
5451,model_6b,0.2347,0.2465823
5452,model_6b,0.5132,0.5355842
5453,model_6b,0.6813,0.72698337
5454,model_6b,0.2096,0.20811757
5455,model_6b,0.1504,0.11192909
5456,model_6b,0.1654,0.13421695
5457,model_6b,0.2655,0.27732715
5458,model_6b,-0.0196,-0.07817087
5459,model_6b,0.1818,0.23049363
5460,model_6b,0.2355,0.23224387
5461,model_6b,0.1627,0.14063314
5462,model_6b,0.1224,0.17549941
5463,model_6b,0.3277,0.32550052
5464,model_6b,0.0593,0.0813578
5465,model_6b,0.0822,0.05539049
5466,model_6b,0.5582,0.56912017
5467,model_6b,0.2101,0.15515018
5468,model_6b,0.1047,0.12547284
5469,model_6b,0.4698,0.37350166
5470,model_6b,0.2846,0.35090885
5471,model_6b,0.2647,0.2368742
5472,model_6b,-0.0009,-0.091743775
5473,model_6b,0.1054,0.09699854
5474,model_6b,0.0786,0.06124769
5475,model_6b,0.3096,0.3793971
5476,model_6b,0.1641,0.11012651
5477,model_6b,0.0942,0.082325034
5478,model_6b,0.0136,0.012300573
5479,model_6b,0.0959,0.079155594
5480,model_6b,0.8027,0.78942966
5481,model_6b,0.2329,0.10837585
5482,model_6b,0.3372,0.2807932
5483,model_6b,0.0099,0.04139927
5484,model_6b,0.6129,0.5625921
5485,model_6b,0.0818,0.06721242
5486,model_6b,0.0712,0.09808247
5487,model_6b,0.3624,0.35317513
5488,model_6b,0.1103,0.19168484
5489,model_6b,0.2026,0.21235108
5490,model_6b,0.4474,0.44792977
5491,model_6b,0.1322,0.10533056
5492,model_6b,0.3091,0.34181595
5493,model_6b,0.0551,0.008291818
5494,model_6b,0.1049,0.35124263
5495,model_6b,0.263,0.2675204
5496,model_6b,0.421,0.4245143
5497,model_6b,0.1589,0.15777873
5498,model_6b,0.5941,0.57657564
5499,model_6b,0.4142,0.43870178
5500,model_6b,0.1854,0.20537168
5501,model_6b,0.2463,0.18921319
5502,model_6b,0.159,0.16079308
5503,model_6b,0.5008,0.47752002
5504,model_6b,0.5742,0.553036
5505,model_6b,0.3216,0.356239
5506,model_6b,0.3896,0.31795695
5507,model_6b,0.2792,0.25493252
5508,model_6b,0.0589,0.018072002
5509,model_6b,0.16,0.17112388
5510,model_6b,0.2734,0.2167091
5511,model_6b,0.4223,0.32484865
5512,model_6b,0.067,0.07645412
5513,model_6b,0.364,0.35895726
5514,model_6b,0.3601,0.3179032
5515,model_6b,0.0247,0.005100265
5516,model_6b,0.3551,0.10749506
5517,model_6b,0.3334,0.38924438
5518,model_6b,0.5679,0.5630324
5519,model_6b,0.4679,0.46737382
5520,model_6b,0.1459,0.17112085
5521,model_6b,0.1602,0.12644911
5522,model_6b,-0.0661,-0.057392113
5523,model_6b,-0.055,-0.046964996
5524,model_6b,0.2047,0.25040677
5525,model_6b,0.2421,0.22330496
5526,model_6b,0.2256,0.22889358
5527,model_6b,0.0069,-0.07830205
5528,model_6b,0.7612,0.6861436
5529,model_6b,0.7587,0.7687402
5530,model_6b,0.8633,0.79965425
5531,model_6b,0.0844,0.08016193
5532,model_6b,0.8313,0.82107615
5533,model_6b,0.2207,0.2165913
5534,model_6b,0.1869,0.21628988
5535,model_6b,0.2115,0.24191722
5536,model_6b,0.0609,0.06825799
5537,model_6b,0.192,0.56088185
5538,model_6b,0.2797,0.25930187
5539,model_6b,0.1371,0.1357461
5540,model_6b,0.3043,0.2716534
5541,model_6b,0.0394,-0.015000232
5542,model_6b,0.1216,0.14399502
5543,model_6b,0.1245,0.116188295
5544,model_6b,0.5848,0.6318634
5545,model_6b,0.2432,0.192859
5546,model_6b,0.0048,0.019026987
5547,model_6b,0.0705,0.043356042
5548,model_6b,-0.097,-0.1677329
5549,model_6b,0.074,0.06272867
5550,model_6b,0.552,0.57019824
5551,model_6b,0.1824,0.22178397
5552,model_6b,0.7669,0.80128723
5553,model_6b,0.1632,0.13847044
5554,model_6b,0.2632,0.11426738
5555,model_6b,0.232,0.19726276
5556,model_6b,0.2834,0.2942257
5557,model_6b,0.7602,0.7643397
5558,model_6b,0.3011,0.30089062
5559,model_6b,0.0026,-0.07288333
5560,model_6b,0.0852,0.13114086
5561,model_6b,0.0265,0.14953741
5562,model_6b,0.4961,0.4857525
5563,model_6b,0.0437,0.03550093
5564,model_6b,0.2586,0.23728073
5565,model_6b,0.093,0.024726253
5566,model_6b,0.2223,0.20333442
5567,model_6b,0.1602,0.17482373
5568,model_6b,0.221,0.2354939
5569,model_6b,-0.1928,-0.15006834
5570,model_6b,0.3604,0.2995003
5571,model_6b,-0.0163,-0.04432816
5572,model_6b,0.2293,0.2196812
5573,model_6b,0.0085,0.022176169
5574,model_6b,0.3513,0.11419957
5575,model_6b,0.0943,0.10939473
5576,model_6b,0.3155,0.3280372
5577,model_6b,0.2512,0.26677513
5578,model_6b,0.3566,0.3101584
5579,model_6b,0.1238,0.13063695
5580,model_6b,0.003,0.074964866
5581,model_6b,0.242,0.2577305
5582,model_6b,0.1499,0.16030252
5583,model_6b,0.183,0.21957377
5584,model_6b,0.3344,0.37354013
5585,model_6b,-0.1987,-0.14644131
5586,model_6b,0.2334,0.1890978
5587,model_6b,0.081,0.06563999
5588,model_6b,0.1888,0.20076227
5589,model_6b,0.0923,0.097310886
5590,model_6b,0.1871,0.1279691
5591,model_6b,0.3479,0.253795
5592,model_6b,0.6415,0.62427694
5593,model_6b,0.7986,0.8310425
5594,model_6b,0.591,0.53548974
5595,model_6b,0.6373,0.65098786
5596,model_6b,0.5626,0.5472917
5597,model_6b,0.2475,0.09542527
5598,model_6b,0.0807,0.12026496
5599,model_6b,0.3149,0.22540781
5600,model_6b,-0.004,-0.06657068
5601,model_6b,0.0315,0.03120777
5602,model_6b,0.6897,0.6402309
5603,model_6b,0.049,0.11979095
5604,model_6b,0.1863,0.15026689
5605,model_6b,0.2395,0.2316283
5606,model_6b,0.3684,0.4077821
5607,model_6b,0.1349,0.21730605
5608,model_6b,0.7558,0.665866
5609,model_6b,-0.0093,-0.021746397
5610,model_6b,0.1424,0.13600378
5611,model_6b,0.1914,0.21691304
5612,model_6b,0.3664,0.39421335
5613,model_6b,0.428,0.42766032
5614,model_6b,0.3066,0.29121187
5615,model_6b,0.2366,0.23256353
5616,model_6b,0.0673,0.08807242
5617,model_6b,0.1844,0.17286035
5618,model_6b,0.3601,0.39831325
5619,model_6b,0.7097,0.7104711
5620,model_6b,0.1956,0.16123897
5621,model_6b,0.0622,0.09662504
5622,model_6b,0.1181,0.19960305
5623,model_6b,0.0751,0.14117867
5624,model_6b,0.0464,0.059239026
5625,model_6b,0.2715,0.2653077
5626,model_6b,0.1946,0.1201346
5627,model_6b,-0.0171,-0.067078
5628,model_6b,0.4454,0.45651138
5629,model_6b,0.1567,0.2019664
5630,model_6b,0.3559,0.3797203
5631,model_6b,0.1067,0.10142124
5632,model_6b,0.3285,0.3119807
5633,model_6b,0.0808,0.105151914
5634,model_6b,-0.023,0.042234164
5635,model_6b,0.4467,0.3239637
5636,model_6b,-0.203,-0.18042558
5637,model_6b,0.1753,0.14825332
5638,model_6b,0.1239,0.15843269
5639,model_6b,0.5363,0.5316605
5640,model_6b,0.2086,0.17147318
5641,model_6b,0.0631,-0.04018543
5642,model_6b,0.6107,0.5295075
5643,model_6b,-0.0504,-0.011583447
5644,model_6b,0.0492,0.056580365
5645,model_6b,0.2865,0.3553134
5646,model_6b,0.0804,0.10761243
5647,model_6b,0.1995,0.22571757
5648,model_6b,0.073,0.121587016
5649,model_6b,0.2945,0.30985123
5650,model_6b,0.8086,0.7753997
5651,model_6b,0.2032,0.2033233
5652,model_6b,0.1317,0.12964922
5653,model_6b,0.381,0.43853307
5654,model_6b,0.1685,0.36841905
5655,model_6b,0.3109,0.37431428
5656,model_6b,0.9031,0.8904788
5657,model_6b,0.1289,0.12709251
5658,model_6b,-0.1243,-0.13637012
5659,model_6b,0.3541,0.42385003
5660,model_6b,0.2779,0.30792817
5661,model_6b,0.145,0.17393455
5662,model_6b,0.2584,0.24942788
5663,model_6b,0.4239,0.40594193
5664,model_6b,0.1823,0.16446918
5665,model_6b,0.2583,0.29133108
5666,model_6b,0.2582,0.19335061
5667,model_6b,-0.0728,-0.10809923
5668,model_6b,0.7423,0.7793544
5669,model_6b,0.0398,0.04616558
5670,model_6b,0.232,0.24932587
5671,model_6b,0.3535,0.37901464
5672,model_6b,0.1567,0.16574028
5673,model_6b,0.2001,0.24755427
5674,model_6b,0.17,0.18273765
5675,model_6b,0.1181,0.1388782
5676,model_6b,0.2155,0.29674187
5677,model_6b,0.0574,0.0516775
5678,model_6b,0.2653,0.23388809
5679,model_6b,0.169,0.18776888
5680,model_6b,0.1139,0.090541676
5681,model_6b,0.4252,0.4417257
5682,model_6b,-0.072,-0.069821574
5683,model_6b,0.4998,0.45616856
5684,model_6b,0.1014,0.12688439
5685,model_6b,0.6795,0.6531609
5686,model_6b,0.6253,0.59166825
5687,model_6b,0.4304,0.449975
5688,model_6b,0.2564,0.23134014
5689,model_6b,0.2246,0.2279351
5690,model_6b,0.5075,0.48688582
5691,model_6b,0.3139,0.32986167
5692,model_6b,0.6472,0.60238534
5693,model_6b,0.0131,-0.007861771
5694,model_6b,0.1693,0.13268645
5695,model_6b,0.1423,0.13629465
5696,model_6b,0.191,0.13163444
5697,model_6b,0.2701,0.14902872
5698,model_6b,0.0245,-0.037752643
5699,model_6b,0.8263,0.81286585
5700,model_6b,0.1162,0.076543815
5701,model_6b,0.2257,0.1482873
5702,model_6b,0.3653,0.30405447
5703,model_6b,0.1407,0.12455112
5704,model_6b,0.3483,0.33788124
5705,model_6b,-0.0772,-0.009800382
5706,model_6b,0.3423,0.43894506
5707,model_6b,0.4509,0.33299586
5708,model_6b,0.0021,0.034199767
5709,model_6b,-0.0953,-0.08229285
5710,model_6b,0.047,0.026376788
5711,model_6b,0.1074,0.08068241
5712,model_6b,0.0169,0.017226234
5713,model_6b,0.1411,0.17498413
5714,model_6b,0.0268,0.043590143
5715,model_6b,0.154,0.11026086
5716,model_6b,0.0007,-0.010492414
5717,model_6b,0.0192,0.102321684
5718,model_6b,0.2277,0.2017652
5719,model_6b,0.0527,0.057020698
5720,model_6b,0.7536,0.7200937
5721,model_6b,0.1427,0.013030477
5722,model_6b,0.0372,0.008316301
5723,model_6b,0.083,0.07115415
5724,model_6b,0.692,0.69729745
5725,model_6b,0.1578,0.14898375
5726,model_6b,0.1449,0.08880259
5727,model_6b,-0.0913,-0.019150466
5728,model_6b,0.1377,0.109042555
5729,model_6b,-0.0243,-0.034544922
5730,model_6b,0.1316,0.15331593
5731,model_6b,0.071,0.14347982
5732,model_6b,0.0416,0.08763537
5733,model_6b,-0.0078,-0.0042369887
5734,model_6b,0.0587,0.06994198
5735,model_6b,-0.1209,-0.09273305
5736,model_6b,0.2791,0.26379293
5737,model_6b,0.0006,-0.07396994
5738,model_6b,-0.0347,-0.03871677
5739,model_6b,-0.1586,-0.16944319
5740,model_6b,0.6421,0.5915256
5741,model_6b,0.4223,0.41738024
5742,model_6b,-0.0554,0.048846804
5743,model_6b,-0.1465,-0.04398007
5744,model_6b,0.4164,0.4612769
5745,model_6b,0.9822,0.90650296
5746,model_6b,0.1536,0.14238663
5747,model_6b,0.1521,0.17868707
5748,model_6b,0.0296,0.023306549
5749,model_6b,0.481,0.52714163
5750,model_6b,0.1582,0.1730624
5751,model_6b,0.2649,0.31967902
5752,model_6b,0.4143,0.45817533
5753,model_6b,0.7998,0.7858742
5754,model_6b,0.3293,0.355495
5755,model_6b,0.011,-0.0007779375
5756,model_6b,0.2204,0.23694187
5757,model_6b,0.1795,0.23848736
5758,model_6b,0.2417,0.25617447
5759,model_6b,0.763,0.71343976
5760,model_6b,0.0937,0.1301712
5761,model_6b,0.5563,0.54290324
5762,model_6b,0.5296,0.49718907
5763,model_6b,0.7078,0.6628295
5764,model_6b,0.4602,0.41655552
5765,model_6b,0.1286,0.15862307
5766,model_6b,0.0062,-0.04588463
5767,model_6b,0.4801,0.46799996
5768,model_6b,0.191,0.19070642
5769,model_6b,0.1877,0.13932392
5770,model_6b,0.1538,0.0023316517
5771,model_6b,0.413,0.39206025
5772,model_6b,0.2631,0.3190618
5773,model_6b,0.7893,0.7426102
5774,model_6b,0.5589,0.5157419
5775,model_6b,0.4408,0.4490111
5776,model_6b,0.1751,0.1759505
5777,model_6b,0.338,0.35690346
5778,model_6b,0.0389,0.05103825
5779,model_6b,-0.0409,-0.11673973
5780,model_6b,0.8845,0.8739264
5781,model_6b,0.507,0.487779
5782,model_6b,0.5069,0.45471
5783,model_6b,0.159,0.17608014
5784,model_6b,0.3403,0.29649255
5785,model_6b,0.1347,0.1523582
5786,model_6b,-0.0917,-0.11431459
5787,model_6b,0.3132,0.3007387
5788,model_6b,0.1563,0.21167958
5789,model_6b,0.1634,0.1111227
5790,model_6b,0.0283,0.05318734
5791,model_6b,0.4156,0.41086176
5792,model_6b,0.2776,0.26502335
5793,model_6b,0.285,0.32295203
5794,model_6b,0.0277,0.11281261
5795,model_6b,0.2433,0.2892056
5796,model_6b,0.0146,0.016266555
5797,model_6b,0.1401,0.17476654
5798,model_6b,0.2873,0.30748108
5799,model_6b,0.2748,0.22653148
5800,model_6b,0.6025,0.5960999
5801,model_6b,0.4643,0.4195135
5802,model_6b,-0.2157,-0.08094736
5803,model_6b,0.1203,0.11067642
5804,model_6b,0.0828,0.084888324
5805,model_6b,0.4831,0.46059307
5806,model_6b,0.2895,0.2780576
5807,model_6b,-0.0352,-0.04377804
5808,model_6b,0.2205,0.19342038
5809,model_6b,0.0719,0.086930014
5810,model_6b,0.1049,0.12141991
5811,model_6b,0.1905,0.19199449
5812,model_6b,0.1619,0.11697365
5813,model_6b,0.3369,0.3722436
5814,model_6b,0.0956,0.1129931
5815,model_6b,0.2671,0.20952317
5816,model_6b,0.4321,0.4010894
5817,model_6b,0.968,0.9444251
5818,model_6b,0.2189,0.22743216
5819,model_6b,0.4722,0.50745815
5820,model_6b,0.104,0.058870412
5821,model_6b,0.119,0.12344803
5822,model_6b,0.0959,0.07821046
5823,model_6b,0.1303,0.113525026
5824,model_6b,0.3844,0.45162252
5825,model_6b,0.0468,0.12677032
5826,model_6b,0.0681,0.07473308
5827,model_6b,0.1287,0.17174065
5828,model_6b,-0.0123,0.0032523498
5829,model_6b,0.0708,0.08542152
5830,model_6b,0.2627,0.20242831
5831,model_6b,0.7374,0.64709246
5832,model_6b,0.1087,0.116135895
5833,model_6b,0.5968,0.5776393
5834,model_6b,0.0077,-0.0629506
5835,model_6b,0.3318,0.28748837
5836,model_6b,1.0182,1.0514019
5837,model_6b,0.3165,0.3034701
5838,model_6b,0.3294,0.33222628
5839,model_6b,0.2514,0.26509285
5840,model_6b,0.1323,0.1762437
5841,model_6b,0.716,0.6957669
5842,model_6b,0.1813,0.16610405
5843,model_6b,-0.1411,-0.15160239
5844,model_6b,0.3845,0.3789868
5845,model_6b,0.2491,0.36100376
5846,model_6b,0.3569,0.33837175
5847,model_6b,0.263,0.26116633
5848,model_6b,0.2614,0.216587
5849,model_6b,0.0157,-0.0066066906
5850,model_6b,-0.0157,-0.016978852
5851,model_6b,0.2534,0.19308852
5852,model_6b,0.1752,0.11917586
5853,model_6b,0.3473,0.32996088
5854,model_6b,0.2273,0.21508926
5855,model_6b,0.1363,0.12218444
5856,model_6b,0.2728,0.22022486
5857,model_6b,0.0689,0.09864723
5858,model_6b,0.1177,0.13772601
5859,model_6b,0.2348,0.23599991
5860,model_6b,0.1175,0.08971414
5861,model_6b,0.3843,0.42100728
5862,model_6b,-0.0015,-0.04069955
5863,model_6b,0.6192,0.63508224
5864,model_6b,0.4464,0.4653575
5865,model_6b,0.0115,0.014319457
5866,model_6b,0.1149,0.09477578
5867,model_6b,0.1727,0.13604522
5868,model_6b,0.762,0.7356628
5869,model_6b,0.0519,0.05865345
5870,model_6b,-0.0504,0.0036106333
5871,model_6b,0.5145,0.5275137
5872,model_6b,0.2275,0.17374834
5873,model_6b,0.3701,0.3930122
5874,model_6b,0.8236,0.8262793
5875,model_6b,0.105,0.11668358
5876,model_6b,0.2646,0.19755274
5877,model_6b,0.511,0.5373525
5878,model_6b,0.7372,0.73976445
5879,model_6b,0.6179,0.6065206
5880,model_6b,0.2927,0.2803211
5881,model_6b,0.0958,0.30936053
5882,model_6b,0.2262,0.22400376
5883,model_6b,0.1204,0.14221182
5884,model_6b,0.444,0.45025644
5885,model_6b,0.1689,0.1538809
5886,model_6b,0.1055,0.14940926
5887,model_6b,0.0738,0.13893439
5888,model_6b,0.3141,0.27961326
5889,model_6b,0.4324,0.439069
5890,model_6b,0.4149,0.4666148
5891,model_6b,0.1827,0.13667652
5892,model_6b,0.177,0.18947351
5893,model_6b,0.4184,0.41040453
5894,model_6b,0.4611,0.4393783
5895,model_6b,0.1411,0.096572325
5896,model_6b,0.1326,0.1450618
5897,model_6b,0.0674,0.044248834
5898,model_6b,-0.1918,-0.17437619
5899,model_6b,0.0889,0.047992866
5900,model_6b,0.2759,0.31105587
5901,model_6b,0.2229,0.22920746
5902,model_6b,0.0286,-0.012757711
5903,model_6b,0.234,0.22120994
5904,model_6b,0.4041,0.36950946
5905,model_6b,0.55,0.45413467
5906,model_6b,0.4234,0.43461838
5907,model_6b,0.7192,0.7125945
5908,model_6b,0.1053,0.107165046
5909,model_6b,0.5756,0.4961913
5910,model_6b,0.6088,0.6006266
5911,model_6b,0.0527,0.07815423
5912,model_6b,0.0983,0.13878793
5913,model_6b,0.2077,0.25492933
5914,model_6b,0.4189,0.4133722
5915,model_6b,0.3759,0.36338243
5916,model_6b,0.0413,0.024703488
5917,model_6b,0.444,0.45602676
5918,model_6b,0.3499,0.39126474
5919,model_6b,0.0417,0.025631439
5920,model_6b,0.2727,0.20255549
5921,model_6b,0.2218,0.15262176
5922,model_6b,0.4209,0.3763477
5923,model_6b,0.4697,0.44467548
5924,model_6b,0.2169,0.088736296
5925,model_6b,0.194,0.23562914
5926,model_6b,0.1483,0.17147788
5927,model_6b,0.0315,0.04319456
5928,model_6b,0.2095,0.24945924
5929,model_6b,0.1968,0.22096896
5930,model_6b,0.1501,0.17572393
5931,model_6b,0.0064,0.07535744
5932,model_6b,0.1139,0.12235852
5933,model_6b,0.3997,0.42040864
5934,model_6b,0.0137,0.09109658
5935,model_6b,0.5632,0.5810217
5936,model_6b,0.364,0.41224632
5937,model_6b,0.1252,0.08255518
5938,model_6b,0.8815,0.8642467
5939,model_6b,-0.1031,-0.10576668
5940,model_6b,0.6519,0.62771815
5941,model_6b,-0.1633,-0.16497844
5942,model_6b,0.1594,0.24065053
5943,model_6b,0.1353,0.13072518
5944,model_6b,0.0928,0.03458657
5945,model_6b,0.2394,0.1539726
5946,model_6b,-0.1511,-0.12885323
5947,model_6b,0.1249,0.11751151
5948,model_6b,0.1967,0.21983325
5949,model_6b,0.244,0.2528113
5950,model_6b,0.2271,0.18779325
5951,model_6b,0.0979,0.075392365
5952,model_6b,0.5082,0.4950773
5953,model_6b,0.0196,-0.005318992
5954,model_6b,0.2708,0.32409447
5955,model_6b,-0.0592,-0.20403895
5956,model_6b,0.1764,0.1633067
5957,model_6b,0.712,0.71210706
5958,model_6b,0.161,0.13035691
5959,model_6b,0.2217,0.16296296
5960,model_6b,0.0747,0.06966284
5961,model_6b,0.2956,0.30860308
5962,model_6b,-0.1472,-0.12929147
5963,model_6b,0.0653,0.067288555
5964,model_6b,0.4054,0.39951703
5965,model_6b,0.2278,0.22492239
5966,model_6b,0.0893,0.058169235
5967,model_6b,0.1983,0.18734655
5968,model_6b,0.1475,0.08321839
5969,model_6b,0.6911,0.6913127
5970,model_6b,0.2204,0.20738143
5971,model_6b,0.1781,0.20409311
5972,model_6b,0.0152,0.0042209327
5973,model_6b,0.3516,0.35260215
5974,model_6b,0.3131,0.33247212
5975,model_6b,0.2978,0.31548882
5976,model_6b,0.5104,0.4639763
5977,model_6b,0.2419,0.26659408
5978,model_6b,0.1082,0.112366974
5979,model_6b,0.3764,0.39305004
5980,model_6b,0.2529,0.2744626
5981,model_6b,0.1246,0.050533757
5982,model_6b,0.1304,0.050724376
5983,model_6b,-0.0045,-0.021746777
5984,model_6b,0.3164,0.29918617
5985,model_6b,0.1435,0.16749546
5986,model_6b,0.0229,0.063431896
5987,model_6b,0.0309,0.017555706
5988,model_6b,0.0621,0.081139795
5989,model_6b,0.0784,0.07234383
5990,model_6b,0.5824,0.5721092
5991,model_6b,-0.1898,-0.1517207
5992,model_6b,0.06,0.046969496
5993,model_6b,0.0708,0.0062565804
5994,model_6b,0.0177,0.036333352
5995,model_6b,0.0279,0.045047402
5996,model_6b,0.1094,0.12139353
5997,model_6b,0.1045,0.05804931
5998,model_6b,0.0055,0.007591419
5999,model_6b,0.6646,0.7004187
6000,model_6b,0.0512,0.03324898
6001,model_6b,0.3833,0.39071983
6002,model_6b,0.5024,0.5062571
6003,model_6b,0.126,0.12408556
6004,model_6b,0.0858,0.21248898
6005,model_6b,0.7167,0.6390567
6006,model_6b,0.1458,0.11582666
6007,model_6b,0.8372,0.84144837
6008,model_6b,0.1658,0.10878172
6009,model_6b,0.2899,0.34475097
6010,model_6b,0.0753,0.074196726
6011,model_6b,0.1578,0.15174906
6012,model_6b,0.1004,0.08022823
6013,model_6b,0.0181,0.031733677
6014,model_6b,0.0246,0.02094753
6015,model_6b,0.2726,0.3069736
6016,model_6b,0.336,0.39315507
6017,model_6b,0.2463,0.24223727
6018,model_6b,-0.0199,-0.0358861
6019,model_6b,0.1932,0.15647256
6020,model_6b,0.3848,0.43211266
6021,model_6b,0.3624,0.45006096
6022,model_6b,0.224,0.25064623
6023,model_6b,-0.0369,-0.04335784
6024,model_6b,0.2776,0.30121443
6025,model_6b,0.1372,0.059066772
6026,model_6b,0.2901,0.2811739
6027,model_6b,0.3244,0.32975283
6028,model_6b,0.6171,0.5730761
6029,model_6b,0.3473,0.36924344
6030,model_6b,0.1021,0.082766436
6031,model_6b,0.2893,0.291776
6032,model_6b,0.6872,0.6478057
6033,model_6b,0.1537,0.026952468
6034,model_6b,0.1725,0.16561916
6035,model_6b,0.6856,0.664496
6036,model_6b,0.0473,0.028539475
6037,model_6b,0.3468,0.3546527
6038,model_6b,0.1598,0.1633231
6039,model_6b,0.2828,0.15803376
6040,model_6b,0.2706,0.27719203
6041,model_6b,0.2465,0.21109223
6042,model_6b,0.363,0.37919217
6043,model_6b,0.0102,0.052730888
6044,model_6b,0.1531,0.12489507
6045,model_6b,0.0672,0.039141946
6046,model_6b,0.4204,0.43405554
6047,model_6b,0.4323,0.39913633
6048,model_6b,0.0455,0.062003396
6049,model_6b,0.2536,0.16458192
6050,model_6b,0.2168,0.22276592
6051,model_6b,0.1225,0.08511752
6052,model_6b,0.2041,0.12729919
6053,model_6b,0.4143,0.39124963
6054,model_6b,0.133,0.09763597
6055,model_6b,0.7504,0.7812819
6056,model_6b,0.0793,0.093735404
6057,model_6b,0.7187,0.70332813
6058,model_6b,-0.0888,-0.09544342
6059,model_6b,-0.0724,-0.11839711
6060,model_6b,0.1755,0.16351628
6061,model_6b,0.1294,0.12800163
6062,model_6b,0.0995,0.10295361
6063,model_6b,0.427,0.51379883
6064,model_6b,0.6007,0.60021365
6065,model_6b,-0.0566,-0.033433206
6066,model_6b,0.1829,0.18573907
6067,model_6b,0.0908,0.03731999
6068,model_6b,0.0227,0.01829537
6069,model_6b,0.1461,0.16573232
6070,model_6b,0.4368,0.43338633
6071,model_6b,0.4394,0.4487344
6072,model_6b,0.1819,0.2063182
6073,model_6b,0.4523,0.45698407
6074,model_6b,0.2127,0.16706762
6075,model_6b,0.2036,0.16492489
6076,model_6b,0.1276,0.12187677
6077,model_6b,0.1621,0.17847046
6078,model_6b,0.1851,0.16493425
6079,model_6b,0.0788,0.07616264
6080,model_6b,0.5982,0.58926684
6081,model_6b,-0.054,-0.059868388
6082,model_6b,0.4461,0.45853177
6083,model_6b,0.2989,0.23799953
6084,model_6b,0.0467,0.056055535
6085,model_6b,0.074,0.0742833
6086,model_6b,0.1703,0.15792066
6087,model_6b,-0.1722,-0.2159853
6088,model_6b,-0.185,-0.2144612
6089,model_6b,0.0057,0.0057113096
6090,model_6b,0.4083,0.38752493
6091,model_6b,0.0645,0.11906751
6092,model_6b,-0.0974,-0.11268928
6093,model_6b,0.4317,0.43315917
6094,model_6b,-0.0463,-0.038063385
6095,model_6b,0.6555,0.64992154
6096,model_6b,0.3019,0.33249047
6097,model_6b,0.0058,0.011167467
6098,model_6b,0.2217,0.17217878
6099,model_6b,0.7551,0.71473855
6100,model_6b,0.2415,0.23957282
6101,model_6b,0.0656,0.028753925
6102,model_6b,0.4595,0.42900047
6103,model_6b,0.8544,0.86298954
6104,model_6b,0.3717,0.3744935
6105,model_6b,0.6272,0.6441685
6106,model_6b,0.3022,0.29572648
6107,model_6b,0.3778,0.37709323
6108,model_6b,0.0287,-0.023686938
6109,model_6b,0.3884,0.38648513
6110,model_6b,-0.0232,-0.039451487
6111,model_6b,0.3837,0.3531604
6112,model_6b,0.2799,0.28975993
6113,model_6b,-0.0871,-0.10921673
6114,model_6b,0.057,0.12800714
6115,model_6b,0.8139,0.8060535
6116,model_6b,0.4231,0.33125266
6117,model_6b,0.579,0.5403838
6118,model_6b,0.1442,0.14575121
6119,model_6b,-0.0193,-0.004243888
6120,model_6b,0.3733,0.39681306
6121,model_6b,0.07,0.044710547
6122,model_6b,0.2267,0.25030333
6123,model_6b,0.0168,0.017385177
6124,model_6b,0.2955,0.30707029
6125,model_6b,0.2859,0.28510186
6126,model_6b,0.361,0.32044378
6127,model_6b,-0.026,0.029318646
6128,model_6b,0.2305,0.21040338
6129,model_6b,0.3306,0.37523392
6130,model_6b,0.5237,0.5181616
6131,model_6b,0.1627,0.15781882
6132,model_6b,0.1755,0.100137174
6133,model_6b,0.3975,0.38909927
6134,model_6b,0.5249,0.4596994
6135,model_6b,0.2497,0.14651799
6136,model_6b,0.4996,0.4865582
6137,model_6b,0.1157,0.09447432
6138,model_6b,0.4703,0.4828029
6139,model_6b,0.239,0.26274318
6140,model_6b,-0.112,-0.06326903
6141,model_6b,0.5592,0.4529483
6142,model_6b,-0.093,-0.14051133
6143,model_6b,0.0394,0.050527386
6144,model_6b,0.5545,0.5457107
6145,model_6b,0.172,0.14309025
6146,model_6b,0.0646,0.061462186
6147,model_6b,0.2157,0.21995428
6148,model_6b,-0.0403,-0.06915072
6149,model_6b,0.2253,0.20146206
6150,model_6b,-0.0892,-0.104359575
6151,model_6b,0.605,0.6367644
6152,model_6b,0.1725,0.1464958
6153,model_6b,0.2313,0.22678238
6154,model_6b,0.4575,0.4461529
6155,model_6b,0.4148,0.35701865
6156,model_6b,0.7204,0.73991686
6157,model_6b,0.9066,0.8760724
6158,model_6b,0.02,0.028083406
6159,model_6b,1.19,1.1330053
6160,model_6b,0.2233,0.23475567
6161,model_6b,0.0991,0.08521321
6162,model_6b,0.563,0.47947714
6163,model_6b,0.2097,0.16265556
6164,model_6b,0.0878,0.07755214
6165,model_6b,0.1536,0.1616188
6166,model_6b,0.722,0.75304484
6167,model_6b,-0.018,-0.06759582
6168,model_6b,-0.0696,-0.0070604905
6169,model_6b,-0.11,-0.15724096
6170,model_6b,0.0869,0.053636454
6171,model_6b,0.0163,0.031760365
6172,model_6b,0.195,0.19035399
6173,model_6b,0.5799,0.57649046
6174,model_6b,0.3821,0.37185892
6175,model_6b,0.4484,0.455219
6176,model_6b,0.1293,0.09709854
6177,model_6b,0.0924,0.10207793
6178,model_6b,0.1134,0.2765526
6179,model_6b,0.1729,0.082525134
6180,model_6b,0.7514,0.825717
6181,model_6b,0.2276,0.21703327
6182,model_6b,-0.0965,-0.079852454
6183,model_6b,0.2775,0.29418626
6184,model_6b,-0.0962,-0.1015039
6185,model_6b,0.6814,0.69951844
6186,model_6b,0.9367,0.85945404
6187,model_6b,0.587,0.5832879
6188,model_6b,0.6261,0.60547274
6189,model_6b,0.8384,0.85424435
6190,model_6b,-0.0616,-0.07704694
6191,model_6b,0.2096,0.17760935
6192,model_6b,0.1658,0.14003557
6193,model_6b,0.3386,0.3213257
6194,model_6b,0.2073,0.26565155
6195,model_6b,0.2365,0.20231447
6196,model_6b,0.4759,0.5256851
6197,model_6b,0.3594,0.3495627
6198,model_6b,-0.0126,0.017474614
6199,model_6b,0.4295,0.47189423
6200,model_6b,0.1794,0.19982684
6201,model_6b,0.3426,0.36086848
6202,model_6b,0.1062,0.10673562
6203,model_6b,0.2959,0.27056938
6204,model_6b,0.0748,0.1421271
6205,model_6b,0.0739,0.05046393
6206,model_6b,0.817,0.8167528
6207,model_6b,0.0618,0.027298678
6208,model_6b,0.1994,0.18931606
6209,model_6b,0.2399,0.21087098
6210,model_6b,-0.1687,-0.13081515
6211,model_6b,0.3406,0.34046772
6212,model_6b,0.0426,-0.13927796
6213,model_6b,0.487,0.4870089
6214,model_6b,0.3844,0.3842219
6215,model_6b,-0.1033,0.019311614
6216,model_6b,0.1726,0.22488263
6217,model_6b,-0.2251,-0.09671604
6218,model_6b,-0.1563,-0.2010315
6219,model_6b,-0.017,0.0007837191
6220,model_6b,0.1351,0.13961363
6221,model_6b,0.0298,0.036846858
6222,model_6b,0.4114,0.44137132
6223,model_6b,0.2823,0.25127992
6224,model_6b,0.3214,0.39007187
6225,model_6b,0.3173,0.33055216
6226,model_6b,0.6335,0.53313565
6227,model_6b,0.4386,0.38528058
6228,model_6b,0.7033,0.6161001
6229,model_6b,0.0961,0.08563309
6230,model_6b,0.2092,0.15567717
6231,model_6b,0.1515,0.17094022
6232,model_6b,0.3138,0.31930968
6233,model_6b,0.019,0.05661586
6234,model_6b,0.0454,0.036471453
6235,model_6b,0.032,0.033225298
6236,model_6b,0.5434,0.48998964
6237,model_6b,0.2446,0.2768186
6238,model_6b,0.2105,0.16046613
6239,model_6b,0.2033,0.24984312
6240,model_6b,0.1468,0.07044875
6241,model_6b,0.0986,0.09113529
6242,model_6b,0.1279,0.16774195
6243,model_6b,0.0499,0.06346871
6244,model_6b,0.3669,0.36205694
6245,model_6b,-0.015,0.024771687
6246,model_6b,-0.0886,-0.06798784
6247,model_6b,0.0577,0.0134257
6248,model_6b,0.1608,0.20298618
6249,model_6b,0.1703,0.20090389
6250,model_6b,0.3218,0.25683907
6251,model_6b,-0.0403,-0.098661475
6252,model_6b,0.2946,0.30766755
6253,model_6b,0.4484,0.467304
6254,model_6b,0.9149,0.9506788
6255,model_6b,0.1495,0.14596884
6256,model_6b,0.2393,0.17432742
6257,model_6b,0.2756,0.27195397
6258,model_6b,0.0972,0.083221644
6259,model_6b,0.2435,0.2218284
6260,model_6b,0.3776,0.43079537
6261,model_6b,0.3487,0.33193186
6262,model_6b,0.0518,0.03150049
6263,model_6b,0.1802,0.1906344
6264,model_6b,-0.0121,-0.026055925
6265,model_6b,0.6174,0.6071737
6266,model_6b,0.3866,0.37365457
6267,model_6b,0.2892,0.32729986
6268,model_6b,0.1315,0.11798525
6269,model_6b,0.1742,0.14541844
6270,model_6b,0.1037,0.16080219
6271,model_6b,0.1609,0.18788311
6272,model_6b,-0.0852,-0.12587869
6273,model_6b,0.0135,0.024951056
6274,model_6b,-0.0106,-0.002204232
6275,model_6b,0.4296,0.42296597
6276,model_6b,0.089,0.13538583
6277,model_6b,0.113,0.12222658
6278,model_6b,0.1457,0.18560943
6279,model_6b,-0.1112,-0.071537636
6280,model_6b,0.4272,0.4260483
6281,model_6b,0.0777,0.06625693
6282,model_6b,0.4754,0.44140968
6283,model_6b,0.0916,0.11590085
6284,model_6b,0.0824,0.10661121
6285,model_6b,0.1173,0.1308049
6286,model_6b,0.2356,0.23620579
6287,model_6b,0.0041,0.035678234
6288,model_6b,0.4338,0.40834254
6289,model_6b,-0.0558,-0.08983696
6290,model_6b,0.1597,0.14762944
6291,model_6b,0.4863,0.4709182
6292,model_6b,0.81,0.8183804
6293,model_6b,0.0105,0.002235651
6294,model_6b,0.7994,0.77731246
6295,model_6b,0.0764,0.11526526
6296,model_6b,0.3749,0.43264893
6297,model_6b,0.126,0.1769019
6298,model_6b,0.7243,0.7057998
6299,model_6b,0.2803,0.29065418
6300,model_6b,0.2326,0.25825545
6301,model_6b,0.2476,0.25883332
6302,model_6b,0.048,0.015327536
6303,model_6b,-0.0579,-0.023308255
6304,model_6b,0.2671,0.24169877
6305,model_6b,0.2702,0.25414062
6306,model_6b,0.0745,0.08309914
6307,model_6b,-0.044,-0.06446233
6308,model_6b,0.4013,0.17843974
6309,model_6b,0.1741,0.10877226
6310,model_6b,0.28,0.28311613
6311,model_6b,0.3123,0.33491394
6312,model_6b,0.2244,0.23020324
6313,model_6b,-0.0724,-0.07923233
6314,model_6b,-0.1737,-0.114577405
6315,model_6b,0.3393,0.28672466
6316,model_6b,0.1571,0.14770576
6317,model_6b,0.1801,0.18900546
6318,model_6b,0.5595,0.5101983
6319,model_6b,0.2539,0.2136251
6320,model_6b,0.1424,0.11953543
6321,model_6b,0.5416,0.52347594
6322,model_6b,0.6322,0.6197354
6323,model_6b,0.9013,0.8607327
6324,model_6b,0.2388,0.2021352
6325,model_6b,0.0292,0.009485699
6326,model_6b,0.2263,0.28644103
6327,model_6b,-0.0301,-0.036502086
6328,model_6b,-0.0393,-0.04874704
6329,model_6b,0.3149,0.2737939
6330,model_6b,0.1496,0.1025474
6331,model_6b,0.8375,0.84122145
6332,model_6b,0.3452,0.4193497
6333,model_6b,0.0905,0.07733047
6334,model_6b,0.279,0.31629443
6335,model_6b,0.7465,0.73445123
6336,model_6b,0.4102,0.40224972
6337,model_6b,0.179,0.1761069
6338,model_6b,0.342,0.29000112
6339,model_6b,0.1498,0.16811407
6340,model_6b,0.0013,0.04398727
6341,model_6b,0.1573,0.14098564
6342,model_6b,-0.0692,0.014025249
6343,model_6b,0.0915,0.12161476
6344,model_6b,-0.1217,-0.08624444
6345,model_6b,0.006,-0.03412982
6346,model_6b,0.1602,0.15226136
6347,model_6b,0.4953,0.481397
6348,model_6b,0.1028,0.08406724
6349,model_6b,0.4005,0.41940644
6350,model_6b,0.0468,0.02174852
6351,model_6b,0.1325,0.12198993
6352,model_6b,0.3984,0.41511732
6353,model_6b,0.4429,0.43123928
6354,model_6b,0.282,0.2907503
6355,model_6b,-0.0364,-0.0537977
6356,model_6b,0.3952,0.4061605
6357,model_6b,0.1896,0.21079418
6358,model_6b,0.1409,0.10091713
6359,model_6b,0.1024,0.29534444
6360,model_6b,0.3351,0.3109879
6361,model_6b,0.2263,0.2572896
6362,model_6b,0.0505,-0.0055051446
6363,model_6b,0.095,0.1105707
6364,model_6b,0.1807,0.18603963
6365,model_6b,0.4296,0.32440928
6366,model_6b,0.1463,0.14250913
6367,model_6b,0.5338,0.5225685
6368,model_6b,0.2108,0.1780853
6369,model_6b,0.4613,0.4488478
6370,model_6b,0.3876,0.36877403
6371,model_6b,0.0306,0.07453155
6372,model_6b,0.5567,0.5174462
6373,model_6b,0.3687,0.3823001
6374,model_6b,0.1993,0.2174891
6375,model_6b,0.8394,0.83412254
6376,model_6b,0.1974,0.23402181
6377,model_6b,0.0667,0.06410609
6378,model_6b,0.4488,0.44547173
6379,model_6b,0.4274,0.44330332
6380,model_6b,0.2094,0.24507618
6381,model_6b,0.1514,0.2720653
6382,model_6b,0.3395,0.30301204
6383,model_6b,-0.2121,-0.17324442
6384,model_6b,0.4152,0.37915626
6385,model_6b,0.2232,0.23469922
6386,model_6b,0.2168,0.18002656
6387,model_6b,0.3048,0.3243415
6388,model_6b,0.2816,0.2891874
6389,model_6b,0.2313,0.2814215
6390,model_6b,0.2101,0.2539212
6391,model_6b,0.2225,0.22470781
6392,model_6b,0.1334,0.16308856
6393,model_6b,0.4307,0.44039446
6394,model_6b,0.663,0.6396955
6395,model_6b,0.2275,0.16538547
6396,model_6b,-0.0826,-0.078517444
6397,model_6b,0.1978,0.20351256
6398,model_6b,-0.0077,0.0022795275
6399,model_6b,0.103,0.15928498
6400,model_6b,0.3007,0.28721213
6401,model_6b,0.372,0.38661906
6402,model_6b,0.512,0.54786086
6403,model_6b,0.2462,0.24531627
6404,model_6b,-0.0971,-0.104512684
6405,model_6b,0.3651,0.3417227
6406,model_6b,0.0519,0.032157097
6407,model_6b,0.1303,0.24634176
6408,model_6b,0.3447,0.39842853
6409,model_6b,0.4096,0.37072045
6410,model_6b,0.3269,0.36324987
6411,model_6b,0.656,0.6150667
6412,model_6b,0.2137,0.18583602
6413,model_6b,0.4386,0.4474134
6414,model_6b,0.4577,0.4415488
6415,model_6b,0.1256,0.1431013
6416,model_6b,0.1109,0.095077954
6417,model_6b,0.0655,0.08559802
6418,model_6b,0.367,0.40168917
6419,model_6b,0.0729,0.05254981
6420,model_6b,-0.012,0.02930218
6421,model_6b,0.2063,0.058126263
6422,model_6b,0.2196,0.1923141
6423,model_6b,0.202,0.25264683
6424,model_6b,-0.1732,-0.1816715
6425,model_6b,0.4411,0.37745753
6426,model_6b,0.1692,0.11821808
6427,model_6b,0.3644,0.39493644
6428,model_6b,0.1212,0.14202055
6429,model_6b,0.42,0.41320893
6430,model_6b,0.0774,0.13800271
6431,model_6b,0.2859,0.22857797
6432,model_6b,-0.003,0.026200049
6433,model_6b,0.3905,0.38313794
6434,model_6b,-0.1157,-0.10284888
6435,model_6b,0.2236,0.2194039
6436,model_6b,0.0544,0.07890103
6437,model_6b,0.127,0.11507478
6438,model_6b,0.388,0.37231052
6439,model_6b,0.6839,0.6757624
6440,model_6b,0.408,0.41642398
6441,model_6b,0.2601,0.27061865
6442,model_6b,0.8404,0.8119385
6443,model_6b,0.2563,0.25312945
6444,model_6b,0.0424,0.059890516
6445,model_6b,-0.0446,-0.05359269
6446,model_6b,0.1528,0.14099103
6447,model_6b,0.0167,0.010420591
6448,model_6b,0.06,0.08185913
6449,model_6b,0.1122,0.06890491
6450,model_6b,0.3215,0.34609887
6451,model_6b,0.1539,0.1787988
6452,model_6b,0.2696,0.2584844
6453,model_6b,-0.1477,-0.12584731
6454,model_6b,-0.2229,-0.2241996
6455,model_6b,0.2328,0.26067433
6456,model_6b,0.4605,0.39760107
6457,model_6b,0.1324,0.15092798
6458,model_6b,0.0226,0.020950697
6459,model_6b,0.4132,0.371245
6460,model_6b,0.4318,0.14678235
6461,model_6b,0.0504,0.05438133
6462,model_6b,0.3072,0.21647835
6463,model_6b,0.2909,0.28508794
6464,model_6b,-0.1657,-0.17045397
6465,model_6b,0.297,0.23238376
6466,model_6b,-0.0024,-0.023750298
6467,model_6b,0.4383,0.38711855
6468,model_6b,0.2722,0.30686104
6469,model_6b,0.2476,0.24618554
6470,model_6b,0.0755,0.06505573
6471,model_6b,0.0671,0.047349583
6472,model_6b,0.1315,0.21264404
6473,model_6b,0.6204,0.45329788
6474,model_6b,0.0764,0.058050666
6475,model_6b,0.2023,0.22303921
6476,model_6b,0.068,0.009950459
6477,model_6b,0.1277,0.18526685
6478,model_6b,0.0902,0.07990678
6479,model_6b,0.0133,-0.0055482984
6480,model_6b,0.1731,0.16456488
6481,model_6b,0.0095,-0.0047346875
6482,model_6b,0.0342,0.021939658
6483,model_6b,0.072,-0.034871235
6484,model_6b,0.2915,0.24416247
6485,model_6b,0.3185,0.36923435
6486,model_6b,0.0266,0.20038655
6487,model_6b,0.052,0.08059624
6488,model_6b,0.3406,0.36100546
6489,model_6b,0.0676,0.10504636
6490,model_6b,-0.0062,-0.0059748664
6491,model_6b,-0.0165,-0.04297643
6492,model_6b,0.1178,0.14148179
6493,model_6b,-0.0625,-0.030514367
6494,model_6b,0.6297,0.59028155
6495,model_6b,0.3723,0.3230963
6496,model_6b,0.2008,0.16786848
6497,model_6b,0.1166,0.08277644
6498,model_6b,0.0494,0.025346134
6499,model_6b,-0.0394,-0.067974545
6500,model_6b,0.4779,0.4612643
6501,model_6b,0.1558,0.16790873
6502,model_6b,0.7177,0.68798125
6503,model_6b,0.2762,0.25983503
6504,model_6b,0.3966,0.39905772
6505,model_6b,0.2741,0.39019558
6506,model_6b,-0.0232,-0.11480252
6507,model_6b,0.7848,0.7990589
6508,model_6b,0.1533,0.04763944
6509,model_6b,0.2418,0.23934552
6510,model_6b,0.0668,0.060046718
6511,model_6b,0.2878,0.272833
6512,model_6b,0.0928,0.08994129
6513,model_6b,0.0987,0.07858567
6514,model_6b,0.4317,0.4194621
6515,model_6b,0.1778,0.08959675
6516,model_6b,0.068,0.06937515
6517,model_6b,0.513,0.5035299
6518,model_6b,0.2727,0.30630642
6519,model_6b,0.056,0.06073959
6520,model_6b,0.0811,0.14221412
6521,model_6b,0.7914,0.77683026
6522,model_6b,0.1931,0.031367924
6523,model_6b,0.1981,0.20127797
6524,model_6b,0.1957,0.1535244
6525,model_6b,0.0694,0.080393404
6526,model_6b,0.6212,0.62111247
6527,model_6b,0.4761,0.47209585
6528,model_6b,0.4314,0.47140378
6529,model_6b,0.7991,0.7675096
6530,model_6b,0.0289,0.06019082
6531,model_6b,0.1747,0.1487587
6532,model_6b,-0.0269,-0.022719346
6533,model_6b,0.4011,0.48515314
6534,model_6b,0.3967,0.35002646
6535,model_6b,0.1965,0.2711729
6536,model_6b,0.5402,0.6029828
6537,model_6b,0.3441,0.31681865
6538,model_6b,0.1463,0.16527416
6539,model_6b,0.1934,0.22269139
6540,model_6b,0.7412,0.73620176
6541,model_6b,0.0042,-0.024626993
6542,model_6b,0.7054,0.6912842
6543,model_6b,0.1091,0.12607846
6544,model_6b,0.153,0.14899865
6545,model_6b,0.4269,0.44918004
6546,model_6b,-0.1313,-0.037703164
6547,model_6b,0.0209,-0.01963041
6548,model_6b,0.0697,0.09694542
6549,model_6b,0.3623,0.352003
6550,model_6b,0.0823,0.1818105
6551,model_6b,0.2128,0.24582857
6552,model_6b,0.3105,0.29611102
6553,model_6b,0.0689,0.16516039
6554,model_6b,0.4165,0.42599317
6555,model_6b,0.478,0.46170098
6556,model_6b,0.515,0.50806457
6557,model_6b,0.3416,0.29314825
6558,model_6b,0.1077,0.103413895
6559,model_6b,0.2477,0.22077748
6560,model_6b,0.3338,0.30662948
6561,model_6b,0.4154,0.38275006
6562,model_6b,0.564,0.5075392
6563,model_6b,0.1785,0.12638222
6564,model_6b,-0.1396,-0.103600375
6565,model_6b,0.0978,0.096140355
6566,model_6b,0.204,0.14862552
6567,model_6b,0.111,0.10683035
6568,model_6b,0.1836,0.17851213
6569,model_6b,0.4433,0.46560362
6570,model_6b,0.8485,0.84749323
6571,model_6b,-0.0649,-0.022102796
6572,model_6b,0.1367,0.1662448
6573,model_6b,0.1028,0.08641522
6574,model_6b,0.0518,0.066837974
6575,model_6b,0.5816,0.6358619
6576,model_6b,0.1789,0.18920381
6577,model_6b,0.7631,0.7441542
6578,model_6b,0.3558,0.12577352
6579,model_6b,0.1523,0.12311093
6580,model_6b,-0.0507,-0.028762206
6581,model_6b,0.1702,0.16865453
6582,model_6b,0.2592,0.25690967
6583,model_6b,0.3172,0.11087064
6584,model_6b,-0.1875,-0.18912596
6585,model_6b,0.3418,0.38362637
6586,model_6b,0.4076,0.43450037
6587,model_6b,-0.0046,0.0049985573
6588,model_6b,0.3524,0.34447774
6589,model_6b,0.4058,0.39819863
6590,model_6b,0.0849,0.11236486
6591,model_6b,0.3575,0.3392792
6592,model_6b,0.1286,0.22219193
6593,model_6b,0.4645,0.43476903
6594,model_6b,0.2534,0.24409339
6595,model_6b,0.5962,0.6123071
6596,model_6b,0.09,0.08044417
6597,model_6b,0.528,0.5713141
6598,model_6b,0.6171,0.59778464
6599,model_6b,0.826,0.6805694
6600,model_6b,0.1418,0.2084426
6601,model_6b,0.7059,0.6751365
6602,model_6b,0.291,0.26490086
6603,model_6b,0.7719,0.65138143
6604,model_6b,0.4094,0.3549908
6605,model_6b,0.2653,0.2502877
6606,model_6b,0.0583,0.046352215
6607,model_6b,0.2043,0.24946725
6608,model_6b,0.1362,0.15642574
6609,model_6b,0.4747,0.47207236
6610,model_6b,0.1026,0.13443407
6611,model_6b,-0.0913,-0.090488814
6612,model_6b,0.2231,0.21186724
6613,model_6b,0.1426,0.12710068
6614,model_6b,-0.1073,-0.12570775
6615,model_6b,0.2361,0.29604936
6616,model_6b,0.4424,0.4304088
6617,model_6b,0.518,0.54729134
6618,model_6b,0.1586,0.21114132
6619,model_6b,0.238,0.1848908
6620,model_6b,0.1724,0.20001331
6621,model_6b,-0.1778,-0.19203055
6622,model_6b,0.1317,0.18255313
6623,model_6b,0.1962,0.12147043
6624,model_6b,0.0172,0.040785093
6625,model_6b,0.5207,0.5275686
6626,model_6b,0.1928,0.16143543
6627,model_6b,0.0629,0.023911629
6628,model_6b,0.5556,0.4877961
6629,model_6b,0.0422,0.013148122
6630,model_6b,0.5849,0.5661978
6631,model_6b,0.827,0.76872885
6632,model_6b,0.0768,0.08991057
6633,model_6b,0.4351,0.3700505
6634,model_6b,0.2702,0.25048807
6635,model_6b,-0.1111,-0.12684691
6636,model_6b,0.2058,0.14439984
6637,model_6b,0.5358,0.5137541
6638,model_6b,0.5499,0.5308152
6639,model_6b,0.1161,0.181249
6640,model_6b,0.0108,0.20132571
6641,model_6b,0.1671,0.11488327
6642,model_6b,0.6596,0.66317415
6643,model_6b,0.4266,0.43587968
6644,model_6b,-0.0402,-0.05996979
6645,model_6b,0.1219,0.13208404
6646,model_6b,0.2061,0.18027252
6647,model_6b,0.7405,0.6878837
6648,model_6b,0.0663,0.03435438
6649,model_6b,0.1984,0.19333935
6650,model_6b,0.3698,0.44798562
6651,model_6b,0.075,0.057830147
6652,model_6b,0.5033,0.45728597
6653,model_6b,0.036,0.028733853
6654,model_6b,-0.0014,-0.057553582
6655,model_6b,-0.0087,-0.006269604
6656,model_6b,0.2431,0.17459059
6657,model_6b,0.1045,0.08742378
6658,model_6b,0.1423,0.17761144
6659,model_6b,0.1301,0.07863331
6660,model_6b,0.0557,0.06796822
6661,model_6b,-0.0719,-0.03307554
6662,model_6b,0.4321,0.4490315
6663,model_6b,0.1055,0.113159336
6664,model_6b,0.1593,0.13623528
6665,model_6b,0.2145,0.2251992
6666,model_6b,0.097,0.11789339
6667,model_6b,0.3077,0.2499435
6668,model_6b,0.4098,0.4177011
6669,model_6b,0.2198,0.19646692
6670,model_6b,-0.0694,-0.10334066
6671,model_6b,-0.0986,-0.13828748
6672,model_6b,-0.0015,0.0669917
6673,model_6b,-0.0828,-0.10696741
6674,model_6b,0.1829,0.22488368
6675,model_6b,0.0594,-0.02589202
6676,model_6b,-0.0483,-0.046155117
6677,model_6b,-0.1731,-0.17808235
6678,model_6b,0.1554,0.14884043
6679,model_6b,0.7179,0.7974789
6680,model_6b,0.1932,0.1525468
6681,model_6b,0.4048,0.4067526
6682,model_6b,0.4387,0.3219554
6683,model_6b,0.1126,0.18528628
6684,model_6b,-0.2122,-0.21547058
6685,model_6b,0.5444,0.50446707
6686,model_6b,0.3127,0.2946051
6687,model_6b,0.3728,0.38390967
6688,model_6b,-0.0718,-0.029470079
6689,model_6b,0.3851,0.38992915
6690,model_6b,0.0227,0.080069855
6691,model_6b,0.8755,0.88945305
6692,model_6b,0.26,0.2919219
6693,model_6b,0.0978,0.08281876
6694,model_6b,0.1429,0.14443304
6695,model_6b,0.3102,0.31568477
6696,model_6b,0.1025,0.093248054
6697,model_6b,0.4923,0.52043897
6698,model_6b,0.1257,0.08050109
6699,model_6b,0.0655,0.18879305
6700,model_6b,0.1257,0.10753195
6701,model_6b,0.1337,0.1555787
6702,model_6b,0.0565,0.07997247
6703,model_6b,0.0358,0.04757959
6704,model_6b,0.219,0.2656957
6705,model_6b,0.1125,0.08971604
6706,model_6b,-0.1224,-0.09398622
6707,model_6b,0.5175,0.5090224
6708,model_6b,0.21,0.23429865
6709,model_6b,0.1534,0.08508298
6710,model_6b,-0.0431,-0.072565
6711,model_6b,0.4648,0.3786221
6712,model_6b,0.1031,0.059985243
6713,model_6b,0.2858,0.31556162
6714,model_6b,0.2066,0.21433043
6715,model_6b,0.1097,0.20773801
6716,model_6b,0.5864,0.58017826
6717,model_6b,0.1359,0.1287847
6718,model_6b,0.7127,0.68557614
6719,model_6b,-0.0416,-0.110069565
6720,model_6b,0.2753,0.2370311
6721,model_6b,0.25,0.20253015
6722,model_6b,0.2636,0.25111943
6723,model_6b,0.1919,0.18498924
6724,model_6b,1.0267,0.95957524
6725,model_6b,-0.1257,-0.08330015
6726,model_6b,0.168,0.21674192
6727,model_6b,0.1374,0.13731094
6728,model_6b,0.1609,0.087745845
6729,model_6b,-0.04,-0.026924059
6730,model_6b,0.068,0.03818977
6731,model_6b,0.4405,0.5300303
6732,model_6b,0.7809,0.7391559
6733,model_6b,0.409,0.40110084
6734,model_6b,0.4654,0.415337
6735,model_6b,0.871,0.83835423
6736,model_6b,0.1976,0.19947097
6737,model_6b,-0.0376,-0.04333154
6738,model_6b,0.2928,0.29107204
6739,model_6b,-0.2707,-0.23363876
6740,model_6b,0.2829,0.35831276
6741,model_6b,-0.1185,-0.1097355
6742,model_6b,0.5144,0.5816554
6743,model_6b,-0.1846,-0.107858054
6744,model_6b,0.157,0.2102257
6745,model_6b,0.0615,0.048964184
6746,model_6b,-0.2221,-0.1692391
6747,model_6b,0.2411,0.27365205
6748,model_6b,-0.0456,-0.037443317
6749,model_6b,0.282,0.24145785
6750,model_6b,0.2466,0.25059775
6751,model_6b,0.0492,0.07250189
6752,model_6b,-0.1123,0.09060828
6753,model_6b,0.7365,0.76056266
6754,model_6b,0.3334,0.37225875
6755,model_6b,0.0794,0.083027184
6756,model_6b,0.0398,0.0072530285
6757,model_6b,0.2452,0.21813047
6758,model_6b,-0.0365,0.014779091
6759,model_6b,0.5086,0.50854653
6760,model_6b,0.2435,0.27519497
6761,model_6b,0.3967,0.43136343
6762,model_6b,0.3969,0.3789929
6763,model_6b,0.1073,0.086644605
6764,model_6b,0.1072,0.109433256
6765,model_6b,0.0363,-0.009485461
6766,model_6b,-0.1138,-0.10290509
6767,model_6b,0.0653,0.028642524
6768,model_6b,-0.0295,0.08888548
6769,model_6b,0.2637,0.18460354
6770,model_6b,0.1072,0.14112628
6771,model_6b,0.0064,-0.018740915
6772,model_6b,0.3785,0.4155669
6773,model_6b,0.8608,0.81542975
6774,model_6b,0.0772,0.057260845
6775,model_6b,0.3431,0.34450212
6776,model_6b,0.0949,0.107837126
6777,model_6b,0.4475,0.40128317
6778,model_6b,0.6001,0.6233367
6779,model_6b,0.0806,0.113847435
6780,model_6b,-0.2034,-0.23263445
6781,model_6b,0.4424,0.36579332
6782,model_6b,0.1855,0.22356829
6783,model_6b,0.0513,0.10219849
6784,model_6b,0.4497,0.45161217
6785,model_6b,-0.0049,-0.051025413
6786,model_6b,0.1728,0.17465615
6787,model_6b,0.173,0.1953722
6788,model_6b,0.0863,0.07129064
6789,model_6b,0.5623,0.55787915
6790,model_6b,-0.1634,-0.118474044
6791,model_6b,0.3863,0.39328396
6792,model_6b,0.2897,0.27825478
6793,model_6b,0.1685,0.11709781
6794,model_6b,0.1949,0.1934644
6795,model_6b,0.129,0.20724666
6796,model_6b,0.3091,0.36327368
6797,model_6b,0.2157,0.24968025
6798,model_6b,0.5034,0.47254774
6799,model_6b,0.0,-0.0018789321
6800,model_6b,0.3681,0.29080057
6801,model_6b,0.1152,0.1313501
6802,model_6b,0.4035,0.36748126
6803,model_6b,0.1368,0.13648254
6804,model_6b,0.6793,0.64075637
6805,model_6b,0.0099,0.10909541
6806,model_6b,0.5455,0.51915926
6807,model_6b,0.1477,0.13354874
6808,model_6b,0.5797,0.5626987
6809,model_6b,0.7226,0.7349894
6810,model_6b,0.2771,0.26593494
6811,model_6b,0.2224,0.26517642
6812,model_6b,0.576,0.6010059
6813,model_6b,0.2533,0.17574933
6814,model_6b,0.7663,0.75295603
6815,model_6b,0.5658,0.5745495
6816,model_6b,0.1961,0.26515657
6817,model_6b,0.0764,0.096434236
6818,model_6b,0.6282,0.63574827
6819,model_6b,0.403,0.45613012
6820,model_6b,0.1018,0.034639098
6821,model_6b,0.0508,0.050588615
6822,model_6b,-0.1082,-0.14019075
6823,model_6b,0.0323,0.10035959
6824,model_6b,0.1142,0.004195094
6825,model_6b,0.176,0.20889166
6826,model_6b,0.3041,0.32475185
6827,model_6b,0.4644,0.2914239
6828,model_6b,0.0577,0.023441318
6829,model_6b,-0.127,-0.09760065
6830,model_6b,0.0968,0.10928281
6831,model_6b,0.1701,0.15788808
6832,model_6b,0.1096,0.21233055
6833,model_6b,0.777,0.7181517
6834,model_6b,0.7682,0.74630713
6835,model_6b,0.1178,0.14159876
6836,model_6b,0.2699,0.32242584
6837,model_6b,0.1092,0.11955163
6838,model_6b,0.1755,0.18849406
6839,model_6b,0.0341,0.05844619
6840,model_6b,-0.0231,0.036251444
6841,model_6b,0.0221,0.028423656
6842,model_6b,0.7286,0.4266031
6843,model_6b,0.0289,0.058669038
6844,model_6b,0.4099,0.39988896
6845,model_6b,0.6125,0.53985274
6846,model_6b,0.2831,0.29108998
6847,model_6b,-0.0269,-0.03508436
6848,model_6b,0.4988,0.51050943
6849,model_6b,0.1505,0.19175968
6850,model_6b,0.1418,0.15292488
6851,model_6b,-0.1697,-0.15674108
6852,model_6b,0.1139,0.12668863
6853,model_6b,0.7929,0.7497889
6854,model_6b,0.164,0.26871997
6855,model_6b,0.1965,0.18128502
6856,model_6b,0.5778,0.57362074
6857,model_6b,0.3423,0.246878
6858,model_6b,-0.0633,-0.019510992
6859,model_6b,0.2726,0.305541
6860,model_6b,0.4312,0.42040586
6861,model_6b,0.2756,0.20633873
6862,model_6b,0.2999,0.24368286
6863,model_6b,0.1013,0.13700356
6864,model_6b,0.191,0.13495836
6865,model_6b,0.2435,0.23183146
6866,model_6b,0.0358,0.0259699
6867,model_6b,0.0788,-0.026378967
6868,model_6b,0.1598,0.17380378
6869,model_6b,0.0266,0.30706626
6870,model_6b,0.7153,0.6930562
6871,model_6b,0.4987,0.49083695
6872,model_6b,-0.0154,-0.020716935
6873,model_6b,0.1921,0.20157483
6874,model_6b,0.1822,0.11131163
6875,model_6b,0.9626,0.8456849
6876,model_6b,0.0815,0.06757818
6877,model_6b,0.0659,0.06701446
6878,model_6b,0.2713,0.26297894
6879,model_6b,0.1705,0.2501707
6880,model_6b,0.5863,0.6068061
6881,model_6b,0.1535,0.121708356
6882,model_6b,0.2765,0.28948548
6883,model_6b,0.228,0.20654795
6884,model_6b,0.4205,0.44736525
6885,model_6b,0.1916,0.18906297
6886,model_6b,0.0456,0.0101850405
6887,model_6b,0.2487,0.26728714
6888,model_6b,0.3257,0.31599325
6889,model_6b,0.1294,0.07278223
6890,model_6b,0.0682,0.0988842
6891,model_6b,-0.1035,-0.10529376
6892,model_6b,0.5758,0.5738086
6893,model_6b,0.4898,0.4929231
6894,model_6b,0.3345,0.3473123
6895,model_6b,0.4769,0.41903144
6896,model_6b,0.0827,0.041696094
6897,model_6b,0.802,0.79180443
6898,model_6b,0.4964,0.5560406
6899,model_6b,0.2405,0.2435036
6900,model_6b,0.1567,0.14530337
6901,model_6b,0.0318,0.08160274
6902,model_6b,0.0351,0.07858519
6903,model_6b,0.3793,0.37143987
6904,model_6b,0.711,0.7154706
6905,model_6b,0.5895,0.5964698
6906,model_6b,0.6604,0.61700183
6907,model_6b,0.3606,0.35126993
6908,model_6b,0.2429,0.22663468
6909,model_6b,0.1798,0.16130906
6910,model_6b,0.2549,0.18911579
6911,model_6b,0.2191,0.19833086
6912,model_6b,0.0669,0.055990122
6913,model_6b,-0.1026,-0.13342336
6914,model_6b,0.7311,0.78924537
6915,model_6b,0.3295,0.32997409
6916,model_6b,0.8279,0.780263
6917,model_6b,0.1074,0.13573185
6918,model_6b,0.3362,0.29580745
6919,model_6b,0.1393,0.060056638
6920,model_6b,0.1639,0.1665028
6921,model_6b,0.1715,0.15900669
6922,model_6b,0.4336,0.44861835
6923,model_6b,0.2806,0.2789025
6924,model_6b,0.5657,0.6022627
6925,model_6b,0.1233,0.13082135
6926,model_6b,0.2751,0.27576092
6927,model_6b,0.1444,0.18305491
6928,model_6b,0.3768,0.37995222
6929,model_6b,0.5754,0.55749786
6930,model_6b,0.3664,0.38495302
6931,model_6b,0.2502,0.20274243
6932,model_6b,0.0269,0.051154587
6933,model_6b,0.3812,0.38416284
6934,model_6b,0.1806,0.18069237
6935,model_6b,0.6819,0.6636121
6936,model_6b,0.3349,0.36623973
6937,model_6b,0.1962,0.19249085
6938,model_6b,0.0152,0.0064380765
6939,model_6b,0.0635,0.043682806
6940,model_6b,0.8142,0.7993463
6941,model_6b,0.4701,0.41867724
6942,model_6b,0.2031,0.24122962
6943,model_6b,0.3565,0.37346402
6944,model_6b,0.1344,0.22184059
6945,model_6b,0.937,0.9161165
6946,model_6b,0.0499,0.023951933
6947,model_6b,0.2217,0.24258557
6948,model_6b,0.1445,0.123631656
6949,model_6b,0.2527,0.25059095
6950,model_6b,1.067,1.0589112
6951,model_6b,0.0628,0.2263673
6952,model_6b,0.1884,0.22146183
6953,model_6b,-0.0139,-0.008995838
6954,model_6b,0.0081,0.024198368
6955,model_6b,0.0554,0.057728346
6956,model_6b,0.3289,0.3228453
6957,model_6b,0.1242,0.062021565
6958,model_6b,0.8217,0.88505983
6959,model_6b,0.1312,0.31626812
6960,model_6b,0.2389,0.22413361
6961,model_6b,0.1334,0.13818586
6962,model_6b,0.7724,0.79207563
6963,model_6b,0.1312,0.09086604
6964,model_6b,0.0767,0.01955147
6965,model_6b,-0.1716,-0.049001135
6966,model_6b,0.4157,0.36623463
6967,model_6b,0.2922,0.16907811
6968,model_6b,0.7934,0.7732618
6969,model_6b,0.1275,0.10160189
6970,model_6b,0.3263,0.27204734
6971,model_6b,0.098,0.04514635
6972,model_6b,0.3823,0.33876577
6973,model_6b,0.157,0.16957052
6974,model_6b,0.3437,0.3634874
6975,model_6b,0.2398,0.19970521
6976,model_6b,0.0125,0.017080478
6977,model_6b,0.1507,0.116281554
6978,model_6b,0.4334,0.4163836
6979,model_6b,0.6487,0.66634417
6980,model_6b,0.6348,0.5994663
6981,model_6b,0.135,0.1214391
6982,model_6b,0.1786,0.18746617
6983,model_6b,0.3281,0.42410827
6984,model_6b,0.1093,0.04724225
6985,model_6b,0.0036,0.009454422
6986,model_6b,0.1931,0.15619662
6987,model_6b,0.471,0.48190433
6988,model_6b,0.0758,0.054868225
6989,model_6b,0.0213,0.0025741756
6990,model_6b,0.196,0.20635486
6991,model_6b,0.4399,0.4176804
6992,model_6b,0.626,0.6109314
6993,model_6b,0.275,0.29545897
6994,model_6b,0.5516,0.51677746
6995,model_6b,0.6373,0.5682655
6996,model_6b,0.0175,-0.033610173
6997,model_6b,0.5077,0.478065
6998,model_6b,0.54,0.4557335
6999,model_6b,0.0018,-0.013338022
7000,model_6b,-0.0803,-0.04169605
7001,model_6b,0.2553,0.2580926
7002,model_6b,0.1294,0.14206256
7003,model_6b,0.6421,0.6430049
7004,model_6b,0.0453,0.029399432
7005,model_6b,0.335,0.3258018
7006,model_6b,0.1143,0.08162235
7007,model_6b,0.481,0.5110831
7008,model_6b,0.6586,0.646025
7009,model_6b,0.1196,0.099607885
7010,model_6b,0.1712,0.11270223
7011,model_6b,0.341,0.380023
7012,model_6b,0.2701,0.16007152
7013,model_6b,0.327,0.21178934
7014,model_6b,-0.1825,-0.16205874
7015,model_6b,-0.187,-0.18519709
7016,model_6b,0.4416,0.44430235
7017,model_6b,0.1193,0.11348535
7018,model_6b,0.2626,0.2272686
7019,model_6b,0.329,0.33578995
7020,model_6b,0.6762,0.66190386
7021,model_6b,0.3858,0.25895107
7022,model_6b,0.0448,0.003494665
7023,model_6b,0.0203,0.025874883
7024,model_6b,0.3184,0.27227122
7025,model_6b,0.4796,0.48120317
7026,model_6b,0.2943,0.2953121
7027,model_6b,0.4944,0.50351244
7028,model_6b,0.0979,0.077065215
7029,model_6b,0.5357,0.571375
7030,model_6b,0.2489,0.22573072
7031,model_6b,-0.118,-0.112032406
7032,model_6b,0.1726,0.16024461
7033,model_6b,-0.0489,0.038978077
7034,model_6b,0.4574,0.41643462
7035,model_6b,0.195,0.18238285
7036,model_6b,0.1011,0.047003884
7037,model_6b,0.4384,0.4301603
7038,model_6b,0.2277,0.2199291
7039,model_6b,0.1127,0.08905578
7040,model_6b,-0.0463,-0.06526045
7041,model_6b,0.2713,0.18170074
7042,model_6b,0.2099,0.25102663
7043,model_6b,0.0025,-0.019621693
7044,model_6b,-0.0991,-0.07299555
7045,model_6b,0.6415,0.6559528
7046,model_6b,0.495,0.4915639
7047,model_6b,0.7198,0.705063
7048,model_6b,0.3673,0.36086506
7049,model_6b,0.7941,0.72339773
7050,model_6b,-0.0023,-0.01384493
7051,model_6b,0.2499,0.2431986
7052,model_6b,0.1436,0.14927712
7053,model_6b,0.1444,0.121731855
7054,model_6b,0.0199,-0.0049477145
7055,model_6b,0.6121,0.5781264
7056,model_6b,0.1998,0.15764616
7057,model_6b,-0.1423,-0.16485822
7058,model_6b,0.347,0.34983295
7059,model_6b,0.5633,0.544163
7060,model_6b,0.0296,0.025190089
7061,model_6b,0.1204,0.14323625
7062,model_6b,0.4313,0.3968776
7063,model_6b,0.3765,0.36829796
7064,model_6b,0.0391,0.02462893
7065,model_6b,-0.067,-0.09161129
7066,model_6b,0.8606,0.88332456
7067,model_6b,0.1058,0.10804444
7068,model_6b,0.4276,0.47910544
7069,model_6b,0.089,0.03893265
7070,model_6b,0.1363,0.14643915
7071,model_6b,0.5358,0.53290284
7072,model_6b,0.1226,0.13638684
7073,model_6b,0.1781,0.31401718
7074,model_6b,0.2071,0.23753121
7075,model_6b,0.4405,0.4371694
7076,model_6b,0.2105,0.20382091
7077,model_6b,0.0385,0.013933934
7078,model_6b,0.4772,0.4616291
7079,model_6b,0.0211,0.03753325
7080,model_6b,0.5517,0.5567951
7081,model_6b,0.5731,0.5830865
7082,model_6b,0.5482,0.5181476
7083,model_6b,0.7281,0.74611974
7084,model_6b,0.1954,0.23121247
7085,model_6b,0.0811,0.07354113
7086,model_6b,0.3182,0.37542227
7087,model_6b,0.1673,0.13582341
7088,model_6b,-0.0147,0.038006824
7089,model_6b,0.2145,0.20845193
7090,model_6b,0.1858,0.20951018
7091,model_6b,-0.0923,-0.086011775
7092,model_6b,0.1003,0.10137184
7093,model_6b,0.3229,0.34467995
7094,model_6b,0.1195,0.18943213
7095,model_6b,0.3331,0.32412186
7096,model_6b,0.2779,0.30616906
7097,model_6b,0.1877,0.18283764
7098,model_6b,0.4638,0.44746247
7099,model_6b,0.0754,0.063250735
7100,model_6b,0.241,0.15063834
7101,model_6b,0.1214,0.13526829
7102,model_6b,0.2916,0.23583701
7103,model_6b,0.0528,0.10999784
7104,model_6b,0.0737,0.07763934
7105,model_6b,0.1864,0.24863023
7106,model_6b,0.3521,0.36713597
7107,model_6b,0.1187,0.11878641
7108,model_6b,0.1116,0.15586658
7109,model_6b,0.8346,0.8189577
7110,model_6b,0.0753,0.090395875
7111,model_6b,-0.1465,-0.0850592
7112,model_6b,0.0123,0.018564321
7113,model_6b,0.281,0.2926645
7114,model_6b,0.6575,0.5926822
7115,model_6b,0.6578,0.67238104
7116,model_6b,0.0075,0.034576837
7117,model_6b,0.3499,0.3637049
7118,model_6b,0.1701,0.13889387
7119,model_6b,-0.0616,0.006157823
7120,model_6b,0.4193,0.40200555
7121,model_6b,0.3505,0.35004583
7122,model_6b,0.0916,0.13000241
7123,model_6b,0.3352,0.37114272
7124,model_6b,0.502,0.47658542
7125,model_6b,-0.0402,0.14227644
7126,model_6b,0.5411,0.5093788
7127,model_6b,0.0189,0.03216625
7128,model_6b,0.9025,0.8731196
7129,model_6b,0.4792,0.46168378
7130,model_6b,0.4359,0.43223622
7131,model_6b,0.0342,0.013454288
7132,model_6b,0.3376,0.39260808
7133,model_6b,0.6672,0.5934136
7134,model_6b,0.7365,0.70663375
7135,model_6b,0.0725,0.072948486
7136,model_6b,0.4256,0.38353175
7137,model_6b,0.4236,0.38474944
7138,model_6b,0.505,0.45909664
7139,model_6b,0.0619,0.050757255
7140,model_6b,0.1557,0.09192839
7141,model_6b,0.6122,0.5969471
7142,model_6b,0.1344,0.14528503
7143,model_6b,0.5733,0.58720917
7144,model_6b,0.0915,0.078204535
7145,model_6b,0.2324,0.2310484
7146,model_6b,0.0089,0.09551175
7147,model_6b,-0.0167,-0.01966054
7148,model_6b,0.5369,0.54744077
7149,model_6b,0.1605,0.13237
7150,model_6b,0.6034,0.56393224
7151,model_6b,0.2298,0.2022703
7152,model_6b,0.4036,0.42818394
7153,model_6b,0.5426,0.54343253
7154,model_6b,-0.0807,0.01826661
7155,model_6b,-0.0972,-0.013313629
7156,model_6b,0.9831,0.9720888
7157,model_6b,0.1012,0.04474619
7158,model_6b,0.3333,0.36166304
7159,model_6b,0.2688,0.2877894
7160,model_6b,0.319,0.35669753
7161,model_6b,0.3018,0.34132567
7162,model_6b,0.4321,0.30459806
7163,model_6b,0.0059,0.00067903847
7164,model_6b,0.2298,0.24480224
7165,model_6b,-0.0076,-0.045783676
7166,model_6b,0.1878,0.2387312
7167,model_6b,0.4178,0.40955362
7168,model_6b,0.0843,0.26775074
7169,model_6b,0.4898,0.51723015
7170,model_6b,0.433,0.3994682
7171,model_6b,0.3664,0.40316102
7172,model_6b,0.3443,0.17141996
7173,model_6b,0.1009,0.08004864
7174,model_6b,-0.1764,-0.14047006
7175,model_6b,-0.142,-0.13211706
7176,model_6b,0.1857,0.18873475
7177,model_6b,1.0556,1.0358704
7178,model_6b,0.0007,-0.0022853613
7179,model_6b,0.1214,0.12128632
7180,model_6b,0.3586,0.3250634
7181,model_6b,0.4514,0.43422666
7182,model_6b,0.345,0.2576058
7183,model_6b,0.5442,0.48844436
7184,model_6b,0.0526,0.06812914
7185,model_6b,0.1344,0.08781527
7186,model_6b,0.2313,0.18493989
7187,model_6b,0.4946,0.49083826
7188,model_6b,0.1379,0.14777745
7189,model_6b,0.1242,0.123642966
7190,model_6b,0.5859,0.526849
7191,model_6b,0.2368,0.2717902
7192,model_6b,0.217,0.21433878
7193,model_6b,0.1769,0.24235553
7194,model_6b,-0.0167,0.114194885
7195,model_6b,0.0414,0.098413706
7196,model_6b,0.5049,0.4761319
7197,model_6b,-0.0295,-0.060074173
7198,model_6b,-0.0298,-0.020717405
7199,model_6b,0.1345,0.15198064
7200,model_6b,0.0585,0.05258573
7201,model_6b,-0.0053,-0.01017873
7202,model_6b,-0.0513,-0.058415867
7203,model_6b,0.2394,0.13962507
7204,model_6b,0.0026,-0.007877804
7205,model_6b,0.1897,0.17454147
7206,model_6b,0.1085,0.10980773
7207,model_6b,0.4222,0.4447061
7208,model_6b,-0.076,-0.037702426
7209,model_6b,0.2336,0.11260528
7210,model_6b,0.015,0.00061929226
7211,model_6b,0.0327,0.04657155
7212,model_6b,-0.0777,-0.09861558
7213,model_6b,0.7049,0.702404
7214,model_6b,0.0104,0.0059188157
7215,model_6b,0.1947,0.16482547
7216,model_6b,0.2538,0.27094465
7217,model_6b,0.0126,0.008813523
7218,model_6b,0.4791,0.47087315
7219,model_6b,0.5642,0.52237916
7220,model_6b,0.154,0.16294882
7221,model_6b,0.731,0.70616937
7222,model_6b,0.1106,0.15306076
7223,model_6b,0.2348,0.23493022
7224,model_6b,0.1341,0.16082239
7225,model_6b,0.3334,0.34740815
7226,model_6b,0.2843,0.1891571
7227,model_6b,0.0198,4.2058527e-05
7228,model_6b,0.0567,0.07190835
7229,model_6b,0.625,0.6266982
7230,model_6b,0.414,0.48531026
7231,model_6b,0.1883,0.23978165
7232,model_6b,0.0139,0.00949093
7233,model_6b,0.0278,0.022568084
7234,model_6b,0.2225,0.16519219
7235,model_6b,0.4466,0.4636757
7236,model_6b,0.017,0.04743473
7237,model_6b,0.1664,0.11761609
7238,model_6b,0.7497,0.7294773
7239,model_6b,0.8427,0.8200991
7240,model_6b,-0.124,-0.16237018
7241,model_6b,0.334,0.31538546
7242,model_6b,0.1582,0.18358013
7243,model_6b,-0.1585,-0.13214841
7244,model_6b,0.9227,0.8643265
7245,model_6b,0.0718,0.06082944
7246,model_6b,0.093,0.025999863
7247,model_6b,0.34,0.31215733
7248,model_6b,0.4915,0.5343973
7249,model_6b,0.203,0.20320489
7250,model_6b,0.5167,0.5193071
7251,model_6b,0.0107,0.010865912
7252,model_6b,0.3173,0.3563055
7253,model_6b,0.2127,0.23423848
7254,model_6b,0.5266,0.518145
7255,model_6b,-0.0674,-0.051081844
7256,model_6b,0.2153,0.19041517
7257,model_6b,0.1112,0.08843236
7258,model_6b,0.2634,0.25167692
7259,model_6b,0.0645,-0.012040272
7260,model_6b,0.245,0.23664337
7261,model_6b,0.4424,0.4346326
7262,model_6b,0.2736,0.27604863
7263,model_6b,0.0702,0.06441455
7264,model_6b,-0.1349,-0.17122093
7265,model_6b,0.437,0.40696457
7266,model_6b,0.1666,0.14476337
7267,model_6b,0.1071,0.12397752
7268,model_6b,0.5627,0.55017126
7269,model_6b,0.1663,0.12639278
7270,model_6b,0.3201,0.30778953
7271,model_6b,0.6009,0.5811694
7272,model_6b,0.1004,0.19296
7273,model_6b,0.0544,0.06780614
7274,model_6b,0.125,0.18803799
7275,model_6b,0.193,0.15373304
7276,model_6b,-0.0252,-0.06380937
7277,model_6b,-0.0153,-0.016214363
7278,model_6b,-0.0437,-0.07549114
7279,model_6b,0.0973,0.083920486
7280,model_6b,0.196,0.19399816
7281,model_6b,0.1112,0.09269894
7282,model_6b,-0.0243,0.05413882
7283,model_6b,0.0278,0.018315546
7284,model_6b,0.1136,0.1063642
7285,model_6b,0.352,0.403877
7286,model_6b,0.8297,0.76431334
7287,model_6b,0.7415,0.7461802
7288,model_6b,0.3901,0.38092986
7289,model_6b,0.0562,0.05542156
7290,model_6b,0.4363,0.43027422
7291,model_6b,0.7698,0.31299523
7292,model_6b,0.6199,0.5786602
7293,model_6b,0.2898,0.2846015
7294,model_6b,0.3921,0.37020347
7295,model_6b,-0.1219,-0.07050309
7296,model_6b,0.4638,0.49652278
7297,model_6b,0.2748,0.23906901
7298,model_6b,0.2485,0.20665962
7299,model_6b,-0.0762,-0.09563614
7300,model_6b,0.1625,0.14991787
7301,model_6b,0.4526,0.4427766
7302,model_6b,0.7691,0.73181903
7303,model_6b,0.1197,0.13391435
7304,model_6b,0.5091,0.5347891
7305,model_6b,0.1806,0.19975495
7306,model_6b,0.5763,0.5615107
7307,model_6b,0.3101,0.31130862
7308,model_6b,0.2138,0.19783656
7309,model_6b,0.3841,0.4025583
7310,model_6b,0.1265,0.116710104
7311,model_6b,0.4383,0.4013725
7312,model_6b,0.2217,0.25190628
7313,model_6b,0.2468,0.19103241
7314,model_6b,0.4665,0.4713742
7315,model_6b,0.1536,0.11236687
7316,model_6b,-0.0673,-0.082938276
7317,model_6b,0.3614,0.41336584
7318,model_6b,0.0246,0.026552994
7319,model_6b,0.2126,0.26153755
7320,model_6b,-0.0125,-0.0474421
7321,model_6b,-0.2356,-0.25485176
7322,model_6b,0.0527,0.06434922
7323,model_6b,0.1466,0.08855694
7324,model_6b,-0.1561,-0.12856326
7325,model_6b,0.1937,0.04749438
7326,model_6b,-0.0225,-0.06917483
7327,model_6b,0.1131,0.131043
7328,model_6b,0.201,0.19421928
7329,model_6b,0.5849,0.5953524
7330,model_6b,0.3454,0.43548238
7331,model_6b,0.0985,0.16260141
7332,model_6b,0.1893,0.24231565
7333,model_6b,-0.0123,0.013620414
7334,model_6b,0.1786,0.14908928
7335,model_6b,0.0997,0.10240941
7336,model_6b,0.5568,0.54359764
7337,model_6b,0.7978,0.822936
7338,model_6b,0.1048,0.11614595
7339,model_6b,0.1515,-0.06370551
7340,model_6b,0.3303,0.3309111
7341,model_6b,0.2885,0.24995464
7342,model_6b,0.4262,0.42797247
7343,model_6b,0.6581,0.46956766
7344,model_6b,0.1013,0.12550406
7345,model_6b,0.6821,0.6523737
7346,model_6b,0.2523,0.25636402
7347,model_6b,-0.0366,0.07491925
7348,model_6b,-0.2424,-0.014736958
7349,model_6b,0.0262,0.13462052
7350,model_6b,-0.0354,-0.05261805
7351,model_6b,0.2123,0.21197966
7352,model_6b,0.3802,0.43157366
7353,model_6b,0.0506,0.053359535
7354,model_6b,0.3097,0.30073005
7355,model_6b,0.117,0.14646295
7356,model_6b,0.1017,0.13576913
7357,model_6b,0.5535,0.5402707
7358,model_6b,0.4756,0.50038713
7359,model_6b,0.184,0.14490625
7360,model_6b,0.222,0.14246783
7361,model_6b,0.1367,0.093517885
7362,model_6b,0.0947,0.07849984
7363,model_6b,0.2377,0.2690577
7364,model_6b,0.027,0.035519067
7365,model_6b,0.2952,0.33569294
7366,model_6b,0.2216,0.2230475
7367,model_6b,0.1176,0.12733415
7368,model_6b,0.4472,0.3729479
7369,model_6b,0.1249,0.06788305
7370,model_6b,0.1594,0.15507755
7371,model_6b,0.4759,0.48871413
7372,model_6b,0.4621,0.38164875
7373,model_6b,-0.0201,-0.10111072
7374,model_6b,0.7551,0.7546549
7375,model_6b,0.1711,0.16356552
7376,model_6b,0.153,0.24837384
7377,model_6b,-0.107,-0.08714599
7378,model_6b,0.2338,0.14866611
7379,model_6b,0.0829,0.06261775
7380,model_6b,0.308,0.28947723
7381,model_6b,0.513,0.50402206
7382,model_6b,0.0754,0.06490478
7383,model_6b,0.0561,0.058531724
7384,model_6b,0.3066,0.22481477
7385,model_6b,0.1629,0.18885085
7386,model_6b,0.0554,0.063323185
7387,model_6b,0.163,0.20172301
7388,model_6b,0.2746,0.2940009
7389,model_6b,-0.0364,-0.008706279
7390,model_6b,0.3734,0.34625056
7391,model_6b,0.0265,0.007495202
7392,model_6b,0.2317,0.2867419
7393,model_6b,0.5595,0.6605372
7394,model_6b,0.486,0.4062296
7395,model_6b,0.37,0.39712667
7396,model_6b,-0.0227,-0.056310363
7397,model_6b,0.2906,0.19929343
7398,model_6b,0.0374,0.016936414
7399,model_6b,0.1764,0.13918656
7400,model_6b,0.2754,0.35579836
7401,model_6b,0.1422,0.06679354
7402,model_6b,0.0779,0.15740561
7403,model_6b,0.1316,0.14923269
7404,model_6b,0.061,0.07247402
7405,model_6b,0.0568,0.09437287
7406,model_6b,0.1312,0.04820688
7407,model_6b,0.2192,0.24879983
7408,model_6b,0.5499,0.45709756
7409,model_6b,0.2727,0.23095432
7410,model_6b,0.3238,0.31629387
7411,model_6b,0.1987,0.18790776
7412,model_6b,0.1043,0.06073952
7413,model_6b,0.4335,0.4471361
7414,model_6b,0.1903,0.2031911
7415,model_6b,0.1565,0.16682059
7416,model_6b,0.1464,0.14698485
7417,model_6b,-0.0751,-0.06966672
7418,model_6b,0.136,0.12962766
7419,model_6b,0.8712,0.86561406
7420,model_6b,0.2243,0.27868858
7421,model_6b,0.1915,0.13794324
7422,model_6b,-0.0257,-0.048569895
7423,model_6b,-0.0029,-0.0334225
7424,model_6b,0.2691,0.22353196
7425,model_6b,0.1199,0.12264693
7426,model_6b,0.4632,0.44617346
7427,model_6b,0.4501,0.50045484
7428,model_6b,0.1384,0.060370374
7429,model_6b,0.3117,0.30811957
7430,model_6b,0.1667,0.04571472
7431,model_6b,0.2709,0.22149238
7432,model_6b,0.1377,0.14708325
7433,model_6b,0.0023,0.0110050365
7434,model_6b,0.1823,0.14587262
7435,model_6b,0.188,0.17266828
7436,model_6b,0.3083,0.3226349
7437,model_6b,-0.1052,-0.091178454
7438,model_6b,0.1369,0.16497272
7439,model_6b,0.0508,0.037640445
7440,model_6b,0.6057,0.5742305
7441,model_6b,0.0298,0.040608365
7442,model_6b,0.951,0.9206283
7443,model_6b,0.7364,0.7260374
7444,model_6b,0.3655,0.36415535
7445,model_6b,-0.0868,-0.027770258
7446,model_6b,0.2912,0.30050144
7447,model_6b,0.0342,0.14916474
7448,model_6b,0.1011,0.04481566
7449,model_6b,0.1264,0.11635733
7450,model_6b,0.0728,0.071019396
7451,model_6b,-0.1733,-0.19368312
7452,model_6b,0.4437,0.48409012
7453,model_6b,0.2847,0.2805756
7454,model_6b,0.3751,0.3536758
7455,model_6b,0.013,0.03566621
7456,model_6b,0.0287,-0.041542985
7457,model_6b,0.2012,0.17440376
7458,model_6b,0.1821,0.21549526
7459,model_6b,0.8398,0.81773484
7460,model_6b,0.021,-0.030831032
7461,model_6b,0.2712,0.19350645
7462,model_6b,0.8266,0.9055171
7463,model_6b,-0.0589,-0.080707766
7464,model_6b,0.3069,0.32214612
7465,model_6b,-0.1489,-0.13487619
7466,model_6b,0.0577,0.028530098
7467,model_6b,0.0916,0.08498044
7468,model_6b,0.1588,0.087593585
7469,model_6b,0.2312,0.19623879
7470,model_6b,0.4346,0.47439906
7471,model_6b,-0.0147,0.010678381
7472,model_6b,0.4361,0.42141882
7473,model_6b,-0.0712,-0.07582194
7474,model_6b,-0.1863,-0.19399053
7475,model_6b,0.3692,0.3725756
7476,model_6b,0.7477,0.76447904
7477,model_6b,0.4946,0.49295774
7478,model_6b,0.0446,0.0313042
7479,model_6b,0.4638,0.4286106
7480,model_6b,0.2136,0.2778513
7481,model_6b,-0.0187,0.033200428
7482,model_6b,0.3986,0.4268137
7483,model_6b,-0.1999,-0.23644894
7484,model_6b,0.1973,0.16975603
7485,model_6b,-0.0583,-0.0465812
7486,model_6b,-0.0068,-0.0045337006
7487,model_6b,0.2906,0.2031981
7488,model_6b,0.2122,0.32744417
7489,model_6b,0.0948,0.025251642
7490,model_6b,0.1063,0.09871874
7491,model_6b,0.1561,0.17078513
7492,model_6b,0.5132,0.3959594
7493,model_6b,0.4579,0.43830663
7494,model_6b,-0.0445,-0.0240606
7495,model_6b,0.3432,0.29162088
7496,model_6b,0.0886,0.10982889
7497,model_6b,0.3938,0.43673974
7498,model_6b,0.0991,0.07423311
7499,model_6b,0.3782,0.38682124
7500,model_6b,0.3507,0.34967464
7501,model_6b,0.4007,0.40840212
7502,model_6b,0.4897,0.4631363
7503,model_6b,0.0061,-0.019161746
7504,model_6b,-0.2441,-0.022493087
7505,model_6b,-0.2667,-0.2395227
7506,model_6b,0.3256,0.32461533
7507,model_6b,0.0278,0.02374915
7508,model_6b,0.522,0.4536382
7509,model_6b,-0.0803,-0.12605333
7510,model_6b,0.2214,0.27330843
7511,model_6b,0.1195,0.12364505
7512,model_6b,0.5497,0.591677
7513,model_6b,0.0584,0.053350788
7514,model_6b,-0.0546,-0.08765254
7515,model_6b,0.3618,0.35817656
7516,model_6b,-0.0266,-0.024681672
7517,model_6b,0.7383,0.7048117
7518,model_6b,0.4452,0.43527868
7519,model_6b,0.0618,0.057508487
7520,model_6b,0.3014,0.2971093
7521,model_6b,0.0412,0.004809074
7522,model_6b,0.0754,0.05615683
7523,model_6b,0.2323,0.2353946
7524,model_6b,0.129,0.16346009
7525,model_6b,-0.1852,-0.18048951
7526,model_6b,0.0586,0.0038544238
7527,model_6b,0.4307,0.4107309
7528,model_6b,0.0009,-0.027452208
7529,model_6b,0.1341,0.10230265
7530,model_6b,0.088,0.069521084
7531,model_6b,0.317,0.26865408
7532,model_6b,0.0333,0.01140397
7533,model_6b,-0.0535,4.117936e-05
7534,model_6b,0.4628,0.4317192
7535,model_6b,0.0758,0.07616953
7536,model_6b,0.1737,0.16715184
7537,model_6b,0.2798,0.28251952
7538,model_6b,-0.0352,0.013746552
7539,model_6b,0.2469,0.28898266
7540,model_6b,0.4488,0.4266748
7541,model_6b,0.1244,0.15335959
7542,model_6b,0.3142,0.28928435
7543,model_6b,0.2088,0.23000386
7544,model_6b,0.1047,0.09564132
7545,model_6b,0.0542,0.039654158
7546,model_6b,0.594,0.6457763
7547,model_6b,0.1575,0.15086667
7548,model_6b,0.4553,0.54954946
7549,model_6b,0.5147,0.5781949
7550,model_6b,0.3859,0.37391028
7551,model_6b,-0.011,-0.0060620233
7552,model_6b,0.191,0.16338664
7553,model_6b,-0.1217,-0.13215044
7554,model_6b,0.0613,0.02274857
7555,model_6b,0.0995,0.15859193
7556,model_6b,0.17,0.30317712
7557,model_6b,0.0721,0.08524147
7558,model_6b,0.034,0.12923633
7559,model_6b,0.4836,0.50241965
7560,model_6b,0.3355,0.35259908
7561,model_6b,0.2584,0.31243786
7562,model_6b,0.4338,0.44698775
7563,model_6b,0.3421,0.40710977
7564,model_6b,0.0531,0.02951834
7565,model_6b,0.1993,0.19345388
7566,model_6b,0.1738,0.18119274
7567,model_6b,-0.0583,-0.055457048
7568,model_6b,0.3243,0.30102184
7569,model_6b,0.8565,0.8446262
7570,model_6b,-0.052,-0.02698695
7571,model_6b,0.8588,0.80526805
7572,model_6b,0.0077,0.011840634
7573,model_6b,0.4212,0.392547
7574,model_6b,-0.205,-0.18488747
7575,model_6b,0.7088,0.6910474
7576,model_6b,0.156,0.23778751
7577,model_6b,0.1977,0.13071634
7578,model_6b,0.3191,0.3119622
7579,model_6b,0.3547,0.43512085
7580,model_6b,0.4533,0.46808544
7581,model_6b,0.2233,0.24385321
7582,model_6b,0.2652,0.286024
7583,model_6b,0.8498,0.8370445
7584,model_6b,0.0997,0.11420415
7585,model_6b,0.1391,0.15519428
7586,model_6b,-0.0899,-0.07166404
7587,model_6b,0.3812,0.30596036
7588,model_6b,0.2053,0.19820768
7589,model_6b,0.1387,0.19598448
7590,model_6b,0.1988,0.24310455
7591,model_6b,0.2538,0.26914686
7592,model_6b,0.4954,0.47328493
7593,model_6b,0.1239,0.010504201
7594,model_6b,0.1201,0.06355292
7595,model_6b,0.7626,0.7312957
7596,model_6b,0.6754,0.6657218
7597,model_6b,0.0445,0.0835736
7598,model_6b,0.3562,0.41076246
7599,model_6b,0.695,0.6115698
7600,model_6b,0.1571,0.1308234
7601,model_6b,0.3424,0.3565305
7602,model_6b,0.2698,0.2811803
7603,model_6b,0.0662,0.05280797
7604,model_6b,0.1604,0.1988936
7605,model_6b,-0.2069,-0.19702125
7606,model_6b,0.0925,0.06621989
7607,model_6b,0.3833,0.3824793
7608,model_6b,0.0551,0.039804548
7609,model_6b,0.4173,0.44745705
7610,model_6b,0.1471,0.14920968
7611,model_6b,0.239,0.24281958
7612,model_6b,0.0615,0.108541325
7613,model_6b,-0.121,-0.12050987
7614,model_6b,0.508,0.50300056
7615,model_6b,0.1788,0.1665547
7616,model_6b,0.1813,0.19502476
7617,model_6b,0.4837,0.44840035
7618,model_6b,0.4034,0.3471341
7619,model_6b,0.516,0.5009012
7620,model_6b,0.1309,0.17831412
7621,model_6b,0.1019,0.10761584
7622,model_6b,0.2802,0.23914719
7623,model_6b,0.5535,0.53677243
7624,model_6b,0.1515,0.22434625
7625,model_6b,0.0072,-0.021082409
7626,model_6b,0.1939,0.18994471
7627,model_6b,-0.0453,0.019981995
7628,model_6b,0.1845,0.07157813
7629,model_6b,0.6,0.6208379
7630,model_6b,0.7875,0.76779145
7631,model_6b,0.3052,0.29534528
7632,model_6b,0.0214,0.32934204
7633,model_6b,-0.0389,-0.03660894
7634,model_6b,0.1277,0.103589386
7635,model_6b,0.1638,0.14863777
7636,model_6b,0.1365,0.05584974
7637,model_6b,0.1018,0.10588147
7638,model_6b,0.559,0.53281164
7639,model_6b,0.2306,0.09132012
7640,model_6b,0.1817,0.19155285
7641,model_6b,0.3523,0.32718137
7642,model_6b,0.1933,0.21068487
7643,model_6b,0.1334,0.14746231
7644,model_6b,0.3723,0.43387887
7645,model_6b,0.8032,0.73903954
7646,model_6b,-0.2069,-0.2702857
7647,model_6b,0.0572,0.0485551
7648,model_6b,-0.1588,-0.16947952
7649,model_6b,0.1902,0.23119864
7650,model_6b,0.2198,0.19148794
7651,model_6b,0.2062,0.17293033
7652,model_6b,0.2178,0.25778547
7653,model_6b,0.5964,0.50360996
7654,model_6b,0.6139,0.6324388
7655,model_6b,0.8674,0.8356939
7656,model_6b,0.1727,0.1167063
7657,model_6b,0.6951,0.7148709
7658,model_6b,0.0993,0.096282244
7659,model_6b,0.2609,0.21983182
7660,model_6b,-0.0737,-0.08961541
7661,model_6b,0.1199,0.07694203
7662,model_6b,0.5871,0.5713151
7663,model_6b,-0.0262,-0.08225865
7664,model_6b,0.0015,0.021907538
7665,model_6b,-0.0839,-0.08960583
7666,model_6b,0.1463,0.139981
7667,model_6b,0.372,0.2639089
7668,model_6b,-0.2334,-0.1446433
7669,model_6b,0.5,0.47433454
7670,model_6b,0.1008,0.08845974
7671,model_6b,0.0595,0.03867878
7672,model_6b,0.1666,0.1085998
7673,model_6b,0.0456,0.05702979
7674,model_6b,0.1695,0.16042995
7675,model_6b,0.1122,0.12671116
7676,model_6b,0.5221,0.4964325
7677,model_6b,0.2872,0.30338073
7678,model_6b,0.2908,0.24986821
7679,model_6b,0.3371,0.34021732
7680,model_6b,0.2536,0.2534483
7681,model_6b,0.2987,0.2983007
7682,model_6b,0.0344,0.02361134
7683,model_6b,-0.0008,0.014440298
7684,model_6b,0.3776,0.3874077
7685,model_6b,0.1389,0.2896242
7686,model_6b,0.5696,0.54354143
7687,model_6b,0.6434,0.6327822
7688,model_6b,0.0497,0.04572439
7689,model_6b,0.1627,0.15494609
7690,model_6b,-0.0176,0.07216642
7691,model_6b,0.8162,0.8577259
7692,model_6b,0.2964,0.28892025
7693,model_6b,0.6381,0.6481258
7694,model_6b,0.3905,0.4033698
7695,model_6b,0.0912,0.106931224
7696,model_6b,0.231,0.21746156
7697,model_6b,0.3373,0.31716362
7698,model_6b,0.2965,0.33128855
7699,model_6b,0.1444,0.17469862
7700,model_6b,0.4532,0.4316964
7701,model_6b,0.122,0.071529225
7702,model_6b,0.628,0.6933808
7703,model_6b,0.2851,0.25481302
7704,model_6b,0.03,0.026055414
7705,model_6b,-0.0039,-0.087576576
7706,model_6b,-0.0154,-0.01904606
7707,model_6b,0.1912,0.18689565
7708,model_6b,0.2824,0.30996287
7709,model_6b,0.2118,0.31297237
7710,model_6b,0.1922,0.21795273
7711,model_6b,0.3824,0.35201883
7712,model_6b,0.02,0.026279368
7713,model_6b,0.3946,0.31418636
7714,model_6b,0.0635,0.06436781
7715,model_6b,-0.039,-0.041045614
7716,model_6b,0.4585,0.53514075
7717,model_6b,0.3243,0.34470293
7718,model_6b,0.1648,0.1010414
7719,model_6b,0.1987,0.14488983
7720,model_6b,0.1872,0.15208456
7721,model_6b,0.1378,0.15879709
7722,model_6b,-0.099,-0.09056469
7723,model_6b,0.2793,0.13865781
7724,model_6b,0.3316,0.3129155
7725,model_6b,0.1795,0.15725115
7726,model_6b,0.1547,0.13211292
7727,model_6b,-0.1771,-0.20111796
7728,model_6b,0.0196,0.008493967
7729,model_6b,0.1495,0.17758474
7730,model_6b,0.3225,0.31466222
7731,model_6b,0.0093,0.0015458539
7732,model_6b,0.1619,0.1525414
7733,model_6b,0.1378,0.12342646
7734,model_6b,-0.0671,-0.07297134
7735,model_6b,0.0388,0.013410918
7736,model_6b,0.4338,0.45238867
7737,model_6b,0.1449,0.089895606
7738,model_6b,0.1351,0.13332003
7739,model_6b,0.2102,-0.06404368
7740,model_6b,0.3019,0.34393525
7741,model_6b,-0.1359,-0.0914012
7742,model_6b,0.0403,0.037146635
7743,model_6b,0.4138,0.4100633
7744,model_6b,0.196,0.20970315
7745,model_6b,0.025,0.052473873
7746,model_6b,0.0448,0.009736769
7747,model_6b,0.1714,0.17892209
7748,model_6b,0.7873,0.7567551
7749,model_6b,0.0168,0.017551593
7750,model_6b,0.3336,0.27549195
7751,model_6b,-0.1008,-0.03138344
7752,model_6b,0.336,0.32698056
7753,model_6b,0.1174,0.07123192
7754,model_6b,-0.0528,-0.04979492
7755,model_6b,0.6153,0.6203742
7756,model_6b,0.0935,0.07340163
7757,model_6b,-0.1282,-0.023972444
7758,model_6b,0.3772,0.3313181
7759,model_6b,0.3381,0.2600828
7760,model_6b,0.4151,0.43316644
7761,model_6b,-0.1532,-0.19565731
7762,model_6b,0.1122,0.11986901
7763,model_6b,0.2025,0.2899284
7764,model_6b,0.487,0.505558
7765,model_6b,0.2475,0.20509297
7766,model_6b,0.1275,0.14956337
7767,model_6b,0.2696,0.2498171
7768,model_6b,0.3628,0.35201916
7769,model_6b,0.4541,0.42709568
7770,model_6b,-0.1636,-0.16031009
7771,model_6b,0.0396,0.040860195
7772,model_6b,0.0041,0.00403101
7773,model_6b,-0.0169,-0.049369536
7774,model_6b,0.1009,0.08494584
7775,model_6b,-0.1121,-0.10677234
7776,model_6b,0.3194,0.3713129
7777,model_6b,0.1527,0.14392355
7778,model_6b,0.7047,0.6346953
7779,model_6b,0.1183,0.085180774
7780,model_6b,0.2584,0.28463688
7781,model_6b,-0.1028,0.0006315112
7782,model_6b,0.3608,0.3781413
7783,model_6b,0.0576,0.07133537
7784,model_6b,0.4577,0.4773608
7785,model_6b,0.4063,0.40805957
7786,model_6b,0.0818,0.06675779
7787,model_6b,0.2836,0.2894239
7788,model_6b,0.5066,0.5006029
7789,model_6b,0.4282,0.39943954
7790,model_6b,0.67,0.6007167
7791,model_6b,0.4959,0.4973636
7792,model_6b,0.2656,0.28051576
7793,model_6b,-0.0384,-0.040248632
7794,model_6b,0.1246,0.08234428
7795,model_6b,0.4572,0.45587802
7796,model_6b,0.3305,0.31042507
7797,model_6b,0.3568,0.35709774
7798,model_6b,0.3911,0.39187467
7799,model_6b,0.0545,0.10499579
7800,model_6b,0.01,0.071235046
7801,model_6b,0.0781,0.052964993
7802,model_6b,-0.1036,-0.11923077
7803,model_6b,0.1,0.06816221
7804,model_6b,0.6253,0.62333226
7805,model_6b,0.1911,0.19839036
7806,model_6b,0.3308,0.28187174
7807,model_6b,0.0041,0.004151553
7808,model_6b,0.1375,0.1571789
7809,model_6b,0.3768,0.36132258
7810,model_6b,0.2134,0.21078509
7811,model_6b,0.0861,0.0725517
7812,model_6b,0.2894,0.28547704
7813,model_6b,0.4128,0.42216173
7814,model_6b,0.3812,0.3508087
7815,model_6b,0.147,0.1979734
7816,model_6b,0.7102,0.66189027
7817,model_6b,0.4021,0.36792085
7818,model_6b,0.1532,0.27340707
7819,model_6b,0.2071,0.13705617
7820,model_6b,0.1293,0.20515975
7821,model_6b,0.0626,0.06627225
7822,model_6b,0.3771,0.34275052
7823,model_6b,0.3758,0.41136214
7824,model_6b,0.2291,0.32194805
7825,model_6b,0.8525,0.81268173
7826,model_6b,0.5083,0.50665915
7827,model_6b,0.0404,0.058764823
7828,model_6b,0.496,0.5050927
7829,model_6b,0.0823,0.07358127
7830,model_6b,0.0519,0.017864682
7831,model_6b,0.0538,0.05075676
7832,model_6b,0.7802,0.7528684
7833,model_6b,0.0349,0.09123658
7834,model_6b,0.5019,0.52593964
7835,model_6b,0.2279,0.08706469
7836,model_6b,0.5218,0.461879
7837,model_6b,0.266,0.27496704
7838,model_6b,0.1681,0.24229383
7839,model_6b,0.112,0.102195606
7840,model_6b,0.0314,0.05385302
7841,model_6b,0.2514,0.21997815
7842,model_6b,0.1654,0.17370501
7843,model_6b,0.2911,0.35568753
7844,model_6b,0.1324,0.1601513
7845,model_6b,0.1451,0.19432244
7846,model_6b,0.2122,0.155741
7847,model_6b,0.4885,0.47003826
7848,model_6b,0.1422,0.13365427
7849,model_6b,0.893,0.87496483
7850,model_6b,0.172,0.1470104
7851,model_6b,0.0872,0.061076757
7852,model_6b,0.3202,0.30192256
7853,model_6b,0.4865,0.5035594
7854,model_6b,0.3982,0.34957924
7855,model_6b,0.045,0.041223902
7856,model_6b,0.3512,0.3766043
7857,model_6b,0.2605,0.26871005
7858,model_6b,0.5737,0.5814668
7859,model_6b,0.7863,0.75926995
7860,model_6b,0.1633,0.34079418
7861,model_6b,0.1534,0.17020497
7862,model_6b,0.1058,0.09349198
7863,model_6b,-0.0711,-0.08434128
7864,model_6b,0.3967,0.38979653
7865,model_6b,0.2556,0.27566835
7866,model_6b,0.2316,0.15573296
7867,model_6b,0.0237,-0.0016133711
7868,model_6b,-0.1965,-0.1482409
7869,model_6b,0.1664,0.13208629
7870,model_6b,-0.044,0.14868328
7871,model_6b,0.4254,0.41674343
7872,model_6b,0.5146,0.516656
7873,model_6b,0.5227,0.5174197
7874,model_6b,0.3813,0.44280314
7875,model_6b,0.2022,0.26853195
7876,model_6b,0.174,0.1978635
7877,model_6b,0.4442,0.37292403
7878,model_6b,0.1327,0.09860654
7879,model_6b,0.1344,0.14371598
7880,model_6b,0.0602,0.085853174
7881,model_6b,0.1259,0.16024941
7882,model_6b,-0.085,-0.075937234
7883,model_6b,0.6118,0.595274
7884,model_6b,0.0827,0.09031606
7885,model_6b,0.468,0.46499684
7886,model_6b,0.8082,0.7855089
7887,model_6b,0.0236,0.05718286
7888,model_6b,0.0834,0.07199637
7889,model_6b,0.0741,0.08586992
7890,model_6b,-0.0312,0.017432325
7891,model_6b,0.4812,0.48155472
7892,model_6b,0.1985,0.24975872
7893,model_6b,0.5729,0.5870652
7894,model_6b,0.806,0.8271159
7895,model_6b,0.0111,0.060628362
7896,model_6b,0.3479,0.31122828
7897,model_6b,0.2207,0.20159818
7898,model_6b,0.1676,0.13445328
7899,model_6b,0.1055,0.12944758
7900,model_6b,0.128,0.12457611
7901,model_6b,0.0259,-0.1716061
7902,model_6b,0.1212,0.14604177
7903,model_6b,0.1985,0.18564159
7904,model_6b,0.0954,0.10890849
7905,model_6b,0.5642,0.060696013
7906,model_6b,0.1757,0.17811912
7907,model_6b,0.1588,0.12362339
7908,model_6b,0.2185,0.22001654
7909,model_6b,0.0539,0.035823047
7910,model_6b,0.7087,0.6251778
7911,model_6b,0.1029,0.22167993
7912,model_6b,-0.0829,-0.07853732
7913,model_6b,0.3109,0.30669144
7914,model_6b,0.3895,0.3414353
7915,model_6b,-0.1633,-0.07433314
7916,model_6b,0.2135,0.16915327
7917,model_6b,0.1851,0.21208173
7918,model_6b,0.2973,0.3090634
7919,model_6b,0.0036,0.00906495
7920,model_6b,0.41,0.36323628
7921,model_6b,0.0959,0.089441486
7922,model_6b,0.0548,0.010574572
7923,model_6b,0.0076,-0.06657008
7924,model_6b,-0.0779,-0.06060525
7925,model_6b,0.08,0.047177784
7926,model_6b,0.2207,0.303696
7927,model_6b,0.4413,0.39690146
7928,model_6b,0.0658,-0.02453027
7929,model_6b,0.3493,0.2867208
7930,model_6b,0.2391,0.2440893
7931,model_6b,0.023,0.07192609
7932,model_6b,0.594,0.5914889
7933,model_6b,0.3332,0.35849062
7934,model_6b,0.482,0.4852089
7935,model_6b,0.2071,0.16343844
7936,model_6b,0.8894,0.8836395
7937,model_6b,0.0461,0.05986453
7938,model_6b,0.2497,0.2538373
7939,model_6b,-0.2304,-0.20104697
7940,model_6b,0.3956,0.3533395
7941,model_6b,0.155,0.30575407
7942,model_6b,0.5459,0.58662397
7943,model_6b,0.1457,0.1366661
7944,model_6b,0.611,0.65567005
7945,model_6b,-0.0513,-0.04267583
7946,model_6b,0.2687,0.27055684
7947,model_6b,0.0447,0.05382475
7948,model_6b,0.513,0.46665913
7949,model_6b,0.2302,0.35520992
7950,model_6b,0.5604,0.5681192
7951,model_6b,0.6187,0.6786469
7952,model_6b,0.1463,0.14426419
7953,model_6b,0.2603,0.1938599
7954,model_6b,0.0076,0.008298814
7955,model_6b,0.0315,0.028475348
7956,model_6b,0.1645,0.2902223
7957,model_6b,0.2143,0.24717322
7958,model_6b,0.329,0.28209734
7959,model_6b,-0.0139,-0.009383254
7960,model_6b,0.3738,0.37657818
7961,model_6b,0.1203,0.12761414
7962,model_6b,0.0547,0.071697414
7963,model_6b,0.2056,0.20371646
7964,model_6b,0.1251,0.16271704
7965,model_6b,0.2334,0.21709833
7966,model_6b,0.2282,0.15797877
7967,model_6b,-0.0475,-0.093333565
7968,model_6b,0.1753,0.16339305
7969,model_6b,0.2433,0.26645944
7970,model_6b,0.3039,0.27988553
7971,model_6b,0.2911,0.32343164
7972,model_6b,0.5312,0.55942047
7973,model_6b,0.0045,-0.019864
7974,model_6b,0.2446,0.27029654
7975,model_6b,0.0783,0.08047987
7976,model_6b,0.1593,0.14622472
7977,model_6b,0.7371,0.6827558
7978,model_6b,0.4262,0.41133687
7979,model_6b,0.4948,0.45762834
7980,model_6b,0.169,0.117272034
7981,model_6b,0.1676,0.17993608
7982,model_6b,0.2038,0.21217161
7983,model_6b,0.1706,0.1640501
7984,model_6b,0.4307,0.45265254
7985,model_6b,0.1734,0.1937856
7986,model_6b,0.2079,0.08510726
7987,model_6b,0.1839,0.122104116
7988,model_6b,0.2274,0.24419612
7989,model_6b,0.2536,0.32580027
7990,model_6b,0.374,0.3423301
7991,model_6b,0.5417,0.5281397
7992,model_6b,0.815,0.8086088
7993,model_6b,0.2078,0.20477474
7994,model_6b,0.1419,0.17602807
7995,model_6b,0.2589,0.19472629
7996,model_6b,0.281,0.22231686
7997,model_6b,0.5114,0.51012236
7998,model_6b,0.0358,0.01626096
7999,model_6b,0.7986,0.7551204
8000,model_6b,0.6542,0.64608085
8001,model_6b,0.088,0.058461204
8002,model_6b,0.025,0.024394073
8003,model_6b,-0.0112,0.035127167
8004,model_6b,0.3338,0.3368678
8005,model_6b,0.2818,0.28826946
8006,model_6b,0.269,0.28415522
8007,model_6b,-0.0424,-0.04742933
8008,model_6b,0.1803,0.19120288
8009,model_6b,0.169,0.13920337
8010,model_6b,0.236,0.25701833
8011,model_6b,0.2198,0.23249674
8012,model_6b,0.1866,0.18126693
8013,model_6b,0.4248,0.39861324
8014,model_6b,0.2512,0.18452674
8015,model_6b,0.2158,0.25447884
8016,model_6b,-0.1,-0.11401553
8017,model_6b,-0.5749,0.0141586885
8018,model_6b,0.0946,0.104766056
8019,model_6b,0.8552,0.82834774
8020,model_6b,-0.1193,-0.14359379
8021,model_6b,0.5345,0.5410345
8022,model_6b,-0.0114,-0.024829552
8023,model_6b,0.2066,0.22170487
8024,model_6b,0.0119,0.037525255
8025,model_6b,-0.1535,-0.15628204
8026,model_6b,0.3214,0.274829
8027,model_6b,0.3994,0.3833096
8028,model_6b,0.0641,0.0021676794
8029,model_6b,0.4663,0.47482994
8030,model_6b,-0.0225,0.05136591
8031,model_6b,0.5976,0.55081606
8032,model_6b,0.2496,0.2723328
8033,model_6b,0.2314,0.21357578
8034,model_6b,0.0476,0.06855175
8035,model_6b,0.2053,0.20342192
8036,model_6b,0.3204,0.4666035
8037,model_6b,0.3088,0.2998413
8038,model_6b,-0.142,-0.15231097
8039,model_6b,0.3433,0.40675274
8040,model_6b,0.252,0.25064224
8041,model_6b,0.2221,0.21151227
8042,model_6b,0.2191,0.17306906
8043,model_6b,0.2066,0.18472332
8044,model_6b,0.0754,0.025072787
8045,model_6b,0.1489,0.104565755
8046,model_6b,0.1556,0.13236842
8047,model_6b,0.2323,0.20697793
8048,model_6b,0.1005,0.13358937
8049,model_6b,0.4096,0.43223193
8050,model_6b,0.1339,0.13866548
8051,model_6b,0.3487,0.33405456
8052,model_6b,0.144,0.072950765
8053,model_6b,-0.047,-0.022826858
8054,model_6b,0.0231,0.0024538115
8055,model_6b,0.0609,0.05155085
8056,model_6b,0.929,0.92520374
8057,model_6b,0.6836,0.6460389
8058,model_6b,0.4013,0.38422737
8059,model_6b,0.4146,0.41834497
8060,model_6b,0.1216,0.083052784
8061,model_6b,0.2479,0.32507312
8062,model_6b,0.2411,0.4075207
8063,model_6b,0.0501,0.037899956
8064,model_6b,0.2792,0.31181383
8065,model_6b,0.3772,0.36171243
8066,model_6b,0.5453,0.5024281
8067,model_6b,0.0991,0.05252762
8068,model_6b,0.8317,0.82089865
8069,model_6b,0.4374,0.44196382
8070,model_6b,0.0686,0.10751939
8071,model_6b,0.3364,0.35190108
8072,model_6b,0.298,0.29082188
8073,model_6b,0.1833,0.2604527
8074,model_6b,0.1203,0.08832148
8075,model_6b,0.4889,0.4625683
8076,model_6b,0.3597,0.49037227
8077,model_6b,0.1821,0.16385138
8078,model_6b,0.6694,0.65808845
8079,model_6b,0.386,0.30734903
8080,model_6b,0.1627,0.14621192
8081,model_6b,0.4063,0.38686505
8082,model_6b,0.2047,0.2505096
8083,model_6b,0.4378,0.42450747
8084,model_6b,0.2944,0.298365
8085,model_6b,0.0882,0.05492492
8086,model_6b,0.477,0.47374782
8087,model_6b,0.0561,0.06217737
8088,model_6b,0.2365,0.20899776
8089,model_6b,0.4709,0.46256316
8090,model_6b,0.3123,0.30420932
8091,model_6b,0.1103,0.13621484
8092,model_6b,0.5381,0.5324648
8093,model_6b,-0.0282,-0.03906423
8094,model_6b,-0.1078,0.0041868463
8095,model_6b,0.1588,0.12038863
8096,model_6b,0.312,0.33055153
8097,model_6b,0.6709,0.6323611
8098,model_6b,0.1096,0.11186935
8099,model_6b,0.5135,0.5057794
8100,model_6b,0.1184,0.10074667
8101,model_6b,-0.0023,0.016662821
8102,model_6b,0.4592,0.48441258
8103,model_6b,0.3461,0.33157474
8104,model_6b,0.7936,0.7589532
8105,model_6b,0.468,0.4595498
8106,model_6b,-0.0229,-0.04451192
8107,model_6b,0.8707,0.87713194
8108,model_6b,0.3845,0.35728246
8109,model_6b,0.4534,0.41655296
8110,model_6b,0.314,0.31089506
8111,model_6b,0.5015,0.2541862
8112,model_6b,0.3327,0.33891883
8113,model_6b,0.1622,0.16596049
8114,model_6b,0.1257,0.14477538
8115,model_6b,0.3908,0.4411585
8116,model_6b,0.108,0.15109138
8117,model_6b,0.3197,0.26028532
8118,model_6b,0.1599,0.09191896
8119,model_6b,0.4747,0.46858385
8120,model_6b,0.5028,0.5088448
8121,model_6b,0.5039,0.19382915
8122,model_6b,0.3143,0.2773483
8123,model_6b,0.2406,0.27771944
8124,model_6b,0.3679,0.3728965
8125,model_6b,0.3705,0.2461491
8126,model_6b,0.7953,0.7967961
8127,model_6b,-0.0161,-0.02789653
8128,model_6b,0.311,0.3575562
8129,model_6b,0.2225,0.21747029
8130,model_6b,0.4598,0.42389053
8131,model_6b,0.2595,0.2345973
8132,model_6b,0.4819,0.4916061
8133,model_6b,0.2515,0.2162542
8134,model_6b,-0.13,-0.10814958
8135,model_6b,0.5165,0.54465985
8136,model_6b,0.331,0.33631703
8137,model_6b,0.295,0.31177494
8138,model_6b,0.1406,0.15309528
8139,model_6b,0.467,0.4349049
8140,model_6b,0.391,0.4349683
8141,model_6b,0.2831,0.2400147
8142,model_6b,0.0039,0.050452646
8143,model_6b,-0.1949,-0.10073813
8144,model_6b,0.8661,0.8857112
8145,model_6b,0.3169,0.28378192
8146,model_6b,0.1683,0.2219423
8147,model_6b,0.0904,0.11104174
8148,model_6b,0.1558,0.13810763
8149,model_6b,0.2756,0.29900134
8150,model_6b,0.2354,0.21025646
8151,model_6b,0.2313,0.15983382
8152,model_6b,-0.2592,-0.26002088
8153,model_6b,0.47,0.46481457
8154,model_6b,0.3482,0.4111114
8155,model_6b,0.2288,0.20393845
8156,model_6b,0.1333,-0.005389586
8157,model_6b,0.0752,0.091812134
8158,model_6b,0.5703,0.5799614
8159,model_6b,0.1318,0.17662512
8160,model_6b,0.4238,0.47473538
8161,model_6b,0.1957,0.12455954
8162,model_6b,-0.0309,0.0033302605
8163,model_6b,-0.2026,-0.12769482
8164,model_6b,0.1492,0.16398533
8165,model_6b,0.101,0.10853121
8166,model_6b,0.4566,0.4081502
8167,model_6b,0.5861,0.6004429
8168,model_6b,0.5031,0.49908236
8169,model_6b,0.286,0.293817
8170,model_6b,-0.1244,-0.08003122
8171,model_6b,-0.0963,0.08283027
8172,model_6b,0.1343,0.080112144
8173,model_6b,-0.0445,0.01646518
8174,model_6b,0.3268,0.34700564
8175,model_6b,0.0759,0.06209988
8176,model_6b,-0.0004,-0.023690946
8177,model_6b,0.1804,0.15315592
8178,model_6b,0.3891,0.37516758
8179,model_6b,0.476,0.42922738
8180,model_6b,0.1044,0.20023465
8181,model_6b,0.1481,0.12706497
8182,model_6b,0.2509,0.2370705
8183,model_6b,-0.0014,-0.025277145
8184,model_6b,0.0709,0.055467743
8185,model_6b,0.0406,0.05159105
8186,model_6b,0.9323,0.92569256
8187,model_6b,0.2264,0.19652832
8188,model_6b,0.0986,0.008690961
8189,model_6b,0.0672,0.066249534
8190,model_6b,0.0755,0.08376513
8191,model_6b,0.197,0.18903497
8192,model_6b,0.516,0.5415114
8193,model_6b,0.2858,0.3334736
8194,model_6b,0.8269,0.8035017
8195,model_6b,0.9665,0.93538284
8196,model_6b,0.2358,0.2178618
8197,model_6b,-0.1734,-0.21488929
8198,model_6b,0.4393,0.39054272
8199,model_6b,-0.14,-0.14323527
8200,model_6b,0.5755,0.5813389
8201,model_6b,0.6711,0.5814631
8202,model_6b,0.2002,0.24930048
8203,model_6b,0.1867,0.14936027
8204,model_6b,0.3063,0.28095803
8205,model_6b,0.7297,0.7088033
8206,model_6b,0.1701,0.18417954
8207,model_6b,0.3475,0.3652221
8208,model_6b,0.0842,0.124089964
8209,model_6b,-0.0014,0.064885944
8210,model_6b,0.1991,0.21074387
8211,model_6b,0.1758,0.19032556
8212,model_6b,-0.0328,-0.046181805
8213,model_6b,0.1432,-0.011118166
8214,model_6b,0.1607,0.13584936
8215,model_6b,0.0929,0.09936495
8216,model_6b,0.1573,0.1450296
8217,model_6b,-0.0366,-0.034580886
8218,model_6b,0.1659,0.1930711
8219,model_6b,0.6421,0.6609998
8220,model_6b,0.1158,0.11004364
8221,model_6b,0.5968,0.5486807
8222,model_6b,0.4382,0.36745724
8223,model_6b,-0.0089,0.01699154
8224,model_6b,0.7888,0.79127586
8225,model_6b,0.1321,0.2598338
8226,model_6b,0.1556,0.18141119
8227,model_6b,0.1571,0.13739829
8228,model_6b,0.2813,0.27765167
8229,model_6b,-0.0553,-0.061743878
8230,model_6b,-0.0286,0.08379712
8231,model_6b,0.0898,0.084316075
8232,model_6b,0.256,0.2538396
8233,model_6b,0.1174,0.13369274
8234,model_6b,-0.1422,-0.19206288
8235,model_6b,0.2153,0.2465783
8236,model_6b,0.089,0.18746138
8237,model_6b,0.1971,0.20171282
8238,model_6b,0.1902,0.2211301
8239,model_6b,0.5737,0.56880873
8240,model_6b,-0.0696,0.0035827756
8241,model_6b,0.3303,0.29534945
8242,model_6b,0.32,0.33991995
8243,model_6b,-0.0404,-0.024299778
8244,model_6b,0.0821,0.07174642
8245,model_6b,0.0895,0.2556932
8246,model_6b,0.3422,0.3290296
8247,model_6b,0.6671,0.6034787
8248,model_6b,0.1434,0.19609779
8249,model_6b,0.0903,0.08990839
8250,model_6b,-0.0377,-0.0703351
8251,model_6b,0.2015,0.26346657
8252,model_6b,-0.2146,-0.21156523
8253,model_6b,0.4999,0.48957285
8254,model_6b,0.1687,0.17230016
8255,model_6b,0.1481,0.15246162
8256,model_6b,-0.0119,-0.064496346
8257,model_6b,0.1368,0.37772623
8258,model_6b,0.532,0.5222872
8259,model_6b,0.1131,0.11084016
8260,model_6b,0.2654,0.26117483
8261,model_6b,0.5252,0.47258058
8262,model_6b,0.102,0.08669762
8263,model_6b,0.1438,0.12831104
8264,model_6b,0.3371,0.22715384
8265,model_6b,-0.1646,-0.18945959
8266,model_6b,0.0757,0.07730426
8267,model_6b,0.3713,0.38587514
8268,model_6b,0.261,0.21549708
8269,model_6b,0.4555,0.45710108
8270,model_6b,0.523,0.55838555
8271,model_6b,0.2208,0.1880143
8272,model_6b,0.1665,0.22676897
8273,model_6b,0.1519,0.16667403
8274,model_6b,0.084,0.12940119
8275,model_6b,0.2562,0.23783225
8276,model_6b,0.1587,0.13580787
8277,model_6b,0.2921,0.3208197
8278,model_6b,0.346,0.34758103
8279,model_6b,0.1752,0.12933867
8280,model_6b,0.0576,0.07248689
8281,model_6b,0.2593,0.24967313
8282,model_6b,0.6237,0.63701195
8283,model_6b,0.6642,0.6688494
8284,model_6b,0.1626,0.21703333
8285,model_6b,0.0199,-0.07201909
8286,model_6b,0.351,0.3235297
8287,model_6b,0.1391,0.119694695
8288,model_6b,0.1439,0.16406824
8289,model_6b,-0.118,-0.114766635
8290,model_6b,0.1575,0.13031203
8291,model_6b,0.1039,0.080213144
8292,model_6b,0.058,0.04232986
8293,model_6b,0.3379,0.35585973
8294,model_6b,0.1154,0.0793796
8295,model_6b,-0.0239,-0.047374494
8296,model_6b,0.018,0.027397264
8297,model_6b,-0.0247,-0.0756822
8298,model_6b,0.0036,-0.00338424
8299,model_6b,0.2146,0.22579128
8300,model_6b,0.8651,0.8637426
8301,model_6b,0.0975,0.117896765
8302,model_6b,0.203,0.13206047
8303,model_6b,0.2146,0.29587817
8304,model_6b,0.7202,0.6851888
8305,model_6b,0.0498,0.042245604
8306,model_6b,-0.0454,-0.021791682
8307,model_6b,0.0339,0.009462006
8308,model_6b,0.4762,0.2787794
8309,model_6b,0.1491,0.14794564
8310,model_6b,0.3627,0.3606527
8311,model_6b,0.842,0.8169179
8312,model_6b,0.2339,0.23024449
8313,model_6b,0.0146,0.007442333
8314,model_6b,0.1571,0.18173069
8315,model_6b,-0.0455,-0.08309469
8316,model_6b,0.2512,0.23473802
8317,model_6b,0.1304,0.09135688
8318,model_6b,0.6412,0.6550039
8319,model_6b,0.2924,0.27177715
8320,model_6b,0.1715,0.18506728
8321,model_6b,0.0157,-0.032449134
8322,model_6b,0.1155,0.10816015
8323,model_6b,-0.0113,0.06811588
8324,model_6b,0.1165,0.05820517
8325,model_6b,0.4428,0.525135
8326,model_6b,0.4851,0.55054504
8327,model_6b,0.3105,0.33084172
8328,model_6b,0.2339,0.27065685
8329,model_6b,0.6122,0.60440856
8330,model_6b,0.0809,0.08460802
8331,model_6b,0.9447,0.85196465
8332,model_6b,0.1303,0.15520479
8333,model_6b,0.2879,0.3165446
8334,model_6b,-0.0406,-0.028486691
8335,model_6b,0.1661,0.14468136
8336,model_6b,0.4717,0.47088942
8337,model_6b,0.2581,0.27859652
8338,model_6b,0.2614,0.23801023
8339,model_6b,0.2206,0.2707001
8340,model_6b,0.4404,0.38893446
8341,model_6b,-0.0225,-0.0449102
8342,model_6b,0.1362,0.13876744
8343,model_6b,0.122,0.13760607
8344,model_6b,0.2478,0.24148878
8345,model_6b,0.0804,0.08699685
8346,model_6b,0.0896,0.08916071
8347,model_6b,0.2589,0.29088664
8348,model_6b,0.1241,0.1274701
8349,model_6b,0.0953,0.12032575
8350,model_6b,0.3806,0.39299956
8351,model_6b,0.3132,0.3138393
8352,model_6b,0.1667,0.10050906
8353,model_6b,0.4849,0.47690633
8354,model_6b,-0.0329,0.13052866
8355,model_6b,0.5584,0.5303168
8356,model_6b,0.0591,0.079431824
8357,model_6b,0.4223,0.41367325
8358,model_6b,-0.1287,-0.12536258
8359,model_6b,0.2548,0.29456332
8360,model_6b,0.1733,0.23334947
8361,model_6b,0.0309,0.021418162
8362,model_6b,0.1838,0.1930245
8363,model_6b,0.0496,0.04994122
8364,model_6b,0.6049,0.5912671
8365,model_6b,0.2337,0.26834646
8366,model_6b,-0.163,-0.2007198
8367,model_6b,0.633,0.52932286
8368,model_6b,0.2357,0.1806108
8369,model_6b,0.0549,0.08572736
8370,model_6b,0.1392,0.1342886
8371,model_6b,0.499,0.48341873
8372,model_6b,0.4157,0.31530026
8373,model_6b,0.3054,0.3184182
8374,model_6b,0.1348,0.25524133
8375,model_6b,0.1066,0.12638566
8376,model_6b,0.2705,0.24786514
8377,model_6b,0.2422,0.22253457
8378,model_6b,0.1623,0.12202568
8379,model_6b,0.1289,0.18196015
8380,model_6b,0.0515,0.08947429
8381,model_6b,0.3696,0.37109476
8382,model_6b,0.5245,0.4032019
8383,model_6b,0.1274,0.12358391
8384,model_6b,0.074,0.11708091
8385,model_6b,0.2207,0.2584566
8386,model_6b,-0.0335,-0.0786959
8387,model_6b,0.2783,0.32170743
8388,model_6b,0.0534,0.07258984
8389,model_6b,0.5358,0.452036
8390,model_6b,0.0646,0.037350878
8391,model_6b,0.2973,0.275813
8392,model_6b,-0.2085,-0.1408059
8393,model_6b,-0.0118,0.031679355
8394,model_6b,0.3737,0.36819503
8395,model_6b,0.1555,0.15451458
8396,model_6b,0.3779,0.37859395
8397,model_6b,0.1482,0.12741512
8398,model_6b,0.2755,0.2548282
8399,model_6b,0.3749,0.4558535
8400,model_6b,0.0899,0.03880781
8401,model_6b,0.3519,0.26697013
8402,model_6b,0.4123,0.39626542
8403,model_6b,0.1541,0.21043137
8404,model_6b,-0.0532,-0.05125057
8405,model_6b,0.3114,0.241036
8406,model_6b,0.3575,0.25113627
8407,model_6b,0.3541,0.35405996
8408,model_6b,0.0643,0.02467069
8409,model_6b,0.1829,0.21329641
8410,model_6b,0.4503,0.44691524
8411,model_6b,-0.1198,-0.14624077
8412,model_6b,0.0585,0.0355691
8413,model_6b,-0.0512,-0.08567066
8414,model_6b,0.6584,0.61923194
8415,model_6b,0.4088,0.41054147
8416,model_6b,0.3131,0.34652022
8417,model_6b,0.8609,0.78399104
8418,model_6b,0.3183,0.31672496
8419,model_6b,0.4465,0.42637768
8420,model_6b,-0.1397,-0.13898277
8421,model_6b,0.1518,0.10642874
8422,model_6b,0.3018,0.33986762
8423,model_6b,0.2035,0.18168491
8424,model_6b,0.3751,0.36897925
8425,model_6b,0.1341,0.11839026
8426,model_6b,0.0226,0.048917748
8427,model_6b,0.2792,0.27491057
8428,model_6b,0.1594,0.14336881
8429,model_6b,0.1327,0.1059345
8430,model_6b,0.6031,0.58346105
8431,model_6b,-0.0169,-0.06301872
8432,model_6b,-0.2042,-0.19472417
8433,model_6b,-0.1098,-0.111384146
8434,model_6b,-0.06,-0.055595048
8435,model_6b,0.5641,0.5770434
8436,model_6b,0.1709,0.17688134
8437,model_6b,0.2249,0.26368523
8438,model_6b,0.2594,0.22054142
8439,model_6b,-0.2033,-0.26010904
8440,model_6b,0.3997,0.36127886
8441,model_6b,0.2886,0.2765213
8442,model_6b,0.0537,0.04266955
8443,model_6b,0.1632,0.15867087
8444,model_6b,0.0502,0.2567228
8445,model_6b,0.2989,0.24065575
8446,model_6b,0.7463,0.71177244
8447,model_6b,0.0917,0.10806303
8448,model_6b,0.1228,0.13036074
8449,model_6b,0.0764,0.07786833
8450,model_6b,0.1997,0.2684726
8451,model_6b,0.0639,0.035026137
8452,model_6b,0.2147,0.22907987
8453,model_6b,0.1924,0.21752086
8454,model_6b,0.2336,0.2406866
8455,model_6b,0.1368,0.10019666
8456,model_6b,-0.0726,0.07751475
8457,model_6b,0.0723,0.057578877
8458,model_6b,0.5147,0.5084127
8459,model_6b,0.6486,0.5739403
8460,model_6b,0.4589,0.4232535
8461,model_6b,0.1824,0.047853395
8462,model_6b,0.5554,0.57624125
8463,model_6b,0.1301,0.1553773
8464,model_6b,0.0471,0.05840262
8465,model_6b,0.1604,0.3631505
8466,model_6b,0.1757,0.18530738
8467,model_6b,0.1223,0.14414987
8468,model_6b,0.1768,0.15048034
8469,model_6b,0.111,0.14615737
8470,model_6b,0.1488,0.23438504
8471,model_6b,0.4514,0.42262816
8472,model_6b,0.0752,0.109608546
8473,model_6b,0.1796,0.1852453
8474,model_6b,0.1721,0.2692454
8475,model_6b,0.3159,0.29129982
8476,model_6b,0.0185,-0.015037037
8477,model_6b,0.2317,0.20634559
8478,model_6b,0.839,0.8070891
8479,model_6b,-0.1053,-0.062425666
8480,model_6b,0.6241,0.59533066
8481,model_6b,0.2437,0.28448611
8482,model_6b,0.4658,0.29393333
8483,model_6b,0.5296,0.5376952
8484,model_6b,0.3454,0.3388426
8485,model_6b,-0.0523,-0.048949458
8486,model_6b,0.2367,0.21789736
8487,model_6b,-0.0318,0.05838211
8488,model_6b,-0.1389,-0.050892748
8489,model_6b,0.4072,0.4236569
8490,model_6b,0.2072,0.17294396
8491,model_6b,-0.1929,-0.16567829
8492,model_6b,-0.044,-0.054247968
8493,model_6b,0.024,0.017235696
8494,model_6b,0.0527,0.07818986
8495,model_6b,0.4268,0.47170374
8496,model_6b,0.0467,0.094530374
8497,model_6b,0.2166,0.24797735
8498,model_6b,0.3644,0.18374136
8499,model_6b,0.0742,0.12041657
8500,model_6b,0.1657,0.18113825
8501,model_6b,-0.0197,-0.06612257
8502,model_6b,0.1168,0.106147125
8503,model_6b,0.6326,0.6726397
8504,model_6b,0.7376,0.65654
8505,model_6b,0.0216,0.061511353
8506,model_6b,0.1767,0.19189274
8507,model_6b,0.1621,0.2440075
8508,model_6b,0.3109,0.34132966
8509,model_6b,0.1434,0.1321458
8510,model_6b,0.1444,0.17788705
8511,model_6b,0.3419,0.31582728
8512,model_6b,-0.1969,-0.145973
8513,model_6b,0.2819,0.3001413
8514,model_6b,0.1428,0.10656356
8515,model_6b,0.0376,-0.046389557
8516,model_6b,0.074,0.09927483
8517,model_6b,0.1678,0.13945216
8518,model_6b,0.3727,0.35917264
8519,model_6b,0.3913,0.36896363
8520,model_6b,0.59,0.61184424
8521,model_6b,0.2115,0.052504063
8522,model_6b,0.1805,0.15371573
8523,model_6b,0.297,0.21428573
8524,model_6b,0.0675,0.0884994
8525,model_6b,0.0249,0.02396131
8526,model_6b,0.2209,0.19371328
8527,model_6b,0.0484,0.024069991
8528,model_6b,0.1844,0.14440092
8529,model_6b,0.0703,0.19084808
8530,model_6b,0.7797,0.80947345
8531,model_6b,0.2194,0.23860276
8532,model_6b,0.2741,0.308138
8533,model_6b,0.264,0.047970768
8534,model_6b,0.089,0.09772153
8535,model_6b,-0.0174,0.029470518
8536,model_6b,0.3093,0.30844525
8537,model_6b,0.0401,0.014461078
8538,model_6b,0.0969,0.25712195
8539,model_6b,0.218,0.24596068
8540,model_6b,0.1445,0.14586851
8541,model_6b,-0.0434,0.046934023
8542,model_6b,0.0831,0.07722954
8543,model_6b,0.1982,0.2808541
8544,model_6b,0.4415,0.4267644
8545,model_6b,0.395,0.4523205
8546,model_6b,0.7228,0.64391714
8547,model_6b,0.2033,0.21642196
8548,model_6b,0.3381,0.31935704
8549,model_6b,-1e-04,0.015942208
8550,model_6b,0.1251,0.117777154
8551,model_6b,0.2526,0.20969325
8552,model_6b,0.3148,0.3287306
8553,model_6b,0.2407,0.23264804
8554,model_6b,0.5303,0.49365166
8555,model_6b,0.2007,0.15093815
8556,model_6b,0.3103,0.2073012
8557,model_6b,0.5572,0.55367917
8558,model_6b,0.1321,0.15270199
8559,model_6b,0.0921,0.07258798
8560,model_6b,0.1829,0.2918634
8561,model_6b,0.7506,0.72778094
8562,model_6b,0.1686,0.19170782
8563,model_6b,0.5172,0.47564727
8564,model_6b,0.04,0.03913294
8565,model_6b,0.6926,0.6963682
8566,model_6b,0.2028,0.22700626
8567,model_6b,0.1676,0.19128516
8568,model_6b,0.2867,0.32011682
8569,model_6b,-0.0258,-0.038906872
8570,model_6b,0.6387,0.60720265
8571,model_6b,0.1085,0.055007525
8572,model_6b,0.167,0.19564417
8573,model_6b,-0.0846,-0.10130311
8574,model_6b,0.3308,0.36223075
8575,model_6b,0.3568,0.37676495
8576,model_6b,0.218,0.21552342
8577,model_6b,0.0208,0.029550474
8578,model_6b,-0.0647,-0.041690893
8579,model_6b,0.1977,0.17880079
8580,model_6b,0.1041,0.09572901
8581,model_6b,0.9135,0.9330057
8582,model_6b,-0.2031,-0.08348986
8583,model_6b,0.0515,0.032537017
8584,model_6b,0.0193,0.084935345
8585,model_6b,0.0221,-0.016824916
8586,model_6b,0.1164,0.09509108
8587,model_6b,-0.0303,-0.09025297
8588,model_6b,0.55,0.5955834
8589,model_6b,0.3811,0.33415124
8590,model_6b,0.2575,0.2010068
8591,model_6b,0.0269,0.0074695125
8592,model_6b,0.4508,0.44223994
8593,model_6b,0.0571,0.06845084
8594,model_6b,0.1278,0.19407077
8595,model_6b,-0.0011,-0.024350442
8596,model_6b,0.0649,0.0956266
8597,model_6b,0.0711,0.028152108
8598,model_6b,0.375,0.38599974
8599,model_6b,0.0558,0.10544182
8600,model_6b,0.0616,0.036431294
8601,model_6b,0.5182,0.5312551
8602,model_6b,0.104,0.06185116
8603,model_6b,0.444,0.4299435
8604,model_6b,0.4833,0.5083078
8605,model_6b,0.6148,0.5717273
8606,model_6b,0.426,0.466518
8607,model_6b,0.7315,0.68817043
8608,model_6b,0.3543,0.3380766
8609,model_6b,0.0255,0.038404748
8610,model_6b,0.6569,0.64683807
8611,model_6b,0.3936,0.32741067
8612,model_6b,0.2241,0.2655787
8613,model_6b,0.2179,0.13729416
8614,model_6b,0.302,0.32806808
8615,model_6b,0.1527,0.114706665
8616,model_6b,0.1559,0.11027253
8617,model_6b,0.2001,0.20914511
8618,model_6b,0.6468,0.6590204
8619,model_6b,-0.0176,-0.0041739047
8620,model_6b,0.1027,0.0656218
8621,model_6b,0.5252,0.48368636
8622,model_6b,0.4195,0.4490014
8623,model_6b,0.5664,0.57704604
8624,model_6b,0.1416,0.17627123
8625,model_6b,0.2203,0.25777927
8626,model_6b,-0.086,-0.08010466
8627,model_6b,0.0932,0.084315054
8628,model_6b,0.5271,0.49044767
8629,model_6b,-0.013,0.085161954
8630,model_6b,0.0938,0.10381764
8631,model_6b,0.206,0.13716719
8632,model_6b,0.2484,0.26679847
8633,model_6b,0.7504,0.77168906
8634,model_6b,0.0003,0.010843724
8635,model_6b,0.2637,0.25206944
8636,model_6b,0.5564,0.53461206
8637,model_6b,0.1587,0.19192514
8638,model_6b,0.1794,0.23437038
8639,model_6b,0.1351,0.13828592
8640,model_6b,0.0623,0.08198807
8641,model_6b,0.1824,0.20078197
8642,model_6b,0.0131,0.0072783977
8643,model_6b,0.3673,0.32151306
8644,model_6b,0.0234,-0.012858309
8645,model_6b,0.1953,0.18628892
8646,model_6b,0.5578,0.51288563
8647,model_6b,0.7461,0.6967771
8648,model_6b,0.2784,0.2753806
8649,model_6b,0.5476,0.569868
8650,model_6b,-0.0334,0.042066257
8651,model_6b,0.1289,0.09167904
8652,model_6b,0.1565,0.15274647
8653,model_6b,0.7226,0.7108972
8654,model_6b,0.3916,0.41105953
8655,model_6b,0.2194,0.22170347
8656,model_6b,0.3526,0.28479457
8657,model_6b,0.1283,0.13755846
8658,model_6b,0.1929,0.19210233
8659,model_6b,0.9727,0.9436631
8660,model_6b,0.1142,0.07329624
8661,model_6b,-0.1553,-0.16760883
8662,model_6b,0.128,0.14183387
8663,model_6b,0.3765,0.3685837
8664,model_6b,0.2108,0.19720888
8665,model_6b,0.217,0.1716996
8666,model_6b,0.0973,0.4903151
8667,model_6b,0.2432,0.23054126
8668,model_6b,0.1885,0.20493272
8669,model_6b,0.1057,0.03760858
8670,model_6b,0.8701,0.8861805
8671,model_6b,0.0011,0.0059109405
8672,model_6b,0.1408,0.103392
8673,model_6b,0.3124,0.34656316
8674,model_6b,0.3196,0.33445227
8675,model_6b,0.178,0.18572518
8676,model_6b,0.0912,0.11413455
8677,model_6b,0.0044,0.054808237
8678,model_6b,0.0709,0.108733505
8679,model_6b,0.2204,0.20960677
8680,model_6b,0.379,0.37586978
8681,model_6b,0.1896,0.11657889
8682,model_6b,0.3547,0.33482394
8683,model_6b,0.1272,0.02637007
8684,model_6b,0.3462,0.32216084
8685,model_6b,0.3293,0.2890162
8686,model_6b,0.0992,0.093553506
8687,model_6b,0.1706,0.09400008
8688,model_6b,0.0812,0.13722277
8689,model_6b,0.0391,0.26687706
8690,model_6b,0.1354,0.10397713
8691,model_6b,0.334,0.34157607
8692,model_6b,0.4088,0.46075746
8693,model_6b,0.2823,0.2783742
8694,model_6b,0.5985,0.6212937
8695,model_6b,0.6831,0.72572434
8696,model_6b,0.6066,0.56848055
8697,model_6b,0.3036,0.29415137
8698,model_6b,0.5453,0.5150357
8699,model_6b,0.0505,0.0691538
8700,model_6b,0.3587,0.3268206
8701,model_6b,0.2416,0.2775185
8702,model_6b,0.3545,0.37134668
8703,model_6b,0.8793,0.888059
8704,model_6b,-0.105,-0.057960667
8705,model_6b,0.8845,0.87963194
8706,model_6b,-0.0169,-0.020202897
8707,model_6b,-0.0828,-0.1838378
8708,model_6b,0.1403,0.12268072
8709,model_6b,0.1739,0.16817784
8710,model_6b,0.202,0.1595748
8711,model_6b,0.0943,0.09031886
8712,model_6b,0.2933,0.2770215
8713,model_6b,0.07,0.07682509
8714,model_6b,0.0956,0.09009114
8715,model_6b,0.0794,0.06881817
8716,model_6b,0.5511,0.582353
8717,model_6b,1.0087,0.9347322
8718,model_6b,-0.0792,-0.009297386
8719,model_6b,0.0412,0.05062881
8720,model_6b,0.2127,0.26105013
8721,model_6b,0.0715,0.070170216
8722,model_6b,0.0786,0.07803842
8723,model_6b,0.1993,0.21684596
8724,model_6b,-0.1476,0.16405676
8725,model_6b,0.4982,0.57547766
8726,model_6b,0.5049,0.48192605
8727,model_6b,0.3699,0.379052
8728,model_6b,0.0702,0.05495538
8729,model_6b,0.1016,0.08070932
8730,model_6b,0.059,0.030552503
8731,model_6b,0.0585,0.012251131
8732,model_6b,0.0948,0.105703995
8733,model_6b,0.7572,0.7415234
8734,model_6b,-0.0057,0.0061923414
8735,model_6b,0.6502,0.6308328
8736,model_6b,0.1441,0.15405616
8737,model_6b,0.5463,0.54627645
8738,model_6b,0.0193,0.012056455
8739,model_6b,0.5895,0.57685864
8740,model_6b,-0.1888,-0.15917021
8741,model_6b,0.1717,0.19801062
8742,model_6b,0.0838,0.09591676
8743,model_6b,0.7194,0.7116215
8744,model_6b,-0.0628,0.01987125
8745,model_6b,-0.1818,-0.17831099
8746,model_6b,0.2796,0.29018098
8747,model_6b,0.4335,0.38460132
8748,model_6b,0.6846,0.6975471
8749,model_6b,0.5616,0.48524645
8750,model_6b,0.2364,0.21193641
8751,model_6b,0.8542,0.78055155
8752,model_6b,0.2339,0.20906106
8753,model_6b,0.3931,0.3954602
8754,model_6b,0.8486,0.7682985
8755,model_6b,0.1571,0.1710951
8756,model_6b,0.123,0.12336977
8757,model_6b,-0.1357,-0.21104297
8758,model_6b,0.314,0.35233283
8759,model_6b,0.5013,0.49133277
8760,model_6b,0.1815,0.11152451
8761,model_6b,0.6097,0.5735038
8762,model_6b,0.0008,0.019560672
8763,model_6b,0.4833,0.45718974
8764,model_6b,0.7169,0.7324811
8765,model_6b,0.775,0.78734237
8766,model_6b,0.4415,0.38636348
8767,model_6b,0.1374,0.09900464
8768,model_6b,0.4842,0.4510807
8769,model_6b,0.402,0.460717
8770,model_6b,0.0492,0.1359247
8771,model_6b,0.2518,0.34905985
8772,model_6b,0.8606,0.87045276
8773,model_6b,0.3908,0.56608105
8774,model_6b,0.3168,0.26456767
8775,model_6b,0.7317,0.70909274
8776,model_6b,0.1058,0.07113122
8777,model_6b,0.113,0.07334542
8778,model_6b,0.2431,0.21672761
8779,model_6b,0.2694,0.19058043
8780,model_6b,0.2864,0.2542813
8781,model_6b,0.3009,0.31498122
8782,model_6b,0.1228,0.083738916
8783,model_6b,0.0436,0.094490394
8784,model_6b,0.0602,0.009283237
8785,model_6b,0.2054,0.15966028
8786,model_6b,0.1275,0.12276165
8787,model_6b,0.1402,0.065278605
8788,model_6b,0.3687,0.41670933
8789,model_6b,0.1841,0.1426857
8790,model_6b,0.4592,0.46384808
8791,model_6b,-0.0305,-0.022758901
8792,model_6b,0.2515,0.28285778
8793,model_6b,0.0776,0.064431615
8794,model_6b,0.1262,0.130449
8795,model_6b,0.152,0.17125678
8796,model_6b,0.3442,0.32157493
8797,model_6b,0.4843,0.43435803
8798,model_6b,0.1324,0.06830782
8799,model_6b,0.4714,0.4838589
8800,model_6b,0.2463,0.19462502
8801,model_6b,-0.152,-0.15986302
8802,model_6b,0.7393,0.7318716
8803,model_6b,0.4274,0.40755925
8804,model_6b,0.1693,0.15768865
8805,model_6b,0.5058,0.43457732
8806,model_6b,0.5043,0.54908115
8807,model_6b,-0.11,-0.12796038
8808,model_6b,0.0489,0.051173583
8809,model_6b,-0.0029,0.045710776
8810,model_6b,0.0359,0.10249852
8811,model_6b,0.2133,0.24814871
8812,model_6b,0.5089,0.49631467
8813,model_6b,0.316,0.29944715
8814,model_6b,0.2799,0.2608134
8815,model_6b,0.228,0.268995
8816,model_6b,0.5807,0.5974604
8817,model_6b,0.5129,0.4396852
8818,model_6b,0.349,0.3824257
8819,model_6b,0.1349,0.10368123
8820,model_6b,0.2496,0.26157987
8821,model_6b,0.0886,0.075680345
8822,model_6b,0.411,0.40843013
8823,model_6b,0.4205,0.39952675
8824,model_6b,0.1695,0.15350157
8825,model_6b,0.3467,0.28641385
8826,model_6b,0.0975,0.11075145
8827,model_6b,-0.0579,-0.073673196
8828,model_6b,0.2092,0.203821
8829,model_6b,0.1089,0.034426045
8830,model_6b,0.3131,0.24200094
8831,model_6b,0.5563,0.43940347
8832,model_6b,0.0166,0.0269004
8833,model_6b,0.1892,0.19285381
8834,model_6b,0.1586,0.1414661
8835,model_6b,0.3294,0.32447922
8836,model_6b,0.1983,0.17235202
8837,model_6b,0.1547,0.14474034
8838,model_6b,0.0751,0.03921693
8839,model_6b,0.4295,0.29971462
8840,model_6b,-0.0502,-0.09381858
8841,model_6b,0.5133,0.5257543
8842,model_6b,-0.1092,-0.1305677
8843,model_6b,-0.0123,-0.031556115
8844,model_6b,0.7003,0.72507733
8845,model_6b,-0.0303,0.07815002
8846,model_6b,0.1254,0.055543546
8847,model_6b,0.4098,0.37209842
8848,model_6b,0.0535,0.017938219
8849,model_6b,0.2869,0.2993419
8850,model_6b,0.5128,0.44642553
8851,model_6b,0.0724,0.06748777
8852,model_6b,0.1794,0.15778425
8853,model_6b,0.6155,0.6700125
8854,model_6b,0.2079,0.15038659
8855,model_6b,0.3355,0.2818078
8856,model_6b,0.2043,0.14857572
8857,model_6b,0.497,0.4709752
8858,model_6b,0.1859,0.08820775
8859,model_6b,0.1302,0.13963826
8860,model_6b,0.3435,0.3832374
8861,model_6b,0.0597,0.022282042
8862,model_6b,0.4149,0.38853332
8863,model_6b,0.1627,0.15246227
8864,model_6b,0.3603,0.3593036
8865,model_6b,0.259,0.2576679
8866,model_6b,0.5804,0.56633145
8867,model_6b,0.4961,0.41404325
8868,model_6b,0.4055,0.4114654
8869,model_6b,-0.1447,-0.16026872
8870,model_6b,0.52,0.52754617
8871,model_6b,-0.0973,-0.06984552
8872,model_6b,0.1266,0.16097763
8873,model_6b,-0.1773,-0.1789872
8874,model_6b,0.0077,0.018365048
8875,model_6b,-0.1947,-0.19654956
8876,model_6b,0.1742,0.1844886
8877,model_6b,0.0883,0.11339028
8878,model_6b,0.1592,0.18929538
8879,model_6b,0.2319,0.20382133
8880,model_6b,0.0809,0.07149902
8881,model_6b,-0.1656,-0.17590085
8882,model_6b,0.0301,0.028227612
8883,model_6b,0.8711,0.8569523
8884,model_6b,0.0064,-0.011814572
8885,model_6b,0.7413,0.72298753
8886,model_6b,0.1538,0.17550126
8887,model_6b,0.126,0.11883143
8888,model_6b,0.4213,0.4226631
8889,model_6b,0.5487,0.53904146
8890,model_6b,0.1051,0.14279395
8891,model_6b,0.2526,0.21148536
8892,model_6b,0.0446,0.053535253
8893,model_6b,0.3029,0.27226463
8894,model_6b,0.3675,0.2826181
8895,model_6b,0.12,0.104933
8896,model_6b,0.3272,0.33711293
8897,model_6b,0.3044,0.32156783
8898,model_6b,0.6197,0.5880194
8899,model_6b,-0.1249,-0.11019958
8900,model_6b,0.2858,0.33673897
8901,model_6b,0.0394,0.069502264
8902,model_6b,0.5866,0.5395062
8903,model_6b,0.1104,0.15255365
8904,model_6b,0.3012,0.38572034
8905,model_6b,0.0195,0.01933778
8906,model_6b,-0.064,-0.045313008
8907,model_6b,0.3011,0.25651336
8908,model_6b,0.1564,0.17205341
8909,model_6b,0.2869,0.33549196
8910,model_6b,0.17,0.17032915
8911,model_6b,0.1081,0.09706618
8912,model_6b,0.2513,0.28140667
8913,model_6b,0.1134,0.0834921
8914,model_6b,0.1789,0.11468001
8915,model_6b,0.2225,0.21636623
8916,model_6b,0.4575,0.4839814
8917,model_6b,1.0372,1.0413423
8918,model_6b,0.304,0.3094044
8919,model_6b,0.0947,0.13464522
8920,model_6b,0.0785,0.06696665
8921,model_6b,0.4168,0.37736604
8922,model_6b,0.1076,0.1110987
8923,model_6b,0.36,0.34148118
8924,model_6b,0.2679,0.24892768
8925,model_6b,0.2502,0.07951637
8926,model_6b,0.4212,0.44255123
8927,model_6b,0.081,0.08976875
8928,model_6b,0.4438,0.45491973
8929,model_6b,0.1166,0.12084996
8930,model_6b,0.4411,0.388061
8931,model_6b,0.1037,0.14763203
8932,model_6b,0.4777,0.30860403
8933,model_6b,0.7143,0.71746373
8934,model_6b,0.465,0.4315199
8935,model_6b,0.1431,0.11020018
8936,model_6b,-0.0443,-0.04937341
8937,model_6b,0.3535,0.32663375
8938,model_6b,0.1989,0.3772345
8939,model_6b,0.0753,0.06726815
8940,model_6b,0.7543,0.73723674
8941,model_6b,0.1048,0.10877669
8942,model_6b,0.2423,0.21077445
8943,model_6b,0.0751,0.089820266
8944,model_6b,0.1811,0.22751966
8945,model_6b,0.2077,0.1811381
8946,model_6b,0.2644,0.2071467
8947,model_6b,0.1267,0.10353409
8948,model_6b,0.0905,0.10535545
8949,model_6b,0.4364,0.42597634
8950,model_6b,0.1593,0.17293528
8951,model_6b,0.2516,0.2601984
8952,model_6b,0.3078,0.2653845
8953,model_6b,-0.0307,-0.018335499
8954,model_6b,0.0234,0.03927955
8955,model_6b,0.1202,0.11971534
8956,model_6b,0.3412,0.3606268
8957,model_6b,0.1823,0.20206931
8958,model_6b,0.2258,0.26223874
8959,model_6b,0.1107,0.10135388
8960,model_6b,0.7138,0.62187314
8961,model_6b,0.2787,0.307172
8962,model_6b,0.0409,0.0094374865
8963,model_6b,0.7057,0.6678693
8964,model_6b,0.1592,0.16308123
8965,model_6b,0.0628,0.052253015
8966,model_6b,0.4588,0.33720633
8967,model_6b,0.5756,0.5398771
8968,model_6b,0.4857,0.47346324
8969,model_6b,0.4057,0.4105002
8970,model_6b,0.217,0.12748991
8971,model_6b,0.3933,0.38259324
8972,model_6b,0.4487,0.4943286
8973,model_6b,0.1067,0.07452722
8974,model_6b,0.1358,0.13624138
8975,model_6b,0.0479,0.05358947
8976,model_6b,0.3972,0.46385977
8977,model_6b,0.0085,-0.050459124
8978,model_6b,0.5367,0.5947683
8979,model_6b,0.7953,0.7367803
8980,model_6b,0.1984,0.1642282
8981,model_6b,0.2351,0.17134014
8982,model_6b,0.5608,0.5427313
8983,model_6b,0.707,0.68338877
8984,model_6b,0.1896,0.15532747
8985,model_6b,0.17,0.13231142
8986,model_6b,0.0265,0.019432388
8987,model_6b,0.4113,0.3405657
8988,model_6b,0.6551,0.6646465
8989,model_6b,-0.0158,0.020703651
8990,model_6b,0.2872,0.24147949
8991,model_6b,0.0793,0.049927462
8992,model_6b,0.1652,0.18134093
8993,model_6b,0.0771,0.062011432
8994,model_6b,0.9234,0.8991752
8995,model_6b,0.1173,0.08169988
8996,model_6b,0.1833,0.10233945
8997,model_6b,0.0508,0.13796195
8998,model_6b,0.065,0.082870275
8999,model_6b,0.6498,0.6450361
9000,model_6b,0.698,0.6397214
9001,model_6b,0.3276,0.30713436
9002,model_6b,0.6542,0.38738596
9003,model_6b,0.1239,0.15111373
9004,model_6b,0.4132,0.39326283
9005,model_6b,0.1375,0.14202002
9006,model_6b,0.2242,0.26248547
9007,model_6b,0.0525,0.063803986
9008,model_6b,0.193,0.20806225
9009,model_6b,0.5679,0.56764185
9010,model_6b,0.1618,0.20146734
9011,model_6b,0.281,0.20997962
9012,model_6b,0.162,0.2022739
9013,model_6b,0.0726,0.07953907
9014,model_6b,0.1511,0.15929243
9015,model_6b,0.2536,0.25321415
9016,model_6b,0.1587,0.24234763
9017,model_6b,0.216,0.08685651
9018,model_6b,0.3324,0.37615073
9019,model_6b,0.417,0.3820651
9020,model_6b,-0.1014,-0.07614023
9021,model_6b,0.0412,0.058955185
9022,model_6b,0.0781,0.04845256
9023,model_6b,-0.0402,-0.059472807
9024,model_6b,0.2982,0.24460882
9025,model_6b,0.4806,0.4232826
9026,model_6b,0.4612,0.46162534
9027,model_6b,0.0965,0.099518724
9028,model_6b,0.4105,0.3375578
9029,model_6b,0.4148,0.41291392
9030,model_6b,0.8205,0.8197439
9031,model_6b,0.3381,0.3656468
9032,model_6b,0.1551,0.23581812
9033,model_6b,0.3059,0.35074198
9034,model_6b,-0.1324,-0.15308622
9035,model_6b,0.4211,0.47961795
9036,model_6b,0.6454,0.6210934
9037,model_6b,0.0274,0.017043293
9038,model_6b,0.1692,0.06415625
9039,model_6b,0.2795,0.25021848
9040,model_6b,-0.0724,-0.07286353
9041,model_6b,-0.097,-0.09832118
9042,model_6b,-0.116,-0.1363447
9043,model_6b,0.451,0.4511597
9044,model_6b,0.6104,0.6182543
9045,model_6b,0.5859,0.62003624
9046,model_6b,0.4774,0.4694706
9047,model_6b,0.6269,0.61817336
9048,model_6b,-0.1433,-0.11772368
9049,model_6b,0.1664,0.16650173
9050,model_6b,0.0982,0.108529665
9051,model_6b,0.2967,0.39960364
9052,model_6b,0.7447,0.7230455
9053,model_6b,0.035,0.046132907
9054,model_6b,0.9396,0.94913125
9055,model_6b,0.1447,0.114229426
9056,model_6b,0.7369,0.7237474
9057,model_6b,0.0846,0.06127318
9058,model_6b,0.1836,0.16214982
9059,model_6b,0.0528,0.04228603
9060,model_6b,-0.0232,-0.023972608
9061,model_6b,0.1239,0.09690307
9062,model_6b,0.1943,0.15075773
9063,model_6b,0.081,0.1275953
9064,model_6b,0.4332,0.41029984
9065,model_6b,-0.0172,-0.010234587
9066,model_6b,0.4998,0.42328414
9067,model_6b,0.6995,0.7242248
9068,model_6b,0.7247,0.7208656
9069,model_6b,0.0497,0.12574014
9070,model_6b,-0.0201,-0.034756906
9071,model_6b,0.1146,0.12549928
9072,model_6b,0.1783,0.17124474
9073,model_6b,0.4161,0.41995636
9074,model_6b,0.2536,0.22862712
9075,model_6b,0.9311,0.9374541
9076,model_6b,0.2063,0.22261205
9077,model_6b,0.0646,0.066061996
9078,model_6b,0.3422,0.3966563
9079,model_6b,0.0692,0.06408614
9080,model_6b,0.2363,0.26998192
9081,model_6b,0.3791,0.3600457
9082,model_6b,0.5663,0.56747836
9083,model_6b,0.2193,0.22894701
9084,model_6b,0.2128,0.22325215
9085,model_6b,0.1677,0.27980027
9086,model_6b,0.3091,0.37361106
9087,model_6b,0.025,0.08051245
9088,model_6b,0.0123,-0.0004637763
9089,model_6b,0.1395,0.13754994
9090,model_6b,-0.0458,-0.034931436
9091,model_6b,0.1865,0.20295823
9092,model_6b,0.0361,0.038977586
9093,model_6b,0.1338,0.12800422
9094,model_6b,-0.2173,-0.26159146
9095,model_6b,0.1973,0.21386752
9096,model_6b,-0.0599,-0.007058479
9097,model_6b,0.0534,0.026991766
9098,model_6b,0.8197,0.8515789
9099,model_6b,0.1452,0.13893831
9100,model_6b,0.1897,0.24089155
9101,model_6b,0.1246,0.11040057
9102,model_6b,0.0804,0.05089858
9103,model_6b,0.3415,0.34269094
9104,model_6b,0.7141,0.7449016
9105,model_6b,0.6777,0.655389
9106,model_6b,0.054,0.2352753
9107,model_6b,0.208,0.21976459
9108,model_6b,0.0023,0.007784568
9109,model_6b,0.4453,0.45122916
9110,model_6b,-0.109,-0.045493774
9111,model_6b,0.0352,0.010226995
9112,model_6b,0.6094,0.62354815
9113,model_6b,0.2276,0.2567487
9114,model_6b,0.2359,0.21332064
9115,model_6b,0.3483,0.27695298
9116,model_6b,-0.1801,-0.09004072
9117,model_6b,-0.0114,0.02771518
9118,model_6b,1.089,1.3127807
9119,model_6b,0.0183,0.026619177
9120,model_6b,-0.1799,-0.17960125
9121,model_6b,0.3473,0.33872074
9122,model_6b,0.4226,0.41705292
9123,model_6b,0.5643,0.50863326
9124,model_6b,0.1009,0.103734404
9125,model_6b,0.1775,0.087906726
9126,model_6b,0.4361,0.4520304
9127,model_6b,0.5251,0.49387357
9128,model_6b,0.0826,0.059359748
9129,model_6b,0.2221,0.12256808
9130,model_6b,0.0646,0.033950444
9131,model_6b,0.4224,0.43846148
9132,model_6b,0.4336,0.37796754
9133,model_6b,0.8245,0.8117593
9134,model_6b,-0.0587,0.054071188
9135,model_6b,0.0557,0.10311777
9136,model_6b,0.0479,0.050466884
9137,model_6b,0.146,0.18951654
9138,model_6b,0.2619,0.24656692
9139,model_6b,0.0273,0.13212852
9140,model_6b,0.0966,0.087255016
9141,model_6b,0.1323,0.13995922
9142,model_6b,0.1452,0.17399879
9143,model_6b,0.1664,0.15543476
9144,model_6b,0.7897,0.7696297
9145,model_6b,0.103,0.118533365
9146,model_6b,0.4162,0.4166858
9147,model_6b,0.4901,0.4707149
9148,model_6b,-0.0019,-0.0053840503
9149,model_6b,0.3698,0.30381832
9150,model_6b,0.1127,0.0690662
9151,model_6b,0.1626,0.21451929
9152,model_6b,0.1321,0.06924964
9153,model_6b,-0.0495,0.02393781
9154,model_6b,0.0541,0.17444496
9155,model_6b,-0.0178,-0.064057596
9156,model_6b,0.5007,0.48073238
9157,model_6b,0.6687,0.66141194
9158,model_6b,-0.0479,0.05186688
9159,model_6b,-0.0499,-0.10017171
9160,model_6b,0.17,0.18197915
9161,model_6b,0.4782,0.35596913
9162,model_6b,-0.0079,0.0035826042
9163,model_6b,0.6023,0.50920165
9164,model_6b,0.9052,0.86274004
9165,model_6b,0.0009,-0.01379811
9166,model_6b,0.1406,0.0807921
9167,model_6b,0.0091,0.081850514
9168,model_6b,0.1015,0.09366289
9169,model_6b,-0.0035,0.013599895
9170,model_6b,-0.1553,-0.13616705
9171,model_6b,0.2253,0.2623477
9172,model_6b,0.6501,0.62104535
9173,model_6b,0.2416,0.25441217
9174,model_6b,-0.0655,-0.024255186
9175,model_6b,0.4323,0.4336202
9176,model_6b,0.9483,0.945332
9177,model_6b,0.2863,0.2753704
9178,model_6b,0.1458,0.16742596
9179,model_6b,0.0581,0.04448933
9180,model_6b,0.1677,0.1814979
9181,model_6b,0.3812,0.4616967
9182,model_6b,0.3159,0.34343597
9183,model_6b,0.6112,0.61292076
9184,model_6b,0.6508,0.65086555
9185,model_6b,0.8592,0.7634196
9186,model_6b,0.6186,0.6260729
9187,model_6b,0.2946,0.28149113
9188,model_6b,-0.0513,-0.05382473
9189,model_6b,0.1201,0.1694704
9190,model_6b,-0.2098,-0.21043196
9191,model_6b,0.4466,0.46252835
9192,model_6b,-0.155,-0.1753707
9193,model_6b,0.0405,0.034614615
9194,model_6b,0.1661,0.1390659
9195,model_6b,-0.173,-0.19278753
9196,model_6b,0.09,0.1009999
9197,model_6b,0.3146,0.25200167
9198,model_6b,0.5213,0.48591653
9199,model_6b,0.1976,0.20766665
9200,model_6b,0.202,0.15858474
9201,model_6b,0.3496,0.30992028
9202,model_6b,0.3103,0.2866014
9203,model_6b,0.0956,0.08484161
9204,model_6b,0.1671,0.22686952
9205,model_6b,0.0342,0.036839835
9206,model_6b,0.1086,0.13489094
9207,model_6b,0.5722,0.5677913
9208,model_6b,0.5164,0.3593731
9209,model_6b,0.3901,0.46030545
9210,model_6b,0.0555,0.08717804
9211,model_6b,0.7691,0.72384524
9212,model_6b,0.2969,0.25613528
9213,model_6b,0.3036,0.34276816
9214,model_6b,0.0139,-0.0038949698
9215,model_6b,-0.1405,-0.0974456
9216,model_6b,0.1354,0.25581798
9217,model_6b,0.1829,0.19194561
9218,model_6b,-0.004,0.07316846
9219,model_6b,0.0357,0.025967635
9220,model_6b,-0.0042,-0.008378148
9221,model_6b,0.2008,0.19969249
9222,model_6b,0.3133,0.30895323
9223,model_6b,0.2449,0.27600974
9224,model_6b,0.0547,0.05923748
9225,model_6b,0.2477,0.29952168
9226,model_6b,-0.0964,-0.09724849
9227,model_6b,-0.0088,0.0047101453
9228,model_6b,0.273,0.3076483
9229,model_6b,0.0839,0.105384395
9230,model_6b,0.1091,0.096086144
9231,model_6b,0.4449,0.47255978
9232,model_6b,0.2849,0.2539756
9233,model_6b,0.2534,0.15120548
9234,model_6b,0.4229,0.40372804
9235,model_6b,0.2793,0.2718104
9236,model_6b,0.3674,0.36548772
9237,model_6b,0.3926,0.3660322
9238,model_6b,0.2665,0.24384809
9239,model_6b,0.3893,0.40443
9240,model_6b,0.3525,0.35607722
9241,model_6b,0.0951,0.08958499
9242,model_6b,0.2181,0.24101254
9243,model_6b,0.1225,0.07783199
9244,model_6b,0.1145,0.13490476
9245,model_6b,-0.0783,-0.068236955
9246,model_6b,-0.0482,-0.104498945
9247,model_6b,0.3295,0.44037864
9248,model_6b,0.471,0.48064026
9249,model_6b,0.0731,0.0396883
9250,model_6b,0.163,0.17706284
9251,model_6b,0.0915,-9.620935e-05
9252,model_6b,0.0015,0.0066709444
9253,model_6b,0.178,0.19142011
9254,model_6b,0.3283,0.3801259
9255,model_6b,0.2848,0.12038799
9256,model_6b,0.2433,0.25612813
9257,model_6b,0.7057,0.7192248
9258,model_6b,0.0876,0.17640726
9259,model_6b,0.0898,0.07647018
9260,model_6b,0.0695,0.07096097
9261,model_6b,0.3435,0.345991
9262,model_6b,-0.1082,-0.064233
9263,model_6b,0.1046,0.09846419
9264,model_6b,-0.014,-0.0045005605
9265,model_6b,0.2636,0.28440973
9266,model_6b,0.1518,0.044855066
9267,model_6b,0.7739,0.7453637
9268,model_6b,0.7027,0.67570204
9269,model_6b,0.0533,0.02506153
9270,model_6b,0.0512,0.0061940327
9271,model_6b,0.272,0.27527723
9272,model_6b,0.4255,0.4211602
9273,model_6b,-0.0029,-0.031563714
9274,model_6b,-0.0823,-0.07839117
9275,model_6b,0.1072,0.12187527
9276,model_6b,0.1425,0.14383137
9277,model_6b,0.1038,0.45429844
9278,model_6b,0.2698,0.23532951
9279,model_6b,0.0844,0.07975608
9280,model_6b,0.0576,0.057053752
9281,model_6b,0.0762,0.060032196
9282,model_6b,-0.1801,-0.18763939
9283,model_6b,0.0106,0.026977606
9284,model_6b,0.05,0.14651358
9285,model_6b,0.2834,0.29432705
9286,model_6b,0.3011,0.30725354
9287,model_6b,0.2428,0.17221126
9288,model_6b,0.0383,0.05983285
9289,model_6b,0.0639,0.022555832
9290,model_6b,0.2302,0.29487118
9291,model_6b,-0.0431,-0.08962042
9292,model_6b,0.4013,0.35246396
9293,model_6b,-0.0073,-0.03964726
9294,model_6b,0.7943,0.7660076
9295,model_6b,0.3901,0.35399988
9296,model_6b,0.4267,0.42531708
9297,model_6b,0.1293,0.22014424
9298,model_6b,0.2189,0.21893775
9299,model_6b,0.5944,0.57348776
9300,model_6b,0.6693,0.60887337
9301,model_6b,0.2613,0.24378324
9302,model_6b,0.2571,0.36193117
9303,model_6b,0.0608,-0.005684264
9304,model_6b,0.0778,0.15368962
9305,model_6b,0.0823,0.08072138
9306,model_6b,-0.0534,-0.044471554
9307,model_6b,0.1749,0.22742242
9308,model_6b,0.2962,0.34427407
9309,model_6b,0.5192,0.5078526
9310,model_6b,0.1508,0.19629332
9311,model_6b,0.5797,0.6050415
9312,model_6b,0.5159,0.5540739
9313,model_6b,0.2282,0.24872777
9314,model_6b,-0.0267,0.02126316
9315,model_6b,0.0563,0.08979274
9316,model_6b,0.8457,0.83553755
9317,model_6b,0.2939,0.27885568
9318,model_6b,0.7397,0.75647163
9319,model_6b,-0.1009,-0.06848196
9320,model_6b,0.3603,0.34126168
9321,model_6b,-0.0011,-0.011722848
9322,model_6b,-0.0047,-1.1973083e-05
9323,model_6b,0.1114,0.027311418
9324,model_6b,-0.0825,-0.013379678
9325,model_6b,0.7373,0.7503916
9326,model_6b,-0.081,-0.12353162
9327,model_6b,0.3541,0.39271152
9328,model_6b,0.0642,0.09016971
9329,model_6b,0.2023,0.206352
9330,model_6b,0.3568,0.34317356
9331,model_6b,0.3265,0.34715286
9332,model_6b,0.2596,0.25288638
9333,model_6b,0.2489,0.2650178
9334,model_6b,0.6474,0.7340106
9335,model_6b,0.1249,0.13799256
9336,model_6b,0.2951,0.31673616
9337,model_6b,0.196,0.26326326
9338,model_6b,0.7194,0.68916523
9339,model_6b,0.4165,0.39134368
9340,model_6b,0.2483,0.22203532
9341,model_6b,0.0259,-0.28779057
9342,model_6b,0.2035,0.22874564
9343,model_6b,1.1005,1.0923979
9344,model_6b,0.1838,0.13901766
9345,model_6b,0.8401,0.818329
9346,model_6b,0.2459,0.2413021
9347,model_6b,0.58,0.5786696
9348,model_6b,0.2526,0.24370965
9349,model_6b,0.6513,0.65169525
9350,model_6b,0.0607,-0.0024175718
9351,model_6b,0.1071,0.097246274
9352,model_6b,0.3834,0.37301818
9353,model_6b,0.5966,0.5576306
9354,model_6b,0.2624,0.2519117
9355,model_6b,0.1243,0.08695615
9356,model_6b,0.045,0.028620329
9357,model_6b,-0.0433,-0.060781606
9358,model_6b,0.0725,0.12122958
9359,model_6b,-0.011,0.07854812
9360,model_6b,0.1207,0.11327331
9361,model_6b,0.409,0.4449641
9362,model_6b,0.0618,0.023258865
9363,model_6b,-0.0679,-0.0068103895
9364,model_6b,0.1566,0.18387225
9365,model_6b,-0.1904,-0.19768879
9366,model_6b,-0.084,-0.073570795
9367,model_6b,0.0609,0.040949717
9368,model_6b,0.5172,0.49694404
9369,model_6b,0.0232,0.028553754
9370,model_6b,0.0828,0.0870484
9371,model_6b,0.1113,0.1274994
9372,model_6b,0.5179,0.4696305
9373,model_6b,0.2514,0.23306492
9374,model_6b,0.0332,0.0017179474
9375,model_6b,0.1674,0.12419296
9376,model_6b,0.1602,0.07065887
9377,model_6b,0.0589,0.080016725
9378,model_6b,0.1073,0.07734337
9379,model_6b,0.3232,0.24649084
9380,model_6b,0.0338,0.043067828
9381,model_6b,0.4093,0.33763632
9382,model_6b,0.1483,0.15749496
9383,model_6b,0.4418,0.4651364
9384,model_6b,1.0954,1.0571096
9385,model_6b,0.0752,0.015742876
9386,model_6b,0.2606,0.23758289
9387,model_6b,0.2895,0.21372247
9388,model_6b,0.2589,0.26616448
9389,model_6b,0.2065,0.20837438
9390,model_6b,0.2511,0.23019916
9391,model_6b,0.4819,0.47181228
9392,model_6b,-0.1398,-0.040488772
9393,model_6b,0.1893,0.08979717
9394,model_6b,0.1587,0.21317965
9395,model_6b,-0.1323,-0.18091163
9396,model_6b,0.7995,0.7842599
9397,model_6b,0.7259,0.68701804
9398,model_6b,0.1705,0.1954574
9399,model_6b,0.2732,0.280472
9400,model_6b,0.3708,0.3584734
9401,model_6b,0.7018,0.6439866
9402,model_6b,0.6136,0.60630405
9403,model_6b,0.2571,0.2682786
9404,model_6b,0.2058,0.21035552
9405,model_6b,0.2577,0.27689186
9406,model_6b,0.4679,0.4534606
9407,model_6b,0.0634,0.07695385
9408,model_6b,0.0534,0.040631883
9409,model_6b,0.021,-0.023534767
9410,model_6b,0.1929,0.19289327
9411,model_6b,0.1163,0.12200461
9412,model_6b,0.0669,0.06296235
9413,model_6b,0.6328,0.61269486
9414,model_6b,0.1073,0.100586355
9415,model_6b,0.889,0.8963147
9416,model_6b,0.1308,0.13501184
9417,model_6b,0.1337,0.14147326
9418,model_6b,0.705,0.7180088
9419,model_6b,0.499,0.50845253
9420,model_6b,0.048,0.03346056
9421,model_6b,0.1035,0.10335033
9422,model_6b,0.2256,0.22348031
9423,model_6b,0.9365,0.9225215
9424,model_6b,0.0043,0.005907662
9425,model_6b,0.5362,0.5737823
9426,model_6b,0.2929,0.3416144
9427,model_6b,0.1385,0.15972877
9428,model_6b,0.1338,0.13198808
9429,model_6b,0.3848,0.43587705
9430,model_6b,0.2528,0.33507833
9431,model_6b,0.1061,0.06343348
9432,model_6b,-0.2122,-0.13926908
9433,model_6b,0.6565,0.72566307
9434,model_6b,0.8133,0.7936822
9435,model_6b,0.2406,0.18540494
9436,model_6b,0.3441,0.36678144
9437,model_6b,0.5085,0.47823006
9438,model_6b,0.1014,0.12179368
9439,model_6b,0.3993,0.4079378
9440,model_6b,0.3459,0.3865246
9441,model_6b,0.1441,0.108655736
9442,model_6b,0.3608,0.41596875
9443,model_6b,0.0445,0.065894194
9444,model_6b,0.2572,0.1504465
9445,model_6b,0.0788,-0.0026739761
9446,model_6b,0.358,0.3790628
9447,model_6b,0.6667,0.6578102
9448,model_6b,0.4349,0.41605297
9449,model_6b,0.2612,0.29574683
9450,model_6b,0.3301,0.32276618
9451,model_6b,0.0541,0.06895059
9452,model_6b,-0.0493,-0.051717974
9453,model_6b,0.1598,0.12198098
9454,model_6b,0.263,0.28161463
9455,model_6b,0.2538,0.25105843
9456,model_6b,0.9651,0.9657661
9457,model_6b,0.2936,0.3039121
9458,model_6b,0.2095,0.24631363
9459,model_6b,0.1488,0.1956751
9460,model_6b,0.1007,0.10703583
9461,model_6b,0.2958,0.31517968
9462,model_6b,0.3264,0.2458454
9463,model_6b,0.5824,0.5619213
9464,model_6b,0.4068,0.44275275
9465,model_6b,0.2807,0.24244514
9466,model_6b,0.1024,0.100550935
9467,model_6b,0.0433,-0.0024352074
9468,model_6b,0.2497,0.19785827
9469,model_6b,0.6191,0.591866
9470,model_6b,0.0401,0.025124896
9471,model_6b,0.1287,0.2498483
9472,model_6b,0.129,0.09565846
9473,model_6b,0.7099,0.6841955
9474,model_6b,0.3591,0.38490728
9475,model_6b,0.1385,0.16956544
9476,model_6b,0.4733,0.44240296
9477,model_6b,0.1108,0.09582107
9478,model_6b,0.8355,0.6835768
9479,model_6b,0.419,0.37714216
9480,model_6b,0.7787,0.7467947
9481,model_6b,0.0843,0.11507493
9482,model_6b,0.2513,0.25765297
9483,model_6b,0.0007,0.007082261
9484,model_6b,0.1305,0.11200188
9485,model_6b,0.0379,0.025599204
9486,model_6b,0.0179,0.03978747
9487,model_6b,0.0682,0.01647064
9488,model_6b,0.4679,0.25469854
9489,model_6b,0.0004,-0.014862202
9490,model_6b,0.1013,0.173082
9491,model_6b,0.3108,0.40061206
9492,model_6b,0.0511,0.1564922
9493,model_6b,0.0347,0.10798013
9494,model_6b,0.2153,0.16158721
9495,model_6b,0.2857,0.2327379
9496,model_6b,0.1179,0.09034365
9497,model_6b,0.0575,-0.041953065
9498,model_6b,0.2357,0.2541338
9499,model_6b,0.1558,0.13760006
9500,model_6b,0.4699,0.5139516
9501,model_6b,0.126,0.17583323
9502,model_6b,0.1459,0.18137784
9503,model_6b,0.1339,0.123311445
9504,model_6b,-0.0823,-0.01649259
9505,model_6b,0.1218,0.13245353
9506,model_6b,0.295,0.32830128
9507,model_6b,0.0451,0.050857946
9508,model_6b,-0.1382,-0.12596434
9509,model_6b,0.7228,0.7533283
9510,model_6b,0.0411,-0.012185857
9511,model_6b,-0.0503,-0.07331795
9512,model_6b,0.1809,0.20439696
9513,model_6b,-0.0743,-0.023125485
9514,model_6b,0.1692,0.18489686
9515,model_6b,-0.0187,-0.028194971
9516,model_6b,0.061,0.05200471
9517,model_6b,0.0334,0.038830806
9518,model_6b,0.148,0.030909702
9519,model_6b,0.4291,0.41592655
9520,model_6b,0.1265,0.09134504
9521,model_6b,0.1887,0.19030878
9522,model_6b,0.1974,0.19594297
9523,model_6b,0.2446,0.21831688
9524,model_6b,0.0241,0.01477053
9525,model_6b,0.7444,0.78187096
9526,model_6b,0.1523,0.12398389
9527,model_6b,0.4218,0.4119479
9528,model_6b,0.2543,0.23592424
9529,model_6b,0.2455,0.2639294
9530,model_6b,0.0283,0.033997715
9531,model_6b,0.0755,0.08135572
9532,model_6b,0.5331,0.4873866
9533,model_6b,0.0446,0.08285079
9534,model_6b,0.1312,0.102734864
9535,model_6b,0.129,0.12613231
9536,model_6b,0.9347,0.93058145
9537,model_6b,-0.2161,-0.09649489
9538,model_6b,0.9059,0.9241972
9539,model_6b,0.311,0.33138445
9540,model_6b,0.8458,0.8021691
9541,model_6b,0.127,0.102961406
9542,model_6b,0.3697,0.2921283
9543,model_6b,0.0532,0.053012397
9544,model_6b,0.6292,0.63882613
9545,model_6b,0.2438,0.23584145
9546,model_6b,0.4411,0.4525889
9547,model_6b,0.3951,0.3999233
9548,model_6b,0.1836,0.10821907
9549,model_6b,0.2106,0.23057634
9550,model_6b,0.5017,0.49805704
9551,model_6b,0.3235,0.2852715
9552,model_6b,0.3573,0.36254448
9553,model_6b,-0.0465,-0.040356867
9554,model_6b,0.3984,0.3879583
9555,model_6b,0.0441,0.040970016
9556,model_6b,0.154,0.11823015
9557,model_6b,0.0318,0.10260385
9558,model_6b,0.3471,0.37310538
9559,model_6b,0.2321,0.25033394
9560,model_6b,0.2519,0.28386164
9561,model_6b,0.1683,0.1580475
9562,model_6b,0.6905,0.7396395
9563,model_6b,0.7929,0.7754401
9564,model_6b,0.2021,0.14261414
9565,model_6b,0.202,0.22448987
9566,model_6b,0.5684,0.58894336
9567,model_6b,0.0214,0.025143065
9568,model_6b,0.3543,0.36807784
9569,model_6b,0.071,0.11009014
9570,model_6b,0.8694,0.871154
9571,model_6b,0.1517,0.15904543
9572,model_6b,0.1276,0.18894431
9573,model_6b,0.127,0.10865264
9574,model_6b,0.0044,-0.014118694
9575,model_6b,0.3768,0.38020155
9576,model_6b,0.5024,0.49531496
9577,model_6b,0.1176,0.11334588
9578,model_6b,0.0666,0.077202186
9579,model_6b,0.1956,0.18152508
9580,model_6b,0.5414,0.57629645
9581,model_6b,0.1355,0.11376732
9582,model_6b,0.1167,0.102476835
9583,model_6b,0.0611,0.06314523
9584,model_6b,0.307,0.31554508
9585,model_6b,0.0512,0.05561746
9586,model_6b,0.295,0.290521
9587,model_6b,0.1039,0.13457417
9588,model_6b,0.7086,0.69660866
9589,model_6b,0.1651,0.1527684
9590,model_6b,0.1642,0.21627486
9591,model_6b,0.1388,0.16699956
9592,model_6b,-0.0022,-0.00572484
9593,model_6b,0.4457,0.41932186
9594,model_6b,-0.0297,-0.0006538555
9595,model_6b,0.2719,0.27517036
9596,model_6b,-0.0966,-0.07701694
9597,model_6b,0.1048,0.105784215
9598,model_6b,0.4069,0.25975218
9599,model_6b,0.1997,0.22477952
9600,model_6b,-0.0116,-0.0116967335
9601,model_6b,0.2078,0.22677046
9602,model_6b,0.4836,0.4843817
9603,model_6b,0.1863,0.23256558
9604,model_6b,0.362,0.19346464
9605,model_6b,0.2268,0.15715075
9606,model_6b,0.249,0.14935356
9607,model_6b,0.4932,0.5058363
9608,model_6b,0.292,0.2732594
9609,model_6b,0.1233,0.1808508
9610,model_6b,0.0517,0.05110345
9611,model_6b,0.751,0.75397515
9612,model_6b,0.1522,0.07452501
9613,model_6b,0.1936,0.20495662
9614,model_6b,-0.0445,-0.055012934
9615,model_6b,0.5298,0.5445195
9616,model_6b,0.3741,0.36881894
9617,model_6b,0.3903,0.34335083
9618,model_6b,0.3642,0.3777647
9619,model_6b,0.8593,0.8495625
9620,model_6b,-0.048,0.048531417
9621,model_6b,-0.0667,-0.00027421862
9622,model_6b,0.2688,0.2814233
9623,model_6b,0.2375,0.21870434
9624,model_6b,0.1418,0.10664553
9625,model_6b,0.4094,0.4198437
9626,model_6b,0.3228,0.30212396
9627,model_6b,0.2364,0.22346836
9628,model_6b,0.3392,0.3425087
9629,model_6b,0.1583,0.14582017
9630,model_6b,0.0374,0.076094896
9631,model_6b,0.006,-0.069895305
9632,model_6b,0.628,0.6745269
9633,model_6b,0.277,0.23740107
9634,model_6b,0.3404,0.22608718
9635,model_6b,0.0868,0.0979203
9636,model_6b,0.1473,0.21193615
9637,model_6b,0.1708,0.0754573
9638,model_6b,0.2602,0.27833152
9639,model_6b,0.6417,0.61489916
9640,model_6b,0.2694,0.17809805
9641,model_6b,0.2062,0.20845324
9642,model_6b,0.2356,0.20748758
9643,model_6b,0.4068,0.42310593
9644,model_6b,0.5324,0.44672778
9645,model_6b,0.4149,0.38282084
9646,model_6b,0.1489,0.17201605
9647,model_6b,0.5229,0.512022
9648,model_6b,0.2194,0.28211498
9649,model_6b,0.0457,0.018419258
9650,model_6b,0.421,0.39756557
9651,model_6b,-0.2134,-0.199373
9652,model_6b,0.0274,-0.024158962
9653,model_6b,0.2479,0.22325239
9654,model_6b,0.2126,0.18558139
9655,model_6b,0.261,0.26140368
9656,model_6b,0.0767,0.07755428
9657,model_6b,0.1906,0.14122903
9658,model_6b,0.907,0.88100624
9659,model_6b,0.3348,0.38616827
9660,model_6b,0.0981,0.102209315
9661,model_6b,0.0503,0.06600572
9662,model_6b,0.0637,0.07272403
9663,model_6b,0.0812,0.06944972
9664,model_6b,0.2677,0.2643864
9665,model_6b,0.2157,0.21690822
9666,model_6b,0.476,0.39365062
9667,model_6b,0.0915,0.10600988
9668,model_6b,0.2307,0.17340323
9669,model_6b,0.4413,0.45041683
9670,model_6b,0.4538,0.45068744
9671,model_6b,0.1267,0.13316292
9672,model_6b,0.0969,0.11422844
9673,model_6b,0.5879,0.5445479
9674,model_6b,0.3947,0.40253517
9675,model_6b,0.8101,0.83193934
9676,model_6b,0.0612,-0.04491795
9677,model_6b,0.0486,0.015970953
9678,model_6b,0.1424,0.1158661
9679,model_6b,0.4787,0.44305393
9680,model_6b,0.1137,0.1660846
9681,model_6b,-0.0505,-0.0074721947
9682,model_6b,0.1446,0.13297938
9683,model_6b,0.1384,0.15046553
9684,model_6b,0.2114,0.21685264
9685,model_6b,0.0085,-0.018629678
9686,model_6b,-0.1217,-0.14319137
9687,model_6b,0.211,0.20613083
9688,model_6b,0.2418,0.19785655
9689,model_6b,0.3499,0.3493015
9690,model_6b,0.2659,0.43435124
9691,model_6b,0.4139,0.4013072
9692,model_6b,0.2004,0.19644144
9693,model_6b,0.1268,0.15693277
9694,model_6b,0.4527,0.44569942
9695,model_6b,0.0998,0.112278
9696,model_6b,-0.2078,-0.16705385
9697,model_6b,0.0751,0.07123753
9698,model_6b,0.9662,0.94030917
9699,model_6b,0.1911,0.16291873
9700,model_6b,-0.0199,0.00027789176
9701,model_6b,-0.0262,-0.044720776
9702,model_6b,0.1911,0.1251042
9703,model_6b,0.1331,0.13360097
9704,model_6b,0.2628,0.31388727
9705,model_6b,0.4328,0.3420095
9706,model_6b,0.1921,0.13116936
9707,model_6b,0.317,0.37470615
9708,model_6b,0.4629,0.47232825
9709,model_6b,0.198,0.25220582
9710,model_6b,0.4372,0.43051186
9711,model_6b,-0.0902,-0.07716269
9712,model_6b,0.2551,0.24164793
9713,model_6b,0.5555,0.55746424
9714,model_6b,0.8958,0.8550303
9715,model_6b,0.1444,0.14529255
9716,model_6b,0.1311,0.15938771
9717,model_6b,0.3125,0.3162292
9718,model_6b,0.4089,0.37552103
9719,model_6b,0.077,0.037825525
9720,model_6b,0.8549,0.83099496
9721,model_6b,0.657,0.6743594
9722,model_6b,0.2998,0.26733094
9723,model_6b,0.0915,0.073521264
9724,model_6b,-0.0765,-0.09714458
9725,model_6b,0.0437,0.02132269
9726,model_6b,-0.1632,-0.17003536
9727,model_6b,0.2769,0.28530875
9728,model_6b,0.1088,0.10768852
9729,model_6b,0.4198,0.4543368
9730,model_6b,0.1674,0.15742406
9731,model_6b,0.3163,0.27561
9732,model_6b,0.2986,0.3246637
9733,model_6b,0.0935,0.097271696
9734,model_6b,0.1892,0.24420542
9735,model_6b,0.8698,0.8229941
9736,model_6b,0.2915,0.27356255
9737,model_6b,0.035,0.04894111
9738,model_6b,0.3009,0.28253177
9739,model_6b,0.5048,0.48671862
9740,model_6b,0.0179,0.009056367
9741,model_6b,0.0901,0.10469699
9742,model_6b,0.6144,0.5859112
9743,model_6b,-0.1085,-0.09004737
9744,model_6b,-0.1185,-0.09279666
9745,model_6b,0.1697,0.17981294
9746,model_6b,0.0187,0.19569953
9747,model_6b,0.4266,0.44205806
9748,model_6b,0.4312,0.42498532
9749,model_6b,0.7237,0.68791866
9750,model_6b,0.0761,0.053694807
9751,model_6b,0.043,0.05738999
9752,model_6b,0.2649,0.35572678
9753,model_6b,-0.0154,-0.078030445
9754,model_6b,0.083,0.0420151
9755,model_6b,0.0286,0.02893205
9756,model_6b,0.01,-0.025465347
9757,model_6b,0.2822,0.25135782
9758,model_6b,0.6996,0.70080864
9759,model_6b,0.7837,0.7569047
9760,model_6b,0.1525,0.10590032
9761,model_6b,-0.0255,0.0082237795
9762,model_6b,0.3336,0.33362836
9763,model_6b,0.3572,0.34917578
9764,model_6b,0.0421,0.060421392
9765,model_6b,0.3091,0.38471034
9766,model_6b,0.1278,0.072618484
9767,model_6b,0.0406,0.026430573
9768,model_6b,-0.0026,0.09670908
9769,model_6b,0.7285,0.7177973
9770,model_6b,-0.0418,0.06202071
9771,model_6b,0.4164,0.39716667
9772,model_6b,0.2772,0.20767038
9773,model_6b,-0.0162,-0.019421615
9774,model_6b,0.4035,0.37751734
9775,model_6b,0.5042,0.5443983
9776,model_6b,0.4648,0.4542854
9777,model_6b,0.2604,0.17723759
9778,model_6b,0.1491,0.16493404
9779,model_6b,0.012,-0.04429116
9780,model_6b,0.2225,0.28038102
9781,model_6b,0.2312,0.034430753
9782,model_6b,0.6449,0.6134242
9783,model_6b,0.259,0.29577643
9784,model_6b,0.1399,0.07169453
9785,model_6b,0.4947,0.52539825
9786,model_6b,0.0802,0.05940266
9787,model_6b,0.0975,0.11850521
9788,model_6b,0.1282,0.08270509
9789,model_6b,-0.0397,0.010106452
9790,model_6b,0.1034,0.109876394
9791,model_6b,-0.0912,0.12908846
9792,model_6b,0.1344,0.09417253
9793,model_6b,0.1877,0.16149658
9794,model_6b,0.1106,0.075253844
9795,model_6b,0.0884,0.08229517
9796,model_6b,0.2197,0.21092448
9797,model_6b,-0.0719,-0.07299002
9798,model_6b,-0.0219,-0.0002938658
9799,model_6b,0.2138,0.25816527
9800,model_6b,-0.0576,-0.085508965
9801,model_6b,0.5599,0.5477833
9802,model_6b,0.235,0.25508216
9803,model_6b,0.0638,0.106852114
9804,model_6b,0.1023,0.104523346
9805,model_6b,0.4621,0.43430796
9806,model_6b,0.1566,0.122239366
9807,model_6b,-0.0475,-0.058787115
9808,model_6b,0.2673,0.27901566
9809,model_6b,0.0987,0.15197065
9810,model_6b,0.3588,0.2527777
9811,model_6b,-0.0981,-0.09414012
9812,model_6b,0.2204,0.29123768
9813,model_6b,0.3277,0.35390988
9814,model_6b,0.0259,0.0119159445
9815,model_6b,0.0245,0.008429021
9816,model_6b,0.0752,-0.040807284
9817,model_6b,-0.2074,-0.14652142
9818,model_6b,0.1601,0.15941796
9819,model_6b,0.3877,0.40645918
9820,model_6b,0.3747,0.3176217
9821,model_6b,0.0725,0.09117644
9822,model_6b,0.3704,0.2965668
9823,model_6b,-0.0659,-0.06204284
9824,model_6b,0.3402,0.36638358
9825,model_6b,0.4117,0.4051958
9826,model_6b,0.2663,0.26183435
9827,model_6b,0.7291,0.6923386
9828,model_6b,-0.0922,-0.08305917
9829,model_6b,0.1399,0.12656236
9830,model_6b,0.221,0.18413877
9831,model_6b,0.415,0.46094644
9832,model_6b,0.0691,0.08609535
9833,model_6b,0.0356,0.049543843
9834,model_6b,0.418,0.39231706
9835,model_6b,0.3318,0.36845204
9836,model_6b,0.1023,0.092826344
9837,model_6b,0.6491,0.653535
9838,model_6b,0.203,0.14233685
9839,model_6b,0.2804,0.263788
9840,model_6b,0.3307,0.39912573
9841,model_6b,0.3233,0.35050878
9842,model_6b,0.1961,0.18049863
9843,model_6b,0.0142,0.07031694
9844,model_6b,0.3291,0.29671696
9845,model_6b,0.2404,0.2442207
9846,model_6b,0.2357,0.24554464
9847,model_6b,0.4767,0.4350603
9848,model_6b,-0.0691,-0.043251134
9849,model_6b,0.1162,0.12034284
9850,model_6b,0.0803,0.107968524
9851,model_6b,0.1129,0.11862275
9852,model_6b,0.348,0.35356858
9853,model_6b,0.8981,0.9543445
9854,model_6b,0.1843,0.28666303
9855,model_6b,0.194,0.22505525
9856,model_6b,0.1941,0.34494242
9857,model_6b,0.5945,0.58196396
9858,model_6b,0.3253,0.3414038
9859,model_6b,0.7907,0.75916684
9860,model_6b,0.5632,0.5099508
9861,model_6b,0.2268,0.2544701
9862,model_6b,0.0569,0.045589935
9863,model_6b,0.0205,0.011021398
9864,model_6b,0.4199,0.4391425
9865,model_6b,0.147,0.080758035
9866,model_6b,0.0188,0.053793345
9867,model_6b,-0.1539,-0.20314828
9868,model_6b,0.1318,0.11892019
9869,model_6b,0.1675,0.19059904
9870,model_6b,-0.2495,-0.297837
9871,model_6b,0.3716,0.36981878
9872,model_6b,0.1775,0.19355324
9873,model_6b,0.417,0.46212003
9874,model_6b,0.4731,0.5119675
9875,model_6b,-0.0632,-0.037449583
9876,model_6b,-0.0378,-0.038556837
9877,model_6b,0.1285,0.088512965
9878,model_6b,0.5484,0.54173887
9879,model_6b,0.5413,0.55420953
9880,model_6b,0.3591,0.37482926
9881,model_6b,0.2468,0.23907587
9882,model_6b,0.6208,0.6262245
9883,model_6b,0.2782,0.26191902
9884,model_6b,0.4231,0.42365626
9885,model_6b,0.1098,0.088768534
9886,model_6b,0.1322,0.11871452
9887,model_6b,-0.0513,-0.04558044
9888,model_6b,0.3671,0.39995423
9889,model_6b,0.1984,0.22986472
9890,model_6b,0.4609,0.42954096
9891,model_6b,0.2129,0.20067355
9892,model_6b,0.3308,0.26048416
9893,model_6b,0.5332,0.56325257
9894,model_6b,0.1051,0.025949836
9895,model_6b,0.1219,0.07232271
9896,model_6b,0.3184,0.30533537
9897,model_6b,0.5127,0.5829438
9898,model_6b,-0.0418,-0.015174918
9899,model_6b,0.2453,0.17919505
9900,model_6b,-0.0526,-0.052272685
9901,model_6b,0.2302,0.20386414
9902,model_6b,0.2048,0.02092167
9903,model_6b,0.5012,0.48203546
9904,model_6b,0.0247,0.022840839
9905,model_6b,0.3498,0.39266542
9906,model_6b,0.2581,0.21744251
9907,model_6b,0.2902,0.36252162
9908,model_6b,0.127,0.13532457
9909,model_6b,0.1738,0.12110937
9910,model_6b,0.3216,0.21921855
9911,model_6b,0.2038,0.24889633
9912,model_6b,0.3106,0.36151293
9913,model_6b,0.2261,0.29097423
9914,model_6b,0.119,0.076139465
9915,model_6b,0.6291,0.5315458
9916,model_6b,0.1265,0.13041776
9917,model_6b,0.6135,0.60731626
9918,model_6b,0.2088,0.27654967
9919,model_6b,0.6576,0.71060085
9920,model_6b,0.2223,0.22685093
9921,model_6b,0.1441,0.114209235
9922,model_6b,0.1135,0.13522871
9923,model_6b,0.1723,0.14397725
9924,model_6b,0.0413,0.091452084
9925,model_6b,0.0305,0.11297698
9926,model_6b,0.2661,0.28775048
9927,model_6b,-0.2272,-0.14221051
9928,model_6b,0.1897,0.1912559
9929,model_6b,0.1463,0.019817218
9930,model_6b,0.0954,0.1131597
9931,model_6b,0.1637,0.21470994
9932,model_6b,-0.0082,0.09597543
9933,model_6b,0.0324,0.053545218
9934,model_6b,0.1432,0.13091634
9935,model_6b,0.6276,0.6084507
9936,model_6b,0.5317,0.57390445
9937,model_6b,0.3003,0.34910497
9938,model_6b,0.4644,0.4469252
9939,model_6b,0.6357,0.57829165
9940,model_6b,0.1275,0.14512953
9941,model_6b,0.0118,0.016425438
9942,model_6b,-0.0672,-0.034953542
9943,model_6b,0.6828,0.68792117
9944,model_6b,0.2908,0.24173501
9945,model_6b,0.4486,0.46618325
9946,model_6b,0.035,0.043211758
9947,model_6b,0.1286,0.1466806
9948,model_6b,0.3044,0.3157732
9949,model_6b,0.3054,0.30253384
9950,model_6b,0.0887,0.08149405
9951,model_6b,0.303,0.41207662
9952,model_6b,0.0947,0.10113375
9953,model_6b,0.3285,0.031153664
9954,model_6b,0.1502,0.13921039
9955,model_6b,0.6467,0.61495245
9956,model_6b,0.1569,0.13974217
9957,model_6b,0.3489,0.38067585
9958,model_6b,0.2395,0.15676397
9959,model_6b,0.0002,-0.0026085228
9960,model_6b,0.1714,0.1889804
9961,model_6b,0.1372,0.20418164
9962,model_6b,0.551,0.585759
9963,model_6b,0.245,0.2794258
9964,model_6b,0.1127,0.040527627
9965,model_6b,0.0346,0.052689247
9966,model_6b,1.0469,1.0124035
9967,model_6b,0.1668,0.14832568
9968,model_6b,-0.0004,0.03736441
9969,model_6b,0.0281,0.03086546
9970,model_6b,0.2422,0.28200972
9971,model_6b,0.0906,0.14787485
9972,model_6b,0.6866,0.64202356
9973,model_6b,0.2193,0.2457388
9974,model_6b,0.2241,0.2163257
9975,model_6b,0.1189,0.10912151
9976,model_6b,0.0681,0.043076213
9977,model_6b,0.1981,0.1456722
9978,model_6b,0.7888,0.82331085
9979,model_6b,-0.1117,-0.079117514
9980,model_6b,0.3695,0.37182713
9981,model_6b,0.2163,0.20965442
9982,model_6b,-0.0374,-0.016543053
9983,model_6b,0.3276,0.30873877
9984,model_6b,0.2161,0.25642657
9985,model_6b,-0.0338,0.04710321
9986,model_6b,0.1964,0.26698762
9987,model_6b,0.2197,0.21820024
9988,model_6b,0.0488,0.05566051
9989,model_6b,-0.0139,-0.029252745
9990,model_6b,0.358,0.35463926
9991,model_6b,0.0146,0.018622033
9992,model_6b,0.1459,0.16676122
9993,model_6b,0.0515,0.049031004
9994,model_6b,-0.191,-0.2215501
9995,model_6b,0.0064,0.019796424
9996,model_6b,0.2378,0.29713425
9997,model_6b,0.0804,0.078332566
9998,model_6b,0.5507,0.54871434
9999,model_6b,-0.1189,-0.06537109
10000,model_6b,0.1737,0.12817624
10001,model_6b,0.1549,0.19049627
10002,model_6b,-0.1279,-0.05365298
10003,model_6b,0.1672,0.27015686
10004,model_6b,0.191,0.20359506
10005,model_6b,0.0489,0.054470193
10006,model_6b,0.2186,0.25872084
10007,model_6b,0.4036,0.40313974
10008,model_6b,0.1032,0.09534547
10009,model_6b,0.3471,0.34843218
10010,model_6b,0.1593,0.1707679
10011,model_6b,0.2669,0.23349252
10012,model_6b,0.1294,0.043809395
10013,model_6b,0.7793,0.7776412
10014,model_6b,0.4005,0.4333531
10015,model_6b,0.9503,0.9563653
10016,model_6b,0.0115,0.048266135
10017,model_6b,0.1465,0.14730234
10018,model_6b,0.121,0.1357232
10019,model_6b,0.2244,0.3680245
10020,model_6b,0.7301,0.71933746
10021,model_6b,0.0773,0.06547393
10022,model_6b,0.1666,0.12747909
10023,model_6b,0.4267,0.34469458
10024,model_6b,0.2615,0.47006693
10025,model_6b,0.0818,0.10379255
10026,model_6b,0.1295,0.15655938
10027,model_6b,0.3442,0.34610805
10028,model_6b,0.3666,0.3857052
10029,model_6b,0.396,0.3856525
10030,model_6b,0.7715,0.75450575
10031,model_6b,0.4563,0.4645629
10032,model_6b,0.7455,0.70576507
10033,model_6b,0.1853,0.20569068
10034,model_6b,1.0633,1.0313336
10035,model_6b,0.2337,0.20467094
10036,model_6b,-0.0135,0.037102617
10037,model_6b,0.1296,0.108315945
10038,model_6b,0.1512,0.114881344
10039,model_6b,0.0931,0.07705294
10040,model_6b,0.0005,-0.02396945
10041,model_6b,0.3708,0.40621313
10042,model_6b,0.3079,0.17147446
10043,model_6b,-0.042,-0.05235485
10044,model_6b,0.627,0.6477647
10045,model_6b,0.2661,0.29663783
10046,model_6b,0.0493,0.045925945
10047,model_6b,0.4473,0.29788065
10048,model_6b,0.0444,0.012823395
10049,model_6b,0.4475,0.40194234
10050,model_6b,0.1068,0.09078721
10051,model_6b,0.0387,0.0475365
10052,model_6b,0.8357,0.79516834
10053,model_6b,0.1957,0.19595036
10054,model_6b,0.1534,0.06054479
10055,model_6b,0.1778,0.23154509
10056,model_6b,0.082,0.094514646
10057,model_6b,0.0983,0.07323891
10058,model_6b,0.1909,0.15031645
10059,model_6b,-0.1421,-0.081792034
10060,model_6b,0.3538,0.32536876
10061,model_6b,0.0383,0.07026072
10062,model_6b,0.1273,0.035089936
10063,model_6b,0.229,0.30627722
10064,model_6b,0.7005,0.68311137
10065,model_6b,0.2638,0.121278435
10066,model_6b,0.2175,0.22726506
10067,model_6b,0.2979,0.28942704
10068,model_6b,0.0459,0.051749937
10069,model_6b,0.0454,-0.0011082888
10070,model_6b,-0.0247,-0.047629096
10071,model_6b,-0.0405,-0.040605076
10072,model_6b,0.8188,0.81362665
10073,model_6b,0.0055,-0.02935163
10074,model_6b,0.3056,0.28699696
10075,model_6b,0.1291,0.19150856
10076,model_6b,0.1137,0.100139715
10077,model_6b,0.1191,0.07453504
10078,model_6b,0.5019,0.58774376
10079,model_6b,0.4398,0.41883808
10080,model_6b,0.0995,0.0739604
10081,model_6b,0.4024,0.43217874
10082,model_6b,-0.0104,-0.0256316
10083,model_6b,0.0802,0.035199083
10084,model_6b,0.243,0.19850403
10085,model_6b,0.3213,0.449836
10086,model_6b,0.1324,0.13546042
10087,model_6b,0.0276,0.05962975
10088,model_6b,0.1115,0.10993339
10089,model_6b,0.2279,0.22913122
10090,model_6b,0.1277,0.10176626
10091,model_6b,0.1345,0.15044782
10092,model_6b,0.6448,0.6440404
10093,model_6b,0.0634,0.19944903
10094,model_6b,0.1931,0.17532443
10095,model_6b,-0.0443,-0.019391753
10096,model_6b,0.5976,0.57086223
10097,model_6b,0.4237,0.3730282
10098,model_6b,0.4184,0.31727716
10099,model_6b,0.2369,0.15528199
10100,model_6b,0.3262,0.2857853
10101,model_6b,0.1064,0.08158977
10102,model_6b,0.2266,0.21676037
10103,model_6b,0.3056,0.24544123
10104,model_6b,0.1059,0.08626614
10105,model_6b,0.1512,0.110120475
10106,model_6b,0.6412,0.6664364
10107,model_6b,-0.1093,-0.120710485
10108,model_6b,0.197,0.15343148
10109,model_6b,0.2793,0.27510867
10110,model_6b,0.0949,0.10318029
10111,model_6b,0.0941,0.118268736
10112,model_6b,0.2681,0.20499909
10113,model_6b,0.1506,0.12915742
10114,model_6b,0.541,0.31803086
10115,model_6b,-0.197,-0.1488953
10116,model_6b,0.0207,0.035896294
10117,model_6b,0.1612,0.08307193
10118,model_6b,0.2976,0.23964116
10119,model_6b,0.1053,0.02510976
10120,model_6b,0.0605,0.07824725
10121,model_6b,0.203,0.33227456
10122,model_6b,0.5301,0.55319655
10123,model_6b,0.0644,0.07585269
10124,model_6b,0.0101,0.06400329
10125,model_6b,0.0735,0.040912393
10126,model_6b,0.2993,0.40397653
10127,model_6b,0.2165,0.14200202
10128,model_6b,0.1326,0.10536713
10129,model_6b,0.2096,0.20771927
10130,model_6b,0.2176,0.2544019
10131,model_6b,0.0781,0.1153726
10132,model_6b,0.5963,0.56938875
10133,model_6b,0.4866,0.48431233
10134,model_6b,0.0308,0.0050933883
10135,model_6b,0.1031,0.11143361
10136,model_6b,0.5107,0.5315344
10137,model_6b,0.1572,0.17555638
10138,model_6b,0.0631,0.08826256
10139,model_6b,0.0194,0.03912544
10140,model_6b,0.2488,0.14315762
10141,model_6b,0.3295,0.18470657
10142,model_6b,0.0123,0.04260544
10143,model_6b,0.3926,0.40777966
10144,model_6b,0.494,0.46959025
10145,model_6b,-0.0401,-0.06989441
10146,model_6b,0.4773,0.10098553
10147,model_6b,0.3363,0.32994813
10148,model_6b,0.0693,0.10871936
10149,model_6b,0.095,0.09391386
10150,model_6b,-0.0204,-0.06295533
10151,model_6b,0.4606,0.43427256
10152,model_6b,0.2732,0.24965698
10153,model_6b,-0.221,-0.04615318
10154,model_6b,0.2259,0.21483928
10155,model_6b,0.1978,0.16638163
10156,model_6b,0.8971,0.88534737
10157,model_6b,0.3388,0.36712047
10158,model_6b,0.0889,0.06995697
10159,model_6b,0.3391,0.34266967
10160,model_6b,0.347,0.3093703
10161,model_6b,-0.0311,-0.042654313
10162,model_6b,0.0086,-0.03503555
10163,model_6b,0.2081,0.2700338
10164,model_6b,0.3199,0.31005874
10165,model_6b,0.3753,0.36638588
10166,model_6b,0.571,0.5580701
10167,model_6b,0.2248,0.19911858
10168,model_6b,0.4147,0.40210006
10169,model_6b,0.0817,0.098234504
10170,model_6b,0.1542,0.16142851
10171,model_6b,0.3194,0.34245145
10172,model_6b,0.1097,0.10004312
10173,model_6b,0.1974,0.19172102
10174,model_6b,0.1406,0.122233585
10175,model_6b,0.3283,0.33599594
10176,model_6b,-0.0121,-0.005459927
10177,model_6b,0.816,0.86925936
10178,model_6b,0.0789,0.12607446
10179,model_6b,-0.0363,-0.069507666
10180,model_6b,0.1535,0.13637362
10181,model_6b,0.3245,0.3631194
10182,model_6b,0.005,0.0033344254
10183,model_6b,0.079,0.044889957
10184,model_6b,0.2828,0.30898592
10185,model_6b,0.6512,0.6096081
10186,model_6b,0.0492,0.053861953
10187,model_6b,0.3056,0.3051245
10188,model_6b,0.1809,0.16724148
10189,model_6b,0.1179,-0.009645693
10190,model_6b,0.3913,0.37491116
10191,model_6b,0.3729,0.3816551
10192,model_6b,0.1774,0.19893035
10193,model_6b,0.078,0.017647378
10194,model_6b,0.0252,0.030359715
10195,model_6b,0.1526,0.16618258
10196,model_6b,0.0115,0.09661184
10197,model_6b,0.9149,0.9140376
10198,model_6b,0.2847,0.29323068
10199,model_6b,0.2467,0.19237497
10200,model_6b,0.2093,0.15342641
10201,model_6b,0.1879,0.1569938
10202,model_6b,0.1796,0.1343371
10203,model_6b,0.2218,0.15363199
10204,model_6b,0.5081,0.5618531
10205,model_6b,0.0782,0.09493943
10206,model_6b,0.1901,0.18049207
10207,model_6b,0.6441,0.66200024
10208,model_6b,0.0603,0.063791886
10209,model_6b,0.0707,0.05710765
10210,model_6b,-0.0354,-0.063100375
10211,model_6b,0.1585,0.18934356
10212,model_6b,0.0387,0.055634163
10213,model_6b,0.0831,0.11502892
10214,model_6b,0.2568,0.21445072
10215,model_6b,0.0097,0.082057945
10216,model_6b,0.3818,0.32932782
10217,model_6b,0.316,0.3319956
10218,model_6b,-0.1671,-0.15702283
10219,model_6b,-0.2004,-0.17359903
10220,model_6b,0.0032,-0.012120269
10221,model_6b,0.1909,0.18040094
10222,model_6b,0.0881,0.074648775
10223,model_6b,0.3561,0.31094086
10224,model_6b,0.0406,0.020066917
10225,model_6b,0.3386,0.33368057
10226,model_6b,0.4512,0.4173545
10227,model_6b,0.3188,0.35812274
10228,model_6b,-0.0581,-0.10556842
10229,model_6b,0.1224,0.08881535
10230,model_6b,0.2503,0.25032336
10231,model_6b,0.3742,0.2998975
10232,model_6b,0.2559,0.3264852
10233,model_6b,0.251,0.23450348
10234,model_6b,0.8897,0.87121344
10235,model_6b,0.2299,0.25185695
10236,model_6b,0.3352,0.34722295
10237,model_6b,0.2725,0.1675519
10238,model_6b,-0.0393,0.011732779
10239,model_6b,0.341,0.26771995
10240,model_6b,-0.1158,-0.06513644
10241,model_6b,0.1794,0.17462248
10242,model_6b,0.6834,0.69753516
10243,model_6b,0.0123,0.033052932
10244,model_6b,0.0318,0.04266097
10245,model_6b,0.4215,0.3962299
10246,model_6b,0.1461,0.22264871
10247,model_6b,0.4939,0.5419097
10248,model_6b,0.2,0.19608945
10249,model_6b,-0.0005,-0.008449756
10250,model_6b,0.2523,0.1868576
10251,model_6b,0.3581,0.34677464
10252,model_6b,0.0932,0.11826883
10253,model_6b,0.3157,0.26259845
10254,model_6b,0.3824,0.41018358
10255,model_6b,0.2338,0.32544085
10256,model_6b,0.7108,0.69554675
10257,model_6b,0.273,0.2098046
10258,model_6b,0.7293,0.70259833
10259,model_6b,0.0767,0.06112922
10260,model_6b,0.2564,0.28074157
10261,model_6b,0.2476,0.24044359
10262,model_6b,0.2067,0.24009463
10263,model_6b,0.1913,0.10667807
10264,model_6b,0.0675,0.065974325
10265,model_6b,-0.0054,-0.023200907
10266,model_6b,0.2115,0.22553861
10267,model_6b,0.13,0.1478633
10268,model_6b,0.4002,0.37390515
10269,model_6b,0.2019,0.18376961
10270,model_6b,0.2081,0.20156476
10271,model_6b,0.1041,0.11928318
10272,model_6b,0.2262,0.23542935
10273,model_6b,0.2419,0.243752
10274,model_6b,0.1488,0.16151935
10275,model_6b,0.4167,0.46049723
10276,model_6b,0.3476,0.40106693
10277,model_6b,0.1692,0.20822963
10278,model_6b,0.0908,0.1114452
10279,model_6b,0.4398,0.5025357
10280,model_6b,0.1441,0.13001573
10281,model_6b,-0.151,-0.14683983
10282,model_6b,0.2805,0.106430955
10283,model_6b,0.0563,0.060064927
10284,model_6b,-0.0013,0.011050545
10285,model_6b,0.3462,0.29081333
10286,model_6b,0.1595,0.17430833
10287,model_6b,0.1481,0.17457655
10288,model_6b,0.1656,0.13515286
10289,model_6b,0.882,0.8781946
10290,model_6b,0.4558,0.43503615
10291,model_6b,-0.0536,-0.051085822
10292,model_6b,0.1436,0.11820686
10293,model_6b,0.1817,0.18047541
10294,model_6b,0.1295,0.1313273
10295,model_6b,0.0757,0.0699056
10296,model_6b,0.1167,0.12681669
10297,model_6b,0.0541,0.12403313
10298,model_6b,0.0337,-0.025961302
10299,model_6b,0.6602,0.64289135
10300,model_6b,0.0268,0.010211594
10301,model_6b,0.0422,0.035416592
10302,model_6b,0.1782,0.11628363
10303,model_6b,0.4441,0.39521155
10304,model_6b,0.0323,0.039253473
10305,model_6b,0.6639,0.60628235
10306,model_6b,0.0376,0.12748253
10307,model_6b,0.5638,0.56633633
10308,model_6b,0.2352,0.24486172
10309,model_6b,0.0876,-0.01315771
10310,model_6b,-0.1387,-0.14326733
10311,model_6b,0.5722,0.56807846
10312,model_6b,0.2226,0.2661958
10313,model_6b,0.8884,0.91420764
10314,model_6b,0.227,0.19327891
10315,model_6b,0.2463,0.23084298
10316,model_6b,0.5207,0.47645915
10317,model_6b,0.3029,0.28279755
10318,model_6b,0.2458,0.20466083
10319,model_6b,0.0555,0.05394777
10320,model_6b,0.2703,0.32672322
10321,model_6b,0.1372,0.14693502
10322,model_6b,-0.076,-0.11633796
10323,model_6b,0.2013,0.13080928
10324,model_6b,0.1571,0.1563245
10325,model_6b,0.2774,0.32062474
10326,model_6b,0.7497,0.7693002
10327,model_6b,0.3513,0.22174647
10328,model_6b,0.1974,0.21386302
10329,model_6b,0.0347,0.023452811
10330,model_6b,-0.1634,-0.10935105
10331,model_6b,0.0919,0.050284453
10332,model_6b,0.2581,0.33049905
10333,model_6b,0.2677,0.24916193
10334,model_6b,0.6615,0.6390626
10335,model_6b,0.2844,0.39378926
10336,model_6b,0.2768,0.25848925
10337,model_6b,0.0322,-0.01942797
10338,model_6b,0.4114,0.39259368
10339,model_6b,0.2891,0.33016896
10340,model_6b,-0.1213,-0.10811416
10341,model_6b,0.0137,-0.031112216
10342,model_6b,0.4425,0.4519199
10343,model_6b,0.171,0.16138063
10344,model_6b,-0.1109,-0.13336894
10345,model_6b,0.3187,0.3361913
10346,model_6b,0.034,0.02352859
10347,model_6b,0.0391,0.062074594
10348,model_6b,0.278,0.24785978
10349,model_6b,-0.0065,-0.04461593
10350,model_6b,0.0317,0.021414839
10351,model_6b,0.2692,0.32215232
10352,model_6b,0.3194,0.34825867
10353,model_6b,0.0552,-0.012559451
10354,model_6b,0.1209,0.12904185
10355,model_6b,0.2694,0.2695483
10356,model_6b,0.2114,0.18116128
10357,model_6b,0.0968,0.09362005
10358,model_6b,0.2243,0.19239032
10359,model_6b,0.1315,0.16323462
10360,model_6b,0.4578,0.49163732
10361,model_6b,0.7186,0.71896154
10362,model_6b,0.7336,0.75217116
10363,model_6b,0.2202,0.30826747
10364,model_6b,0.2336,0.2282314
10365,model_6b,0.1791,0.16654076
10366,model_6b,0.5939,0.5917129
10367,model_6b,0.4736,0.49546048
10368,model_6b,0.6839,0.70932305
10369,model_6b,0.4972,0.51527685
10370,model_6b,0.0961,0.082481526
10371,model_6b,0.0988,0.093649134
10372,model_6b,0.3287,0.2978957
10373,model_6b,0.3233,0.24761468
10374,model_6b,-0.0581,-0.0053262115
10375,model_6b,0.0896,0.10937574
10376,model_6b,0.6775,0.6605654
10377,model_6b,0.3069,0.25859264
10378,model_6b,-0.0195,-0.1057461
10379,model_6b,0.0418,0.012357883
10380,model_6b,0.1425,0.28337237
10381,model_6b,-0.1394,-0.15386766
10382,model_6b,0.5988,0.63685966
10383,model_6b,-0.047,-0.079401694
10384,model_6b,0.0816,0.03695871
10385,model_6b,0.2695,0.22262514
10386,model_6b,0.1244,0.09944617
10387,model_6b,0.1779,0.17584619
10388,model_6b,0.6033,0.58185107
10389,model_6b,0.1064,0.086483225
10390,model_6b,0.046,0.07466763
10391,model_6b,0.1202,0.1082976
10392,model_6b,0.5019,0.56939656
10393,model_6b,0.0017,-0.002880618
10394,model_6b,0.3738,0.37958318
10395,model_6b,0.0798,0.053003136
10396,model_6b,0.3139,0.33889124
10397,model_6b,0.2962,0.32245275
10398,model_6b,0.4756,0.48122233
10399,model_6b,0.1559,0.17514971
10400,model_6b,0.8671,0.84704185
10401,model_6b,0.0357,0.05897439
10402,model_6b,0.0232,0.039017737
10403,model_6b,0.2867,0.25219053
10404,model_6b,0.2936,0.35568646
10405,model_6b,0.3752,0.36285898
10406,model_6b,0.3892,0.37707695
10407,model_6b,0.0857,0.0812429
10408,model_6b,-0.1297,-0.12649786
10409,model_6b,0.3019,0.3193275
10410,model_6b,0.0906,0.036917716
10411,model_6b,0.0705,0.10822281
10412,model_6b,0.0892,0.13265851
10413,model_6b,0.0534,0.031254616
10414,model_6b,0.3242,0.34194687
10415,model_6b,0.4617,0.43397078
10416,model_6b,-0.1094,-0.090391584
10417,model_6b,0.2628,0.2612438
10418,model_6b,0.4246,0.2911643
10419,model_6b,0.3841,0.34847686
10420,model_6b,0.0125,0.018509604
10421,model_6b,0.2735,0.2935984
10422,model_6b,0.3603,0.35342696
10423,model_6b,0.7488,0.6518133
10424,model_6b,0.3669,0.38064688
10425,model_6b,0.4798,0.4253648
10426,model_6b,0.2088,0.23730168
10427,model_6b,0.2065,0.2657608
10428,model_6b,0.4067,0.41034535
10429,model_6b,0.4177,0.23924875
10430,model_6b,0.05,0.045959637
10431,model_6b,-0.0858,-0.09720517
10432,model_6b,0.3011,0.35785624
10433,model_6b,0.0367,0.017852865
10434,model_6b,0.1726,0.15588322
10435,model_6b,0.2722,0.06429984
10436,model_6b,0.007,0.0065343305
10437,model_6b,0.1991,0.17108998
10438,model_6b,0.1447,0.15273222
10439,model_6b,0.9204,0.8999702
10440,model_6b,0.1682,0.24913067
10441,model_6b,0.3648,0.33523005
10442,model_6b,0.0616,0.09181748
10443,model_6b,0.9915,0.95320266
10444,model_6b,-0.013,-0.012108475
10445,model_6b,0.4678,0.4252861
10446,model_6b,0.4732,0.5449788
10447,model_6b,0.1624,0.22749597
10448,model_6b,0.0874,-0.00272239
10449,model_6b,0.2213,0.2402451
10450,model_6b,0.1921,0.13094217
10451,model_6b,0.6105,0.6417364
10452,model_6b,0.2677,0.18107831
10453,model_6b,0.0104,-0.023262128
10454,model_6b,0.2394,0.20435594
10455,model_6b,0.2982,0.34357026
10456,model_6b,0.0512,0.058066964
10457,model_6b,0.4783,0.4477283
10458,model_6b,-0.0343,-0.07523803
10459,model_6b,-0.0991,-0.07407742
10460,model_6b,-0.1123,-0.094515644
10461,model_6b,0.2391,0.20757023
10462,model_6b,0.5738,0.48632607
10463,model_6b,0.2239,0.16345498
10464,model_6b,0.051,0.059732437
10465,model_6b,-0.1367,-0.11108974
10466,model_6b,0.3705,0.33427483
10467,model_6b,0.1093,0.03877941
10468,model_6b,0.1749,0.23430139
10469,model_6b,0.1765,0.22717035
10470,model_6b,0.0555,0.022249676
10471,model_6b,0.2369,0.24834192
10472,model_6b,0.0737,0.053996284
10473,model_6b,0.0739,0.113670826
10474,model_6b,0.0349,0.102393836
10475,model_6b,0.1911,0.17381299
10476,model_6b,0.4731,0.41168666
10477,model_6b,0.6034,0.5985252
10478,model_6b,0.1201,0.07849686
10479,model_6b,0.4201,0.46372804
10480,model_6b,0.0998,0.10994992
10481,model_6b,0.3019,0.26980117
10482,model_6b,0.2721,0.4152726
10483,model_6b,0.5276,0.50067395
10484,model_6b,-0.1083,-0.0353432
10485,model_6b,0.2696,0.27094698
10486,model_6b,-0.0311,-0.0022831336
10487,model_6b,0.2508,0.24453643
10488,model_6b,0.3039,0.31792378
10489,model_6b,-0.0314,-0.02897174
10490,model_6b,0.3863,0.4030722
10491,model_6b,0.1919,0.19994426
10492,model_6b,-0.0266,-0.047493555
10493,model_6b,-0.0687,-0.092095725
10494,model_6b,0.3339,0.346347
10495,model_6b,0.0969,0.082469136
10496,model_6b,0.7938,0.74670434
10497,model_6b,0.5657,0.5643625
10498,model_6b,0.1286,0.12536794
10499,model_6b,0.3885,0.40583947
10500,model_6b,-0.0489,-0.060085736
10501,model_6b,0.255,0.2584972
10502,model_6b,0.0386,0.045404635
10503,model_6b,0.5836,0.6013138
10504,model_6b,0.3233,0.3008613
10505,model_6b,0.4311,0.4338428
10506,model_6b,0.0128,-0.022374108
10507,model_6b,0.0126,0.01402355
10508,model_6b,0.2527,0.2332485
10509,model_6b,0.0752,0.078130975
10510,model_6b,0.334,0.3433939
10511,model_6b,0.0758,0.034269035
10512,model_6b,0.3366,0.28762636
10513,model_6b,0.1089,0.11042573
10514,model_6b,0.1692,0.12448481
10515,model_6b,0.2228,0.2138184
10516,model_6b,0.0287,0.052610002
10517,model_6b,0.4356,0.39738515
10518,model_6b,0.0859,0.050829247
10519,model_6b,0.6341,0.6277644
10520,model_6b,0.0561,0.01984609
10521,model_6b,0.0566,0.058453113
10522,model_6b,0.1331,0.1553024
10523,model_6b,0.066,0.121238485
10524,model_6b,0.0936,0.12405774
10525,model_6b,0.2449,0.2636442
10526,model_6b,-0.0098,-0.004095018
10527,model_6b,0.1675,0.14433505
10528,model_6b,0.4185,0.328794
10529,model_6b,0.1566,0.16439974
10530,model_6b,0.3762,0.32577795
10531,model_6b,-0.0079,-0.047212206
10532,model_6b,0.0353,0.005048327
10533,model_6b,0.1644,0.07819745
10534,model_6b,0.0658,0.04341156
10535,model_6b,0.3621,0.4322722
10536,model_6b,0.1763,0.2370078
10537,model_6b,0.2067,0.21124205
10538,model_6b,0.3036,0.2737386
10539,model_6b,0.1705,0.2193166
10540,model_6b,0.0643,0.060018454
10541,model_6b,0.2181,0.12929879
10542,model_6b,0.359,0.26100495
10543,model_6b,0.7038,0.68565774
10544,model_6b,0.0609,0.10485801
10545,model_6b,-0.0449,-0.07282781
10546,model_6b,0.1028,0.09547633
10547,model_6b,0.1165,0.105264165
10548,model_6b,0.1325,0.13743944
10549,model_6b,0.4258,0.4279398
10550,model_6b,0.113,0.078504376
10551,model_6b,0.2893,0.33973345
10552,model_6b,0.0332,0.09666052
10553,model_6b,0.417,0.44213474
10554,model_6b,0.0296,0.016962938
10555,model_6b,0.3096,0.25997788
10556,model_6b,0.4775,0.4480416
10557,model_6b,0.0254,-0.019577816
10558,model_6b,-0.0355,-0.08359391
10559,model_6b,0.1213,0.13591507
10560,model_6b,0.1306,0.11880951
10561,model_6b,0.0947,0.091753416
10562,model_6b,0.0422,0.007991634
10563,model_6b,-0.1869,-0.18884003
10564,model_6b,0.0338,0.06695227
10565,model_6b,0.093,0.07205249
10566,model_6b,0.4244,0.4075394
10567,model_6b,0.146,0.1384111
10568,model_6b,0.2625,0.17959651
10569,model_6b,0.6186,0.58280134
10570,model_6b,0.6094,0.6111031
10571,model_6b,-0.155,-0.12033727
10572,model_6b,-0.0334,-0.022147901
10573,model_6b,0.1951,0.17778912
10574,model_6b,0.2711,0.31090608
10575,model_6b,0.0548,0.05994194
10576,model_6b,0.754,0.7549474
10577,model_6b,-0.0088,-0.023971222
10578,model_6b,0.353,0.36597475
10579,model_6b,0.2414,0.20298102
10580,model_6b,0.2154,0.2540334
10581,model_6b,0.0493,0.030280076
10582,model_6b,0.3207,0.29542407
10583,model_6b,0.1382,0.15070178
10584,model_6b,-0.1783,-0.18116459
10585,model_6b,0.8257,0.7910266
10586,model_6b,0.4864,0.4705088
10587,model_6b,0.6914,0.5508031
10588,model_6b,0.1373,0.2239384
10589,model_6b,0.2125,0.20761785
10590,model_6b,0.2492,0.25107038
10591,model_6b,0.5314,0.5238647
10592,model_6b,0.4265,0.41392994
10593,model_6b,0.3585,0.39011768
10594,model_6b,-0.0642,-0.078409426
10595,model_6b,0.102,0.14517334
10596,model_6b,0.8595,0.8560188
10597,model_6b,0.2612,0.26104483
10598,model_6b,0.4236,0.35252318
10599,model_6b,0.1992,0.19472535
10600,model_6b,0.4507,0.4361676
10601,model_6b,0.7115,0.6737874
10602,model_6b,-0.1164,-0.12000506
10603,model_6b,0.195,0.15500286
10604,model_6b,-0.0374,-0.086025335
10605,model_6b,0.2711,0.21594974
10606,model_6b,-0.0186,-0.056185983
10607,model_6b,0.2629,0.22546837
10608,model_6b,0.0375,0.020163245
10609,model_6b,-0.0356,0.02633126
10610,model_6b,0.1238,0.06651591
10611,model_6b,-0.0333,-0.06994114
10612,model_6b,0.3234,0.3906847
10613,model_6b,0.1518,0.15890557
10614,model_6b,0.2643,0.2088184
10615,model_6b,0.1736,0.18063018
10616,model_6b,0.5562,0.40544376
10617,model_6b,0.6766,0.66961324
10618,model_6b,0.8419,0.8259587
10619,model_6b,0.387,0.42166722
10620,model_6b,0.8076,0.8470043
10621,model_6b,0.1448,0.15336736
10622,model_6b,-0.0785,-0.07184001
10623,model_6b,0.6639,0.6324245
10624,model_6b,0.0613,0.097258285
10625,model_6b,-0.0464,-0.08661074
10626,model_6b,0.3354,0.3433465
10627,model_6b,0.2963,0.25691628
10628,model_6b,0.2019,0.18269247
10629,model_6b,0.1824,0.22004631
10630,model_6b,0.1763,0.1663347
10631,model_6b,0.2625,0.27395186
10632,model_6b,-0.0045,-0.03907329
10633,model_6b,0.1073,0.10443148
10634,model_6b,0.187,0.18594116
10635,model_6b,0.0886,0.12634283
10636,model_6b,-0.0699,-0.14976999
10637,model_6b,0.1262,0.25259355
10638,model_6b,0.4338,0.41257736
10639,model_6b,0.4657,0.45140153
10640,model_6b,0.6045,0.6065514
10641,model_6b,-0.0867,-0.066988386
10642,model_6b,0.3523,0.3570625
10643,model_6b,-0.0355,-0.03533905
10644,model_6b,0.318,0.32605213
10645,model_6b,0.2709,0.31536952
10646,model_6b,0.3761,0.36616066
10647,model_6b,-0.1246,-0.10453328
10648,model_6b,0.1193,0.042750396
10649,model_6b,0.1881,0.21704063
10650,model_6b,0.3726,0.38707042
10651,model_6b,0.6418,0.62341964
10652,model_6b,0.256,0.16356216
10653,model_6b,0.2293,0.19886819
10654,model_6b,0.115,0.13246787
10655,model_6b,0.7218,0.730623
10656,model_6b,0.1697,0.18094766
10657,model_6b,0.375,0.38475966
10658,model_6b,0.4355,0.4531299
10659,model_6b,0.1799,0.14202097
10660,model_6b,0.1048,0.085429676
10661,model_6b,0.2793,0.24378982
10662,model_6b,0.0345,0.051131334
10663,model_6b,-0.0262,-0.03210514
10664,model_6b,0.0416,0.021272242
10665,model_6b,1.0144,1.0335264
10666,model_6b,0.2524,0.23385942
10667,model_6b,-0.0124,-0.029030778
10668,model_6b,-0.1637,-0.19705144
10669,model_6b,0.1381,0.15297318
10670,model_6b,0.6514,0.63409483
10671,model_6b,-0.0627,-0.10190765
10672,model_6b,0.4353,0.44322395
10673,model_6b,0.1745,0.10108797
10674,model_6b,0.122,0.110322475
10675,model_6b,0.2754,0.25734583
10676,model_6b,0.111,0.090913944
10677,model_6b,0.4005,0.37196252
10678,model_6b,0.475,0.46880022
10679,model_6b,0.3676,0.39480564
10680,model_6b,0.0766,0.10472764
10681,model_6b,0.6857,0.68733925
10682,model_6b,0.6249,0.61734533
10683,model_6b,0.2694,0.2897102
10684,model_6b,0.233,0.14973009
10685,model_6b,0.353,0.29621032
10686,model_6b,-0.0391,-0.036737032
10687,model_6b,0.1883,0.21157023
10688,model_6b,0.2604,0.1989139
10689,model_6b,0.2336,0.19831115
10690,model_6b,0.6381,0.6185625
10691,model_6b,0.0683,0.081885226
10692,model_6b,0.0146,0.112736836
10693,model_6b,-0.0181,-0.040695436
10694,model_6b,0.1454,0.13069305
10695,model_6b,-0.0251,0.070459425
10696,model_6b,-0.1216,-0.12556973
10697,model_6b,0.2582,0.19777231
10698,model_6b,0.1739,0.17405444
10699,model_6b,0.1532,0.18473552
10700,model_6b,0.2166,0.2308661
10701,model_6b,0.1988,0.24094152
10702,model_6b,0.1604,0.18569306
10703,model_6b,0.724,0.75768685
10704,model_6b,0.0657,0.022356134
10705,model_6b,0.5618,0.5135494
10706,model_6b,-0.0271,-0.061032437
10707,model_6b,0.1773,0.17394212
10708,model_6b,0.3252,0.32159373
10709,model_6b,0.198,0.2190249
10710,model_6b,-0.0942,-0.063679
10711,model_6b,0.6169,0.62638116
10712,model_6b,0.0827,0.1006284
10713,model_6b,0.4194,0.4196876
10714,model_6b,0.1056,0.121129416
10715,model_6b,-0.016,-0.05445195
10716,model_6b,-0.0152,7.428229e-06
10717,model_6b,0.1894,0.19396825
10718,model_6b,0.5376,0.54697067
10719,model_6b,0.4014,0.38218078
10720,model_6b,0.8186,0.7488576
10721,model_6b,-0.0249,-0.033137776
10722,model_6b,-0.0612,-0.10281006
10723,model_6b,-0.206,-0.18961135
10724,model_6b,0.5272,0.51728976
10725,model_6b,0.2488,0.2700882
10726,model_6b,0.1423,0.16892895
10727,model_6b,-0.0698,-0.08675911
10728,model_6b,0.1052,0.072424464
10729,model_6b,0.0292,0.05434233
10730,model_6b,0.0857,0.082215175
10731,model_6b,0.2841,0.31715357
10732,model_6b,0.1528,0.11328407
10733,model_6b,0.4868,0.4410543
10734,model_6b,0.0453,0.014311135
10735,model_6b,0.5002,0.48364633
10736,model_6b,0.2072,0.17342475
10737,model_6b,0.1822,0.24553442
10738,model_6b,0.2111,0.19638939
10739,model_6b,0.2864,0.30174273
10740,model_6b,0.0528,0.08591791
10741,model_6b,0.3802,0.4149492
10742,model_6b,0.5333,0.47509852
10743,model_6b,0.2706,0.27405873
10744,model_6b,-0.1413,-0.20775771
10745,model_6b,0.1266,0.26899067
10746,model_6b,0.1285,0.10894696
10747,model_6b,0.3442,0.36690658
10748,model_6b,0.3737,0.24409676
10749,model_6b,0.2735,0.2581483
10750,model_6b,0.362,0.38336146
10751,model_6b,0.0378,0.021661624
10752,model_6b,0.3053,0.5034748
10753,model_6b,0.2755,0.2639972
10754,model_6b,0.2456,0.27630323
10755,model_6b,0.2428,0.21118397
10756,model_6b,0.4214,0.407885
10757,model_6b,-0.0668,-0.064431526
10758,model_6b,0.072,0.021680593
10759,model_6b,0.4906,0.5097231
10760,model_6b,0.7962,0.7643457
10761,model_6b,0.1824,0.2796548
10762,model_6b,0.0267,0.003384672
10763,model_6b,-0.0807,-0.04594157
10764,model_6b,0.2998,0.29598185
10765,model_6b,0.7914,0.83811456
10766,model_6b,0.5554,0.5609449
10767,model_6b,0.6613,0.62796503
10768,model_6b,0.1391,0.1555616
10769,model_6b,0.0907,0.06947924
10770,model_6b,0.4981,0.38379768
10771,model_6b,0.1138,0.09194208
10772,model_6b,0.2464,0.19124277
10773,model_6b,0.1193,0.20622507
10774,model_6b,0.1552,0.1166222
10775,model_6b,0.1722,0.16290122
10776,model_6b,0.4893,0.37415677
10777,model_6b,0.4786,0.5085027
10778,model_6b,0.5731,0.5961571
10779,model_6b,0.3182,0.2885733
10780,model_6b,0.1024,0.06572108
10781,model_6b,0.834,0.80576706
10782,model_6b,0.0119,0.021081477
10783,model_6b,-0.0682,-0.03412039
10784,model_6b,0.2639,0.24445105
10785,model_6b,0.0865,0.08748272
10786,model_6b,0.3875,0.40822026
10787,model_6b,0.6545,0.665609
10788,model_6b,-0.0593,-0.047793634
10789,model_6b,0.5307,0.5292916
10790,model_6b,0.4603,0.47580805
10791,model_6b,0.3729,0.3175674
10792,model_6b,0.3442,0.28631467
10793,model_6b,0.2174,0.14625783
10794,model_6b,0.1505,0.13043207
10795,model_6b,0.4155,0.4328406
10796,model_6b,-0.1341,0.0021850765
10797,model_6b,0.3035,0.31990114
10798,model_6b,0.2483,0.20298064
10799,model_6b,0.3472,0.34856623
10800,model_6b,0.4148,0.41378632
10801,model_6b,0.074,0.10670217
10802,model_6b,0.1852,0.1730746
10803,model_6b,0.0474,0.04157304
10804,model_6b,-0.2197,-0.1778743
10805,model_6b,0.2903,0.25448364
10806,model_6b,0.0917,0.059039466
10807,model_6b,0.0484,0.08532414
10808,model_6b,0.1054,0.017807119
10809,model_6b,0.1959,0.21825913
10810,model_6b,0.2398,0.23292094
10811,model_6b,0.0737,0.0582196
10812,model_6b,0.2692,0.41920146
10813,model_6b,0.3841,0.3342323
10814,model_6b,0.6215,0.6046771
10815,model_6b,0.0801,0.09142526
10816,model_6b,0.0483,0.009575941
10817,model_6b,0.3929,0.3247923
10818,model_6b,0.1631,0.10656142
10819,model_6b,0.0222,0.01450707
10820,model_6b,0.4742,0.40868703
10821,model_6b,0.2134,0.15302482
10822,model_6b,0.1285,0.046390116
10823,model_6b,0.2461,0.31262368
10824,model_6b,0.6245,0.62337154
10825,model_6b,0.0083,-0.024795085
10826,model_6b,0.2612,0.26168305
10827,model_6b,0.2475,0.25751662
10828,model_6b,0.0566,0.01201091
10829,model_6b,0.2895,0.26335776
10830,model_6b,0.3308,0.32446918
10831,model_6b,0.2631,0.34458575
10832,model_6b,-0.2061,-0.2021425
10833,model_6b,0.1494,0.13987428
10834,model_6b,-0.0297,0.05704405
10835,model_6b,0.1774,0.15093294
10836,model_6b,0.0808,0.09718661
10837,model_6b,0.114,0.14399886
10838,model_6b,0.0987,0.081197955
10839,model_6b,-0.0136,-0.058928005
10840,model_6b,0.1174,0.08204085
10841,model_6b,0.3768,0.34543183
10842,model_6b,0.2963,0.34264034
10843,model_6b,0.1514,0.09266882
10844,model_6b,0.2605,0.33495343
10845,model_6b,0.1416,0.09559652
10846,model_6b,0.0,0.015852295
10847,model_6b,0.2481,0.25030997
10848,model_6b,0.4925,0.54735416
10849,model_6b,0.4123,0.40157488
10850,model_6b,0.2293,0.19967833
10851,model_6b,0.1969,0.21424049
10852,model_6b,0.5025,0.46787795
10853,model_6b,0.0838,0.11235061
10854,model_6b,0.103,0.09270126
10855,model_6b,0.3434,0.38823274
10856,model_6b,0.2999,0.29526937
10857,model_6b,-0.2141,-0.051461436
10858,model_6b,0.0386,0.09746678
10859,model_6b,0.2813,0.2665327
10860,model_6b,0.3179,0.28956065
10861,model_6b,0.1665,0.19430327
10862,model_6b,0.068,0.06641274
10863,model_6b,0.1639,0.17079258
10864,model_6b,0.1427,0.14521325
10865,model_6b,0.352,0.36277854
10866,model_6b,0.3143,0.19916484
10867,model_6b,0.4993,0.49959853
10868,model_6b,0.1926,0.21805325
10869,model_6b,0.2297,0.24524564
10870,model_6b,0.0957,0.06382458
10871,model_6b,0.0873,0.13461944
10872,model_6b,0.2542,0.20103726
10873,model_6b,0.3934,0.37614098
10874,model_6b,0.4205,0.29780555
10875,model_6b,0.2097,0.20398825
10876,model_6b,-0.0093,0.05702396
10877,model_6b,-0.064,0.09531087
10878,model_6b,-0.0638,-0.026469737
10879,model_6b,0.5304,0.5037029
10880,model_6b,0.1782,0.1677303
10881,model_6b,0.0668,0.06457539
10882,model_6b,-0.0223,-0.010452487
10883,model_6b,0.0224,0.030816998
10884,model_6b,0.0633,0.047170497
10885,model_6b,0.1513,0.16233683
10886,model_6b,0.1875,0.16407603
10887,model_6b,0.2298,0.22727075
10888,model_6b,0.5945,0.624529
10889,model_6b,0.405,0.36826405
10890,model_6b,0.1843,0.15194581
10891,model_6b,0.2151,0.30226043
10892,model_6b,0.4072,0.36683932
10893,model_6b,1.0229,1.0290186
10894,model_6b,0.2465,0.22840044
10895,model_6b,0.3792,0.3744377
10896,model_6b,0.1214,0.13661978
10897,model_6b,0.2769,0.34899047
10898,model_6b,0.4407,0.4718162
10899,model_6b,0.005,0.017570697
10900,model_6b,0.136,0.12265206
10901,model_6b,0.3105,0.2599591
10902,model_6b,0.205,0.28687423
10903,model_6b,0.3226,0.34572458
10904,model_6b,0.2561,0.28482768
10905,model_6b,0.2626,0.19311298
10906,model_6b,0.0762,0.10222432
10907,model_6b,0.3176,0.24480733
10908,model_6b,0.1217,0.087522
10909,model_6b,0.3185,0.32796204
10910,model_6b,0.3052,0.22493082
10911,model_6b,0.3909,0.38521472
10912,model_6b,0.7971,0.7779024
10913,model_6b,0.299,0.2892852
10914,model_6b,0.4135,0.37555635
10915,model_6b,0.0792,0.055601362
10916,model_6b,0.9226,0.8935425
10917,model_6b,0.1958,0.20134032
10918,model_6b,0.1063,0.1657443
10919,model_6b,0.156,0.14038187
10920,model_6b,0.5999,0.5424652
10921,model_6b,0.558,0.5890002
10922,model_6b,0.2627,0.28266943
10923,model_6b,0.351,0.3493668
10924,model_6b,0.1938,0.12954065
10925,model_6b,0.4099,0.35344902
10926,model_6b,0.0478,0.029827729
10927,model_6b,0.0251,0.02197592
10928,model_6b,0.1263,0.13618827
10929,model_6b,0.2461,0.25357628
10930,model_6b,0.3564,0.34973744
10931,model_6b,0.4621,0.48404637
10932,model_6b,0.2537,0.35651395
10933,model_6b,0.3808,0.40144256
10934,model_6b,0.0143,0.020955563
10935,model_6b,0.3736,0.33955848
10936,model_6b,0.2683,0.2640564
10937,model_6b,0.1603,0.15410034
10938,model_6b,0.3838,0.41202995
10939,model_6b,0.2206,0.2694679
10940,model_6b,0.3103,0.3286326
10941,model_6b,0.1545,0.14768422
10942,model_6b,0.2975,0.31753778
10943,model_6b,0.0213,0.03768494
10944,model_6b,0.139,0.115797214
10945,model_6b,-0.1196,-0.13307694
10946,model_6b,0.427,0.41023594
10947,model_6b,0.1902,0.24184075
10948,model_6b,0.088,0.06690102
10949,model_6b,0.1175,0.042924326
10950,model_6b,0.2849,0.27063003
10951,model_6b,0.1405,0.18795088
10952,model_6b,0.7506,0.80884403
10953,model_6b,0.3688,0.39987502
10954,model_6b,0.3629,0.26787233
10955,model_6b,0.3063,0.32301706
10956,model_6b,0.0852,0.083316095
10957,model_6b,0.3637,0.40935737
10958,model_6b,0.0919,0.17276195
10959,model_6b,0.0236,0.09388389
10960,model_6b,0.7146,0.7087792
10961,model_6b,0.173,0.2379657
10962,model_6b,0.2916,0.27949247
10963,model_6b,0.586,0.59890395
10964,model_6b,0.0704,0.04941471
10965,model_6b,0.3744,0.37046233
10966,model_6b,0.0507,0.018347658
10967,model_6b,0.0398,0.008289784
10968,model_6b,0.1713,0.18465972
10969,model_6b,0.0504,0.039958388
10970,model_6b,0.1171,0.16986421
10971,model_6b,0.0365,0.016524836
10972,model_6b,0.1831,0.17302628
10973,model_6b,0.4958,0.58538294
10974,model_6b,0.3801,0.38997027
10975,model_6b,0.4758,0.45212236
10976,model_6b,0.1422,0.15600725
10977,model_6b,-0.0055,-0.034083284
10978,model_6b,0.228,0.1711688
10979,model_6b,0.1197,0.09072664
10980,model_6b,0.3709,0.34935725
10981,model_6b,0.4927,0.46980646
10982,model_6b,0.3543,0.3362852
10983,model_6b,0.1241,0.123104
10984,model_6b,0.7845,0.7336137
10985,model_6b,0.0084,0.06322313
10986,model_6b,0.2433,0.29067177
10987,model_6b,0.3002,0.34929022
10988,model_6b,-0.045,-0.072555386
10989,model_6b,0.809,0.8319144
10990,model_6b,-0.1874,-0.17928818
10991,model_6b,0.0954,0.095949374
10992,model_6b,0.0649,0.11789412
10993,model_6b,0.0488,0.04475629
10994,model_6b,0.0999,0.100729726
10995,model_6b,0.4613,0.41726527
10996,model_6b,0.2215,0.21750969
10997,model_6b,0.0279,0.07171543
10998,model_6b,0.0804,0.09997389
10999,model_6b,0.6824,0.6624773
11000,model_6b,0.1438,0.06882973
11001,model_6b,0.3329,0.37288132
11002,model_6b,-0.1231,-0.08910016
11003,model_6b,0.4077,0.41688794
11004,model_6b,0.098,0.048835937
11005,model_6b,0.1445,0.046808284
11006,model_6b,0.0494,0.072734475
11007,model_6b,0.029,-0.022081263
11008,model_6b,0.4666,0.40016106
11009,model_6b,0.236,0.22918248
11010,model_6b,0.2067,0.2024728
11011,model_6b,0.1138,0.102124974
11012,model_6b,0.0908,0.034638144
11013,model_6b,0.0632,-0.0640926
11014,model_6b,0.2981,0.30792958
11015,model_6b,0.3582,0.343132
11016,model_6b,0.0888,0.03659841
11017,model_6b,0.0949,0.14451012
11018,model_6b,0.5858,0.60370505
11019,model_6b,0.0634,0.054820336
11020,model_6b,-0.0264,-0.0137724355
11021,model_6b,0.1495,0.20627226
11022,model_6b,-0.1293,-0.014445007
11023,model_6b,0.2242,0.2856032
11024,model_6b,0.1476,0.1667176
11025,model_6b,-0.1992,-0.100575425
11026,model_6b,0.1129,0.12389001
11027,model_6b,0.0901,0.114914775
11028,model_6b,0.1168,-0.12139001
11029,model_6b,0.3422,0.348629
11030,model_6b,0.3234,0.2972556
11031,model_6b,0.1595,0.16608721
11032,model_6b,0.4481,0.44315317
11033,model_6b,0.0839,0.10309884
11034,model_6b,0.266,0.2755137
11035,model_6b,0.3038,0.32106924
11036,model_6b,0.0618,0.070262276
11037,model_6b,-0.0563,-0.014081091
11038,model_6b,-0.0696,-0.0030424148
11039,model_6b,0.2162,0.22314653
11040,model_6b,0.3247,0.34153098
11041,model_6b,0.1945,0.21378139
11042,model_6b,0.195,0.27082166
11043,model_6b,0.0707,0.07873891
11044,model_6b,0.0883,0.109775
11045,model_6b,0.6459,0.62658185
11046,model_6b,0.752,0.735303
11047,model_6b,0.0805,0.08697534
11048,model_6b,0.4072,0.35392573
11049,model_6b,0.1375,0.13344365
11050,model_6b,0.1063,0.18393564
11051,model_6b,0.017,0.11919637
11052,model_6b,0.2834,0.24005404
11053,model_6b,0.1295,0.1266499
11054,model_6b,0.1867,0.3223907
11055,model_6b,0.2553,0.23779204
11056,model_6b,0.1714,0.20519817
11057,model_6b,0.0848,0.028078243
11058,model_6b,0.2484,0.18031485
11059,model_6b,0.567,0.6179079
11060,model_6b,0.3208,0.3007808
11061,model_6b,0.1699,0.19224149
11062,model_6b,0.0792,0.054510027
11063,model_6b,-0.0587,-0.043682672
11064,model_6b,0.32,0.41662636
11065,model_6b,0.0676,0.12652436
11066,model_6b,0.1869,0.17140636
11067,model_6b,0.3516,0.35514757
11068,model_6b,0.2406,0.28207284
11069,model_6b,0.2365,0.2374092
11070,model_6b,0.7883,0.7524035
11071,model_6b,0.0477,0.051676303
11072,model_6b,-0.0058,-0.052497514
11073,model_6b,0.0904,0.07558582
11074,model_6b,0.216,0.24064285
11075,model_6b,0.3624,0.41886935
11076,model_6b,0.4707,0.45441929
11077,model_6b,0.4918,0.48356697
11078,model_6b,0.5266,0.50828934
11079,model_6b,0.0428,0.03480942
11080,model_6b,0.0559,0.034359705
11081,model_6b,0.0011,0.0023013353
11082,model_6b,0.3292,0.34765702
11083,model_6b,0.6414,0.6511644
11084,model_6b,0.0649,0.05230457
11085,model_6b,0.2356,0.10681965
11086,model_6b,0.2241,0.17694268
11087,model_6b,-0.0184,0.09378792
11088,model_6b,0.8583,0.8149605
11089,model_6b,0.0865,0.08457486
11090,model_6b,0.2614,0.26251084
11091,model_6b,0.0702,0.04968531
11092,model_6b,0.0818,0.04998799
11093,model_6b,0.1874,0.1941266
11094,model_6b,0.148,0.15848991
11095,model_6b,0.5617,0.54939586
11096,model_6b,-0.1217,-0.13242799
11097,model_6b,0.3277,0.36256862
11098,model_6b,0.13,0.124610476
11099,model_6b,0.0293,0.03129036
11100,model_6b,0.0576,0.06712295
11101,model_6b,0.4101,0.4052496
11102,model_6b,0.4201,0.42746624
11103,model_6b,0.1497,0.0905291
11104,model_6b,0.4107,0.37458703
11105,model_6b,0.6921,0.64430445
11106,model_6b,0.3037,0.32806405
11107,model_6b,0.319,0.25659072
11108,model_6b,-0.035,-0.016076483
11109,model_6b,0.1777,0.15259697
11110,model_6b,-0.0038,0.03268658
11111,model_6b,0.2415,0.225844
11112,model_6b,-0.0784,-0.09037802
11113,model_6b,-0.1111,-0.069718085
11114,model_6b,0.1459,0.15072802
11115,model_6b,0.3786,0.4013898
11116,model_6b,0.3347,0.33248088
11117,model_6b,0.1828,0.17189696
11118,model_6b,0.2818,0.3024802
11119,model_6b,0.0881,0.040965993
11120,model_6b,0.2557,0.28130233
11121,model_6b,0.2929,0.3160028
11122,model_6b,0.1651,0.17336506
11123,model_6b,0.2267,0.2561249
11124,model_6b,0.1507,0.14179665
11125,model_6b,0.2934,0.17113782
11126,model_6b,0.1462,0.12732637
11127,model_6b,0.2023,0.17114416
11128,model_6b,0.1702,0.20154257
11129,model_6b,0.6418,0.6753377
11130,model_6b,0.158,0.21998978
11131,model_6b,0.2057,0.09972166
11132,model_6b,0.0459,0.05900467
11133,model_6b,0.6986,0.7007234
11134,model_6b,0.2051,0.22493997
11135,model_6b,0.3447,0.4360805
11136,model_6b,0.0844,0.1208975
11137,model_6b,0.1006,0.09844579
11138,model_6b,0.4047,0.3774399
11139,model_6b,0.0489,0.08022428
11140,model_6b,0.5458,0.54107654
11141,model_6b,0.3245,0.32718956
11142,model_6b,0.1788,0.18807793
11143,model_6b,0.0417,0.08483789
11144,model_6b,0.0326,0.03818411
11145,model_6b,0.3791,0.37740797
11146,model_6b,0.2594,0.2596644
11147,model_6b,0.4771,0.43745267
11148,model_6b,0.192,0.15912433
11149,model_6b,0.5103,0.5084456
11150,model_6b,0.3477,0.38431796
11151,model_6b,0.5277,0.5891707
11152,model_6b,0.4144,0.3830382
11153,model_6b,0.2183,0.17937428
11154,model_6b,0.1394,0.13445702
11155,model_6b,0.6138,0.6216886
11156,model_6b,0.2474,0.15873468
11157,model_6b,0.4536,0.47339198
11158,model_6b,0.1421,0.13395229
11159,model_6b,0.2981,0.107329875
11160,model_6b,0.9825,0.9404146
11161,model_6b,0.9298,0.88312757
11162,model_6b,0.6964,0.6898033
11163,model_6b,0.3255,0.32482472
11164,model_6b,0.3058,0.28672156
11165,model_6b,-0.0787,-0.096820705
11166,model_6b,0.7815,0.73260987
11167,model_6b,0.5367,0.5266804
11168,model_6b,0.2829,0.32628098
11169,model_6b,0.1477,0.09679902
11170,model_6b,0.2789,0.26441708
11171,model_6b,0.1075,0.07409138
11172,model_6b,0.1685,0.18810412
11173,model_6b,-0.2613,0.5743049
11174,model_6b,-0.0404,-0.029608749
11175,model_6b,0.3044,0.30057254
11176,model_6b,0.1926,0.20299372
11177,model_6b,0.1838,0.24008825
11178,model_6b,0.4107,0.412123
11179,model_6b,0.3862,0.48008212
11180,model_6b,0.2354,0.1974989
11181,model_6b,0.2961,0.27463874
11182,model_6b,0.0942,0.095288694
11183,model_6b,0.1184,0.12380894
11184,model_6b,0.0921,0.11330879
11185,model_6b,0.4291,0.42188004
11186,model_6b,0.7201,0.6753597
11187,model_6b,0.5858,0.6036354
11188,model_6b,0.3869,0.34937873
11189,model_6b,0.6304,0.705059
11190,model_6b,0.4408,0.45107624
11191,model_6b,0.1854,0.17112157
11192,model_6b,-0.0117,0.08386937
11193,model_6b,0.7519,0.79939115
11194,model_6b,0.1042,0.15512612
11195,model_6b,0.3924,0.35246402
11196,model_6b,0.431,0.44148698
11197,model_6b,0.1218,0.31172726
11198,model_6b,0.3164,0.30171004
11199,model_6b,0.1226,0.15161541
11200,model_6b,-0.0902,-0.08297493
11201,model_6b,0.2505,0.13836983
11202,model_6b,0.413,0.38873783
11203,model_6b,0.1704,0.15338555
11204,model_6b,-0.1821,-0.21217218
11205,model_6b,0.401,0.3782793
11206,model_6b,0.5054,0.47700495
11207,model_6b,0.1048,0.100515835
11208,model_6b,0.3487,0.3701796
11209,model_6b,0.0807,0.14691032
11210,model_6b,0.2676,0.28347647
11211,model_6b,0.0371,0.12906732
11212,model_6b,0.3336,0.07539105
11213,model_6b,0.2569,0.17965451
11214,model_6b,0.348,0.2972571
11215,model_6b,0.5071,0.49025846
11216,model_6b,0.0782,0.08259186
11217,model_6b,0.4709,0.4766191
11218,model_6b,-0.0239,-0.0150426105
11219,model_6b,0.1928,0.18694599
11220,model_6b,0.0225,0.044411052
11221,model_6b,-0.0389,-0.040081106
11222,model_6b,0.4735,0.4594694
11223,model_6b,0.1408,0.16015086
11224,model_6b,0.8831,0.8703503
11225,model_6b,0.037,-0.020414524
11226,model_6b,0.3199,0.30907834
11227,model_6b,0.0834,0.101635806
11228,model_6b,0.2327,0.2104719
11229,model_6b,0.9058,0.86059344
11230,model_6b,0.3432,0.36358044
11231,model_6b,0.5666,0.5591918
11232,model_6b,0.2939,0.27365866
11233,model_6b,0.1295,0.14129643
11234,model_6b,0.0317,0.008290522
11235,model_6b,0.3671,0.46690932
11236,model_6b,0.1248,0.14358018
11237,model_6b,0.6174,0.60003287
11238,model_6b,0.0598,0.064659774
11239,model_6b,0.1877,0.1902518
11240,model_6b,0.105,0.104317576
11241,model_6b,0.4395,0.3953689
11242,model_6b,0.0908,0.12095446
11243,model_6b,0.3508,0.35035166
11244,model_6b,0.3978,0.37364572
11245,model_6b,-0.1665,-0.14550385
11246,model_6b,0.31,0.33808666
11247,model_6b,0.4222,0.4437379
11248,model_6b,0.1232,0.12473418
11249,model_6b,0.3391,0.36431003
11250,model_6b,0.549,0.48135534
11251,model_6b,0.1009,0.21614596
11252,model_6b,-0.0518,-0.052588753
11253,model_6b,-0.0276,0.015771292
11254,model_6b,0.2821,0.29217845
11255,model_6b,0.7468,0.7178408
11256,model_6b,-0.0742,-0.092185
11257,model_6b,0.1005,0.086367585
11258,model_6b,0.1921,0.22741792
11259,model_6b,0.8607,0.81637025
11260,model_6b,0.7758,0.74361545
11261,model_6b,0.2861,0.32337034
11262,model_6b,0.2767,0.31108248
11263,model_6b,0.0951,0.03796019
11264,model_6b,0.5097,0.4855514
11265,model_6b,0.0357,0.02841923
11266,model_6b,-0.0165,0.093494676
11267,model_6b,-0.1478,-0.13861385
11268,model_6b,0.1299,0.12518658
11269,model_6b,0.2679,0.25278234
11270,model_6b,0.0111,0.036249343
11271,model_6b,-0.0681,-0.082739644
11272,model_6b,0.1707,0.19330814
11273,model_6b,0.3304,0.3213156
11274,model_6b,0.3407,0.32411772
11275,model_6b,0.398,0.37836275
11276,model_6b,0.1057,0.1080173
11277,model_6b,0.259,0.22637841
11278,model_6b,0.3918,0.3781881
11279,model_6b,0.4796,0.5005317
11280,model_6b,0.0013,0.080112845
11281,model_6b,0.1598,0.14566074
11282,model_6b,0.5673,0.5697271
11283,model_6b,-0.0845,-0.081151
11284,model_6b,0.188,0.21433604
11285,model_6b,0.5427,0.4938049
11286,model_6b,-0.1603,-0.14778394
11287,model_6b,0.4978,0.4705327
11288,model_6b,0.1261,0.1124264
11289,model_6b,1.1149,0.88688433
11290,model_6b,-0.1663,-0.09532205
11291,model_6b,-0.0119,-0.029903106
11292,model_6b,-0.0326,-0.02904252
11293,model_6b,0.3459,0.35547012
11294,model_6b,0.0157,0.023558661
11295,model_6b,0.4001,0.33596486
11296,model_6b,-0.0279,-0.023458593
11297,model_6b,0.4198,0.4278455
11298,model_6b,0.2493,0.24522308
11299,model_6b,0.1426,0.14475955
11300,model_6b,0.0584,-0.00029503554
11301,model_6b,0.4356,0.45732716
11302,model_6b,0.1632,0.15773627
11303,model_6b,0.3685,0.37652615
11304,model_6b,0.0774,0.049785204
11305,model_6b,0.103,0.05628253
11306,model_6b,0.091,0.058673285
11307,model_6b,0.4157,0.43946034
11308,model_6b,0.4915,0.46648905
11309,model_6b,0.3208,0.30757293
11310,model_6b,-0.0642,-0.04459787
11311,model_6b,0.3818,0.40788397
11312,model_6b,0.3244,0.35196742
11313,model_6b,0.3363,0.36115614
11314,model_6b,0.3247,0.30505344
11315,model_6b,0.5227,0.51208717
11316,model_6b,0.0922,0.15448113
11317,model_6b,-0.0668,0.010081865
11318,model_6b,0.0966,0.11642638
11319,model_6b,0.0583,0.048283998
11320,model_6b,0.6074,0.64808583
11321,model_6b,0.0248,0.03357099
11322,model_6b,0.5441,0.5425392
11323,model_6b,0.3205,0.31612575
11324,model_6b,0.3632,0.2560396
11325,model_6b,0.0903,0.15917206
11326,model_6b,0.3414,0.34547767
11327,model_6b,0.289,0.24137074
11328,model_6b,0.1289,0.123427294
11329,model_6b,0.2957,0.090458095
11330,model_6b,0.1742,0.18241523
11331,model_6b,0.3178,0.33003396
11332,model_6b,0.1158,0.101249695
11333,model_6b,0.1374,0.12577865
11334,model_6b,0.159,0.13879558
11335,model_6b,0.3305,0.25211057
11336,model_6b,-0.199,-0.19984895
11337,model_6b,0.5141,0.48114648
11338,model_6b,-0.0726,-0.013169333
11339,model_6b,0.9068,0.93169147
11340,model_6b,0.431,0.45952937
11341,model_6b,0.2753,0.3037057
11342,model_6b,0.5012,0.45334473
11343,model_6b,0.1876,0.14410478
11344,model_6b,0.2049,0.23527363
11345,model_6b,0.2423,0.19016507
11346,model_6b,0.0304,0.024233289
11347,model_6b,0.0448,0.034159664
11348,model_6b,-0.001,-0.026520826
11349,model_6b,0.2764,0.2695723
11350,model_6b,0.2038,0.13765143
11351,model_6b,0.3635,0.33227524
11352,model_6b,0.1029,0.16414869
11353,model_6b,-0.149,-0.1631974
11354,model_6b,0.2571,0.3110205
11355,model_6b,0.378,0.3646466
11356,model_6b,-0.001,-0.029736362
11357,model_6b,0.3118,0.28380084
11358,model_6b,-0.0163,0.032705683
11359,model_6b,0.3748,0.35837337
11360,model_6b,0.4103,0.364886
11361,model_6b,0.1265,0.12337548
11362,model_6b,0.1366,0.13327971
11363,model_6b,0.1944,0.18356499
11364,model_6b,-0.0655,-0.09409217
11365,model_6b,0.1574,0.1447159
11366,model_6b,0.6748,0.6865885
11367,model_6b,0.3382,0.32623747
11368,model_6b,0.0865,0.13619182
11369,model_6b,0.0168,0.31336865
11370,model_6b,-0.0505,-0.021814376
11371,model_6b,0.3118,0.24743953
11372,model_6b,0.4521,0.42285323
11373,model_6b,0.19,0.1937541
11374,model_6b,0.2891,0.30158132
11375,model_6b,0.6117,0.55249184
11376,model_6b,0.8619,0.8266402
11377,model_6b,-0.1676,-0.17205325
11378,model_6b,0.1286,0.10378486
11379,model_6b,0.3544,0.31757525
11380,model_6b,0.214,0.26016515
11381,model_6b,0.1411,0.13018471
11382,model_6b,0.0737,0.06658547
11383,model_6b,0.241,0.20289728
11384,model_6b,0.0041,0.09851231
11385,model_6b,0.1638,0.16607851
11386,model_6b,0.1557,0.1317886
11387,model_6b,0.6845,0.5206268
11388,model_6b,0.005,-0.0066555515
11389,model_6b,-0.1989,-0.16266239
11390,model_6b,0.1107,0.13008642
11391,model_6b,0.2336,0.18903178
11392,model_6b,0.1182,0.14218
11393,model_6b,0.2438,0.2475563
11394,model_6b,0.355,0.37235585
11395,model_6b,0.2675,0.13679582
11396,model_6b,0.6704,0.6663986
11397,model_6b,0.8743,0.8343788
11398,model_6b,-0.0202,0.08606814
11399,model_6b,0.7464,0.70494455
11400,model_6b,-0.0334,-0.009031288
11401,model_6b,0.6194,0.6422387
11402,model_6b,0.2175,0.17390907
11403,model_6b,0.4729,0.52424353
11404,model_6b,0.2485,0.25982326
11405,model_6b,0.3097,0.32090557
11406,model_6b,0.162,0.18199547
11407,model_6b,0.1052,0.12802799
11408,model_6b,0.206,0.19417167
11409,model_6b,0.2191,0.1883088
11410,model_6b,0.1877,0.2232131
11411,model_6b,0.006,0.01047764
11412,model_6b,0.4585,0.46691456
11413,model_6b,-0.0777,-0.15156227
11414,model_6b,0.1722,0.093722634
11415,model_6b,0.1772,0.19909477
11416,model_6b,0.022,0.0057915077
11417,model_6b,0.0057,-0.01578071
11418,model_6b,0.6311,0.5943096
11419,model_6b,0.2829,0.29401082
11420,model_6b,0.1227,0.18346226
11421,model_6b,0.1707,0.1707496
11422,model_6b,0.42,0.39098904
11423,model_6b,0.0278,0.024427902
11424,model_6b,0.2645,0.2462227
11425,model_6b,0.0886,0.060402077
11426,model_6b,0.4786,0.46312597
11427,model_6b,0.2481,0.2504453
11428,model_6b,0.9944,1.0113071
11429,model_6b,0.7653,0.7924208
11430,model_6b,0.9508,0.94052565
11431,model_6b,0.1723,0.24660689
11432,model_6b,0.6396,0.6330318
11433,model_6b,0.6683,0.63601476
11434,model_6b,0.0043,-0.016728424
11435,model_6b,-0.0599,-0.028989129
11436,model_6b,0.2165,0.24232027
11437,model_6b,0.1348,0.05905933
11438,model_6b,0.3933,0.38061574
11439,model_6b,0.1752,0.16522917
11440,model_6b,0.0134,0.0012365356
11441,model_6b,0.5965,0.57351375
11442,model_6b,0.2806,0.20761883
11443,model_6b,-0.2259,-0.21060249
11444,model_6b,0.3369,0.34601742
11445,model_6b,-0.1075,-0.120596685
11446,model_6b,0.0716,0.08770974
11447,model_6b,0.2196,0.22009528
11448,model_6b,0.5954,0.59641075
11449,model_6b,0.4503,0.43099573
11450,model_6b,0.4573,0.43222907
11451,model_6b,-0.114,-0.17707443
11452,model_6b,0.4692,0.46439043
11453,model_6b,0.4236,0.43206316
11454,model_6b,0.1654,0.179981
11455,model_6b,0.5159,0.53553975
11456,model_6b,-0.0773,-0.08574601
11457,model_6b,0.2111,0.20708397
11458,model_6b,0.2347,0.22579443
11459,model_6b,0.399,0.35454574
11460,model_6b,0.0505,0.09850107
11461,model_6b,0.2536,0.25670302
11462,model_6b,0.1721,0.24185127
11463,model_6b,0.2293,0.25025302
11464,model_6b,0.3645,0.42013946
11465,model_6b,-0.2013,-0.17462963
11466,model_6b,0.4368,0.45660648
11467,model_6b,0.5238,0.5378826
11468,model_6b,0.6141,0.6117343
11469,model_6b,0.0623,0.0903667
11470,model_6b,-0.0022,-0.012935273
11471,model_6b,0.0771,0.074236624
11472,model_6b,0.3603,0.32341036
11473,model_6b,0.776,0.74850494
11474,model_6b,0.2837,0.308885
11475,model_6b,0.162,0.17046295
11476,model_6b,0.4903,0.4785197
11477,model_6b,0.096,0.12762454
11478,model_6b,-0.0188,-0.029399656
11479,model_6b,0.0193,0.041876387
11480,model_6b,0.1454,0.1281717
11481,model_6b,0.2203,0.2158525
11482,model_6b,0.3782,0.38090995
11483,model_6b,0.1081,0.14207149
11484,model_6b,-0.0662,-0.1032391
11485,model_6b,0.6191,0.65006304
11486,model_6b,-0.0491,-0.0717577
11487,model_6b,0.1175,0.16171804
11488,model_6b,0.4576,0.46703693
11489,model_6b,0.2655,0.21892458
11490,model_6b,0.271,0.28440318
11491,model_6b,0.2974,0.26847675
11492,model_6b,0.1548,0.1339278
11493,model_6b,0.1891,0.20888662
11494,model_6b,0.8132,0.8116221
11495,model_6b,0.3302,0.34954366
11496,model_6b,-0.0447,-0.04923127
11497,model_6b,0.1673,0.13709122
11498,model_6b,0.2428,0.14583921
11499,model_6b,0.0579,0.054198205
11500,model_6b,0.6647,0.6450891
11501,model_6b,0.051,0.03425661
11502,model_6b,0.2837,0.23079196
11503,model_6b,-0.0534,0.026497073
11504,model_6b,-0.2682,-0.16897452
11505,model_6b,0.1501,0.12905332
11506,model_6b,0.2098,0.19733852
11507,model_6b,0.1311,0.15545255
11508,model_6b,0.3802,0.3814681
11509,model_6b,0.5262,0.48195675
11510,model_6b,0.4179,0.39859387
11511,model_6b,0.0619,0.04777564
11512,model_6b,0.1194,0.08996843
11513,model_6b,0.215,0.20311931
11514,model_6b,0.0761,0.08935104
11515,model_6b,0.0706,0.06045335
11516,model_6b,0.0537,0.068686835
11517,model_6b,0.1886,0.18610755
11518,model_6b,0.5257,0.51614714
11519,model_6b,0.6605,0.6405097
11520,model_6b,0.1618,0.07286235
11521,model_6b,0.0333,0.06374591
11522,model_6b,0.1143,0.09469444
11523,model_6b,0.0272,0.03409142
11524,model_6b,0.5085,0.4956903
11525,model_6b,0.3091,0.3131905
11526,model_6b,0.3816,0.3379242
11527,model_6b,0.4603,0.44543365
11528,model_6b,0.157,0.11909894
11529,model_6b,0.527,0.5114401
11530,model_6b,0.0384,-0.031798795
11531,model_6b,0.7046,0.711063
11532,model_6b,-0.0417,-0.026185997
11533,model_6b,0.2511,0.17282125
11534,model_6b,0.3258,0.29328498
11535,model_6b,0.2083,0.29029202
11536,model_6b,0.2428,0.2572711
11537,model_6b,0.1319,0.0995124
11538,model_6b,-0.0217,-0.047182314
11539,model_6b,0.5947,0.6124602
11540,model_6b,0.3167,0.34729382
11541,model_6b,0.1356,0.14135495
11542,model_6b,0.1559,0.1371805
11543,model_6b,0.37,0.392418
11544,model_6b,0.2728,0.22808424
11545,model_6b,0.0136,-0.000619255
11546,model_6b,-0.0551,-0.04842756
11547,model_6b,0.2897,0.27640918
11548,model_6b,0.1699,0.23427033
11549,model_6b,0.4788,0.4401678
11550,model_6b,0.2873,0.21465719
11551,model_6b,0.0919,0.10782648
11552,model_6b,0.4234,0.24907833
11553,model_6b,0.4921,0.48631093
11554,model_6b,0.1038,0.09210004
11555,model_6b,0.0676,0.06821571
11556,model_6b,0.1953,0.1962834
11557,model_6b,0.7143,0.68421316
11558,model_6b,0.3217,0.27503148
11559,model_6b,0.0417,0.0415108
11560,model_6b,0.2364,0.27808687
11561,model_6b,0.0036,-0.00013684481
11562,model_6b,0.7117,0.681651
11563,model_6b,0.1059,0.09934808
11564,model_6b,-0.0234,-0.055944107
11565,model_6b,0.3358,0.3385564
11566,model_6b,0.2895,0.27596942
11567,model_6b,0.4581,0.41793886
11568,model_6b,0.065,0.07154737
11569,model_6b,0.114,0.16472131
11570,model_6b,0.048,0.083372936
11571,model_6b,0.1708,0.16290453
11572,model_6b,0.1106,0.05009627
11573,model_6b,0.529,0.5119777
11574,model_6b,0.0318,0.022738464
11575,model_6b,0.3154,0.33796138
11576,model_6b,0.1019,0.12607773
11577,model_6b,0.1684,0.13907409
11578,model_6b,0.3117,0.3509025
11579,model_6b,0.2291,0.30369276
11580,model_6b,0.6071,0.6326591
11581,model_6b,0.1696,0.18342987
11582,model_6b,0.2293,0.23852378
11583,model_6b,0.1625,0.12060575
11584,model_6b,0.4524,0.43890563
11585,model_6b,0.1709,0.16891393
11586,model_6b,-0.1447,-0.1368733
11587,model_6b,0.1709,0.2029007
11588,model_6b,0.113,0.16281745
11589,model_6b,0.1158,0.10906017
11590,model_6b,0.467,0.45400885
11591,model_6b,0.2428,0.14344989
11592,model_6b,0.7755,0.52600676
11593,model_6b,0.3484,0.344674
11594,model_6b,0.9593,0.9560857
11595,model_6b,0.0991,0.09899838
11596,model_6b,0.303,0.2787077
11597,model_6b,0.4121,0.41024718
11598,model_6b,0.0886,0.098434806
11599,model_6b,0.2694,0.21510813
11600,model_6b,0.125,0.039864283
11601,model_6b,0.0156,-0.04346233
11602,model_6b,0.1642,0.2602068
11603,model_6b,0.2791,0.27437532
11604,model_6b,0.0876,0.07156142
11605,model_6b,0.2815,0.27051526
11606,model_6b,0.0485,0.068534374
11607,model_6b,0.3775,0.3715053
11608,model_6b,0.1896,0.16643512
11609,model_6b,-0.0798,-0.07500381
11610,model_6b,0.9095,0.9036881
11611,model_6b,0.0975,0.07108644
11612,model_6b,0.1048,0.085493326
11613,model_6b,0.1603,0.15411998
11614,model_6b,0.1898,0.2237592
11615,model_6b,0.3441,0.34784362
11616,model_6b,0.1022,0.0852937
11617,model_6b,0.6464,0.650638
11618,model_6b,0.3675,0.33909494
11619,model_6b,0.1349,0.10847752
11620,model_6b,0.216,0.22224742
11621,model_6b,0.475,0.4399089
11622,model_6b,0.3702,0.3550633
11623,model_6b,0.3929,0.38166356
11624,model_6b,0.0533,0.022685103
11625,model_6b,0.5746,0.5612782
11626,model_6b,0.17,0.18618515
11627,model_6b,0.2161,0.26613978
11628,model_6b,0.0725,0.109257445
11629,model_6b,0.003,-0.06609199
11630,model_6b,0.319,0.2976083
11631,model_6b,0.1522,0.032623135
11632,model_6b,0.4052,0.4796997
11633,model_6b,0.0293,0.020141952
11634,model_6b,0.3751,0.3262635
11635,model_6b,0.3787,0.45998445
11636,model_6b,-0.1232,-0.12309592
11637,model_6b,0.1062,0.10706795
11638,model_6b,-0.0854,-0.008838274
11639,model_6b,0.2235,0.2357721
11640,model_6b,0.3085,0.2944993
11641,model_6b,0.2658,0.25119165
11642,model_6b,0.4202,0.41111752
11643,model_6b,0.2486,0.19725022
11644,model_6b,-0.1036,0.10502752
11645,model_6b,0.0603,0.051007003
11646,model_6b,0.0417,0.044656944
11647,model_6b,0.1595,0.13012785
11648,model_6b,0.1782,0.13407123
11649,model_6b,0.153,0.13285364
11650,model_6b,0.149,0.11153951
11651,model_6b,0.0873,0.055281524
11652,model_6b,0.0858,0.107621044
11653,model_6b,0.2409,0.21109799
11654,model_6b,-0.0398,0.051362865
11655,model_6b,0.3925,0.39560774
11656,model_6b,0.2143,0.23849177
11657,model_6b,-0.1957,-0.19575304
11658,model_6b,0.0472,0.120571285
11659,model_6b,0.6488,0.6371454
11660,model_6b,0.0998,0.11629894
11661,model_6b,0.2083,0.23947361
11662,model_6b,0.6853,0.7183306
11663,model_6b,0.4074,0.32209608
11664,model_6b,0.4462,0.42058966
11665,model_6b,0.0999,0.08586863
11666,model_6b,0.2391,0.18620789
11667,model_6b,0.2243,0.16856211
11668,model_6b,0.3835,0.40308324
11669,model_6b,0.1917,0.21462819
11670,model_6b,0.4574,0.4651844
11671,model_6b,0.8432,0.8046932
11672,model_6b,0.4905,0.5024136
11673,model_6b,0.0273,0.04575746
11674,model_6b,0.1601,0.2077758
11675,model_6b,0.3144,0.23666018
11676,model_6b,0.3617,0.46333227
11677,model_6b,0.1558,0.1290443
11678,model_6b,0.0412,-0.026685096
11679,model_6b,0.3156,0.23660833
11680,model_6b,0.1165,0.0854472
11681,model_6b,-0.1168,-0.15413445
11682,model_6b,0.1257,0.020051591
11683,model_6b,0.3255,0.22413245
11684,model_6b,0.3503,0.36504602
11685,model_6b,0.6876,0.6651747
11686,model_6b,-0.0813,-0.009097822
11687,model_6b,0.0711,0.026730042
11688,model_6b,0.7033,0.7287142
11689,model_6b,0.0917,0.026679367
11690,model_6b,0.8238,0.8276824
11691,model_6b,0.3047,0.28652087
11692,model_6b,0.1768,0.101098955
11693,model_6b,0.3666,0.36482188
11694,model_6b,0.3013,0.2755414
11695,model_6b,0.1511,0.0889166
11696,model_6b,-0.0287,-0.008979432
11697,model_6b,0.3471,0.34213436
11698,model_6b,0.321,0.33732882
11699,model_6b,0.0147,-0.014302932
11700,model_6b,0.4653,0.47459772
11701,model_6b,0.1572,0.16081917
11702,model_6b,0.0295,0.0073832273
11703,model_6b,-0.159,-0.15492263
11704,model_6b,0.5776,0.61697364
11705,model_6b,0.0433,0.037616704
11706,model_6b,0.3461,0.34001288
11707,model_6b,0.0217,0.0028825104
11708,model_6b,0.2392,0.22911042
11709,model_6b,0.2279,0.14869657
11710,model_6b,0.2365,0.26166594
11711,model_6b,0.2869,0.2732302
11712,model_6b,0.005,-0.020961344
11713,model_6b,0.2857,0.28469756
11714,model_6b,0.4109,0.428032
11715,model_6b,0.0718,0.05628261
11716,model_6b,-0.0082,-0.014323331
11717,model_6b,0.4885,0.44836226
11718,model_6b,0.2314,0.13829441
11719,model_6b,0.0997,0.07681255
11720,model_6b,0.4104,0.44057608
11721,model_6b,-0.0849,-0.11950929
11722,model_6b,0.5418,0.53876346
11723,model_6b,0.1985,0.1728898
11724,model_6b,-0.023,-0.08430169
11725,model_6b,0.2228,0.21702561
11726,model_6b,0.4315,0.40577206
11727,model_6b,0.3684,0.3617289
11728,model_6b,-0.0106,0.283307
11729,model_6b,0.0958,0.10994006
11730,model_6b,0.4557,0.53110516
11731,model_6b,0.593,0.59706146
11732,model_6b,0.251,0.25162897
11733,model_6b,0.2243,0.18700984
11734,model_6b,0.0353,0.012782954
11735,model_6b,0.0268,0.047160916
11736,model_6b,0.0337,0.062537536
11737,model_6b,0.0592,0.0905597
11738,model_6b,0.1011,0.07078178
11739,model_6b,0.0995,0.10289411
11740,model_6b,0.365,0.38518283
11741,model_6b,0.1736,0.11076195
11742,model_6b,0.0602,0.0304791
11743,model_6b,0.0903,0.15681444
11744,model_6b,-0.0102,-0.06444032
11745,model_6b,0.3178,0.34910798
11746,model_6b,0.512,0.51334614
11747,model_6b,0.1552,0.13756627
11748,model_6b,0.4109,0.20013252
11749,model_6b,0.7805,0.7683229
11750,model_6b,0.4164,0.44901207
11751,model_6b,0.0548,0.19443125
11752,model_6b,0.0408,0.054404087
11753,model_6b,0.1394,0.13464192
11754,model_6b,0.2527,0.18422315
11755,model_6b,0.0668,0.078049734
11756,model_6b,0.7044,0.65039444
11757,model_6b,0.1543,0.149007
11758,model_6b,-0.046,-0.065137856
11759,model_6b,0.0436,0.057440642
11760,model_6b,0.0826,-0.038926415
11761,model_6b,0.1611,0.10252014
11762,model_6b,0.0491,0.040514875
11763,model_6b,0.0986,0.1068533
11764,model_6b,0.1751,0.15442649
11765,model_6b,-0.0325,0.019612648
11766,model_6b,0.312,0.25775155
11767,model_6b,0.3171,0.357012
11768,model_6b,-1e-04,-0.015621625
11769,model_6b,0.3182,0.30997795
11770,model_6b,0.7026,0.6464078
11771,model_6b,0.0734,0.08883353
11772,model_6b,0.9063,0.87770104
11773,model_6b,-0.0336,-0.05056546
11774,model_6b,0.5062,0.54379255
11775,model_6b,0.3705,0.434949
11776,model_6b,0.3183,0.27651513
11777,model_6b,0.1873,0.17635137
11778,model_6b,0.3317,0.3823242
11779,model_6b,0.0357,-0.05548785
11780,model_6b,-0.1047,-0.06812874
11781,model_6b,0.1237,0.12929997
11782,model_6b,1.0423,1.0124913
11783,model_6b,0.9443,0.9888766
11784,model_6b,0.7544,0.72905433
11785,model_6b,0.5172,0.49122548
11786,model_6b,0.1602,0.14327443
11787,model_6b,0.116,0.16572121
11788,model_6b,0.4788,0.38263687
11789,model_6b,0.1521,0.27940738
11790,model_6b,0.3555,0.36466596
11791,model_6b,-0.1877,-0.19693366
11792,model_6b,0.1146,0.12316198
11793,model_6b,0.6791,0.6662152
11794,model_6b,0.2011,0.13875249
11795,model_6b,0.2658,0.16398671
11796,model_6b,0.3303,0.30304605
11797,model_6b,0.2502,0.27124223
11798,model_6b,0.3003,0.34021688
11799,model_6b,0.1146,0.08172082
11800,model_6b,0.3595,0.30605373
11801,model_6b,0.1464,0.26136807
11802,model_6b,0.0922,0.13676266
11803,model_6b,0.7619,0.7703078
11804,model_6b,0.0861,0.11029488
11805,model_6b,0.306,0.3293139
11806,model_6b,0.062,0.077904694
11807,model_6b,0.183,0.1509623
11808,model_6b,0.2923,0.2473939
11809,model_6b,0.608,0.59752977
11810,model_6b,0.2762,0.27280754
11811,model_6b,0.5089,0.4729031
11812,model_6b,0.2848,0.27724645
11813,model_6b,0.4641,0.47449222
11814,model_6b,0.0877,0.1147757
11815,model_6b,0.233,0.22651923
11816,model_6b,0.2356,0.22816378
11817,model_6b,0.2723,0.2916398
11818,model_6b,0.0371,0.022146553
11819,model_6b,0.0948,0.11067496
11820,model_6b,0.1558,0.16159764
11821,model_6b,0.2235,0.12618072
11822,model_6b,0.0767,0.1036975
11823,model_6b,0.1009,0.07673287
11824,model_6b,0.0842,0.0851486
11825,model_6b,0.2114,0.18126693
11826,model_6b,0.4335,0.4691331
11827,model_6b,0.3325,0.35937932
11828,model_6b,0.9521,0.859902
11829,model_6b,0.0018,0.010058485
11830,model_6b,0.1956,0.13693397
11831,model_6b,0.1691,0.14522398
11832,model_6b,-0.0383,-0.072676115
11833,model_6b,0.037,0.06196615
11834,model_6b,0.2242,0.16934657
11835,model_6b,0.1952,0.17124943
11836,model_6b,0.465,0.3592132
11837,model_6b,0.7616,0.7111881
11838,model_6b,0.534,0.5563502
11839,model_6b,0.2078,0.21601227
11840,model_6b,0.0984,0.11155012
11841,model_6b,0.5467,0.51317215
11842,model_6b,0.7601,0.73662484
11843,model_6b,0.2498,0.30756998
11844,model_6b,0.1477,0.23254251
11845,model_6b,0.0578,0.04975929
11846,model_6b,0.1773,0.1610783
11847,model_6b,0.1059,0.1140553
11848,model_6b,0.9553,0.96037006
11849,model_6b,0.2169,0.13015494
11850,model_6b,0.4745,0.4852203
11851,model_6b,-0.0708,0.042449296
11852,model_6b,0.2137,0.26747456
11853,model_6b,-0.0833,-0.042624466
11854,model_6b,0.2997,0.36230305
11855,model_6b,0.1491,0.16352627
11856,model_6b,0.507,0.5589451
11857,model_6b,0.0628,0.053424593
11858,model_6b,-0.2071,-0.15251505
11859,model_6b,0.0451,-0.017233811
11860,model_6b,0.295,0.326073
11861,model_6b,-0.0022,-0.024141923
11862,model_6b,0.0125,0.013184808
11863,model_6b,0.2333,0.30077732
11864,model_6b,0.0809,0.07033334
11865,model_6b,0.2365,0.31777802
11866,model_6b,0.108,-0.0018303469
11867,model_6b,0.3838,0.3804299
11868,model_6b,0.4012,0.40348014
11869,model_6b,0.5127,0.5352438
11870,model_6b,0.127,0.121890016
11871,model_6b,0.0713,0.08014219
11872,model_6b,-0.0928,-0.09106927
11873,model_6b,0.1757,0.13453326
11874,model_6b,0.1351,0.15680262
11875,model_6b,0.9771,0.9306562
11876,model_6b,0.1313,0.13411924
11877,model_6b,0.2147,0.21639171
11878,model_6b,0.2093,0.19395977
11879,model_6b,0.4627,0.43610147
11880,model_6b,-0.1959,-0.17111003
11881,model_6b,-0.1146,-0.150597
11882,model_6b,0.5569,0.55053276
11883,model_6b,0.7598,0.7308972
11884,model_6b,0.137,0.11718916
11885,model_6b,0.1325,0.11052491
11886,model_6b,0.1731,0.14318877
11887,model_6b,-0.1352,-0.1358195
11888,model_6b,0.3547,0.33764896
11889,model_6b,0.727,0.7188645
11890,model_6b,0.3951,0.41520602
11891,model_6b,0.3512,0.33074152
11892,model_6b,0.5255,0.50869656
11893,model_6b,0.2186,0.16529593
11894,model_6b,0.3345,0.24763253
11895,model_6b,-0.0339,-0.020340383
11896,model_6b,0.1597,0.14631239
11897,model_6b,0.2647,0.30135053
11898,model_6b,0.2557,0.2428138
11899,model_6b,0.0686,0.048059992
11900,model_6b,0.1508,0.10972459
11901,model_6b,0.1913,0.23947251
11902,model_6b,0.3069,0.30694488
11903,model_6b,0.0586,0.048048157
11904,model_6b,0.0413,0.021872588
11905,model_6b,0.7071,0.6825312
11906,model_6b,0.6158,0.62236583
11907,model_6b,0.0511,0.033369493
11908,model_6b,0.153,0.13413641
11909,model_6b,0.3946,0.37776503
11910,model_6b,0.1342,0.14387168
11911,model_6b,0.3712,0.31686017
11912,model_6b,0.1076,0.12110916
11913,model_6b,0.3683,0.2385796
11914,model_6b,0.3326,0.34911048
11915,model_6b,0.2097,0.24205628
11916,model_6b,0.3543,0.3869985
11917,model_6b,-0.0182,0.021242358
11918,model_6b,0.314,0.33951917
11919,model_6b,0.26,0.1941612
11920,model_6b,0.0417,0.017155804
11921,model_6b,0.9621,0.9594704
11922,model_6b,0.1104,0.11159776
11923,model_6b,0.0868,0.06970081
11924,model_6b,0.2733,0.27989516
11925,model_6b,0.1143,0.10026359
11926,model_6b,0.2761,0.32222974
11927,model_6b,-0.0071,-0.011896789
11928,model_6b,-0.0521,-0.044725694
11929,model_6b,0.0374,0.050449025
11930,model_6b,0.0691,0.08686093
11931,model_6b,0.3538,0.2867386
11932,model_6b,0.0748,0.066838905
11933,model_6b,0.3632,0.31192958
11934,model_6b,0.4813,0.48226038
11935,model_6b,0.03,0.0069008246
11936,model_6b,0.343,0.32416305
11937,model_6b,0.0804,0.07498042
11938,model_6b,0.5401,0.49828413
11939,model_6b,0.0466,0.06910257
11940,model_6b,-0.1724,-0.11908849
11941,model_6b,0.5453,0.58814377
11942,model_6b,0.8049,0.73068273
11943,model_6b,0.0429,0.036043048
11944,model_6b,0.2047,0.16684952
11945,model_6b,0.0531,-0.0037824288
11946,model_6b,0.1167,0.10916513
11947,model_6b,0.3222,0.3468234
11948,model_6b,0.8294,0.84389746
11949,model_6b,0.3726,0.33670124
11950,model_6b,0.077,0.1199177
11951,model_6b,0.0653,0.066460624
11952,model_6b,0.3871,0.40041986
11953,model_6b,0.3854,0.40644994
11954,model_6b,0.3677,0.42802608
11955,model_6b,0.1539,0.13453898
11956,model_6b,0.0157,-0.02600886
11957,model_6b,0.0494,0.0406223
11958,model_6b,0.3474,0.36581224
11959,model_6b,-0.0826,-0.077567704
11960,model_6b,0.3704,0.47998342
11961,model_6b,0.2125,0.14375168
11962,model_6b,0.0805,-0.00024784356
11963,model_6b,0.2033,0.48916224
11964,model_6b,0.0865,0.06809231
11965,model_6b,0.0505,0.11123732
11966,model_6b,0.0158,0.023261786
11967,model_6b,0.2868,0.3411689
11968,model_6b,0.5765,0.5789752
11969,model_6b,0.4482,0.4255751
11970,model_6b,0.1104,0.12317017
11971,model_6b,0.0525,0.0666348
11972,model_6b,0.257,0.25085652
11973,model_6b,-0.0257,-0.061074026
11974,model_6b,0.4437,0.49227613
11975,model_6b,0.0862,0.12978974
11976,model_6b,-0.0631,0.009109341
11977,model_6b,0.1411,0.2994964
11978,model_6b,0.2443,0.29382655
11979,model_6b,0.1559,0.13475153
11980,model_6b,0.0694,0.1245887
11981,model_6b,0.1802,0.2143161
11982,model_6b,0.1957,0.22531879
11983,model_6b,0.6495,0.63273036
11984,model_6b,0.0289,0.043625455
11985,model_6b,-0.0381,-0.039597616
11986,model_6b,0.7517,0.73734903
11987,model_6b,0.1402,0.13596636
11988,model_6b,0.1915,0.09313838
11989,model_6b,0.1314,0.11818242
11990,model_6b,0.6158,0.5959322
11991,model_6b,0.1766,0.2195628
11992,model_6b,0.3239,0.31867275
11993,model_6b,0.4011,0.41361102
11994,model_6b,0.3023,0.2887365
11995,model_6b,0.0257,0.060236167
11996,model_6b,0.1641,0.13417946
11997,model_6b,0.1688,0.10149975
11998,model_6b,0.1972,0.20706621
11999,model_6b,0.3209,0.31251702
12000,model_6b,0.0824,0.08310607
12001,model_6b,-0.2574,-0.19678995
12002,model_6b,0.2357,0.33122548
12003,model_6b,-0.0537,0.030511774
12004,model_6b,0.1384,0.14642712
12005,model_6b,0.2704,0.2825299
12006,model_6b,0.0492,0.05058994
12007,model_6b,0.4292,0.4090391
12008,model_6b,0.0561,0.051091567
12009,model_6b,0.422,0.4124885
12010,model_6b,0.1621,0.17548954
12011,model_6b,0.4694,0.4795994
12012,model_6b,0.6701,0.64775354
12013,model_6b,0.2897,0.22743762
12014,model_6b,0.0851,0.05952266
12015,model_6b,0.444,0.4353703
12016,model_6b,0.1751,0.16239026
12017,model_6b,0.2739,0.3068888
12018,model_6b,0.2062,0.2201939
12019,model_6b,0.3186,0.30010357
12020,model_6b,0.4658,0.38822687
12021,model_6b,0.1108,0.09178527
12022,model_6b,0.3058,0.26966745
12023,model_6b,0.0073,-0.039130606
12024,model_6b,0.1669,0.08582948
12025,model_6b,0.1436,0.14164464
12026,model_6b,0.1688,0.18573952
12027,model_6b,0.5488,0.5575848
12028,model_6b,0.1483,0.010799639
12029,model_6b,0.1801,0.1662013
12030,model_6b,0.2856,0.30703032
12031,model_6b,0.1723,0.17554587
12032,model_6b,-0.003,-0.0025191158
12033,model_6b,0.0877,0.06802803
12034,model_6b,0.5325,0.48747164
12035,model_6b,0.4467,0.48829535
12036,model_6b,0.2161,0.2618459
12037,model_6b,0.0731,0.08217507
12038,model_6b,0.324,0.30074757
12039,model_6b,0.5059,0.5561152
12040,model_6b,0.3098,0.26628795
12041,model_6b,0.6702,0.64474106
12042,model_6b,0.4454,0.4580594
12043,model_6b,0.482,0.46762684
12044,model_6b,0.1827,0.19944383
12045,model_6b,0.2382,0.22754622
12046,model_6b,0.062,0.06536897
12047,model_6b,0.0764,0.12227615
12048,model_6b,0.9909,0.9744698
12049,model_6b,0.0017,0.0147534385
12050,model_6b,0.0725,0.10401248
12051,model_6b,0.6986,0.6645967
12052,model_6b,0.1026,0.07232692
12053,model_6b,0.2602,0.26863214
12054,model_6b,0.1597,0.15619817
12055,model_6b,0.0999,0.14887688
12056,model_6b,0.105,0.08160178
12057,model_6b,0.1339,0.21012476
12058,model_6b,0.7248,0.7332059
12059,model_6b,0.3623,0.35973224
12060,model_6b,-0.0926,-0.08855689
12061,model_6b,0.5097,0.431089
12062,model_6b,0.6611,0.67778885
12063,model_6b,0.1565,0.13569808
12064,model_6b,0.2494,0.25607502
12065,model_6b,0.4328,0.42565504
12066,model_6b,0.0906,0.14645961
12067,model_6b,0.2333,0.2163867
12068,model_6b,0.4523,0.4233034
12069,model_6b,0.4513,0.25313905
12070,model_6b,-0.0806,0.112107724
12071,model_6b,0.2082,0.24023747
12072,model_6b,0.0444,0.055472117
12073,model_6b,0.0515,0.07362622
12074,model_6b,0.1515,0.1597773
12075,model_6b,0.1362,0.09094172
12076,model_6b,0.2108,0.21840668
12077,model_6b,0.5363,0.5141012
12078,model_6b,-0.0176,-0.023831524
12079,model_6b,-0.0186,0.005187057
12080,model_6b,0.232,0.21711767
12081,model_6b,0.1942,0.2958162
12082,model_6b,-0.0013,0.06639376
12083,model_6b,0.7549,0.75038207
12084,model_6b,0.3891,0.40193596
12085,model_6b,-0.041,-0.15541628
12086,model_6b,0.3095,0.2837444
12087,model_6b,0.1665,0.22697061
12088,model_6b,0.5498,0.5158615
12089,model_6b,0.0528,0.06381594
12090,model_6b,0.1209,0.09259254
12091,model_6b,0.9988,0.94959915
12092,model_6b,0.3377,0.39607316
12093,model_6b,0.1862,0.2123622
12094,model_6b,0.0614,0.07092713
12095,model_6b,0.3948,0.43801746
12096,model_6b,0.6397,0.605455
12097,model_6b,0.321,0.23337126
12098,model_6b,0.6869,0.6713791
12099,model_6b,0.4119,0.44569212
12100,model_6b,0.4386,0.43876013
12101,model_6b,-0.0079,0.017323747
12102,model_6b,0.0023,-0.023101613
12103,model_6b,0.1769,0.21057299
12104,model_6b,0.356,0.24917021
12105,model_6b,0.4449,0.4334137
12106,model_6b,0.1678,0.15507144
12107,model_6b,0.1169,0.071003124
12108,model_6b,0.4938,0.45906425
12109,model_6b,0.6969,0.6525402
12110,model_6b,0.1261,0.09376794
12111,model_6b,0.4533,0.42555603
12112,model_6b,0.0178,0.01565466
12113,model_6b,0.5146,0.50005996
12114,model_6b,0.2465,0.29384506
12115,model_6b,0.2617,0.2962262
12116,model_6b,0.1071,0.14317754
12117,model_6b,0.0194,0.021157868
12118,model_6b,-0.0767,-0.07362265
12119,model_6b,0.3278,0.3296993
12120,model_6b,0.3123,0.24946928
12121,model_6b,0.245,0.370639
12122,model_6b,0.0665,0.065596476
12123,model_6b,-0.0257,9.9651515e-05
12124,model_6b,0.0631,0.054522898
12125,model_6b,0.3602,0.38253692
12126,model_6b,0.0649,-0.053752385
12127,model_6b,0.3413,0.3348371
12128,model_6b,0.2721,0.23100811
12129,model_6b,0.1052,0.11374713
12130,model_6b,0.1647,0.059027437
12131,model_6b,0.0129,0.009835489
12132,model_6b,0.0821,0.030967295
12133,model_6b,0.9447,0.92242014
12134,model_6b,0.3237,0.30122
12135,model_6b,0.2409,0.22138295
12136,model_6b,-0.0645,-0.07598179
12137,model_6b,0.1196,0.13074599
12138,model_6b,-0.0008,-0.003923632
12139,model_6b,0.1626,0.13987829
12140,model_6b,0.2777,0.040827632
12141,model_6b,0.1176,0.19510412
12142,model_6b,0.0325,0.041245382
12143,model_6b,0.1183,0.13665745
12144,model_6b,0.0764,0.020250313
12145,model_6b,0.0641,0.02877222
12146,model_6b,0.0812,0.09822124
12147,model_6b,0.1039,0.09818272
12148,model_6b,0.2007,0.080876976
12149,model_6b,0.5081,0.53452736
12150,model_6b,0.642,0.6985887
12151,model_6b,0.0237,0.050169535
12152,model_6b,0.0803,0.062853664
12153,model_6b,0.2485,0.27676767
12154,model_6b,0.0893,0.114877485
12155,model_6b,0.0782,0.02401987
12156,model_6b,0.3216,0.32827082
12157,model_6b,0.2341,0.24462515
12158,model_6b,0.0152,-0.016645618
12159,model_6b,0.3037,0.25511134
12160,model_6b,-0.0442,-0.035412133
12161,model_6b,0.3209,0.3307308
12162,model_6b,0.128,0.09573737
12163,model_6b,0.1038,0.09686661
12164,model_6b,0.1089,0.08954447
12165,model_6b,0.1399,0.15898177
12166,model_6b,0.6823,0.6515072
12167,model_6b,0.7385,0.76507735
12168,model_6b,0.3429,0.34061676
12169,model_6b,0.2529,0.23797652
12170,model_6b,0.3689,0.33828646
12171,model_6b,0.5257,0.49712375
12172,model_6b,0.0012,0.0142157525
12173,model_6b,0.8678,0.84845364
12174,model_6b,0.1774,0.19918627
12175,model_6b,0.2203,0.24070731
12176,model_6b,-0.0972,-0.1234167
12177,model_6b,0.3152,0.28473753
12178,model_6b,0.1818,0.1216499
12179,model_6b,0.5364,0.60027593
12180,model_6b,0.7901,0.7511047
12181,model_6b,0.0785,0.06656632
12182,model_6b,0.1997,0.20695078
12183,model_6b,0.2815,0.34503153
12184,model_6b,0.2452,0.1834513
12185,model_6b,0.1275,0.12860605
12186,model_6b,0.3963,0.4102653
12187,model_6b,0.089,0.09892552
12188,model_6b,0.0624,0.048179973
12189,model_6b,0.0776,-0.0071232244
12190,model_6b,0.3946,0.404363
12191,model_6b,0.403,0.36672506
12192,model_6b,0.0627,0.059929203
12193,model_6b,-0.0737,-0.07815433
12194,model_6b,0.8804,0.86533433
12195,model_6b,0.298,0.25300682
12196,model_6b,-0.0083,0.0008792877
12197,model_6b,0.1106,0.071749486
12198,model_6b,0.4197,0.42523327
12199,model_6b,-0.021,-0.03125202
12200,model_6b,0.191,0.19941863
12201,model_6b,-0.0004,0.16791807
12202,model_6b,0.1601,0.14885458
12203,model_6b,0.0154,0.004611768
12204,model_6b,0.0235,0.04562862
12205,model_6b,0.7121,0.69322115
12206,model_6b,0.6052,0.5664636
12207,model_6b,0.3601,0.3819655
12208,model_6b,0.3501,0.4893432
12209,model_6b,0.4112,0.42117873
12210,model_6b,0.1825,0.13119742
12211,model_6b,0.4484,0.467406
12212,model_6b,0.234,0.24959844
12213,model_6b,0.2976,0.42163357
12214,model_6b,0.2147,0.23973662
12215,model_6b,0.439,0.46022055
12216,model_6b,0.1585,0.15082288
12217,model_6b,0.2821,0.2933674
12218,model_6b,0.1454,0.15253967
12219,model_6b,0.4025,0.42736265
12220,model_6b,0.3501,0.31223407
12221,model_6b,-0.0383,0.30459803
12222,model_6b,0.1922,0.18919855
12223,model_6b,0.2171,0.25199056
12224,model_6b,0.5988,0.59668034
12225,model_6b,0.0137,0.21200275
12226,model_6b,0.4819,0.49584648
12227,model_6b,0.0926,0.105918676
12228,model_6b,0.1254,0.106054075
12229,model_6b,0.8625,0.8196169
12230,model_6b,0.1567,0.13377708
12231,model_6b,0.6133,0.56678313
12232,model_6b,0.0246,0.024575137
12233,model_6b,0.1009,0.07756075
12234,model_6b,0.4123,0.38441855
12235,model_6b,0.3014,0.27987087
12236,model_6b,0.3082,0.290872
12237,model_6b,0.8376,0.8085692
12238,model_6b,0.1774,0.20127141
12239,model_6b,0.6211,0.6023098
12240,model_6b,0.2409,0.18152301
12241,model_6b,-0.0716,-0.11906106
12242,model_6b,-0.0724,0.18314794
12243,model_6b,0.3842,0.38430783
12244,model_6b,0.3266,0.28762904
12245,model_6b,0.0744,0.07112898
12246,model_6b,0.6124,0.6131929
12247,model_6b,0.1175,0.13741103
12248,model_6b,0.1588,0.23070607
12249,model_6b,-0.1069,-0.00061662495
12250,model_6b,0.0678,0.084078945
12251,model_6b,-0.0896,-0.117405064
12252,model_6b,0.7713,0.7651552
12253,model_6b,0.0351,0.04154691
12254,model_6b,0.1707,0.17643791
12255,model_6b,0.2714,0.24111325
12256,model_6b,0.0278,-0.009358816
12257,model_6b,0.0846,0.08219848
12258,model_6b,-0.0503,-0.067876466
12259,model_6b,-0.0389,0.0014137626
12260,model_6b,-0.0311,-0.088794924
12261,model_6b,0.6206,0.5945513
12262,model_6b,0.2605,0.32378757
12263,model_6b,0.3653,0.33740097
12264,model_6b,0.2205,0.21603212
12265,model_6b,-0.0438,-0.0019050762
12266,model_6b,0.4235,0.42452636
12267,model_6b,0.121,0.09422878
12268,model_6b,0.3362,0.31506926
12269,model_6b,-0.1321,-0.11888298
12270,model_6b,0.0314,0.031994767
12271,model_6b,0.1679,0.02845271
12272,model_6b,0.3675,0.36498553
12273,model_6b,0.2304,0.27244434
12274,model_6b,0.167,0.12459098
12275,model_6b,0.1969,0.17236772
12276,model_6b,0.023,0.01920057
12277,model_6b,0.2442,0.2137076
12278,model_6b,0.2335,0.19762415
12279,model_6b,0.0371,0.029674776
12280,model_6b,0.4213,0.25195968
12281,model_6b,0.5258,-0.031738557
12282,model_6b,-0.2644,-0.26358014
12283,model_6b,0.0224,0.001840733
12284,model_6b,0.0563,-0.029349506
12285,model_6b,0.2866,0.27447137
12286,model_6b,0.0647,0.107662
12287,model_6b,0.1334,0.15045893
12288,model_6b,0.0877,0.07817951
12289,model_6b,0.2819,0.34386948
12290,model_6b,0.2393,0.27651566
12291,model_6b,0.0375,0.043523747
12292,model_6b,0.1944,0.15467778
12293,model_6b,0.5885,0.59428334
12294,model_6b,-0.0723,-0.08453313
12295,model_6b,0.6856,0.6828419
12296,model_6b,0.3233,0.33701193
12297,model_6b,0.0515,0.04321777
12298,model_6b,0.183,0.29267234
12299,model_6b,0.9575,0.8903198
12300,model_6b,-0.0373,-0.03733226
12301,model_6b,0.0326,0.014874786
12302,model_6b,0.1989,0.13336527
12303,model_6b,0.7656,0.74413466
12304,model_6b,0.102,0.14466229
12305,model_6b,-0.2391,-0.18265921
12306,model_6b,0.3455,0.27210742
12307,model_6b,0.2932,0.2506272
12308,model_6b,0.451,0.45496032
12309,model_6b,0.8838,0.90352255
12310,model_6b,0.2518,0.21116906
12311,model_6b,0.0905,0.102800116
12312,model_6b,0.2021,0.21167237
12313,model_6b,0.2407,0.26983836
12314,model_6b,0.2092,0.2187646
12315,model_6b,0.7049,0.70331186
12316,model_6b,0.0254,0.066268876
12317,model_6b,0.1278,0.11321825
12318,model_6b,0.3201,0.33660918
12319,model_6b,0.0056,0.19395599
12320,model_6b,0.2916,0.26593205
12321,model_6b,0.3702,0.3524476
12322,model_6b,0.1984,0.24013364
12323,model_6b,0.1083,0.08910796
12324,model_6b,0.003,-0.0064727142
12325,model_6b,0.2616,0.2708432
12326,model_6b,0.2619,0.2911928
12327,model_6b,0.5927,0.5958866
12328,model_6b,0.2018,0.20367701
12329,model_6b,0.221,0.18022552
12330,model_6b,0.0315,0.0029357001
12331,model_6b,-0.0022,0.016819455
12332,model_6b,0.4317,0.45034578
12333,model_6b,0.5453,0.5119345
12334,model_6b,0.4226,0.4369699
12335,model_6b,0.1121,0.113701575
12336,model_6b,0.2813,0.35228086
12337,model_6b,0.3219,0.20469141
12338,model_6b,1.0694,1.0126668
12339,model_6b,0.1168,0.08155307
12340,model_6b,0.0884,0.06447541
12341,model_6b,0.3383,0.26831162
12342,model_6b,0.1106,0.08007144
12343,model_6b,0.0705,0.083700955
12344,model_6b,0.132,0.10080806
12345,model_6b,0.362,0.31904757
12346,model_6b,0.0863,0.045349404
12347,model_6b,0.0917,0.06913409
12348,model_6b,0.4727,0.42827824
12349,model_6b,0.1261,0.1432775
12350,model_6b,-0.1833,-0.17761183
12351,model_6b,0.3651,0.35361168
12352,model_6b,0.0955,0.06438566
12353,model_6b,0.1457,0.14020683
12354,model_6b,-0.0158,-0.02038414
12355,model_6b,-0.0288,-0.09718681
12356,model_6b,0.4866,0.44929087
12357,model_6b,0.2488,0.24409163
12358,model_6b,0.2733,0.26753423
12359,model_6b,0.0703,0.053513218
12360,model_6b,0.6585,0.6343727
12361,model_6b,0.3023,0.3068175
12362,model_6b,0.1064,0.087491415
12363,model_6b,0.1608,0.12264453
12364,model_6b,0.2236,0.28038797
12365,model_6b,0.1278,0.13751401
12366,model_6b,0.5283,0.5002337
12367,model_6b,-0.0622,-0.22356787
12368,model_6b,0.3666,0.32954147
12369,model_6b,0.4571,0.37967739
12370,model_6b,0.1839,0.20031515
12371,model_6b,0.1012,0.08936188
12372,model_6b,0.1767,0.16497907
12373,model_6b,0.129,0.06414172
12374,model_6b,1.0084,0.99190027
12375,model_6b,0.1126,0.13478655
12376,model_6b,0.2273,0.19134471
12377,model_6b,0.1495,0.27261388
12378,model_6b,0.4172,0.43162116
12379,model_6b,0.0618,0.029771782
12380,model_6b,0.2271,0.25846192
12381,model_6b,0.3056,0.3609612
12382,model_6b,0.0586,0.13203341
12383,model_6b,0.2231,0.1772168
12384,model_6b,0.0123,-0.06525687
12385,model_6b,0.1047,0.10521144
12386,model_6b,0.0093,-0.008012049
12387,model_6b,0.028,0.015370555
12388,model_6b,0.0982,0.042138472
12389,model_6b,0.3204,0.2837626
12390,model_6b,0.3326,0.27242377
12391,model_6b,0.0743,0.09906409
12392,model_6b,0.1978,0.19745874
12393,model_6b,0.1617,0.14134178
12394,model_6b,0.2357,-0.017235018
12395,model_6b,0.2791,0.21118185
12396,model_6b,0.437,0.43433878
12397,model_6b,0.0417,0.0959171
12398,model_6b,0.1199,0.07874414
12399,model_6b,0.2938,0.30685496
12400,model_6b,0.0197,0.013416283
12401,model_6b,0.3909,0.254214
12402,model_6b,0.0758,0.114678144
12403,model_6b,0.302,0.30962884
12404,model_6b,0.5343,0.5390606
12405,model_6b,0.5045,0.49535218
12406,model_6b,0.0099,0.040075038
12407,model_6b,0.2024,0.18807516
12408,model_6b,-0.0409,0.08631243
12409,model_6b,0.0624,0.06617912
12410,model_6b,0.1756,0.15273418
12411,model_6b,0.5883,0.557719
12412,model_6b,0.1992,0.23521662
12413,model_6b,-0.0463,-0.11724057
12414,model_6b,0.3596,0.2957755
12415,model_6b,-0.1507,-0.03219831
12416,model_6b,0.2598,0.29072484
12417,model_6b,0.6846,0.6504276
12418,model_6b,-0.0717,-0.076711915
12419,model_6b,0.0229,0.0021150932
12420,model_6b,-0.059,-0.06858248
12421,model_6b,0.0616,0.047032807
12422,model_6b,0.5577,0.5550571
12423,model_6b,-0.2074,-0.16878268
12424,model_6b,0.9935,0.99643147
12425,model_6b,0.042,0.019993044
12426,model_6b,0.3986,0.4031317
12427,model_6b,0.0273,0.032593664
12428,model_6b,0.7775,0.77647316
12429,model_6b,0.1545,0.14303464
12430,model_6b,0.461,0.4727526
12431,model_6b,0.3274,0.36868623
12432,model_6b,0.16,0.11202616
12433,model_6b,0.3145,0.0638068
12434,model_6b,0.4777,0.48136786
12435,model_6b,0.4208,0.38467357
12436,model_6b,0.0288,0.012729481
12437,model_6b,0.0535,0.018211775
12438,model_6b,0.2877,0.2418761
12439,model_6b,0.2275,0.24697176
12440,model_6b,-0.191,-0.23782957
12441,model_6b,0.4734,0.42958352
12442,model_6b,0.1687,0.1638866
12443,model_6b,0.6685,0.66064686
12444,model_6b,0.0595,0.01991523
12445,model_6b,0.1041,0.14386937
12446,model_6b,0.2558,0.23291516
12447,model_6b,0.2774,0.32968143
12448,model_6b,0.1777,0.13972732
12449,model_6b,0.1203,0.114357695
12450,model_6b,0.2357,0.25314546
12451,model_6b,0.0812,0.061266996
12452,model_6b,0.0905,0.091631256
12453,model_6b,-0.0528,0.025795333
12454,model_6b,-0.0019,-0.003854178
12455,model_6b,-0.0341,-0.03416983
12456,model_6b,0.0679,0.06819486
12457,model_6b,0.2223,0.051417936
12458,model_6b,0.231,0.26967317
12459,model_6b,0.0884,0.071206115
12460,model_6b,0.3931,0.4556702
12461,model_6b,0.1375,0.12028693
12462,model_6b,-0.0795,-0.12223501
12463,model_6b,0.7355,0.7066773
12464,model_6b,0.3339,0.3442597
12465,model_6b,-0.2144,-0.17180455
12466,model_6b,0.118,0.13218836
12467,model_6b,0.0296,0.019689657
12468,model_6b,0.6286,0.6277039
12469,model_6b,0.4091,0.40750113
12470,model_6b,0.131,0.11181401
12471,model_6b,-0.115,-0.15598416
12472,model_6b,0.1049,0.08540685
12473,model_6b,0.1711,0.21790245
12474,model_6b,0.1577,0.24300885
12475,model_6b,0.2978,0.2684452
12476,model_6b,0.0488,0.13086194
12477,model_6b,0.2989,0.3003921
12478,model_6b,0.215,0.2335347
12479,model_6b,0.128,0.14723381
12480,model_6b,0.0637,0.062252745
12481,model_6b,0.1858,0.27903453
12482,model_6b,0.0393,0.06870543
12483,model_6b,0.434,0.45033222
12484,model_6b,0.3888,0.3990009
12485,model_6b,0.0395,0.036488507
12486,model_6b,0.1581,0.17020208
12487,model_6b,-0.03,-0.04141391
12488,model_6b,0.0291,0.026140101
12489,model_6b,0.1399,0.1546253
12490,model_6b,0.0173,0.011797652
12491,model_6b,0.1282,0.14305757
12492,model_6b,0.2572,0.2909808
12493,model_6b,0.435,0.5015519
12494,model_6b,0.2802,0.10801679
12495,model_6b,0.2689,0.29391736
12496,model_6b,0.0468,0.04325267
12497,model_6b,0.1025,0.0795745
12498,model_6b,-0.05,-0.08851055
12499,model_6b,-0.1592,-0.16131675
12500,model_6b,0.1687,0.119684175
12501,model_6b,0.4928,0.5280263
12502,model_6b,-0.0636,-0.06778795
12503,model_6b,0.1068,0.093708925
12504,model_6b,0.0931,0.0705617
12505,model_6b,0.3282,0.2520172
12506,model_6b,0.1573,0.12552485
12507,model_6b,0.1287,0.12725623
12508,model_6b,0.4604,0.47085217
12509,model_6b,0.1201,0.10560542
12510,model_6b,0.3361,0.34286335
12511,model_6b,0.0621,0.089099966
12512,model_6b,-0.1847,-0.23410666
12513,model_6b,0.0485,0.035846397
12514,model_6b,0.4567,0.42762324
12515,model_6b,-0.1292,-0.11152422
12516,model_6b,0.7675,0.76346713
12517,model_6b,0.3149,0.24278516
12518,model_6b,-0.083,-0.082616635
12519,model_6b,0.2395,0.26127115
12520,model_6b,0.2051,0.17560491
12521,model_6b,0.1324,0.02248608
12522,model_6b,0.3537,0.39052734
12523,model_6b,0.0982,0.06844705
12524,model_6b,0.1095,0.088041924
12525,model_6b,-0.2217,-0.16779533
12526,model_6b,0.1526,0.119598806
12527,model_6b,0.232,0.33246952
12528,model_6b,-0.0158,-0.012424551
12529,model_6b,0.0166,0.036021598
12530,model_6b,0.1155,0.121802464
12531,model_6b,0.2733,0.43505
12532,model_6b,0.13,0.13598403
12533,model_6b,0.3311,0.3333386
12534,model_6b,0.1182,0.18284434
12535,model_6b,0.3592,0.34556195
12536,model_6b,0.3111,0.28221667
12537,model_6b,0.0415,0.043206174
12538,model_6b,0.1187,0.13942006
12539,model_6b,0.7772,0.79552126
12540,model_6b,0.2588,0.40361896
12541,model_6b,0.735,0.73460853
12542,model_6b,0.041,0.17484778
12543,model_6b,0.2724,0.26649055
12544,model_6b,0.2566,0.21192181
12545,model_6b,-0.1324,-0.12495992
12546,model_6b,0.3071,0.3057813
12547,model_6b,0.5916,0.5728892
12548,model_6b,0.0077,-0.052350022
12549,model_6b,0.5662,0.54522234
12550,model_6b,0.2165,0.22969103
12551,model_6b,0.5293,0.537556
12552,model_6b,0.1005,0.158459
12553,model_6b,0.8876,0.8815962
12554,model_6b,0.173,0.16227481
12555,model_6b,0.0714,0.07206833
12556,model_6b,0.0339,0.02076304
12557,model_6b,0.1482,0.13747223
12558,model_6b,0.3772,0.35849312
12559,model_6b,0.034,0.019880861
12560,model_6b,0.567,0.5102952
12561,model_6b,0.0107,0.021302834
12562,model_6b,0.3303,0.3337659
12563,model_6b,0.0591,0.049145587
12564,model_6b,0.6132,0.653317
12565,model_6b,-0.0429,-0.050144963
12566,model_6b,0.2831,0.29437318
12567,model_6b,-0.2733,-0.18114963
12568,model_6b,0.226,0.20796975
12569,model_6b,0.8807,0.8398025
12570,model_6b,0.241,0.14928514
12571,model_6b,0.0381,0.03623407
12572,model_6b,-0.0338,-0.061156698
12573,model_6b,0.4345,0.4285461
12574,model_6b,0.0364,0.040479258
12575,model_6b,0.4064,0.36409298
12576,model_6b,0.412,0.3264405
12577,model_6b,0.2817,0.2781005
12578,model_6b,0.1879,0.15064275
12579,model_6b,-0.0113,-0.021558069
12580,model_6b,-0.0236,0.011196442
12581,model_6b,0.3069,0.2713559
12582,model_6b,-0.0439,-0.07259465
12583,model_6b,0.2801,0.26394472
12584,model_6b,0.2033,0.19833651
12585,model_6b,0.3744,0.30924007
12586,model_6b,0.1066,0.118455544
12587,model_6b,0.0532,0.042076748
12588,model_6b,0.1265,0.14368293
12589,model_6b,0.086,0.12554005
12590,model_6b,0.1606,0.1640231
12591,model_6b,0.1982,0.19917709
12592,model_6b,0.1505,0.17797008
12593,model_6b,0.1731,0.26029396
12594,model_6b,-0.0235,-0.028926976
12595,model_6b,-0.052,-0.14370057
12596,model_6b,0.147,0.13623503
12597,model_6b,0.0409,0.053489547
12598,model_6b,0.1544,0.15409178
12599,model_6b,0.0369,0.05342257
12600,model_6b,-0.0288,-0.06978259
12601,model_6b,0.1176,0.11244644
12602,model_6b,0.3555,0.34184766
12603,model_6b,0.0783,0.21045348
12604,model_6b,0.3068,0.17164537
12605,model_6b,0.0297,0.04060851
12606,model_6b,0.0715,0.07077603
12607,model_6b,0.349,0.33045983
12608,model_6b,-0.0808,-0.043263517
12609,model_6b,0.1447,0.08610951
12610,model_6b,0.1368,0.15087149
12611,model_6b,0.3513,0.34566253
12612,model_6b,0.2381,0.26765898
12613,model_6b,0.1751,0.13453525
12614,model_6b,0.5688,0.5358859
12615,model_6b,0.0665,0.043296825
12616,model_6b,-0.0838,-0.016800582
12617,model_6b,0.2989,0.2768705
12618,model_6b,0.2179,0.1333226
12619,model_6b,0.076,0.08336295
12620,model_6b,-0.0258,0.06563425
12621,model_6b,0.4251,0.41386956
12622,model_6b,0.0705,0.09864646
12623,model_6b,0.106,0.087238446
12624,model_6b,-0.0074,0.03857837
12625,model_6b,0.3835,0.45997658
12626,model_6b,0.5912,0.617307
12627,model_6b,0.0357,0.042558316
12628,model_6b,0.0207,0.029981524
12629,model_6b,0.0784,0.05479051
12630,model_6b,0.6486,0.6423702
12631,model_6b,0.1986,0.4941202
12632,model_6b,0.0171,0.0434012
12633,model_6b,0.1963,0.1959754
12634,model_6b,0.1965,0.19175571
12635,model_6b,0.9418,0.9011195
12636,model_6b,0.5196,0.5338951
12637,model_6b,0.8232,0.8763199
12638,model_6b,0.1177,0.034797028
12639,model_6b,0.721,0.7019583
12640,model_6b,0.0585,0.08934137
12641,model_6b,0.5093,0.52860355
12642,model_6b,0.0556,0.043778256
12643,model_6b,0.1981,0.06804632
12644,model_6b,0.0863,0.10134173
12645,model_6b,0.2411,0.2701257
12646,model_6b,0.0484,0.07107769
12647,model_6b,-0.0212,-0.026697956
12648,model_6b,0.5165,0.47691825
12649,model_6b,0.2213,0.24593243
12650,model_6b,0.0019,0.0035143495
12651,model_6b,0.4825,0.4959418
12652,model_6b,0.1377,0.14154774
12653,model_6b,0.5618,0.5066951
12654,model_6b,-0.0784,0.04234888
12655,model_6b,0.4283,0.38051087
12656,model_6b,0.2691,0.3105391
12657,model_6b,0.1053,0.15096852
12658,model_6b,0.2661,0.029044222
12659,model_6b,0.1647,0.1885904
12660,model_6b,0.4259,0.3951228
12661,model_6b,0.0386,0.047134917
12662,model_6b,0.566,0.5122451
12663,model_6b,-0.0127,0.032065213
12664,model_6b,0.1307,0.18379626
12665,model_6b,0.3116,0.37447348
12666,model_6b,0.4665,0.50405115
12667,model_6b,0.6543,0.6389288
12668,model_6b,0.2602,0.28402868
12669,model_6b,0.6845,0.5373967
12670,model_6b,-0.0589,-0.057427995
12671,model_6b,0.079,0.08887921
12672,model_6b,0.1539,0.20335168
12673,model_6b,0.2943,0.29282397
12674,model_6b,0.4917,0.5088246
12675,model_6b,0.1384,0.14657852
12676,model_6b,0.0702,0.038835105
12677,model_6b,0.2235,0.24078846
12678,model_6b,0.2114,0.1866799
12679,model_6b,-0.0125,-0.013452597
12680,model_6b,0.1483,0.14262626
12681,model_6b,0.1852,0.12610418
12682,model_6b,0.0538,0.104102746
12683,model_6b,0.0913,0.10205317
12684,model_6b,0.1581,0.18702146
12685,model_6b,0.1462,0.18015626
12686,model_6b,0.6081,0.6281805
12687,model_6b,0.4326,0.47940972
12688,model_6b,0.1595,0.17568192
12689,model_6b,0.2902,0.28606635
12690,model_6b,0.2738,0.2648244
12691,model_6b,0.2637,0.2640439
12692,model_6b,0.4687,0.3829451
12693,model_6b,0.2605,0.14956182
12694,model_6b,-0.0042,-0.023201145
12695,model_6b,0.9086,0.8860269
12696,model_6b,0.3124,0.38682535
12697,model_6b,0.3717,0.36257923
12698,model_6b,0.1081,0.083272316
12699,model_6b,-0.0283,-0.04684212
12700,model_6b,0.1601,0.05075821
12701,model_6b,0.1652,0.21866533
12702,model_6b,0.1156,0.10430913
12703,model_6b,0.3286,0.3300661
12704,model_6b,0.1283,0.09347602
12705,model_6b,-0.0328,-0.029372491
12706,model_6b,0.6685,0.6589532
12707,model_6b,0.2951,0.3462406
12708,model_6b,0.2457,0.28898573
12709,model_6b,-0.0024,0.027053975
12710,model_6b,0.5856,0.5689446
12711,model_6b,0.572,0.5700755
12712,model_6b,-0.0592,-0.071330555
12713,model_6b,0.2104,0.24254924
12714,model_6b,0.6566,0.56956744
12715,model_6b,0.2643,0.14165032
12716,model_6b,0.3508,0.33646622
12717,model_6b,0.4756,0.46374223
12718,model_6b,0.488,0.5191242
12719,model_6b,0.5584,0.5332493
12720,model_6b,0.0054,0.16460261
12721,model_6b,0.5034,0.48989835
12722,model_6b,0.0406,0.04817472
12723,model_6b,0.1352,0.15874937
12724,model_6b,0.0801,0.12117866
12725,model_6b,0.065,0.06494367
12726,model_6b,0.6081,0.6080048
12727,model_6b,0.369,0.36850134
12728,model_6b,0.0143,0.010715209
12729,model_6b,0.8946,0.8640099
12730,model_6b,0.3761,0.39474225
12731,model_6b,0.1528,0.13522185
12732,model_6b,0.0422,0.04161523
12733,model_6b,0.2115,0.20468393
12734,model_6b,0.8827,0.90047956
12735,model_6b,0.2545,0.19596156
12736,model_6b,0.206,0.24390194
12737,model_6b,0.0591,0.08815409
12738,model_6b,0.3763,0.36778578
12739,model_6b,0.255,0.20747262
12740,model_6b,0.4148,0.3867683
12741,model_6b,0.2358,0.20096715
12742,model_6b,-0.0634,-0.07450458
12743,model_6b,0.1779,0.17991269
12744,model_6b,0.166,0.18767855
12745,model_6b,0.038,0.04567162
12746,model_6b,0.0982,0.111829974
12747,model_6b,0.0641,0.1019281
12748,model_6b,0.4112,0.3902377
12749,model_6b,0.092,0.0626626
12750,model_6b,0.0035,0.03118277
12751,model_6b,0.2008,0.111442104
12752,model_6b,0.0663,0.04110101
12753,model_6b,0.5619,0.5624862
12754,model_6b,0.0997,0.160059
12755,model_6b,0.1647,0.13826475
12756,model_6b,0.1373,0.13916895
12757,model_6b,0.3361,0.35369524
12758,model_6b,0.0937,0.06747853
12759,model_6b,0.563,0.5182445
12760,model_6b,0.3155,0.28998575
12761,model_6b,0.0261,0.01608155
12762,model_6b,0.049,0.05231673
12763,model_6b,0.245,0.29014406
12764,model_6b,0.3956,0.387871
12765,model_6b,0.2245,0.15462816
12766,model_6b,0.1731,0.15789938
12767,model_6b,0.0217,-0.0022972524
12768,model_6b,0.2011,0.21447319
12769,model_6b,0.3439,0.3156888
12770,model_6b,0.3255,0.33697256
12771,model_6b,0.2361,0.19368103
12772,model_6b,0.0736,0.040540736
12773,model_6b,0.0804,-0.031470954
12774,model_6b,0.5891,0.6526478
12775,model_6b,0.2558,0.22536299
12776,model_6b,0.1678,0.17554742
12777,model_6b,-0.2197,-0.14872357
12778,model_6b,0.1938,0.22458422
12779,model_6b,0.0716,0.08522189
12780,model_6b,0.2957,0.20591211
12781,model_6b,0.2004,0.2169137
12782,model_6b,0.0797,0.03312642
12783,model_6b,-0.046,-0.04447242
12784,model_6b,0.1148,0.122164376
12785,model_6b,0.0891,0.112775825
12786,model_6b,0.2601,0.27507412
12787,model_6b,-0.1399,-0.08627843
12788,model_6b,0.0176,0.020955928
12789,model_6b,0.0248,0.11188665
12790,model_6b,0.6591,0.65088356
12791,model_6b,0.3234,0.17711043
12792,model_6b,0.1256,0.1226746
12793,model_6b,0.3433,0.33575442
12794,model_6b,0.5293,0.5103443
12795,model_6b,0.1142,0.08003525
12796,model_6b,0.3092,0.32914478
12797,model_6b,0.039,0.026232176
12798,model_6b,0.1734,0.1313736
12799,model_6b,-0.1775,-0.15836117
12800,model_6b,0.2009,0.18214284
12801,model_6b,0.4088,0.2149077
12802,model_6b,0.1724,0.13056827
12803,model_6b,0.5123,0.48500335
12804,model_6b,-0.0811,-0.08308043
12805,model_6b,-0.0817,-0.08863328
12806,model_6b,0.2125,0.27410457
12807,model_6b,-0.1993,-0.180444
12808,model_6b,0.2165,0.14144632
12809,model_6b,-0.165,-0.15069982
12810,model_6b,-0.1462,-0.050858073
12811,model_6b,0.0796,0.046955157
12812,model_6b,0.3886,0.47659656
12813,model_6b,0.0652,0.15594727
12814,model_6b,0.0194,-0.112137266
12815,model_6b,0.3042,0.30514073
12816,model_6b,0.1018,0.2026481
12817,model_6b,0.4397,0.41651264
12818,model_6b,0.0723,0.076893225
12819,model_6b,0.1931,0.1922124
12820,model_6b,0.4281,0.43553266
12821,model_6b,0.1722,0.1651462
12822,model_6b,-0.0123,-0.014570639
12823,model_6b,0.1324,0.24729395
12824,model_6b,0.4355,0.43992236
12825,model_6b,0.5291,0.489234
12826,model_6b,0.6363,0.6348468
12827,model_6b,0.1514,0.16543177
12828,model_6b,0.1863,0.4579926
12829,model_6b,0.4414,0.47660536
12830,model_6b,0.3719,0.35121307
12831,model_6b,0.0158,0.06261643
12832,model_6b,0.5778,0.533522
12833,model_6b,0.1629,0.1341551
12834,model_6b,0.4192,0.42571238
12835,model_6b,0.1708,0.189013
12836,model_6b,0.2558,0.1942941
12837,model_6b,0.0917,0.071642384
12838,model_6b,0.3537,0.44627485
12839,model_6b,-0.0368,-0.023362346
12840,model_6b,0.7761,0.67675114
12841,model_6b,0.0891,0.058247186
12842,model_6b,-0.0881,-0.09212277
12843,model_6b,0.1764,0.15737656
12844,model_6b,-0.052,-0.051403515
12845,model_6b,0.1426,0.20924276
12846,model_6b,0.391,0.38559315
12847,model_6b,0.2517,-0.15991354
12848,model_6b,0.157,0.12082419
12849,model_6b,0.1531,0.059861664
12850,model_6b,0.2734,0.30967894
12851,model_6b,-0.066,-0.06864508
12852,model_6b,-0.0146,0.023848414
12853,model_6b,0.2261,0.26103345
12854,model_6b,0.3354,0.35487846
12855,model_6b,0.7219,0.72008896
12856,model_6b,0.4346,0.39293024
12857,model_6b,0.2178,0.21883059
12858,model_6b,-0.0181,0.13150778
12859,model_6b,0.1517,0.15024516
12860,model_6b,-0.1776,-0.18854591
12861,model_6b,0.2588,0.26111054
12862,model_6b,0.0411,0.04972058
12863,model_6b,0.1639,0.12927075
12864,model_6b,0.2243,0.2188144
12865,model_6b,0.5976,0.58591545
12866,model_6b,-0.1045,-0.05886472
12867,model_6b,-0.0606,-0.0482777
12868,model_6b,0.1491,0.14438814
12869,model_6b,0.3917,0.44473085
12870,model_6b,0.1045,0.113940105
12871,model_6b,0.1386,0.115499355
12872,model_6b,0.1509,0.17929941
12873,model_6b,0.0829,0.09026445
12874,model_6b,0.8336,0.81254613
12875,model_6b,0.1276,0.12464241
12876,model_6b,0.0321,0.035959456
12877,model_6b,0.5333,0.567412
12878,model_6b,-0.0972,-0.098547794
12879,model_6b,0.1745,0.13913265
12880,model_6b,0.4804,0.49359104
12881,model_6b,0.4611,0.39882496
12882,model_6b,-0.0286,-0.005305417
12883,model_6b,0.1235,0.10524693
12884,model_6b,0.8562,0.820377
12885,model_6b,0.1649,0.12973991
12886,model_6b,0.0255,-0.037173055
12887,model_6b,-0.0389,-0.005180843
12888,model_6b,-0.1821,-0.20786926
12889,model_6b,0.0078,-0.01616209
12890,model_6b,0.0857,0.08664153
12891,model_6b,0.2202,0.19500437
12892,model_6b,0.3746,0.3628921
12893,model_6b,0.9284,0.8806351
12894,model_6b,0.5441,0.532473
12895,model_6b,0.0203,0.0010035113
12896,model_6b,0.099,0.10155647
12897,model_6b,0.3893,0.46557048
12898,model_6b,0.03,0.030294903
12899,model_6b,-0.0803,-0.11849461
12900,model_6b,0.5742,0.53630334
12901,model_6b,0.2608,0.26180562
12902,model_6b,0.3424,0.2966209
12903,model_6b,0.7563,0.8009087
12904,model_6b,0.5924,0.53281313
12905,model_6b,0.451,0.40726945
12906,model_6b,0.3,0.2625247
12907,model_6b,0.1947,0.25084972
12908,model_6b,-0.0702,-0.06475041
12909,model_6b,0.342,0.30480734
12910,model_6b,0.3785,0.36660907
12911,model_6b,0.2008,0.21777913
12912,model_6b,0.67,0.71427816
12913,model_6b,0.0135,-0.02123259
12914,model_6b,0.6326,0.64673537
12915,model_6b,0.1651,0.22436708
12916,model_6b,-0.0075,0.010832079
12917,model_6b,0.3243,0.3140135
12918,model_6b,0.3912,0.37919995
12919,model_6b,0.0343,0.064574175
12920,model_6b,0.1206,0.1129364
12921,model_6b,0.1135,0.13531259
12922,model_6b,-0.1125,-0.09165568
12923,model_6b,0.3516,0.3895572
12924,model_6b,0.293,0.25645128
12925,model_6b,0.2027,0.18705347
12926,model_6b,0.2425,0.24635819
12927,model_6b,0.0284,0.019014843
12928,model_6b,0.28,0.27251986
12929,model_6b,-0.1329,-0.13689825
12930,model_6b,-0.1792,-0.15709877
12931,model_6b,0.0496,0.03184308
12932,model_6b,0.0071,0.07863711
12933,model_6b,0.3846,0.16287261
12934,model_6b,-0.0135,-0.028783366
12935,model_6b,0.4117,0.3419639
12936,model_6b,0.4377,0.41443977
12937,model_6b,0.2263,0.2180802
12938,model_6b,0.5533,0.56290823
12939,model_6b,0.0284,0.050232213
12940,model_6b,0.1983,0.20564443
12941,model_6b,0.4829,0.4860836
12942,model_6b,0.9129,0.8979981
12943,model_6b,0.2616,0.31022966
12944,model_6b,0.1055,0.07776277
12945,model_6b,0.0399,0.0730877
12946,model_6b,0.7594,0.71335816
12947,model_6b,0.1042,0.14271282
12948,model_6b,0.1463,0.17398192
12949,model_6b,-0.0073,-0.014240988
12950,model_6b,0.1361,0.13651021
12951,model_6b,-0.0054,-0.04923085
12952,model_6b,0.0832,0.07593135
12953,model_6b,0.1179,0.11160579
12954,model_6b,0.1619,0.17023551
12955,model_6b,0.2164,0.16842291
12956,model_6b,0.5985,0.5730984
12957,model_6b,-0.2122,-0.19123629
12958,model_6b,0.6985,0.67860997
12959,model_6b,0.5042,0.49574623
12960,model_6b,0.7343,0.74892044
12961,model_6b,0.6019,0.5714813
12962,model_6b,1.1122,1.1145495
12963,model_6b,0.0971,0.1117826
12964,model_6b,0.3718,0.3333846
12965,model_6b,-0.0553,-0.026529737
12966,model_6b,0.0426,0.029040724
12967,model_6b,0.35,0.39834613
12968,model_6b,0.1098,0.16855378
12969,model_6b,0.4064,0.34604758
12970,model_6b,0.2813,0.29996738
12971,model_6b,0.4188,0.39514917
12972,model_6b,0.1664,0.14720342
12973,model_6b,0.1342,0.13632807
12974,model_6b,0.0433,0.050100293
12975,model_6b,0.0848,0.07891536
12976,model_6b,-0.0383,0.04063271
12977,model_6b,0.4807,0.41199335
12978,model_6b,0.5837,0.7518666
12979,model_6b,0.0805,0.14935368
12980,model_6b,0.3234,0.31864575
12981,model_6b,0.2488,0.27388856
12982,model_6b,0.1852,0.23020053
12983,model_6b,0.1338,0.10057489
12984,model_6b,0.1576,0.18132865
12985,model_6b,0.5512,0.53531784
12986,model_6b,0.4166,0.41664186
12987,model_6b,0.2141,0.31938046
12988,model_6b,0.8555,0.8817373
12989,model_6b,0.4522,0.4723542
12990,model_6b,0.3551,0.29297507
12991,model_6b,0.2276,0.21823826
12992,model_6b,0.1845,0.18932387
12993,model_6b,0.3565,0.32561368
12994,model_6b,0.5087,0.5412473
12995,model_6b,0.0695,0.035236917
12996,model_6b,0.1732,0.26173067
12997,model_6b,-0.0577,-0.11636794
12998,model_6b,0.1981,0.17620075
12999,model_6b,-0.1917,-0.22626495
13000,model_6b,0.2953,0.39836508
13001,model_6b,0.296,0.2874739
13002,model_6b,0.487,0.4265552
13003,model_6b,0.2441,0.27370685
13004,model_6b,0.0522,0.06386426
13005,model_6b,0.0191,0.051181808
13006,model_6b,-0.0034,0.012551479
13007,model_6b,0.0962,0.035584792
13008,model_6b,-0.0496,-0.063186966
13009,model_6b,0.0264,-0.1015052
13010,model_6b,0.3547,0.44520244
13011,model_6b,0.2352,0.20515615
13012,model_6b,0.3528,0.36950484
13013,model_6b,-0.0739,-0.082735814
13014,model_6b,0.9373,0.81297135
13015,model_6b,0.6157,0.6362591
13016,model_6b,-0.1214,-0.16719645
13017,model_6b,0.2627,0.19397044
13018,model_6b,0.4245,0.42523643
13019,model_6b,0.4759,0.40346912
13020,model_6b,0.3899,0.27983266
13021,model_6b,0.284,0.2804914
13022,model_6b,0.1183,0.11702562
13023,model_6b,0.137,0.08719621
13024,model_6b,0.0825,0.0484327
13025,model_6b,0.291,0.3420334
13026,model_6b,0.5936,0.6557852
13027,model_6b,0.2891,0.33020744
13028,model_6b,0.1963,0.21412021
13029,model_6b,0.0478,0.035447434
13030,model_6b,-0.2112,-0.18980157
13031,model_6b,0.429,0.35290948
13032,model_6b,0.4055,0.43767527
13033,model_6b,0.0052,-0.035592742
13034,model_6b,0.11,0.066074625
13035,model_6b,0.5224,0.5469738
13036,model_6b,0.2109,0.25118473
13037,model_6b,0.0963,0.06399083
13038,model_6b,0.0973,0.05521388
13039,model_6b,0.3659,0.3795968
13040,model_6b,-0.0723,-0.0982872
13041,model_6b,0.1341,0.125134
13042,model_6b,0.1894,0.11010162
13043,model_6b,0.0907,0.080225974
13044,model_6b,-0.0892,-0.112993814
13045,model_6b,0.6345,0.6152246
13046,model_6b,0.7779,0.7976388
13047,model_6b,0.1558,0.1689235
13048,model_6b,0.2271,0.27842677
13049,model_6b,0.1716,0.13978644
13050,model_6b,0.2336,0.23911476
13051,model_6b,0.1207,0.13844694
13052,model_6b,0.9467,0.937055
13053,model_6b,0.7206,0.7522349
13054,model_6b,0.2789,0.25858462
13055,model_6b,0.3348,0.30906102
13056,model_6b,0.1485,0.14687836
13057,model_6b,0.1808,0.15299553
13058,model_6b,0.2877,0.23800433
13059,model_6b,0.4756,0.4358048
13060,model_6b,0.2724,0.28887156
13061,model_6b,0.142,0.13652755
13062,model_6b,-0.0088,0.0049664006
13063,model_6b,0.1715,0.14203729
13064,model_6b,0.5349,0.57818466
13065,model_6b,0.1872,0.20512089
13066,model_6b,0.0341,0.06608763
13067,model_6b,0.5408,0.5429436
13068,model_6b,0.46,0.4419785
13069,model_6b,0.1282,0.1255317
13070,model_6b,0.0597,-0.045083202
13071,model_6b,0.0547,0.07300206
13072,model_6b,0.2546,0.1655652
13073,model_6b,0.0538,0.02020017
13074,model_6b,0.2136,0.2272079
13075,model_6b,0.2111,0.1818263
13076,model_6b,0.3971,0.38069105
13077,model_6b,0.3892,0.4386585
13078,model_6b,0.1469,0.113488816
13079,model_6b,0.2855,0.29814905
13080,model_6b,0.065,0.09592891
13081,model_6b,0.1539,0.15554234
13082,model_6b,0.0312,0.0021619797
13083,model_6b,0.8707,0.8615409
13084,model_6b,0.2785,0.26293504
13085,model_6b,0.2351,0.13506521
13086,model_6b,-0.0285,-0.035264604
13087,model_6b,0.3096,0.31212565
13088,model_6b,0.0264,0.063655324
13089,model_6b,0.0795,0.07139352
13090,model_6b,0.0566,0.13466604
13091,model_6b,0.2144,0.15166691
13092,model_6b,0.4176,0.38768768
13093,model_6b,0.3137,0.28698844
13094,model_6b,0.154,0.16951168
13095,model_6b,-0.0804,-0.0722143
13096,model_6b,0.0441,0.079223335
13097,model_6b,0.0269,0.040447082
13098,model_6b,0.0114,0.026586998
13099,model_6b,0.0689,0.027696237
13100,model_6b,0.3162,0.37741446
13101,model_6b,0.3555,0.35408413
13102,model_6b,-0.0222,-0.010661267
13103,model_6b,0.1238,0.110400714
13104,model_6b,0.1071,0.12484695
13105,model_6b,0.2458,0.23948741
13106,model_6b,0.2583,0.20857152
13107,model_6b,0.1056,0.11662838
13108,model_6b,0.2645,0.26755396
13109,model_6b,0.211,0.16586497
13110,model_6b,0.5544,0.57053196
13111,model_6b,0.0287,0.042880066
13112,model_6b,0.072,0.06468576
13113,model_6b,0.452,0.42952165
13114,model_6b,0.1095,0.12714648
13115,model_6b,0.8376,0.8129995
13116,model_6b,0.5036,0.636937
13117,model_6b,0.3726,0.32518193
13118,model_6b,0.1951,0.09162944
13119,model_6b,0.2187,0.20224681
13120,model_6b,0.3652,0.34624404
13121,model_6b,0.327,0.32295313
13122,model_6b,0.0355,0.03602926
13123,model_6b,0.5786,0.6022629
13124,model_6b,0.2727,0.30687493
13125,model_6b,0.1646,0.0817839
13126,model_6b,0.1424,0.21345761
13127,model_6b,0.2931,0.26639
13128,model_6b,0.1301,0.06415932
13129,model_6b,0.3108,0.3065429
13130,model_6b,0.1729,0.118323825
13131,model_6b,-0.2126,-0.21407208
13132,model_6b,0.3504,0.22264975
13133,model_6b,-0.0529,0.02079001
13134,model_6b,0.5158,0.588212
13135,model_6b,0.6658,0.64345306
13136,model_6b,0.2048,0.12942964
13137,model_6b,0.0162,0.06459514
13138,model_6b,0.0962,0.08371306
13139,model_6b,0.3612,0.33323306
13140,model_6b,0.1472,0.12459621
13141,model_6b,0.782,0.7659143
13142,model_6b,0.1146,0.13218792
13143,model_6b,0.1863,0.12693617
13144,model_6b,0.5125,0.58305466
13145,model_6b,0.1419,0.14836013
13146,model_6b,0.1435,0.10896481
13147,model_6b,0.2646,0.26636022
13148,model_6b,0.7454,0.752446
13149,model_6b,0.9861,0.987313
13150,model_6b,0.1417,0.12216738
13151,model_6b,0.4211,0.36641195
13152,model_6b,0.1873,0.2768619
13153,model_6b,0.0253,-0.0027721822
13154,model_6b,0.1456,0.13451377
13155,model_6b,0.2658,0.2486307
13156,model_6b,0.0329,0.08393339
13157,model_6b,0.0307,0.07781789
13158,model_6b,0.5141,0.47801366
13159,model_6b,0.1393,0.103266545
13160,model_6b,0.9072,0.9065422
13161,model_6b,-0.0024,-0.0069398805
13162,model_6b,0.3241,0.30485713
13163,model_6b,0.4579,0.45715633
13164,model_6b,0.2838,0.28355813
13165,model_6b,0.1896,0.25670862
13166,model_6b,0.2833,0.3625838
13167,model_6b,0.1595,0.20051038
13168,model_6b,0.0519,0.08275339
13169,model_6b,0.0289,0.031822495
13170,model_6b,0.0332,0.1404084
13171,model_6b,0.365,0.36569604
13172,model_6b,1e-04,0.055385247
13173,model_6b,0.5036,0.48537055
13174,model_6b,0.4386,0.42645395
13175,model_6b,0.1015,0.114086434
13176,model_6b,0.1862,0.14940694
13177,model_6b,0.0048,-0.005052671
13178,model_6b,-0.0113,-0.0002168119
13179,model_6b,0.5677,0.5874795
13180,model_6b,0.314,0.3489274
13181,model_6b,0.197,0.22010419
13182,model_6b,0.2981,0.33195794
13183,model_6b,0.385,0.41216052
13184,model_6b,0.0922,0.064950734
13185,model_6b,0.1423,0.22411463
13186,model_6b,0.2113,0.22201836
13187,model_6b,0.8454,0.8723876
13188,model_6b,0.4754,0.36470363
13189,model_6b,0.0502,0.068405814
13190,model_6b,0.1413,0.14383654
13191,model_6b,-0.0554,-0.11523125
13192,model_6b,0.1681,0.17669308
13193,model_6b,0.4217,0.4453701
13194,model_6b,0.1583,0.09214258
13195,model_6b,0.2031,0.24912539
13196,model_6b,0.4481,0.41238126
13197,model_6b,0.591,0.5872841
13198,model_6b,0.3445,0.34700313
13199,model_6b,0.2028,0.25555086
13200,model_6b,0.3105,0.39213246
13201,model_6b,0.0532,0.0872819
13202,model_6b,0.1011,0.07543196
13203,model_6b,0.0554,0.039364927
13204,model_6b,0.3909,0.3711358
13205,model_6b,0.6055,0.5854068
13206,model_6b,-0.0279,-0.061645977
13207,model_6b,0.1032,0.12909928
13208,model_6b,0.0946,0.14299846
13209,model_6b,0.0314,0.031314068
13210,model_6b,-0.0354,-0.10049615
13211,model_6b,0.4957,0.5247154
13212,model_6b,0.0657,0.082535096
13213,model_6b,0.1778,0.2571339
13214,model_6b,0.2782,0.21859083
13215,model_6b,0.2589,0.27151304
13216,model_6b,0.452,0.45765054
13217,model_6b,0.0613,0.04416571
13218,model_6b,0.0072,0.020889826
13219,model_6b,1.1488,1.1449324
13220,model_6b,0.7791,0.76770353
13221,model_6b,0.773,0.77146125
13222,model_6b,0.0352,0.08690627
13223,model_6b,0.2377,0.23132679
13224,model_6b,0.0594,0.058033176
13225,model_6b,0.0983,0.11935507
13226,model_6b,0.1972,0.1106067
13227,model_6b,0.517,0.5166579
13228,model_6b,-0.0333,-0.045691468
13229,model_6b,0.0014,0.0053624585
13230,model_6b,0.0082,-0.012686908
13231,model_6b,0.1248,0.13302895
13232,model_6b,0.3919,0.41939104
13233,model_6b,0.7631,0.66598535
13234,model_6b,0.1827,0.115704015
13235,model_6b,0.457,0.42364255
13236,model_6b,0.0033,-0.0077883154
13237,model_6b,0.0113,-0.004080653
13238,model_6b,0.1388,0.12729743
13239,model_6b,-0.0542,-0.07405225
13240,model_6b,0.7521,0.7533835
13241,model_6b,-0.0126,0.0038166866
13242,model_6b,0.9116,0.8727452
13243,model_6b,0.4736,0.44426656
13244,model_6b,0.9467,0.93035734
13245,model_6b,0.8626,0.85457623
13246,model_6b,0.4525,0.35829237
13247,model_6b,0.4805,0.49152488
13248,model_6b,0.2294,0.1744689
13249,model_6b,0.2109,0.19406305
13250,model_6b,0.3895,0.3371237
13251,model_6b,0.6194,0.5994466
13252,model_6b,0.336,0.3555732
13253,model_6b,0.3508,0.29513997
13254,model_6b,0.1063,0.09697358
13255,model_6b,0.3209,0.3537197
13256,model_6b,-0.1305,0.0027496144
13257,model_6b,0.1308,0.14221081
13258,model_6b,0.2332,0.16976619
13259,model_6b,0.0262,0.027084682
13260,model_6b,0.4121,0.409965
13261,model_6b,0.5795,0.57999533
13262,model_6b,-0.2184,-0.06291366
13263,model_6b,0.1944,0.1755381
13264,model_6b,0.3266,0.35247406
13265,model_6b,0.7498,0.6847082
13266,model_6b,0.0748,0.13111547
13267,model_6b,0.2608,0.22310835
13268,model_6b,0.6066,0.56840396
13269,model_6b,-0.049,-0.09981019
13270,model_6b,0.4533,0.2555403
13271,model_6b,0.0489,0.05951488
13272,model_6b,-0.0524,-0.036298297
13273,model_6b,0.1214,0.09128576
13274,model_6b,0.1349,0.07263845
13275,model_6b,0.5979,0.5681407
13276,model_6b,0.0872,0.07965417
13277,model_6b,0.318,0.31689075
13278,model_6b,0.2653,0.2729441
13279,model_6b,0.0808,0.047305286
13280,model_6b,0.1323,0.13545248
13281,model_6b,0.096,0.09775747
13282,model_6b,0.299,0.30164528
13283,model_6b,0.0033,0.002203025
13284,model_6b,-0.0092,0.01604814
13285,model_6b,0.272,0.27533945
13286,model_6b,0.4508,0.42714113
13287,model_6b,0.2634,0.2740756
13288,model_6b,0.1633,0.23183683
13289,model_6b,0.1333,0.08317362
13290,model_6b,0.3495,0.30858755
13291,model_6b,0.1048,0.19132745
13292,model_6b,0.1198,0.14153035
13293,model_6b,-0.0043,0.0036036447
13294,model_6b,0.4489,0.34778413
13295,model_6b,0.1631,0.16545841
13296,model_6b,0.9563,0.9055449
13297,model_6b,0.4738,0.49947044
13298,model_6b,0.0725,0.101862535
13299,model_6b,0.4155,0.46419337
13300,model_6b,0.1499,0.15703565
13301,model_6b,0.0688,0.06334035
13302,model_6b,0.0381,-0.048075058
13303,model_6b,0.3569,0.34587035
13304,model_6b,0.7972,0.77310574
13305,model_6b,0.2212,0.25430092
13306,model_6b,0.355,0.3116636
13307,model_6b,0.336,0.34831586
13308,model_6b,0.5555,0.5498732
13309,model_6b,0.4603,0.34984756
13310,model_6b,0.7141,0.68643034
13311,model_6b,0.265,0.26476142
13312,model_6b,-0.1181,-0.026591651
13313,model_6b,0.0851,0.07512333
13314,model_6b,0.385,0.4516311
13315,model_6b,0.1071,0.054971065
13316,model_6b,-0.0117,-0.04449383
13317,model_6b,0.1963,0.16364372
13318,model_6b,0.1242,0.10615401
13319,model_6b,0.4865,0.4635847
13320,model_6b,-0.1261,-0.09279848
13321,model_6b,0.2501,0.22053456
13322,model_6b,0.4312,0.46485254
13323,model_6b,0.2962,0.25638866
13324,model_6b,0.218,0.27471936
13325,model_6b,0.3698,0.31575453
13326,model_6b,0.7461,0.7322124
13327,model_6b,0.194,0.20533352
13328,model_6b,0.1808,0.18071595
13329,model_6b,0.4745,0.4956123
13330,model_6b,0.3008,0.27668914
13331,model_6b,0.2046,0.22601959
13332,model_6b,0.1094,0.1897511
13333,model_6b,-0.2134,-0.18858859
13334,model_6b,0.5296,0.5692188
13335,model_6b,0.1539,0.14392102
13336,model_6b,0.0766,0.055935495
13337,model_6b,0.6032,0.62336487
13338,model_6b,0.2886,0.28853753
13339,model_6b,0.7923,0.84661704
13340,model_6b,0.5686,0.58201224
13341,model_6b,0.2972,0.32267103
13342,model_6b,0.3508,0.3748421
13343,model_6b,0.3847,0.3743145
13344,model_6b,0.4299,0.27014264
13345,model_6b,0.2939,0.34600478
13346,model_6b,0.1845,0.20419733
13347,model_6b,-0.0479,0.058706146
13348,model_6b,0.172,0.18286943
13349,model_6b,0.1248,0.14380202
13350,model_6b,0.5103,0.46804315
13351,model_6b,0.1977,0.14047894
13352,model_6b,0.1619,0.061941653
13353,model_6b,0.2296,0.23558354
13354,model_6b,0.1099,0.11151751
13355,model_6b,-0.0637,-0.088301726
13356,model_6b,0.8403,0.84539497
13357,model_6b,0.0637,0.08153177
13358,model_6b,0.2041,0.14042012
13359,model_6b,0.0465,0.042804386
13360,model_6b,0.0101,0.037481133
13361,model_6b,0.2409,0.25502765
13362,model_6b,0.0093,0.013356358
13363,model_6b,0.4028,0.43798593
13364,model_6b,0.2084,0.21472695
13365,model_6b,0.1163,0.085006915
13366,model_6b,0.5024,0.5149939
13367,model_6b,0.2284,0.1984359
13368,model_6b,0.8808,0.828924
13369,model_6b,0.2597,0.23118526
13370,model_6b,0.072,0.09906997
13371,model_6b,0.1738,0.062290538
13372,model_6b,0.4511,0.44323662
13373,model_6b,0.052,0.06385966
13374,model_6b,-0.0326,-0.029830746
13375,model_6b,0.4512,0.44983867
13376,model_6b,0.3017,0.2531486
13377,model_6b,0.1598,0.14910528
13378,model_6b,0.1222,0.09618011
13379,model_6b,0.0635,0.104188584
13380,model_6b,0.6543,0.6438876
13381,model_6b,0.4857,0.49807703
13382,model_6b,0.1966,0.26351658
13383,model_6b,0.5113,0.48818266
13384,model_6b,0.1198,0.12209663
13385,model_6b,0.0328,-0.10674352
13386,model_6b,0.0196,0.04026466
13387,model_6b,0.0331,0.045461465
13388,model_6b,0.4467,0.42400917
13389,model_6b,-0.0102,0.03684696
13390,model_6b,0.058,0.09217665
13391,model_6b,0.2564,0.21737197
13392,model_6b,0.6732,0.6549339
13393,model_6b,0.4332,0.4166625
13394,model_6b,0.0675,0.061473705
13395,model_6b,0.6779,0.66677505
13396,model_6b,0.7647,0.6751164
13397,model_6b,-0.0555,-0.044247784
13398,model_6b,0.373,0.34762287
13399,model_6b,0.0998,0.11893068
13400,model_6b,0.1463,0.12707445
13401,model_6b,-0.0189,-0.052645378
13402,model_6b,0.0831,0.02640916
13403,model_6b,0.1446,0.13494098
13404,model_6b,0.638,0.6251994
13405,model_6b,0.6596,0.6716497
13406,model_6b,0.2615,0.23636347
13407,model_6b,-0.0527,-0.07605717
13408,model_6b,0.1305,0.10636379
13409,model_6b,0.479,0.5271079
13410,model_6b,-0.0128,-0.017904036
13411,model_6b,0.2885,0.29916537
13412,model_6b,0.8212,0.8697219
13413,model_6b,0.9306,0.7880784
13414,model_6b,0.254,0.24744806
13415,model_6b,0.166,0.19324663
13416,model_6b,0.4765,0.49880448
13417,model_6b,0.1633,0.10072214
13418,model_6b,0.1265,0.12568292
13419,model_6b,0.1724,0.14320709
13420,model_6b,0.4079,0.39809018
13421,model_6b,0.6684,0.6582922
13422,model_6b,0.1849,0.147944
13423,model_6b,-0.0953,-0.073688276
13424,model_6b,0.5769,0.6008706
13425,model_6b,0.3919,0.39459607
13426,model_6b,0.4085,0.35086387
13427,model_6b,0.144,0.16868666
13428,model_6b,0.2652,0.2747548
13429,model_6b,0.1924,0.17264661
13430,model_6b,0.9163,0.8960694
13431,model_6b,0.1918,0.13614441
13432,model_6b,0.7624,0.81215405
13433,model_6b,0.485,0.48721486
13434,model_6b,0.0751,0.07397183
13435,model_6b,-0.05,0.17603272
13436,model_6b,0.2362,0.23746791
13437,model_6b,0.348,0.3175276
13438,model_6b,0.5385,0.49563238
13439,model_6b,0.3454,0.3590786
13440,model_6b,0.1225,0.07908924
13441,model_6b,0.0754,0.069943964
13442,model_6b,0.6634,0.6760392
13443,model_6b,0.1094,0.04083794
13444,model_6b,0.1368,0.11343281
13445,model_6b,0.2327,0.30208188
13446,model_6b,0.4911,0.45958984
13447,model_6b,0.2826,0.27290198
13448,model_6b,0.1687,0.4531009
13449,model_6b,0.0848,0.07603973
13450,model_6b,-0.176,-0.19661507
13451,model_6b,0.0121,-0.0041249767
13452,model_6b,0.6249,0.61070406
13453,model_6b,0.4349,0.3518469
13454,model_6b,0.4019,0.25080055
13455,model_6b,0.1304,0.1463244
13456,model_6b,0.2117,0.21537298
13457,model_6b,0.0995,0.17503887
13458,model_6b,0.4471,0.42234027
13459,model_6b,0.203,0.22752196
13460,model_6b,0.033,0.012605473
13461,model_6b,-0.152,-0.13033259
13462,model_6b,-0.0279,0.017377712
13463,model_6b,0.6791,0.6677013
13464,model_6b,-0.0085,-0.008894563
13465,model_6b,0.2231,0.30748388
13466,model_6b,0.6359,0.64097583
13467,model_6b,0.7664,0.7958561
13468,model_6b,0.4791,0.46548507
13469,model_6b,0.2057,0.12883969
13470,model_6b,0.0699,0.062039573
13471,model_6b,0.1294,0.12407893
13472,model_6b,0.3033,0.3131241
13473,model_6b,0.1264,0.26634866
13474,model_6b,0.2875,0.32917982
13475,model_6b,0.6002,0.58304954
13476,model_6b,0.4248,0.41391554
13477,model_6b,0.4448,0.53469855
13478,model_6b,0.1347,0.15237105
13479,model_6b,0.3252,0.29561484
13480,model_6b,0.2669,0.4323521
13481,model_6b,0.3598,0.34102958
13482,model_6b,-0.0156,-0.044811584
13483,model_6b,0.4737,0.54431355
13484,model_6b,0.0403,0.056700457
13485,model_6b,0.5694,0.57722974
13486,model_6b,0.4045,0.37289968
13487,model_6b,0.009,-0.0059682354
13488,model_6b,0.1342,0.068523064
13489,model_6b,0.7054,0.71203995
13490,model_6b,0.3168,0.34053388
13491,model_6b,0.1717,0.16020277
13492,model_6b,0.2772,0.276725
13493,model_6b,0.8242,0.7672293
13494,model_6b,0.2709,0.28324062
13495,model_6b,0.0393,0.11897282
13496,model_6b,0.147,0.10057192
13497,model_6b,0.3942,0.3754197
13498,model_6b,0.1524,0.11741856
13499,model_6b,0.2367,0.19018611
13500,model_6b,0.2284,0.2506361
13501,model_6b,-0.1283,-0.21887437
13502,model_6b,0.6358,0.60607344
13503,model_6b,0.0786,0.07330815
13504,model_6b,0.5718,0.57431746
13505,model_6b,0.066,0.0587549
13506,model_6b,0.2079,0.13425857
13507,model_6b,0.0708,0.10052165
13508,model_6b,-0.054,-0.055044703
13509,model_6b,0.1035,0.11392109
13510,model_6b,0.108,0.14993367
13511,model_6b,0.3439,0.3392927
13512,model_6b,0.0384,0.048108395
13513,model_6b,0.2795,0.33136928
13514,model_6b,-0.1262,-0.08505445
13515,model_6b,0.438,0.48593283
13516,model_6b,0.3907,0.38750902
13517,model_6b,-0.0814,-0.020006932
13518,model_6b,0.1678,0.13777804
13519,model_6b,0.0802,0.061516594
13520,model_6b,0.1455,0.17152365
13521,model_6b,0.2875,0.2744563
13522,model_6b,0.0117,0.039077487
13523,model_6b,0.4269,0.45261005
13524,model_6b,0.1911,0.16637166
13525,model_6b,0.0549,0.11516356
13526,model_6b,0.2011,0.20527868
13527,model_6b,0.5978,0.6690622
13528,model_6b,0.0324,-0.11725942
13529,model_6b,0.2864,0.28062934
13530,model_6b,0.1105,0.10980808
13531,model_6b,-0.1103,-0.099573545
13532,model_6b,0.4346,0.46900776
13533,model_6b,0.2428,0.507529
13534,model_6b,0.0361,0.05395625
13535,model_6b,0.2358,0.20135471
13536,model_6b,-0.0825,-0.045386292
13537,model_6b,0.0403,0.013439462
13538,model_6b,0.1929,0.11298818
13539,model_6b,0.244,0.32316986
13540,model_6b,0.3449,0.30384788
13541,model_6b,0.2486,0.12763962
13542,model_6b,0.0712,0.24783728
13543,model_6b,-0.103,-0.107961185
13544,model_6b,0.3753,0.34812143
13545,model_6b,0.0006,-0.029730506
13546,model_6b,0.044,0.06300125
13547,model_6b,0.1785,0.14161387
13548,model_6b,0.4131,0.42121312
13549,model_6b,0.2087,0.14246678
13550,model_6b,0.3613,0.3499847
13551,model_6b,0.0645,0.04680815
13552,model_6b,0.0967,0.13427305
13553,model_6b,0.6455,0.646719
13554,model_6b,0.1528,0.12024705
13555,model_6b,1.0079,0.9931501
13556,model_6b,0.6653,0.61758614
13557,model_6b,0.0932,0.083728954
13558,model_6b,-0.0429,-0.05906891
13559,model_6b,0.0913,0.092873536
13560,model_6b,0.6575,0.60809374
13561,model_6b,0.8496,0.8038889
13562,model_6b,0.2605,0.23033115
13563,model_6b,0.3398,0.31433183
13564,model_6b,0.2501,0.26055357
13565,model_6b,0.271,0.20164499
13566,model_6b,-0.061,-0.039930664
13567,model_6b,0.4203,0.4003925
13568,model_6b,-0.0005,-0.008796506
13569,model_6b,0.1558,0.09590374
13570,model_6b,0.3335,0.28184786
13571,model_6b,-0.0132,-0.031971693
13572,model_6b,-0.1693,-0.17082956
13573,model_6b,0.165,0.17501089
13574,model_6b,0.1295,0.09374859
13575,model_6b,0.175,0.19055226
13576,model_6b,-0.0299,-0.010805927
13577,model_6b,0.0498,0.082000315
13578,model_6b,0.216,0.15847963
13579,model_6b,0.7059,0.68268144
13580,model_6b,0.3241,0.31226242
13581,model_6b,0.2366,0.21750599
13582,model_6b,0.131,0.15499467
13583,model_6b,0.3216,0.08538096
13584,model_6b,0.5217,0.58701473
13585,model_6b,0.0427,0.015114166
13586,model_6b,0.2335,0.22911245
13587,model_6b,0.1227,0.13972071
13588,model_6b,0.1921,0.42861554
13589,model_6b,-0.1265,-0.16898164
13590,model_6b,0.0169,0.027705066
13591,model_6b,0.1836,0.15985093
13592,model_6b,0.4508,0.45881554
13593,model_6b,0.2019,0.15970334
13594,model_6b,0.2379,0.2430453
13595,model_6b,0.308,0.29458615
13596,model_6b,0.4073,0.36653435
13597,model_6b,0.221,0.17007121
13598,model_6b,0.1163,0.20980114
13599,model_6b,0.0952,0.094814494
13600,model_6b,0.4853,0.49876913
13601,model_6b,0.1418,0.09834818
13602,model_6b,0.6652,0.7007889
13603,model_6b,0.0419,0.014984541
13604,model_6b,0.1895,0.20180684
13605,model_6b,-0.0431,-0.09586831
13606,model_6b,-0.0173,0.0038061067
13607,model_6b,0.5333,0.26107717
13608,model_6b,0.8141,0.77768636
13609,model_6b,0.454,0.53682745
13610,model_6b,0.0665,0.09886053
13611,model_6b,0.1774,0.13669044
13612,model_6b,0.1839,0.2746528
13613,model_6b,0.1469,0.113175556
13614,model_6b,-0.5033,0.20162284
13615,model_6b,0.3018,0.29772842
13616,model_6b,0.1145,0.12224232
13617,model_6b,0.0179,0.021751761
13618,model_6b,0.6383,0.62376094
13619,model_6b,0.36,0.33703437
13620,model_6b,0.0825,0.12195232
13621,model_6b,0.6585,0.66381645
13622,model_6b,0.2583,0.24665347
13623,model_6b,0.1623,0.12702218
13624,model_6b,-0.1698,-0.12083138
13625,model_6b,0.1941,0.24391285
13626,model_6b,0.3273,0.26070487
13627,model_6b,0.1749,0.15344203
13628,model_6b,0.3254,0.3416101
13629,model_6b,0.0251,0.04032268
13630,model_6b,0.0766,0.10880203
13631,model_6b,-0.016,-0.028394155
13632,model_6b,0.3858,0.39855817
13633,model_6b,-0.0388,0.037486296
13634,model_6b,0.3729,0.3105931
13635,model_6b,0.1852,0.09559656
13636,model_6b,0.6184,0.6197709
13637,model_6b,0.3669,0.3156435
13638,model_6b,0.1481,0.08589754
13639,model_6b,0.0361,0.02228988
13640,model_6b,0.3179,0.353445
13641,model_6b,0.223,0.20132971
13642,model_6b,0.0428,0.03881207
13643,model_6b,0.1823,0.33456454
13644,model_6b,0.1405,0.16195011
13645,model_6b,0.0957,0.10103744
13646,model_6b,0.5819,0.58249223
13647,model_6b,-0.1337,-0.16565695
13648,model_6b,0.2142,0.1852572
13649,model_6b,-0.0016,0.010852322
13650,model_6b,0.5373,0.55384237
13651,model_6b,0.1383,0.09335261
13652,model_6b,0.3459,0.3901116
13653,model_6b,0.1608,0.112454236
13654,model_6b,0.8387,0.82443905
13655,model_6b,0.1567,0.15700108
13656,model_6b,0.0416,-0.03013739
13657,model_6b,0.1188,0.09051309
13658,model_6b,0.3047,0.2984008
13659,model_6b,0.1303,0.19544333
13660,model_6b,-0.085,-0.09137153
13661,model_6b,-0.0164,-0.034042977
13662,model_6b,0.1152,0.09057781
13663,model_6b,-0.0169,-0.03260342
13664,model_6b,0.1036,0.122725464
13665,model_6b,0.5212,0.4838812
13666,model_6b,0.3666,0.35168168
13667,model_6b,-0.098,-0.09118088
13668,model_6b,0.1084,0.06534995
13669,model_6b,0.8723,0.8335893
13670,model_6b,0.1322,0.17124644
13671,model_6b,0.1147,-0.09153981
13672,model_6b,0.1247,0.09232629
13673,model_6b,-0.1924,-0.20005897
13674,model_6b,0.449,0.45928797
13675,model_6b,0.3894,0.45711443
13676,model_6b,0.5257,0.49275574
13677,model_6b,0.1153,0.09595142
13678,model_6b,0.0533,0.046302833
13679,model_6b,0.1737,0.14286527
13680,model_6b,0.03,0.037196014
13681,model_6b,-0.0147,-0.0012200326
13682,model_6b,0.2641,0.37753907
13683,model_6b,0.4854,0.5086461
13684,model_6b,0.3445,0.2836079
13685,model_6b,0.4229,0.40516123
13686,model_6b,0.0477,0.110930115
13687,model_6b,0.1157,0.12160918
13688,model_6b,0.441,0.42230943
13689,model_6b,0.1002,0.104764864
13690,model_6b,0.8973,0.8566441
13691,model_6b,-0.0655,-0.081888
13692,model_6b,0.3526,0.3591954
13693,model_6b,0.4466,0.4140534
13694,model_6b,0.0852,0.049545858
13695,model_6b,0.7809,0.80535406
13696,model_6b,0.0133,0.001787521
13697,model_6b,0.4147,0.426693
13698,model_6b,0.0922,0.07097757
13699,model_6b,0.1637,0.09345646
13700,model_6b,0.2647,0.2607653
13701,model_6b,0.2417,0.17564291
13702,model_6b,0.1029,0.075834215
13703,model_6b,0.2201,0.1865283
13704,model_6b,0.0164,0.009920225
13705,model_6b,0.6812,0.6605351
13706,model_6b,0.0405,0.0753083
13707,model_6b,0.5053,0.37490633
13708,model_6b,0.2447,0.23306507
13709,model_6b,0.4093,0.3935443
13710,model_6b,0.0639,0.0933349
13711,model_6b,0.0072,0.023054268
13712,model_6b,0.5435,0.55351555
13713,model_6b,0.2698,0.28479946
13714,model_6b,0.3711,0.36202344
13715,model_6b,0.2884,0.22483054
13716,model_6b,0.1866,0.14003932
13717,model_6b,0.9287,0.89088225
13718,model_6b,0.175,0.1827693
13719,model_6b,-0.0025,0.009681396
13720,model_6b,0.1725,0.19757539
13721,model_6b,0.6452,0.6602253
13722,model_6b,0.3289,0.33261442
13723,model_6b,0.5133,0.45276698
13724,model_6b,0.3051,0.23763955
13725,model_6b,0.8136,0.84432477
13726,model_6b,0.2089,0.2343257
13727,model_6b,0.8454,0.8824198
13728,model_6b,0.7122,0.7041029
13729,model_6b,0.1855,0.22922021
13730,model_6b,0.4717,0.5233599
13731,model_6b,0.4186,0.440051
13732,model_6b,0.5399,0.5648267
13733,model_6b,0.1329,0.14811063
13734,model_6b,0.1832,0.2219446
13735,model_6b,0.169,0.27291402
13736,model_6b,-0.0272,-0.04652039
13737,model_6b,0.0991,0.256563
13738,model_6b,0.7323,0.7522696
