,model,truevals,predvals
0,model_6,0.1742,0.19289021
1,model_6,0.3472,0.29362687
2,model_6,0.2622,0.26888177
3,model_6,0.0902,0.09379761
4,model_6,0.2579,0.22842583
5,model_6,0.2599,0.22538118
6,model_6,0.0246,0.050790578
7,model_6,0.2669,0.27834195
8,model_6,0.1207,0.121949375
9,model_6,0.0055,0.05203333
10,model_6,0.5098,0.5143364
11,model_6,-0.012,-0.12789784
12,model_6,0.7691,0.7856401
13,model_6,0.5229,0.4414086
14,model_6,0.3393,0.30694202
15,model_6,0.1309,0.15417373
16,model_6,0.172,0.15457825
17,model_6,0.0511,0.038700882
18,model_6,-0.0566,-0.049428485
19,model_6,0.6193,0.61583763
20,model_6,0.2788,0.1792198
21,model_6,0.3404,0.20625982
22,model_6,0.018,0.010072166
23,model_6,0.109,0.121372566
24,model_6,0.5985,0.66591865
25,model_6,0.216,0.08818013
26,model_6,0.0461,-0.072572246
27,model_6,0.4293,0.19406807
28,model_6,0.3765,0.40154862
29,model_6,0.7156,0.7651293
30,model_6,0.1617,0.18171278
31,model_6,0.0708,0.00083357235
32,model_6,0.0481,0.049612526
33,model_6,0.452,0.42006072
34,model_6,-0.0023,0.010833185
35,model_6,0.5507,0.39416635
36,model_6,0.1282,0.13563392
37,model_6,0.082,0.054784317
38,model_6,0.4076,0.3947178
39,model_6,-0.0092,0.14686231
40,model_6,-0.1556,-0.22511327
41,model_6,0.7308,0.76876026
42,model_6,0.2341,0.26890093
43,model_6,0.679,0.65320486
44,model_6,0.2077,0.43244165
45,model_6,0.5919,0.5453908
46,model_6,0.1955,0.24351577
47,model_6,0.4366,0.40369618
48,model_6,0.1824,0.1358994
49,model_6,0.3717,0.43422893
50,model_6,0.0313,-0.0015626182
51,model_6,-0.0219,-0.044274434
52,model_6,0.0104,0.08446873
53,model_6,-0.032,-0.06858096
54,model_6,-0.0008,0.086066306
55,model_6,0.1056,-0.08337613
56,model_6,0.9643,0.93935084
57,model_6,0.4371,0.34744096
58,model_6,0.4938,0.58646685
59,model_6,0.6281,0.5298499
60,model_6,0.2727,0.26210937
61,model_6,0.5963,0.57965046
62,model_6,0.4225,0.4242279
63,model_6,0.142,0.19432014
64,model_6,0.1854,0.1781619
65,model_6,0.0249,0.028791083
66,model_6,0.2698,0.2381475
67,model_6,0.4806,0.53058344
68,model_6,0.6473,0.67934555
69,model_6,0.0937,0.08051509
70,model_6,0.2429,0.24832954
71,model_6,0.1974,0.1928784
72,model_6,0.2327,0.20193242
73,model_6,0.0672,0.069965705
74,model_6,0.7554,0.7465581
75,model_6,0.4633,0.46552873
76,model_6,0.5518,0.55050343
77,model_6,0.2451,0.46072876
78,model_6,0.4036,0.37079453
79,model_6,0.2338,0.17539743
80,model_6,0.0979,0.08946194
81,model_6,0.1907,0.20426843
82,model_6,0.0072,-0.011585142
83,model_6,0.2432,0.27370685
84,model_6,0.2318,0.23252177
85,model_6,-0.0746,-0.078072876
86,model_6,0.4221,0.45127642
87,model_6,0.1755,0.1699821
88,model_6,0.2446,0.25988793
89,model_6,0.0904,0.11695443
90,model_6,0.0879,0.1043855
91,model_6,0.6955,0.6408846
92,model_6,0.0591,0.15116982
93,model_6,0.6959,0.67867035
94,model_6,-0.1278,-0.12940218
95,model_6,0.0624,0.1568042
96,model_6,0.0442,0.060513806
97,model_6,0.6297,0.65996146
98,model_6,0.2852,0.3447324
99,model_6,0.0936,0.06252739
100,model_6,0.0606,0.062573485
101,model_6,0.1987,0.20972547
102,model_6,0.09,0.095328055
103,model_6,0.2364,0.24744184
104,model_6,0.4779,0.44011283
105,model_6,0.1909,0.13844086
106,model_6,0.1822,0.18344644
107,model_6,0.69,0.6511462
108,model_6,0.2662,0.20290944
109,model_6,0.1372,0.15179817
110,model_6,0.1736,0.15146002
111,model_6,0.696,0.7247284
112,model_6,0.2744,0.2927258
113,model_6,0.1972,0.2977951
114,model_6,0.2457,0.2853724
115,model_6,0.1107,0.12368028
116,model_6,0.3896,0.1838487
117,model_6,0.2898,0.3628878
118,model_6,-0.0475,-0.06425822
119,model_6,-0.1115,-0.0035733613
120,model_6,0.0938,0.17593443
121,model_6,0.1639,0.134776
122,model_6,0.6244,0.610604
123,model_6,0.2373,0.2721676
124,model_6,0.3146,0.32436422
125,model_6,0.2164,0.29293236
126,model_6,0.1153,0.12285262
127,model_6,0.2167,0.21522355
128,model_6,-0.0591,-0.03253989
129,model_6,0.1402,0.1350822
130,model_6,0.1971,0.28528413
131,model_6,0.3754,0.37625062
132,model_6,0.3665,0.39220566
133,model_6,0.7798,0.7933288
134,model_6,0.3074,0.26862043
135,model_6,0.4226,0.46108013
136,model_6,0.0883,0.10417373
137,model_6,0.4308,0.42018646
138,model_6,0.3496,0.3838296
139,model_6,0.8872,0.8672533
140,model_6,0.0269,0.026121221
141,model_6,0.0201,0.089127816
142,model_6,0.0545,0.04919212
143,model_6,0.408,0.4095059
144,model_6,0.4498,0.41702977
145,model_6,0.5567,0.552835
146,model_6,0.1679,0.2026911
147,model_6,0.3179,0.19121991
148,model_6,0.2809,0.3196317
149,model_6,0.0747,0.056700125
150,model_6,0.407,0.40607375
151,model_6,0.8929,0.9205653
152,model_6,0.2375,0.246725
153,model_6,0.0772,0.14872968
154,model_6,-0.0934,-0.18531373
155,model_6,0.5798,0.6091142
156,model_6,0.0314,0.06572962
157,model_6,0.2242,0.17288679
158,model_6,0.0061,0.002849002
159,model_6,0.3947,0.37288818
160,model_6,0.0621,0.19467212
161,model_6,0.3024,0.24692924
162,model_6,-0.0431,-0.030463539
163,model_6,0.1099,0.056566827
164,model_6,0.1365,0.14216094
165,model_6,0.0725,0.08618466
166,model_6,-0.0899,-0.12429312
167,model_6,0.0829,0.10774469
168,model_6,0.1587,0.14469339
169,model_6,-0.1932,-0.18851164
170,model_6,0.3215,0.31094736
171,model_6,0.2174,0.19743407
172,model_6,0.1512,0.16700372
173,model_6,0.2669,0.31990856
174,model_6,0.8352,0.8838524
175,model_6,0.892,0.8188436
176,model_6,-0.0143,-0.05619256
177,model_6,0.1767,0.21773988
178,model_6,0.1139,0.098621935
179,model_6,0.6466,0.6336948
180,model_6,-0.0505,-0.0045560854
181,model_6,0.7133,0.7078138
182,model_6,0.0452,0.056039046
183,model_6,-0.1859,-0.15233807
184,model_6,0.2571,0.1798677
185,model_6,0.2027,0.2155458
186,model_6,0.4073,0.261656
187,model_6,0.5139,0.5276288
188,model_6,-0.0494,-0.017493993
189,model_6,0.112,0.094596684
190,model_6,0.4012,0.33388406
191,model_6,0.3709,0.26120406
192,model_6,-0.0446,0.0016315985
193,model_6,0.6359,0.62660956
194,model_6,0.2515,0.30398324
195,model_6,0.037,0.00065108994
196,model_6,0.1999,0.1795374
197,model_6,0.3295,0.31655097
198,model_6,0.0831,0.052538645
199,model_6,0.0657,0.04942688
200,model_6,-0.0492,-0.090800494
201,model_6,0.1556,0.12378078
202,model_6,0.2235,0.17120521
203,model_6,0.4035,0.35487688
204,model_6,-0.2038,-0.19553053
205,model_6,0.3139,0.26887077
206,model_6,0.6596,0.5966087
207,model_6,0.4091,0.43430966
208,model_6,0.0072,0.040274907
209,model_6,0.0985,0.009285249
210,model_6,-0.0895,0.004506349
211,model_6,0.0799,0.10490098
212,model_6,0.5198,0.52908456
213,model_6,0.1625,0.17342772
214,model_6,0.0867,0.15949823
215,model_6,0.0994,0.13203143
216,model_6,0.3815,0.3350528
217,model_6,0.5326,0.54571295
218,model_6,0.621,0.58018774
219,model_6,0.2191,0.22420293
220,model_6,0.1298,0.11846916
221,model_6,0.2678,0.21159305
222,model_6,0.0903,0.10043095
223,model_6,0.3403,0.30679286
224,model_6,1.0553,1.0306838
225,model_6,0.1953,0.22151981
226,model_6,0.4376,0.44573358
227,model_6,0.2136,0.23185353
228,model_6,0.7193,0.65167356
229,model_6,0.5463,0.5462605
230,model_6,0.1313,0.09625643
231,model_6,0.2144,0.20360708
232,model_6,0.0857,0.11270114
233,model_6,0.1052,0.11466238
234,model_6,0.0242,0.075283065
235,model_6,0.1174,0.10307279
236,model_6,0.0628,0.0744677
237,model_6,0.1227,0.07725077
238,model_6,0.068,0.12738183
239,model_6,0.4677,0.41287875
240,model_6,0.0784,0.14083482
241,model_6,0.0617,0.082527526
242,model_6,0.0255,0.041625764
243,model_6,0.3808,0.3977692
244,model_6,0.2358,0.2188079
245,model_6,-0.1035,-0.064065345
246,model_6,-0.0109,0.019899836
247,model_6,0.1382,0.12246768
248,model_6,0.2491,0.20654184
249,model_6,0.31,0.2359669
250,model_6,0.331,0.26020294
251,model_6,0.0336,0.03021789
252,model_6,0.3975,0.35068733
253,model_6,0.3994,0.40690896
254,model_6,0.0091,0.008815797
255,model_6,0.1408,0.12582168
256,model_6,0.4389,0.41441107
257,model_6,-0.0265,-0.026976202
258,model_6,0.0209,0.020525971
259,model_6,0.1397,0.12633552
260,model_6,0.2075,0.108077876
261,model_6,0.0072,-0.018031698
262,model_6,0.1147,-0.09346805
263,model_6,0.1494,0.12608376
264,model_6,0.8995,0.90796405
265,model_6,0.4714,0.48170215
266,model_6,0.1718,0.13822134
267,model_6,0.128,0.10350865
268,model_6,0.222,0.256739
269,model_6,0.2756,0.27843773
270,model_6,0.7367,0.7491688
271,model_6,0.0059,0.030552749
272,model_6,0.2641,0.26137275
273,model_6,0.2558,0.30651677
274,model_6,0.3925,0.37029737
275,model_6,0.09,0.033549394
276,model_6,0.3312,0.3547877
277,model_6,0.0923,0.06553699
278,model_6,0.74,0.7582032
279,model_6,0.4446,0.43555048
280,model_6,0.3847,0.3428514
281,model_6,0.1489,0.20169303
282,model_6,0.1605,0.18774663
283,model_6,0.3687,0.42743847
284,model_6,0.2024,0.17529355
285,model_6,0.1016,0.11657421
286,model_6,0.3067,0.29826957
287,model_6,0.2185,0.22511089
288,model_6,0.3781,0.36171186
289,model_6,0.1113,0.09826013
290,model_6,-0.0748,-0.0789048
291,model_6,0.0462,0.07509312
292,model_6,0.1681,0.2375004
293,model_6,0.1543,0.29444408
294,model_6,0.8037,0.79679364
295,model_6,0.395,0.31686643
296,model_6,0.8889,0.8968941
297,model_6,0.2505,0.38872498
298,model_6,0.1992,0.18774287
299,model_6,0.2787,0.31138313
300,model_6,0.1438,0.09489718
301,model_6,0.502,0.48510092
302,model_6,0.8745,0.8528174
303,model_6,0.4289,0.35863197
304,model_6,0.0447,-0.0021004765
305,model_6,-0.0261,-0.029468354
306,model_6,0.1399,0.1556574
307,model_6,-0.1683,-0.1892345
308,model_6,0.0411,0.07899013
309,model_6,0.1003,0.09878409
310,model_6,0.0585,0.024975762
311,model_6,0.1376,0.15673442
312,model_6,0.0391,0.09048751
313,model_6,0.2753,-0.032823727
314,model_6,0.0601,0.029494017
315,model_6,0.1261,0.1583539
316,model_6,0.2749,0.29303825
317,model_6,0.1857,0.09195966
318,model_6,0.0964,0.118278176
319,model_6,0.4942,0.44304216
320,model_6,0.2662,0.24358167
321,model_6,0.3008,0.3137697
322,model_6,0.0856,0.09065434
323,model_6,0.1389,0.20897359
324,model_6,0.3661,0.32499987
325,model_6,0.0594,0.07153869
326,model_6,0.3458,0.39350495
327,model_6,0.0687,0.07325473
328,model_6,0.3593,0.3423078
329,model_6,0.137,0.09531824
330,model_6,0.1341,0.14467442
331,model_6,0.151,0.19926386
332,model_6,0.1554,0.16388507
333,model_6,0.5598,0.5656437
334,model_6,-0.0274,0.013738327
335,model_6,0.6533,0.6712604
336,model_6,0.2517,0.12601076
337,model_6,0.0926,-0.0046242154
338,model_6,-0.0574,0.0026856898
339,model_6,0.2857,0.22977969
340,model_6,0.0515,0.006077697
341,model_6,0.3514,0.34631112
342,model_6,0.252,0.24808961
343,model_6,0.1008,0.07559857
344,model_6,0.0225,0.09924014
345,model_6,0.0394,0.07859932
346,model_6,0.0743,0.10596668
347,model_6,0.187,0.21043512
348,model_6,-0.0037,0.047455903
349,model_6,0.0697,0.08739987
350,model_6,0.0024,0.057794172
351,model_6,0.7582,0.7526181
352,model_6,-0.0397,-0.04145818
353,model_6,0.0431,0.12631433
354,model_6,0.5601,0.556871
355,model_6,0.2331,0.2125535
356,model_6,0.4086,0.38324082
357,model_6,0.0462,0.00076455483
358,model_6,0.6001,0.5957033
359,model_6,0.1585,0.190941
360,model_6,0.0796,0.05645175
361,model_6,0.172,0.1719712
362,model_6,0.1548,0.18692443
363,model_6,-0.0393,-0.023750344
364,model_6,0.1352,0.0972139
365,model_6,0.0435,0.07304963
366,model_6,0.1,0.03724322
367,model_6,0.1049,0.10802165
368,model_6,0.1261,0.10061697
369,model_6,0.6819,0.7321992
370,model_6,0.7945,0.7523205
371,model_6,0.3399,0.27454263
372,model_6,0.2338,0.25569326
373,model_6,0.2269,0.32467893
374,model_6,0.5148,0.518326
375,model_6,0.0329,0.039186418
376,model_6,0.3382,0.3710553
377,model_6,0.1607,0.25783393
378,model_6,0.0783,0.0667416
379,model_6,0.4299,0.45764023
380,model_6,0.3417,0.26834184
381,model_6,0.0644,0.052096043
382,model_6,0.1874,0.1826825
383,model_6,0.4444,0.41314098
384,model_6,0.1076,0.10058463
385,model_6,0.7568,0.7452464
386,model_6,0.7964,0.8023844
387,model_6,0.1392,0.21613812
388,model_6,0.1921,0.20717478
389,model_6,0.4004,0.3980761
390,model_6,0.5228,0.49799883
391,model_6,0.2043,0.20541663
392,model_6,0.0782,0.06588349
393,model_6,0.3981,0.36866146
394,model_6,0.0923,0.07780512
395,model_6,0.1557,0.002568915
396,model_6,0.1577,0.12408021
397,model_6,0.3898,0.35221237
398,model_6,0.4326,0.4531716
399,model_6,0.2068,0.24438386
400,model_6,-0.0641,-0.043700147
401,model_6,0.2673,0.25440615
402,model_6,0.2614,0.24019375
403,model_6,0.4236,0.38515097
404,model_6,0.4216,0.21141799
405,model_6,0.0039,0.055353705
406,model_6,0.2115,0.3640138
407,model_6,0.3192,0.31095576
408,model_6,0.1936,0.16248608
409,model_6,0.1521,0.1426903
410,model_6,0.9456,0.93118876
411,model_6,0.1815,0.08534209
412,model_6,0.038,0.049329896
413,model_6,0.2374,0.22971112
414,model_6,0.1278,0.14011404
415,model_6,0.2961,0.22820187
416,model_6,0.3698,0.40805954
417,model_6,0.0429,0.059683632
418,model_6,0.1916,0.2717718
419,model_6,0.7071,0.68255216
420,model_6,0.1587,0.16886514
421,model_6,0.0935,0.08055602
422,model_6,0.3822,0.39844593
423,model_6,0.4384,0.18015343
424,model_6,0.2496,0.30513096
425,model_6,0.0946,0.0990887
426,model_6,0.1308,0.14451177
427,model_6,-0.0099,0.11810368
428,model_6,0.1972,0.21341167
429,model_6,0.157,0.1482079
430,model_6,0.2671,0.1536602
431,model_6,0.1013,-0.010284141
432,model_6,0.0989,0.16681315
433,model_6,0.0766,0.08871575
434,model_6,0.1012,0.1906007
435,model_6,0.2133,0.20436731
436,model_6,0.0708,0.079295605
437,model_6,0.0181,0.0589678
438,model_6,0.0122,0.03328999
439,model_6,0.2103,0.3069788
440,model_6,0.1885,0.24984698
441,model_6,-0.0396,-0.10629902
442,model_6,0.0187,0.02738535
443,model_6,0.1929,0.23182383
444,model_6,0.1387,0.15434216
445,model_6,0.0165,0.021370687
446,model_6,0.2901,0.13637719
447,model_6,0.0601,0.0922454
448,model_6,0.5366,0.44584575
449,model_6,0.1732,0.108471915
450,model_6,0.0193,0.0040272498
451,model_6,-0.1786,-0.12716058
452,model_6,0.2832,0.23689213
453,model_6,0.4806,0.49985933
454,model_6,0.6522,0.55383694
455,model_6,0.1207,0.14933208
456,model_6,0.3049,0.29760134
457,model_6,0.2049,0.18473822
458,model_6,0.1401,0.0967045
459,model_6,0.683,0.5790792
460,model_6,0.0571,0.07341397
461,model_6,0.6791,0.6686202
462,model_6,0.0824,0.10674719
463,model_6,0.0552,0.06030068
464,model_6,-0.0671,0.016029151
465,model_6,0.0288,0.07635405
466,model_6,0.1335,0.13139112
467,model_6,0.0382,0.03406733
468,model_6,0.4276,0.45487905
469,model_6,-0.0289,-0.03992429
470,model_6,0.2181,0.21473047
471,model_6,0.0106,0.006059308
472,model_6,-0.1842,-0.13509727
473,model_6,0.01,-0.05532905
474,model_6,0.2519,0.26437557
475,model_6,0.5574,0.53398496
476,model_6,0.471,0.497381
477,model_6,0.5793,0.46432275
478,model_6,0.0751,0.03463992
479,model_6,0.0549,-0.003555303
480,model_6,-0.1231,-0.15325055
481,model_6,0.3804,0.3583383
482,model_6,0.2664,0.3195129
483,model_6,0.031,0.045969624
484,model_6,0.0874,0.07428498
485,model_6,0.3037,0.34449205
486,model_6,0.3791,0.26938108
487,model_6,0.2324,0.27861747
488,model_6,0.3635,0.43837664
489,model_6,0.395,0.37791574
490,model_6,0.0645,0.060674664
491,model_6,0.0271,0.09665951
492,model_6,0.2627,0.28325713
493,model_6,0.0887,0.10648988
494,model_6,0.2047,0.12646943
495,model_6,0.034,0.08018799
496,model_6,0.3421,0.3712818
497,model_6,0.3269,0.43936455
498,model_6,-0.006,-0.008349281
499,model_6,0.2316,0.25707966
500,model_6,0.2071,0.26204652
501,model_6,0.5018,0.46764526
502,model_6,0.3524,0.30468374
503,model_6,0.451,0.4242998
504,model_6,0.4261,0.39116704
505,model_6,0.1756,0.17595656
506,model_6,0.2647,0.14659542
507,model_6,0.3887,0.34825593
508,model_6,0.1819,0.108910166
509,model_6,0.2084,0.2206214
510,model_6,-0.0771,-0.07223583
511,model_6,0.0167,0.017551245
512,model_6,0.1493,0.18761824
513,model_6,0.1321,0.1892945
514,model_6,0.2606,0.148986
515,model_6,0.3859,0.33156174
516,model_6,0.3265,0.3466162
517,model_6,0.1341,0.15751053
518,model_6,0.0887,-0.009106284
519,model_6,0.3338,0.34487355
520,model_6,0.1151,0.14232866
521,model_6,0.1444,0.1605171
522,model_6,0.1779,0.10460893
523,model_6,-0.0053,0.021842057
524,model_6,0.3247,0.32598472
525,model_6,0.8948,0.9161702
526,model_6,0.2932,0.23076315
527,model_6,0.0862,0.14169367
528,model_6,0.5758,0.6070112
529,model_6,0.0271,0.054874245
530,model_6,0.1548,0.011927361
531,model_6,0.1415,0.19544476
532,model_6,0.1234,0.15970981
533,model_6,0.1187,0.14750433
534,model_6,0.0769,0.08961305
535,model_6,0.0464,0.049678724
536,model_6,0.1216,0.09040262
537,model_6,0.3501,0.4207486
538,model_6,0.216,0.17436717
539,model_6,0.439,0.41301864
540,model_6,0.307,0.34213528
541,model_6,0.3651,0.3736845
542,model_6,0.3807,0.3122813
543,model_6,-0.1916,-0.15110359
544,model_6,0.1908,0.19678101
545,model_6,-0.0462,0.05569439
546,model_6,-0.0505,-0.027513456
547,model_6,0.4435,0.45309442
548,model_6,0.5313,0.48558503
549,model_6,0.0167,0.0582269
550,model_6,0.0434,0.052600633
551,model_6,0.1337,0.13144898
552,model_6,0.969,0.95535284
553,model_6,0.2204,0.21433736
554,model_6,0.1229,0.29593757
555,model_6,-0.0462,-0.03800319
556,model_6,0.0578,0.049415745
557,model_6,0.3519,0.35626635
558,model_6,0.9655,0.97700435
559,model_6,-0.0981,-0.1064508
560,model_6,0.1246,0.16506799
561,model_6,0.7556,0.7519237
562,model_6,0.4195,0.45651075
563,model_6,-0.0871,-0.19532852
564,model_6,0.2512,0.2077663
565,model_6,0.1583,0.07723394
566,model_6,0.3908,0.4013789
567,model_6,0.2208,0.23304531
568,model_6,0.0368,0.0498914
569,model_6,0.3757,0.3882701
570,model_6,0.0815,0.11162019
571,model_6,0.1276,0.10138109
572,model_6,0.3034,0.28930238
573,model_6,0.6166,0.60120404
574,model_6,0.0655,0.070995234
575,model_6,0.0029,-0.009028919
576,model_6,0.4797,0.45589042
577,model_6,0.2118,0.23760976
578,model_6,0.1921,0.22884901
579,model_6,0.332,0.27155134
580,model_6,0.4133,0.45408338
581,model_6,0.7797,0.7941641
582,model_6,0.1041,0.10080904
583,model_6,0.2709,0.2949597
584,model_6,-0.0555,-0.13624409
585,model_6,0.1385,0.1540798
586,model_6,0.0562,0.049927633
587,model_6,0.2844,0.26345384
588,model_6,0.2881,0.2182385
589,model_6,0.1092,0.14851736
590,model_6,0.5503,0.51027435
591,model_6,0.2216,0.27148086
592,model_6,0.2046,0.23476778
593,model_6,0.406,0.40585846
594,model_6,0.7724,0.7674225
595,model_6,0.1091,0.06242986
596,model_6,0.6962,0.6913167
597,model_6,-0.0485,0.014713194
598,model_6,-0.0599,-0.055150803
599,model_6,-0.076,-0.06906269
600,model_6,0.1179,0.09095136
601,model_6,0.5081,0.5193329
602,model_6,0.3315,0.326867
603,model_6,0.2623,0.29866606
604,model_6,0.1938,0.09556707
605,model_6,0.314,0.42441717
606,model_6,-0.0801,-0.08519453
607,model_6,0.1009,0.03251908
608,model_6,0.3551,0.3297312
609,model_6,0.153,-0.021365289
610,model_6,0.2559,0.24250875
611,model_6,0.2024,0.30970716
612,model_6,0.03,-0.06417339
613,model_6,0.2319,0.1284509
614,model_6,0.0034,0.02260178
615,model_6,0.0206,0.13015062
616,model_6,0.1494,0.2063979
617,model_6,0.8532,0.8681883
618,model_6,-0.0564,-0.06067576
619,model_6,-0.0499,-0.09894341
620,model_6,1.1149,1.0807768
621,model_6,-0.0019,0.023136199
622,model_6,0.3064,0.27628928
623,model_6,-0.0339,-0.019409902
624,model_6,0.3182,0.31431586
625,model_6,0.2744,0.30312067
626,model_6,0.4154,0.42321432
627,model_6,0.1947,0.22613506
628,model_6,0.0489,0.024398962
629,model_6,0.0224,0.013206568
630,model_6,0.0982,0.12528577
631,model_6,0.0544,0.05469986
632,model_6,0.2342,0.109690264
633,model_6,0.4862,0.51162463
634,model_6,0.3874,0.37446404
635,model_6,0.0772,0.10849263
636,model_6,0.0587,0.07605447
637,model_6,0.5955,0.6092735
638,model_6,0.1503,0.19129075
639,model_6,0.172,0.15868026
640,model_6,0.0931,0.08822541
641,model_6,0.2157,0.12927017
642,model_6,0.2849,0.333073
643,model_6,0.4719,0.47758186
644,model_6,0.4176,0.14781493
645,model_6,0.4579,0.4542771
646,model_6,0.4159,0.42976314
647,model_6,0.8342,0.8547521
648,model_6,0.0905,0.13310814
649,model_6,0.6247,0.55151343
650,model_6,0.3393,0.30380553
651,model_6,0.6266,0.6331181
652,model_6,0.5577,0.51065594
653,model_6,0.2399,0.20163704
654,model_6,0.2094,0.22257262
655,model_6,0.1543,0.25385338
656,model_6,0.7775,0.7543357
657,model_6,0.2499,0.16824609
658,model_6,-0.0878,-0.08771756
659,model_6,0.4701,0.45157504
660,model_6,0.4016,0.32670408
661,model_6,0.0427,0.06520112
662,model_6,-0.1047,-0.16817233
663,model_6,0.2577,0.339222
664,model_6,0.4925,0.4475251
665,model_6,0.1066,0.106140144
666,model_6,0.3636,0.27319416
667,model_6,-0.0344,0.016910305
668,model_6,0.1362,0.20684844
669,model_6,0.2301,0.2389607
670,model_6,0.7444,0.7434644
671,model_6,0.2985,0.29321712
672,model_6,0.5036,0.582816
673,model_6,-0.0446,0.031720314
674,model_6,0.2211,0.23555198
675,model_6,0.2122,0.23440403
676,model_6,0.3038,0.30789733
677,model_6,0.2825,0.17853044
678,model_6,0.169,0.116486356
679,model_6,0.3098,0.28601497
680,model_6,0.1704,0.18702435
681,model_6,0.2319,0.14674665
682,model_6,0.0874,0.11751699
683,model_6,0.4624,0.479684
684,model_6,0.0298,0.026238535
685,model_6,0.1836,0.18789834
686,model_6,0.2052,0.23517704
687,model_6,0.3052,0.24884778
688,model_6,0.0353,0.0683167
689,model_6,0.3946,0.3677159
690,model_6,0.1838,0.15493476
691,model_6,-0.0284,0.015079888
692,model_6,0.1889,0.2033533
693,model_6,0.2465,0.24721697
694,model_6,0.3971,0.3893333
695,model_6,-0.0124,-0.041009672
696,model_6,0.1483,0.07557827
697,model_6,0.3929,0.38659123
698,model_6,0.0385,0.045543555
699,model_6,0.7409,0.7095426
700,model_6,0.4319,0.44296482
701,model_6,0.3547,0.32680258
702,model_6,0.4181,0.3244011
703,model_6,0.0931,0.11897784
704,model_6,0.2301,0.30773696
705,model_6,0.5099,0.50510836
706,model_6,0.1069,0.1484093
707,model_6,0.1407,0.066036455
708,model_6,0.0037,0.023050027
709,model_6,0.4797,0.4618575
710,model_6,0.3761,0.351578
711,model_6,0.2996,0.28868273
712,model_6,0.7375,0.74342024
713,model_6,0.0485,0.12654287
714,model_6,0.4683,0.09155753
715,model_6,0.3488,0.34707716
716,model_6,0.1223,0.054397445
717,model_6,0.0192,0.076349586
718,model_6,0.1933,0.1459621
719,model_6,0.2714,0.30849475
720,model_6,0.2649,0.27671012
721,model_6,0.0531,0.09279416
722,model_6,0.6831,0.68033946
723,model_6,0.2859,0.35671797
724,model_6,0.6383,0.62456405
725,model_6,0.6986,0.7584962
726,model_6,0.1041,0.12829348
727,model_6,0.8284,0.88211036
728,model_6,0.2697,0.24563871
729,model_6,-0.0009,-0.0020815223
730,model_6,0.6451,0.5495907
731,model_6,0.284,0.277571
732,model_6,0.128,0.18853419
733,model_6,0.2157,0.25626168
734,model_6,0.0139,0.0054531437
735,model_6,-0.0144,0.037050784
736,model_6,0.3147,0.3660332
737,model_6,0.4315,0.39878792
738,model_6,0.2161,0.26715752
739,model_6,0.3573,0.26484877
740,model_6,0.796,0.781853
741,model_6,0.2933,0.21925226
742,model_6,-0.0881,-0.12415387
743,model_6,0.1768,0.12510353
744,model_6,0.7058,0.7233787
745,model_6,0.2011,0.18180189
746,model_6,-0.0115,-0.016149491
747,model_6,0.2119,0.12824912
748,model_6,0.4586,0.33937907
749,model_6,0.0233,0.024896042
750,model_6,0.0122,0.036248866
751,model_6,0.0983,0.131798
752,model_6,0.2722,0.2516755
753,model_6,0.2299,0.23462941
754,model_6,0.4251,0.4145159
755,model_6,0.0889,0.18477601
756,model_6,0.5073,0.49650565
757,model_6,-0.046,-0.037207644
758,model_6,0.1097,0.1188995
759,model_6,0.2813,0.22902781
760,model_6,0.0009,0.026363676
761,model_6,0.42,0.35624763
762,model_6,0.1115,0.11797494
763,model_6,0.0718,0.101136334
764,model_6,0.354,0.29801252
765,model_6,0.0613,0.072532296
766,model_6,0.2332,0.27700868
767,model_6,0.1617,0.11864816
768,model_6,0.1241,0.15161797
769,model_6,0.2725,0.26698595
770,model_6,-0.0938,-0.060519967
771,model_6,0.1787,0.1364565
772,model_6,0.0769,0.053805757
773,model_6,0.6247,0.57301885
774,model_6,0.6025,0.60410047
775,model_6,0.2224,0.2608755
776,model_6,0.221,0.26823723
777,model_6,-0.0957,-0.12968017
778,model_6,0.6228,0.56364
779,model_6,0.1402,0.101397485
780,model_6,0.0785,0.06585665
781,model_6,0.4649,0.46506968
782,model_6,0.0534,0.07254655
783,model_6,0.0432,0.010620065
784,model_6,0.0857,0.11866671
785,model_6,0.1494,0.092465706
786,model_6,0.1702,0.14798626
787,model_6,0.0555,0.08334686
788,model_6,0.5607,0.55994743
789,model_6,0.2211,0.24402429
790,model_6,0.1829,0.18589601
791,model_6,0.0828,0.08261725
792,model_6,0.1185,0.13651685
793,model_6,0.4689,0.44948018
794,model_6,-0.0693,-0.0037459857
795,model_6,0.2431,0.2487241
796,model_6,0.33,0.27208027
797,model_6,0.24,0.16770798
798,model_6,0.4048,0.46200478
799,model_6,0.2911,0.28434125
800,model_6,0.3472,0.26176667
801,model_6,0.5212,0.52390224
802,model_6,-0.1166,-0.09023991
803,model_6,0.4418,0.430568
804,model_6,0.6453,0.6783466
805,model_6,1.0596,0.97855026
806,model_6,0.0343,0.04753561
807,model_6,-0.0838,-0.115786925
808,model_6,0.5552,0.62818795
809,model_6,0.3621,0.33641148
810,model_6,0.4155,0.4051372
811,model_6,0.038,0.06799116
812,model_6,0.1143,0.14267318
813,model_6,0.2364,0.21466462
814,model_6,0.0131,0.033322204
815,model_6,0.0897,0.11066357
816,model_6,-0.1081,-0.08470282
817,model_6,-0.1038,-0.06267354
818,model_6,0.116,0.18420978
819,model_6,-0.0411,0.09042792
820,model_6,0.466,0.3832485
821,model_6,0.2888,0.26165402
822,model_6,-0.0303,-0.045114286
823,model_6,-0.0305,-0.045784418
824,model_6,0.2728,0.17109758
825,model_6,0.1741,0.14189805
826,model_6,0.0994,0.089741774
827,model_6,0.2165,0.48186004
828,model_6,0.007,0.01283117
829,model_6,0.0392,0.075338446
830,model_6,-0.1455,-0.09282445
831,model_6,0.0619,0.05196501
832,model_6,0.0353,0.031586934
833,model_6,0.5533,0.5726269
834,model_6,-0.1663,-0.13674048
835,model_6,0.6809,0.63196313
836,model_6,0.2929,0.31710115
837,model_6,-0.0058,-0.12912634
838,model_6,0.0898,0.11694936
839,model_6,0.145,0.16939288
840,model_6,0.2094,0.25440165
841,model_6,0.2704,0.25611287
842,model_6,0.1188,0.14238891
843,model_6,0.6314,0.6625616
844,model_6,0.1406,0.19584496
845,model_6,0.2022,0.21082866
846,model_6,0.7652,0.77879506
847,model_6,0.1621,0.09929016
848,model_6,0.2178,0.23141223
849,model_6,0.2726,0.21703778
850,model_6,0.2363,0.27248833
851,model_6,0.4139,0.3590346
852,model_6,0.1825,0.22999065
853,model_6,0.5016,0.40249574
854,model_6,0.6347,0.6255753
855,model_6,0.7554,0.70915425
856,model_6,0.1027,0.12461906
857,model_6,-0.1094,0.026539572
858,model_6,0.3547,0.34121042
859,model_6,0.1812,0.19695838
860,model_6,0.0262,-0.102093145
861,model_6,0.0849,0.10691588
862,model_6,0.1437,0.14037049
863,model_6,0.6159,0.6302518
864,model_6,0.0411,0.051053602
865,model_6,0.2955,0.28357035
866,model_6,-0.1151,-0.13416895
867,model_6,-0.0708,-0.11178528
868,model_6,0.114,0.13956895
869,model_6,0.0524,0.004585481
870,model_6,0.5501,0.36110026
871,model_6,0.4371,0.3695029
872,model_6,0.317,0.3434801
873,model_6,0.0996,0.07738608
874,model_6,0.1167,0.18503952
875,model_6,0.1268,0.15200242
876,model_6,-0.0176,0.034455948
877,model_6,0.1506,0.13271001
878,model_6,0.3276,0.3504359
879,model_6,0.0706,0.1020527
880,model_6,0.1064,0.12683812
881,model_6,0.1381,0.07282746
882,model_6,0.131,0.12367305
883,model_6,0.4821,0.40931767
884,model_6,0.9283,0.8836956
885,model_6,0.1891,0.21283743
886,model_6,0.6693,0.67562234
887,model_6,0.2743,0.26169473
888,model_6,0.3777,0.40984735
889,model_6,0.2924,0.33301595
890,model_6,0.4658,0.46096396
891,model_6,0.1288,0.15756114
892,model_6,0.2396,0.24157807
893,model_6,0.2653,0.2820822
894,model_6,0.5545,0.5735329
895,model_6,0.0018,0.0033455663
896,model_6,0.6518,0.6276982
897,model_6,0.0395,0.03763375
898,model_6,0.0265,0.024946142
899,model_6,0.3094,0.35623044
900,model_6,-0.0164,-0.013038471
901,model_6,-0.034,-0.03968856
902,model_6,0.5405,0.5303877
903,model_6,0.2763,0.29399636
904,model_6,0.3355,0.20348501
905,model_6,0.0487,0.064148374
906,model_6,0.0896,0.06233844
907,model_6,0.1681,0.14148691
908,model_6,0.0166,0.035348732
909,model_6,-0.0155,0.27145198
910,model_6,0.2346,0.20226774
911,model_6,0.1132,-0.08185908
912,model_6,0.1397,0.13317104
913,model_6,0.1894,0.1729718
914,model_6,0.3475,0.33017117
915,model_6,1.0591,1.0447909
916,model_6,0.4116,0.39038306
917,model_6,-0.1343,-0.19960508
918,model_6,0.439,0.46310055
919,model_6,0.3957,0.37977672
920,model_6,0.1604,0.10715033
921,model_6,0.0968,0.115198985
922,model_6,0.0297,0.08301583
923,model_6,-0.0063,0.0002984223
924,model_6,0.6647,0.54884607
925,model_6,0.0672,0.16239803
926,model_6,0.1363,0.15666337
927,model_6,0.1498,0.13745993
928,model_6,0.3098,0.3170752
929,model_6,0.2873,0.34293255
930,model_6,0.616,0.6206117
931,model_6,0.443,0.3807565
932,model_6,0.0946,0.19813654
933,model_6,0.5633,0.51928675
934,model_6,0.4075,0.40937728
935,model_6,0.2196,0.22221048
936,model_6,0.9663,0.9845932
937,model_6,0.2389,0.1831507
938,model_6,0.4569,0.48044717
939,model_6,-0.1852,-0.17019626
940,model_6,0.371,0.37464395
941,model_6,0.121,0.009142231
942,model_6,0.0422,0.033090193
943,model_6,0.1244,0.077989504
944,model_6,0.1458,0.14104232
945,model_6,0.1452,0.1582847
946,model_6,0.844,0.88838476
947,model_6,0.7141,0.66344607
948,model_6,0.2651,0.31407127
949,model_6,0.2086,0.1433482
950,model_6,0.0579,0.05221519
951,model_6,0.8904,0.9051981
952,model_6,0.7091,0.68935287
953,model_6,0.2084,0.18628408
954,model_6,0.3998,0.43763447
955,model_6,0.386,0.41865107
956,model_6,0.4518,0.39512575
957,model_6,0.1744,0.21846598
958,model_6,0.2014,0.22799714
959,model_6,0.2316,0.22244944
960,model_6,0.0691,0.04711547
961,model_6,0.1996,0.3009505
962,model_6,0.9073,0.8930232
963,model_6,-0.1141,-0.16577095
964,model_6,0.253,0.26444805
965,model_6,0.0579,0.10199866
966,model_6,0.1161,0.09273145
967,model_6,-0.0969,-0.058535863
968,model_6,0.1143,0.12278674
969,model_6,0.1262,0.113496214
970,model_6,-0.0383,-0.07193137
971,model_6,0.1223,0.09249728
972,model_6,0.298,0.29699507
973,model_6,0.0674,0.033125855
974,model_6,0.3549,0.3697196
975,model_6,-0.0195,0.006030001
976,model_6,0.0172,0.054777365
977,model_6,0.4372,0.4075671
978,model_6,0.3388,0.34666726
979,model_6,-0.0483,0.0023489767
980,model_6,0.3049,0.27391833
981,model_6,0.1893,0.01563263
982,model_6,0.0767,0.08218976
983,model_6,0.4799,0.5389154
984,model_6,0.1223,0.10169111
985,model_6,0.1656,0.17379494
986,model_6,0.1588,0.19284232
987,model_6,0.266,0.24288426
988,model_6,-0.0093,0.019924767
989,model_6,0.1792,0.14851402
990,model_6,0.3388,0.3005759
991,model_6,0.2381,0.22913355
992,model_6,0.1068,0.09815496
993,model_6,0.2227,0.24909557
994,model_6,0.0028,0.004909782
995,model_6,0.7794,0.7167787
996,model_6,0.1259,0.19640405
997,model_6,0.5181,0.517863
998,model_6,-0.155,-0.14618762
999,model_6,0.5012,0.51130277
1000,model_6,-0.082,-0.010379337
1001,model_6,0.4359,0.3614159
1002,model_6,0.0782,0.0694771
1003,model_6,0.3166,0.30309927
1004,model_6,0.0438,-0.03464346
1005,model_6,0.0168,0.035030995
1006,model_6,0.1866,0.193445
1007,model_6,0.7808,0.7756498
1008,model_6,0.0075,0.010343732
1009,model_6,0.2561,0.23266804
1010,model_6,0.2236,0.21015702
1011,model_6,0.2032,0.21949255
1012,model_6,0.4011,0.3681567
1013,model_6,0.6913,0.61052805
1014,model_6,0.2652,0.30993703
1015,model_6,0.1145,0.12194037
1016,model_6,0.1038,0.24539322
1017,model_6,-0.0875,-0.12238833
1018,model_6,0.1116,0.10585369
1019,model_6,0.1014,0.02575845
1020,model_6,0.2098,0.21346028
1021,model_6,0.1581,0.18718642
1022,model_6,0.1712,0.24815866
1023,model_6,0.0893,0.07209825
1024,model_6,0.0047,0.009353505
1025,model_6,0.4016,0.38383105
1026,model_6,0.4488,0.41444668
1027,model_6,0.0774,0.07007793
1028,model_6,0.2832,0.30152786
1029,model_6,0.173,0.16490492
1030,model_6,0.0761,0.13827707
1031,model_6,0.2816,0.2773753
1032,model_6,0.0556,0.08206183
1033,model_6,0.8688,0.85839087
1034,model_6,0.1271,0.19219819
1035,model_6,0.4983,0.6360003
1036,model_6,0.372,0.4211939
1037,model_6,0.1145,0.08059068
1038,model_6,0.4987,0.49384305
1039,model_6,0.1133,0.1159596
1040,model_6,0.1513,0.19512491
1041,model_6,-0.0058,0.1040947
1042,model_6,0.3633,0.3465115
1043,model_6,0.2643,0.22966486
1044,model_6,0.3065,0.30533725
1045,model_6,-0.0597,-0.087310165
1046,model_6,0.4448,0.5772921
1047,model_6,0.0615,0.13346791
1048,model_6,0.3144,0.3671963
1049,model_6,-0.0334,4.3174718e-05
1050,model_6,0.1378,0.17289503
1051,model_6,0.2105,0.12795098
1052,model_6,0.0373,0.06836997
1053,model_6,-0.0061,0.0026137833
1054,model_6,0.4638,0.38946187
1055,model_6,0.6294,0.5481751
1056,model_6,0.2137,0.24343199
1057,model_6,0.249,0.24513128
1058,model_6,0.0932,0.20809275
1059,model_6,0.0339,0.061761554
1060,model_6,0.5246,0.5951553
1061,model_6,0.1461,0.16492167
1062,model_6,0.0516,0.16122295
1063,model_6,0.4704,0.45925468
1064,model_6,0.2172,0.2496279
1065,model_6,0.2744,0.33261403
1066,model_6,0.3777,0.33354685
1067,model_6,0.2621,0.28874788
1068,model_6,0.25,0.10961338
1069,model_6,0.811,0.81667894
1070,model_6,0.0445,0.032612186
1071,model_6,0.0928,0.08902007
1072,model_6,0.3761,0.38740006
1073,model_6,0.1505,0.12697501
1074,model_6,0.2054,0.0012118495
1075,model_6,0.0767,0.07939032
1076,model_6,0.0926,0.09732704
1077,model_6,0.6509,0.6990887
1078,model_6,0.3879,0.40009657
1079,model_6,0.2715,0.23114073
1080,model_6,-0.0178,-0.002802258
1081,model_6,-0.0297,0.07837044
1082,model_6,0.4434,0.41917443
1083,model_6,0.6381,0.6102224
1084,model_6,0.266,0.23231138
1085,model_6,0.0539,0.039643105
1086,model_6,0.267,0.26365614
1087,model_6,0.387,0.38136485
1088,model_6,0.0643,0.025928766
1089,model_6,0.113,0.098140284
1090,model_6,0.1309,0.13549285
1091,model_6,0.3078,0.29869854
1092,model_6,0.4422,0.5109036
1093,model_6,0.5726,0.4904348
1094,model_6,0.1851,0.14379269
1095,model_6,0.2508,0.23946923
1096,model_6,0.7067,0.71294206
1097,model_6,0.377,0.4464531
1098,model_6,0.0665,0.056264672
1099,model_6,0.0864,0.027801514
1100,model_6,0.3752,0.3768376
1101,model_6,0.1174,0.16392095
1102,model_6,-0.0892,-0.093031004
1103,model_6,0.1482,0.02610493
1104,model_6,0.3293,0.4381194
1105,model_6,0.3416,0.37637442
1106,model_6,0.7663,0.7864994
1107,model_6,0.1877,0.18373898
1108,model_6,-0.0216,-0.0046449522
1109,model_6,0.5266,0.48921773
1110,model_6,0.3317,0.3192935
1111,model_6,0.2592,0.29578426
1112,model_6,0.284,0.37175092
1113,model_6,0.0741,0.018664125
1114,model_6,0.4244,0.4172855
1115,model_6,0.4211,0.3743881
1116,model_6,0.1605,0.2476045
1117,model_6,0.1354,0.15959425
1118,model_6,0.2365,0.20821841
1119,model_6,0.0594,0.14761059
1120,model_6,0.1491,0.12874322
1121,model_6,0.0486,0.026281778
1122,model_6,0.4665,0.43164828
1123,model_6,0.4216,0.39188173
1124,model_6,0.1512,0.17122118
1125,model_6,0.2881,0.30682948
1126,model_6,0.4316,0.6534611
1127,model_6,-0.026,-0.07191684
1128,model_6,0.164,0.12877256
1129,model_6,0.3508,0.35634694
1130,model_6,0.3872,0.3855186
1131,model_6,0.0432,0.061382238
1132,model_6,0.4527,0.424708
1133,model_6,0.0721,0.09345629
1134,model_6,0.3224,0.30945513
1135,model_6,0.1676,0.12646882
1136,model_6,0.7518,0.7349942
1137,model_6,0.7299,0.7286928
1138,model_6,0.0862,0.13483657
1139,model_6,0.2962,0.18034045
1140,model_6,0.1888,0.2293327
1141,model_6,0.3804,0.41011477
1142,model_6,0.3493,0.17517212
1143,model_6,-0.0889,-0.07516943
1144,model_6,0.1579,0.16321908
1145,model_6,0.3786,0.37988093
1146,model_6,0.5189,0.3350794
1147,model_6,0.6179,0.63008654
1148,model_6,0.0252,0.17702706
1149,model_6,0.1112,-0.008845871
1150,model_6,0.139,0.16396779
1151,model_6,0.8558,0.8127029
1152,model_6,0.081,0.15072164
1153,model_6,0.3493,0.24884689
1154,model_6,0.8516,0.7963155
1155,model_6,0.0794,0.08161889
1156,model_6,0.1922,0.17618686
1157,model_6,0.275,0.18897781
1158,model_6,0.4077,0.46304682
1159,model_6,0.2581,0.27551255
1160,model_6,0.7871,0.769126
1161,model_6,0.8143,0.82717276
1162,model_6,0.452,0.42051768
1163,model_6,0.2987,0.23452061
1164,model_6,0.6108,0.6396109
1165,model_6,0.1683,0.09736115
1166,model_6,0.1671,0.19895795
1167,model_6,0.2967,0.36404926
1168,model_6,0.2954,0.30318156
1169,model_6,0.3643,0.37741715
1170,model_6,0.2669,0.28935736
1171,model_6,0.0164,0.09811118
1172,model_6,0.5046,0.50589037
1173,model_6,0.2705,0.26127425
1174,model_6,0.3407,0.2732019
1175,model_6,0.1184,0.08697882
1176,model_6,0.4211,0.42884338
1177,model_6,0.4884,0.3758587
1178,model_6,0.0235,0.09526944
1179,model_6,0.1446,0.14356266
1180,model_6,0.331,0.2616746
1181,model_6,-0.0537,0.19156823
1182,model_6,0.2296,0.43879312
1183,model_6,0.7096,0.61216277
1184,model_6,0.2244,0.23377945
1185,model_6,0.0437,0.089919925
1186,model_6,0.1183,0.08553196
1187,model_6,0.8615,0.78939825
1188,model_6,0.0187,0.062071893
1189,model_6,0.0837,0.11025847
1190,model_6,0.3883,0.39003018
1191,model_6,0.8648,0.8515097
1192,model_6,0.0502,0.23560837
1193,model_6,0.7576,0.6876323
1194,model_6,0.4708,0.44764656
1195,model_6,0.4046,0.40837795
1196,model_6,0.2957,0.24168211
1197,model_6,0.0517,0.060917336
1198,model_6,0.4288,0.41834828
1199,model_6,0.6246,0.65069896
1200,model_6,0.5726,0.6302706
1201,model_6,-0.0682,-0.030556053
1202,model_6,0.128,0.12029424
1203,model_6,0.1531,0.20309943
1204,model_6,0.2597,0.25982872
1205,model_6,0.3983,0.31877393
1206,model_6,0.1204,0.11174495
1207,model_6,0.2511,0.23997113
1208,model_6,0.0046,0.025027879
1209,model_6,0.1621,0.1368614
1210,model_6,0.3951,0.33295983
1211,model_6,0.3392,0.32934946
1212,model_6,0.2839,0.13566731
1213,model_6,0.4702,0.47348863
1214,model_6,0.2057,0.18855321
1215,model_6,0.733,0.2893681
1216,model_6,0.0915,0.118389934
1217,model_6,0.4428,0.42998222
1218,model_6,0.0252,0.01855482
1219,model_6,-0.0284,0.18100789
1220,model_6,-0.1457,0.13661876
1221,model_6,0.9885,1.0181197
1222,model_6,0.1666,0.05825884
1223,model_6,0.3253,0.3251038
1224,model_6,0.2986,0.42860973
1225,model_6,0.3714,0.34450048
1226,model_6,0.1453,0.15455653
1227,model_6,0.0136,0.00089024985
1228,model_6,0.2185,0.1437206
1229,model_6,0.2394,0.2891164
1230,model_6,0.5437,0.54695827
1231,model_6,0.1958,0.16166767
1232,model_6,0.9442,1.1921175
1233,model_6,0.207,0.13625382
1234,model_6,0.0225,-0.04801187
1235,model_6,0.0066,0.014886674
1236,model_6,0.6326,0.64752823
1237,model_6,0.0028,-0.027011674
1238,model_6,0.7214,0.58149654
1239,model_6,0.1686,0.17414004
1240,model_6,0.0032,0.08285718
1241,model_6,0.1772,0.17262316
1242,model_6,0.5219,0.49680275
1243,model_6,0.4118,0.40870535
1244,model_6,-0.0206,-0.06794378
1245,model_6,0.2712,0.2861291
1246,model_6,0.1563,0.13816953
1247,model_6,0.1224,0.12822865
1248,model_6,0.0169,0.028190413
1249,model_6,0.2257,0.21237466
1250,model_6,0.5804,0.55372876
1251,model_6,0.0259,0.008688144
1252,model_6,1.0002,0.9586893
1253,model_6,0.2518,0.29478058
1254,model_6,-0.0857,-0.08445669
1255,model_6,0.4011,0.41450712
1256,model_6,0.1463,0.1900258
1257,model_6,-0.0271,-0.06568883
1258,model_6,0.3721,0.3516666
1259,model_6,0.2038,0.20132256
1260,model_6,0.2173,0.09914389
1261,model_6,0.0687,0.027927421
1262,model_6,0.4037,0.35941
1263,model_6,0.2368,0.20946011
1264,model_6,0.1524,0.15232533
1265,model_6,0.3606,0.28663397
1266,model_6,0.4923,0.48906967
1267,model_6,0.2687,0.07669525
1268,model_6,0.4663,0.5003154
1269,model_6,0.0836,0.11818463
1270,model_6,0.1212,0.12420437
1271,model_6,0.363,0.32113916
1272,model_6,0.2771,0.28381252
1273,model_6,0.1134,0.10166865
1274,model_6,0.2849,0.2836921
1275,model_6,0.239,0.20818213
1276,model_6,0.1354,0.1781024
1277,model_6,0.7932,0.7524543
1278,model_6,0.2004,0.20329106
1279,model_6,0.0815,0.09731315
1280,model_6,-0.1216,-0.12686922
1281,model_6,0.3319,0.27056894
1282,model_6,0.4251,0.3433256
1283,model_6,0.1852,0.20211948
1284,model_6,0.3385,0.25233346
1285,model_6,0.1645,0.17057402
1286,model_6,0.485,0.44579732
1287,model_6,0.3649,0.3436828
1288,model_6,0.0918,-0.005115639
1289,model_6,0.4026,0.40505284
1290,model_6,-0.0156,-0.0065911
1291,model_6,0.3266,0.27964655
1292,model_6,0.121,0.13940759
1293,model_6,0.9379,0.928187
1294,model_6,0.5696,0.5083739
1295,model_6,0.1513,0.06842202
1296,model_6,0.2901,0.17692661
1297,model_6,-0.0379,0.1356922
1298,model_6,0.4771,0.48717293
1299,model_6,0.2526,0.2294272
1300,model_6,0.051,0.06602106
1301,model_6,0.3097,0.34439507
1302,model_6,0.1041,0.13762532
1303,model_6,0.4887,0.51423943
1304,model_6,0.2168,0.19177392
1305,model_6,0.1689,0.22098398
1306,model_6,0.2043,0.21090232
1307,model_6,-0.0244,-0.04208568
1308,model_6,0.8821,0.8638192
1309,model_6,0.1,0.10240932
1310,model_6,0.0855,0.06835903
1311,model_6,0.894,0.8955957
1312,model_6,0.2926,0.28204793
1313,model_6,0.202,0.14500423
1314,model_6,0.2287,0.29394215
1315,model_6,0.2719,0.23245984
1316,model_6,0.296,0.23570833
1317,model_6,0.1188,0.12887937
1318,model_6,-0.076,-0.17127861
1319,model_6,0.1009,0.09744372
1320,model_6,0.1446,0.17522347
1321,model_6,0.659,0.6230181
1322,model_6,0.6385,0.67152655
1323,model_6,0.127,0.10342064
1324,model_6,0.4269,0.39402074
1325,model_6,0.2321,0.23751022
1326,model_6,0.1289,0.09733717
1327,model_6,0.0382,0.017190468
1328,model_6,0.3862,0.37726128
1329,model_6,0.1085,0.16645092
1330,model_6,0.3612,0.3682397
1331,model_6,-0.0885,-0.07477676
1332,model_6,0.2871,0.33159804
1333,model_6,0.0419,0.041168507
1334,model_6,0.5384,0.55314076
1335,model_6,0.3856,0.39138472
1336,model_6,0.1902,0.16026343
1337,model_6,0.1022,0.050503243
1338,model_6,0.7441,0.72773826
1339,model_6,0.0705,0.071255535
1340,model_6,0.6007,0.6003331
1341,model_6,0.1348,0.13995722
1342,model_6,0.1103,0.11967124
1343,model_6,0.7021,0.7194998
1344,model_6,0.074,0.061570924
1345,model_6,0.0788,0.099379
1346,model_6,-0.1229,-0.10335151
1347,model_6,0.0484,0.041152094
1348,model_6,0.8553,0.88817555
1349,model_6,0.4497,0.4087597
1350,model_6,0.5083,0.45821053
1351,model_6,0.1052,0.047963556
1352,model_6,0.4082,0.4136448
1353,model_6,0.9611,0.9681756
1354,model_6,0.28,0.29776868
1355,model_6,0.4931,0.47720057
1356,model_6,0.0609,0.059819814
1357,model_6,0.128,0.12800963
1358,model_6,0.0474,0.0072063957
1359,model_6,0.712,0.7675161
1360,model_6,0.1954,0.29111257
1361,model_6,0.4323,0.3821718
1362,model_6,0.2065,0.19563113
1363,model_6,0.7595,0.7171551
1364,model_6,0.2318,0.20669259
1365,model_6,0.0774,0.06613329
1366,model_6,0.1822,0.08186582
1367,model_6,0.5433,0.48609626
1368,model_6,0.0952,0.12791736
1369,model_6,0.1016,0.09159084
1370,model_6,0.0262,0.123886235
1371,model_6,0.2433,0.2602434
1372,model_6,0.0483,0.038919445
1373,model_6,0.5242,0.5284863
1374,model_6,-0.1087,-0.04244562
1375,model_6,0.2239,0.093834765
1376,model_6,0.3461,0.31556314
1377,model_6,0.4016,0.36648986
1378,model_6,-0.0201,0.2506577
1379,model_6,0.045,0.024157776
1380,model_6,0.2294,0.25255793
1381,model_6,0.0726,0.1104401
1382,model_6,0.0807,0.06094701
1383,model_6,0.5967,0.54829925
1384,model_6,-0.0893,-0.03778965
1385,model_6,0.045,0.02097905
1386,model_6,0.5699,0.5731326
1387,model_6,0.0373,0.052234374
1388,model_6,0.0688,0.21877953
1389,model_6,0.2832,0.2595381
1390,model_6,0.8389,0.8041538
1391,model_6,0.4384,0.425826
1392,model_6,0.4822,0.5224916
1393,model_6,0.3306,0.38524514
1394,model_6,0.4004,0.33194706
1395,model_6,0.2589,0.32105047
1396,model_6,0.0812,0.09761625
1397,model_6,0.2753,0.27466694
1398,model_6,0.109,0.13375308
1399,model_6,0.5434,0.4940035
1400,model_6,0.4242,0.4704088
1401,model_6,0.323,0.0952944
1402,model_6,0.016,0.030477423
1403,model_6,0.0412,0.05074498
1404,model_6,0.5476,0.5821014
1405,model_6,0.0174,0.017040744
1406,model_6,0.1614,0.15728731
1407,model_6,0.4072,0.35816228
1408,model_6,0.174,0.14409138
1409,model_6,0.3129,0.2797071
1410,model_6,0.6434,0.64424884
1411,model_6,0.353,0.35385996
1412,model_6,0.1901,0.20191307
1413,model_6,0.1591,0.22295702
1414,model_6,-0.0801,-0.093836136
1415,model_6,0.0749,0.16701612
1416,model_6,0.3967,0.39815763
1417,model_6,0.5244,0.55235064
1418,model_6,0.0868,0.117487326
1419,model_6,0.2047,0.21810043
1420,model_6,0.4198,0.40938556
1421,model_6,0.192,0.20363218
1422,model_6,0.4675,0.38912705
1423,model_6,0.1132,0.20294167
1424,model_6,0.4264,0.3909296
1425,model_6,0.4949,0.5456138
1426,model_6,-0.0949,-0.0736299
1427,model_6,0.3015,0.27343068
1428,model_6,0.1283,0.10312727
1429,model_6,0.2633,0.22676405
1430,model_6,0.0581,0.036379926
1431,model_6,0.1345,0.1869302
1432,model_6,0.5338,0.5301085
1433,model_6,0.7718,0.79413944
1434,model_6,0.3358,0.18123817
1435,model_6,0.6037,0.6019339
1436,model_6,0.0834,0.11764539
1437,model_6,0.172,0.16538976
1438,model_6,0.5371,0.55429405
1439,model_6,0.355,0.3194623
1440,model_6,-0.2004,-0.17076169
1441,model_6,0.6343,0.580093
1442,model_6,0.3031,0.3275476
1443,model_6,0.6922,0.6744209
1444,model_6,0.7961,0.780395
1445,model_6,0.2935,0.256598
1446,model_6,-0.2648,-0.21208775
1447,model_6,0.1624,0.12787285
1448,model_6,0.0556,0.04833949
1449,model_6,-0.0297,-0.033617985
1450,model_6,0.4203,0.36515233
1451,model_6,0.3153,0.17748646
1452,model_6,0.1,0.069697656
1453,model_6,0.3418,0.2279735
1454,model_6,0.1252,0.12611437
1455,model_6,0.2916,0.2943438
1456,model_6,0.1667,0.14398798
1457,model_6,0.4856,0.43188015
1458,model_6,0.0735,0.12549128
1459,model_6,0.1372,0.11393092
1460,model_6,0.023,0.05190246
1461,model_6,0.1408,0.07049225
1462,model_6,0.2185,0.32104558
1463,model_6,0.498,0.5564197
1464,model_6,-0.0696,-0.0005959454
1465,model_6,0.2467,0.28524324
1466,model_6,0.1299,0.103408284
1467,model_6,0.4576,0.36346638
1468,model_6,0.0613,0.09651997
1469,model_6,0.3672,0.3278588
1470,model_6,0.1562,0.094226286
1471,model_6,0.1586,0.22430807
1472,model_6,0.3902,0.3592456
1473,model_6,0.2529,0.19869047
1474,model_6,0.1726,0.1314015
1475,model_6,0.1948,0.10842498
1476,model_6,0.0098,0.067069314
1477,model_6,0.7789,0.68802136
1478,model_6,0.648,0.6340659
1479,model_6,0.2284,0.18550184
1480,model_6,0.0087,0.11116054
1481,model_6,0.2845,0.23194773
1482,model_6,0.3304,0.18946394
1483,model_6,0.4893,0.48298725
1484,model_6,0.048,0.03355135
1485,model_6,0.6718,0.6971454
1486,model_6,0.1002,0.14684045
1487,model_6,0.1434,0.14952433
1488,model_6,0.1834,0.1461979
1489,model_6,0.1037,0.118965134
1490,model_6,-0.0082,-0.0097849555
1491,model_6,0.3348,0.3101658
1492,model_6,0.2168,0.20629987
1493,model_6,0.4355,0.38173836
1494,model_6,0.0145,0.03208476
1495,model_6,0.4228,0.34151614
1496,model_6,0.2779,0.3241515
1497,model_6,0.2288,0.15579987
1498,model_6,0.0642,0.016417634
1499,model_6,0.2263,0.00932302
1500,model_6,0.7852,0.79693794
1501,model_6,0.3982,0.38907915
1502,model_6,0.9495,0.999936
1503,model_6,-0.0938,-0.031015296
1504,model_6,0.3349,0.31303394
1505,model_6,0.2672,0.2396131
1506,model_6,0.4324,0.40165776
1507,model_6,0.2398,0.20491934
1508,model_6,-0.1674,-0.1323452
1509,model_6,0.5187,0.48075294
1510,model_6,0.1452,0.20495549
1511,model_6,0.2014,0.21582839
1512,model_6,-0.0286,0.14316425
1513,model_6,0.1816,0.18349415
1514,model_6,0.0767,0.11121167
1515,model_6,0.2175,0.18731706
1516,model_6,0.132,0.11959352
1517,model_6,0.2706,0.2074595
1518,model_6,0.0277,0.052712772
1519,model_6,0.4534,0.38853717
1520,model_6,0.3538,0.3413049
1521,model_6,0.1621,0.20394784
1522,model_6,0.0063,-0.007644315
1523,model_6,0.117,0.091450274
1524,model_6,-0.1019,-0.14658532
1525,model_6,0.2197,0.23932908
1526,model_6,-0.0081,0.0066926745
1527,model_6,0.066,0.06142645
1528,model_6,0.1397,0.14802134
1529,model_6,0.0073,0.029485349
1530,model_6,0.2529,0.24462533
1531,model_6,0.434,0.39517313
1532,model_6,0.605,0.48049363
1533,model_6,-0.0574,-0.03938162
1534,model_6,0.0662,0.1012606
1535,model_6,0.3678,0.3380104
1536,model_6,0.1628,0.15795474
1537,model_6,0.0918,0.07183879
1538,model_6,0.0988,0.12969708
1539,model_6,0.6383,0.636309
1540,model_6,0.2081,0.19302908
1541,model_6,0.4511,0.43949556
1542,model_6,0.1065,0.08286638
1543,model_6,0.34,0.26713914
1544,model_6,-0.0052,-0.013510296
1545,model_6,0.0551,0.01317119
1546,model_6,0.164,0.12663364
1547,model_6,0.3621,0.37138295
1548,model_6,0.4879,0.42962375
1549,model_6,-0.1169,-0.12499288
1550,model_6,0.2803,0.29271513
1551,model_6,0.8699,0.875803
1552,model_6,0.3602,0.24983557
1553,model_6,0.1378,0.13922957
1554,model_6,0.2207,0.25185668
1555,model_6,-0.0334,0.013359433
1556,model_6,0.2138,0.24481536
1557,model_6,0.1619,0.23333736
1558,model_6,0.039,0.03543073
1559,model_6,0.2642,0.28741086
1560,model_6,0.3946,0.42324933
1561,model_6,0.0083,0.037836622
1562,model_6,0.2892,0.2778191
1563,model_6,0.0761,0.058081713
1564,model_6,0.3018,0.2231184
1565,model_6,0.2253,0.22541897
1566,model_6,-0.0009,0.036332577
1567,model_6,-0.0714,-0.08872701
1568,model_6,0.1869,0.20849794
1569,model_6,0.0231,0.031718228
1570,model_6,0.0105,0.029443428
1571,model_6,0.4806,0.44845134
1572,model_6,-0.0421,0.092915654
1573,model_6,0.3995,0.40227744
1574,model_6,0.0902,0.014105392
1575,model_6,0.4672,0.49998838
1576,model_6,0.0382,0.02157149
1577,model_6,0.656,0.64029336
1578,model_6,0.6017,0.61521995
1579,model_6,0.0696,0.07077982
1580,model_6,0.6041,0.54697764
1581,model_6,0.4106,0.3966555
1582,model_6,-0.013,-0.0132805295
1583,model_6,0.1931,0.21232605
1584,model_6,0.2395,0.25365695
1585,model_6,0.0829,0.058341496
1586,model_6,0.0043,0.065285146
1587,model_6,0.2099,0.13621187
1588,model_6,0.144,0.1190839
1589,model_6,0.4955,0.49779588
1590,model_6,0.4884,0.41190785
1591,model_6,0.0286,0.04464441
1592,model_6,-0.1019,-0.091002986
1593,model_6,0.8831,0.86645275
1594,model_6,0.4587,0.41197586
1595,model_6,0.5585,0.57964057
1596,model_6,0.0828,0.09564086
1597,model_6,0.1533,0.19458123
1598,model_6,0.401,0.38803992
1599,model_6,0.5687,0.5271946
1600,model_6,0.3737,0.33967853
1601,model_6,0.1339,0.25767967
1602,model_6,0.0519,0.07705424
1603,model_6,0.0746,0.31220025
1604,model_6,0.3242,0.2940303
1605,model_6,0.201,0.15408783
1606,model_6,0.2091,0.23911619
1607,model_6,0.0201,0.028734744
1608,model_6,0.2523,0.22550133
1609,model_6,0.2701,0.20572558
1610,model_6,0.0578,0.05368026
1611,model_6,0.5242,0.41820678
1612,model_6,0.2849,0.30009943
1613,model_6,0.525,0.5072038
1614,model_6,0.0624,0.07092136
1615,model_6,-0.0258,-0.025283195
1616,model_6,0.0856,0.060593445
1617,model_6,0.3833,0.4691327
1618,model_6,0.4687,0.40418458
1619,model_6,0.4492,0.50342804
1620,model_6,0.8282,0.8330459
1621,model_6,0.1193,0.13342626
1622,model_6,0.0064,-0.12366459
1623,model_6,0.3604,0.3980219
1624,model_6,0.008,0.022653043
1625,model_6,0.3353,0.30615428
1626,model_6,0.0042,0.023471806
1627,model_6,0.1365,0.12304421
1628,model_6,0.3151,0.2571134
1629,model_6,0.1198,0.14722356
1630,model_6,0.5394,0.43399334
1631,model_6,0.2255,0.26071778
1632,model_6,0.3169,0.24299003
1633,model_6,0.5033,0.49443543
1634,model_6,0.9488,0.9560558
1635,model_6,0.4708,0.31813854
1636,model_6,0.7247,0.7209448
1637,model_6,0.2032,0.1882776
1638,model_6,0.438,0.4443234
1639,model_6,0.1759,0.17711622
1640,model_6,0.2296,0.30506894
1641,model_6,0.1175,0.11472119
1642,model_6,0.2992,0.27329448
1643,model_6,0.0234,0.018763525
1644,model_6,0.3993,0.41433138
1645,model_6,0.3803,0.3464067
1646,model_6,0.2357,0.23888597
1647,model_6,-0.0527,0.05162566
1648,model_6,-0.0915,-0.17271008
1649,model_6,0.5176,0.538464
1650,model_6,0.1467,0.11581276
1651,model_6,-0.133,-0.16458535
1652,model_6,0.0511,0.14917886
1653,model_6,0.1258,0.1660378
1654,model_6,0.0692,0.060807057
1655,model_6,0.139,0.25371647
1656,model_6,0.1957,0.15342863
1657,model_6,0.0205,0.05624097
1658,model_6,0.6028,0.6223143
1659,model_6,0.5247,0.5517356
1660,model_6,0.1614,0.2159638
1661,model_6,-0.0481,-0.06408117
1662,model_6,0.5875,0.39209402
1663,model_6,0.4738,0.44255537
1664,model_6,0.8464,0.8318173
1665,model_6,0.6334,0.64583665
1666,model_6,0.3396,0.29299632
1667,model_6,0.3223,0.35193986
1668,model_6,0.6003,0.65820116
1669,model_6,0.2804,0.2606018
1670,model_6,0.0225,-0.013638146
1671,model_6,0.0531,0.056950968
1672,model_6,0.245,0.14259775
1673,model_6,0.4695,0.32627732
1674,model_6,-0.0107,-0.023829276
1675,model_6,0.2829,0.31387484
1676,model_6,0.0489,0.037040446
1677,model_6,-0.0258,0.03697435
1678,model_6,0.8012,0.8078031
1679,model_6,0.0384,0.05221156
1680,model_6,0.2667,0.37739176
1681,model_6,0.1086,0.104449645
1682,model_6,0.3154,0.32894456
1683,model_6,0.214,0.25599137
1684,model_6,-0.037,0.058038007
1685,model_6,0.1524,0.17650102
1686,model_6,0.3186,0.30616626
1687,model_6,0.0777,0.06550347
1688,model_6,0.5081,0.5061699
1689,model_6,0.6181,0.6722042
1690,model_6,0.0082,-0.0999269
1691,model_6,0.5186,0.4872762
1692,model_6,0.2533,0.25459445
1693,model_6,0.3952,0.33793047
1694,model_6,-0.1906,-0.22381574
1695,model_6,0.3783,0.38078204
1696,model_6,0.2886,0.26646155
1697,model_6,0.0722,0.14394514
1698,model_6,0.1924,0.082735024
1699,model_6,0.3348,0.32682684
1700,model_6,0.2935,0.28112563
1701,model_6,0.1346,0.17558606
1702,model_6,0.6805,0.66980225
1703,model_6,0.1677,0.08656983
1704,model_6,0.2878,0.27541533
1705,model_6,-0.0727,-0.008300707
1706,model_6,0.4103,0.3862677
1707,model_6,0.0445,0.00019088713
1708,model_6,0.1129,0.104609326
1709,model_6,0.3854,0.32122636
1710,model_6,0.4533,0.5094406
1711,model_6,0.1451,0.1712353
1712,model_6,0.3657,0.38695797
1713,model_6,0.8949,0.8821589
1714,model_6,0.0641,0.07232315
1715,model_6,-0.1158,-0.1397618
1716,model_6,0.0198,0.02795197
1717,model_6,0.2413,0.19449838
1718,model_6,0.3937,0.44914344
1719,model_6,0.05,0.07023032
1720,model_6,0.5014,0.49704614
1721,model_6,0.3544,0.370289
1722,model_6,0.2476,0.2642374
1723,model_6,-0.0343,0.005767016
1724,model_6,0.3808,0.34045154
1725,model_6,0.0194,0.036160678
1726,model_6,-0.0461,-0.06916515
1727,model_6,0.0669,0.024721198
1728,model_6,0.1581,0.12595256
1729,model_6,0.2801,0.30159688
1730,model_6,0.0341,0.0171045
1731,model_6,-0.1354,-0.11843173
1732,model_6,0.132,0.1357151
1733,model_6,0.1124,0.107658505
1734,model_6,0.1666,0.15772557
1735,model_6,0.1271,0.13531812
1736,model_6,0.4308,0.45341715
1737,model_6,0.0201,0.13228473
1738,model_6,0.0281,0.06259882
1739,model_6,0.2822,0.17802568
1740,model_6,0.0986,0.10022079
1741,model_6,0.8733,0.82730883
1742,model_6,0.0548,0.03602627
1743,model_6,0.1067,0.10785986
1744,model_6,0.3802,0.35203397
1745,model_6,0.3047,0.32698238
1746,model_6,0.6382,0.6835565
1747,model_6,0.3718,0.27701256
1748,model_6,0.3056,0.34946054
1749,model_6,0.2556,0.2435934
1750,model_6,0.5619,0.5804749
1751,model_6,0.0554,-0.009253142
1752,model_6,0.0526,0.09779533
1753,model_6,0.0515,0.038907364
1754,model_6,0.4371,0.4470224
1755,model_6,0.2883,0.32133913
1756,model_6,0.7762,0.8415415
1757,model_6,0.0073,0.002400651
1758,model_6,0.2442,0.2897716
1759,model_6,0.078,0.099847324
1760,model_6,0.169,0.17579292
1761,model_6,0.4511,0.514095
1762,model_6,0.831,0.8243527
1763,model_6,0.4813,0.54873616
1764,model_6,0.0632,0.07774876
1765,model_6,0.0151,0.021789191
1766,model_6,0.0302,0.07849523
1767,model_6,0.5441,0.5740929
1768,model_6,-0.1412,-0.18320513
1769,model_6,0.5619,0.52390385
1770,model_6,0.1997,0.20664892
1771,model_6,0.4214,0.39943278
1772,model_6,0.2085,0.1912294
1773,model_6,0.6903,0.6726882
1774,model_6,0.4486,0.42055112
1775,model_6,0.555,0.33785096
1776,model_6,0.1447,0.1313816
1777,model_6,0.6261,0.5771864
1778,model_6,0.0973,0.10635726
1779,model_6,0.2029,0.21194388
1780,model_6,0.7223,0.7709982
1781,model_6,0.9309,0.95823795
1782,model_6,0.1465,0.13843796
1783,model_6,0.0253,0.037668694
1784,model_6,0.6973,0.66116744
1785,model_6,0.0793,0.04100316
1786,model_6,0.1702,0.13138945
1787,model_6,0.188,0.2259382
1788,model_6,0.9724,0.96132886
1789,model_6,0.1568,0.10715774
1790,model_6,0.307,0.30579793
1791,model_6,0.0096,-0.05676691
1792,model_6,0.007,-0.049510088
1793,model_6,0.1113,0.12689759
1794,model_6,-0.0937,-0.08207929
1795,model_6,0.2435,0.28834522
1796,model_6,-0.0739,-0.053607978
1797,model_6,0.0121,0.041129105
1798,model_6,0.0693,0.07463898
1799,model_6,0.3114,0.21239905
1800,model_6,0.2436,0.34211102
1801,model_6,0.0941,0.08926548
1802,model_6,0.0944,0.16105475
1803,model_6,0.3392,0.329876
1804,model_6,0.4291,0.39175946
1805,model_6,0.2061,0.23297857
1806,model_6,0.2823,0.30946895
1807,model_6,0.6386,0.6135302
1808,model_6,0.4165,0.3968717
1809,model_6,0.4307,0.43802646
1810,model_6,0.0637,0.069196776
1811,model_6,0.5743,0.5767347
1812,model_6,0.2989,0.27701613
1813,model_6,-0.0153,-0.042280328
1814,model_6,0.1732,0.16517182
1815,model_6,0.3582,0.38417026
1816,model_6,0.2253,0.14142638
1817,model_6,0.329,0.29417112
1818,model_6,0.0924,0.088327296
1819,model_6,0.323,0.3175614
1820,model_6,0.24,0.17839104
1821,model_6,-0.0496,-0.061821286
1822,model_6,0.1813,0.18884322
1823,model_6,0.3167,0.12224211
1824,model_6,-0.1995,0.022593591
1825,model_6,0.4691,0.37143314
1826,model_6,0.204,0.16323057
1827,model_6,0.0108,-0.09762876
1828,model_6,0.2334,0.2399329
1829,model_6,0.1063,0.11772042
1830,model_6,0.1541,0.34074584
1831,model_6,0.0982,0.13228253
1832,model_6,0.1991,0.21531765
1833,model_6,0.21,0.1887815
1834,model_6,0.3,0.2864854
1835,model_6,0.1882,0.17454329
1836,model_6,0.2656,0.2618584
1837,model_6,0.0093,-0.016464641
1838,model_6,0.128,0.16139024
1839,model_6,0.0912,0.05740637
1840,model_6,0.2234,0.1575645
1841,model_6,0.2809,0.23131943
1842,model_6,0.2623,0.30612853
1843,model_6,0.1523,0.16079324
1844,model_6,-0.0061,0.02827422
1845,model_6,0.1342,0.18273005
1846,model_6,0.1935,0.2682796
1847,model_6,0.2143,0.20276855
1848,model_6,0.5605,0.42325515
1849,model_6,0.7351,0.6801174
1850,model_6,0.2722,0.1996204
1851,model_6,0.0339,0.03303668
1852,model_6,-0.0714,-0.06564245
1853,model_6,0.1998,0.113451004
1854,model_6,0.1146,0.1186097
1855,model_6,0.1568,0.13117357
1856,model_6,0.3448,0.4230481
1857,model_6,-0.1529,-0.121531755
1858,model_6,0.1486,0.13137083
1859,model_6,0.3611,0.43346655
1860,model_6,0.0948,0.081068575
1861,model_6,0.5173,0.4359193
1862,model_6,0.0495,0.03942676
1863,model_6,0.445,0.31538686
1864,model_6,0.3841,0.29513878
1865,model_6,0.4339,0.37868673
1866,model_6,0.1102,0.04343516
1867,model_6,0.5015,0.5134791
1868,model_6,0.4173,0.3283255
1869,model_6,-0.067,-0.0019425577
1870,model_6,-0.0166,-0.018108841
1871,model_6,-0.0258,0.08590307
1872,model_6,0.2449,0.18772647
1873,model_6,0.1174,0.12078393
1874,model_6,0.162,0.16089392
1875,model_6,0.2381,0.22769472
1876,model_6,0.2539,0.23035842
1877,model_6,0.0735,0.059357077
1878,model_6,0.9806,0.9295388
1879,model_6,0.4407,0.45057672
1880,model_6,0.2269,0.24651504
1881,model_6,-0.0766,-0.14431289
1882,model_6,0.0796,0.07188922
1883,model_6,0.6003,0.6257668
1884,model_6,0.719,0.6908538
1885,model_6,0.6339,0.6655333
1886,model_6,0.0301,0.023898335
1887,model_6,0.0793,0.18822676
1888,model_6,0.1956,0.23294802
1889,model_6,0.8536,0.83674425
1890,model_6,0.165,0.17934383
1891,model_6,0.3517,0.2851358
1892,model_6,0.2038,0.3027545
1893,model_6,-0.0053,-0.0047994363
1894,model_6,0.0542,0.03771827
1895,model_6,0.8258,0.769975
1896,model_6,0.353,0.36495024
1897,model_6,0.1711,0.19574559
1898,model_6,0.4296,0.43727025
1899,model_6,0.2038,0.14370425
1900,model_6,0.3169,0.2702312
1901,model_6,0.3385,0.36496186
1902,model_6,0.0409,0.03257981
1903,model_6,0.0625,0.038714096
1904,model_6,0.7462,0.78060156
1905,model_6,0.0599,0.17069696
1906,model_6,0.1386,0.18453059
1907,model_6,0.0468,0.019719472
1908,model_6,0.0625,0.08450973
1909,model_6,0.2048,0.17062625
1910,model_6,0.6842,0.75004643
1911,model_6,0.0614,0.072184786
1912,model_6,0.6128,0.578122
1913,model_6,0.1058,0.09239995
1914,model_6,0.9099,0.8547304
1915,model_6,0.2142,0.23487012
1916,model_6,0.0273,-0.03951278
1917,model_6,0.4871,0.47884563
1918,model_6,-0.0276,0.08101834
1919,model_6,0.401,0.4098599
1920,model_6,0.8835,0.89553934
1921,model_6,0.2694,0.21531826
1922,model_6,0.6094,0.5993257
1923,model_6,0.021,0.045259234
1924,model_6,0.1737,0.20766553
1925,model_6,0.0308,0.088294104
1926,model_6,0.2844,0.21644914
1927,model_6,0.606,0.6126848
1928,model_6,0.0895,0.070625775
1929,model_6,0.1664,0.17873451
1930,model_6,0.6168,0.6407574
1931,model_6,0.0302,0.026000766
1932,model_6,0.0513,-0.04080118
1933,model_6,0.0782,0.15293103
1934,model_6,0.0632,0.0594804
1935,model_6,0.2951,0.2706977
1936,model_6,0.7142,0.7033158
1937,model_6,0.3243,0.35043347
1938,model_6,0.7871,0.8296177
1939,model_6,0.8224,0.76446646
1940,model_6,0.6999,0.69460374
1941,model_6,0.1011,0.11132085
1942,model_6,0.3801,0.36260045
1943,model_6,0.4836,0.477126
1944,model_6,0.3291,0.31711966
1945,model_6,0.5715,0.6227719
1946,model_6,0.4445,0.41487598
1947,model_6,0.1746,0.15869969
1948,model_6,0.0899,-0.015401455
1949,model_6,0.0089,0.015347773
1950,model_6,0.0246,0.013345573
1951,model_6,0.1195,0.09103414
1952,model_6,0.1596,0.16747905
1953,model_6,0.2312,0.29487598
1954,model_6,0.2667,0.12928258
1955,model_6,0.0707,0.049355473
1956,model_6,0.1318,0.059334397
1957,model_6,0.1511,0.16030918
1958,model_6,0.0559,0.02746224
1959,model_6,0.35,0.32771993
1960,model_6,0.1918,0.25235492
1961,model_6,0.0747,0.038147643
1962,model_6,0.3402,0.32584798
1963,model_6,0.3088,0.34681267
1964,model_6,0.5206,0.4534586
1965,model_6,0.1642,0.11533046
1966,model_6,0.2613,0.22720554
1967,model_6,0.5009,0.5264177
1968,model_6,0.0954,0.0653941
1969,model_6,0.1135,0.053430524
1970,model_6,0.2908,0.30241027
1971,model_6,-0.0937,-0.05600227
1972,model_6,0.0664,0.10242705
1973,model_6,0.2706,0.21518053
1974,model_6,0.2689,0.2335915
1975,model_6,0.4498,0.46057534
1976,model_6,0.3073,0.3013025
1977,model_6,0.1672,0.16113865
1978,model_6,0.0486,0.058369208
1979,model_6,-0.0287,-0.010416197
1980,model_6,0.2684,0.24156258
1981,model_6,0.1404,0.16239674
1982,model_6,0.4732,0.40013102
1983,model_6,0.2759,0.27655894
1984,model_6,0.4503,0.47744584
1985,model_6,0.1115,0.13761218
1986,model_6,-0.0236,0.181539
1987,model_6,0.2721,0.2379079
1988,model_6,0.1952,0.19302228
1989,model_6,-0.0048,-0.0025336607
1990,model_6,0.0365,0.07681618
1991,model_6,0.1785,0.12900516
1992,model_6,0.1792,0.13201578
1993,model_6,-0.0119,0.052822094
1994,model_6,0.2714,0.26521772
1995,model_6,0.4866,0.5311109
1996,model_6,0.0556,0.13993947
1997,model_6,-0.0301,0.0003735707
1998,model_6,0.1028,0.05384251
1999,model_6,0.175,0.14823931
2000,model_6,0.2137,0.24367961
2001,model_6,0.3126,0.26843998
2002,model_6,0.0038,0.0033653122
2003,model_6,0.1805,0.15822504
2004,model_6,0.4573,0.47184563
2005,model_6,0.4347,0.42607734
2006,model_6,-0.0041,-0.021408131
2007,model_6,0.4414,0.3726567
2008,model_6,0.6146,0.63502485
2009,model_6,0.3626,0.35143533
2010,model_6,0.3797,0.39391583
2011,model_6,0.0649,0.057685427
2012,model_6,0.1213,0.13905168
2013,model_6,0.5278,0.46891284
2014,model_6,0.3688,0.40106618
2015,model_6,0.5026,0.43381783
2016,model_6,0.5161,0.49644336
2017,model_6,0.11,0.13220897
2018,model_6,0.0692,0.112488985
2019,model_6,0.0205,0.02927696
2020,model_6,0.4743,0.5186765
2021,model_6,0.0569,0.1680398
2022,model_6,0.2556,0.1783838
2023,model_6,0.1831,0.21819934
2024,model_6,-0.0558,-0.16690521
2025,model_6,0.241,0.24418032
2026,model_6,0.0528,0.0728611
2027,model_6,0.3011,0.2415734
2028,model_6,0.1446,0.10178656
2029,model_6,0.3441,0.34814918
2030,model_6,0.1989,0.12095898
2031,model_6,0.2735,0.21219283
2032,model_6,0.6811,0.63512427
2033,model_6,0.4909,0.50051343
2034,model_6,0.3854,0.30688548
2035,model_6,0.009,-0.0017434317
2036,model_6,0.0029,0.027464949
2037,model_6,0.6713,0.6025785
2038,model_6,0.6935,0.5983756
2039,model_6,0.0239,0.034097724
2040,model_6,0.0817,0.11880467
2041,model_6,0.1259,0.1697
2042,model_6,0.1235,0.101763085
2043,model_6,0.3109,0.34016064
2044,model_6,0.1534,0.13711111
2045,model_6,0.0552,0.075349525
2046,model_6,0.3115,0.2973729
2047,model_6,0.4089,0.3803503
2048,model_6,0.4448,0.44592264
2049,model_6,0.0684,0.25436196
2050,model_6,0.1937,0.19558033
2051,model_6,0.752,0.74144644
2052,model_6,0.0642,0.12695575
2053,model_6,0.1313,0.10584651
2054,model_6,-0.0088,0.017631434
2055,model_6,0.4224,0.39280576
2056,model_6,0.0218,0.053144384
2057,model_6,0.2253,0.20865642
2058,model_6,0.2724,0.2989203
2059,model_6,0.0298,-0.013159458
2060,model_6,0.3521,0.3079141
2061,model_6,0.6579,0.6812398
2062,model_6,0.6915,0.7560333
2063,model_6,0.2314,0.17775695
2064,model_6,0.5072,0.52981794
2065,model_6,0.0961,0.09238277
2066,model_6,0.4058,0.3258401
2067,model_6,0.7405,0.7744488
2068,model_6,0.5511,0.36785087
2069,model_6,0.4924,0.5217784
2070,model_6,0.0959,0.143731
2071,model_6,0.1305,0.18066008
2072,model_6,0.2622,0.29958045
2073,model_6,0.2659,0.37052572
2074,model_6,0.1033,0.14559433
2075,model_6,0.0842,0.0842606
2076,model_6,0.2871,0.37496746
2077,model_6,0.7466,0.7457553
2078,model_6,0.091,0.10904351
2079,model_6,0.083,0.07720262
2080,model_6,0.3376,0.32456523
2081,model_6,0.1339,0.13330257
2082,model_6,0.6286,0.6374303
2083,model_6,0.2948,0.3062894
2084,model_6,0.4536,0.34096506
2085,model_6,0.1133,0.103727415
2086,model_6,0.3551,0.32073498
2087,model_6,0.0929,0.082631476
2088,model_6,0.4251,0.36816606
2089,model_6,0.2704,0.25858828
2090,model_6,0.2401,0.19745547
2091,model_6,0.665,0.662312
2092,model_6,-0.0031,0.11132258
2093,model_6,0.7409,0.78559095
2094,model_6,-0.0025,-0.059854846
2095,model_6,0.0433,0.077473186
2096,model_6,0.7209,0.7957221
2097,model_6,0.0943,0.15293927
2098,model_6,0.0329,0.12012799
2099,model_6,0.1474,0.20087184
2100,model_6,0.1706,0.14207788
2101,model_6,-0.0493,-0.04877029
2102,model_6,-0.0868,0.013645846
2103,model_6,0.3644,0.06655845
2104,model_6,0.5647,0.6691916
2105,model_6,0.1776,0.15696357
2106,model_6,0.0648,0.038372625
2107,model_6,0.0696,0.051687848
2108,model_6,0.0711,0.16217594
2109,model_6,-0.0556,0.03815465
2110,model_6,0.2539,0.21641503
2111,model_6,0.4092,0.40310112
2112,model_6,0.1373,0.19403824
2113,model_6,0.1552,0.1342595
2114,model_6,0.3984,0.41803297
2115,model_6,0.3301,0.32612056
2116,model_6,0.3196,0.35694692
2117,model_6,0.4281,0.39924923
2118,model_6,0.771,0.7504228
2119,model_6,0.4661,0.45540494
2120,model_6,0.2645,0.22848818
2121,model_6,-0.0593,-0.06464419
2122,model_6,0.1294,0.16375312
2123,model_6,0.1354,0.13326682
2124,model_6,0.4814,0.43937936
2125,model_6,0.1428,0.16698985
2126,model_6,0.4471,0.36934328
2127,model_6,0.2941,0.3227809
2128,model_6,0.5149,0.49687037
2129,model_6,0.0519,-0.004959201
2130,model_6,0.1621,0.13453147
2131,model_6,0.0542,0.069090776
2132,model_6,0.2082,0.17879243
2133,model_6,0.246,0.033675123
2134,model_6,0.0346,0.20187134
2135,model_6,0.283,0.25903988
2136,model_6,0.0914,0.09488641
2137,model_6,0.2275,0.19406956
2138,model_6,0.7836,0.79195976
2139,model_6,0.2079,0.19487815
2140,model_6,0.1466,0.15603341
2141,model_6,-0.1392,-0.14417407
2142,model_6,-0.0122,0.012387587
2143,model_6,0.2164,0.1552668
2144,model_6,0.1646,0.1648529
2145,model_6,0.0769,0.13324845
2146,model_6,0.8451,0.8831733
2147,model_6,0.2269,0.24528082
2148,model_6,0.0412,-0.00092842476
2149,model_6,0.0971,0.16721134
2150,model_6,0.0746,0.09837556
2151,model_6,0.1097,0.09224615
2152,model_6,0.2956,0.30929226
2153,model_6,0.1064,0.14921981
2154,model_6,0.3524,0.35138392
2155,model_6,0.4511,0.40711367
2156,model_6,0.1325,0.10410447
2157,model_6,-0.0461,-0.0035886872
2158,model_6,0.2438,0.19482212
2159,model_6,0.2596,0.2473571
2160,model_6,-0.0488,0.0058595208
2161,model_6,0.4558,0.39999846
2162,model_6,0.1508,0.20138669
2163,model_6,0.2979,0.3391558
2164,model_6,0.0906,-0.024811804
2165,model_6,0.0853,-0.041336227
2166,model_6,0.4304,0.39766386
2167,model_6,0.2698,0.32444948
2168,model_6,0.1653,0.09742208
2169,model_6,0.3457,0.3449339
2170,model_6,0.4683,0.46278998
2171,model_6,0.1184,0.08488249
2172,model_6,0.2151,0.18081728
2173,model_6,0.1276,0.20167047
2174,model_6,-0.0285,-0.032490745
2175,model_6,0.1653,0.16116655
2176,model_6,0.8356,0.76472414
2177,model_6,0.2983,0.32723826
2178,model_6,0.5258,0.55907446
2179,model_6,0.1113,0.10986242
2180,model_6,0.8023,0.8241897
2181,model_6,0.1225,0.16634104
2182,model_6,-0.0278,-0.09281145
2183,model_6,0.011,0.01809753
2184,model_6,0.1858,0.18107718
2185,model_6,-0.0655,0.005075513
2186,model_6,0.0168,0.049343344
2187,model_6,0.2855,0.2589959
2188,model_6,0.0363,0.06118269
2189,model_6,0.1185,0.11352191
2190,model_6,0.5853,0.6121116
2191,model_6,0.1985,0.19643162
2192,model_6,-0.0767,-0.11909726
2193,model_6,0.0865,0.08876169
2194,model_6,0.1367,0.10940216
2195,model_6,0.4171,0.34860042
2196,model_6,0.0302,0.020387482
2197,model_6,0.2236,0.1790033
2198,model_6,0.081,0.066442646
2199,model_6,-0.0656,-0.09109824
2200,model_6,0.0539,0.09013407
2201,model_6,-0.1132,-0.13652498
2202,model_6,-0.0558,-0.009660192
2203,model_6,0.1718,0.18192202
2204,model_6,0.3226,0.3217046
2205,model_6,0.4012,0.4042484
2206,model_6,0.1964,0.20488423
2207,model_6,0.5025,0.46566418
2208,model_6,0.1479,0.19050883
2209,model_6,0.2188,0.22929253
2210,model_6,0.7906,0.6672805
2211,model_6,-0.0018,0.0430804
2212,model_6,0.0094,0.014018189
2213,model_6,-0.0241,-0.0110108815
2214,model_6,0.133,0.124147765
2215,model_6,0.1703,0.17765251
2216,model_6,0.3239,0.36788738
2217,model_6,0.6986,0.6902879
2218,model_6,0.4268,0.4013529
2219,model_6,0.1748,0.2141899
2220,model_6,0.6091,0.63938576
2221,model_6,0.2514,0.261796
2222,model_6,0.1115,0.10186016
2223,model_6,0.0825,0.10036803
2224,model_6,0.1045,0.027970182
2225,model_6,0.0228,0.030002236
2226,model_6,0.2188,0.23741767
2227,model_6,0.488,0.34103197
2228,model_6,0.2498,0.22315116
2229,model_6,0.4969,0.5630946
2230,model_6,0.0161,0.06644148
2231,model_6,0.2558,0.2968917
2232,model_6,0.0944,0.12122661
2233,model_6,0.1596,0.2525056
2234,model_6,0.0603,0.11434583
2235,model_6,0.427,0.3974955
2236,model_6,-0.0324,-0.015917566
2237,model_6,0.0983,0.28287673
2238,model_6,0.9195,0.90450907
2239,model_6,-0.0046,0.031134449
2240,model_6,0.4353,0.44706795
2241,model_6,0.4979,0.4704134
2242,model_6,0.2926,0.24153596
2243,model_6,0.3598,0.36200225
2244,model_6,0.5293,0.49675578
2245,model_6,0.6086,0.5550183
2246,model_6,0.1407,0.07762622
2247,model_6,0.2129,0.24904677
2248,model_6,-0.0813,0.012075765
2249,model_6,-0.0861,-0.14954466
2250,model_6,0.3607,0.40101677
2251,model_6,0.0736,0.0531856
2252,model_6,0.4956,0.49648738
2253,model_6,-0.0069,0.0005198349
2254,model_6,-0.0042,0.019679327
2255,model_6,0.3008,0.29026827
2256,model_6,0.5262,0.48823243
2257,model_6,0.5154,0.48472467
2258,model_6,0.5462,0.51586527
2259,model_6,0.2079,0.11690159
2260,model_6,0.1106,0.12812166
2261,model_6,0.4812,0.4248368
2262,model_6,0.306,0.45312092
2263,model_6,0.1829,0.33332515
2264,model_6,0.4184,0.3340457
2265,model_6,0.0843,0.07865542
2266,model_6,0.2674,0.30749825
2267,model_6,0.3302,0.21184629
2268,model_6,0.0586,0.09623124
2269,model_6,0.5998,0.58246905
2270,model_6,0.145,0.16666362
2271,model_6,-0.1423,-0.16289283
2272,model_6,0.0996,0.07489386
2273,model_6,0.1298,0.1659903
2274,model_6,0.2488,0.5582995
2275,model_6,0.3637,0.33497128
2276,model_6,0.0805,0.05868708
2277,model_6,0.4003,0.38756207
2278,model_6,0.2231,0.1987833
2279,model_6,0.1833,0.2570756
2280,model_6,-0.0799,-0.11303529
2281,model_6,-0.1773,-0.19207174
2282,model_6,0.6467,0.64353853
2283,model_6,0.0156,-0.019333519
2284,model_6,0.6895,0.613504
2285,model_6,0.3761,0.36950263
2286,model_6,0.5106,0.32930595
2287,model_6,0.0337,0.039351784
2288,model_6,-0.0027,-0.016123772
2289,model_6,0.346,0.3542127
2290,model_6,0.2623,0.30856583
2291,model_6,0.2178,0.2651276
2292,model_6,0.9141,0.8767582
2293,model_6,-0.0143,0.012440786
2294,model_6,0.4648,0.4463098
2295,model_6,0.095,0.14736846
2296,model_6,0.2232,0.22345167
2297,model_6,0.4625,0.2944576
2298,model_6,0.3511,0.330364
2299,model_6,0.4746,0.4996039
2300,model_6,0.1545,0.006447301
2301,model_6,1.0283,1.0362641
2302,model_6,0.2753,0.31599885
2303,model_6,0.0433,-0.13725929
2304,model_6,0.1429,0.11743316
2305,model_6,0.3277,0.32375267
2306,model_6,0.126,0.19217196
2307,model_6,0.8278,0.79841393
2308,model_6,-0.0626,-0.073434345
2309,model_6,0.2406,0.2207327
2310,model_6,0.1607,0.11701002
2311,model_6,0.2547,0.18394579
2312,model_6,0.2051,0.19132464
2313,model_6,0.1338,0.14517191
2314,model_6,0.3423,0.51970536
2315,model_6,0.1036,0.10016444
2316,model_6,0.0942,0.0761599
2317,model_6,0.3219,0.29164234
2318,model_6,0.0404,-0.0033030803
2319,model_6,0.5314,0.46447477
2320,model_6,-0.0495,-0.019994942
2321,model_6,0.2012,0.16694704
2322,model_6,0.0395,0.0016059377
2323,model_6,-0.0871,-0.12320161
2324,model_6,0.3962,0.37785023
2325,model_6,0.0128,0.0313314
2326,model_6,0.6109,0.59697866
2327,model_6,-0.0456,-0.059660036
2328,model_6,0.191,0.112277105
2329,model_6,0.0226,0.093197264
2330,model_6,0.1018,0.1698998
2331,model_6,0.0441,0.022792418
2332,model_6,0.3571,0.358699
2333,model_6,0.1164,0.09566552
2334,model_6,0.3579,0.3407388
2335,model_6,0.3431,0.36121595
2336,model_6,0.0919,0.08116158
2337,model_6,0.0966,0.08913382
2338,model_6,0.0786,0.24660188
2339,model_6,0.2287,0.18814828
2340,model_6,-0.0612,-0.11856829
2341,model_6,0.7831,0.7762243
2342,model_6,0.0844,0.10422155
2343,model_6,0.0551,0.036526337
2344,model_6,0.2589,0.2053527
2345,model_6,0.3022,0.24726775
2346,model_6,0.0914,0.0881987
2347,model_6,0.2766,0.3381754
2348,model_6,0.2123,0.21535406
2349,model_6,0.0611,0.17963447
2350,model_6,0.1277,0.15132728
2351,model_6,0.3579,0.35263085
2352,model_6,0.5922,0.7090348
2353,model_6,0.4146,0.43196142
2354,model_6,0.1249,0.09530362
2355,model_6,0.225,0.12879288
2356,model_6,0.1307,0.1134824
2357,model_6,0.2502,0.3850813
2358,model_6,0.0479,0.014383627
2359,model_6,0.0683,0.07496798
2360,model_6,0.1091,0.1911137
2361,model_6,0.0273,0.06835304
2362,model_6,0.3553,0.41627005
2363,model_6,-0.0426,-0.14707112
2364,model_6,0.0502,0.41335928
2365,model_6,0.3118,0.2142019
2366,model_6,0.1987,0.21807446
2367,model_6,0.385,0.41706812
2368,model_6,-0.0992,-0.05049481
2369,model_6,0.4363,0.37053618
2370,model_6,-0.1531,-0.168818
2371,model_6,0.1138,0.103888236
2372,model_6,0.3308,0.34718245
2373,model_6,0.3607,0.39923632
2374,model_6,0.2634,0.25388214
2375,model_6,0.1535,0.14845094
2376,model_6,0.0753,0.07140948
2377,model_6,0.5317,0.48314714
2378,model_6,0.1409,0.15120728
2379,model_6,0.0704,0.0279199
2380,model_6,0.2197,0.27113745
2381,model_6,0.922,0.89244574
2382,model_6,0.3426,0.39340693
2383,model_6,0.2733,0.25547168
2384,model_6,0.1191,0.08782105
2385,model_6,0.0177,-0.03973
2386,model_6,0.1661,0.2471067
2387,model_6,0.0241,0.021792106
2388,model_6,0.4024,0.4179461
2389,model_6,-0.043,-0.090522446
2390,model_6,-0.0965,-0.10376826
2391,model_6,0.5143,0.4194436
2392,model_6,-0.0147,-0.064899646
2393,model_6,0.1855,0.23946269
2394,model_6,-0.1254,-0.060259033
2395,model_6,0.1937,0.18011226
2396,model_6,0.0672,0.04743987
2397,model_6,0.1045,0.073790416
2398,model_6,0.0468,0.13562256
2399,model_6,0.2008,0.18853928
2400,model_6,0.0697,0.08081664
2401,model_6,0.0472,0.06748909
2402,model_6,0.7333,0.71208686
2403,model_6,0.0066,0.029813675
2404,model_6,0.2445,0.2661465
2405,model_6,0.3397,0.33826512
2406,model_6,0.2334,0.26700726
2407,model_6,0.125,0.18557273
2408,model_6,0.3493,0.18933783
2409,model_6,0.0261,0.01667904
2410,model_6,0.2084,0.16919866
2411,model_6,0.414,0.45274168
2412,model_6,0.3211,0.3041719
2413,model_6,0.1561,0.19129966
2414,model_6,-0.0465,0.075701036
2415,model_6,-0.1737,-0.1890581
2416,model_6,0.7037,0.7668341
2417,model_6,-0.0949,-0.11968507
2418,model_6,0.0636,0.049932737
2419,model_6,-0.0622,-0.06559354
2420,model_6,0.0604,0.09902434
2421,model_6,0.2381,0.18743765
2422,model_6,-0.0401,0.07162403
2423,model_6,0.2792,0.27464798
2424,model_6,0.0646,0.081233054
2425,model_6,0.5045,0.52716845
2426,model_6,-0.1945,-0.14663441
2427,model_6,0.0937,0.091184504
2428,model_6,-0.1968,-0.21286461
2429,model_6,-0.0879,-0.04143685
2430,model_6,0.4961,0.33699444
2431,model_6,-0.0307,-0.037764024
2432,model_6,0.2957,0.27050683
2433,model_6,0.197,0.2286892
2434,model_6,0.4483,0.44366542
2435,model_6,0.1704,0.14480427
2436,model_6,0.1531,0.16625264
2437,model_6,0.0805,0.08972044
2438,model_6,0.2078,0.19418445
2439,model_6,0.0391,0.02954626
2440,model_6,0.0785,0.15019871
2441,model_6,0.1768,0.19759057
2442,model_6,0.086,0.117101416
2443,model_6,-0.178,-0.18821274
2444,model_6,0.0338,0.12472919
2445,model_6,0.0736,0.09122009
2446,model_6,0.2707,0.15125522
2447,model_6,0.5197,0.55813193
2448,model_6,0.2642,0.32543984
2449,model_6,0.3548,0.32799426
2450,model_6,0.3396,0.32817742
2451,model_6,-0.048,-0.09247533
2452,model_6,0.3061,0.26456913
2453,model_6,-0.0196,0.015516298
2454,model_6,0.5351,0.52412933
2455,model_6,0.1002,0.1154985
2456,model_6,-0.0815,-0.10343029
2457,model_6,0.0846,0.077293076
2458,model_6,0.2176,0.21189874
2459,model_6,0.6511,0.67967314
2460,model_6,-0.1873,-0.2845258
2461,model_6,0.2092,0.24527618
2462,model_6,-0.11,-0.044930544
2463,model_6,0.4118,0.38897192
2464,model_6,0.0125,0.027475225
2465,model_6,0.3009,0.25870782
2466,model_6,0.4287,0.4616142
2467,model_6,0.0551,0.06533085
2468,model_6,0.834,0.7579268
2469,model_6,-0.0629,-0.09114135
2470,model_6,-0.038,0.006673791
2471,model_6,0.4538,0.4186704
2472,model_6,0.1704,0.12026198
2473,model_6,0.4131,0.4334672
2474,model_6,0.2959,0.2731823
2475,model_6,0.0551,-0.0066641276
2476,model_6,0.0596,0.05840131
2477,model_6,-0.1162,-0.0581141
2478,model_6,0.5159,0.49369133
2479,model_6,0.4329,0.45846957
2480,model_6,0.1717,0.14492534
2481,model_6,0.3216,0.37315312
2482,model_6,0.2397,0.24208868
2483,model_6,0.8918,0.88932675
2484,model_6,0.3256,0.25627798
2485,model_6,0.636,0.7216254
2486,model_6,0.2361,0.13989364
2487,model_6,0.267,0.29194453
2488,model_6,0.5361,0.5755196
2489,model_6,0.1518,0.16415758
2490,model_6,0.0232,0.031400796
2491,model_6,0.2436,0.27569845
2492,model_6,0.2046,0.18801782
2493,model_6,0.1929,0.17215501
2494,model_6,0.0415,0.06300112
2495,model_6,0.087,0.108524635
2496,model_6,-0.049,-0.036749016
2497,model_6,0.2735,0.2196077
2498,model_6,0.3099,0.2802631
2499,model_6,0.5557,0.7271951
2500,model_6,-0.0168,0.013710447
2501,model_6,0.1962,0.17504711
2502,model_6,0.128,0.14504242
2503,model_6,0.5142,0.4508615
2504,model_6,0.0515,-0.0005696607
2505,model_6,0.1594,0.45111695
2506,model_6,0.2551,0.29060373
2507,model_6,0.2396,0.26046354
2508,model_6,0.3163,0.3468951
2509,model_6,0.2979,0.24770519
2510,model_6,0.2351,0.22556064
2511,model_6,0.2938,0.2534242
2512,model_6,0.4776,0.45059487
2513,model_6,0.1903,0.18596488
2514,model_6,0.8565,0.8045745
2515,model_6,0.5138,0.48844776
2516,model_6,0.6757,0.679295
2517,model_6,0.3403,0.3136663
2518,model_6,0.137,0.052782673
2519,model_6,0.1746,0.12610975
2520,model_6,0.1493,0.09370802
2521,model_6,-0.0492,-0.012174159
2522,model_6,0.4227,0.4520356
2523,model_6,0.4245,0.40910202
2524,model_6,0.6463,0.6517734
2525,model_6,0.1008,0.057453178
2526,model_6,0.4314,0.41892385
2527,model_6,0.4532,0.48337266
2528,model_6,0.291,0.30653796
2529,model_6,0.1376,0.13534501
2530,model_6,0.5847,0.6347025
2531,model_6,0.4638,0.47619873
2532,model_6,0.1733,0.18008885
2533,model_6,0.3214,0.2757966
2534,model_6,-0.0151,0.018597182
2535,model_6,0.1374,0.07123497
2536,model_6,0.4054,0.31915274
2537,model_6,0.2734,0.35646212
2538,model_6,0.0193,0.44037223
2539,model_6,0.2894,0.2615371
2540,model_6,1.0078,0.9704018
2541,model_6,0.4983,0.451572
2542,model_6,0.0486,0.053253856
2543,model_6,0.2746,0.07078935
2544,model_6,0.1106,0.098247826
2545,model_6,0.0978,0.10733938
2546,model_6,0.0907,-0.087184146
2547,model_6,0.8122,0.8426672
2548,model_6,-0.023,-0.0058312933
2549,model_6,0.0733,0.11924069
2550,model_6,0.5258,0.51541954
2551,model_6,0.1525,0.15194651
2552,model_6,0.768,0.75587076
2553,model_6,0.0506,0.08654249
2554,model_6,0.313,0.317369
2555,model_6,0.1369,0.15974067
2556,model_6,0.3134,0.30594647
2557,model_6,0.2892,0.28534335
2558,model_6,0.2155,0.23123975
2559,model_6,0.1167,0.17479135
2560,model_6,0.1557,0.17939468
2561,model_6,-0.0525,-0.0035542673
2562,model_6,0.1108,0.086532526
2563,model_6,0.3512,0.339223
2564,model_6,0.7159,0.6432365
2565,model_6,0.0628,0.043075606
2566,model_6,0.8403,0.8588677
2567,model_6,0.3443,0.32400396
2568,model_6,0.1947,0.17976238
2569,model_6,0.1618,0.29819375
2570,model_6,0.0141,0.06426444
2571,model_6,0.5061,0.42241347
2572,model_6,0.3179,0.28407037
2573,model_6,0.2998,0.3048194
2574,model_6,0.4863,0.5254425
2575,model_6,0.1439,0.34567574
2576,model_6,0.4728,0.36095893
2577,model_6,0.116,0.16169186
2578,model_6,0.381,0.40573388
2579,model_6,-0.1074,-0.048132587
2580,model_6,0.1181,0.47670397
2581,model_6,0.477,0.40715238
2582,model_6,0.5098,0.5326066
2583,model_6,0.3188,0.2806708
2584,model_6,0.5059,0.29999727
2585,model_6,0.0844,0.07720041
2586,model_6,0.1045,-0.023813581
2587,model_6,0.1494,0.35211152
2588,model_6,0.0213,0.033181004
2589,model_6,0.2679,0.24444905
2590,model_6,0.1921,0.17388327
2591,model_6,0.4574,0.36140656
2592,model_6,0.0495,0.13064837
2593,model_6,-0.199,-0.21773686
2594,model_6,0.2485,0.34556302
2595,model_6,0.1158,0.040794257
2596,model_6,0.2572,0.22311127
2597,model_6,-0.0152,-0.04319513
2598,model_6,0.6111,0.670035
2599,model_6,0.2669,0.25926432
2600,model_6,0.1268,0.1277083
2601,model_6,0.3886,0.33372483
2602,model_6,0.187,0.25345162
2603,model_6,-0.0063,0.036667492
2604,model_6,0.1124,0.09866976
2605,model_6,0.5441,0.4982981
2606,model_6,0.1208,0.09192531
2607,model_6,0.0166,0.03057169
2608,model_6,0.1085,0.0623822
2609,model_6,0.1971,0.19578576
2610,model_6,0.1604,0.12838079
2611,model_6,0.2465,0.34703743
2612,model_6,0.012,0.0006650989
2613,model_6,0.4643,0.44984058
2614,model_6,0.22,0.24803607
2615,model_6,0.4975,0.469234
2616,model_6,0.1846,0.14169843
2617,model_6,0.4857,0.42498398
2618,model_6,0.0707,0.09894812
2619,model_6,0.1119,0.052614167
2620,model_6,0.2441,0.29371303
2621,model_6,0.144,0.1473861
2622,model_6,0.4107,0.43596005
2623,model_6,0.5787,0.66622114
2624,model_6,0.1498,0.13863857
2625,model_6,0.0684,0.06906852
2626,model_6,0.173,0.19543919
2627,model_6,0.179,0.14564964
2628,model_6,-0.0701,0.063175656
2629,model_6,0.1104,0.11208089
2630,model_6,0.2888,0.21249068
2631,model_6,-0.0609,0.004566072
2632,model_6,0.1403,0.13920335
2633,model_6,-0.1751,-0.20178543
2634,model_6,0.7206,0.714667
2635,model_6,0.6308,0.58876795
2636,model_6,0.4534,0.4061919
2637,model_6,0.4743,0.4515823
2638,model_6,0.152,0.13086401
2639,model_6,0.0171,0.016241949
2640,model_6,0.711,0.7055114
2641,model_6,-0.0394,-0.0024576276
2642,model_6,0.301,0.273649
2643,model_6,0.9379,0.8803037
2644,model_6,0.2645,0.2657296
2645,model_6,0.1274,0.12903328
2646,model_6,0.1756,0.17738478
2647,model_6,0.0605,0.045300588
2648,model_6,0.3481,0.32884198
2649,model_6,0.1336,0.15891509
2650,model_6,0.1011,0.081971705
2651,model_6,-0.008,-0.067314595
2652,model_6,0.0706,0.06437757
2653,model_6,0.1649,0.13463828
2654,model_6,0.1702,0.13810049
2655,model_6,0.4097,0.42712525
2656,model_6,-0.088,-0.09723638
2657,model_6,0.04,0.03330123
2658,model_6,0.3692,0.32120582
2659,model_6,0.1376,0.19352928
2660,model_6,0.4638,0.4061345
2661,model_6,0.5813,0.576057
2662,model_6,0.2439,0.26079717
2663,model_6,0.4032,0.38652474
2664,model_6,0.2606,0.27104497
2665,model_6,0.0893,0.1634272
2666,model_6,-0.1402,-0.116948925
2667,model_6,0.2795,0.25887248
2668,model_6,0.4434,0.45319706
2669,model_6,0.2694,0.2782531
2670,model_6,0.362,0.37076116
2671,model_6,0.4093,0.3575251
2672,model_6,0.4058,0.36834112
2673,model_6,0.3144,0.14905046
2674,model_6,-0.004,-0.02037843
2675,model_6,0.0647,0.09951947
2676,model_6,0.0591,0.08083295
2677,model_6,-0.0967,-0.112163514
2678,model_6,-0.0669,-0.10440015
2679,model_6,0.0572,0.08740132
2680,model_6,0.0566,0.124419905
2681,model_6,0.1546,0.10003197
2682,model_6,0.4367,0.4346355
2683,model_6,0.0801,0.15240142
2684,model_6,-0.0431,0.09440563
2685,model_6,0.2057,0.19401766
2686,model_6,0.0793,0.100213654
2687,model_6,0.2068,0.21854869
2688,model_6,0.4708,0.40830916
2689,model_6,0.0485,0.019729624
2690,model_6,0.183,0.1620415
2691,model_6,0.0672,0.07375707
2692,model_6,0.0733,0.038862657
2693,model_6,0.1141,0.12091034
2694,model_6,0.295,0.26672328
2695,model_6,0.4157,0.38305303
2696,model_6,0.0603,0.07504308
2697,model_6,0.0512,0.06305797
2698,model_6,0.5054,0.46280417
2699,model_6,0.0788,0.074221
2700,model_6,-0.1578,-0.1877743
2701,model_6,0.4295,0.40952948
2702,model_6,0.0835,0.11252882
2703,model_6,0.1894,0.18384573
2704,model_6,0.2404,0.25384235
2705,model_6,0.1741,0.11335524
2706,model_6,0.3223,0.39568067
2707,model_6,0.0523,0.10516604
2708,model_6,0.3088,0.3160463
2709,model_6,0.5778,0.55225986
2710,model_6,-0.0242,0.06659422
2711,model_6,0.1516,0.111203395
2712,model_6,0.3212,0.29832914
2713,model_6,0.081,0.06285387
2714,model_6,0.0695,0.04321963
2715,model_6,0.1831,0.20035066
2716,model_6,0.5478,0.50523835
2717,model_6,1.1613,1.1357807
2718,model_6,-0.0134,-0.005854417
2719,model_6,0.4061,0.30234495
2720,model_6,0.2026,0.20519488
2721,model_6,-0.059,-0.013237823
2722,model_6,0.1121,0.22884455
2723,model_6,0.2821,0.340088
2724,model_6,-0.1552,-0.101100944
2725,model_6,0.8197,0.8405512
2726,model_6,-0.0421,-0.021425407
2727,model_6,0.4188,0.40586036
2728,model_6,0.1104,0.14916177
2729,model_6,0.1979,0.2160205
2730,model_6,0.0696,0.09373498
2731,model_6,-0.113,-0.071390815
2732,model_6,0.4122,0.35951918
2733,model_6,0.0738,0.09590243
2734,model_6,-0.0634,0.014893869
2735,model_6,0.3446,0.33227888
2736,model_6,0.365,0.32958788
2737,model_6,0.6248,0.6060053
2738,model_6,0.4825,0.43528116
2739,model_6,0.7402,0.7717549
2740,model_6,0.3751,0.36745048
2741,model_6,0.7701,0.80707395
2742,model_6,0.0874,0.0953223
2743,model_6,0.198,0.14062925
2744,model_6,-0.0457,-0.042892855
2745,model_6,0.3826,0.34413657
2746,model_6,-0.0204,-0.06359899
2747,model_6,0.2721,0.30251527
2748,model_6,-0.1113,-0.14837082
2749,model_6,0.1288,0.08470683
2750,model_6,0.7548,0.685908
2751,model_6,0.2201,0.1388619
2752,model_6,0.202,0.43709254
2753,model_6,0.4803,0.5137972
2754,model_6,0.0207,0.018928008
2755,model_6,0.255,0.31247914
2756,model_6,-0.1476,-0.1426531
2757,model_6,0.3636,0.33688727
2758,model_6,-0.2053,-0.21932174
2759,model_6,0.6387,0.66133994
2760,model_6,0.0142,-0.011609722
2761,model_6,0.2466,0.27756667
2762,model_6,0.0913,0.07921477
2763,model_6,0.0021,-0.06951372
2764,model_6,0.5609,0.5263438
2765,model_6,-0.0314,0.024051702
2766,model_6,0.533,0.51436156
2767,model_6,-0.0139,0.02393457
2768,model_6,0.3253,0.3117211
2769,model_6,0.0541,0.033602353
2770,model_6,-0.121,-0.18886018
2771,model_6,0.0941,0.14350085
2772,model_6,-0.0379,0.04137929
2773,model_6,0.1564,0.08069066
2774,model_6,0.0291,-0.027504653
2775,model_6,0.0497,0.06607165
2776,model_6,0.2115,0.17560142
2777,model_6,0.1558,0.12145871
2778,model_6,0.229,0.21998423
2779,model_6,0.4195,0.4179415
2780,model_6,0.1375,0.07918974
2781,model_6,0.1183,0.058203313
2782,model_6,0.2866,0.25118837
2783,model_6,0.072,0.060497057
2784,model_6,0.1293,0.15565416
2785,model_6,0.2,0.28148875
2786,model_6,0.9549,0.8968911
2787,model_6,0.1836,0.17595415
2788,model_6,-0.1808,-0.15310341
2789,model_6,0.5419,0.54430324
2790,model_6,0.7448,0.73527974
2791,model_6,0.9199,0.9202922
2792,model_6,0.2716,0.2641631
2793,model_6,0.129,0.12873548
2794,model_6,0.2663,0.22731677
2795,model_6,0.1831,0.13279045
2796,model_6,0.1104,0.10309529
2797,model_6,0.2008,0.17955647
2798,model_6,0.1213,0.09161362
2799,model_6,0.1551,0.17320144
2800,model_6,0.1768,0.15158308
2801,model_6,0.2214,0.23357977
2802,model_6,0.0654,0.042766575
2803,model_6,0.712,0.726231
2804,model_6,-0.0287,0.021493634
2805,model_6,0.0894,0.082615994
2806,model_6,0.4599,0.41849932
2807,model_6,0.1651,0.14099228
2808,model_6,-0.0718,-0.10710464
2809,model_6,0.0238,0.050851338
2810,model_6,0.1011,0.12256342
2811,model_6,0.1144,0.1015433
2812,model_6,0.572,0.59250766
2813,model_6,0.4166,0.40255204
2814,model_6,0.3491,0.2673233
2815,model_6,0.0615,0.06342553
2816,model_6,0.1096,0.14491785
2817,model_6,0.2829,0.29543558
2818,model_6,0.0008,0.014230935
2819,model_6,0.1525,0.009617796
2820,model_6,0.4546,0.36735564
2821,model_6,0.1334,0.15119042
2822,model_6,0.2839,0.23471537
2823,model_6,0.1906,0.22208953
2824,model_6,0.213,0.1615274
2825,model_6,0.1827,0.23298106
2826,model_6,0.0978,0.08496188
2827,model_6,0.4653,0.41508266
2828,model_6,0.2917,0.2894877
2829,model_6,0.11,0.18971857
2830,model_6,-0.0511,0.1471461
2831,model_6,0.0439,0.14732699
2832,model_6,0.5813,0.548969
2833,model_6,0.9559,0.95744497
2834,model_6,0.5317,0.47656193
2835,model_6,0.0793,0.040680245
2836,model_6,0.2812,0.31837925
2837,model_6,0.3936,0.18466745
2838,model_6,0.2717,0.39469698
2839,model_6,0.1414,0.11159754
2840,model_6,-0.0268,0.015230736
2841,model_6,0.2783,0.30156726
2842,model_6,0.0123,0.014877558
2843,model_6,0.2159,0.30816475
2844,model_6,0.3469,0.27746463
2845,model_6,0.3581,0.31714675
2846,model_6,0.2815,0.19247814
2847,model_6,0.7182,0.67494476
2848,model_6,0.2981,0.14059642
2849,model_6,0.8081,0.7891839
2850,model_6,0.2227,0.13046733
2851,model_6,0.3392,0.29470128
2852,model_6,0.4283,0.39840725
2853,model_6,0.1231,0.1223757
2854,model_6,-0.1411,-0.121254504
2855,model_6,0.0618,0.047682244
2856,model_6,-0.0746,-0.09757553
2857,model_6,0.2387,0.15036489
2858,model_6,0.1575,0.17809199
2859,model_6,-0.0002,-0.0062191472
2860,model_6,-0.1061,-0.17177625
2861,model_6,0.0181,0.04148009
2862,model_6,0.0531,0.08270837
2863,model_6,0.0097,0.031256404
2864,model_6,0.3695,0.37499464
2865,model_6,0.133,0.09861512
2866,model_6,0.1619,0.19992873
2867,model_6,0.0965,0.14030875
2868,model_6,0.1873,0.13267508
2869,model_6,0.0996,0.09834381
2870,model_6,0.2355,0.23402008
2871,model_6,0.6972,0.71160215
2872,model_6,0.6764,0.615081
2873,model_6,0.162,0.13394596
2874,model_6,0.2932,0.31911767
2875,model_6,0.708,0.6959954
2876,model_6,0.0376,0.050357375
2877,model_6,0.5975,0.61134297
2878,model_6,0.2726,0.3410831
2879,model_6,0.343,0.38286155
2880,model_6,-0.0864,-0.119216606
2881,model_6,0.1737,0.114676856
2882,model_6,0.0168,0.15487698
2883,model_6,0.7592,0.78321564
2884,model_6,0.069,-0.01029169
2885,model_6,-0.0097,0.03125047
2886,model_6,0.1976,0.23155835
2887,model_6,0.0327,0.02821291
2888,model_6,0.2297,0.284366
2889,model_6,-0.11,-0.10279742
2890,model_6,0.3816,0.27061215
2891,model_6,-0.0654,-0.029612657
2892,model_6,0.1343,0.091379955
2893,model_6,0.2299,0.27090058
2894,model_6,0.0747,0.08305584
2895,model_6,0.2501,0.21716823
2896,model_6,0.3993,0.32287163
2897,model_6,0.5603,0.5070111
2898,model_6,0.0661,0.008227082
2899,model_6,-0.0478,-0.0023666597
2900,model_6,-0.0151,0.036689922
2901,model_6,-0.0039,0.037096538
2902,model_6,0.0683,0.1361438
2903,model_6,0.317,0.2886807
2904,model_6,-0.0525,-0.011943664
2905,model_6,0.0731,0.09412642
2906,model_6,0.1575,0.1834726
2907,model_6,0.1224,0.15427074
2908,model_6,0.6519,0.7094354
2909,model_6,0.2109,0.1986043
2910,model_6,0.2305,0.20849939
2911,model_6,0.4973,0.5552227
2912,model_6,0.0522,0.02477679
2913,model_6,0.1025,0.1658545
2914,model_6,0.494,0.48530203
2915,model_6,0.3771,0.39320678
2916,model_6,0.0532,0.004402476
2917,model_6,-0.0039,0.05885746
2918,model_6,-0.0468,-0.034784228
2919,model_6,0.3474,0.35825014
2920,model_6,0.3348,0.38501728
2921,model_6,0.096,0.06716622
2922,model_6,0.2047,0.20607609
2923,model_6,0.1487,0.13768089
2924,model_6,0.3968,0.34480768
2925,model_6,0.1393,0.103560805
2926,model_6,0.0373,0.05983651
2927,model_6,0.0595,0.030483164
2928,model_6,0.1507,0.3049128
2929,model_6,0.3371,0.3222524
2930,model_6,0.0646,0.089160144
2931,model_6,0.2739,0.2979057
2932,model_6,0.1617,0.04836813
2933,model_6,0.0773,0.06052019
2934,model_6,0.5016,0.50953186
2935,model_6,0.7514,0.7614531
2936,model_6,0.3941,0.5441873
2937,model_6,0.0639,0.035785243
2938,model_6,0.1032,0.122898825
2939,model_6,0.034,-0.03958267
2940,model_6,0.4648,0.43674803
2941,model_6,0.1292,0.17107774
2942,model_6,0.0748,-0.044294883
2943,model_6,0.5571,0.5699696
2944,model_6,0.3841,0.27615824
2945,model_6,0.7342,0.76132417
2946,model_6,0.2777,0.18148308
2947,model_6,0.1518,0.16401936
2948,model_6,0.2754,0.2413649
2949,model_6,0.351,0.34211802
2950,model_6,0.1627,0.07728185
2951,model_6,0.0476,0.1861299
2952,model_6,0.1803,0.22031061
2953,model_6,0.001,-0.11709436
2954,model_6,0.2471,0.13361111
2955,model_6,-0.0259,0.013407057
2956,model_6,0.3038,0.25193888
2957,model_6,0.3526,0.31026906
2958,model_6,0.4114,0.40550616
2959,model_6,0.8326,0.8067932
2960,model_6,0.5686,0.5327959
2961,model_6,0.3817,0.3613735
2962,model_6,0.2909,0.30776322
2963,model_6,-0.0004,-0.012143509
2964,model_6,0.4612,0.3287036
2965,model_6,0.1945,0.20405024
2966,model_6,-0.0064,-0.0007367744
2967,model_6,-0.1578,-0.10333848
2968,model_6,0.1332,-0.04921092
2969,model_6,-0.2225,-0.1866323
2970,model_6,0.1706,0.11327258
2971,model_6,0.1249,0.14739066
2972,model_6,0.3952,0.4269837
2973,model_6,0.0501,0.028287943
2974,model_6,-0.0417,-0.01861228
2975,model_6,0.2336,0.2054131
2976,model_6,-0.0104,0.0055051898
2977,model_6,0.0423,0.026295992
2978,model_6,0.2468,0.27443644
2979,model_6,0.7972,0.7946474
2980,model_6,-0.0754,-0.094836846
2981,model_6,0.1768,0.116070665
2982,model_6,0.0331,-0.010119896
2983,model_6,0.349,0.34709626
2984,model_6,0.1351,0.21669596
2985,model_6,-0.0318,-0.053287234
2986,model_6,0.3173,0.3153921
2987,model_6,0.6903,0.6827977
2988,model_6,1.0198,1.0463561
2989,model_6,0.6015,0.56890076
2990,model_6,0.2088,0.25252077
2991,model_6,0.1859,0.17007422
2992,model_6,0.1461,0.17112103
2993,model_6,0.3376,0.25611243
2994,model_6,0.1203,0.16378602
2995,model_6,0.3384,0.29505545
2996,model_6,0.3399,0.1394988
2997,model_6,0.1993,0.17109813
2998,model_6,0.0457,0.054113444
2999,model_6,-0.072,0.010127036
3000,model_6,0.3183,0.31146634
3001,model_6,0.1977,0.12692344
3002,model_6,0.3407,0.31066167
3003,model_6,0.0959,0.054570902
3004,model_6,0.1344,0.18305664
3005,model_6,1.116,1.08349
3006,model_6,0.0012,0.007356184
3007,model_6,-0.032,0.08302128
3008,model_6,0.0125,0.01804678
3009,model_6,0.0428,0.070678994
3010,model_6,-0.0225,0.027895376
3011,model_6,0.2641,0.30026668
3012,model_6,0.0665,0.08739071
3013,model_6,0.812,0.82831806
3014,model_6,0.4073,0.3946095
3015,model_6,0.3601,0.28182468
3016,model_6,0.1684,0.12782079
3017,model_6,0.0668,0.09271465
3018,model_6,0.0622,0.09860559
3019,model_6,0.1732,0.1421328
3020,model_6,0.6512,0.702117
3021,model_6,0.0296,-0.026201058
3022,model_6,0.4594,0.4337686
3023,model_6,-0.0529,-0.067482665
3024,model_6,-0.1511,-0.14818084
3025,model_6,0.1905,0.18055335
3026,model_6,0.4529,0.425594
3027,model_6,0.065,0.06637205
3028,model_6,0.0903,0.0396529
3029,model_6,0.567,0.58191663
3030,model_6,0.1446,0.13607557
3031,model_6,-0.1101,-0.10716836
3032,model_6,0.2391,0.23129082
3033,model_6,0.3111,0.30210072
3034,model_6,0.3564,0.37029126
3035,model_6,0.1524,0.20314196
3036,model_6,0.3037,0.3917635
3037,model_6,0.2039,0.23893778
3038,model_6,0.1688,0.24543738
3039,model_6,0.0667,0.15870209
3040,model_6,0.065,0.100978814
3041,model_6,0.4168,0.50441307
3042,model_6,0.2504,0.22751139
3043,model_6,0.3378,0.29750377
3044,model_6,0.2383,0.23450993
3045,model_6,0.4149,0.413696
3046,model_6,0.2233,0.27789944
3047,model_6,0.1489,0.055492166
3048,model_6,-0.1265,-0.11103457
3049,model_6,0.1119,0.06592187
3050,model_6,0.2301,0.23596618
3051,model_6,0.4027,0.29045194
3052,model_6,0.1859,0.12886983
3053,model_6,0.1359,0.16815142
3054,model_6,0.2019,0.18643363
3055,model_6,0.473,0.4879997
3056,model_6,0.373,0.30708903
3057,model_6,0.7679,0.81680137
3058,model_6,0.7296,0.71190566
3059,model_6,0.525,0.42573336
3060,model_6,0.0748,0.10832982
3061,model_6,0.1301,0.06310235
3062,model_6,0.1936,0.20533822
3063,model_6,0.1093,0.097315244
3064,model_6,0.1363,0.10812884
3065,model_6,0.7056,0.69567734
3066,model_6,0.1997,0.3131004
3067,model_6,-0.0066,0.031976327
3068,model_6,0.2679,0.2551536
3069,model_6,0.109,0.113713235
3070,model_6,0.2212,0.22903317
3071,model_6,0.8021,0.76258314
3072,model_6,0.3986,0.23965396
3073,model_6,0.2138,0.15186343
3074,model_6,0.6021,0.5621689
3075,model_6,0.0557,0.071078464
3076,model_6,0.643,0.6406042
3077,model_6,0.1144,0.072893135
3078,model_6,0.5098,0.51964664
3079,model_6,0.0597,0.060647946
3080,model_6,0.4467,0.4686092
3081,model_6,0.3538,0.36956996
3082,model_6,0.253,0.25649843
3083,model_6,0.4904,0.6194086
3084,model_6,0.1567,0.058223993
3085,model_6,0.536,0.4984629
3086,model_6,0.3107,0.2999031
3087,model_6,0.3635,0.39313972
3088,model_6,0.1915,0.51825434
3089,model_6,0.2688,0.19865
3090,model_6,0.4026,0.16990635
3091,model_6,-0.1449,-0.19565578
3092,model_6,0.2329,0.21252221
3093,model_6,0.2307,0.28958613
3094,model_6,0.1961,0.18650398
3095,model_6,0.4937,0.50017416
3096,model_6,0.5188,0.5531912
3097,model_6,0.1087,0.07382335
3098,model_6,0.2592,0.25514224
3099,model_6,-1e-04,0.034609392
3100,model_6,0.5164,0.46127012
3101,model_6,0.2575,0.2929213
3102,model_6,0.7767,0.79251295
3103,model_6,0.2654,0.17614773
3104,model_6,0.8086,0.78895503
3105,model_6,0.2012,0.20271096
3106,model_6,0.4143,0.38768005
3107,model_6,0.4287,0.44042274
3108,model_6,0.3068,0.3013999
3109,model_6,0.1004,0.06931211
3110,model_6,0.0432,0.024952762
3111,model_6,0.0026,-0.014330894
3112,model_6,0.4618,0.50366217
3113,model_6,-0.0379,-0.0121348165
3114,model_6,0.16,0.14303243
3115,model_6,0.1129,0.11764328
3116,model_6,0.0983,0.028939446
3117,model_6,0.2667,0.28949323
3118,model_6,0.3638,0.35017923
3119,model_6,0.188,0.2477746
3120,model_6,0.0731,0.049243126
3121,model_6,0.237,0.23994231
3122,model_6,0.8496,0.791419
3123,model_6,0.1039,0.14630947
3124,model_6,0.077,0.0636524
3125,model_6,0.1919,0.18807621
3126,model_6,0.1334,0.103955455
3127,model_6,0.5913,0.603683
3128,model_6,0.2739,0.35778672
3129,model_6,-0.0012,-0.02280231
3130,model_6,0.3474,0.3731079
3131,model_6,0.1156,0.105690956
3132,model_6,0.181,0.2150072
3133,model_6,0.3708,0.20821759
3134,model_6,0.5903,0.597645
3135,model_6,0.1406,0.13271792
3136,model_6,0.052,-0.0010290085
3137,model_6,0.4092,0.34399587
3138,model_6,0.7462,0.7477718
3139,model_6,0.1965,0.2553685
3140,model_6,0.134,0.07325259
3141,model_6,-0.0432,-0.07308158
3142,model_6,0.7668,0.7379101
3143,model_6,0.1089,0.09142685
3144,model_6,0.0966,0.120814025
3145,model_6,-0.0281,-0.041579165
3146,model_6,0.2637,0.359161
3147,model_6,0.2676,0.29288483
3148,model_6,0.0641,0.05718061
3149,model_6,0.3679,0.36343423
3150,model_6,0.1104,0.14448819
3151,model_6,0.3658,0.3242646
3152,model_6,-0.0219,0.01696879
3153,model_6,0.3275,0.31326947
3154,model_6,0.1682,0.2100247
3155,model_6,0.6757,0.6846385
3156,model_6,0.132,0.16924205
3157,model_6,0.094,0.15515068
3158,model_6,0.2696,0.20179898
3159,model_6,0.8463,0.8477389
3160,model_6,0.7415,0.7082303
3161,model_6,0.4011,0.2927702
3162,model_6,-0.0832,-0.11086422
3163,model_6,0.5934,0.6459529
3164,model_6,0.2312,0.1828987
3165,model_6,0.3181,0.33130476
3166,model_6,0.2114,0.22556767
3167,model_6,0.2494,0.28433734
3168,model_6,0.4243,0.4012069
3169,model_6,0.1994,0.17514513
3170,model_6,0.0444,0.042507876
3171,model_6,-0.0306,0.06412294
3172,model_6,0.1191,0.0767387
3173,model_6,-0.0247,-0.016251002
3174,model_6,0.1284,0.07424286
3175,model_6,0.0439,-0.021058872
3176,model_6,0.6146,0.6096818
3177,model_6,-0.1272,-0.15941015
3178,model_6,0.011,0.0064664776
3179,model_6,0.1329,0.13431036
3180,model_6,0.3416,0.23677287
3181,model_6,0.0102,0.0012916769
3182,model_6,0.2188,0.3194644
3183,model_6,0.3535,0.2785992
3184,model_6,0.0208,0.009391455
3185,model_6,-0.0226,0.044161703
3186,model_6,0.4674,0.48128718
3187,model_6,0.4476,0.5225757
3188,model_6,0.0496,0.04942338
3189,model_6,0.0699,0.06280271
3190,model_6,0.5009,0.5376616
3191,model_6,0.383,0.35208172
3192,model_6,0.1534,0.0843596
3193,model_6,0.0933,0.10755566
3194,model_6,0.0568,0.15225403
3195,model_6,0.0991,0.08993983
3196,model_6,0.0701,0.024301277
3197,model_6,0.1787,0.2278741
3198,model_6,0.3846,0.33322743
3199,model_6,-0.1014,-0.14805391
3200,model_6,0.5025,0.43861973
3201,model_6,0.1353,0.19669564
3202,model_6,0.4225,0.3588325
3203,model_6,0.096,0.11571859
3204,model_6,0.1939,0.21586299
3205,model_6,-0.1599,-0.15411477
3206,model_6,0.1196,0.1367778
3207,model_6,-0.0186,-0.07899599
3208,model_6,0.3634,0.34828132
3209,model_6,0.2477,0.24985921
3210,model_6,0.0576,0.1367716
3211,model_6,0.0585,-0.0038084532
3212,model_6,0.2514,0.10676719
3213,model_6,0.18,0.24894355
3214,model_6,0.2688,0.21405041
3215,model_6,0.3999,0.17436193
3216,model_6,0.3508,0.29531926
3217,model_6,0.2449,0.19390035
3218,model_6,0.9078,0.90527046
3219,model_6,0.3642,0.36260366
3220,model_6,0.2055,0.21981369
3221,model_6,0.2434,0.20098393
3222,model_6,0.0596,0.1733231
3223,model_6,0.142,0.20447439
3224,model_6,0.2461,0.23847637
3225,model_6,0.2262,0.23885053
3226,model_6,0.2009,0.20644766
3227,model_6,0.1282,0.069264956
3228,model_6,0.0832,0.13809866
3229,model_6,0.1574,0.18781309
3230,model_6,0.602,0.5881534
3231,model_6,0.1021,0.07613152
3232,model_6,0.1541,0.2163937
3233,model_6,-0.0436,0.013310108
3234,model_6,0.0549,0.040945716
3235,model_6,0.4987,0.4695205
3236,model_6,0.4339,0.38587928
3237,model_6,0.3403,0.2718019
3238,model_6,0.1667,0.17711888
3239,model_6,0.2684,0.2823941
3240,model_6,0.1164,0.11395487
3241,model_6,0.8516,0.76802963
3242,model_6,0.0576,0.048745304
3243,model_6,0.1006,0.10721902
3244,model_6,0.16,0.20450892
3245,model_6,0.1729,0.25686
3246,model_6,0.1221,0.110860676
3247,model_6,-0.0683,-0.052415118
3248,model_6,0.0299,0.06567388
3249,model_6,0.072,0.087684676
3250,model_6,0.327,0.33765745
3251,model_6,-0.0099,-0.06762747
3252,model_6,0.5201,0.18961404
3253,model_6,0.0754,0.08139891
3254,model_6,0.1612,0.20383835
3255,model_6,0.2095,0.2360404
3256,model_6,0.1619,0.1262407
3257,model_6,0.1429,0.15318832
3258,model_6,0.7818,0.77074254
3259,model_6,0.2033,0.2934323
3260,model_6,0.5158,0.40659
3261,model_6,0.442,0.47086522
3262,model_6,0.2076,0.16286683
3263,model_6,0.2299,0.3522008
3264,model_6,-0.1343,-0.04991343
3265,model_6,0.3973,0.37877426
3266,model_6,0.3604,0.34607768
3267,model_6,0.4247,0.4541522
3268,model_6,0.2449,0.27893057
3269,model_6,0.2551,0.21991155
3270,model_6,0.4912,0.34542242
3271,model_6,0.079,0.06801903
3272,model_6,-0.0562,0.0010213074
3273,model_6,0.1278,0.15971504
3274,model_6,0.0876,0.15133694
3275,model_6,0.0201,0.024355255
3276,model_6,0.1311,0.09741047
3277,model_6,0.1661,0.2178457
3278,model_6,0.0573,0.106215134
3279,model_6,-0.0154,-0.049305078
3280,model_6,-0.1227,-0.13427347
3281,model_6,0.1431,0.144004
3282,model_6,0.1698,0.14933385
3283,model_6,0.28,0.3245439
3284,model_6,0.0619,0.021467902
3285,model_6,0.0299,0.047660787
3286,model_6,-0.118,-0.17244373
3287,model_6,-0.1557,-0.16732429
3288,model_6,0.558,0.5638797
3289,model_6,0.5502,0.52746195
3290,model_6,0.2097,0.2123537
3291,model_6,0.0531,0.031061426
3292,model_6,-0.138,-0.18100932
3293,model_6,0.1359,0.16093832
3294,model_6,0.1406,0.114299595
3295,model_6,0.0288,-0.005681665
3296,model_6,0.1586,0.21181023
3297,model_6,-0.0963,-0.17404264
3298,model_6,0.2686,0.26090145
3299,model_6,0.7435,0.73462164
3300,model_6,-0.0387,0.0077668657
3301,model_6,0.1107,0.1360377
3302,model_6,0.8116,0.78205323
3303,model_6,0.2259,0.2589955
3304,model_6,0.8793,0.91043127
3305,model_6,0.0675,0.032204986
3306,model_6,0.091,-0.15067248
3307,model_6,0.1391,0.17012893
3308,model_6,0.1889,0.18669783
3309,model_6,0.0667,0.013828883
3310,model_6,0.1976,0.25668237
3311,model_6,0.0444,0.041779738
3312,model_6,0.1462,0.13417527
3313,model_6,0.2989,0.29776865
3314,model_6,0.016,0.01842516
3315,model_6,0.152,0.1743612
3316,model_6,0.0268,0.035079394
3317,model_6,0.2714,0.2215988
3318,model_6,0.1718,0.18670538
3319,model_6,0.0326,0.019469203
3320,model_6,0.1275,0.14725392
3321,model_6,0.2503,0.29617542
3322,model_6,0.0235,0.003954842
3323,model_6,0.2183,0.25024992
3324,model_6,0.4182,0.3868683
3325,model_6,0.1785,0.18227848
3326,model_6,0.1968,0.20132369
3327,model_6,-0.0389,-0.025201272
3328,model_6,-0.0369,-0.0050294935
3329,model_6,0.1474,0.10767807
3330,model_6,0.0826,0.040545538
3331,model_6,0.2632,0.18995994
3332,model_6,0.6335,0.5277195
3333,model_6,0.4473,0.3699145
3334,model_6,0.0067,0.20460622
3335,model_6,0.3347,0.3015171
3336,model_6,0.1941,0.18754798
3337,model_6,0.2748,0.2832268
3338,model_6,0.2408,0.2779864
3339,model_6,0.1541,0.15687269
3340,model_6,0.9762,0.97400224
3341,model_6,0.2449,0.19665174
3342,model_6,0.3096,0.275655
3343,model_6,0.4709,0.4918123
3344,model_6,0.0738,0.11470608
3345,model_6,0.3729,0.3498441
3346,model_6,0.2929,0.26310787
3347,model_6,0.2724,0.27772447
3348,model_6,0.5796,0.5684398
3349,model_6,-0.0205,-0.008187268
3350,model_6,0.0404,0.063689984
3351,model_6,0.2824,0.2799597
3352,model_6,-0.0174,0.0052354843
3353,model_6,0.6115,0.6198116
3354,model_6,0.4432,0.37048966
3355,model_6,0.095,0.11229633
3356,model_6,-0.0051,0.019088455
3357,model_6,-0.0358,-0.06615693
3358,model_6,0.8023,0.82031554
3359,model_6,0.4203,0.38429374
3360,model_6,0.2752,0.295095
3361,model_6,0.3164,0.20687655
3362,model_6,0.3154,0.38940823
3363,model_6,0.4061,0.41458184
3364,model_6,0.0607,0.033835534
3365,model_6,0.1046,0.09811973
3366,model_6,-0.0606,-0.07469501
3367,model_6,0.3355,0.32246694
3368,model_6,0.2311,0.27277923
3369,model_6,0.2858,0.3042059
3370,model_6,0.1502,0.14581789
3371,model_6,0.0859,0.05593875
3372,model_6,0.0155,-0.023923876
3373,model_6,0.2385,0.2453776
3374,model_6,0.099,0.07541412
3375,model_6,-0.2022,-0.12153213
3376,model_6,0.1593,0.14933929
3377,model_6,-0.022,-0.007112521
3378,model_6,0.0459,0.029950319
3379,model_6,0.209,0.21382132
3380,model_6,0.1435,0.10464139
3381,model_6,0.0837,0.041888017
3382,model_6,-0.051,-0.053048737
3383,model_6,0.1602,0.19168338
3384,model_6,0.773,0.6969332
3385,model_6,0.2552,0.14205714
3386,model_6,0.0781,0.101854116
3387,model_6,0.2485,0.2576152
3388,model_6,0.3259,0.35870084
3389,model_6,0.2573,0.28886107
3390,model_6,0.0783,0.07738723
3391,model_6,0.0179,0.037085798
3392,model_6,0.3722,0.36323392
3393,model_6,-0.0088,0.0053570964
3394,model_6,0.5566,0.45758492
3395,model_6,0.1077,0.11206349
3396,model_6,-0.0944,-0.164443
3397,model_6,0.3302,0.4313792
3398,model_6,0.2083,0.2794528
3399,model_6,0.105,0.059748095
3400,model_6,-0.0116,-0.028986372
3401,model_6,0.2101,0.2016471
3402,model_6,-0.1705,-0.22207642
3403,model_6,0.1465,0.12766267
3404,model_6,0.011,0.01761251
3405,model_6,0.5119,0.51397425
3406,model_6,0.1776,0.1768133
3407,model_6,0.0397,0.052866083
3408,model_6,0.3828,0.33021381
3409,model_6,0.3046,0.24298769
3410,model_6,-0.066,-0.08339772
3411,model_6,0.0972,0.07914741
3412,model_6,0.5548,0.25845522
3413,model_6,0.5673,0.51679164
3414,model_6,0.097,0.04808224
3415,model_6,0.303,0.27328402
3416,model_6,0.3407,0.27482995
3417,model_6,0.5083,0.48603293
3418,model_6,0.3753,0.32601848
3419,model_6,0.0729,0.057647992
3420,model_6,0.5045,0.52723944
3421,model_6,0.244,0.14020312
3422,model_6,0.1226,0.1443119
3423,model_6,0.0804,0.08476962
3424,model_6,0.7252,0.8015164
3425,model_6,0.2695,0.26246235
3426,model_6,0.2169,0.2306879
3427,model_6,0.2102,0.21185844
3428,model_6,0.974,0.9447891
3429,model_6,0.0688,-0.00795522
3430,model_6,0.1366,0.11301379
3431,model_6,0.1717,0.21350397
3432,model_6,0.0191,0.0017433264
3433,model_6,0.538,0.5417553
3434,model_6,0.4075,0.38470492
3435,model_6,0.1275,0.09958078
3436,model_6,0.0501,0.025855364
3437,model_6,0.2563,0.2477436
3438,model_6,0.9826,0.9285632
3439,model_6,0.0246,0.009234641
3440,model_6,-0.0682,-0.013153657
3441,model_6,-0.0277,-0.07507019
3442,model_6,0.0376,0.17857997
3443,model_6,0.1666,0.1685303
3444,model_6,0.1399,0.11454713
3445,model_6,1.0274,0.97087616
3446,model_6,0.1428,0.0560078
3447,model_6,0.0236,0.05878527
3448,model_6,0.064,0.077584505
3449,model_6,0.4233,0.4552178
3450,model_6,0.6393,0.6191008
3451,model_6,0.3216,0.148533
3452,model_6,-0.0694,-0.02822132
3453,model_6,0.0635,0.05925889
3454,model_6,0.2211,0.26376823
3455,model_6,0.2503,0.131679
3456,model_6,0.3391,0.35610294
3457,model_6,0.0717,0.03204746
3458,model_6,0.5521,0.5316606
3459,model_6,0.0696,0.07173057
3460,model_6,-0.0872,-0.15873668
3461,model_6,0.0945,0.093748346
3462,model_6,0.2557,0.120673716
3463,model_6,0.2183,0.39241692
3464,model_6,0.3217,0.3777845
3465,model_6,0.4158,0.37163758
3466,model_6,0.2957,0.41270152
3467,model_6,0.2495,0.31656566
3468,model_6,0.2327,0.20818007
3469,model_6,0.6501,0.657485
3470,model_6,0.1581,0.052264813
3471,model_6,-0.0835,-0.023124667
3472,model_6,0.0654,0.051800493
3473,model_6,0.197,0.12017067
3474,model_6,0.3412,0.26938933
3475,model_6,0.1847,0.26440346
3476,model_6,0.3729,0.45792142
3477,model_6,0.0323,0.08805594
3478,model_6,0.0401,0.04465696
3479,model_6,0.1231,0.051199183
3480,model_6,0.1799,0.16525964
3481,model_6,0.0995,0.11824835
3482,model_6,0.2019,0.1825529
3483,model_6,0.1524,0.18758029
3484,model_6,0.431,0.44647747
3485,model_6,0.1017,0.20959163
3486,model_6,0.7398,0.7562846
3487,model_6,0.1535,0.15910894
3488,model_6,0.0207,0.031353403
3489,model_6,0.4505,0.40042716
3490,model_6,0.3056,0.24893464
3491,model_6,-0.0474,-0.041966747
3492,model_6,0.1515,0.11676798
3493,model_6,0.0776,0.09646461
3494,model_6,0.1822,0.2058594
3495,model_6,0.0526,0.028194191
3496,model_6,0.1324,0.117849834
3497,model_6,0.4235,0.47075838
3498,model_6,0.0804,0.09160251
3499,model_6,0.4589,0.45566142
3500,model_6,0.0891,0.12604909
3501,model_6,0.5389,0.55790025
3502,model_6,0.1798,0.180259
3503,model_6,0.4174,0.332419
3504,model_6,0.2342,0.23277615
3505,model_6,0.1806,0.20928302
3506,model_6,0.276,0.2691236
3507,model_6,0.1507,0.18316467
3508,model_6,0.166,0.18439408
3509,model_6,0.3293,0.3284164
3510,model_6,0.3523,0.34814844
3511,model_6,0.2044,0.15043133
3512,model_6,0.3894,0.42249078
3513,model_6,0.2867,0.16318467
3514,model_6,0.1079,0.16280864
3515,model_6,0.5068,0.45370728
3516,model_6,0.751,0.7431729
3517,model_6,0.4098,0.39308485
3518,model_6,0.3285,0.31939718
3519,model_6,-0.0824,-0.06609546
3520,model_6,0.3485,0.31549677
3521,model_6,0.6974,0.7277072
3522,model_6,0.1694,0.23757625
3523,model_6,-0.3119,0.051065672
3524,model_6,-0.0031,0.04821806
3525,model_6,0.2454,0.20752089
3526,model_6,0.7885,0.78210664
3527,model_6,0.5902,0.61790216
3528,model_6,0.5612,0.51461124
3529,model_6,0.1329,-0.045805898
3530,model_6,0.3072,0.1458416
3531,model_6,0.7062,0.749151
3532,model_6,0.3474,0.32848927
3533,model_6,0.2665,0.24829869
3534,model_6,0.4367,0.42961615
3535,model_6,0.1662,0.14906682
3536,model_6,0.0353,0.05777766
3537,model_6,-0.1818,-0.1326979
3538,model_6,0.3656,0.3765055
3539,model_6,0.1932,0.15675844
3540,model_6,0.058,0.12765002
3541,model_6,0.09,-0.04631308
3542,model_6,0.0503,0.062085148
3543,model_6,0.4023,0.35606623
3544,model_6,-0.0064,0.018110197
3545,model_6,0.553,0.50525695
3546,model_6,0.504,0.43038172
3547,model_6,0.8109,0.75626075
3548,model_6,0.1264,0.08537732
3549,model_6,0.1614,0.18007578
3550,model_6,0.4891,0.4363337
3551,model_6,0.0395,0.08104378
3552,model_6,-0.1119,-0.12522553
3553,model_6,0.1622,0.18527347
3554,model_6,0.5764,0.51723087
3555,model_6,-0.0684,-0.08662041
3556,model_6,0.1454,0.19150169
3557,model_6,0.0799,-0.03357996
3558,model_6,0.2497,0.2872383
3559,model_6,0.1818,0.19409521
3560,model_6,0.284,0.23987965
3561,model_6,-0.1644,-0.27607396
3562,model_6,0.1897,0.1714449
3563,model_6,0.3775,0.3932104
3564,model_6,0.1648,0.28380895
3565,model_6,0.7259,0.7141288
3566,model_6,0.1479,0.13800104
3567,model_6,0.5309,0.540884
3568,model_6,0.1578,0.06626767
3569,model_6,0.3226,0.30767804
3570,model_6,0.268,0.24058631
3571,model_6,0.1174,0.12909208
3572,model_6,0.2919,0.26763913
3573,model_6,0.0138,0.0973991
3574,model_6,0.3971,0.33926526
3575,model_6,0.2218,0.14331919
3576,model_6,0.138,0.08321105
3577,model_6,0.5182,0.52863747
3578,model_6,0.2542,0.3229532
3579,model_6,0.1709,0.21395205
3580,model_6,0.6848,0.71201766
3581,model_6,0.141,0.1626189
3582,model_6,0.2384,0.22240762
3583,model_6,0.2414,0.21217704
3584,model_6,0.36,0.47095525
3585,model_6,-0.0427,0.00928677
3586,model_6,0.07,0.12061536
3587,model_6,0.3388,0.29265788
3588,model_6,0.1658,0.0855473
3589,model_6,0.0475,0.07283812
3590,model_6,0.5908,0.56999
3591,model_6,-0.1709,-0.15270874
3592,model_6,0.1691,0.14976841
3593,model_6,0.1656,0.18944703
3594,model_6,0.1224,0.17667289
3595,model_6,0.1994,0.21312451
3596,model_6,0.1669,0.20592244
3597,model_6,-0.0821,-0.026345547
3598,model_6,0.6186,0.5508637
3599,model_6,0.0179,0.0109639615
3600,model_6,0.1375,0.1306504
3601,model_6,0.5903,0.58114177
3602,model_6,0.3467,0.32619533
3603,model_6,-0.0263,0.0049216743
3604,model_6,0.4109,0.43051982
3605,model_6,0.6916,0.6828015
3606,model_6,0.416,0.37658906
3607,model_6,0.3132,0.45866278
3608,model_6,-0.0458,0.0076616784
3609,model_6,0.4565,0.28940472
3610,model_6,0.0065,0.041677114
3611,model_6,0.0602,0.080371484
3612,model_6,0.1123,0.13167891
3613,model_6,0.4229,0.42284542
3614,model_6,0.0637,0.06717442
3615,model_6,0.4661,0.4641555
3616,model_6,0.1544,0.2736666
3617,model_6,0.2668,0.2968199
3618,model_6,0.078,0.046335172
3619,model_6,0.5381,0.50788194
3620,model_6,0.2018,0.1611247
3621,model_6,0.419,0.4196993
3622,model_6,0.7334,0.7256349
3623,model_6,0.2755,0.24448758
3624,model_6,0.2632,0.26015335
3625,model_6,0.1449,0.0342318
3626,model_6,0.0531,0.27327156
3627,model_6,0.3051,0.3355463
3628,model_6,0.2991,0.3118889
3629,model_6,-0.0328,-0.013317704
3630,model_6,0.1456,0.16610025
3631,model_6,0.9045,0.90087116
3632,model_6,0.046,0.08815962
3633,model_6,0.3297,0.26834595
3634,model_6,0.0507,0.024571557
3635,model_6,0.1903,0.13733262
3636,model_6,0.305,0.28302437
3637,model_6,0.2131,0.21958134
3638,model_6,0.9545,0.9831714
3639,model_6,0.2816,0.2749918
3640,model_6,0.2306,0.2335498
3641,model_6,0.3441,0.31705463
3642,model_6,0.2367,0.022158012
3643,model_6,0.2614,0.15297805
3644,model_6,0.1789,0.13135755
3645,model_6,0.2887,0.2781592
3646,model_6,-0.0046,-0.020877562
3647,model_6,0.0095,-0.008666884
3648,model_6,0.4523,0.47935054
3649,model_6,0.3158,0.18612826
3650,model_6,0.0769,0.11110233
3651,model_6,0.169,0.2681214
3652,model_6,0.0997,0.1126153
3653,model_6,0.0174,0.07153045
3654,model_6,0.3583,0.40367216
3655,model_6,0.0927,0.062215302
3656,model_6,0.4224,0.34423754
3657,model_6,0.0782,0.09202619
3658,model_6,-0.0229,-0.00025792746
3659,model_6,0.0466,0.12921889
3660,model_6,0.5079,0.4645926
3661,model_6,0.1812,0.16398586
3662,model_6,0.3764,0.27230552
3663,model_6,0.3031,0.3179315
3664,model_6,0.4124,0.47167853
3665,model_6,0.0257,0.035727087
3666,model_6,0.2553,0.2425363
3667,model_6,0.7995,0.86489105
3668,model_6,-0.0158,0.021443037
3669,model_6,0.2759,0.27679843
3670,model_6,0.0193,0.013371113
3671,model_6,0.0859,0.044541817
3672,model_6,0.0331,0.035895355
3673,model_6,-0.0519,-0.059430797
3674,model_6,0.8559,0.8708545
3675,model_6,0.1119,0.09299761
3676,model_6,0.2068,-0.0052152514
3677,model_6,0.2854,0.19060478
3678,model_6,0.3019,0.27656516
3679,model_6,0.5524,0.5270689
3680,model_6,0.0293,0.019802472
3681,model_6,0.2448,0.28412664
3682,model_6,0.2051,0.15447131
3683,model_6,0.3151,0.2979653
3684,model_6,-0.0376,-0.041250933
3685,model_6,0.3825,0.4489715
3686,model_6,0.0664,0.25398865
3687,model_6,0.4325,0.24757044
3688,model_6,0.6083,0.6712729
3689,model_6,0.1179,0.15522088
3690,model_6,0.5172,0.5237825
3691,model_6,0.2364,0.15603541
3692,model_6,0.2215,0.20710382
3693,model_6,0.4638,0.4694603
3694,model_6,0.7501,0.7630379
3695,model_6,-0.0333,-0.008547718
3696,model_6,0.4086,0.37752753
3697,model_6,0.4016,0.39643386
3698,model_6,0.1283,0.1435189
3699,model_6,0.3067,0.2912717
3700,model_6,0.286,0.25787356
3701,model_6,0.1674,0.06749906
3702,model_6,0.1877,0.1300183
3703,model_6,-0.1442,-0.1633495
3704,model_6,0.3073,0.2611181
3705,model_6,0.1844,0.20833538
3706,model_6,0.2551,0.2851849
3707,model_6,-0.0947,-0.06682016
3708,model_6,0.1855,0.19021405
3709,model_6,-0.0191,-0.03778362
3710,model_6,0.4872,0.44446433
3711,model_6,0.1302,0.13180141
3712,model_6,0.0342,0.07647066
3713,model_6,0.3516,0.30807227
3714,model_6,0.2912,0.3078754
3715,model_6,0.0398,0.0659616
3716,model_6,0.0433,0.09392723
3717,model_6,0.1345,0.046924446
3718,model_6,0.2355,0.2187593
3719,model_6,0.5646,0.5233247
3720,model_6,0.3734,0.28618118
3721,model_6,-0.1017,-0.03381875
3722,model_6,0.1619,0.20554346
3723,model_6,0.4155,0.39524215
3724,model_6,-0.1369,-0.14127426
3725,model_6,-0.1773,-0.12635843
3726,model_6,0.256,0.22121988
3727,model_6,0.2411,0.30502975
3728,model_6,0.1399,0.13716744
3729,model_6,0.3377,0.361438
3730,model_6,0.4026,0.3994792
3731,model_6,0.1185,0.1223678
3732,model_6,0.0412,0.027664263
3733,model_6,0.4743,0.48255855
3734,model_6,-0.0943,-0.17945941
3735,model_6,0.5602,0.47660816
3736,model_6,0.6414,0.6110367
3737,model_6,0.025,0.072368115
3738,model_6,0.4345,0.4210962
3739,model_6,0.2413,0.23781338
3740,model_6,0.1842,0.27474
3741,model_6,0.1482,0.19344293
3742,model_6,0.2116,0.22278398
3743,model_6,0.1809,0.19872694
3744,model_6,0.0008,0.057872932
3745,model_6,0.2981,0.3161441
3746,model_6,0.2653,0.29615888
3747,model_6,0.2644,0.26513186
3748,model_6,-0.1238,-0.13146348
3749,model_6,0.5212,0.57155585
3750,model_6,0.1893,0.2039952
3751,model_6,0.1744,0.24304406
3752,model_6,0.1177,0.14082491
3753,model_6,0.0587,0.0617304
3754,model_6,1.0595,1.0489019
3755,model_6,0.6588,0.6086843
3756,model_6,0.1134,0.097471476
3757,model_6,0.1998,0.19288936
3758,model_6,0.3285,0.32883346
3759,model_6,0.1102,0.13156055
3760,model_6,0.4175,0.39604735
3761,model_6,0.251,0.32192862
3762,model_6,0.0609,0.082121
3763,model_6,0.1804,0.22816136
3764,model_6,0.106,0.08093116
3765,model_6,0.1712,0.20482063
3766,model_6,0.187,0.22401476
3767,model_6,0.0654,0.06545222
3768,model_6,0.3935,0.4867729
3769,model_6,0.0958,0.07927333
3770,model_6,0.0533,0.05891933
3771,model_6,0.0653,0.07092716
3772,model_6,0.3742,0.339958
3773,model_6,1.0304,0.98499745
3774,model_6,0.1741,0.1291048
3775,model_6,0.5572,0.512667
3776,model_6,0.2254,0.22929141
3777,model_6,-0.0512,-0.10332259
3778,model_6,-0.2296,-0.21765669
3779,model_6,0.4832,0.47817838
3780,model_6,-0.1329,-0.11893506
3781,model_6,0.4785,0.5301518
3782,model_6,0.3743,0.37758866
3783,model_6,-0.0072,0.02988172
3784,model_6,0.1332,0.1267195
3785,model_6,0.3787,0.40336555
3786,model_6,0.3253,0.34040248
3787,model_6,0.2476,0.2717254
3788,model_6,-0.0354,0.022529326
3789,model_6,0.32,0.27406132
3790,model_6,0.1484,0.1413232
3791,model_6,-0.0343,-0.060601015
3792,model_6,0.277,0.29562873
3793,model_6,0.2425,0.21364997
3794,model_6,-0.0985,-0.13986312
3795,model_6,0.2451,0.23661897
3796,model_6,0.134,0.16195646
3797,model_6,0.074,0.1457182
3798,model_6,0.0589,0.14877054
3799,model_6,0.1314,0.115787044
3800,model_6,0.0602,0.040324576
3801,model_6,0.3729,0.39423484
3802,model_6,0.253,0.26721317
3803,model_6,0.219,0.14445327
3804,model_6,0.0739,0.111803845
3805,model_6,0.1459,0.11989535
3806,model_6,0.1405,0.1255758
3807,model_6,0.7486,0.7452364
3808,model_6,0.1717,0.1939377
3809,model_6,0.1838,0.18316004
3810,model_6,0.2001,0.16697343
3811,model_6,0.7292,0.7330675
3812,model_6,0.3412,0.116999656
3813,model_6,-0.0155,0.013231533
3814,model_6,1.1252,1.1537029
3815,model_6,0.0705,0.077057615
3816,model_6,0.0418,0.0679274
3817,model_6,-0.1063,-0.12382802
3818,model_6,0.2312,0.26461187
3819,model_6,0.7003,0.6528661
3820,model_6,0.1056,0.10567197
3821,model_6,0.3689,0.39372393
3822,model_6,-0.1143,-0.13743958
3823,model_6,0.1096,0.14198089
3824,model_6,0.0644,0.05247399
3825,model_6,0.6392,0.6686341
3826,model_6,0.0918,0.021988735
3827,model_6,0.0655,0.06812801
3828,model_6,0.3044,0.33298537
3829,model_6,0.3341,0.3759849
3830,model_6,0.0544,0.036657423
3831,model_6,0.3984,0.4304891
3832,model_6,0.0921,0.034841318
3833,model_6,0.6543,0.62835985
3834,model_6,0.4395,0.45009065
3835,model_6,0.0618,-0.018053666
3836,model_6,0.2641,0.29944208
3837,model_6,0.1596,0.17994203
3838,model_6,0.4902,0.44668406
3839,model_6,0.4631,0.44898885
3840,model_6,0.3601,0.33195433
3841,model_6,0.0105,0.0046680723
3842,model_6,0.0005,-0.060131047
3843,model_6,-0.1412,-0.16232608
3844,model_6,0.1391,0.09391822
3845,model_6,0.0419,0.07033512
3846,model_6,0.1369,0.10774652
3847,model_6,0.2581,0.3155421
3848,model_6,0.1817,0.21017025
3849,model_6,0.2312,0.16355258
3850,model_6,0.2055,0.1956858
3851,model_6,0.1994,0.2570107
3852,model_6,0.5643,0.5646066
3853,model_6,0.4813,0.40300497
3854,model_6,0.0856,0.07935758
3855,model_6,0.1119,0.09552788
3856,model_6,-0.011,0.024150828
3857,model_6,0.6037,0.65299046
3858,model_6,0.1687,0.13433659
3859,model_6,0.2807,0.26567823
3860,model_6,0.3666,0.37006265
3861,model_6,0.3727,0.3188991
3862,model_6,0.9155,0.8433292
3863,model_6,0.3328,0.32124335
3864,model_6,-0.0481,0.0023868834
3865,model_6,0.0562,0.0926579
3866,model_6,0.3227,0.29393083
3867,model_6,0.3441,0.31542256
3868,model_6,0.109,0.075613216
3869,model_6,0.1845,0.15650119
3870,model_6,0.8216,0.8220779
3871,model_6,0.192,0.123448834
3872,model_6,0.1581,0.18647002
3873,model_6,0.0141,0.17618918
3874,model_6,0.2245,0.30403224
3875,model_6,0.1141,0.07282418
3876,model_6,0.6332,0.608019
3877,model_6,0.3853,0.30227354
3878,model_6,0.3859,0.3926878
3879,model_6,0.0067,0.050154973
3880,model_6,0.1439,0.16232729
3881,model_6,0.1776,0.21234034
3882,model_6,0.5041,0.5210742
3883,model_6,0.0134,0.08368963
3884,model_6,0.2035,0.34311792
3885,model_6,0.2006,0.24765961
3886,model_6,0.2101,0.14596927
3887,model_6,0.2382,0.2516392
3888,model_6,0.4777,0.45511338
3889,model_6,0.612,0.5827176
3890,model_6,0.2098,0.23965548
3891,model_6,0.0809,0.073180795
3892,model_6,0.0901,0.033722594
3893,model_6,0.1981,0.17623188
3894,model_6,0.174,0.17503846
3895,model_6,0.3087,0.32660222
3896,model_6,-0.0632,-0.012830675
3897,model_6,0.3858,0.35943243
3898,model_6,0.0589,0.028134914
3899,model_6,0.3656,0.3526036
3900,model_6,0.2931,0.3054368
3901,model_6,0.2546,0.21100225
3902,model_6,0.1835,0.19682842
3903,model_6,-0.0613,0.017230554
3904,model_6,0.1331,0.14602959
3905,model_6,0.3016,0.21195398
3906,model_6,0.2408,0.28330293
3907,model_6,0.275,0.27687413
3908,model_6,0.616,0.63940257
3909,model_6,0.6724,0.66823554
3910,model_6,0.1178,0.03965387
3911,model_6,0.1716,0.21387655
3912,model_6,0.6781,0.76040727
3913,model_6,0.1301,0.112338066
3914,model_6,0.4894,0.48871133
3915,model_6,0.3506,0.28767565
3916,model_6,0.3536,0.31164083
3917,model_6,0.3403,0.38192874
3918,model_6,0.5063,0.4315129
3919,model_6,0.4601,0.5145213
3920,model_6,0.0225,0.012273587
3921,model_6,0.792,0.75120384
3922,model_6,0.7097,0.71825606
3923,model_6,0.3095,0.30315512
3924,model_6,0.3484,0.27733445
3925,model_6,0.2324,0.23859988
3926,model_6,0.2337,0.1755376
3927,model_6,0.1111,0.07314583
3928,model_6,0.2707,0.3702925
3929,model_6,0.1897,0.101985134
3930,model_6,0.8078,0.75448495
3931,model_6,0.086,0.10792214
3932,model_6,0.5331,0.49424478
3933,model_6,-0.0477,-0.035219576
3934,model_6,0.215,0.1750449
3935,model_6,0.0252,0.047033835
3936,model_6,0.2596,0.29226357
3937,model_6,-0.1229,0.10883239
3938,model_6,0.2592,0.29380462
3939,model_6,0.4042,0.43810737
3940,model_6,0.498,0.46761918
3941,model_6,0.2869,0.305445
3942,model_6,0.9065,0.8858188
3943,model_6,0.0242,0.097540334
3944,model_6,0.2392,0.22295122
3945,model_6,0.2679,0.22553763
3946,model_6,0.0129,-0.011357393
3947,model_6,0.3067,0.39362913
3948,model_6,0.3272,0.2805351
3949,model_6,0.2139,0.17656803
3950,model_6,0.2653,0.3194882
3951,model_6,0.0787,0.071268365
3952,model_6,0.4143,0.3834898
3953,model_6,0.1181,0.34197664
3954,model_6,-0.0286,-0.001141503
3955,model_6,-0.0295,-0.08008827
3956,model_6,0.4011,0.46615234
3957,model_6,0.3036,0.36843646
3958,model_6,0.5759,0.5907678
3959,model_6,0.0457,0.022721913
3960,model_6,0.1588,0.17391399
3961,model_6,0.4304,0.38292688
3962,model_6,0.1268,0.18768345
3963,model_6,0.3052,0.28057343
3964,model_6,0.1262,0.14242208
3965,model_6,0.0774,0.05435521
3966,model_6,0.1436,0.037918564
3967,model_6,0.0964,0.14127433
3968,model_6,0.1654,0.16607295
3969,model_6,0.0685,0.10239957
3970,model_6,-0.0696,-0.031493485
3971,model_6,0.4064,0.44218826
3972,model_6,0.1709,0.23302972
3973,model_6,0.5629,0.5045656
3974,model_6,0.0048,0.023693487
3975,model_6,0.4967,0.41518468
3976,model_6,0.1974,0.20745364
3977,model_6,0.1781,0.14974548
3978,model_6,0.2431,0.35673594
3979,model_6,0.536,0.48414782
3980,model_6,0.4795,0.43599015
3981,model_6,0.3696,0.3829698
3982,model_6,0.3802,0.43930754
3983,model_6,-0.0416,-0.010148821
3984,model_6,0.2533,0.24613358
3985,model_6,0.0302,0.052578557
3986,model_6,0.619,0.6757671
3987,model_6,0.3451,0.36888283
3988,model_6,0.3273,0.30901837
3989,model_6,0.0885,0.019038416
3990,model_6,0.2026,0.15085526
3991,model_6,-0.1207,-0.11043224
3992,model_6,0.1663,0.20416835
3993,model_6,0.0246,0.0075737485
3994,model_6,0.5322,0.5464733
3995,model_6,-0.026,0.033156488
3996,model_6,0.249,0.30014783
3997,model_6,0.2708,0.3029875
3998,model_6,0.0096,0.08551252
3999,model_6,0.3603,0.34370583
4000,model_6,0.0613,0.03661194
4001,model_6,0.0927,0.116013065
4002,model_6,0.0623,0.04086801
4003,model_6,0.3399,0.35462967
4004,model_6,0.2349,0.21572977
4005,model_6,-0.1054,-0.10237791
4006,model_6,0.1305,0.19500937
4007,model_6,0.4299,0.32885697
4008,model_6,0.1967,0.21370088
4009,model_6,0.1221,0.16917747
4010,model_6,-0.0196,-0.058518637
4011,model_6,0.3235,0.41407833
4012,model_6,0.1107,0.07137683
4013,model_6,-0.0428,0.08231911
4014,model_6,0.2556,0.17595235
4015,model_6,-0.0811,-0.0063938755
4016,model_6,0.0188,0.07437293
4017,model_6,0.1388,0.13195527
4018,model_6,0.2929,0.2738639
4019,model_6,-0.1993,-0.2036743
4020,model_6,-0.0737,-0.07512432
4021,model_6,0.2381,0.22154221
4022,model_6,0.321,0.24963771
4023,model_6,0.0623,0.064722136
4024,model_6,0.0993,0.084186606
4025,model_6,0.3033,0.24726298
4026,model_6,0.3624,0.49669194
4027,model_6,-0.1902,-0.20755716
4028,model_6,0.1821,0.21219307
4029,model_6,0.1224,0.019952562
4030,model_6,0.6434,0.656942
4031,model_6,0.0816,0.13781998
4032,model_6,0.2563,0.23063107
4033,model_6,-0.0809,-0.07429183
4034,model_6,0.1272,0.071282744
4035,model_6,0.761,0.7065997
4036,model_6,0.9782,0.99702644
4037,model_6,0.7346,0.76636165
4038,model_6,-0.2718,-0.2816306
4039,model_6,0.099,0.1315959
4040,model_6,0.1593,0.16927555
4041,model_6,0.8308,0.82897586
4042,model_6,0.2463,0.20962706
4043,model_6,-0.1469,-0.14606173
4044,model_6,0.0716,0.088426866
4045,model_6,0.2307,0.20149364
4046,model_6,0.2786,0.22091724
4047,model_6,0.1573,0.14304478
4048,model_6,-0.1255,-0.21187496
4049,model_6,0.083,0.090904355
4050,model_6,0.6141,0.6208382
4051,model_6,0.272,0.28564972
4052,model_6,0.3738,0.39653164
4053,model_6,0.0771,0.13959576
4054,model_6,-0.1552,-0.13736956
4055,model_6,0.0225,-0.018281836
4056,model_6,0.1476,0.22935136
4057,model_6,0.2274,0.25628835
4058,model_6,0.2079,0.13962458
4059,model_6,0.2457,0.2741449
4060,model_6,0.2735,0.2775995
4061,model_6,0.1978,0.1940081
4062,model_6,0.08,0.099113554
4063,model_6,-0.0209,0.051085528
4064,model_6,0.2118,-0.07307254
4065,model_6,0.3023,0.26009798
4066,model_6,0.2539,0.26710033
4067,model_6,0.0707,0.09885987
4068,model_6,0.136,0.10501505
4069,model_6,0.1599,0.17355019
4070,model_6,0.6111,0.548662
4071,model_6,0.3944,0.4930531
4072,model_6,0.0551,0.08194201
4073,model_6,0.4049,0.4129664
4074,model_6,0.2101,0.20079651
4075,model_6,0.4686,0.45515457
4076,model_6,-0.0418,0.02962472
4077,model_6,0.0298,0.0617488
4078,model_6,-0.0136,0.006925125
4079,model_6,0.1846,0.1883368
4080,model_6,0.0284,0.06840098
4081,model_6,0.1338,0.11679785
4082,model_6,0.1026,0.124144845
4083,model_6,0.8321,0.88102734
4084,model_6,0.2663,0.30443376
4085,model_6,0.4497,0.43316114
4086,model_6,0.4376,0.44621992
4087,model_6,0.0306,0.062463846
4088,model_6,0.0394,0.07341401
4089,model_6,-0.203,-0.18505327
4090,model_6,0.2541,0.272221
4091,model_6,0.1894,0.2272301
4092,model_6,0.0872,0.07971971
4093,model_6,0.4771,0.49189687
4094,model_6,0.0681,0.015338838
4095,model_6,-0.0103,-0.09269418
4096,model_6,0.1096,0.11871224
4097,model_6,0.2077,0.06112773
4098,model_6,0.154,0.16302854
4099,model_6,0.2812,0.2400496
4100,model_6,0.5548,0.56135446
4101,model_6,0.1924,0.17576666
4102,model_6,-0.0031,-0.03534413
4103,model_6,-0.0004,-0.029979445
4104,model_6,0.1871,0.20940194
4105,model_6,0.1293,0.20663737
4106,model_6,0.6502,0.66716486
4107,model_6,0.9013,0.8685104
4108,model_6,-0.0305,-0.026293147
4109,model_6,0.319,0.38626435
4110,model_6,-0.1308,-0.1545995
4111,model_6,0.5404,0.5733045
4112,model_6,-0.0398,-0.02059932
4113,model_6,0.2239,0.17605363
4114,model_6,0.2115,0.20829493
4115,model_6,0.1766,0.13345383
4116,model_6,0.1843,0.20674756
4117,model_6,0.0917,0.058602646
4118,model_6,0.1568,0.18883215
4119,model_6,0.4647,0.42169848
4120,model_6,0.4308,0.37114257
4121,model_6,0.2275,0.13416044
4122,model_6,0.4214,0.315941
4123,model_6,0.2582,0.33799958
4124,model_6,0.1072,0.12820648
4125,model_6,0.3005,0.23941182
4126,model_6,0.1624,0.13726087
4127,model_6,0.1631,0.15332189
4128,model_6,0.1303,0.1496627
4129,model_6,0.1131,0.1442134
4130,model_6,0.3484,0.34800804
4131,model_6,0.4595,0.4503403
4132,model_6,0.2166,0.24460487
4133,model_6,0.0623,0.1836409
4134,model_6,0.065,0.035751272
4135,model_6,0.1526,0.16311938
4136,model_6,0.0158,-0.029836703
4137,model_6,0.0356,0.07610384
4138,model_6,0.059,0.17247246
4139,model_6,0.0938,0.1791757
4140,model_6,0.9534,0.9513993
4141,model_6,0.1901,0.21621321
4142,model_6,0.5813,0.5291396
4143,model_6,0.1318,0.1465039
4144,model_6,-0.1775,-0.17337064
4145,model_6,0.1606,0.16904235
4146,model_6,0.0563,0.16635002
4147,model_6,0.1307,0.16707481
4148,model_6,0.2226,0.22595489
4149,model_6,0.7866,0.7837074
4150,model_6,0.2205,0.19786854
4151,model_6,0.4451,0.45921135
4152,model_6,0.156,0.12364118
4153,model_6,-0.1083,-0.06358197
4154,model_6,0.0564,0.050861087
4155,model_6,0.4211,0.41750795
4156,model_6,0.146,0.12773845
4157,model_6,-0.0181,-0.07436046
4158,model_6,0.5689,0.5505495
4159,model_6,0.2777,0.20208423
4160,model_6,0.1707,0.16637835
4161,model_6,0.1485,0.12871304
4162,model_6,0.2455,0.21768957
4163,model_6,-0.0107,-0.027119368
4164,model_6,-0.0609,-0.07278515
4165,model_6,0.4845,0.5302577
4166,model_6,-0.0678,-0.058225486
4167,model_6,0.149,0.13510019
4168,model_6,0.2615,0.324034
4169,model_6,0.4463,0.42318255
4170,model_6,-0.1842,-0.20033138
4171,model_6,-0.0281,-0.03624289
4172,model_6,0.0583,0.07888661
4173,model_6,0.9045,0.8949204
4174,model_6,0.4643,0.4467376
4175,model_6,0.3083,0.27804556
4176,model_6,0.3324,0.34518772
4177,model_6,0.72,0.7394538
4178,model_6,0.6579,0.64382917
4179,model_6,0.1855,0.14847548
4180,model_6,0.2354,0.1731664
4181,model_6,0.3258,0.34700996
4182,model_6,0.0164,0.008468354
4183,model_6,1.0375,0.97351056
4184,model_6,0.316,0.28837028
4185,model_6,-0.0123,0.02128921
4186,model_6,0.15,0.13673186
4187,model_6,0.3945,0.38554853
4188,model_6,0.0588,0.07973183
4189,model_6,0.703,0.7159311
4190,model_6,0.7689,0.74345994
4191,model_6,0.0864,0.103218205
4192,model_6,0.1213,0.1409914
4193,model_6,0.0583,0.0140748825
4194,model_6,0.1236,0.21713287
4195,model_6,0.1675,0.20453186
4196,model_6,0.1384,0.2757784
4197,model_6,0.0729,0.06903832
4198,model_6,0.3622,0.35856992
4199,model_6,0.0907,0.093920685
4200,model_6,0.8115,0.84365076
4201,model_6,-0.094,0.077544324
4202,model_6,0.2585,0.26339093
4203,model_6,0.1499,0.17073812
4204,model_6,0.1691,0.18500501
4205,model_6,0.662,0.7105767
4206,model_6,-0.0127,-0.06958996
4207,model_6,0.6682,0.6443031
4208,model_6,0.099,0.057182714
4209,model_6,0.3809,0.38105237
4210,model_6,0.5435,0.5688278
4211,model_6,-0.0243,-0.06617966
4212,model_6,-0.0053,0.03884692
4213,model_6,0.3056,0.28345713
4214,model_6,0.0373,-0.0032158974
4215,model_6,0.8759,0.8914445
4216,model_6,0.2478,0.25494465
4217,model_6,0.2162,0.16637635
4218,model_6,0.0773,0.07840359
4219,model_6,0.3395,0.33786437
4220,model_6,0.9355,0.887423
4221,model_6,0.613,0.6420254
4222,model_6,-0.1075,-0.06219815
4223,model_6,0.0822,0.11415578
4224,model_6,0.0108,0.083222024
4225,model_6,0.259,0.259598
4226,model_6,0.5039,0.46889827
4227,model_6,0.3222,0.40865684
4228,model_6,0.0214,0.029249828
4229,model_6,0.0952,0.07308279
4230,model_6,0.081,0.081293754
4231,model_6,-0.0042,0.09981073
4232,model_6,0.4702,0.63890547
4233,model_6,0.554,0.49229717
4234,model_6,-0.0034,0.035011217
4235,model_6,-0.0684,-0.055916417
4236,model_6,0.39,0.42644626
4237,model_6,0.2728,0.26276714
4238,model_6,0.0363,0.083884254
4239,model_6,0.1011,0.13670713
4240,model_6,0.7641,0.7339969
4241,model_6,0.0253,0.0041449103
4242,model_6,0.9953,0.99931246
4243,model_6,0.0248,0.12685835
4244,model_6,0.8611,0.8963393
4245,model_6,0.0561,0.057139117
4246,model_6,-0.0583,-0.13569601
4247,model_6,0.2976,0.28185922
4248,model_6,0.4372,0.44947577
4249,model_6,0.3029,0.26778528
4250,model_6,-0.0356,0.010373706
4251,model_6,0.1042,0.0862012
4252,model_6,0.0965,0.085241
4253,model_6,0.4579,0.44250333
4254,model_6,0.2938,0.27129975
4255,model_6,0.2888,0.31680682
4256,model_6,0.171,0.21297297
4257,model_6,0.119,0.07091235
4258,model_6,0.0013,0.02554891
4259,model_6,0.2895,0.3037516
4260,model_6,0.1301,0.101847254
4261,model_6,0.2691,0.19069138
4262,model_6,-0.0018,0.06729333
4263,model_6,-0.0533,0.039132025
4264,model_6,-0.0197,0.0029115467
4265,model_6,-0.1484,-0.20137583
4266,model_6,0.1951,0.21894366
4267,model_6,0.4055,0.46708435
4268,model_6,0.1106,0.08475925
4269,model_6,0.0583,0.056543816
4270,model_6,0.3938,0.3670959
4271,model_6,0.3675,0.31226915
4272,model_6,0.226,0.16945717
4273,model_6,0.1813,0.17899261
4274,model_6,0.3399,0.2249795
4275,model_6,0.5554,0.5810185
4276,model_6,0.3334,0.3554545
4277,model_6,0.188,0.18326831
4278,model_6,0.4514,0.43224347
4279,model_6,0.7766,0.69051343
4280,model_6,0.014,0.021785956
4281,model_6,0.5141,0.5452225
4282,model_6,0.6249,0.6456308
4283,model_6,-0.0204,0.063850954
4284,model_6,-0.0292,0.022359526
4285,model_6,-0.0013,-0.026374701
4286,model_6,0.521,0.49641
4287,model_6,0.0204,0.09995651
4288,model_6,0.1793,0.19797635
4289,model_6,0.1437,0.0887135
4290,model_6,0.3305,0.27392578
4291,model_6,0.2216,0.22618955
4292,model_6,0.143,0.21250822
4293,model_6,0.1599,0.13941799
4294,model_6,0.4018,0.2924217
4295,model_6,0.3214,0.28540778
4296,model_6,-0.0285,0.11843144
4297,model_6,0.4932,0.45728272
4298,model_6,0.0513,0.05567067
4299,model_6,0.2945,0.28217655
4300,model_6,0.5139,0.45462933
4301,model_6,0.0032,0.05513725
4302,model_6,-0.0776,-0.00029434962
4303,model_6,0.7907,0.80182666
4304,model_6,0.0768,0.07869755
4305,model_6,0.3617,0.3863504
4306,model_6,-0.0198,-0.021875013
4307,model_6,0.6612,0.6260137
4308,model_6,0.1361,0.101011135
4309,model_6,0.5632,0.594095
4310,model_6,0.9331,0.9341249
4311,model_6,0.0125,-0.16360629
4312,model_6,0.0072,-0.028007753
4313,model_6,0.7001,0.76964694
4314,model_6,0.034,0.0054818993
4315,model_6,0.4225,0.3939098
4316,model_6,0.1126,0.1605722
4317,model_6,0.0721,-0.0068585365
4318,model_6,0.1665,0.16632657
4319,model_6,0.078,0.0759017
4320,model_6,0.06,-0.007630279
4321,model_6,0.1683,0.19708231
4322,model_6,0.096,0.13326092
4323,model_6,0.4518,0.45857453
4324,model_6,0.0037,0.018199695
4325,model_6,0.2332,0.1609973
4326,model_6,0.2451,0.19270562
4327,model_6,0.1306,0.12839527
4328,model_6,0.4912,0.40253228
4329,model_6,0.438,0.41911936
4330,model_6,0.3898,0.41540205
4331,model_6,0.3649,0.40682673
4332,model_6,0.3244,0.39357772
4333,model_6,0.3028,0.29855964
4334,model_6,-0.187,-0.19516638
4335,model_6,0.1084,-0.037921585
4336,model_6,0.5668,0.5131794
4337,model_6,-0.1221,-0.077326156
4338,model_6,0.085,0.1364613
4339,model_6,0.063,0.06388766
4340,model_6,0.4078,0.32019496
4341,model_6,0.2179,0.23882839
4342,model_6,0.1821,0.17714965
4343,model_6,0.933,0.9512693
4344,model_6,0.5797,0.54709685
4345,model_6,0.1825,0.17512037
4346,model_6,0.8254,0.8852364
4347,model_6,0.2645,0.3739863
4348,model_6,-0.0714,-0.14332509
4349,model_6,-0.0069,0.064066194
4350,model_6,0.0945,0.28693745
4351,model_6,0.3143,0.2985196
4352,model_6,-0.1018,-0.12155816
4353,model_6,0.6001,0.5267585
4354,model_6,0.1164,-0.12737383
4355,model_6,0.095,0.1182532
4356,model_6,-0.0098,0.036118418
4357,model_6,0.8549,0.8716384
4358,model_6,0.2036,0.279715
4359,model_6,0.2435,0.21096975
4360,model_6,0.1837,0.18747932
4361,model_6,0.0951,0.09721427
4362,model_6,0.516,0.47551557
4363,model_6,0.1125,0.21596755
4364,model_6,0.1863,0.13696453
4365,model_6,0.2154,0.26965877
4366,model_6,0.1181,0.20367679
4367,model_6,0.2475,0.29638848
4368,model_6,0.067,0.13942574
4369,model_6,0.852,0.86453545
4370,model_6,0.0897,0.061580915
4371,model_6,0.4416,0.44432122
4372,model_6,0.5557,0.5810817
4373,model_6,0.2298,0.19154909
4374,model_6,-0.1654,-0.17053188
4375,model_6,0.0125,0.04536061
4376,model_6,0.0092,0.028295066
4377,model_6,-0.0897,-0.13399279
4378,model_6,0.3822,0.35809603
4379,model_6,0.5789,0.5677251
4380,model_6,0.4113,0.36294034
4381,model_6,-0.1034,-0.15194854
4382,model_6,0.1985,0.18293914
4383,model_6,0.8832,0.847404
4384,model_6,0.1488,0.16291162
4385,model_6,0.2965,0.2637408
4386,model_6,0.6032,0.60423195
4387,model_6,-0.0282,-0.017291632
4388,model_6,0.0569,0.0040438906
4389,model_6,0.093,0.083264396
4390,model_6,-0.0459,-0.08341271
4391,model_6,0.2319,0.15328334
4392,model_6,0.2506,0.26041755
4393,model_6,0.4566,0.45061886
4394,model_6,0.1457,0.19231363
4395,model_6,-0.0914,-0.11271583
4396,model_6,0.2942,0.24139787
4397,model_6,0.5262,0.53207576
4398,model_6,0.0416,0.0033076168
4399,model_6,0.7257,0.7464509
4400,model_6,0.6308,0.64997166
4401,model_6,0.2491,0.21974152
4402,model_6,-0.0274,0.1266429
4403,model_6,0.2292,0.15960082
4404,model_6,0.3416,0.293809
4405,model_6,0.3634,0.36731178
4406,model_6,0.3837,0.3604254
4407,model_6,0.1869,0.18924133
4408,model_6,0.364,0.27654183
4409,model_6,0.2319,0.21591115
4410,model_6,0.626,0.6376873
4411,model_6,0.0966,0.07575224
4412,model_6,0.2582,0.22822239
4413,model_6,0.1185,0.044018965
4414,model_6,-0.0204,-0.006214353
4415,model_6,0.4945,0.4105213
4416,model_6,0.7915,0.80789393
4417,model_6,0.1871,0.1990305
4418,model_6,0.4433,0.41471335
4419,model_6,0.5355,0.3576399
4420,model_6,0.2359,0.20791411
4421,model_6,-0.1723,-0.18511137
4422,model_6,0.7331,0.7540717
4423,model_6,0.017,0.12345978
4424,model_6,0.0468,0.0904863
4425,model_6,0.1081,0.08587384
4426,model_6,0.5169,0.5393741
4427,model_6,0.1581,0.14251865
4428,model_6,0.2716,0.23157158
4429,model_6,-0.0091,0.08946437
4430,model_6,0.2845,0.27511382
4431,model_6,0.1614,0.14471877
4432,model_6,0.2325,0.23971578
4433,model_6,0.2657,0.23477122
4434,model_6,0.3382,0.36899388
4435,model_6,0.0557,0.0023139096
4436,model_6,0.0353,0.021257104
4437,model_6,0.4631,0.43593824
4438,model_6,0.2054,0.205416
4439,model_6,0.2047,0.19187024
4440,model_6,0.2656,0.33888406
4441,model_6,0.4777,0.4893121
4442,model_6,0.4064,0.40696597
4443,model_6,0.0242,0.0118651595
4444,model_6,0.4592,0.21922
4445,model_6,0.3243,0.31476852
4446,model_6,0.1352,0.07872291
4447,model_6,0.0255,0.015348351
4448,model_6,0.763,0.73752314
4449,model_6,0.3208,0.3700386
4450,model_6,0.263,0.22604027
4451,model_6,-0.1737,-0.15073143
4452,model_6,0.06,0.079709716
4453,model_6,0.1509,0.14708057
4454,model_6,0.0046,0.012059644
4455,model_6,0.1508,0.22393608
4456,model_6,0.4075,0.44261384
4457,model_6,-0.0958,-0.09834751
4458,model_6,0.6353,0.62367594
4459,model_6,0.0677,0.062067218
4460,model_6,0.0777,0.11754501
4461,model_6,0.3265,0.35602713
4462,model_6,0.4886,0.49632815
4463,model_6,0.3461,0.31446725
4464,model_6,0.2767,0.31618348
4465,model_6,0.028,0.044362117
4466,model_6,-0.0594,-0.04994011
4467,model_6,0.2676,0.296621
4468,model_6,0.6202,0.60000366
4469,model_6,0.6222,0.6103102
4470,model_6,0.2337,0.20498264
4471,model_6,0.0217,0.059800025
4472,model_6,0.0808,0.07605167
4473,model_6,0.6454,0.6072909
4474,model_6,0.2006,0.21558924
4475,model_6,0.0439,-0.021977752
4476,model_6,0.0938,0.08603643
4477,model_6,0.1716,0.17300166
4478,model_6,0.3675,0.35409784
4479,model_6,0.0772,0.08455932
4480,model_6,0.0081,0.05139574
4481,model_6,0.3238,0.31391686
4482,model_6,0.2074,0.24003583
4483,model_6,-0.1353,-0.16992855
4484,model_6,0.1654,0.17195004
4485,model_6,0.138,0.11711219
4486,model_6,0.1193,0.15421519
4487,model_6,0.3876,0.31022155
4488,model_6,0.2061,0.23884884
4489,model_6,0.1914,0.21224293
4490,model_6,0.1146,0.0331534
4491,model_6,0.3428,0.3060726
4492,model_6,0.2016,0.2124853
4493,model_6,0.004,-0.029179119
4494,model_6,-0.0615,-0.022692263
4495,model_6,0.0115,0.0046538697
4496,model_6,0.3994,0.4130839
4497,model_6,0.3747,0.38135037
4498,model_6,-0.0404,-0.059962425
4499,model_6,0.1129,0.10653263
4500,model_6,0.0254,0.11134393
4501,model_6,0.3359,0.384741
4502,model_6,0.3289,0.42007005
4503,model_6,0.2501,0.28726405
4504,model_6,0.0667,0.110876046
4505,model_6,0.376,0.32861924
4506,model_6,0.2322,0.23955749
4507,model_6,0.6713,0.6547038
4508,model_6,0.2583,0.23360705
4509,model_6,-0.1739,-0.14440107
4510,model_6,0.4033,0.35873905
4511,model_6,0.3128,0.22612858
4512,model_6,0.225,0.30762678
4513,model_6,0.4413,0.3673352
4514,model_6,0.5502,0.46497935
4515,model_6,-0.1033,-0.12709263
4516,model_6,0.4696,0.46925855
4517,model_6,0.1569,0.11078693
4518,model_6,0.7745,0.7768679
4519,model_6,0.0668,0.07111404
4520,model_6,0.2269,0.24463291
4521,model_6,0.319,0.30356076
4522,model_6,0.7016,0.6790853
4523,model_6,0.4465,0.36016357
4524,model_6,0.7297,0.79566395
4525,model_6,0.1823,0.1422213
4526,model_6,0.0871,0.16048685
4527,model_6,0.9148,0.903856
4528,model_6,0.3055,0.32664478
4529,model_6,0.1637,0.15483227
4530,model_6,0.043,-0.005659058
4531,model_6,0.4691,0.477557
4532,model_6,-0.0116,0.022512494
4533,model_6,0.0677,0.07386678
4534,model_6,1.0351,0.96052617
4535,model_6,0.2866,0.3133695
4536,model_6,0.5892,0.57847404
4537,model_6,0.2871,0.27763802
4538,model_6,0.3392,0.36927882
4539,model_6,0.1945,0.18949717
4540,model_6,-0.0428,-0.00022422662
4541,model_6,0.1463,0.14740083
4542,model_6,0.4978,0.49122095
4543,model_6,0.0223,0.048178744
4544,model_6,-0.2064,-0.20511714
4545,model_6,0.132,0.21542041
4546,model_6,0.4167,0.4139548
4547,model_6,0.2501,0.25285935
4548,model_6,0.2171,0.17348634
4549,model_6,0.1105,0.1239044
4550,model_6,0.0503,0.039725214
4551,model_6,0.2735,0.2209643
4552,model_6,0.0873,0.04734834
4553,model_6,0.5796,0.5518463
4554,model_6,0.0003,0.014203573
4555,model_6,-0.0934,-0.07780801
4556,model_6,0.1482,0.15100518
4557,model_6,0.0249,0.036652066
4558,model_6,0.4947,0.5259025
4559,model_6,0.0184,0.04497659
4560,model_6,0.0993,0.007122124
4561,model_6,0.187,0.19231263
4562,model_6,0.0136,0.1146363
4563,model_6,0.1294,0.17559746
4564,model_6,0.6397,0.64388925
4565,model_6,0.1758,0.15486357
4566,model_6,0.8494,0.85133064
4567,model_6,0.281,0.2786225
4568,model_6,0.3135,0.28803068
4569,model_6,0.1963,0.16303982
4570,model_6,0.1392,0.12323166
4571,model_6,0.0709,0.079825565
4572,model_6,0.2538,0.2677365
4573,model_6,0.3353,0.3254937
4574,model_6,0.1278,0.2202077
4575,model_6,0.0601,0.086908504
4576,model_6,0.3528,0.33382154
4577,model_6,-0.0167,-0.0014780476
4578,model_6,0.0699,0.057996437
4579,model_6,0.3068,0.35489333
4580,model_6,0.1487,0.098689996
4581,model_6,0.0721,0.08252984
4582,model_6,0.0948,0.12706082
4583,model_6,0.2498,0.15999106
4584,model_6,-0.0045,0.027262375
4585,model_6,0.3489,0.4516563
4586,model_6,0.1775,0.17907093
4587,model_6,0.9593,0.9733591
4588,model_6,0.5318,0.61699855
4589,model_6,0.1328,0.08949137
4590,model_6,0.8902,0.93496853
4591,model_6,0.8085,0.78947854
4592,model_6,0.2134,0.19835916
4593,model_6,0.0409,0.092500106
4594,model_6,0.0493,0.0923576
4595,model_6,0.2674,0.26533422
4596,model_6,-0.0119,-0.10683309
4597,model_6,0.0361,0.012251532
4598,model_6,0.1232,0.1120138
4599,model_6,0.1429,0.29716057
4600,model_6,0.2992,0.27726725
4601,model_6,0.3465,0.34070337
4602,model_6,0.2316,0.19735461
4603,model_6,0.1824,0.22416085
4604,model_6,0.0313,-0.034575973
4605,model_6,0.0511,0.03968507
4606,model_6,0.0657,0.07244663
4607,model_6,0.085,0.08671867
4608,model_6,0.0969,-0.029931467
4609,model_6,0.3266,0.3083402
4610,model_6,0.3937,0.35624132
4611,model_6,0.2028,0.31049109
4612,model_6,0.6593,0.5739535
4613,model_6,0.1117,0.068525
4614,model_6,0.1911,0.15715745
4615,model_6,0.5376,0.48230413
4616,model_6,0.254,0.23637532
4617,model_6,0.2467,0.27628946
4618,model_6,0.8268,0.7994793
4619,model_6,-0.0075,-0.0033790474
4620,model_6,0.4988,0.53620315
4621,model_6,0.1429,0.108969375
4622,model_6,0.2088,0.21165115
4623,model_6,-0.1882,-0.18064503
4624,model_6,0.1047,0.059867326
4625,model_6,0.3921,0.36769056
4626,model_6,0.5848,0.49743217
4627,model_6,0.062,0.06349043
4628,model_6,0.4068,0.38689482
4629,model_6,0.9933,0.96041316
4630,model_6,-0.0668,-0.013050107
4631,model_6,-0.0142,0.016344538
4632,model_6,0.485,0.44021493
4633,model_6,0.1266,0.18086949
4634,model_6,0.1583,0.16667102
4635,model_6,0.0387,0.0035881293
4636,model_6,-0.0162,0.07181267
4637,model_6,0.528,0.24873675
4638,model_6,0.5823,0.5496843
4639,model_6,0.459,0.4470384
4640,model_6,0.3517,0.30708832
4641,model_6,-0.0328,0.0043635783
4642,model_6,0.8001,0.81017774
4643,model_6,0.1329,0.19343714
4644,model_6,0.5207,0.48955476
4645,model_6,-0.075,-0.09202797
4646,model_6,0.193,0.19298694
4647,model_6,0.368,0.06935981
4648,model_6,-0.0779,-0.20579857
4649,model_6,0.1726,0.27305233
4650,model_6,0.1804,0.088035636
4651,model_6,-0.2896,-0.031198636
4652,model_6,0.1925,0.06684361
4653,model_6,0.1245,0.17512012
4654,model_6,0.0381,0.055924464
4655,model_6,0.4929,0.42271298
4656,model_6,0.0014,0.10656079
4657,model_6,0.3769,0.36731958
4658,model_6,0.3143,0.28170732
4659,model_6,-0.2217,-0.16100533
4660,model_6,0.6451,0.66941565
4661,model_6,0.6323,0.70100695
4662,model_6,0.071,0.042600363
4663,model_6,0.408,0.40041244
4664,model_6,-0.1016,-0.15992756
4665,model_6,0.22,0.081054494
4666,model_6,0.0412,0.06720378
4667,model_6,0.2994,0.2521239
4668,model_6,-0.1873,-0.14541149
4669,model_6,0.1714,0.15803176
4670,model_6,0.3895,0.4219218
4671,model_6,0.0051,-0.00039243465
4672,model_6,-0.1487,-0.15953034
4673,model_6,0.0377,0.04127316
4674,model_6,0.1726,0.013316773
4675,model_6,0.356,0.3479849
4676,model_6,0.6026,0.66922545
4677,model_6,0.9037,0.9294133
4678,model_6,0.0507,0.034092024
4679,model_6,0.2412,0.2067368
4680,model_6,0.4222,0.4679842
4681,model_6,0.1543,0.15753904
4682,model_6,-0.1577,-0.1583962
4683,model_6,0.2097,0.1798369
4684,model_6,0.051,0.012019629
4685,model_6,0.2453,0.27382264
4686,model_6,0.214,0.1768104
4687,model_6,-0.0804,-0.12705845
4688,model_6,0.4263,0.40225613
4689,model_6,0.0379,0.038641125
4690,model_6,0.6786,0.7398047
4691,model_6,0.4221,0.43457457
4692,model_6,0.0802,0.13697875
4693,model_6,0.563,0.59253
4694,model_6,0.1303,0.030610105
4695,model_6,0.0919,0.117974825
4696,model_6,0.3505,0.26558772
4697,model_6,0.242,0.29281336
4698,model_6,-0.0975,-0.06917482
4699,model_6,0.0942,0.28638938
4700,model_6,0.1172,0.13182902
4701,model_6,0.6905,0.7258046
4702,model_6,0.371,0.3038013
4703,model_6,0.4858,0.5053183
4704,model_6,0.5706,0.50589013
4705,model_6,-0.1253,-0.09714081
4706,model_6,0.0834,0.08804661
4707,model_6,0.6273,0.60771126
4708,model_6,0.3577,0.31623912
4709,model_6,0.0899,0.10048087
4710,model_6,0.0335,-0.010493137
4711,model_6,0.0625,0.039685164
4712,model_6,0.0213,0.07930988
4713,model_6,0.1919,0.22732814
4714,model_6,0.4724,0.44810343
4715,model_6,0.0326,0.039599355
4716,model_6,0.1128,0.0926154
4717,model_6,0.1315,0.08860955
4718,model_6,0.1653,0.16017267
4719,model_6,-0.0728,-0.070006445
4720,model_6,-0.114,-0.14010489
4721,model_6,0.2735,0.2514306
4722,model_6,0.8884,0.8686479
4723,model_6,0.2722,0.2585021
4724,model_6,0.3004,0.33012328
4725,model_6,0.7474,0.7568367
4726,model_6,0.2589,0.20923164
4727,model_6,0.0447,0.030569213
4728,model_6,0.2061,0.24296565
4729,model_6,0.0291,0.046874106
4730,model_6,0.2104,0.2426296
4731,model_6,0.0187,0.027033977
4732,model_6,-0.0462,-0.04583347
4733,model_6,0.1764,0.16687158
4734,model_6,-0.0138,-0.006370719
4735,model_6,0.2155,0.18672483
4736,model_6,0.5185,0.40254912
4737,model_6,0.2074,0.17679995
4738,model_6,0.0837,0.018159414
4739,model_6,0.1443,0.07998016
4740,model_6,0.2864,0.30597085
4741,model_6,0.3394,0.36856344
4742,model_6,0.0454,0.045306437
4743,model_6,0.1845,0.12591712
4744,model_6,0.9124,0.9456106
4745,model_6,0.2136,0.19091837
4746,model_6,0.2462,0.22579548
4747,model_6,0.4199,0.40619832
4748,model_6,-0.1537,-0.058632832
4749,model_6,0.1152,0.11639991
4750,model_6,0.1232,0.07723276
4751,model_6,0.2091,0.18014243
4752,model_6,0.4248,0.33539546
4753,model_6,0.6352,0.5365733
4754,model_6,-0.1385,-0.17790473
4755,model_6,0.4064,0.41161275
4756,model_6,-0.0552,-0.065205365
4757,model_6,-0.0939,-0.12478298
4758,model_6,0.4104,0.3436089
4759,model_6,-0.0073,0.0052403384
4760,model_6,0.9148,0.918299
4761,model_6,0.0083,0.07641532
4762,model_6,0.0857,0.03461506
4763,model_6,-0.0063,0.032882687
4764,model_6,0.2967,0.26247624
4765,model_6,-0.0607,-0.11794475
4766,model_6,0.2138,0.27416694
4767,model_6,0.4736,0.43236893
4768,model_6,0.1533,0.15445542
4769,model_6,0.4513,0.4047147
4770,model_6,0.3395,0.31763533
4771,model_6,-0.0189,0.015603077
4772,model_6,0.8791,0.8655179
4773,model_6,0.1473,0.22877268
4774,model_6,0.1698,0.19092011
4775,model_6,0.1831,0.20565982
4776,model_6,0.7353,0.7090015
4777,model_6,0.4847,0.4339105
4778,model_6,-0.0254,0.056203555
4779,model_6,0.2209,0.25863788
4780,model_6,0.7515,0.80215114
4781,model_6,-0.0264,-0.024076123
4782,model_6,0.5082,0.48172694
4783,model_6,0.3588,0.3395873
4784,model_6,0.5204,0.4990111
4785,model_6,0.3167,0.37130022
4786,model_6,0.1102,0.08279505
4787,model_6,0.1073,0.12968738
4788,model_6,1.1103,1.1806321
4789,model_6,0.549,0.58506954
4790,model_6,0.762,0.80236393
4791,model_6,-0.0115,0.050398953
4792,model_6,0.1339,0.12942515
4793,model_6,0.0819,-0.013713814
4794,model_6,0.2188,0.1877366
4795,model_6,0.1068,0.056614283
4796,model_6,0.1457,0.15119621
4797,model_6,0.7235,0.75003195
4798,model_6,0.39,0.40845844
4799,model_6,0.3256,0.40589836
4800,model_6,0.3115,0.24526644
4801,model_6,-0.1716,-0.18580835
4802,model_6,0.1155,0.08122271
4803,model_6,0.007,0.0172021
4804,model_6,0.3953,0.34537074
4805,model_6,0.072,0.049835686
4806,model_6,0.3808,0.36357284
4807,model_6,0.5663,0.5482339
4808,model_6,0.1624,0.26715764
4809,model_6,0.0368,0.20111711
4810,model_6,0.5683,0.5907761
4811,model_6,-0.0079,-0.020028882
4812,model_6,0.3517,0.2688157
4813,model_6,0.6082,0.6042084
4814,model_6,0.7429,0.77026284
4815,model_6,0.0105,-0.021152208
4816,model_6,0.2693,0.2456987
4817,model_6,0.517,0.40282938
4818,model_6,0.5673,0.5878617
4819,model_6,0.1328,0.09786983
4820,model_6,0.6668,0.7216993
4821,model_6,0.2226,0.23569037
4822,model_6,0.7032,0.6631029
4823,model_6,-0.1635,-0.15496205
4824,model_6,0.181,0.23893964
4825,model_6,-0.0199,-0.025303636
4826,model_6,0.3274,0.31532234
4827,model_6,0.3624,0.30972552
4828,model_6,0.1316,0.13355094
4829,model_6,0.8579,0.83159304
4830,model_6,0.7141,0.7033539
4831,model_6,-0.0444,-0.05336383
4832,model_6,0.3701,0.345757
4833,model_6,0.5904,0.63669956
4834,model_6,0.3652,0.27746117
4835,model_6,0.2804,0.30447346
4836,model_6,0.5209,0.5824886
4837,model_6,0.1839,0.24125314
4838,model_6,0.5547,0.55174285
4839,model_6,0.5531,0.6003074
4840,model_6,-0.2216,-0.21384828
4841,model_6,0.0871,0.101948045
4842,model_6,0.4264,0.43829805
4843,model_6,0.1815,0.19805986
4844,model_6,0.4096,0.42196226
4845,model_6,0.0911,0.102318764
4846,model_6,0.5758,0.6113145
4847,model_6,-0.1048,-0.12708054
4848,model_6,0.8405,0.83767146
4849,model_6,0.2663,0.34990335
4850,model_6,0.1075,0.13645062
4851,model_6,0.2118,0.10426405
4852,model_6,0.2455,0.29674098
4853,model_6,0.4032,0.41581357
4854,model_6,0.3312,0.2718203
4855,model_6,0.1881,0.14217806
4856,model_6,-0.0618,-0.05562866
4857,model_6,0.1864,0.20054722
4858,model_6,0.2852,0.18913546
4859,model_6,0.2788,0.35106614
4860,model_6,0.2227,0.26263
4861,model_6,0.4475,0.47204512
4862,model_6,0.312,0.3664643
4863,model_6,0.0203,0.052281182
4864,model_6,0.5141,0.43972737
4865,model_6,0.1486,0.21788236
4866,model_6,0.4324,0.47649452
4867,model_6,0.1087,0.11300839
4868,model_6,-0.0272,-0.058109824
4869,model_6,0.4206,0.4055611
4870,model_6,0.1171,0.09724688
4871,model_6,-0.0024,-0.012167074
4872,model_6,0.2331,0.15993771
4873,model_6,0.6584,0.68268704
4874,model_6,0.5306,0.49714577
4875,model_6,0.058,0.065593824
4876,model_6,0.1694,0.17340784
4877,model_6,0.2488,0.21548852
4878,model_6,0.7782,0.829287
4879,model_6,0.7301,0.6725593
4880,model_6,0.4872,0.4685624
4881,model_6,0.3047,0.2609339
4882,model_6,0.4026,0.41518784
4883,model_6,0.2868,0.27505785
4884,model_6,0.2601,0.2174086
4885,model_6,0.2864,0.2628371
4886,model_6,-0.0737,-0.056918148
4887,model_6,-0.1567,0.07600953
4888,model_6,0.3182,0.31818867
4889,model_6,0.1043,0.27765802
4890,model_6,0.0549,0.050357737
4891,model_6,0.0428,0.11391211
4892,model_6,0.1419,0.13589187
4893,model_6,0.239,0.22791094
4894,model_6,0.0778,0.085728206
4895,model_6,0.0979,0.14534867
4896,model_6,0.2467,0.25347883
4897,model_6,0.2936,0.30559498
4898,model_6,0.0184,0.03934544
4899,model_6,0.5433,0.5133434
4900,model_6,0.1661,0.17765422
4901,model_6,0.0102,0.01758929
4902,model_6,0.328,0.3005393
4903,model_6,0.3012,0.31030643
4904,model_6,0.3961,0.34583393
4905,model_6,-0.046,0.025724009
4906,model_6,0.4209,0.42604202
4907,model_6,-0.0298,-0.024105508
4908,model_6,0.4238,0.3833203
4909,model_6,0.7708,0.7598475
4910,model_6,0.2092,0.36788827
4911,model_6,0.2682,0.36232692
4912,model_6,0.2112,0.30273694
4913,model_6,0.0722,0.07860333
4914,model_6,0.4688,0.43706393
4915,model_6,1.2481,1.2841133
4916,model_6,0.0095,0.051390756
4917,model_6,-0.0358,0.016816154
4918,model_6,0.0479,-0.0021631825
4919,model_6,0.288,0.3243876
4920,model_6,0.1683,0.32318375
4921,model_6,0.1172,0.120018445
4922,model_6,0.4266,0.44671872
4923,model_6,0.3837,0.30869177
4924,model_6,0.488,0.4379062
4925,model_6,0.6812,0.7175341
4926,model_6,0.0646,-0.015052604
4927,model_6,0.4051,0.3685415
4928,model_6,0.2185,0.2205902
4929,model_6,0.0046,0.034931667
4930,model_6,-0.0587,0.032614466
4931,model_6,-0.119,-0.15905592
4932,model_6,0.2613,0.26271543
4933,model_6,-0.1103,-0.068772346
4934,model_6,0.3013,0.2517194
4935,model_6,0.0802,0.14248833
4936,model_6,0.0919,0.0768754
4937,model_6,0.0734,0.058478698
4938,model_6,0.2036,0.1273316
4939,model_6,0.1758,0.14787893
4940,model_6,0.4952,0.4975774
4941,model_6,0.0146,-0.007885022
4942,model_6,0.0189,0.009078963
4943,model_6,0.1586,0.18568328
4944,model_6,0.1125,0.14435302
4945,model_6,0.0615,0.103284895
4946,model_6,0.3706,0.3123031
4947,model_6,0.3743,0.38989866
4948,model_6,0.2905,0.30193114
4949,model_6,0.0613,0.092496015
4950,model_6,0.3826,0.34986854
4951,model_6,0.0788,0.19415018
4952,model_6,0.1944,0.036957636
4953,model_6,0.149,0.13139239
4954,model_6,0.0361,0.043567464
4955,model_6,-0.0545,-0.11198689
4956,model_6,0.2269,0.1796656
4957,model_6,0.1526,0.17851602
4958,model_6,0.5136,0.6127793
4959,model_6,0.0685,0.07942321
4960,model_6,0.1305,0.049113825
4961,model_6,-0.0875,-0.07250999
4962,model_6,0.236,0.18244335
4963,model_6,0.1842,0.17246938
4964,model_6,0.233,0.19284569
4965,model_6,-0.0317,-0.023189139
4966,model_6,0.4095,0.45885846
4967,model_6,0.1546,0.16899523
4968,model_6,0.037,0.050436556
4969,model_6,0.4872,0.42053953
4970,model_6,-0.0565,-0.07836616
4971,model_6,0.2253,0.26606038
4972,model_6,0.26,0.23837142
4973,model_6,0.1591,0.1780344
4974,model_6,0.6129,0.62954056
4975,model_6,0.2105,0.06800608
4976,model_6,0.1873,0.21245526
4977,model_6,0.0934,0.12783456
4978,model_6,0.0877,0.09904897
4979,model_6,0.0442,0.0301394
4980,model_6,0.1154,0.18413708
4981,model_6,0.0082,-0.013774743
4982,model_6,0.1121,0.07252529
4983,model_6,-0.0619,-0.094747394
4984,model_6,0.0969,0.090849906
4985,model_6,0.6493,0.6278135
4986,model_6,-0.0399,0.12743866
4987,model_6,0.3642,0.28989595
4988,model_6,0.172,0.15575053
4989,model_6,0.2563,0.195066
4990,model_6,0.0851,0.083303854
4991,model_6,0.2932,0.25355422
4992,model_6,0.5883,0.6123948
4993,model_6,0.986,0.9847213
4994,model_6,0.1693,0.2093663
4995,model_6,-0.081,-0.11320492
4996,model_6,0.0795,0.06632249
4997,model_6,0.598,0.5747289
4998,model_6,-0.1057,-0.19869474
4999,model_6,0.0401,0.08350485
5000,model_6,-0.026,-0.013647808
5001,model_6,0.1695,0.18776661
5002,model_6,0.1457,0.14958046
5003,model_6,0.048,0.021262145
5004,model_6,0.4423,0.46112287
5005,model_6,-0.1047,-0.090372294
5006,model_6,0.1764,0.17233348
5007,model_6,0.4468,0.50222826
5008,model_6,0.2157,0.28053433
5009,model_6,0.7374,0.7434287
5010,model_6,0.2831,0.31780967
5011,model_6,-0.0106,0.03820667
5012,model_6,0.5457,0.52381265
5013,model_6,0.38,0.36132848
5014,model_6,0.2253,0.19734128
5015,model_6,0.0221,0.07312875
5016,model_6,0.1607,0.1002069
5017,model_6,0.1264,0.13777421
5018,model_6,0.2704,0.20660187
5019,model_6,0.1481,0.122399814
5020,model_6,0.0985,0.095705226
5021,model_6,-0.1075,-0.06142639
5022,model_6,0.2548,0.20142353
5023,model_6,0.7477,0.7358285
5024,model_6,0.0613,0.08186008
5025,model_6,0.2074,0.19954632
5026,model_6,0.171,0.12477806
5027,model_6,0.3925,0.39077476
5028,model_6,0.1038,0.112318225
5029,model_6,0.1708,0.23072928
5030,model_6,0.1756,0.22424136
5031,model_6,0.268,0.2081557
5032,model_6,0.0115,0.0468854
5033,model_6,0.1498,0.12309289
5034,model_6,0.1774,0.08462869
5035,model_6,0.2834,0.11110384
5036,model_6,0.4366,0.4262786
5037,model_6,-0.1291,-0.031038817
5038,model_6,0.0543,0.05232631
5039,model_6,0.166,0.070711315
5040,model_6,-0.0198,0.012122355
5041,model_6,0.5217,0.48769593
5042,model_6,0.4974,0.4930436
5043,model_6,0.8018,0.7785875
5044,model_6,0.001,0.0070712143
5045,model_6,0.0906,0.11086699
5046,model_6,0.08,0.08213111
5047,model_6,0.2989,0.32740286
5048,model_6,0.5271,0.5090177
5049,model_6,0.0527,0.075029545
5050,model_6,0.1759,0.18414955
5051,model_6,-0.005,-0.0138797425
5052,model_6,0.1326,0.11545254
5053,model_6,0.4503,0.47402686
5054,model_6,0.8067,0.82174385
5055,model_6,0.2021,0.17211077
5056,model_6,0.0948,0.08254541
5057,model_6,0.6697,0.66976625
5058,model_6,0.0943,0.122124694
5059,model_6,-0.0418,0.024778493
5060,model_6,-0.1715,-0.17196886
5061,model_6,0.4907,0.43341175
5062,model_6,0.3563,0.32125744
5063,model_6,0.273,0.29704046
5064,model_6,0.0497,0.07690414
5065,model_6,0.1157,0.14630526
5066,model_6,0.0683,0.07719822
5067,model_6,0.4462,0.40660572
5068,model_6,0.4586,0.43582493
5069,model_6,0.105,0.08311291
5070,model_6,-0.0482,0.028078604
5071,model_6,0.0722,0.045350034
5072,model_6,0.2229,0.166413
5073,model_6,-0.097,-0.18092905
5074,model_6,-0.0745,-0.09865574
5075,model_6,0.1814,0.14362946
5076,model_6,0.151,0.12681419
5077,model_6,0.4199,0.34420744
5078,model_6,0.3911,0.4508873
5079,model_6,0.2598,0.24362636
5080,model_6,0.205,0.15198198
5081,model_6,0.8629,0.883035
5082,model_6,0.2017,0.22287445
5083,model_6,0.2738,0.28479087
5084,model_6,0.2729,0.19460244
5085,model_6,0.1047,0.118724085
5086,model_6,0.2687,0.3066673
5087,model_6,0.4552,0.4261003
5088,model_6,0.0912,0.17467274
5089,model_6,0.2364,0.33397275
5090,model_6,0.3752,0.40871915
5091,model_6,-0.0452,0.11143537
5092,model_6,0.0379,-0.009440003
5093,model_6,0.2634,0.25639373
5094,model_6,0.2613,0.20422429
5095,model_6,0.5924,0.53796846
5096,model_6,0.4075,0.37288302
5097,model_6,0.2985,0.2590921
5098,model_6,0.0114,0.037333693
5099,model_6,0.1721,0.12940088
5100,model_6,0.7463,0.66646063
5101,model_6,0.822,0.84758276
5102,model_6,0.092,0.14327681
5103,model_6,0.5429,0.538184
5104,model_6,0.0645,0.07857659
5105,model_6,0.8555,0.9194159
5106,model_6,0.5486,0.571882
5107,model_6,0.0234,0.06456695
5108,model_6,0.7415,0.68446183
5109,model_6,0.1729,0.21510614
5110,model_6,0.5305,0.5339692
5111,model_6,0.1403,0.13221595
5112,model_6,0.1661,0.1128359
5113,model_6,0.3813,0.42252138
5114,model_6,0.2974,0.15196699
5115,model_6,0.1201,0.12962973
5116,model_6,0.4217,0.43585092
5117,model_6,0.6828,0.69501674
5118,model_6,0.0717,0.028308116
5119,model_6,0.1757,0.20431964
5120,model_6,0.1569,0.072820455
5121,model_6,0.6365,0.60914415
5122,model_6,0.2178,0.21021903
5123,model_6,0.0698,0.060161475
5124,model_6,0.344,0.29138982
5125,model_6,0.0696,0.09583929
5126,model_6,0.451,0.43253326
5127,model_6,0.1572,0.13718672
5128,model_6,0.3793,0.2767384
5129,model_6,-0.028,-0.04669855
5130,model_6,1.0119,1.0007385
5131,model_6,0.1828,0.10139905
5132,model_6,0.1722,0.07929897
5133,model_6,0.1229,0.1687877
5134,model_6,0.4359,0.19038925
5135,model_6,0.292,0.27033854
5136,model_6,0.2342,0.2431946
5137,model_6,0.1199,0.039655585
5138,model_6,0.585,0.57500917
5139,model_6,0.1999,0.19569252
5140,model_6,0.1048,0.10978915
5141,model_6,0.1235,0.28365555
5142,model_6,0.1082,0.1056352
5143,model_6,0.0133,0.006252269
5144,model_6,0.3418,0.26082253
5145,model_6,0.0902,0.08668627
5146,model_6,0.8834,0.9002014
5147,model_6,0.3075,0.28066093
5148,model_6,-0.0527,-0.084308974
5149,model_6,0.4192,0.39448908
5150,model_6,0.6504,0.7332741
5151,model_6,0.0907,0.06458771
5152,model_6,0.4827,0.4412774
5153,model_6,-0.059,-0.094703756
5154,model_6,0.0586,0.039931595
5155,model_6,0.312,0.3335701
5156,model_6,0.2348,0.2716657
5157,model_6,0.0987,-0.03946767
5158,model_6,-0.0676,-0.020639023
5159,model_6,0.1012,0.07866534
5160,model_6,0.2383,0.13363403
5161,model_6,0.1328,0.13246989
5162,model_6,0.0704,0.05432345
5163,model_6,-0.0616,-0.075779915
5164,model_6,0.1936,0.19666724
5165,model_6,0.0435,0.09134133
5166,model_6,0.3252,0.33133802
5167,model_6,0.3996,0.32650548
5168,model_6,0.1641,0.14478579
5169,model_6,-0.0151,-0.12610678
5170,model_6,0.4111,0.38677475
5171,model_6,0.492,0.43321976
5172,model_6,-0.1004,-0.060394343
5173,model_6,0.0652,0.069782734
5174,model_6,0.0,0.01555421
5175,model_6,0.3253,0.3524542
5176,model_6,0.1351,0.14186126
5177,model_6,0.3643,0.32775217
5178,model_6,0.292,0.34517542
5179,model_6,0.3349,0.35398144
5180,model_6,0.2678,0.27278253
5181,model_6,0.2469,0.19789164
5182,model_6,0.5129,0.475562
5183,model_6,0.0552,0.14450438
5184,model_6,0.1143,0.11241784
5185,model_6,0.8039,0.7763365
5186,model_6,0.3607,0.33354297
5187,model_6,0.2068,0.15397586
5188,model_6,0.1913,0.1997463
5189,model_6,0.125,0.06373356
5190,model_6,0.1663,0.16157283
5191,model_6,0.076,0.123418346
5192,model_6,0.5044,0.5251808
5193,model_6,0.6423,0.7004883
5194,model_6,0.2791,0.24493326
5195,model_6,0.7579,0.7843047
5196,model_6,0.0767,0.063245766
5197,model_6,0.9146,0.8430611
5198,model_6,0.1719,0.059320617
5199,model_6,0.1753,0.16525644
5200,model_6,0.0097,0.031227611
5201,model_6,0.4714,0.43878412
5202,model_6,0.0081,-0.009799877
5203,model_6,0.0169,-0.016590904
5204,model_6,0.6104,0.57876915
5205,model_6,0.112,0.122762665
5206,model_6,-0.1231,-0.15947333
5207,model_6,0.0399,0.051149134
5208,model_6,0.3282,0.3711419
5209,model_6,0.9108,0.92945766
5210,model_6,0.5306,0.51853234
5211,model_6,0.1133,0.10692568
5212,model_6,0.0486,0.076853424
5213,model_6,0.2478,0.24660465
5214,model_6,0.278,0.2497369
5215,model_6,0.4901,0.42548692
5216,model_6,0.1069,0.17517959
5217,model_6,0.2455,0.13552219
5218,model_6,0.6483,0.7061356
5219,model_6,0.2966,0.30054957
5220,model_6,0.3215,0.35699236
5221,model_6,0.1231,0.1403556
5222,model_6,0.7772,0.766121
5223,model_6,0.4355,0.33255866
5224,model_6,0.2655,0.3228617
5225,model_6,0.1822,0.17214939
5226,model_6,0.6091,0.6459339
5227,model_6,0.6985,0.7491938
5228,model_6,0.4363,0.25253695
5229,model_6,0.2766,0.2959227
5230,model_6,0.2286,0.2068206
5231,model_6,0.1054,0.078649595
5232,model_6,0.0642,0.036756758
5233,model_6,0.4255,0.45784092
5234,model_6,0.1174,0.21095528
5235,model_6,0.1026,0.12399724
5236,model_6,0.0051,0.024478696
5237,model_6,0.2015,0.0739927
5238,model_6,0.2918,0.26631242
5239,model_6,0.0296,-0.073289245
5240,model_6,0.1481,0.085501686
5241,model_6,0.2316,0.16003448
5242,model_6,0.5369,0.5567288
5243,model_6,0.4383,0.38017854
5244,model_6,0.4534,0.4060973
5245,model_6,0.1349,0.108064465
5246,model_6,0.0524,0.05789903
5247,model_6,0.4313,0.42975098
5248,model_6,0.2227,0.21584412
5249,model_6,0.4021,0.380989
5250,model_6,-0.0014,0.0006072582
5251,model_6,-0.0802,-0.06868482
5252,model_6,-0.0308,0.0036327993
5253,model_6,0.104,0.10317228
5254,model_6,0.2357,0.21347961
5255,model_6,0.8637,0.88916284
5256,model_6,-0.0106,0.027716072
5257,model_6,0.7437,0.7757068
5258,model_6,-0.0017,-0.03675436
5259,model_6,-0.0048,0.009483596
5260,model_6,0.186,0.2062104
5261,model_6,0.062,0.12327366
5262,model_6,-0.0208,-0.046756126
5263,model_6,0.2101,0.20697354
5264,model_6,0.2054,0.20684238
5265,model_6,0.2591,0.22135082
5266,model_6,-0.1055,-0.14045562
5267,model_6,0.3345,0.35735986
5268,model_6,-0.1211,-0.14212437
5269,model_6,0.108,0.11458292
5270,model_6,0.1811,0.1896827
5271,model_6,0.0623,0.06971863
5272,model_6,0.2292,0.29267985
5273,model_6,0.4991,0.55969924
5274,model_6,-0.0437,-0.022807375
5275,model_6,0.1702,0.17406876
5276,model_6,0.0618,0.12115888
5277,model_6,-0.0174,-0.07341923
5278,model_6,0.3816,0.3591116
5279,model_6,0.4849,0.45687598
5280,model_6,0.1649,0.12635916
5281,model_6,0.2951,0.26549008
5282,model_6,0.7788,0.72943205
5283,model_6,0.1948,0.1671037
5284,model_6,0.5949,0.6372649
5285,model_6,0.1477,0.17974028
5286,model_6,0.0767,0.070360765
5287,model_6,0.148,0.1625541
5288,model_6,0.4527,0.42732355
5289,model_6,0.145,0.20539238
5290,model_6,0.5468,0.5710784
5291,model_6,-0.1215,-0.1511043
5292,model_6,0.1514,0.24752271
5293,model_6,0.0015,0.0016075545
5294,model_6,0.2853,0.27330956
5295,model_6,0.1283,0.09802877
5296,model_6,0.0971,0.06010196
5297,model_6,0.2893,0.3654443
5298,model_6,0.0128,0.06709006
5299,model_6,-0.0164,-0.03726744
5300,model_6,-0.0008,0.0057744035
5301,model_6,0.0161,0.02051502
5302,model_6,0.3446,0.3199846
5303,model_6,0.3514,0.18908882
5304,model_6,0.1152,0.13997805
5305,model_6,0.3169,0.35491818
5306,model_6,0.1738,0.16234803
5307,model_6,0.3424,0.35204977
5308,model_6,0.7908,0.84816617
5309,model_6,0.7925,0.76093554
5310,model_6,0.4727,0.4340092
5311,model_6,0.2617,0.30888653
5312,model_6,0.2404,0.23490252
5313,model_6,0.1501,0.14548048
5314,model_6,0.1248,0.13106723
5315,model_6,0.3621,0.39959478
5316,model_6,0.4909,0.53304344
5317,model_6,0.7419,0.71549076
5318,model_6,0.1008,0.06937542
5319,model_6,0.3442,0.37440586
5320,model_6,0.0637,0.051245317
5321,model_6,0.514,0.5310246
5322,model_6,0.2619,0.29880875
5323,model_6,0.0658,0.09510948
5324,model_6,0.3037,0.40229592
5325,model_6,0.074,0.104894176
5326,model_6,0.1871,0.21795484
5327,model_6,0.2134,0.32019198
5328,model_6,0.5407,0.52872443
5329,model_6,0.4332,0.42277583
5330,model_6,0.1229,0.12630099
5331,model_6,0.2493,0.19099493
5332,model_6,0.234,0.23848027
5333,model_6,0.2104,0.1729066
5334,model_6,0.1519,0.16154975
5335,model_6,-0.0452,-0.025711205
5336,model_6,0.3647,0.31556213
5337,model_6,0.2672,0.32155517
5338,model_6,0.1208,0.1064094
5339,model_6,0.0202,-0.023659978
5340,model_6,-0.131,-0.041711897
5341,model_6,-0.1225,-0.096708275
5342,model_6,0.5242,0.47395253
5343,model_6,-0.1262,-0.0781972
5344,model_6,0.272,0.22511174
5345,model_6,0.1245,0.11597891
5346,model_6,0.0872,0.08902909
5347,model_6,0.0483,0.063499846
5348,model_6,0.1939,0.15951659
5349,model_6,0.1929,0.22790901
5350,model_6,0.2222,0.21700004
5351,model_6,0.007,0.02773559
5352,model_6,0.9202,0.9536705
5353,model_6,0.5872,0.50461686
5354,model_6,0.6958,0.68544775
5355,model_6,0.2428,0.2874845
5356,model_6,0.0403,0.05157811
5357,model_6,0.0289,0.051278252
5358,model_6,0.2927,0.3155714
5359,model_6,0.3093,0.30994728
5360,model_6,0.1965,0.19415775
5361,model_6,0.0879,0.12597227
5362,model_6,0.2427,0.085529566
5363,model_6,0.025,0.0073395954
5364,model_6,-0.0065,0.07873575
5365,model_6,0.1457,0.15650208
5366,model_6,0.1703,0.18233943
5367,model_6,0.8967,0.8138613
5368,model_6,0.0136,-0.004812415
5369,model_6,0.2048,0.19815883
5370,model_6,0.3492,0.35501793
5371,model_6,0.5395,0.5563882
5372,model_6,0.6908,0.65260947
5373,model_6,0.1034,0.10842207
5374,model_6,0.4113,0.38419306
5375,model_6,-0.1202,-0.11011249
5376,model_6,0.3691,0.298858
5377,model_6,0.59,0.5813084
5378,model_6,-0.0194,-0.056637775
5379,model_6,0.771,0.8270988
5380,model_6,0.3835,0.35475534
5381,model_6,0.0076,0.0025670496
5382,model_6,0.1287,0.12636432
5383,model_6,0.2237,0.2175717
5384,model_6,-0.0237,0.013680341
5385,model_6,0.2143,0.15356496
5386,model_6,0.2354,0.23193657
5387,model_6,0.7498,0.69710547
5388,model_6,0.1198,0.11097111
5389,model_6,0.3478,0.3133462
5390,model_6,0.1248,0.17008056
5391,model_6,0.2719,0.30337447
5392,model_6,0.1084,0.05591208
5393,model_6,-0.0069,-0.04939185
5394,model_6,0.1264,0.17306727
5395,model_6,0.2027,0.16122493
5396,model_6,0.1449,0.15953274
5397,model_6,-0.0061,-0.14268562
5398,model_6,0.1818,0.07753612
5399,model_6,0.2253,0.2200645
5400,model_6,0.0039,0.046140555
5401,model_6,0.9996,0.9456408
5402,model_6,-0.023,0.05095514
5403,model_6,0.1997,0.16945918
5404,model_6,0.1243,0.118105724
5405,model_6,0.1921,0.16292979
5406,model_6,0.0066,0.0034249914
5407,model_6,0.2046,0.21756805
5408,model_6,0.1105,0.09607086
5409,model_6,0.3123,0.29279152
5410,model_6,0.0193,0.04241645
5411,model_6,0.0075,0.008197077
5412,model_6,0.5058,0.51232827
5413,model_6,0.2169,0.19834971
5414,model_6,0.7022,0.7212389
5415,model_6,-0.1831,-0.14791194
5416,model_6,0.2124,0.17570874
5417,model_6,-0.0942,-0.07699432
5418,model_6,0.8283,0.78676414
5419,model_6,0.8757,0.8778961
5420,model_6,-0.1128,0.0052550025
5421,model_6,0.2324,0.17967737
5422,model_6,0.459,0.43784112
5423,model_6,0.2739,0.27126548
5424,model_6,0.1547,0.16280124
5425,model_6,0.2858,0.3135617
5426,model_6,0.1958,0.17375156
5427,model_6,0.3291,0.32411635
5428,model_6,0.6847,0.7135953
5429,model_6,0.2337,0.22967574
5430,model_6,0.109,0.11221561
5431,model_6,0.5931,0.574596
5432,model_6,0.2046,0.1542951
5433,model_6,0.5625,0.54522854
5434,model_6,0.3109,0.27586988
5435,model_6,0.1674,0.13244896
5436,model_6,0.6159,0.59156275
5437,model_6,0.2298,0.26731765
5438,model_6,0.2206,0.21390069
5439,model_6,0.2208,0.1629122
5440,model_6,0.3857,0.42228705
5441,model_6,0.1792,0.12881441
5442,model_6,0.019,0.055037387
5443,model_6,0.1989,0.25381938
5444,model_6,0.2141,0.23057148
5445,model_6,0.376,0.30307454
5446,model_6,0.1498,0.22844325
5447,model_6,0.0335,0.015333602
5448,model_6,0.2547,0.29405946
5449,model_6,0.4235,0.44384438
5450,model_6,0.369,0.36288708
5451,model_6,0.2347,0.2762844
5452,model_6,0.5132,0.5439308
5453,model_6,0.6813,0.76692575
5454,model_6,0.2096,0.20681569
5455,model_6,0.1504,0.08481297
5456,model_6,0.1654,0.17086253
5457,model_6,0.2655,0.2532693
5458,model_6,-0.0196,-0.0739737
5459,model_6,0.1818,0.2960062
5460,model_6,0.2355,0.2498324
5461,model_6,0.1627,0.21357985
5462,model_6,0.1224,0.3626591
5463,model_6,0.3277,0.2635497
5464,model_6,0.0593,0.06809429
5465,model_6,0.0822,0.09268337
5466,model_6,0.5582,0.5435359
5467,model_6,0.2101,0.19016653
5468,model_6,0.1047,0.09654997
5469,model_6,0.4698,0.41764444
5470,model_6,0.2846,0.3142849
5471,model_6,0.2647,0.22041266
5472,model_6,-0.0009,-0.07075542
5473,model_6,0.1054,0.11289467
5474,model_6,0.0786,0.10300005
5475,model_6,0.3096,0.35824698
5476,model_6,0.1641,0.1002779
5477,model_6,0.0942,0.08119179
5478,model_6,0.0136,0.016900077
5479,model_6,0.0959,0.080185555
5480,model_6,0.8027,0.82102174
5481,model_6,0.2329,0.20469405
5482,model_6,0.3372,0.24508014
5483,model_6,0.0099,-0.00031854352
5484,model_6,0.6129,0.5884947
5485,model_6,0.0818,0.11379971
5486,model_6,0.0712,0.11311746
5487,model_6,0.3624,0.29747492
5488,model_6,0.1103,0.18228963
5489,model_6,0.2026,0.20748952
5490,model_6,0.4474,0.40498734
5491,model_6,0.1322,0.13845392
5492,model_6,0.3091,0.35618162
5493,model_6,0.0551,0.059031438
5494,model_6,0.1049,0.22404978
5495,model_6,0.263,0.24053188
5496,model_6,0.421,0.42361182
5497,model_6,0.1589,0.16047433
5498,model_6,0.5941,0.53860515
5499,model_6,0.4142,0.47566232
5500,model_6,0.1854,0.16947693
5501,model_6,0.2463,0.19493192
5502,model_6,0.159,0.17254141
5503,model_6,0.5008,0.4594664
5504,model_6,0.5742,0.54719675
5505,model_6,0.3216,0.23880096
5506,model_6,0.3896,0.28124806
5507,model_6,0.2792,0.24216151
5508,model_6,0.0589,0.03465032
5509,model_6,0.16,0.1631108
5510,model_6,0.2734,0.21679719
5511,model_6,0.4223,0.3990934
5512,model_6,0.067,0.061397877
5513,model_6,0.364,0.3803772
5514,model_6,0.3601,0.31792146
5515,model_6,0.0247,0.009433463
5516,model_6,0.3551,0.029127512
5517,model_6,0.3334,0.3418723
5518,model_6,0.5679,0.53768986
5519,model_6,0.4679,0.46158844
5520,model_6,0.1459,0.16947588
5521,model_6,0.1602,0.052353747
5522,model_6,-0.0661,-0.05221269
5523,model_6,-0.055,-0.06847128
5524,model_6,0.2047,0.26259515
5525,model_6,0.2421,0.2801017
5526,model_6,0.2256,0.24835125
5527,model_6,0.0069,-0.041579287
5528,model_6,0.7612,0.78139126
5529,model_6,0.7587,0.7379778
5530,model_6,0.8633,0.8694246
5531,model_6,0.0844,0.08104539
5532,model_6,0.8313,0.85397625
5533,model_6,0.2207,0.22728233
5534,model_6,0.1869,0.1956901
5535,model_6,0.2115,0.251208
5536,model_6,0.0609,0.06565652
5537,model_6,0.192,0.55227596
5538,model_6,0.2797,0.30998564
5539,model_6,0.1371,0.20328158
5540,model_6,0.3043,0.2984405
5541,model_6,0.0394,0.037073053
5542,model_6,0.1216,0.19129881
5543,model_6,0.1245,0.111144975
5544,model_6,0.5848,0.6513472
5545,model_6,0.2432,0.24026555
5546,model_6,0.0048,0.045648616
5547,model_6,0.0705,0.06350551
5548,model_6,-0.097,-0.17865574
5549,model_6,0.074,0.06966778
5550,model_6,0.552,0.571547
5551,model_6,0.1824,0.21664682
5552,model_6,0.7669,0.7453674
5553,model_6,0.1632,0.18241072
5554,model_6,0.2632,0.17751817
5555,model_6,0.232,0.2144939
5556,model_6,0.2834,0.25017756
5557,model_6,0.7602,0.79006296
5558,model_6,0.3011,0.31173924
5559,model_6,0.0026,-0.037038896
5560,model_6,0.0852,0.1982854
5561,model_6,0.0265,0.017577548
5562,model_6,0.4961,0.49697867
5563,model_6,0.0437,0.05473299
5564,model_6,0.2586,0.247251
5565,model_6,0.093,0.08576031
5566,model_6,0.2223,0.2711053
5567,model_6,0.1602,0.15006569
5568,model_6,0.221,0.22280177
5569,model_6,-0.1928,-0.13543281
5570,model_6,0.3604,0.30599436
5571,model_6,-0.0163,-0.05306196
5572,model_6,0.2293,0.22735679
5573,model_6,0.0085,-0.12851804
5574,model_6,0.3513,0.14252725
5575,model_6,0.0943,0.16288683
5576,model_6,0.3155,0.33270508
5577,model_6,0.2512,0.2175782
5578,model_6,0.3566,0.3094457
5579,model_6,0.1238,0.18172324
5580,model_6,0.003,0.07358432
5581,model_6,0.242,0.21286976
5582,model_6,0.1499,0.22650935
5583,model_6,0.183,0.20389389
5584,model_6,0.3344,0.32924536
5585,model_6,-0.1987,-0.1946601
5586,model_6,0.2334,0.2271907
5587,model_6,0.081,0.036243252
5588,model_6,0.1888,0.19296408
5589,model_6,0.0923,0.112547964
5590,model_6,0.1871,0.26024628
5591,model_6,0.3479,0.28390184
5592,model_6,0.6415,0.6404756
5593,model_6,0.7986,0.764901
5594,model_6,0.591,0.53602064
5595,model_6,0.6373,0.70721084
5596,model_6,0.5626,0.5679926
5597,model_6,0.2475,0.16340822
5598,model_6,0.0807,0.11917306
5599,model_6,0.3149,0.26084486
5600,model_6,-0.004,0.008936023
5601,model_6,0.0315,-0.020088913
5602,model_6,0.6897,0.62998855
5603,model_6,0.049,0.08758363
5604,model_6,0.1863,0.1379196
5605,model_6,0.2395,0.27868137
5606,model_6,0.3684,0.48762232
5607,model_6,0.1349,0.21633908
5608,model_6,0.7558,0.7035532
5609,model_6,-0.0093,0.014529757
5610,model_6,0.1424,0.17220101
5611,model_6,0.1914,0.18430711
5612,model_6,0.3664,0.34973434
5613,model_6,0.428,0.41386503
5614,model_6,0.3066,0.25781304
5615,model_6,0.2366,0.20054159
5616,model_6,0.0673,0.1027967
5617,model_6,0.1844,0.24302015
5618,model_6,0.3601,0.3836452
5619,model_6,0.7097,0.70176
5620,model_6,0.1956,0.14981712
5621,model_6,0.0622,0.09032024
5622,model_6,0.1181,0.16406563
5623,model_6,0.0751,0.0513809
5624,model_6,0.0464,0.048747603
5625,model_6,0.2715,0.3061772
5626,model_6,0.1946,0.07379914
5627,model_6,-0.0171,-0.063855976
5628,model_6,0.4454,0.46385565
5629,model_6,0.1567,0.16742857
5630,model_6,0.3559,0.40831763
5631,model_6,0.1067,0.10600459
5632,model_6,0.3285,0.21203744
5633,model_6,0.0808,0.1149168
5634,model_6,-0.023,0.021143157
5635,model_6,0.4467,0.41004628
5636,model_6,-0.203,-0.12940764
5637,model_6,0.1753,0.15431242
5638,model_6,0.1239,0.13796653
5639,model_6,0.5363,0.44895285
5640,model_6,0.2086,0.17635855
5641,model_6,0.0631,-0.004401065
5642,model_6,0.6107,0.6124204
5643,model_6,-0.0504,0.03249442
5644,model_6,0.0492,0.05152521
5645,model_6,0.2865,0.4442954
5646,model_6,0.0804,0.080733955
5647,model_6,0.1995,0.24279681
5648,model_6,0.073,0.29135615
5649,model_6,0.2945,0.2192482
5650,model_6,0.8086,0.80644643
5651,model_6,0.2032,0.25368118
5652,model_6,0.1317,0.13152316
5653,model_6,0.381,0.43659133
5654,model_6,0.1685,0.42228153
5655,model_6,0.3109,0.3346025
5656,model_6,0.9031,0.92362905
5657,model_6,0.1289,0.10675409
5658,model_6,-0.1243,-0.17641589
5659,model_6,0.3541,0.3927754
5660,model_6,0.2779,0.31711447
5661,model_6,0.145,0.14421673
5662,model_6,0.2584,0.20717767
5663,model_6,0.4239,0.37112755
5664,model_6,0.1823,0.14495964
5665,model_6,0.2583,0.27454266
5666,model_6,0.2582,0.278098
5667,model_6,-0.0728,-0.1403042
5668,model_6,0.7423,0.91254574
5669,model_6,0.0398,0.050819322
5670,model_6,0.232,0.25401
5671,model_6,0.3535,-0.03664082
5672,model_6,0.1567,0.08129364
5673,model_6,0.2001,0.14708239
5674,model_6,0.17,0.23100911
5675,model_6,0.1181,0.16693954
5676,model_6,0.2155,0.23761882
5677,model_6,0.0574,0.08168958
5678,model_6,0.2653,0.2571928
5679,model_6,0.169,0.16458547
5680,model_6,0.1139,0.1409119
5681,model_6,0.4252,0.4128247
5682,model_6,-0.072,-0.087182015
5683,model_6,0.4998,0.4129606
5684,model_6,0.1014,0.09282392
5685,model_6,0.6795,0.6956202
5686,model_6,0.6253,0.6002033
5687,model_6,0.4304,0.4450923
5688,model_6,0.2564,0.23003921
5689,model_6,0.2246,0.27014714
5690,model_6,0.5075,0.50321716
5691,model_6,0.3139,0.33358
5692,model_6,0.6472,0.613172
5693,model_6,0.0131,0.009311771
5694,model_6,0.1693,0.16584533
5695,model_6,0.1423,0.14098835
5696,model_6,0.191,0.14143278
5697,model_6,0.2701,0.21362127
5698,model_6,0.0245,-0.019235963
5699,model_6,0.8263,0.84337753
5700,model_6,0.1162,0.12920491
5701,model_6,0.2257,0.113894016
5702,model_6,0.3653,0.3513143
5703,model_6,0.1407,0.112691805
5704,model_6,0.3483,0.27490777
5705,model_6,-0.0772,-0.052076027
5706,model_6,0.3423,0.2306281
5707,model_6,0.4509,0.370364
5708,model_6,0.0021,0.014720846
5709,model_6,-0.0953,-0.12882467
5710,model_6,0.047,-0.017879859
5711,model_6,0.1074,-0.0030022566
5712,model_6,0.0169,0.027465682
5713,model_6,0.1411,0.114648536
5714,model_6,0.0268,0.15752293
5715,model_6,0.154,0.10762663
5716,model_6,0.0007,0.019361302
5717,model_6,0.0192,0.046664525
5718,model_6,0.2277,0.2088677
5719,model_6,0.0527,0.07676011
5720,model_6,0.7536,0.7259955
5721,model_6,0.1427,0.01725451
5722,model_6,0.0372,0.0418736
5723,model_6,0.083,0.11515162
5724,model_6,0.692,0.6880704
5725,model_6,0.1578,0.11766579
5726,model_6,0.1449,0.055455536
5727,model_6,-0.0913,-0.06550136
5728,model_6,0.1377,0.12009604
5729,model_6,-0.0243,0.027336871
5730,model_6,0.1316,0.17027526
5731,model_6,0.071,0.09746661
5732,model_6,0.0416,0.122017846
5733,model_6,-0.0078,0.00848593
5734,model_6,0.0587,0.072940364
5735,model_6,-0.1209,0.0058340724
5736,model_6,0.2791,0.2922432
5737,model_6,0.0006,-0.017150361
5738,model_6,-0.0347,-0.06419794
5739,model_6,-0.1586,-0.12913407
5740,model_6,0.6421,0.61975443
5741,model_6,0.4223,0.41257688
5742,model_6,-0.0554,-0.12246807
5743,model_6,-0.1465,-0.064440645
5744,model_6,0.4164,0.36340478
5745,model_6,0.9822,0.9336051
5746,model_6,0.1536,0.15773442
5747,model_6,0.1521,0.14815557
5748,model_6,0.0296,0.03401106
5749,model_6,0.481,0.52748734
5750,model_6,0.1582,0.19802523
5751,model_6,0.2649,0.31532142
5752,model_6,0.4143,0.42536223
5753,model_6,0.7998,0.75458306
5754,model_6,0.3293,0.3154222
5755,model_6,0.011,0.0014037532
5756,model_6,0.2204,0.23649664
5757,model_6,0.1795,0.20185925
5758,model_6,0.2417,0.26681665
5759,model_6,0.763,0.82549566
5760,model_6,0.0937,0.10300914
5761,model_6,0.5563,0.5892067
5762,model_6,0.5296,0.52533746
5763,model_6,0.7078,0.6491049
5764,model_6,0.4602,0.40406004
5765,model_6,0.1286,0.12826544
5766,model_6,0.0062,-0.025899623
5767,model_6,0.4801,0.50091517
5768,model_6,0.191,0.24748087
5769,model_6,0.1877,0.15366125
5770,model_6,0.1538,0.12003518
5771,model_6,0.413,0.42146823
5772,model_6,0.2631,0.2878855
5773,model_6,0.7893,0.7407611
5774,model_6,0.5589,0.49424922
5775,model_6,0.4408,0.45710593
5776,model_6,0.1751,0.18047874
5777,model_6,0.338,0.28996074
5778,model_6,0.0389,0.082439885
5779,model_6,-0.0409,-0.055783737
5780,model_6,0.8845,0.9032702
5781,model_6,0.507,0.5207328
5782,model_6,0.5069,0.39125046
5783,model_6,0.159,0.22219007
5784,model_6,0.3403,0.27318415
5785,model_6,0.1347,0.17605004
5786,model_6,-0.0917,-0.115697056
5787,model_6,0.3132,0.33822772
5788,model_6,0.1563,0.19557956
5789,model_6,0.1634,0.07389018
5790,model_6,0.0283,0.0490245
5791,model_6,0.4156,0.3489599
5792,model_6,0.2776,0.26738504
5793,model_6,0.285,0.2811694
5794,model_6,0.0277,0.07728783
5795,model_6,0.2433,0.24144787
5796,model_6,0.0146,0.05368482
5797,model_6,0.1401,0.19447693
5798,model_6,0.2873,0.2366795
5799,model_6,0.2748,0.26974857
5800,model_6,0.6025,0.62510854
5801,model_6,0.4643,0.3559663
5802,model_6,-0.2157,-0.19391462
5803,model_6,0.1203,0.14078213
5804,model_6,0.0828,0.054128613
5805,model_6,0.4831,0.37596324
5806,model_6,0.2895,0.38839623
5807,model_6,-0.0352,-0.055182215
5808,model_6,0.2205,0.2023466
5809,model_6,0.0719,0.051060937
5810,model_6,0.1049,0.084788725
5811,model_6,0.1905,0.140152
5812,model_6,0.1619,0.13973036
5813,model_6,0.3369,0.3608583
5814,model_6,0.0956,0.12012108
5815,model_6,0.2671,0.1700326
5816,model_6,0.4321,0.26846611
5817,model_6,0.968,0.9621344
5818,model_6,0.2189,0.20087083
5819,model_6,0.4722,0.48065555
5820,model_6,0.104,0.092710964
5821,model_6,0.119,0.099239506
5822,model_6,0.0959,0.11109171
5823,model_6,0.1303,0.14750291
5824,model_6,0.3844,0.3582903
5825,model_6,0.0468,0.027099729
5826,model_6,0.0681,0.05139904
5827,model_6,0.1287,0.11309721
5828,model_6,-0.0123,0.03586649
5829,model_6,0.0708,0.068352826
5830,model_6,0.2627,0.18865648
5831,model_6,0.7374,0.6743892
5832,model_6,0.1087,0.14393264
5833,model_6,0.5968,0.6119376
5834,model_6,0.0077,0.03270041
5835,model_6,0.3318,0.3266361
5836,model_6,1.0182,1.0281154
5837,model_6,0.3165,0.33304992
5838,model_6,0.3294,0.29411268
5839,model_6,0.2514,0.20895429
5840,model_6,0.1323,0.15944523
5841,model_6,0.716,0.7461664
5842,model_6,0.1813,0.18272188
5843,model_6,-0.1411,-0.15123294
5844,model_6,0.3845,0.39993146
5845,model_6,0.2491,0.38785702
5846,model_6,0.3569,0.3577991
5847,model_6,0.263,0.25763297
5848,model_6,0.2614,0.23509458
5849,model_6,0.0157,0.02284206
5850,model_6,-0.0157,-0.018871965
5851,model_6,0.2534,0.21893547
5852,model_6,0.1752,0.07908899
5853,model_6,0.3473,0.35738423
5854,model_6,0.2273,0.23168515
5855,model_6,0.1363,0.1754384
5856,model_6,0.2728,0.2776182
5857,model_6,0.0689,0.1257167
5858,model_6,0.1177,0.081626534
5859,model_6,0.2348,0.19087128
5860,model_6,0.1175,0.11284096
5861,model_6,0.3843,0.37950355
5862,model_6,-0.0015,-0.03408917
5863,model_6,0.6192,0.6764947
5864,model_6,0.4464,0.46469826
5865,model_6,0.0115,0.0077955634
5866,model_6,0.1149,0.09783171
5867,model_6,0.1727,0.13220647
5868,model_6,0.762,0.7407821
5869,model_6,0.0519,0.02373645
5870,model_6,-0.0504,-0.19373974
5871,model_6,0.5145,0.46331772
5872,model_6,0.2275,0.10032585
5873,model_6,0.3701,0.33534795
5874,model_6,0.8236,0.7970117
5875,model_6,0.105,0.122723855
5876,model_6,0.2646,0.17360736
5877,model_6,0.511,0.50916487
5878,model_6,0.7372,0.7221022
5879,model_6,0.6179,0.60337895
5880,model_6,0.2927,0.3449005
5881,model_6,0.0958,0.18326339
5882,model_6,0.2262,0.21781039
5883,model_6,0.1204,0.1259811
5884,model_6,0.444,0.41867614
5885,model_6,0.1689,0.16865802
5886,model_6,0.1055,0.118190125
5887,model_6,0.0738,0.08717298
5888,model_6,0.3141,0.27768356
5889,model_6,0.4324,0.43329823
5890,model_6,0.4149,0.42302322
5891,model_6,0.1827,0.15143235
5892,model_6,0.177,0.16939308
5893,model_6,0.4184,0.43632022
5894,model_6,0.4611,0.44781992
5895,model_6,0.1411,0.10457343
5896,model_6,0.1326,0.11565418
5897,model_6,0.0674,0.061880276
5898,model_6,-0.1918,-0.17253225
5899,model_6,0.0889,0.049664963
5900,model_6,0.2759,0.3580209
5901,model_6,0.2229,0.23085982
5902,model_6,0.0286,0.12542686
5903,model_6,0.234,0.19466338
5904,model_6,0.4041,0.47937864
5905,model_6,0.55,0.4956377
5906,model_6,0.4234,0.42071015
5907,model_6,0.7192,0.7437201
5908,model_6,0.1053,0.10689443
5909,model_6,0.5756,0.5122127
5910,model_6,0.6088,0.5849276
5911,model_6,0.0527,0.05457471
5912,model_6,0.0983,0.171031
5913,model_6,0.2077,0.27230486
5914,model_6,0.4189,0.39955533
5915,model_6,0.3759,0.37530607
5916,model_6,0.0413,0.02160296
5917,model_6,0.444,0.48402908
5918,model_6,0.3499,0.41799074
5919,model_6,0.0417,0.041629467
5920,model_6,0.2727,0.21097204
5921,model_6,0.2218,0.12581313
5922,model_6,0.4209,0.277772
5923,model_6,0.4697,0.46383035
5924,model_6,0.2169,0.19643106
5925,model_6,0.194,0.1709999
5926,model_6,0.1483,0.12882295
5927,model_6,0.0315,0.12284461
5928,model_6,0.2095,0.17888027
5929,model_6,0.1968,0.18651837
5930,model_6,0.1501,0.16883953
5931,model_6,0.0064,-0.0001973859
5932,model_6,0.1139,0.09540549
5933,model_6,0.3997,0.40196997
5934,model_6,0.0137,0.014153143
5935,model_6,0.5632,0.77536094
5936,model_6,0.364,0.3268047
5937,model_6,0.1252,0.20009963
5938,model_6,0.8815,0.91823393
5939,model_6,-0.1031,-0.167976
5940,model_6,0.6519,0.6834316
5941,model_6,-0.1633,-0.19181898
5942,model_6,0.1594,0.18692252
5943,model_6,0.1353,0.15212242
5944,model_6,0.0928,0.012168938
5945,model_6,0.2394,0.13631633
5946,model_6,-0.1511,-0.17566174
5947,model_6,0.1249,0.11935864
5948,model_6,0.1967,0.21295045
5949,model_6,0.244,0.24120313
5950,model_6,0.2271,0.2145818
5951,model_6,0.0979,0.08356736
5952,model_6,0.5082,0.50294304
5953,model_6,0.0196,0.013182443
5954,model_6,0.2708,0.34558186
5955,model_6,-0.0592,-0.17606203
5956,model_6,0.1764,0.15676863
5957,model_6,0.712,0.69676596
5958,model_6,0.161,0.34151334
5959,model_6,0.2217,0.18024293
5960,model_6,0.0747,0.054549906
5961,model_6,0.2956,0.25751343
5962,model_6,-0.1472,-0.15526998
5963,model_6,0.0653,0.060701095
5964,model_6,0.4054,0.37097466
5965,model_6,0.2278,0.22891554
5966,model_6,0.0893,0.07112661
5967,model_6,0.1983,0.21688752
5968,model_6,0.1475,0.112901375
5969,model_6,0.6911,0.676361
5970,model_6,0.2204,0.20877357
5971,model_6,0.1781,0.2507498
5972,model_6,0.0152,0.03510955
5973,model_6,0.3516,0.3376336
5974,model_6,0.3131,0.29906484
5975,model_6,0.2978,0.28465682
5976,model_6,0.5104,0.38441277
5977,model_6,0.2419,0.34765294
5978,model_6,0.1082,0.11945139
5979,model_6,0.3764,0.38185644
5980,model_6,0.2529,0.30425125
5981,model_6,0.1246,0.05502638
5982,model_6,0.1304,0.1401267
5983,model_6,-0.0045,0.005746367
5984,model_6,0.3164,0.2376716
5985,model_6,0.1435,0.14726561
5986,model_6,0.0229,0.120323695
5987,model_6,0.0309,0.020805093
5988,model_6,0.0621,0.12736903
5989,model_6,0.0784,0.10072315
5990,model_6,0.5824,0.5468858
5991,model_6,-0.1898,-0.1369018
5992,model_6,0.06,0.09100127
5993,model_6,0.0708,0.086095616
5994,model_6,0.0177,0.07930404
5995,model_6,0.0279,0.10813839
5996,model_6,0.1094,0.037462305
5997,model_6,0.1045,0.040548287
5998,model_6,0.0055,0.008545686
5999,model_6,0.6646,0.69247025
6000,model_6,0.0512,0.03751469
6001,model_6,0.3833,0.37653393
6002,model_6,0.5024,0.49313143
6003,model_6,0.126,0.14048624
6004,model_6,0.0858,0.23472054
6005,model_6,0.7167,0.679004
6006,model_6,0.1458,0.12943715
6007,model_6,0.8372,0.81981796
6008,model_6,0.1658,0.13843712
6009,model_6,0.2899,0.30500758
6010,model_6,0.0753,0.05617727
6011,model_6,0.1578,0.1468192
6012,model_6,0.1004,0.10585222
6013,model_6,0.0181,0.011593077
6014,model_6,0.0246,0.017410183
6015,model_6,0.2726,0.30252922
6016,model_6,0.336,0.4006521
6017,model_6,0.2463,0.28101513
6018,model_6,-0.0199,0.008963192
6019,model_6,0.1932,0.12755972
6020,model_6,0.3848,0.3564766
6021,model_6,0.3624,0.46428958
6022,model_6,0.224,0.24173144
6023,model_6,-0.0369,-0.016926792
6024,model_6,0.2776,0.26687166
6025,model_6,0.1372,0.12314966
6026,model_6,0.2901,0.30693215
6027,model_6,0.3244,0.30990177
6028,model_6,0.6171,0.5947693
6029,model_6,0.3473,0.35405806
6030,model_6,0.1021,0.11042492
6031,model_6,0.2893,0.25106946
6032,model_6,0.6872,0.6594873
6033,model_6,0.1537,0.074399695
6034,model_6,0.1725,0.1968165
6035,model_6,0.6856,0.7262325
6036,model_6,0.0473,0.040154133
6037,model_6,0.3468,0.2984364
6038,model_6,0.1598,0.18695553
6039,model_6,0.2828,0.13681434
6040,model_6,0.2706,0.16170886
6041,model_6,0.2465,0.19727525
6042,model_6,0.363,0.38352615
6043,model_6,0.0102,0.012397527
6044,model_6,0.1531,0.14199066
6045,model_6,0.0672,0.072742864
6046,model_6,0.4204,0.34981543
6047,model_6,0.4323,0.37871924
6048,model_6,0.0455,0.087150365
6049,model_6,0.2536,0.067780666
6050,model_6,0.2168,0.23857701
6051,model_6,0.1225,0.15658677
6052,model_6,0.2041,0.09127776
6053,model_6,0.4143,0.39713824
6054,model_6,0.133,0.11140672
6055,model_6,0.7504,0.7358948
6056,model_6,0.0793,0.07751376
6057,model_6,0.7187,0.7176551
6058,model_6,-0.0888,-0.11515386
6059,model_6,-0.0724,-0.0832507
6060,model_6,0.1755,0.1999791
6061,model_6,0.1294,0.15846753
6062,model_6,0.0995,0.104248054
6063,model_6,0.427,0.44318792
6064,model_6,0.6007,0.6106964
6065,model_6,-0.0566,-0.016904462
6066,model_6,0.1829,0.14915557
6067,model_6,0.0908,0.06628923
6068,model_6,0.0227,0.033374652
6069,model_6,0.1461,0.17446874
6070,model_6,0.4368,0.39891654
6071,model_6,0.4394,0.36907506
6072,model_6,0.1819,0.18652588
6073,model_6,0.4523,0.37474912
6074,model_6,0.2127,0.13605735
6075,model_6,0.2036,0.08943524
6076,model_6,0.1276,0.11030922
6077,model_6,0.1621,0.15596569
6078,model_6,0.1851,0.19864915
6079,model_6,0.0788,0.031023089
6080,model_6,0.5982,0.6196808
6081,model_6,-0.054,-0.1018761
6082,model_6,0.4461,0.44971758
6083,model_6,0.2989,0.25024012
6084,model_6,0.0467,0.08230044
6085,model_6,0.074,0.0648242
6086,model_6,0.1703,0.15032043
6087,model_6,-0.1722,-0.12985934
6088,model_6,-0.185,-0.21001172
6089,model_6,0.0057,0.025775732
6090,model_6,0.4083,0.38330364
6091,model_6,0.0645,0.18247661
6092,model_6,-0.0974,-0.11131391
6093,model_6,0.4317,0.5193855
6094,model_6,-0.0463,-0.1266654
6095,model_6,0.6555,0.6485629
6096,model_6,0.3019,0.32352883
6097,model_6,0.0058,0.08588259
6098,model_6,0.2217,0.20241177
6099,model_6,0.7551,0.7328226
6100,model_6,0.2415,0.25492465
6101,model_6,0.0656,0.033741407
6102,model_6,0.4595,0.49825782
6103,model_6,0.8544,0.86761636
6104,model_6,0.3717,0.3845778
6105,model_6,0.6272,0.61053014
6106,model_6,0.3022,0.32275832
6107,model_6,0.3778,0.29569435
6108,model_6,0.0287,-0.041901607
6109,model_6,0.3884,0.3691514
6110,model_6,-0.0232,0.021915078
6111,model_6,0.3837,0.3961066
6112,model_6,0.2799,0.2695969
6113,model_6,-0.0871,-0.048444014
6114,model_6,0.057,0.07763187
6115,model_6,0.8139,0.8347167
6116,model_6,0.4231,0.39564344
6117,model_6,0.579,0.535649
6118,model_6,0.1442,0.16131623
6119,model_6,-0.0193,0.048135534
6120,model_6,0.3733,0.39957437
6121,model_6,0.07,0.069682136
6122,model_6,0.2267,0.2435095
6123,model_6,0.0168,0.028978856
6124,model_6,0.2955,0.2819533
6125,model_6,0.2859,0.2467377
6126,model_6,0.361,0.32439363
6127,model_6,-0.026,0.06072765
6128,model_6,0.2305,0.29900286
6129,model_6,0.3306,0.2915039
6130,model_6,0.5237,0.5165269
6131,model_6,0.1627,0.21502036
6132,model_6,0.1755,0.16377164
6133,model_6,0.3975,0.3830968
6134,model_6,0.5249,0.45844948
6135,model_6,0.2497,0.14716463
6136,model_6,0.4996,0.469302
6137,model_6,0.1157,0.094980195
6138,model_6,0.4703,0.5861909
6139,model_6,0.239,0.2372198
6140,model_6,-0.112,-0.14019077
6141,model_6,0.5592,0.43654633
6142,model_6,-0.093,-0.098292135
6143,model_6,0.0394,0.072421856
6144,model_6,0.5545,0.5968041
6145,model_6,0.172,0.1368153
6146,model_6,0.0646,0.07842299
6147,model_6,0.2157,0.21377188
6148,model_6,-0.0403,-0.10210068
6149,model_6,0.2253,0.1754098
6150,model_6,-0.0892,-0.07807364
6151,model_6,0.605,0.66727996
6152,model_6,0.1725,0.17439903
6153,model_6,0.2313,0.20868966
6154,model_6,0.4575,0.47251612
6155,model_6,0.4148,0.37001815
6156,model_6,0.7204,0.70448995
6157,model_6,0.9066,0.85554886
6158,model_6,0.02,0.024025355
6159,model_6,1.19,1.1737305
6160,model_6,0.2233,0.21864548
6161,model_6,0.0991,0.09597731
6162,model_6,0.563,0.49270824
6163,model_6,0.2097,0.18865667
6164,model_6,0.0878,0.09694354
6165,model_6,0.1536,0.20408213
6166,model_6,0.722,0.6419852
6167,model_6,-0.018,-0.02298613
6168,model_6,-0.0696,0.011055885
6169,model_6,-0.11,-0.0942667
6170,model_6,0.0869,0.11392741
6171,model_6,0.0163,0.024901986
6172,model_6,0.195,0.22431701
6173,model_6,0.5799,0.6230013
6174,model_6,0.3821,0.3743372
6175,model_6,0.4484,0.4017902
6176,model_6,0.1293,0.15586291
6177,model_6,0.0924,0.1279467
6178,model_6,0.1134,0.22878802
6179,model_6,0.1729,0.056855988
6180,model_6,0.7514,0.8061128
6181,model_6,0.2276,0.23279333
6182,model_6,-0.0965,-0.039541338
6183,model_6,0.2775,0.16441369
6184,model_6,-0.0962,-0.13647328
6185,model_6,0.6814,0.70358014
6186,model_6,0.9367,0.92961127
6187,model_6,0.587,0.5642074
6188,model_6,0.6261,0.5972739
6189,model_6,0.8384,0.90374553
6190,model_6,-0.0616,-0.066513985
6191,model_6,0.2096,0.17479786
6192,model_6,0.1658,0.15792975
6193,model_6,0.3386,0.35758984
6194,model_6,0.2073,0.21979827
6195,model_6,0.2365,0.22396052
6196,model_6,0.4759,0.49955416
6197,model_6,0.3594,0.30797064
6198,model_6,-0.0126,-0.025637146
6199,model_6,0.4295,0.4584555
6200,model_6,0.1794,0.2016153
6201,model_6,0.3426,0.34477615
6202,model_6,0.1062,0.16029413
6203,model_6,0.2959,0.15749817
6204,model_6,0.0748,0.13721249
6205,model_6,0.0739,0.12830593
6206,model_6,0.817,0.8114776
6207,model_6,0.0618,0.049316607
6208,model_6,0.1994,0.22792396
6209,model_6,0.2399,0.18061829
6210,model_6,-0.1687,-0.19543162
6211,model_6,0.3406,0.3457003
6212,model_6,0.0426,-0.18151766
6213,model_6,0.487,0.5226051
6214,model_6,0.3844,0.36574745
6215,model_6,-0.1033,-0.07481948
6216,model_6,0.1726,0.2156038
6217,model_6,-0.2251,-0.13351671
6218,model_6,-0.1563,-0.15875491
6219,model_6,-0.017,0.003005738
6220,model_6,0.1351,0.24223
6221,model_6,0.0298,0.06094072
6222,model_6,0.4114,0.39074433
6223,model_6,0.2823,0.27662283
6224,model_6,0.3214,0.33001947
6225,model_6,0.3173,0.3128928
6226,model_6,0.6335,0.63592094
6227,model_6,0.4386,0.40891954
6228,model_6,0.7033,0.7357295
6229,model_6,0.0961,0.13259321
6230,model_6,0.2092,0.16792707
6231,model_6,0.1515,0.15807943
6232,model_6,0.3138,0.29603088
6233,model_6,0.019,0.043709464
6234,model_6,0.0454,0.053804077
6235,model_6,0.032,-0.009410208
6236,model_6,0.5434,0.47725856
6237,model_6,0.2446,0.2234209
6238,model_6,0.2105,0.07392695
6239,model_6,0.2033,0.28067446
6240,model_6,0.1468,0.09158606
6241,model_6,0.0986,0.12553358
6242,model_6,0.1279,0.08657628
6243,model_6,0.0499,0.028119333
6244,model_6,0.3669,0.34959882
6245,model_6,-0.015,0.029964935
6246,model_6,-0.0886,-0.14813307
6247,model_6,0.0577,0.06597472
6248,model_6,0.1608,0.24265483
6249,model_6,0.1703,0.21403608
6250,model_6,0.3218,0.35384494
6251,model_6,-0.0403,-0.11921576
6252,model_6,0.2946,0.36218372
6253,model_6,0.4484,0.42469
6254,model_6,0.9149,0.9724936
6255,model_6,0.1495,0.12747121
6256,model_6,0.2393,0.27891898
6257,model_6,0.2756,0.208276
6258,model_6,0.0972,0.08379714
6259,model_6,0.2435,0.2603023
6260,model_6,0.3776,0.35693395
6261,model_6,0.3487,0.3082946
6262,model_6,0.0518,-0.0108926445
6263,model_6,0.1802,0.22013077
6264,model_6,-0.0121,-0.013076082
6265,model_6,0.6174,0.5771153
6266,model_6,0.3866,0.38634843
6267,model_6,0.2892,0.32380646
6268,model_6,0.1315,0.15271391
6269,model_6,0.1742,0.20215738
6270,model_6,0.1037,0.12026123
6271,model_6,0.1609,0.14034213
6272,model_6,-0.0852,-0.19929385
6273,model_6,0.0135,-0.0043991054
6274,model_6,-0.0106,0.012089562
6275,model_6,0.4296,0.3940894
6276,model_6,0.089,0.055190083
6277,model_6,0.113,0.11255828
6278,model_6,0.1457,0.17103346
6279,model_6,-0.1112,-0.02595039
6280,model_6,0.4272,0.39544144
6281,model_6,0.0777,0.10553913
6282,model_6,0.4754,0.5196197
6283,model_6,0.0916,0.0792997
6284,model_6,0.0824,0.1435078
6285,model_6,0.1173,0.11022694
6286,model_6,0.2356,0.3057199
6287,model_6,0.0041,0.028681654
6288,model_6,0.4338,0.37322
6289,model_6,-0.0558,-0.09347381
6290,model_6,0.1597,0.15189292
6291,model_6,0.4863,0.43073922
6292,model_6,0.81,0.7732304
6293,model_6,0.0105,-0.0019541136
6294,model_6,0.7994,0.81291276
6295,model_6,0.0764,0.120679446
6296,model_6,0.3749,0.3978632
6297,model_6,0.126,0.19017124
6298,model_6,0.7243,0.7145389
6299,model_6,0.2803,0.2689321
6300,model_6,0.2326,0.26230296
6301,model_6,0.2476,0.22330633
6302,model_6,0.048,0.031643633
6303,model_6,-0.0579,-0.08450742
6304,model_6,0.2671,0.24658242
6305,model_6,0.2702,0.25307658
6306,model_6,0.0745,0.08154759
6307,model_6,-0.044,-0.08755087
6308,model_6,0.4013,0.06151459
6309,model_6,0.1741,0.1657712
6310,model_6,0.28,0.27579072
6311,model_6,0.3123,0.2623475
6312,model_6,0.2244,0.2402275
6313,model_6,-0.0724,0.016418483
6314,model_6,-0.1737,-0.1578378
6315,model_6,0.3393,0.38754606
6316,model_6,0.1571,0.13144103
6317,model_6,0.1801,0.2568638
6318,model_6,0.5595,0.594069
6319,model_6,0.2539,0.26600492
6320,model_6,0.1424,0.22530355
6321,model_6,0.5416,0.55228204
6322,model_6,0.6322,0.6676979
6323,model_6,0.9013,0.8620387
6324,model_6,0.2388,0.15178223
6325,model_6,0.0292,0.020322988
6326,model_6,0.2263,0.27329123
6327,model_6,-0.0301,0.050127927
6328,model_6,-0.0393,-0.025763255
6329,model_6,0.3149,0.30071816
6330,model_6,0.1496,0.16169113
6331,model_6,0.8375,0.8597109
6332,model_6,0.3452,0.3261089
6333,model_6,0.0905,0.1033733
6334,model_6,0.279,0.27104482
6335,model_6,0.7465,0.77737445
6336,model_6,0.4102,0.3875417
6337,model_6,0.179,0.19360398
6338,model_6,0.342,0.31419826
6339,model_6,0.1498,0.17109148
6340,model_6,0.0013,-0.019336492
6341,model_6,0.1573,0.18104808
6342,model_6,-0.0692,-0.024437599
6343,model_6,0.0915,0.12175689
6344,model_6,-0.1217,-0.12095414
6345,model_6,0.006,-0.053443458
6346,model_6,0.1602,0.1279597
6347,model_6,0.4953,0.48108676
6348,model_6,0.1028,0.058205765
6349,model_6,0.4005,0.38807446
6350,model_6,0.0468,0.0313689
6351,model_6,0.1325,0.14567237
6352,model_6,0.3984,0.49202055
6353,model_6,0.4429,0.42196643
6354,model_6,0.282,0.23171942
6355,model_6,-0.0364,-0.02357324
6356,model_6,0.3952,0.3615701
6357,model_6,0.1896,0.17789346
6358,model_6,0.1409,0.16792764
6359,model_6,0.1024,0.25420386
6360,model_6,0.3351,0.2664802
6361,model_6,0.2263,0.24616839
6362,model_6,0.0505,-0.011593871
6363,model_6,0.095,0.110178605
6364,model_6,0.1807,0.21643144
6365,model_6,0.4296,0.34480214
6366,model_6,0.1463,0.13176621
6367,model_6,0.5338,0.50546384
6368,model_6,0.2108,0.19296373
6369,model_6,0.4613,0.4349926
6370,model_6,0.3876,0.32313666
6371,model_6,0.0306,0.119011626
6372,model_6,0.5567,0.58091044
6373,model_6,0.3687,0.29662067
6374,model_6,0.1993,0.21334647
6375,model_6,0.8394,0.85235155
6376,model_6,0.1974,0.21459821
6377,model_6,0.0667,0.08311112
6378,model_6,0.4488,0.44820896
6379,model_6,0.4274,0.3669166
6380,model_6,0.2094,0.25022328
6381,model_6,0.1514,0.21789818
6382,model_6,0.3395,0.3093302
6383,model_6,-0.2121,-0.15165818
6384,model_6,0.4152,0.3704152
6385,model_6,0.2232,0.25165623
6386,model_6,0.2168,0.14065991
6387,model_6,0.3048,0.36974522
6388,model_6,0.2816,0.307792
6389,model_6,0.2313,0.34343052
6390,model_6,0.2101,0.24647337
6391,model_6,0.2225,0.2423267
6392,model_6,0.1334,0.13631208
6393,model_6,0.4307,0.4411616
6394,model_6,0.663,0.6334875
6395,model_6,0.2275,0.15638381
6396,model_6,-0.0826,-0.05814193
6397,model_6,0.1978,0.15539342
6398,model_6,-0.0077,-0.022114232
6399,model_6,0.103,0.15152426
6400,model_6,0.3007,0.2973996
6401,model_6,0.372,0.33998388
6402,model_6,0.512,0.50401616
6403,model_6,0.2462,0.2433706
6404,model_6,-0.0971,-0.1237576
6405,model_6,0.3651,0.39486057
6406,model_6,0.0519,0.06296097
6407,model_6,0.1303,0.1370413
6408,model_6,0.3447,0.34757558
6409,model_6,0.4096,0.39102742
6410,model_6,0.3269,0.34873068
6411,model_6,0.656,0.66597253
6412,model_6,0.2137,0.14881498
6413,model_6,0.4386,0.39235884
6414,model_6,0.4577,0.4351921
6415,model_6,0.1256,0.16054076
6416,model_6,0.1109,0.0976391
6417,model_6,0.0655,0.07762194
6418,model_6,0.367,0.51254565
6419,model_6,0.0729,0.15086374
6420,model_6,-0.012,-0.036533423
6421,model_6,0.2063,0.13558263
6422,model_6,0.2196,0.19332547
6423,model_6,0.202,0.22736344
6424,model_6,-0.1732,-0.22030734
6425,model_6,0.4411,0.3702323
6426,model_6,0.1692,0.13778679
6427,model_6,0.3644,0.3138988
6428,model_6,0.1212,0.13787976
6429,model_6,0.42,0.4205909
6430,model_6,0.0774,0.10636853
6431,model_6,0.2859,0.28052688
6432,model_6,-0.003,-0.03986806
6433,model_6,0.3905,0.39723182
6434,model_6,-0.1157,-0.05173369
6435,model_6,0.2236,0.3122866
6436,model_6,0.0544,0.03762463
6437,model_6,0.127,0.102823794
6438,model_6,0.388,0.38283545
6439,model_6,0.6839,0.72314763
6440,model_6,0.408,0.2839602
6441,model_6,0.2601,0.23079543
6442,model_6,0.8404,0.8075537
6443,model_6,0.2563,0.28036958
6444,model_6,0.0424,0.035099562
6445,model_6,-0.0446,-0.045533326
6446,model_6,0.1528,0.13489644
6447,model_6,0.0167,0.022438603
6448,model_6,0.06,0.104060896
6449,model_6,0.1122,0.108466744
6450,model_6,0.3215,0.26957512
6451,model_6,0.1539,0.18265706
6452,model_6,0.2696,0.21239716
6453,model_6,-0.1477,-0.08492336
6454,model_6,-0.2229,-0.1914614
6455,model_6,0.2328,0.2347846
6456,model_6,0.4605,0.37281412
6457,model_6,0.1324,0.13514459
6458,model_6,0.0226,0.034584455
6459,model_6,0.4132,0.40136325
6460,model_6,0.4318,0.19892807
6461,model_6,0.0504,0.066420265
6462,model_6,0.3072,0.17815965
6463,model_6,0.2909,0.30404514
6464,model_6,-0.1657,-0.18585685
6465,model_6,0.297,0.2693284
6466,model_6,-0.0024,0.04676586
6467,model_6,0.4383,0.3625022
6468,model_6,0.2722,0.3021483
6469,model_6,0.2476,0.20941944
6470,model_6,0.0755,0.015567496
6471,model_6,0.0671,0.10727453
6472,model_6,0.1315,0.20818132
6473,model_6,0.6204,0.39315966
6474,model_6,0.0764,0.057414286
6475,model_6,0.2023,0.16811274
6476,model_6,0.068,0.018845731
6477,model_6,0.1277,0.19179922
6478,model_6,0.0902,0.06100737
6479,model_6,0.0133,0.03358589
6480,model_6,0.1731,0.17441273
6481,model_6,0.0095,0.061991394
6482,model_6,0.0342,0.009415412
6483,model_6,0.072,-0.02420507
6484,model_6,0.2915,0.34506416
6485,model_6,0.3185,0.39589518
6486,model_6,0.0266,0.19766912
6487,model_6,0.052,0.09901209
6488,model_6,0.3406,0.32578483
6489,model_6,0.0676,0.10338865
6490,model_6,-0.0062,0.019176723
6491,model_6,-0.0165,-0.0503763
6492,model_6,0.1178,0.18830958
6493,model_6,-0.0625,-0.0849713
6494,model_6,0.6297,0.60648465
6495,model_6,0.3723,0.3970724
6496,model_6,0.2008,0.20903194
6497,model_6,0.1166,0.07410678
6498,model_6,0.0494,0.04540525
6499,model_6,-0.0394,-0.037364136
6500,model_6,0.4779,0.49991888
6501,model_6,0.1558,0.20031452
6502,model_6,0.7177,0.6897754
6503,model_6,0.2762,0.21436766
6504,model_6,0.3966,0.38991493
6505,model_6,0.2741,0.33629546
6506,model_6,-0.0232,-0.07141005
6507,model_6,0.7848,0.81223863
6508,model_6,0.1533,0.09666656
6509,model_6,0.2418,0.24569805
6510,model_6,0.0668,0.075343296
6511,model_6,0.2878,0.23291573
6512,model_6,0.0928,0.08792924
6513,model_6,0.0987,0.0926225
6514,model_6,0.4317,0.401308
6515,model_6,0.1778,0.13296154
6516,model_6,0.068,0.045108348
6517,model_6,0.513,0.55901414
6518,model_6,0.2727,0.25252706
6519,model_6,0.056,0.04223019
6520,model_6,0.0811,0.0749513
6521,model_6,0.7914,0.822587
6522,model_6,0.1931,0.10833097
6523,model_6,0.1981,0.13890816
6524,model_6,0.1957,0.25542393
6525,model_6,0.0694,0.09727752
6526,model_6,0.6212,0.6337672
6527,model_6,0.4761,0.47419477
6528,model_6,0.4314,0.46711016
6529,model_6,0.7991,0.7609714
6530,model_6,0.0289,0.081592664
6531,model_6,0.1747,0.15840757
6532,model_6,-0.0269,0.004553851
6533,model_6,0.4011,0.41806334
6534,model_6,0.3967,0.3723234
6535,model_6,0.1965,0.28825852
6536,model_6,0.5402,0.605238
6537,model_6,0.3441,0.31630772
6538,model_6,0.1463,0.18819848
6539,model_6,0.1934,0.17199911
6540,model_6,0.7412,0.67050016
6541,model_6,0.0042,0.050764736
6542,model_6,0.7054,0.71922386
6543,model_6,0.1091,0.110101864
6544,model_6,0.153,0.15543565
6545,model_6,0.4269,0.4489429
6546,model_6,-0.1313,-0.07993519
6547,model_6,0.0209,-0.0030823569
6548,model_6,0.0697,0.07542651
6549,model_6,0.3623,0.36115697
6550,model_6,0.0823,0.13942261
6551,model_6,0.2128,0.44709975
6552,model_6,0.3105,0.28922364
6553,model_6,0.0689,0.11725369
6554,model_6,0.4165,0.38601726
6555,model_6,0.478,0.39529088
6556,model_6,0.515,0.49741933
6557,model_6,0.3416,0.20286661
6558,model_6,0.1077,0.1792883
6559,model_6,0.2477,0.17529534
6560,model_6,0.3338,0.33211768
6561,model_6,0.4154,0.35588992
6562,model_6,0.564,0.5547063
6563,model_6,0.1785,0.16310453
6564,model_6,-0.1396,-0.15455183
6565,model_6,0.0978,0.14825654
6566,model_6,0.204,0.17323366
6567,model_6,0.111,0.040231217
6568,model_6,0.1836,0.15609539
6569,model_6,0.4433,0.42110163
6570,model_6,0.8485,0.878888
6571,model_6,-0.0649,-0.07620649
6572,model_6,0.1367,0.14070274
6573,model_6,0.1028,0.0922813
6574,model_6,0.0518,0.06222276
6575,model_6,0.5816,0.6032656
6576,model_6,0.1789,0.33201638
6577,model_6,0.7631,0.6834806
6578,model_6,0.3558,0.14823674
6579,model_6,0.1523,0.15322925
6580,model_6,-0.0507,-0.047769103
6581,model_6,0.1702,0.1280179
6582,model_6,0.2592,0.21809918
6583,model_6,0.3172,0.1981477
6584,model_6,-0.1875,-0.20431258
6585,model_6,0.3418,0.37379786
6586,model_6,0.4076,0.4368689
6587,model_6,-0.0046,0.014024816
6588,model_6,0.3524,0.27246463
6589,model_6,0.4058,0.4045953
6590,model_6,0.0849,0.13146546
6591,model_6,0.3575,0.3126999
6592,model_6,0.1286,0.26739782
6593,model_6,0.4645,0.3996952
6594,model_6,0.2534,0.29112583
6595,model_6,0.5962,0.6210198
6596,model_6,0.09,0.095051005
6597,model_6,0.528,0.5225425
6598,model_6,0.6171,0.59325486
6599,model_6,0.826,0.7285741
6600,model_6,0.1418,0.5165619
6601,model_6,0.7059,0.7167451
6602,model_6,0.291,0.25550225
6603,model_6,0.7719,0.63211125
6604,model_6,0.4094,0.40249947
6605,model_6,0.2653,0.25707522
6606,model_6,0.0583,0.070804976
6607,model_6,0.2043,0.2437687
6608,model_6,0.1362,0.17523344
6609,model_6,0.4747,0.51032335
6610,model_6,0.1026,0.14491357
6611,model_6,-0.0913,-0.099487886
6612,model_6,0.2231,0.1972366
6613,model_6,0.1426,0.13963178
6614,model_6,-0.1073,-0.096580625
6615,model_6,0.2361,0.27481622
6616,model_6,0.4424,0.40454572
6617,model_6,0.518,0.5343657
6618,model_6,0.1586,0.2922703
6619,model_6,0.238,0.19447586
6620,model_6,0.1724,0.26047215
6621,model_6,-0.1778,-0.13701007
6622,model_6,0.1317,0.16079882
6623,model_6,0.1962,0.16640025
6624,model_6,0.0172,-0.040031057
6625,model_6,0.5207,0.54154587
6626,model_6,0.1928,0.1630709
6627,model_6,0.0629,0.038353678
6628,model_6,0.5556,0.52218074
6629,model_6,0.0422,0.03731188
6630,model_6,0.5849,0.55252427
6631,model_6,0.827,0.80520535
6632,model_6,0.0768,0.043896798
6633,model_6,0.4351,0.3339302
6634,model_6,0.2702,0.18588118
6635,model_6,-0.1111,-0.13504311
6636,model_6,0.2058,0.116780795
6637,model_6,0.5358,0.5134911
6638,model_6,0.5499,0.55066997
6639,model_6,0.1161,0.18052045
6640,model_6,0.0108,0.2565604
6641,model_6,0.1671,0.06519548
6642,model_6,0.6596,0.63833034
6643,model_6,0.4266,0.46084717
6644,model_6,-0.0402,-0.008838385
6645,model_6,0.1219,0.11222877
6646,model_6,0.2061,0.2192778
6647,model_6,0.7405,0.76078427
6648,model_6,0.0663,0.05705374
6649,model_6,0.1984,0.18933359
6650,model_6,0.3698,0.42755777
6651,model_6,0.075,0.10428884
6652,model_6,0.5033,0.4715047
6653,model_6,0.036,0.0683484
6654,model_6,-0.0014,-0.00125833
6655,model_6,-0.0087,0.1104626
6656,model_6,0.2431,0.26132572
6657,model_6,0.1045,0.08849872
6658,model_6,0.1423,0.22036266
6659,model_6,0.1301,0.08298193
6660,model_6,0.0557,0.06833825
6661,model_6,-0.0719,-0.04321567
6662,model_6,0.4321,0.44619235
6663,model_6,0.1055,0.0808285
6664,model_6,0.1593,0.10412066
6665,model_6,0.2145,0.25001064
6666,model_6,0.097,0.14830522
6667,model_6,0.3077,0.2776371
6668,model_6,0.4098,0.37186414
6669,model_6,0.2198,0.21508056
6670,model_6,-0.0694,-0.08501627
6671,model_6,-0.0986,-0.14089638
6672,model_6,-0.0015,-0.10690899
6673,model_6,-0.0828,-0.12435874
6674,model_6,0.1829,0.23709914
6675,model_6,0.0594,0.0057681263
6676,model_6,-0.0483,-0.09337209
6677,model_6,-0.1731,-0.21884847
6678,model_6,0.1554,0.14520723
6679,model_6,0.7179,0.7130382
6680,model_6,0.1932,0.14717771
6681,model_6,0.4048,0.3484896
6682,model_6,0.4387,0.29935586
6683,model_6,0.1126,0.17103846
6684,model_6,-0.2122,-0.22418512
6685,model_6,0.5444,0.48417675
6686,model_6,0.3127,0.26193723
6687,model_6,0.3728,0.3365521
6688,model_6,-0.0718,-0.07842592
6689,model_6,0.3851,0.40818763
6690,model_6,0.0227,0.07134427
6691,model_6,0.8755,0.9041973
6692,model_6,0.26,0.27305317
6693,model_6,0.0978,0.032831445
6694,model_6,0.1429,0.14645919
6695,model_6,0.3102,0.31611252
6696,model_6,0.1025,0.0912765
6697,model_6,0.4923,0.44997558
6698,model_6,0.1257,0.058075525
6699,model_6,0.0655,0.07853819
6700,model_6,0.1257,0.10908738
6701,model_6,0.1337,0.1383461
6702,model_6,0.0565,0.07535356
6703,model_6,0.0358,0.049904022
6704,model_6,0.219,0.20446345
6705,model_6,0.1125,0.13436927
6706,model_6,-0.1224,-0.14143819
6707,model_6,0.5175,0.45990407
6708,model_6,0.21,0.26066998
6709,model_6,0.1534,0.053945255
6710,model_6,-0.0431,0.05745765
6711,model_6,0.4648,0.3196648
6712,model_6,0.1031,0.068487786
6713,model_6,0.2858,0.29280442
6714,model_6,0.2066,0.2129902
6715,model_6,0.1097,0.188941
6716,model_6,0.5864,0.56109244
6717,model_6,0.1359,0.18576407
6718,model_6,0.7127,0.71618366
6719,model_6,-0.0416,-0.106006876
6720,model_6,0.2753,0.23858657
6721,model_6,0.25,0.2145264
6722,model_6,0.2636,0.26857063
6723,model_6,0.1919,0.2128326
6724,model_6,1.0267,0.9638067
6725,model_6,-0.1257,-0.14453787
6726,model_6,0.168,0.16194084
6727,model_6,0.1374,0.08287598
6728,model_6,0.1609,0.092122704
6729,model_6,-0.04,-0.07837096
6730,model_6,0.068,0.087145805
6731,model_6,0.4405,0.45505264
6732,model_6,0.7809,0.7660523
6733,model_6,0.409,0.35118198
6734,model_6,0.4654,0.42737696
6735,model_6,0.871,0.8398109
6736,model_6,0.1976,0.18373452
6737,model_6,-0.0376,-0.05276515
6738,model_6,0.2928,0.2659858
6739,model_6,-0.2707,-0.27555457
6740,model_6,0.2829,0.34315515
6741,model_6,-0.1185,-0.10435003
6742,model_6,0.5144,0.5448801
6743,model_6,-0.1846,-0.17099671
6744,model_6,0.157,0.17961884
6745,model_6,0.0615,0.044926967
6746,model_6,-0.2221,-0.25748274
6747,model_6,0.2411,0.2539655
6748,model_6,-0.0456,-0.05047958
6749,model_6,0.282,0.23204726
6750,model_6,0.2466,0.23383458
6751,model_6,0.0492,0.08888428
6752,model_6,-0.1123,0.101025976
6753,model_6,0.7365,0.7302119
6754,model_6,0.3334,0.35552356
6755,model_6,0.0794,0.072557
6756,model_6,0.0398,-0.052525338
6757,model_6,0.2452,0.22561039
6758,model_6,-0.0365,0.012338653
6759,model_6,0.5086,0.49728593
6760,model_6,0.2435,0.2423427
6761,model_6,0.3967,0.4514715
6762,model_6,0.3969,0.2956872
6763,model_6,0.1073,0.10202394
6764,model_6,0.1072,0.13985546
6765,model_6,0.0363,0.048076306
6766,model_6,-0.1138,-0.09656243
6767,model_6,0.0653,0.04916634
6768,model_6,-0.0295,0.012581589
6769,model_6,0.2637,0.124688685
6770,model_6,0.1072,0.20621517
6771,model_6,0.0064,0.028587054
6772,model_6,0.3785,0.4380261
6773,model_6,0.8608,0.89719874
6774,model_6,0.0772,0.07017912
6775,model_6,0.3431,0.3021121
6776,model_6,0.0949,0.18742964
6777,model_6,0.4475,0.4129817
6778,model_6,0.6001,0.6095608
6779,model_6,0.0806,0.07592074
6780,model_6,-0.2034,-0.20021984
6781,model_6,0.4424,0.3105693
6782,model_6,0.1855,0.09433615
6783,model_6,0.0513,0.06557805
6784,model_6,0.4497,0.4710868
6785,model_6,-0.0049,-0.041318048
6786,model_6,0.1728,0.21062122
6787,model_6,0.173,0.16743532
6788,model_6,0.0863,0.15277587
6789,model_6,0.5623,0.52320224
6790,model_6,-0.1634,-0.111911446
6791,model_6,0.3863,0.400312
6792,model_6,0.2897,0.26863298
6793,model_6,0.1685,0.17481731
6794,model_6,0.1949,0.15651356
6795,model_6,0.129,0.1957219
6796,model_6,0.3091,0.33973938
6797,model_6,0.2157,0.20451744
6798,model_6,0.5034,0.5508951
6799,model_6,0.0,0.03497491
6800,model_6,0.3681,0.316802
6801,model_6,0.1152,0.09740036
6802,model_6,0.4035,0.4185089
6803,model_6,0.1368,0.14257571
6804,model_6,0.6793,0.68991816
6805,model_6,0.0099,0.09421577
6806,model_6,0.5455,0.5440309
6807,model_6,0.1477,0.123733446
6808,model_6,0.5797,0.56469744
6809,model_6,0.7226,0.7121593
6810,model_6,0.2771,0.28338847
6811,model_6,0.2224,0.2428604
6812,model_6,0.576,0.53167933
6813,model_6,0.2533,0.10725217
6814,model_6,0.7663,0.7685515
6815,model_6,0.5658,0.536487
6816,model_6,0.1961,0.24343511
6817,model_6,0.0764,0.034301784
6818,model_6,0.6282,0.6539508
6819,model_6,0.403,0.43160206
6820,model_6,0.1018,-0.106756166
6821,model_6,0.0508,0.025720336
6822,model_6,-0.1082,-0.08522795
6823,model_6,0.0323,-0.027612034
6824,model_6,0.1142,0.07710898
6825,model_6,0.176,0.22712241
6826,model_6,0.3041,0.2965774
6827,model_6,0.4644,0.37509578
6828,model_6,0.0577,0.050631586
6829,model_6,-0.127,-0.09779754
6830,model_6,0.0968,0.084407546
6831,model_6,0.1701,0.1436661
6832,model_6,0.1096,0.21916318
6833,model_6,0.777,0.7760374
6834,model_6,0.7682,0.7303909
6835,model_6,0.1178,0.089934915
6836,model_6,0.2699,0.30959502
6837,model_6,0.1092,0.08403453
6838,model_6,0.1755,0.15649168
6839,model_6,0.0341,0.07920505
6840,model_6,-0.0231,0.025013376
6841,model_6,0.0221,-0.01263034
6842,model_6,0.7286,0.5936309
6843,model_6,0.0289,0.072626054
6844,model_6,0.4099,0.4396106
6845,model_6,0.6125,0.54702747
6846,model_6,0.2831,0.23759367
6847,model_6,-0.0269,-0.013318133
6848,model_6,0.4988,0.52081925
6849,model_6,0.1505,0.19940615
6850,model_6,0.1418,0.16316484
6851,model_6,-0.1697,-0.11007227
6852,model_6,0.1139,0.12984681
6853,model_6,0.7929,0.85539895
6854,model_6,0.164,0.2720408
6855,model_6,0.1965,0.25757486
6856,model_6,0.5778,0.6059888
6857,model_6,0.3423,0.31167388
6858,model_6,-0.0633,-0.06924659
6859,model_6,0.2726,0.2638439
6860,model_6,0.4312,0.42072546
6861,model_6,0.2756,0.20968452
6862,model_6,0.2999,0.29179335
6863,model_6,0.1013,0.12097859
6864,model_6,0.191,0.18251994
6865,model_6,0.2435,0.21979457
6866,model_6,0.0358,0.042278867
6867,model_6,0.0788,0.010010185
6868,model_6,0.1598,0.15320806
6869,model_6,0.0266,0.13424073
6870,model_6,0.7153,0.71475357
6871,model_6,0.4987,0.4604905
6872,model_6,-0.0154,-0.054812845
6873,model_6,0.1921,0.20042029
6874,model_6,0.1822,0.1373875
6875,model_6,0.9626,0.91156024
6876,model_6,0.0815,0.0836643
6877,model_6,0.0659,0.08089986
6878,model_6,0.2713,0.30462855
6879,model_6,0.1705,0.25978985
6880,model_6,0.5863,0.64136344
6881,model_6,0.1535,0.11837922
6882,model_6,0.2765,0.2871337
6883,model_6,0.228,0.24723408
6884,model_6,0.4205,0.46334153
6885,model_6,0.1916,0.20624043
6886,model_6,0.0456,-0.013685485
6887,model_6,0.2487,0.35750002
6888,model_6,0.3257,0.3288545
6889,model_6,0.1294,0.18007901
6890,model_6,0.0682,0.09483046
6891,model_6,-0.1035,-0.076834455
6892,model_6,0.5758,0.59753746
6893,model_6,0.4898,0.49642745
6894,model_6,0.3345,0.32311076
6895,model_6,0.4769,0.43804628
6896,model_6,0.0827,0.037277438
6897,model_6,0.802,0.7815284
6898,model_6,0.4964,0.496744
6899,model_6,0.2405,0.2884682
6900,model_6,0.1567,0.17408472
6901,model_6,0.0318,-0.06358555
6902,model_6,0.0351,0.057367366
6903,model_6,0.3793,0.3871848
6904,model_6,0.711,0.7103215
6905,model_6,0.5895,0.5862656
6906,model_6,0.6604,0.648457
6907,model_6,0.3606,0.34203383
6908,model_6,0.2429,0.2362457
6909,model_6,0.1798,0.13648024
6910,model_6,0.2549,0.19130403
6911,model_6,0.2191,0.19115002
6912,model_6,0.0669,0.057418067
6913,model_6,-0.1026,-0.17333661
6914,model_6,0.7311,0.7543088
6915,model_6,0.3295,0.3462907
6916,model_6,0.8279,0.810949
6917,model_6,0.1074,0.09001067
6918,model_6,0.3362,0.34970105
6919,model_6,0.1393,0.19095702
6920,model_6,0.1639,0.22666782
6921,model_6,0.1715,0.19632937
6922,model_6,0.4336,0.44809884
6923,model_6,0.2806,0.28721106
6924,model_6,0.5657,0.59564537
6925,model_6,0.1233,0.13361065
6926,model_6,0.2751,0.2125242
6927,model_6,0.1444,0.10957852
6928,model_6,0.3768,0.37997866
6929,model_6,0.5754,0.5696851
6930,model_6,0.3664,0.32179606
6931,model_6,0.2502,0.12752321
6932,model_6,0.0269,0.056725208
6933,model_6,0.3812,0.32025844
6934,model_6,0.1806,0.18857613
6935,model_6,0.6819,0.6741286
6936,model_6,0.3349,0.31569898
6937,model_6,0.1962,0.12888978
6938,model_6,0.0152,0.038384415
6939,model_6,0.0635,0.03154713
6940,model_6,0.8142,0.7955512
6941,model_6,0.4701,0.36051983
6942,model_6,0.2031,0.09823859
6943,model_6,0.3565,0.40530938
6944,model_6,0.1344,0.22124222
6945,model_6,0.937,0.9152089
6946,model_6,0.0499,0.020655604
6947,model_6,0.2217,0.22373453
6948,model_6,0.1445,0.09365076
6949,model_6,0.2527,0.24661946
6950,model_6,1.067,1.0056056
6951,model_6,0.0628,0.083418205
6952,model_6,0.1884,0.17447554
6953,model_6,-0.0139,-0.0025888472
6954,model_6,0.0081,0.02748657
6955,model_6,0.0554,0.038126174
6956,model_6,0.3289,0.32415187
6957,model_6,0.1242,0.072897755
6958,model_6,0.8217,0.8961553
6959,model_6,0.1312,0.24298528
6960,model_6,0.2389,0.25020972
6961,model_6,0.1334,0.13651781
6962,model_6,0.7724,0.78909814
6963,model_6,0.1312,0.10903313
6964,model_6,0.0767,0.017113637
6965,model_6,-0.1716,-0.04208566
6966,model_6,0.4157,0.41976365
6967,model_6,0.2922,0.2178046
6968,model_6,0.7934,0.8266622
6969,model_6,0.1275,0.10890513
6970,model_6,0.3263,0.33000022
6971,model_6,0.098,0.062888905
6972,model_6,0.3823,0.3183724
6973,model_6,0.157,0.16106957
6974,model_6,0.3437,0.3355756
6975,model_6,0.2398,0.23114294
6976,model_6,0.0125,0.013214429
6977,model_6,0.1507,0.1465704
6978,model_6,0.4334,0.44639426
6979,model_6,0.6487,0.64059794
6980,model_6,0.6348,0.6568889
6981,model_6,0.135,0.1810706
6982,model_6,0.1786,0.1901096
6983,model_6,0.3281,0.36066425
6984,model_6,0.1093,0.06850005
6985,model_6,0.0036,0.013749171
6986,model_6,0.1931,0.14608657
6987,model_6,0.471,0.49485588
6988,model_6,0.0758,0.06610679
6989,model_6,0.0213,0.03301122
6990,model_6,0.196,0.20502342
6991,model_6,0.4399,0.3941325
6992,model_6,0.626,0.6855274
6993,model_6,0.275,0.28710693
6994,model_6,0.5516,0.5527596
6995,model_6,0.6373,0.6083768
6996,model_6,0.0175,-0.051546488
6997,model_6,0.5077,0.4440366
6998,model_6,0.54,0.5013704
6999,model_6,0.0018,-0.045082718
7000,model_6,-0.0803,-0.06289179
7001,model_6,0.2553,0.2797955
7002,model_6,0.1294,0.17250165
7003,model_6,0.6421,0.53802484
7004,model_6,0.0453,0.074703485
7005,model_6,0.335,0.25868
7006,model_6,0.1143,0.08004876
7007,model_6,0.481,0.42910373
7008,model_6,0.6586,0.64255106
7009,model_6,0.1196,0.081561506
7010,model_6,0.1712,0.08211521
7011,model_6,0.341,0.33359504
7012,model_6,0.2701,0.20838857
7013,model_6,0.327,0.2255547
7014,model_6,-0.1825,-0.1604782
7015,model_6,-0.187,-0.19284533
7016,model_6,0.4416,0.33982092
7017,model_6,0.1193,0.04096201
7018,model_6,0.2626,0.2745318
7019,model_6,0.329,0.37877676
7020,model_6,0.6762,0.7108616
7021,model_6,0.3858,0.28477964
7022,model_6,0.0448,-0.0013507693
7023,model_6,0.0203,0.14786698
7024,model_6,0.3184,0.2633584
7025,model_6,0.4796,0.49012282
7026,model_6,0.2943,0.30371654
7027,model_6,0.4944,0.57813257
7028,model_6,0.0979,0.08744406
7029,model_6,0.5357,0.53146905
7030,model_6,0.2489,0.2211558
7031,model_6,-0.118,-0.15969566
7032,model_6,0.1726,0.1798409
7033,model_6,-0.0489,0.028337874
7034,model_6,0.4574,0.42790684
7035,model_6,0.195,0.1736493
7036,model_6,0.1011,0.10156132
7037,model_6,0.4384,0.43782794
7038,model_6,0.2277,0.22009312
7039,model_6,0.1127,0.061380997
7040,model_6,-0.0463,-0.068901815
7041,model_6,0.2713,0.107329674
7042,model_6,0.2099,0.21082932
7043,model_6,0.0025,0.012099672
7044,model_6,-0.0991,-0.11967486
7045,model_6,0.6415,0.6194406
7046,model_6,0.495,0.49356145
7047,model_6,0.7198,0.74438953
7048,model_6,0.3673,0.33222035
7049,model_6,0.7941,0.77278596
7050,model_6,-0.0023,-0.022488458
7051,model_6,0.2499,0.21102366
7052,model_6,0.1436,0.16534583
7053,model_6,0.1444,0.2920698
7054,model_6,0.0199,-0.06537533
7055,model_6,0.6121,0.5619622
7056,model_6,0.1998,0.15153679
7057,model_6,-0.1423,-0.1437885
7058,model_6,0.347,0.38077465
7059,model_6,0.5633,0.60478157
7060,model_6,0.0296,0.024393037
7061,model_6,0.1204,0.115428396
7062,model_6,0.4313,0.41238242
7063,model_6,0.3765,0.38803965
7064,model_6,0.0391,0.06587852
7065,model_6,-0.067,-0.03403511
7066,model_6,0.8606,0.91385275
7067,model_6,0.1058,0.11951802
7068,model_6,0.4276,0.35539138
7069,model_6,0.089,0.06791171
7070,model_6,0.1363,0.20904785
7071,model_6,0.5358,0.5563908
7072,model_6,0.1226,0.11905601
7073,model_6,0.1781,0.31137505
7074,model_6,0.2071,0.23385048
7075,model_6,0.4405,0.40095514
7076,model_6,0.2105,0.21250035
7077,model_6,0.0385,0.038554046
7078,model_6,0.4772,0.45534417
7079,model_6,0.0211,0.019376595
7080,model_6,0.5517,0.5493538
7081,model_6,0.5731,0.5922134
7082,model_6,0.5482,0.5115688
7083,model_6,0.7281,0.7162857
7084,model_6,0.1954,0.28596947
7085,model_6,0.0811,0.086088344
7086,model_6,0.3182,0.39094633
7087,model_6,0.1673,0.23989052
7088,model_6,-0.0147,0.03708739
7089,model_6,0.2145,0.19627473
7090,model_6,0.1858,0.20307724
7091,model_6,-0.0923,-0.027274098
7092,model_6,0.1003,0.065862484
7093,model_6,0.3229,0.39668077
7094,model_6,0.1195,0.2045804
7095,model_6,0.3331,0.27936536
7096,model_6,0.2779,0.264618
7097,model_6,0.1877,0.21434845
7098,model_6,0.4638,0.43420902
7099,model_6,0.0754,0.059333917
7100,model_6,0.241,0.19915539
7101,model_6,0.1214,0.13717028
7102,model_6,0.2916,0.23427767
7103,model_6,0.0528,0.12569946
7104,model_6,0.0737,0.056534562
7105,model_6,0.1864,0.24767202
7106,model_6,0.3521,0.3879952
7107,model_6,0.1187,0.13275209
7108,model_6,0.1116,0.12337981
7109,model_6,0.8346,0.83339685
7110,model_6,0.0753,0.12880066
7111,model_6,-0.1465,-0.014065895
7112,model_6,0.0123,0.0071272147
7113,model_6,0.281,0.23756322
7114,model_6,0.6575,0.5871061
7115,model_6,0.6578,0.6586431
7116,model_6,0.0075,0.0035820422
7117,model_6,0.3499,0.29422122
7118,model_6,0.1701,0.17990114
7119,model_6,-0.0616,-0.023391126
7120,model_6,0.4193,0.46129736
7121,model_6,0.3505,0.3046158
7122,model_6,0.0916,0.13601884
7123,model_6,0.3352,0.30877426
7124,model_6,0.502,0.43361497
7125,model_6,-0.0402,0.13656034
7126,model_6,0.5411,0.5348632
7127,model_6,0.0189,0.010246256
7128,model_6,0.9025,0.9057385
7129,model_6,0.4792,0.47247773
7130,model_6,0.4359,0.45389187
7131,model_6,0.0342,0.0025702906
7132,model_6,0.3376,0.4935481
7133,model_6,0.6672,0.5642568
7134,model_6,0.7365,0.689816
7135,model_6,0.0725,0.13877422
7136,model_6,0.4256,0.39241433
7137,model_6,0.4236,0.42265037
7138,model_6,0.505,0.52336794
7139,model_6,0.0619,0.07439491
7140,model_6,0.1557,0.14189555
7141,model_6,0.6122,0.6156848
7142,model_6,0.1344,0.19466989
7143,model_6,0.5733,0.5536927
7144,model_6,0.0915,0.0067174076
7145,model_6,0.2324,0.21136849
7146,model_6,0.0089,0.16619037
7147,model_6,-0.0167,-0.023975825
7148,model_6,0.5369,0.52905375
7149,model_6,0.1605,0.22451812
7150,model_6,0.6034,0.5910161
7151,model_6,0.2298,0.22958691
7152,model_6,0.4036,0.42113602
7153,model_6,0.5426,0.55417186
7154,model_6,-0.0807,0.031395957
7155,model_6,-0.0972,-0.045013733
7156,model_6,0.9831,1.0040078
7157,model_6,0.1012,0.024485625
7158,model_6,0.3333,0.33727664
7159,model_6,0.2688,0.3364446
7160,model_6,0.319,0.37774178
7161,model_6,0.3018,0.30195838
7162,model_6,0.4321,0.30781928
7163,model_6,0.0059,0.051478438
7164,model_6,0.2298,0.27153292
7165,model_6,-0.0076,0.028239427
7166,model_6,0.1878,0.22139387
7167,model_6,0.4178,0.42346066
7168,model_6,0.0843,0.18893035
7169,model_6,0.4898,0.48173493
7170,model_6,0.433,0.42338252
7171,model_6,0.3664,0.4009589
7172,model_6,0.3443,0.11906113
7173,model_6,0.1009,0.19868684
7174,model_6,-0.1764,-0.15146556
7175,model_6,-0.142,-0.12559591
7176,model_6,0.1857,0.18382303
7177,model_6,1.0556,1.0237558
7178,model_6,0.0007,0.0003425111
7179,model_6,0.1214,0.06995847
7180,model_6,0.3586,0.4268479
7181,model_6,0.4514,0.4175545
7182,model_6,0.345,0.26599145
7183,model_6,0.5442,0.4966588
7184,model_6,0.0526,0.04674642
7185,model_6,0.1344,0.12247485
7186,model_6,0.2313,0.13619268
7187,model_6,0.4946,0.5507835
7188,model_6,0.1379,0.14857501
7189,model_6,0.1242,0.10163516
7190,model_6,0.5859,0.5262486
7191,model_6,0.2368,0.2118972
7192,model_6,0.217,0.28296328
7193,model_6,0.1769,0.29164284
7194,model_6,-0.0167,0.10011596
7195,model_6,0.0414,0.055586446
7196,model_6,0.5049,0.45378116
7197,model_6,-0.0295,-0.06831059
7198,model_6,-0.0298,-0.030072417
7199,model_6,0.1345,0.147868
7200,model_6,0.0585,0.046002198
7201,model_6,-0.0053,0.027048817
7202,model_6,-0.0513,-0.030644529
7203,model_6,0.2394,0.14829949
7204,model_6,0.0026,-0.01116669
7205,model_6,0.1897,0.17989776
7206,model_6,0.1085,0.013513342
7207,model_6,0.4222,0.45724702
7208,model_6,-0.076,-0.097400256
7209,model_6,0.2336,0.17146589
7210,model_6,0.015,0.04571486
7211,model_6,0.0327,0.0010322104
7212,model_6,-0.0777,0.0024142214
7213,model_6,0.7049,0.6991582
7214,model_6,0.0104,0.025880173
7215,model_6,0.1947,0.1245558
7216,model_6,0.2538,0.19444235
7217,model_6,0.0126,0.053901013
7218,model_6,0.4791,0.44661525
7219,model_6,0.5642,0.49993798
7220,model_6,0.154,0.15573795
7221,model_6,0.731,0.74784905
7222,model_6,0.1106,0.16143622
7223,model_6,0.2348,0.3228326
7224,model_6,0.1341,0.13517158
7225,model_6,0.3334,0.35131273
7226,model_6,0.2843,0.25015956
7227,model_6,0.0198,0.003508788
7228,model_6,0.0567,0.070651636
7229,model_6,0.625,0.6528496
7230,model_6,0.414,0.4286006
7231,model_6,0.1883,0.24122414
7232,model_6,0.0139,-0.009930309
7233,model_6,0.0278,0.031271055
7234,model_6,0.2225,0.1392664
7235,model_6,0.4466,0.4490732
7236,model_6,0.017,0.00747494
7237,model_6,0.1664,0.11423643
7238,model_6,0.7497,0.7471013
7239,model_6,0.8427,0.8883802
7240,model_6,-0.124,-0.145027
7241,model_6,0.334,0.26976386
7242,model_6,0.1582,0.17527083
7243,model_6,-0.1585,-0.14733502
7244,model_6,0.9227,0.89678365
7245,model_6,0.0718,0.039010935
7246,model_6,0.093,0.071068585
7247,model_6,0.34,0.2962226
7248,model_6,0.4915,0.4903913
7249,model_6,0.203,0.22904935
7250,model_6,0.5167,0.48762247
7251,model_6,0.0107,0.049273096
7252,model_6,0.3173,0.3634348
7253,model_6,0.2127,0.2287791
7254,model_6,0.5266,0.46715766
7255,model_6,-0.0674,-0.015117472
7256,model_6,0.2153,0.1600483
7257,model_6,0.1112,0.055881318
7258,model_6,0.2634,0.21180847
7259,model_6,0.0645,-0.021089975
7260,model_6,0.245,0.24130999
7261,model_6,0.4424,0.40430844
7262,model_6,0.2736,0.27325082
7263,model_6,0.0702,0.07788707
7264,model_6,-0.1349,-0.12884906
7265,model_6,0.437,0.37994587
7266,model_6,0.1666,0.16205823
7267,model_6,0.1071,0.10140055
7268,model_6,0.5627,0.59821945
7269,model_6,0.1663,0.21689484
7270,model_6,0.3201,0.36247295
7271,model_6,0.6009,0.5985735
7272,model_6,0.1004,0.18148789
7273,model_6,0.0544,0.06660676
7274,model_6,0.125,0.21393761
7275,model_6,0.193,0.19341391
7276,model_6,-0.0252,0.021411076
7277,model_6,-0.0153,0.028522551
7278,model_6,-0.0437,0.023774212
7279,model_6,0.0973,0.09900778
7280,model_6,0.196,0.227797
7281,model_6,0.1112,0.13941999
7282,model_6,-0.0243,0.054918773
7283,model_6,0.0278,0.07902712
7284,model_6,0.1136,0.10871735
7285,model_6,0.352,0.4055259
7286,model_6,0.8297,0.8015129
7287,model_6,0.7415,0.7494131
7288,model_6,0.3901,0.3650294
7289,model_6,0.0562,0.068457186
7290,model_6,0.4363,0.41858327
7291,model_6,0.7698,0.38583818
7292,model_6,0.6199,0.6274747
7293,model_6,0.2898,0.28558445
7294,model_6,0.3921,0.38886023
7295,model_6,-0.1219,-0.07665326
7296,model_6,0.4638,0.46866632
7297,model_6,0.2748,0.26818356
7298,model_6,0.2485,0.23566934
7299,model_6,-0.0762,-0.08865841
7300,model_6,0.1625,0.11899991
7301,model_6,0.4526,0.43239123
7302,model_6,0.7691,0.7700868
7303,model_6,0.1197,0.1326752
7304,model_6,0.5091,0.4413441
7305,model_6,0.1806,0.21093178
7306,model_6,0.5763,0.53534514
7307,model_6,0.3101,0.31863075
7308,model_6,0.2138,0.22361384
7309,model_6,0.3841,0.39458776
7310,model_6,0.1265,0.13478562
7311,model_6,0.4383,0.38060004
7312,model_6,0.2217,0.24805836
7313,model_6,0.2468,0.25472352
7314,model_6,0.4665,0.43093616
7315,model_6,0.1536,0.15228294
7316,model_6,-0.0673,-0.14633635
7317,model_6,0.3614,0.4061987
7318,model_6,0.0246,0.004846508
7319,model_6,0.2126,0.20822898
7320,model_6,-0.0125,-0.048483185
7321,model_6,-0.2356,-0.21872203
7322,model_6,0.0527,0.063683935
7323,model_6,0.1466,0.04055414
7324,model_6,-0.1561,-0.12716472
7325,model_6,0.1937,0.038971614
7326,model_6,-0.0225,0.02923716
7327,model_6,0.1131,0.1333918
7328,model_6,0.201,0.21562845
7329,model_6,0.5849,0.51300126
7330,model_6,0.3454,0.41277045
7331,model_6,0.0985,0.19718564
7332,model_6,0.1893,0.23985034
7333,model_6,-0.0123,-0.013286693
7334,model_6,0.1786,0.14423984
7335,model_6,0.0997,0.086916834
7336,model_6,0.5568,0.5909398
7337,model_6,0.7978,0.7517256
7338,model_6,0.1048,0.11389988
7339,model_6,0.1515,-0.06610706
7340,model_6,0.3303,0.3355859
7341,model_6,0.2885,0.2335077
7342,model_6,0.4262,0.43834975
7343,model_6,0.6581,0.36192927
7344,model_6,0.1013,0.03061329
7345,model_6,0.6821,0.642912
7346,model_6,0.2523,0.24292408
7347,model_6,-0.0366,0.14963982
7348,model_6,-0.2424,-0.06539848
7349,model_6,0.0262,0.11158401
7350,model_6,-0.0354,-0.0017706114
7351,model_6,0.2123,0.19439988
7352,model_6,0.3802,0.4016366
7353,model_6,0.0506,0.074245624
7354,model_6,0.3097,0.28548113
7355,model_6,0.117,0.1161478
7356,model_6,0.1017,0.20008051
7357,model_6,0.5535,0.5370445
7358,model_6,0.4756,0.47856727
7359,model_6,0.184,0.1905144
7360,model_6,0.222,0.29359734
7361,model_6,0.1367,0.12325916
7362,model_6,0.0947,0.06116096
7363,model_6,0.2377,0.19742158
7364,model_6,0.027,-0.041728143
7365,model_6,0.2952,0.35238189
7366,model_6,0.2216,0.28115728
7367,model_6,0.1176,0.1359505
7368,model_6,0.4472,0.38072485
7369,model_6,0.1249,0.10282849
7370,model_6,0.1594,0.16762371
7371,model_6,0.4759,0.4965837
7372,model_6,0.4621,0.27789953
7373,model_6,-0.0201,-0.043428477
7374,model_6,0.7551,0.7760638
7375,model_6,0.1711,0.24068531
7376,model_6,0.153,0.23610789
7377,model_6,-0.107,-0.094301306
7378,model_6,0.2338,0.13896689
7379,model_6,0.0829,0.11607078
7380,model_6,0.308,0.31848794
7381,model_6,0.513,0.5135059
7382,model_6,0.0754,0.06396818
7383,model_6,0.0561,0.062123027
7384,model_6,0.3066,0.24732344
7385,model_6,0.1629,0.15154694
7386,model_6,0.0554,0.04856842
7387,model_6,0.163,0.16791604
7388,model_6,0.2746,0.2696427
7389,model_6,-0.0364,-0.01460164
7390,model_6,0.3734,0.3815673
7391,model_6,0.0265,0.055816382
7392,model_6,0.2317,0.28481108
7393,model_6,0.5595,0.5778032
7394,model_6,0.486,0.10556386
7395,model_6,0.37,0.4152704
7396,model_6,-0.0227,-0.05779921
7397,model_6,0.2906,0.205905
7398,model_6,0.0374,0.03313437
7399,model_6,0.1764,0.20045537
7400,model_6,0.2754,0.32047522
7401,model_6,0.1422,0.087183855
7402,model_6,0.0779,0.10563201
7403,model_6,0.1316,0.16644068
7404,model_6,0.061,0.058591053
7405,model_6,0.0568,0.077983074
7406,model_6,0.1312,0.06720361
7407,model_6,0.2192,0.21476184
7408,model_6,0.5499,0.33155447
7409,model_6,0.2727,0.36171618
7410,model_6,0.3238,0.38559046
7411,model_6,0.1987,0.21786107
7412,model_6,0.1043,0.07403358
7413,model_6,0.4335,0.44967413
7414,model_6,0.1903,0.19957402
7415,model_6,0.1565,0.16961505
7416,model_6,0.1464,0.13804963
7417,model_6,-0.0751,-0.12557568
7418,model_6,0.136,0.14648858
7419,model_6,0.8712,0.8974354
7420,model_6,0.2243,0.23326954
7421,model_6,0.1915,0.19909506
7422,model_6,-0.0257,0.029369729
7423,model_6,-0.0029,0.009005662
7424,model_6,0.2691,0.25868985
7425,model_6,0.1199,0.13478702
7426,model_6,0.4632,0.4450947
7427,model_6,0.4501,0.42200765
7428,model_6,0.1384,0.16335255
7429,model_6,0.3117,0.29148722
7430,model_6,0.1667,0.0077988585
7431,model_6,0.2709,0.25650334
7432,model_6,0.1377,0.13757983
7433,model_6,0.0023,0.010293242
7434,model_6,0.1823,0.17924908
7435,model_6,0.188,0.20074283
7436,model_6,0.3083,0.29623845
7437,model_6,-0.1052,-0.06011456
7438,model_6,0.1369,0.10863281
7439,model_6,0.0508,0.09413942
7440,model_6,0.6057,0.5561704
7441,model_6,0.0298,0.013041807
7442,model_6,0.951,0.94720656
7443,model_6,0.7364,0.76277393
7444,model_6,0.3655,0.30761835
7445,model_6,-0.0868,-0.09874355
7446,model_6,0.2912,0.3612655
7447,model_6,0.0342,0.16434179
7448,model_6,0.1011,0.053574283
7449,model_6,0.1264,0.16960436
7450,model_6,0.0728,0.1309138
7451,model_6,-0.1733,-0.15341896
7452,model_6,0.4437,0.44691566
7453,model_6,0.2847,0.23121493
7454,model_6,0.3751,0.32411614
7455,model_6,0.013,0.06424932
7456,model_6,0.0287,0.035618763
7457,model_6,0.2012,0.15244758
7458,model_6,0.1821,0.19650616
7459,model_6,0.8398,0.8459353
7460,model_6,0.021,-0.02300204
7461,model_6,0.2712,0.22704609
7462,model_6,0.8266,0.86630726
7463,model_6,-0.0589,-0.08311395
7464,model_6,0.3069,0.29278958
7465,model_6,-0.1489,-0.17456147
7466,model_6,0.0577,0.07163221
7467,model_6,0.0916,0.07668414
7468,model_6,0.1588,0.08949471
7469,model_6,0.2312,0.22196998
7470,model_6,0.4346,0.44320112
7471,model_6,-0.0147,-0.045976553
7472,model_6,0.4361,0.3945235
7473,model_6,-0.0712,-0.118990615
7474,model_6,-0.1863,-0.21382277
7475,model_6,0.3692,0.3318451
7476,model_6,0.7477,0.7031445
7477,model_6,0.4946,0.51649016
7478,model_6,0.0446,0.031995688
7479,model_6,0.4638,0.40868574
7480,model_6,0.2136,0.28570235
7481,model_6,-0.0187,-0.016222639
7482,model_6,0.3986,0.387308
7483,model_6,-0.1999,-0.22184181
7484,model_6,0.1973,0.26401225
7485,model_6,-0.0583,0.0013916399
7486,model_6,-0.0068,-0.030947085
7487,model_6,0.2906,0.1985102
7488,model_6,0.2122,0.24352732
7489,model_6,0.0948,0.086956516
7490,model_6,0.1063,0.12039126
7491,model_6,0.1561,0.167355
7492,model_6,0.5132,0.5191342
7493,model_6,0.4579,0.4789464
7494,model_6,-0.0445,0.0061499723
7495,model_6,0.3432,0.29417422
7496,model_6,0.0886,0.16591515
7497,model_6,0.3938,0.48291808
7498,model_6,0.0991,0.04958131
7499,model_6,0.3782,0.44018883
7500,model_6,0.3507,0.40176246
7501,model_6,0.4007,0.39893228
7502,model_6,0.4897,0.3990043
7503,model_6,0.0061,0.021196501
7504,model_6,-0.2441,-0.035901
7505,model_6,-0.2667,-0.1829339
7506,model_6,0.3256,0.34615326
7507,model_6,0.0278,0.08102223
7508,model_6,0.522,0.46667674
7509,model_6,-0.0803,-0.13682905
7510,model_6,0.2214,0.26018375
7511,model_6,0.1195,0.10152499
7512,model_6,0.5497,0.55279267
7513,model_6,0.0584,0.0342522
7514,model_6,-0.0546,-0.04423561
7515,model_6,0.3618,0.3617381
7516,model_6,-0.0266,0.011723101
7517,model_6,0.7383,0.7097307
7518,model_6,0.4452,0.47136116
7519,model_6,0.0618,0.024604285
7520,model_6,0.3014,0.28199926
7521,model_6,0.0412,0.016468432
7522,model_6,0.0754,0.033005442
7523,model_6,0.2323,0.20461589
7524,model_6,0.129,0.20880218
7525,model_6,-0.1852,-0.1622904
7526,model_6,0.0586,0.02879902
7527,model_6,0.4307,0.39203686
7528,model_6,0.0009,0.005444309
7529,model_6,0.1341,0.11478671
7530,model_6,0.088,0.08206379
7531,model_6,0.317,0.31579694
7532,model_6,0.0333,0.04766545
7533,model_6,-0.0535,0.020358132
7534,model_6,0.4628,0.4550799
7535,model_6,0.0758,0.024749681
7536,model_6,0.1737,0.18431444
7537,model_6,0.2798,0.29497895
7538,model_6,-0.0352,0.0070993775
7539,model_6,0.2469,0.32574335
7540,model_6,0.4488,0.38848293
7541,model_6,0.1244,0.16876605
7542,model_6,0.3142,0.20876946
7543,model_6,0.2088,0.17239113
7544,model_6,0.1047,0.12604922
7545,model_6,0.0542,-0.008560941
7546,model_6,0.594,0.7197924
7547,model_6,0.1575,0.08422378
7548,model_6,0.4553,0.54107857
7549,model_6,0.5147,0.5224572
7550,model_6,0.3859,0.37744018
7551,model_6,-0.011,0.057947937
7552,model_6,0.191,0.14086792
7553,model_6,-0.1217,-0.13149008
7554,model_6,0.0613,0.063820064
7555,model_6,0.0995,0.06560335
7556,model_6,0.17,0.27065128
7557,model_6,0.0721,0.08285586
7558,model_6,0.034,0.16991512
7559,model_6,0.4836,0.45794538
7560,model_6,0.3355,0.32716793
7561,model_6,0.2584,0.2797365
7562,model_6,0.4338,0.37421393
7563,model_6,0.3421,0.3572849
7564,model_6,0.0531,0.093295425
7565,model_6,0.1993,0.22247721
7566,model_6,0.1738,0.20516346
7567,model_6,-0.0583,-0.11693509
7568,model_6,0.3243,0.28654385
7569,model_6,0.8565,0.8691133
7570,model_6,-0.052,0.005789478
7571,model_6,0.8588,0.86054355
7572,model_6,0.0077,0.010992546
7573,model_6,0.4212,0.39636135
7574,model_6,-0.205,-0.1105893
7575,model_6,0.7088,0.6531592
7576,model_6,0.156,0.1432875
7577,model_6,0.1977,0.14966214
7578,model_6,0.3191,0.24128845
7579,model_6,0.3547,0.3666435
7580,model_6,0.4533,0.38135666
7581,model_6,0.2233,0.26240525
7582,model_6,0.2652,0.23098569
7583,model_6,0.8498,0.79231334
7584,model_6,0.0997,0.11370748
7585,model_6,0.1391,0.23842658
7586,model_6,-0.0899,-0.12331317
7587,model_6,0.3812,0.31574035
7588,model_6,0.2053,0.21613894
7589,model_6,0.1387,0.1361276
7590,model_6,0.1988,0.20927165
7591,model_6,0.2538,0.22654757
7592,model_6,0.4954,0.451537
7593,model_6,0.1239,-0.025759075
7594,model_6,0.1201,0.07977222
7595,model_6,0.7626,0.757538
7596,model_6,0.6754,0.6632748
7597,model_6,0.0445,0.116850734
7598,model_6,0.3562,0.3838202
7599,model_6,0.695,0.71850574
7600,model_6,0.1571,0.14879805
7601,model_6,0.3424,0.33039686
7602,model_6,0.2698,0.272199
7603,model_6,0.0662,0.032062422
7604,model_6,0.1604,0.17619269
7605,model_6,-0.2069,-0.22765172
7606,model_6,0.0925,0.0579024
7607,model_6,0.3833,0.36351293
7608,model_6,0.0551,0.007399161
7609,model_6,0.4173,0.4060319
7610,model_6,0.1471,0.18518911
7611,model_6,0.239,0.26389942
7612,model_6,0.0615,0.09379429
7613,model_6,-0.121,-0.08469175
7614,model_6,0.508,0.5753939
7615,model_6,0.1788,0.13487624
7616,model_6,0.1813,0.18560363
7617,model_6,0.4837,0.45820948
7618,model_6,0.4034,0.31246415
7619,model_6,0.516,0.44363546
7620,model_6,0.1309,0.11847027
7621,model_6,0.1019,0.122690514
7622,model_6,0.2802,0.29770297
7623,model_6,0.5535,0.5308369
7624,model_6,0.1515,0.056033745
7625,model_6,0.0072,-0.009645471
7626,model_6,0.1939,0.18846491
7627,model_6,-0.0453,-0.0009366921
7628,model_6,0.1845,0.031150423
7629,model_6,0.6,0.5944594
7630,model_6,0.7875,0.79564494
7631,model_6,0.3052,0.30656943
7632,model_6,0.0214,0.42902243
7633,model_6,-0.0389,-0.0102318935
7634,model_6,0.1277,0.07656234
7635,model_6,0.1638,0.17386958
7636,model_6,0.1365,0.18082008
7637,model_6,0.1018,0.08767388
7638,model_6,0.559,0.5437411
7639,model_6,0.2306,0.16953279
7640,model_6,0.1817,0.18081631
7641,model_6,0.3523,0.3138106
7642,model_6,0.1933,0.20016819
7643,model_6,0.1334,0.14335251
7644,model_6,0.3723,0.2777472
7645,model_6,0.8032,0.79978925
7646,model_6,-0.2069,-0.20307842
7647,model_6,0.0572,0.10378291
7648,model_6,-0.1588,-0.18439917
7649,model_6,0.1902,0.19602293
7650,model_6,0.2198,0.18452032
7651,model_6,0.2062,0.22464946
7652,model_6,0.2178,0.2247073
7653,model_6,0.5964,0.67864037
7654,model_6,0.6139,0.62796193
7655,model_6,0.8674,0.85326236
7656,model_6,0.1727,0.09254721
7657,model_6,0.6951,0.70518345
7658,model_6,0.0993,0.13958116
7659,model_6,0.2609,0.2299347
7660,model_6,-0.0737,-0.05936164
7661,model_6,0.1199,0.06774211
7662,model_6,0.5871,0.5712622
7663,model_6,-0.0262,-0.013226775
7664,model_6,0.0015,0.065902814
7665,model_6,-0.0839,-0.11435151
7666,model_6,0.1463,0.1682245
7667,model_6,0.372,0.3641753
7668,model_6,-0.2334,-0.22472918
7669,model_6,0.5,0.4363681
7670,model_6,0.1008,0.09805679
7671,model_6,0.0595,0.04675767
7672,model_6,0.1666,0.077625684
7673,model_6,0.0456,0.08918913
7674,model_6,0.1695,0.17882596
7675,model_6,0.1122,0.10965623
7676,model_6,0.5221,0.5497429
7677,model_6,0.2872,0.29078177
7678,model_6,0.2908,0.21155998
7679,model_6,0.3371,0.2983899
7680,model_6,0.2536,0.2324755
7681,model_6,0.2987,0.32972676
7682,model_6,0.0344,0.04986502
7683,model_6,-0.0008,0.010043977
7684,model_6,0.3776,0.4600798
7685,model_6,0.1389,0.30532408
7686,model_6,0.5696,0.5167434
7687,model_6,0.6434,0.63398486
7688,model_6,0.0497,0.023885684
7689,model_6,0.1627,-0.008919487
7690,model_6,-0.0176,-0.019456252
7691,model_6,0.8162,0.8685169
7692,model_6,0.2964,0.3068036
7693,model_6,0.6381,0.663483
7694,model_6,0.3905,0.4082039
7695,model_6,0.0912,0.16723213
7696,model_6,0.231,0.13229357
7697,model_6,0.3373,0.3676685
7698,model_6,0.2965,0.24260649
7699,model_6,0.1444,0.16025442
7700,model_6,0.4532,0.38762754
7701,model_6,0.122,0.12644151
7702,model_6,0.628,0.6927897
7703,model_6,0.2851,0.29858586
7704,model_6,0.03,0.011943085
7705,model_6,-0.0039,-0.14163296
7706,model_6,-0.0154,-0.034077525
7707,model_6,0.1912,0.15028152
7708,model_6,0.2824,0.2721736
7709,model_6,0.2118,0.22706115
7710,model_6,0.1922,0.17030434
7711,model_6,0.3824,0.26578265
7712,model_6,0.02,0.010037569
7713,model_6,0.3946,0.31461194
7714,model_6,0.0635,0.12239424
7715,model_6,-0.039,-0.06548389
7716,model_6,0.4585,0.464383
7717,model_6,0.3243,0.32718623
7718,model_6,0.1648,0.076530494
7719,model_6,0.1987,0.13336773
7720,model_6,0.1872,0.11425637
7721,model_6,0.1378,0.1643649
7722,model_6,-0.099,-0.12262784
7723,model_6,0.2793,0.22356357
7724,model_6,0.3316,0.31656277
7725,model_6,0.1795,0.17360952
7726,model_6,0.1547,0.16512354
7727,model_6,-0.1771,-0.14071107
7728,model_6,0.0196,0.008340199
7729,model_6,0.1495,0.18774123
7730,model_6,0.3225,0.3316152
7731,model_6,0.0093,0.018946026
7732,model_6,0.1619,0.1669946
7733,model_6,0.1378,0.03620651
7734,model_6,-0.0671,-0.09216812
7735,model_6,0.0388,0.051944006
7736,model_6,0.4338,0.43645442
7737,model_6,0.1449,0.14679193
7738,model_6,0.1351,0.13052526
7739,model_6,0.2102,0.1279606
7740,model_6,0.3019,0.29353407
7741,model_6,-0.1359,-0.12174551
7742,model_6,0.0403,0.069313176
7743,model_6,0.4138,0.38520503
7744,model_6,0.196,0.14980754
7745,model_6,0.025,0.03157447
7746,model_6,0.0448,0.030372946
7747,model_6,0.1714,0.16159047
7748,model_6,0.7873,0.71905434
7749,model_6,0.0168,0.045045152
7750,model_6,0.3336,0.37327793
7751,model_6,-0.1008,-0.09055796
7752,model_6,0.336,0.3516546
7753,model_6,0.1174,0.044682596
7754,model_6,-0.0528,-0.055947077
7755,model_6,0.6153,0.6381487
7756,model_6,0.0935,0.06335072
7757,model_6,-0.1282,-0.104742795
7758,model_6,0.3772,0.404259
7759,model_6,0.3381,0.3043067
7760,model_6,0.4151,0.42787623
7761,model_6,-0.1532,-0.12267882
7762,model_6,0.1122,0.08407052
7763,model_6,0.2025,0.37171334
7764,model_6,0.487,0.48384643
7765,model_6,0.2475,0.18399787
7766,model_6,0.1275,0.12582973
7767,model_6,0.2696,0.28911218
7768,model_6,0.3628,0.36847964
7769,model_6,0.4541,0.4424305
7770,model_6,-0.1636,-0.17745885
7771,model_6,0.0396,0.017299695
7772,model_6,0.0041,0.017772088
7773,model_6,-0.0169,-0.08664283
7774,model_6,0.1009,0.148379
7775,model_6,-0.1121,-0.12124577
7776,model_6,0.3194,0.30614734
7777,model_6,0.1527,0.123495884
7778,model_6,0.7047,0.71146435
7779,model_6,0.1183,0.11603369
7780,model_6,0.2584,0.2638777
7781,model_6,-0.1028,-0.096087694
7782,model_6,0.3608,0.33523443
7783,model_6,0.0576,0.08607099
7784,model_6,0.4577,0.46051618
7785,model_6,0.4063,0.41382235
7786,model_6,0.0818,0.09015276
7787,model_6,0.2836,0.23077667
7788,model_6,0.5066,0.5074385
7789,model_6,0.4282,0.4038511
7790,model_6,0.67,0.58974445
7791,model_6,0.4959,0.46782053
7792,model_6,0.2656,0.25367278
7793,model_6,-0.0384,0.044811223
7794,model_6,0.1246,0.06582418
7795,model_6,0.4572,0.46757376
7796,model_6,0.3305,0.31349382
7797,model_6,0.3568,0.3425773
7798,model_6,0.3911,0.38417798
7799,model_6,0.0545,0.07987359
7800,model_6,0.01,0.013014117
7801,model_6,0.0781,0.008178975
7802,model_6,-0.1036,-0.039533354
7803,model_6,0.1,0.07456271
7804,model_6,0.6253,0.63770217
7805,model_6,0.1911,0.21226831
7806,model_6,0.3308,0.27144027
7807,model_6,0.0041,-0.00029224483
7808,model_6,0.1375,0.20131247
7809,model_6,0.3768,0.3701199
7810,model_6,0.2134,0.19866377
7811,model_6,0.0861,0.12038255
7812,model_6,0.2894,0.24122278
7813,model_6,0.4128,0.41829175
7814,model_6,0.3812,0.38870364
7815,model_6,0.147,0.24994083
7816,model_6,0.7102,0.7000113
7817,model_6,0.4021,0.45857218
7818,model_6,0.1532,0.22553985
7819,model_6,0.2071,0.3799089
7820,model_6,0.1293,0.17925799
7821,model_6,0.0626,0.0783624
7822,model_6,0.3771,0.27459952
7823,model_6,0.3758,0.3271935
7824,model_6,0.2291,0.31263745
7825,model_6,0.8525,0.81757534
7826,model_6,0.5083,0.43464422
7827,model_6,0.0404,-0.041883167
7828,model_6,0.496,0.50715244
7829,model_6,0.0823,0.10802481
7830,model_6,0.0519,0.0449571
7831,model_6,0.0538,0.07290485
7832,model_6,0.7802,0.7691095
7833,model_6,0.0349,0.07356302
7834,model_6,0.5019,0.521236
7835,model_6,0.2279,0.119352296
7836,model_6,0.5218,0.5113295
7837,model_6,0.266,0.244225
7838,model_6,0.1681,0.24472913
7839,model_6,0.112,0.037466343
7840,model_6,0.0314,0.038059674
7841,model_6,0.2514,0.13322255
7842,model_6,0.1654,0.19376433
7843,model_6,0.2911,0.26015082
7844,model_6,0.1324,0.1467899
7845,model_6,0.1451,0.18639278
7846,model_6,0.2122,0.25657755
7847,model_6,0.4885,0.46597987
7848,model_6,0.1422,0.13135383
7849,model_6,0.893,0.9202545
7850,model_6,0.172,0.16643181
7851,model_6,0.0872,0.05567719
7852,model_6,0.3202,0.29821056
7853,model_6,0.4865,0.45981792
7854,model_6,0.3982,0.3384409
7855,model_6,0.045,0.068378836
7856,model_6,0.3512,0.37865207
7857,model_6,0.2605,0.25195357
7858,model_6,0.5737,0.54535276
7859,model_6,0.7863,0.77246803
7860,model_6,0.1633,0.2544743
7861,model_6,0.1534,0.18576193
7862,model_6,0.1058,0.08560839
7863,model_6,-0.0711,-0.08275284
7864,model_6,0.3967,0.3184609
7865,model_6,0.2556,0.23705272
7866,model_6,0.2316,0.15465593
7867,model_6,0.0237,0.030191656
7868,model_6,-0.1965,-0.09991066
7869,model_6,0.1664,0.2012947
7870,model_6,-0.044,-0.005632322
7871,model_6,0.4254,0.4195305
7872,model_6,0.5146,0.5404381
7873,model_6,0.5227,0.5337135
7874,model_6,0.3813,0.4159416
7875,model_6,0.2022,0.23080412
7876,model_6,0.174,0.20511568
7877,model_6,0.4442,0.3872916
7878,model_6,0.1327,0.15967019
7879,model_6,0.1344,0.1263168
7880,model_6,0.0602,0.067471765
7881,model_6,0.1259,0.17639875
7882,model_6,-0.085,-0.103621475
7883,model_6,0.6118,0.6126711
7884,model_6,0.0827,0.10014028
7885,model_6,0.468,0.4597707
7886,model_6,0.8082,0.8114201
7887,model_6,0.0236,0.0030354005
7888,model_6,0.0834,0.05271221
7889,model_6,0.0741,0.050395083
7890,model_6,-0.0312,-0.10219748
7891,model_6,0.4812,0.46466067
7892,model_6,0.1985,0.19452116
7893,model_6,0.5729,0.569169
7894,model_6,0.806,0.7985303
7895,model_6,0.0111,-0.008026447
7896,model_6,0.3479,0.41724995
7897,model_6,0.2207,0.2242955
7898,model_6,0.1676,0.16304684
7899,model_6,0.1055,0.0929371
7900,model_6,0.128,0.13915424
7901,model_6,0.0259,-0.052529003
7902,model_6,0.1212,0.13362977
7903,model_6,0.1985,0.2242903
7904,model_6,0.0954,0.10735963
7905,model_6,0.5642,0.42224172
7906,model_6,0.1757,0.18440801
7907,model_6,0.1588,-0.019591138
7908,model_6,0.2185,0.2268597
7909,model_6,0.0539,0.06424012
7910,model_6,0.7087,0.6908216
7911,model_6,0.1029,0.19730328
7912,model_6,-0.0829,0.0043056277
7913,model_6,0.3109,0.3051378
7914,model_6,0.3895,0.3152439
7915,model_6,-0.1633,0.009834629
7916,model_6,0.2135,0.14443949
7917,model_6,0.1851,0.27036688
7918,model_6,0.2973,0.2978365
7919,model_6,0.0036,-0.0020691953
7920,model_6,0.41,0.37886658
7921,model_6,0.0959,0.077823944
7922,model_6,0.0548,0.076564565
7923,model_6,0.0076,-0.14454961
7924,model_6,-0.0779,-0.12122007
7925,model_6,0.08,0.08190015
7926,model_6,0.2207,0.2882837
7927,model_6,0.4413,0.40465713
7928,model_6,0.0658,-0.02020268
7929,model_6,0.3493,0.32206985
7930,model_6,0.2391,0.21680957
7931,model_6,0.023,0.032934852
7932,model_6,0.594,0.61375356
7933,model_6,0.3332,0.35382932
7934,model_6,0.482,0.43382242
7935,model_6,0.2071,0.15230884
7936,model_6,0.8894,0.86568016
7937,model_6,0.0461,0.090649754
7938,model_6,0.2497,0.21592073
7939,model_6,-0.2304,-0.22498983
7940,model_6,0.3956,0.3411762
7941,model_6,0.155,0.4024208
7942,model_6,0.5459,0.55378854
7943,model_6,0.1457,0.13544786
7944,model_6,0.611,0.6667321
7945,model_6,-0.0513,-0.0230809
7946,model_6,0.2687,0.27241513
7947,model_6,0.0447,0.12069792
7948,model_6,0.513,0.42963615
7949,model_6,0.2302,0.33501595
7950,model_6,0.5604,0.5317561
7951,model_6,0.6187,0.54893243
7952,model_6,0.1463,0.14061919
7953,model_6,0.2603,0.21574488
7954,model_6,0.0076,0.034371562
7955,model_6,0.0315,0.034313355
7956,model_6,0.1645,0.30903426
7957,model_6,0.2143,0.21000554
7958,model_6,0.329,0.32261434
7959,model_6,-0.0139,-0.036004923
7960,model_6,0.3738,0.37691408
7961,model_6,0.1203,0.14714158
7962,model_6,0.0547,0.14832103
7963,model_6,0.2056,0.152234
7964,model_6,0.1251,0.1574132
7965,model_6,0.2334,0.2778381
7966,model_6,0.2282,0.16274644
7967,model_6,-0.0475,-0.06876262
7968,model_6,0.1753,0.15334967
7969,model_6,0.2433,0.32215136
7970,model_6,0.3039,0.32198203
7971,model_6,0.2911,0.2972976
7972,model_6,0.5312,0.5659217
7973,model_6,0.0045,2.4999026e-05
7974,model_6,0.2446,0.2235562
7975,model_6,0.0783,0.1063859
7976,model_6,0.1593,0.13408917
7977,model_6,0.7371,0.76754683
7978,model_6,0.4262,0.38537896
7979,model_6,0.4948,0.48082477
7980,model_6,0.169,0.19691846
7981,model_6,0.1676,0.21738678
7982,model_6,0.2038,0.20576254
7983,model_6,0.1706,0.16901793
7984,model_6,0.4307,0.41653818
7985,model_6,0.1734,0.18483809
7986,model_6,0.2079,0.17841409
7987,model_6,0.1839,0.11229658
7988,model_6,0.2274,0.21188794
7989,model_6,0.2536,0.33133537
7990,model_6,0.374,0.3827583
7991,model_6,0.5417,0.5454446
7992,model_6,0.815,0.84741163
7993,model_6,0.2078,0.2210994
7994,model_6,0.1419,0.13698411
7995,model_6,0.2589,0.16951367
7996,model_6,0.281,0.19397524
7997,model_6,0.5114,0.48223102
7998,model_6,0.0358,0.0684453
7999,model_6,0.7986,0.76218235
8000,model_6,0.6542,0.6359301
8001,model_6,0.088,0.08700629
8002,model_6,0.025,0.038317632
8003,model_6,-0.0112,-0.0015724371
8004,model_6,0.3338,0.389328
8005,model_6,0.2818,0.32464075
8006,model_6,0.269,0.25089586
8007,model_6,-0.0424,-0.08453995
8008,model_6,0.1803,0.19862476
8009,model_6,0.169,0.08660578
8010,model_6,0.236,0.2662959
8011,model_6,0.2198,0.28782704
8012,model_6,0.1866,0.26395515
8013,model_6,0.4248,0.3695292
8014,model_6,0.2512,0.24261811
8015,model_6,0.2158,0.2605539
8016,model_6,-0.1,-0.06893925
8017,model_6,-0.5749,0.022102589
8018,model_6,0.0946,0.124265805
8019,model_6,0.8552,0.8861606
8020,model_6,-0.1193,-0.12575346
8021,model_6,0.5345,0.4954777
8022,model_6,-0.0114,-0.012667704
8023,model_6,0.2066,0.23873389
8024,model_6,0.0119,0.0073663
8025,model_6,-0.1535,-0.18712085
8026,model_6,0.3214,0.2772028
8027,model_6,0.3994,0.3762505
8028,model_6,0.0641,0.0043930463
8029,model_6,0.4663,0.47401267
8030,model_6,-0.0225,-0.014826871
8031,model_6,0.5976,0.58933574
8032,model_6,0.2496,0.20421852
8033,model_6,0.2314,0.2319719
8034,model_6,0.0476,0.08766124
8035,model_6,0.2053,0.21248901
8036,model_6,0.3204,0.40826577
8037,model_6,0.3088,0.3124378
8038,model_6,-0.142,-0.17301002
8039,model_6,0.3433,0.34829724
8040,model_6,0.252,0.22088113
8041,model_6,0.2221,0.19706279
8042,model_6,0.2191,0.21696869
8043,model_6,0.2066,0.2633705
8044,model_6,0.0754,0.031029178
8045,model_6,0.1489,0.10175558
8046,model_6,0.1556,0.1417375
8047,model_6,0.2323,0.22898024
8048,model_6,0.1005,0.1326473
8049,model_6,0.4096,0.37692967
8050,model_6,0.1339,0.17441732
8051,model_6,0.3487,0.32904863
8052,model_6,0.144,-0.05317767
8053,model_6,-0.047,0.065529376
8054,model_6,0.0231,0.039228674
8055,model_6,0.0609,0.061980113
8056,model_6,0.929,0.9792518
8057,model_6,0.6836,0.65194196
8058,model_6,0.4013,0.41053307
8059,model_6,0.4146,0.38997227
8060,model_6,0.1216,0.10210166
8061,model_6,0.2479,0.3930529
8062,model_6,0.2411,0.40428773
8063,model_6,0.0501,0.048428092
8064,model_6,0.2792,0.29724947
8065,model_6,0.3772,0.38532498
8066,model_6,0.5453,0.5008248
8067,model_6,0.0991,0.15711145
8068,model_6,0.8317,0.7922997
8069,model_6,0.4374,0.4396871
8070,model_6,0.0686,0.024668343
8071,model_6,0.3364,0.3407769
8072,model_6,0.298,0.33214468
8073,model_6,0.1833,0.2899174
8074,model_6,0.1203,0.22088161
8075,model_6,0.4889,0.5086031
8076,model_6,0.3597,0.40271372
8077,model_6,0.1821,0.15328592
8078,model_6,0.6694,0.6661513
8079,model_6,0.386,0.41775328
8080,model_6,0.1627,0.17011015
8081,model_6,0.4063,0.23150335
8082,model_6,0.2047,0.2283982
8083,model_6,0.4378,0.39662474
8084,model_6,0.2944,0.27698773
8085,model_6,0.0882,0.06528677
8086,model_6,0.477,0.45381692
8087,model_6,0.0561,0.1067454
8088,model_6,0.2365,0.15340497
8089,model_6,0.4709,0.48385155
8090,model_6,0.3123,0.25760785
8091,model_6,0.1103,0.1424445
8092,model_6,0.5381,0.5107592
8093,model_6,-0.0282,0.04615012
8094,model_6,-0.1078,-0.028550413
8095,model_6,0.1588,0.22196494
8096,model_6,0.312,0.27611345
8097,model_6,0.6709,0.62881714
8098,model_6,0.1096,0.09129322
8099,model_6,0.5135,0.58135325
8100,model_6,0.1184,0.10884844
8101,model_6,-0.0023,-0.015609525
8102,model_6,0.4592,0.5031316
8103,model_6,0.3461,0.28061253
8104,model_6,0.7936,0.83247143
8105,model_6,0.468,0.4826857
8106,model_6,-0.0229,-0.050452024
8107,model_6,0.8707,0.9004208
8108,model_6,0.3845,0.36025178
8109,model_6,0.4534,0.44183606
8110,model_6,0.314,0.3322854
8111,model_6,0.5015,0.43438828
8112,model_6,0.3327,0.35076788
8113,model_6,0.1622,0.17548904
8114,model_6,0.1257,0.12774219
8115,model_6,0.3908,0.39183515
8116,model_6,0.108,0.120900124
8117,model_6,0.3197,0.28437656
8118,model_6,0.1599,0.0217726
8119,model_6,0.4747,0.42443335
8120,model_6,0.5028,0.48344374
8121,model_6,0.5039,0.14447106
8122,model_6,0.3143,0.3332539
8123,model_6,0.2406,0.17068951
8124,model_6,0.3679,0.31423467
8125,model_6,0.3705,0.43980825
8126,model_6,0.7953,0.80725276
8127,model_6,-0.0161,0.010314843
8128,model_6,0.311,0.30133635
8129,model_6,0.2225,0.23661432
8130,model_6,0.4598,0.5361622
8131,model_6,0.2595,0.27356005
8132,model_6,0.4819,0.3987679
8133,model_6,0.2515,0.2288731
8134,model_6,-0.13,-0.13187106
8135,model_6,0.5165,0.5480319
8136,model_6,0.331,0.32953668
8137,model_6,0.295,0.24390443
8138,model_6,0.1406,0.1354608
8139,model_6,0.467,0.396797
8140,model_6,0.391,0.42114592
8141,model_6,0.2831,0.253796
8142,model_6,0.0039,0.0237402
8143,model_6,-0.1949,0.05149066
8144,model_6,0.8661,0.8495962
8145,model_6,0.3169,0.3358851
8146,model_6,0.1683,0.21129236
8147,model_6,0.0904,0.057661366
8148,model_6,0.1558,0.11476493
8149,model_6,0.2756,0.31572545
8150,model_6,0.2354,0.084726736
8151,model_6,0.2313,0.1639669
8152,model_6,-0.2592,-0.26054138
8153,model_6,0.47,0.46396253
8154,model_6,0.3482,0.41946143
8155,model_6,0.2288,0.23763317
8156,model_6,0.1333,0.067364044
8157,model_6,0.0752,0.09412244
8158,model_6,0.5703,0.63198227
8159,model_6,0.1318,0.1566765
8160,model_6,0.4238,0.47726434
8161,model_6,0.1957,0.19267388
8162,model_6,-0.0309,-0.0415576
8163,model_6,-0.2026,-0.16131966
8164,model_6,0.1492,0.13724911
8165,model_6,0.101,0.1469991
8166,model_6,0.4566,0.38087112
8167,model_6,0.5861,0.5747237
8168,model_6,0.5031,0.5496327
8169,model_6,0.286,0.20588249
8170,model_6,-0.1244,-0.07200039
8171,model_6,-0.0963,-0.083014466
8172,model_6,0.1343,0.08517761
8173,model_6,-0.0445,-0.04354221
8174,model_6,0.3268,0.3414069
8175,model_6,0.0759,0.09738196
8176,model_6,-0.0004,0.08616099
8177,model_6,0.1804,0.16631252
8178,model_6,0.3891,0.33246747
8179,model_6,0.476,0.48474818
8180,model_6,0.1044,0.31176805
8181,model_6,0.1481,0.12782882
8182,model_6,0.2509,0.2792564
8183,model_6,-0.0014,-0.021845452
8184,model_6,0.0709,0.05051432
8185,model_6,0.0406,0.03787712
8186,model_6,0.9323,0.9405245
8187,model_6,0.2264,0.20325811
8188,model_6,0.0986,0.07151759
8189,model_6,0.0672,0.11000949
8190,model_6,0.0755,0.04908454
8191,model_6,0.197,0.2594519
8192,model_6,0.516,0.5153545
8193,model_6,0.2858,0.29294428
8194,model_6,0.8269,0.81400925
8195,model_6,0.9665,0.9706573
8196,model_6,0.2358,0.19383007
8197,model_6,-0.1734,-0.14940901
8198,model_6,0.4393,0.29945642
8199,model_6,-0.14,-0.1844955
8200,model_6,0.5755,0.62661153
8201,model_6,0.6711,0.5363209
8202,model_6,0.2002,0.24841648
8203,model_6,0.1867,0.37382147
8204,model_6,0.3063,0.27098536
8205,model_6,0.7297,0.688395
8206,model_6,0.1701,0.17331168
8207,model_6,0.3475,0.32609627
8208,model_6,0.0842,0.0703754
8209,model_6,-0.0014,0.15333149
8210,model_6,0.1991,0.18928409
8211,model_6,0.1758,0.16018987
8212,model_6,-0.0328,-0.010980858
8213,model_6,0.1432,0.11346091
8214,model_6,0.1607,0.13042213
8215,model_6,0.0929,0.07711867
8216,model_6,0.1573,0.1583644
8217,model_6,-0.0366,-0.011343215
8218,model_6,0.1659,0.21183713
8219,model_6,0.6421,0.687866
8220,model_6,0.1158,0.0957543
8221,model_6,0.5968,0.61326283
8222,model_6,0.4382,0.3207226
8223,model_6,-0.0089,0.03199652
8224,model_6,0.7888,0.7846568
8225,model_6,0.1321,0.20177144
8226,model_6,0.1556,0.1747464
8227,model_6,0.1571,0.17579095
8228,model_6,0.2813,0.23878396
8229,model_6,-0.0553,-0.040349048
8230,model_6,-0.0286,0.018802755
8231,model_6,0.0898,0.07018013
8232,model_6,0.256,0.26530117
8233,model_6,0.1174,0.11751711
8234,model_6,-0.1422,-0.096293524
8235,model_6,0.2153,0.22962826
8236,model_6,0.089,0.26724425
8237,model_6,0.1971,0.21187608
8238,model_6,0.1902,0.1225162
8239,model_6,0.5737,0.62858295
8240,model_6,-0.0696,0.050806817
8241,model_6,0.3303,0.29948437
8242,model_6,0.32,0.30676967
8243,model_6,-0.0404,-0.025713619
8244,model_6,0.0821,0.0911776
8245,model_6,0.0895,0.06738159
8246,model_6,0.3422,0.38701454
8247,model_6,0.6671,0.62813276
8248,model_6,0.1434,0.17479281
8249,model_6,0.0903,0.10515832
8250,model_6,-0.0377,0.007951014
8251,model_6,0.2015,0.23399691
8252,model_6,-0.2146,-0.19985563
8253,model_6,0.4999,0.51209784
8254,model_6,0.1687,0.14457096
8255,model_6,0.1481,0.21971226
8256,model_6,-0.0119,-0.0216964
8257,model_6,0.1368,0.3806142
8258,model_6,0.532,0.5015848
8259,model_6,0.1131,0.13670048
8260,model_6,0.2654,0.25107864
8261,model_6,0.5252,0.47264323
8262,model_6,0.102,0.10353172
8263,model_6,0.1438,0.103211716
8264,model_6,0.3371,0.21277048
8265,model_6,-0.1646,-0.20937765
8266,model_6,0.0757,0.060800217
8267,model_6,0.3713,0.37134308
8268,model_6,0.261,0.16966443
8269,model_6,0.4555,0.41622382
8270,model_6,0.523,0.5229363
8271,model_6,0.2208,0.16420537
8272,model_6,0.1665,0.2664371
8273,model_6,0.1519,0.18423918
8274,model_6,0.084,0.17322387
8275,model_6,0.2562,0.2104738
8276,model_6,0.1587,0.15921323
8277,model_6,0.2921,0.32005495
8278,model_6,0.346,0.3640387
8279,model_6,0.1752,0.13779493
8280,model_6,0.0576,0.042807844
8281,model_6,0.2593,0.23288165
8282,model_6,0.6237,0.66299343
8283,model_6,0.6642,0.6882809
8284,model_6,0.1626,0.17930508
8285,model_6,0.0199,0.0034468374
8286,model_6,0.351,0.3652643
8287,model_6,0.1391,0.08749127
8288,model_6,0.1439,0.21578921
8289,model_6,-0.118,-0.062437806
8290,model_6,0.1575,0.12150505
8291,model_6,0.1039,0.0063536433
8292,model_6,0.058,-0.0013496908
8293,model_6,0.3379,0.36099148
8294,model_6,0.1154,0.089265674
8295,model_6,-0.0239,0.020461097
8296,model_6,0.018,0.030255437
8297,model_6,-0.0247,-0.052155618
8298,model_6,0.0036,0.018613508
8299,model_6,0.2146,0.23769055
8300,model_6,0.8651,0.87632436
8301,model_6,0.0975,0.119567774
8302,model_6,0.203,0.14438713
8303,model_6,0.2146,0.30118316
8304,model_6,0.7202,0.6493898
8305,model_6,0.0498,0.058919977
8306,model_6,-0.0454,0.008291131
8307,model_6,0.0339,0.019705296
8308,model_6,0.4762,0.22480619
8309,model_6,0.1491,0.12644859
8310,model_6,0.3627,0.33793223
8311,model_6,0.842,0.8720564
8312,model_6,0.2339,0.20737989
8313,model_6,0.0146,-0.036327038
8314,model_6,0.1571,0.14413588
8315,model_6,-0.0455,-0.07456538
8316,model_6,0.2512,0.22802484
8317,model_6,0.1304,0.07125913
8318,model_6,0.6412,0.6174014
8319,model_6,0.2924,0.25060135
8320,model_6,0.1715,0.13327993
8321,model_6,0.0157,0.031634778
8322,model_6,0.1155,0.13669202
8323,model_6,-0.0113,0.0031498368
8324,model_6,0.1165,0.03214464
8325,model_6,0.4428,0.5672749
8326,model_6,0.4851,0.49748433
8327,model_6,0.3105,0.29198828
8328,model_6,0.2339,0.28724164
8329,model_6,0.6122,0.5846984
8330,model_6,0.0809,0.11021947
8331,model_6,0.9447,0.9472328
8332,model_6,0.1303,0.10720731
8333,model_6,0.2879,0.29781377
8334,model_6,-0.0406,0.01336294
8335,model_6,0.1661,0.18957798
8336,model_6,0.4717,0.5019809
8337,model_6,0.2581,0.30765936
8338,model_6,0.2614,0.30514133
8339,model_6,0.2206,0.21789218
8340,model_6,0.4404,0.36539057
8341,model_6,-0.0225,-0.111056216
8342,model_6,0.1362,0.1453434
8343,model_6,0.122,0.16370158
8344,model_6,0.2478,0.2581146
8345,model_6,0.0804,0.116384834
8346,model_6,0.0896,0.06420105
8347,model_6,0.2589,0.28727132
8348,model_6,0.1241,0.063283406
8349,model_6,0.0953,0.12342079
8350,model_6,0.3806,0.34247476
8351,model_6,0.3132,0.35130453
8352,model_6,0.1667,0.09942981
8353,model_6,0.4849,0.47739846
8354,model_6,-0.0329,0.058080614
8355,model_6,0.5584,0.60043734
8356,model_6,0.0591,0.10886351
8357,model_6,0.4223,0.38227856
8358,model_6,-0.1287,-0.10167525
8359,model_6,0.2548,0.30825624
8360,model_6,0.1733,0.20223215
8361,model_6,0.0309,0.028379679
8362,model_6,0.1838,0.15757188
8363,model_6,0.0496,0.068027586
8364,model_6,0.6049,0.59943545
8365,model_6,0.2337,0.3060175
8366,model_6,-0.163,-0.101970054
8367,model_6,0.633,0.5880563
8368,model_6,0.2357,0.27097687
8369,model_6,0.0549,0.17394161
8370,model_6,0.1392,0.14561005
8371,model_6,0.499,0.5027695
8372,model_6,0.4157,0.38768053
8373,model_6,0.3054,0.07218473
8374,model_6,0.1348,0.22437721
8375,model_6,0.1066,0.12482634
8376,model_6,0.2705,0.2591559
8377,model_6,0.2422,0.25099546
8378,model_6,0.1623,0.17951092
8379,model_6,0.1289,0.14498332
8380,model_6,0.0515,0.10394235
8381,model_6,0.3696,0.4125639
8382,model_6,0.5245,0.42906946
8383,model_6,0.1274,0.12918247
8384,model_6,0.074,0.101384036
8385,model_6,0.2207,0.24910362
8386,model_6,-0.0335,-0.122257575
8387,model_6,0.2783,0.28167263
8388,model_6,0.0534,0.06624971
8389,model_6,0.5358,0.539207
8390,model_6,0.0646,0.014590267
8391,model_6,0.2973,0.3142194
8392,model_6,-0.2085,-0.17083503
8393,model_6,-0.0118,0.00842466
8394,model_6,0.3737,0.34708473
8395,model_6,0.1555,0.16325237
8396,model_6,0.3779,0.35190547
8397,model_6,0.1482,0.1352721
8398,model_6,0.2755,0.23571812
8399,model_6,0.3749,0.45481718
8400,model_6,0.0899,0.0393157
8401,model_6,0.3519,0.30041677
8402,model_6,0.4123,0.361125
8403,model_6,0.1541,0.2580828
8404,model_6,-0.0532,-0.08463799
8405,model_6,0.3114,0.26588884
8406,model_6,0.3575,0.26602906
8407,model_6,0.3541,0.34806907
8408,model_6,0.0643,0.08800864
8409,model_6,0.1829,0.1691265
8410,model_6,0.4503,0.44607928
8411,model_6,-0.1198,-0.19288595
8412,model_6,0.0585,0.0243917
8413,model_6,-0.0512,-0.004185326
8414,model_6,0.6584,0.63138026
8415,model_6,0.4088,0.41327322
8416,model_6,0.3131,0.3266756
8417,model_6,0.8609,0.80267245
8418,model_6,0.3183,0.36194754
8419,model_6,0.4465,0.46070853
8420,model_6,-0.1397,-0.10856494
8421,model_6,0.1518,0.11329345
8422,model_6,0.3018,0.28704172
8423,model_6,0.2035,0.18825729
8424,model_6,0.3751,0.36605537
8425,model_6,0.1341,0.10888776
8426,model_6,0.0226,0.05760107
8427,model_6,0.2792,0.27362353
8428,model_6,0.1594,0.14017724
8429,model_6,0.1327,0.1629866
8430,model_6,0.6031,0.57750785
8431,model_6,-0.0169,-0.09553404
8432,model_6,-0.2042,-0.2093944
8433,model_6,-0.1098,-0.13319066
8434,model_6,-0.06,-0.05003292
8435,model_6,0.5641,0.52491015
8436,model_6,0.1709,0.18397234
8437,model_6,0.2249,0.24029684
8438,model_6,0.2594,0.25187284
8439,model_6,-0.2033,-0.20692958
8440,model_6,0.3997,0.3866989
8441,model_6,0.2886,0.30175135
8442,model_6,0.0537,0.05782267
8443,model_6,0.1632,0.17851791
8444,model_6,0.0502,0.08042179
8445,model_6,0.2989,0.19218026
8446,model_6,0.7463,0.6754995
8447,model_6,0.0917,0.010291664
8448,model_6,0.1228,0.14529076
8449,model_6,0.0764,0.07127478
8450,model_6,0.1997,0.25236243
8451,model_6,0.0639,0.05846056
8452,model_6,0.2147,0.19595285
8453,model_6,0.1924,0.18952338
8454,model_6,0.2336,0.21075259
8455,model_6,0.1368,0.13737422
8456,model_6,-0.0726,-0.0040984317
8457,model_6,0.0723,0.042756133
8458,model_6,0.5147,0.50653195
8459,model_6,0.6486,0.59316295
8460,model_6,0.4589,0.460356
8461,model_6,0.1824,0.11621222
8462,model_6,0.5554,0.5548862
8463,model_6,0.1301,0.045342367
8464,model_6,0.0471,0.010475904
8465,model_6,0.1604,0.28328872
8466,model_6,0.1757,0.17162874
8467,model_6,0.1223,0.11738089
8468,model_6,0.1768,0.1573615
8469,model_6,0.111,0.10787853
8470,model_6,0.1488,0.22654048
8471,model_6,0.4514,0.43463677
8472,model_6,0.0752,0.11374301
8473,model_6,0.1796,0.19338925
8474,model_6,0.1721,0.24880703
8475,model_6,0.3159,0.24130315
8476,model_6,0.0185,0.019699987
8477,model_6,0.2317,0.23546666
8478,model_6,0.839,0.8265771
8479,model_6,-0.1053,-0.11944151
8480,model_6,0.6241,0.5583864
8481,model_6,0.2437,0.28356975
8482,model_6,0.4658,0.4009635
8483,model_6,0.5296,0.48938358
8484,model_6,0.3454,0.29499182
8485,model_6,-0.0523,-0.027099248
8486,model_6,0.2367,0.23522058
8487,model_6,-0.0318,0.008338427
8488,model_6,-0.1389,-0.13713576
8489,model_6,0.4072,0.42792767
8490,model_6,0.2072,0.19412212
8491,model_6,-0.1929,-0.17175683
8492,model_6,-0.044,-0.11532321
8493,model_6,0.024,0.058835983
8494,model_6,0.0527,0.08427024
8495,model_6,0.4268,0.39122957
8496,model_6,0.0467,0.054314982
8497,model_6,0.2166,0.19097465
8498,model_6,0.3644,0.23784053
8499,model_6,0.0742,0.116126776
8500,model_6,0.1657,0.16179596
8501,model_6,-0.0197,-0.012826448
8502,model_6,0.1168,0.13531536
8503,model_6,0.6326,0.6303013
8504,model_6,0.7376,0.71132076
8505,model_6,0.0216,0.034744784
8506,model_6,0.1767,0.22829896
8507,model_6,0.1621,0.2549886
8508,model_6,0.3109,0.3630244
8509,model_6,0.1434,0.1095438
8510,model_6,0.1444,0.22673799
8511,model_6,0.3419,0.2894637
8512,model_6,-0.1969,-0.17984621
8513,model_6,0.2819,0.2519791
8514,model_6,0.1428,0.16538787
8515,model_6,0.0376,-0.086467505
8516,model_6,0.074,0.09124123
8517,model_6,0.1678,0.19309898
8518,model_6,0.3727,0.36342144
8519,model_6,0.3913,0.36022398
8520,model_6,0.59,0.59106475
8521,model_6,0.2115,0.036188822
8522,model_6,0.1805,0.1390192
8523,model_6,0.297,0.20364985
8524,model_6,0.0675,0.02713015
8525,model_6,0.0249,0.024232617
8526,model_6,0.2209,0.20035622
8527,model_6,0.0484,0.052031837
8528,model_6,0.1844,0.22097123
8529,model_6,0.0703,0.23226105
8530,model_6,0.7797,0.80403674
8531,model_6,0.2194,0.113340914
8532,model_6,0.2741,0.26451302
8533,model_6,0.264,-0.015850676
8534,model_6,0.089,0.07483862
8535,model_6,-0.0174,0.021881977
8536,model_6,0.3093,0.2835759
8537,model_6,0.0401,-0.0031037717
8538,model_6,0.0969,0.24546015
8539,model_6,0.218,0.185477
8540,model_6,0.1445,0.18256149
8541,model_6,-0.0434,0.045103
8542,model_6,0.0831,0.10649023
8543,model_6,0.1982,0.2920546
8544,model_6,0.4415,0.41111356
8545,model_6,0.395,0.49187398
8546,model_6,0.7228,0.65481466
8547,model_6,0.2033,0.22410017
8548,model_6,0.3381,0.26944306
8549,model_6,-1e-04,-0.0059609064
8550,model_6,0.1251,0.13583782
8551,model_6,0.2526,0.25999
8552,model_6,0.3148,0.28174508
8553,model_6,0.2407,0.24833557
8554,model_6,0.5303,0.49743485
8555,model_6,0.2007,0.17131963
8556,model_6,0.3103,0.223198
8557,model_6,0.5572,0.54007
8558,model_6,0.1321,0.13394558
8559,model_6,0.0921,0.1117378
8560,model_6,0.1829,0.2196016
8561,model_6,0.7506,0.74563134
8562,model_6,0.1686,0.15986377
8563,model_6,0.5172,0.48101038
8564,model_6,0.04,0.05408894
8565,model_6,0.6926,0.7214331
8566,model_6,0.2028,0.23280637
8567,model_6,0.1676,0.24095592
8568,model_6,0.2867,0.33828825
8569,model_6,-0.0258,0.012488466
8570,model_6,0.6387,0.61242557
8571,model_6,0.1085,0.059330706
8572,model_6,0.167,0.1684686
8573,model_6,-0.0846,-0.040727314
8574,model_6,0.3308,0.35595512
8575,model_6,0.3568,0.3385931
8576,model_6,0.218,0.19631274
8577,model_6,0.0208,0.01346175
8578,model_6,-0.0647,-0.059177127
8579,model_6,0.1977,0.18881816
8580,model_6,0.1041,0.10185552
8581,model_6,0.9135,0.97966653
8582,model_6,-0.2031,-0.13321276
8583,model_6,0.0515,0.11706362
8584,model_6,0.0193,0.06735151
8585,model_6,0.0221,-0.038036074
8586,model_6,0.1164,0.07156806
8587,model_6,-0.0303,-0.10295521
8588,model_6,0.55,0.5823178
8589,model_6,0.3811,0.45724458
8590,model_6,0.2575,0.27224877
8591,model_6,0.0269,0.0019238531
8592,model_6,0.4508,0.37712508
8593,model_6,0.0571,0.058743697
8594,model_6,0.1278,0.13291033
8595,model_6,-0.0011,0.057333
8596,model_6,0.0649,0.1385973
8597,model_6,0.0711,0.023962453
8598,model_6,0.375,0.400252
8599,model_6,0.0558,0.031571984
8600,model_6,0.0616,0.043031532
8601,model_6,0.5182,0.55456984
8602,model_6,0.104,0.08042701
8603,model_6,0.444,0.49757046
8604,model_6,0.4833,0.49532807
8605,model_6,0.6148,0.5491075
8606,model_6,0.426,0.4666432
8607,model_6,0.7315,0.707092
8608,model_6,0.3543,0.29029214
8609,model_6,0.0255,0.11067639
8610,model_6,0.6569,0.6858673
8611,model_6,0.3936,0.11404215
8612,model_6,0.2241,0.2387991
8613,model_6,0.2179,0.23192194
8614,model_6,0.302,0.3119757
8615,model_6,0.1527,0.09571268
8616,model_6,0.1559,0.086386785
8617,model_6,0.2001,0.15804645
8618,model_6,0.6468,0.67845327
8619,model_6,-0.0176,-0.047990847
8620,model_6,0.1027,0.076155685
8621,model_6,0.5252,0.53230864
8622,model_6,0.4195,0.46396294
8623,model_6,0.5664,0.521049
8624,model_6,0.1416,0.11962415
8625,model_6,0.2203,0.267394
8626,model_6,-0.086,-0.09066722
8627,model_6,0.0932,0.0391254
8628,model_6,0.5271,0.4799316
8629,model_6,-0.013,0.039271094
8630,model_6,0.0938,0.20821726
8631,model_6,0.206,0.11037737
8632,model_6,0.2484,0.30803844
8633,model_6,0.7504,0.7970945
8634,model_6,0.0003,0.0108298175
8635,model_6,0.2637,0.25799802
8636,model_6,0.5564,0.44683656
8637,model_6,0.1587,0.18463446
8638,model_6,0.1794,0.21151678
8639,model_6,0.1351,0.13239536
8640,model_6,0.0623,0.016046025
8641,model_6,0.1824,0.19826975
8642,model_6,0.0131,-0.019509587
8643,model_6,0.3673,0.30479538
8644,model_6,0.0234,-0.041374948
8645,model_6,0.1953,0.15562518
8646,model_6,0.5578,0.4986167
8647,model_6,0.7461,0.6992721
8648,model_6,0.2784,0.22555363
8649,model_6,0.5476,0.5325444
8650,model_6,-0.0334,-0.0032795924
8651,model_6,0.1289,0.22412267
8652,model_6,0.1565,0.21951215
8653,model_6,0.7226,0.6892182
8654,model_6,0.3916,0.36494732
8655,model_6,0.2194,0.25502062
8656,model_6,0.3526,0.28317985
8657,model_6,0.1283,0.12487166
8658,model_6,0.1929,0.19178058
8659,model_6,0.9727,0.9422231
8660,model_6,0.1142,0.15311334
8661,model_6,-0.1553,-0.16603413
8662,model_6,0.128,0.13492456
8663,model_6,0.3765,0.34035766
8664,model_6,0.2108,0.13522968
8665,model_6,0.217,0.15565088
8666,model_6,0.0973,0.42535928
8667,model_6,0.2432,0.23406753
8668,model_6,0.1885,0.19437504
8669,model_6,0.1057,0.0980245
8670,model_6,0.8701,0.8630379
8671,model_6,0.0011,0.011228211
8672,model_6,0.1408,0.019190913
8673,model_6,0.3124,0.31818032
8674,model_6,0.3196,0.3063397
8675,model_6,0.178,0.19970253
8676,model_6,0.0912,0.10827504
8677,model_6,0.0044,0.075001575
8678,model_6,0.0709,0.1065123
8679,model_6,0.2204,0.20814574
8680,model_6,0.379,0.41099682
8681,model_6,0.1896,0.1549317
8682,model_6,0.3547,0.3536771
8683,model_6,0.1272,0.16209255
8684,model_6,0.3462,0.3301474
8685,model_6,0.3293,0.35753834
8686,model_6,0.0992,0.10385072
8687,model_6,0.1706,0.10507162
8688,model_6,0.0812,-0.022430873
8689,model_6,0.0391,0.31593093
8690,model_6,0.1354,0.14168999
8691,model_6,0.334,0.35379142
8692,model_6,0.4088,0.41335586
8693,model_6,0.2823,0.2514517
8694,model_6,0.5985,0.6846557
8695,model_6,0.6831,0.7434825
8696,model_6,0.6066,0.6171662
8697,model_6,0.3036,0.23337393
8698,model_6,0.5453,0.5396834
8699,model_6,0.0505,0.06418331
8700,model_6,0.3587,0.29285005
8701,model_6,0.2416,0.27362448
8702,model_6,0.3545,0.35622117
8703,model_6,0.8793,0.9192893
8704,model_6,-0.105,-0.046949144
8705,model_6,0.8845,0.886162
8706,model_6,-0.0169,0.019538699
8707,model_6,-0.0828,-0.13223085
8708,model_6,0.1403,0.11012466
8709,model_6,0.1739,0.16044986
8710,model_6,0.202,0.2336845
8711,model_6,0.0943,0.10424861
8712,model_6,0.2933,0.26767844
8713,model_6,0.07,0.08041735
8714,model_6,0.0956,0.05553822
8715,model_6,0.0794,0.08660429
8716,model_6,0.5511,0.61540866
8717,model_6,1.0087,0.9483222
8718,model_6,-0.0792,-0.042969707
8719,model_6,0.0412,0.053579077
8720,model_6,0.2127,0.2534081
8721,model_6,0.0715,0.07177779
8722,model_6,0.0786,0.07644356
8723,model_6,0.1993,0.26141563
8724,model_6,-0.1476,0.20777784
8725,model_6,0.4982,0.45440695
8726,model_6,0.5049,0.5127098
8727,model_6,0.3699,0.3657678
8728,model_6,0.0702,0.07303821
8729,model_6,0.1016,0.12266367
8730,model_6,0.059,0.06185771
8731,model_6,0.0585,0.06324254
8732,model_6,0.0948,0.09695662
8733,model_6,0.7572,0.75158674
8734,model_6,-0.0057,0.041062925
8735,model_6,0.6502,0.69973
8736,model_6,0.1441,0.18490644
8737,model_6,0.5463,0.53766066
8738,model_6,0.0193,0.016632525
8739,model_6,0.5895,0.5470902
8740,model_6,-0.1888,-0.076797225
8741,model_6,0.1717,0.21365184
8742,model_6,0.0838,0.11558547
8743,model_6,0.7194,0.6905063
8744,model_6,-0.0628,-0.021888873
8745,model_6,-0.1818,-0.15914474
8746,model_6,0.2796,0.30273533
8747,model_6,0.4335,0.43661377
8748,model_6,0.6846,0.73947453
8749,model_6,0.5616,0.46764606
8750,model_6,0.2364,0.23083821
8751,model_6,0.8542,0.8124014
8752,model_6,0.2339,0.19819264
8753,model_6,0.3931,0.3907439
8754,model_6,0.8486,0.8096215
8755,model_6,0.1571,0.12821949
8756,model_6,0.123,0.09151246
8757,model_6,-0.1357,-0.21012375
8758,model_6,0.314,0.36644715
8759,model_6,0.5013,0.48814768
8760,model_6,0.1815,0.15400219
8761,model_6,0.6097,0.5741599
8762,model_6,0.0008,0.028423212
8763,model_6,0.4833,0.53103834
8764,model_6,0.7169,0.7153157
8765,model_6,0.775,0.8501852
8766,model_6,0.4415,0.38431755
8767,model_6,0.1374,0.08418375
8768,model_6,0.4842,0.46588558
8769,model_6,0.402,0.3751917
8770,model_6,0.0492,0.12166321
8771,model_6,0.2518,0.3038382
8772,model_6,0.8606,0.9030837
8773,model_6,0.3908,0.5704547
8774,model_6,0.3168,0.32204834
8775,model_6,0.7317,0.6712854
8776,model_6,0.1058,0.12830669
8777,model_6,0.113,0.091722615
8778,model_6,0.2431,0.22803822
8779,model_6,0.2694,0.21241844
8780,model_6,0.2864,0.2991187
8781,model_6,0.3009,0.2828244
8782,model_6,0.1228,0.1258494
8783,model_6,0.0436,0.011759685
8784,model_6,0.0602,0.07671456
8785,model_6,0.2054,0.17759709
8786,model_6,0.1275,0.1271108
8787,model_6,0.1402,0.057340313
8788,model_6,0.3687,0.37600577
8789,model_6,0.1841,0.18913777
8790,model_6,0.4592,0.44676656
8791,model_6,-0.0305,0.024714364
8792,model_6,0.2515,0.2862865
8793,model_6,0.0776,0.04938527
8794,model_6,0.1262,0.14708993
8795,model_6,0.152,0.16587639
8796,model_6,0.3442,0.2832403
8797,model_6,0.4843,0.4916476
8798,model_6,0.1324,0.044273023
8799,model_6,0.4714,0.4893865
8800,model_6,0.2463,0.24096388
8801,model_6,-0.152,-0.16141059
8802,model_6,0.7393,0.747867
8803,model_6,0.4274,0.38971364
8804,model_6,0.1693,0.23097177
8805,model_6,0.5058,0.41329712
8806,model_6,0.5043,0.5594863
8807,model_6,-0.11,-0.070918135
8808,model_6,0.0489,0.049004722
8809,model_6,-0.0029,0.06399581
8810,model_6,0.0359,0.09387518
8811,model_6,0.2133,0.2229291
8812,model_6,0.5089,0.45082635
8813,model_6,0.316,0.30612707
8814,model_6,0.2799,0.24942166
8815,model_6,0.228,0.2722945
8816,model_6,0.5807,0.5216558
8817,model_6,0.5129,0.44342694
8818,model_6,0.349,0.3572682
8819,model_6,0.1349,0.1109734
8820,model_6,0.2496,0.2613526
8821,model_6,0.0886,0.08816635
8822,model_6,0.411,0.41687536
8823,model_6,0.4205,0.40541497
8824,model_6,0.1695,0.13161916
8825,model_6,0.3467,0.2687865
8826,model_6,0.0975,0.046272613
8827,model_6,-0.0579,-0.028081398
8828,model_6,0.2092,0.09401032
8829,model_6,0.1089,0.07600732
8830,model_6,0.3131,0.29761726
8831,model_6,0.5563,0.55401003
8832,model_6,0.0166,0.050220076
8833,model_6,0.1892,0.23883593
8834,model_6,0.1586,0.16959597
8835,model_6,0.3294,0.2969215
8836,model_6,0.1983,0.14515387
8837,model_6,0.1547,0.16014586
8838,model_6,0.0751,0.022204414
8839,model_6,0.4295,0.24654597
8840,model_6,-0.0502,-0.047442783
8841,model_6,0.5133,0.47707534
8842,model_6,-0.1092,-0.13742681
8843,model_6,-0.0123,-0.0005713641
8844,model_6,0.7003,0.6647957
8845,model_6,-0.0303,-0.040227883
8846,model_6,0.1254,0.05952383
8847,model_6,0.4098,0.4079476
8848,model_6,0.0535,0.037857845
8849,model_6,0.2869,0.35723424
8850,model_6,0.5128,0.52928275
8851,model_6,0.0724,0.022444988
8852,model_6,0.1794,0.15434356
8853,model_6,0.6155,0.66388124
8854,model_6,0.2079,0.18466522
8855,model_6,0.3355,0.36051106
8856,model_6,0.2043,0.21228193
8857,model_6,0.497,0.46190935
8858,model_6,0.1859,0.09912464
8859,model_6,0.1302,0.013699062
8860,model_6,0.3435,0.32237363
8861,model_6,0.0597,0.059843834
8862,model_6,0.4149,0.40382957
8863,model_6,0.1627,0.12454917
8864,model_6,0.3603,0.31117216
8865,model_6,0.259,0.22417143
8866,model_6,0.5804,0.59215325
8867,model_6,0.4961,0.44777378
8868,model_6,0.4055,0.3783003
8869,model_6,-0.1447,-0.15830122
8870,model_6,0.52,0.52044064
8871,model_6,-0.0973,-0.121193826
8872,model_6,0.1266,0.16420579
8873,model_6,-0.1773,-0.2009011
8874,model_6,0.0077,-0.00015096972
8875,model_6,-0.1947,-0.17418584
8876,model_6,0.1742,0.1711099
8877,model_6,0.0883,0.12836528
8878,model_6,0.1592,0.1926558
8879,model_6,0.2319,0.20812252
8880,model_6,0.0809,0.07765326
8881,model_6,-0.1656,-0.20313142
8882,model_6,0.0301,-0.010971807
8883,model_6,0.8711,0.8522273
8884,model_6,0.0064,-0.006392104
8885,model_6,0.7413,0.747419
8886,model_6,0.1538,0.16459858
8887,model_6,0.126,0.12232612
8888,model_6,0.4213,0.383542
8889,model_6,0.5487,0.57285863
8890,model_6,0.1051,0.15045412
8891,model_6,0.2526,0.1714871
8892,model_6,0.0446,0.032911174
8893,model_6,0.3029,0.32757092
8894,model_6,0.3675,0.2865758
8895,model_6,0.12,0.115366735
8896,model_6,0.3272,0.36276755
8897,model_6,0.3044,0.34177852
8898,model_6,0.6197,0.5802132
8899,model_6,-0.1249,-0.15883462
8900,model_6,0.2858,0.29702774
8901,model_6,0.0394,0.0034129447
8902,model_6,0.5866,0.6676559
8903,model_6,0.1104,0.1712783
8904,model_6,0.3012,0.34593487
8905,model_6,0.0195,0.04044569
8906,model_6,-0.064,-0.06644894
8907,model_6,0.3011,0.29857755
8908,model_6,0.1564,0.1693478
8909,model_6,0.2869,0.25234973
8910,model_6,0.17,0.1303933
8911,model_6,0.1081,0.12259519
8912,model_6,0.2513,0.2909424
8913,model_6,0.1134,0.11246831
8914,model_6,0.1789,0.15097599
8915,model_6,0.2225,0.2495946
8916,model_6,0.4575,0.4515492
8917,model_6,1.0372,0.9954245
8918,model_6,0.304,0.32218298
8919,model_6,0.0947,0.10572153
8920,model_6,0.0785,0.08407715
8921,model_6,0.4168,0.3814136
8922,model_6,0.1076,0.11093954
8923,model_6,0.36,0.364914
8924,model_6,0.2679,0.19877447
8925,model_6,0.2502,0.2623767
8926,model_6,0.4212,0.3776608
8927,model_6,0.081,0.07912517
8928,model_6,0.4438,0.38662416
8929,model_6,0.1166,0.11416288
8930,model_6,0.4411,0.42461073
8931,model_6,0.1037,0.1397941
8932,model_6,0.4777,0.35533243
8933,model_6,0.7143,0.70090824
8934,model_6,0.465,0.4067046
8935,model_6,0.1431,0.081158005
8936,model_6,-0.0443,-0.0327628
8937,model_6,0.3535,0.38192686
8938,model_6,0.1989,0.2171662
8939,model_6,0.0753,0.058570083
8940,model_6,0.7543,0.7443496
8941,model_6,0.1048,0.1790653
8942,model_6,0.2423,0.21733558
8943,model_6,0.0751,0.14582437
8944,model_6,0.1811,0.1851788
8945,model_6,0.2077,0.21248215
8946,model_6,0.2644,0.21053958
8947,model_6,0.1267,0.07244393
8948,model_6,0.0905,0.12154256
8949,model_6,0.4364,0.433066
8950,model_6,0.1593,0.1569143
8951,model_6,0.2516,0.25269192
8952,model_6,0.3078,0.40043283
8953,model_6,-0.0307,0.0028490801
8954,model_6,0.0234,0.07378415
8955,model_6,0.1202,0.16951248
8956,model_6,0.3412,0.33574346
8957,model_6,0.1823,0.1865976
8958,model_6,0.2258,0.17823535
8959,model_6,0.1107,0.05931395
8960,model_6,0.7138,0.7080215
8961,model_6,0.2787,0.27807385
8962,model_6,0.0409,0.039219115
8963,model_6,0.7057,0.6706775
8964,model_6,0.1592,0.18052274
8965,model_6,0.0628,0.08494445
8966,model_6,0.4588,0.42701307
8967,model_6,0.5756,0.4893393
8968,model_6,0.4857,0.52144927
8969,model_6,0.4057,0.40434453
8970,model_6,0.217,0.15245831
8971,model_6,0.3933,0.42780054
8972,model_6,0.4487,0.40049714
8973,model_6,0.1067,0.055873726
8974,model_6,0.1358,0.077717856
8975,model_6,0.0479,0.0438532
8976,model_6,0.3972,0.48528433
8977,model_6,0.0085,0.0044974
8978,model_6,0.5367,0.5385795
8979,model_6,0.7953,0.79775506
8980,model_6,0.1984,0.16267243
8981,model_6,0.2351,0.23421955
8982,model_6,0.5608,0.5663393
8983,model_6,0.707,0.6912115
8984,model_6,0.1896,0.13477266
8985,model_6,0.17,0.19806014
8986,model_6,0.0265,0.032452393
8987,model_6,0.4113,0.39483297
8988,model_6,0.6551,0.6519541
8989,model_6,-0.0158,-0.019243948
8990,model_6,0.2872,0.30886656
8991,model_6,0.0793,0.09161523
8992,model_6,0.1652,0.12772945
8993,model_6,0.0771,0.06550027
8994,model_6,0.9234,0.95278823
8995,model_6,0.1173,0.18184221
8996,model_6,0.1833,0.10930019
8997,model_6,0.0508,0.043255843
8998,model_6,0.065,0.07685106
8999,model_6,0.6498,0.6152914
9000,model_6,0.698,0.6244313
9001,model_6,0.3276,0.28322414
9002,model_6,0.6542,0.3964321
9003,model_6,0.1239,0.12335838
9004,model_6,0.4132,0.47069424
9005,model_6,0.1375,0.11705513
9006,model_6,0.2242,0.18969624
9007,model_6,0.0525,0.03937407
9008,model_6,0.193,0.17766565
9009,model_6,0.5679,0.5566482
9010,model_6,0.1618,0.20172587
9011,model_6,0.281,0.29410464
9012,model_6,0.162,0.18539199
9013,model_6,0.0726,0.15753359
9014,model_6,0.1511,0.15496342
9015,model_6,0.2536,0.2102849
9016,model_6,0.1587,0.33665663
9017,model_6,0.216,0.17654842
9018,model_6,0.3324,0.25604996
9019,model_6,0.417,0.38309726
9020,model_6,-0.1014,-0.082243845
9021,model_6,0.0412,0.085626684
9022,model_6,0.0781,0.07360298
9023,model_6,-0.0402,-0.01859948
9024,model_6,0.2982,0.3678218
9025,model_6,0.4806,0.3753869
9026,model_6,0.4612,0.3950606
9027,model_6,0.0965,0.09941952
9028,model_6,0.4105,0.36641967
9029,model_6,0.4148,0.40532225
9030,model_6,0.8205,0.8302503
9031,model_6,0.3381,0.3292889
9032,model_6,0.1551,0.2178163
9033,model_6,0.3059,0.33929718
9034,model_6,-0.1324,-0.15245081
9035,model_6,0.4211,0.38993865
9036,model_6,0.6454,0.58728427
9037,model_6,0.0274,0.034920126
9038,model_6,0.1692,0.25233844
9039,model_6,0.2795,0.2615889
9040,model_6,-0.0724,-0.101139344
9041,model_6,-0.097,-0.08792764
9042,model_6,-0.116,-0.21985354
9043,model_6,0.451,0.44798112
9044,model_6,0.6104,0.6240548
9045,model_6,0.5859,0.5509256
9046,model_6,0.4774,0.4566907
9047,model_6,0.6269,0.645513
9048,model_6,-0.1433,-0.13812795
9049,model_6,0.1664,0.16256198
9050,model_6,0.0982,0.10575054
9051,model_6,0.2967,0.29307115
9052,model_6,0.7447,0.7395388
9053,model_6,0.035,0.043449074
9054,model_6,0.9396,0.9072414
9055,model_6,0.1447,0.18486401
9056,model_6,0.7369,0.74879056
9057,model_6,0.0846,0.05830482
9058,model_6,0.1836,0.18737294
9059,model_6,0.0528,0.057503987
9060,model_6,-0.0232,-0.06519254
9061,model_6,0.1239,0.13087806
9062,model_6,0.1943,0.16078313
9063,model_6,0.081,0.124528185
9064,model_6,0.4332,0.431032
9065,model_6,-0.0172,-0.036528025
9066,model_6,0.4998,0.34791666
9067,model_6,0.6995,0.7415056
9068,model_6,0.7247,0.7151775
9069,model_6,0.0497,0.10546997
9070,model_6,-0.0201,-0.010166848
9071,model_6,0.1146,0.08306779
9072,model_6,0.1783,0.17826976
9073,model_6,0.4161,0.403365
9074,model_6,0.2536,0.27002785
9075,model_6,0.9311,0.94042623
9076,model_6,0.2063,0.23885229
9077,model_6,0.0646,0.08428131
9078,model_6,0.3422,0.31334233
9079,model_6,0.0692,0.0549976
9080,model_6,0.2363,0.1924651
9081,model_6,0.3791,0.37202692
9082,model_6,0.5663,0.5819995
9083,model_6,0.2193,0.20978373
9084,model_6,0.2128,0.18089467
9085,model_6,0.1677,0.3326857
9086,model_6,0.3091,0.35640413
9087,model_6,0.025,0.17880562
9088,model_6,0.0123,0.025253981
9089,model_6,0.1395,0.16556376
9090,model_6,-0.0458,-0.057672236
9091,model_6,0.1865,0.17732222
9092,model_6,0.0361,0.031942725
9093,model_6,0.1338,0.15461056
9094,model_6,-0.2173,-0.26027906
9095,model_6,0.1973,0.19858067
9096,model_6,-0.0599,-0.01226618
9097,model_6,0.0534,0.03473786
9098,model_6,0.8197,0.831801
9099,model_6,0.1452,0.18039006
9100,model_6,0.1897,0.2426804
9101,model_6,0.1246,0.09342194
9102,model_6,0.0804,0.028517721
9103,model_6,0.3415,0.354908
9104,model_6,0.7141,0.7105662
9105,model_6,0.6777,0.6076901
9106,model_6,0.054,0.1780319
9107,model_6,0.208,0.15699196
9108,model_6,0.0023,-0.013252677
9109,model_6,0.4453,0.4174254
9110,model_6,-0.109,-0.0655534
9111,model_6,0.0352,0.051561326
9112,model_6,0.6094,0.5958415
9113,model_6,0.2276,0.20299606
9114,model_6,0.2359,0.25602278
9115,model_6,0.3483,0.18683507
9116,model_6,-0.1801,-0.14116181
9117,model_6,-0.0114,0.0044980026
9118,model_6,1.089,1.3379115
9119,model_6,0.0183,0.030931175
9120,model_6,-0.1799,-0.21874602
9121,model_6,0.3473,0.2661221
9122,model_6,0.4226,0.37171465
9123,model_6,0.5643,0.51469505
9124,model_6,0.1009,0.06776496
9125,model_6,0.1775,0.12970415
9126,model_6,0.4361,0.38241038
9127,model_6,0.5251,0.5300813
9128,model_6,0.0826,0.09415169
9129,model_6,0.2221,0.20996894
9130,model_6,0.0646,0.05185464
9131,model_6,0.4224,0.33057636
9132,model_6,0.4336,0.40036163
9133,model_6,0.8245,0.8218694
9134,model_6,-0.0587,0.08718882
9135,model_6,0.0557,0.095636874
9136,model_6,0.0479,0.07469419
9137,model_6,0.146,0.1841027
9138,model_6,0.2619,0.1786189
9139,model_6,0.0273,0.10988966
9140,model_6,0.0966,0.06962533
9141,model_6,0.1323,0.11916259
9142,model_6,0.1452,0.1479967
9143,model_6,0.1664,0.18811111
9144,model_6,0.7897,0.76406735
9145,model_6,0.103,0.15111986
9146,model_6,0.4162,0.40475798
9147,model_6,0.4901,0.46880192
9148,model_6,-0.0019,0.00040631415
9149,model_6,0.3698,0.3526442
9150,model_6,0.1127,0.0682202
9151,model_6,0.1626,0.2140484
9152,model_6,0.1321,0.1029775
9153,model_6,-0.0495,0.015123336
9154,model_6,0.0541,0.06323939
9155,model_6,-0.0178,0.024820028
9156,model_6,0.5007,0.46066257
9157,model_6,0.6687,0.647116
9158,model_6,-0.0479,0.0018374496
9159,model_6,-0.0499,-0.1123164
9160,model_6,0.17,0.17408451
9161,model_6,0.4782,0.29823422
9162,model_6,-0.0079,6.127404e-05
9163,model_6,0.6023,0.53548896
9164,model_6,0.9052,0.9243988
9165,model_6,0.0009,0.029993773
9166,model_6,0.1406,0.1111032
9167,model_6,0.0091,0.07732907
9168,model_6,0.1015,0.05804496
9169,model_6,-0.0035,0.051485993
9170,model_6,-0.1553,-0.13452983
9171,model_6,0.2253,0.17509094
9172,model_6,0.6501,0.63518924
9173,model_6,0.2416,0.23421492
9174,model_6,-0.0655,0.022648385
9175,model_6,0.4323,0.41359216
9176,model_6,0.9483,0.9639204
9177,model_6,0.2863,0.28288135
9178,model_6,0.1458,0.09208286
9179,model_6,0.0581,0.101212054
9180,model_6,0.1677,0.16569419
9181,model_6,0.3812,0.44976455
9182,model_6,0.3159,0.36959982
9183,model_6,0.6112,0.62284636
9184,model_6,0.6508,0.6878559
9185,model_6,0.8592,0.7689763
9186,model_6,0.6186,0.61970043
9187,model_6,0.2946,0.30165127
9188,model_6,-0.0513,-0.036117177
9189,model_6,0.1201,0.18896861
9190,model_6,-0.2098,-0.20530336
9191,model_6,0.4466,0.48141086
9192,model_6,-0.155,-0.16361378
9193,model_6,0.0405,0.038941845
9194,model_6,0.1661,0.09650107
9195,model_6,-0.173,-0.16532856
9196,model_6,0.09,0.12003582
9197,model_6,0.3146,0.3015204
9198,model_6,0.5213,0.46762002
9199,model_6,0.1976,0.28568074
9200,model_6,0.202,0.19537696
9201,model_6,0.3496,0.3781827
9202,model_6,0.3103,0.2619587
9203,model_6,0.0956,0.2045832
9204,model_6,0.1671,0.25604337
9205,model_6,0.0342,0.049568232
9206,model_6,0.1086,0.09354481
9207,model_6,0.5722,0.57866967
9208,model_6,0.5164,0.53108245
9209,model_6,0.3901,0.43793622
9210,model_6,0.0555,0.046759617
9211,model_6,0.7691,0.74881005
9212,model_6,0.2969,0.27939054
9213,model_6,0.3036,0.31716543
9214,model_6,0.0139,0.013514945
9215,model_6,-0.1405,-0.08290596
9216,model_6,0.1354,0.18527353
9217,model_6,0.1829,0.16075908
9218,model_6,-0.004,0.035722945
9219,model_6,0.0357,0.04003911
9220,model_6,-0.0042,0.022303244
9221,model_6,0.2008,0.20285448
9222,model_6,0.3133,0.2991495
9223,model_6,0.2449,0.23875253
9224,model_6,0.0547,0.06119715
9225,model_6,0.2477,0.25263876
9226,model_6,-0.0964,-0.08683709
9227,model_6,-0.0088,0.010186531
9228,model_6,0.273,0.2751519
9229,model_6,0.0839,0.10750372
9230,model_6,0.1091,0.11883469
9231,model_6,0.4449,0.51536477
9232,model_6,0.2849,0.27094793
9233,model_6,0.2534,0.23855844
9234,model_6,0.4229,0.5076389
9235,model_6,0.2793,0.2726589
9236,model_6,0.3674,0.32253417
9237,model_6,0.3926,0.3910483
9238,model_6,0.2665,0.20977053
9239,model_6,0.3893,0.3472067
9240,model_6,0.3525,0.32373756
9241,model_6,0.0951,0.10760278
9242,model_6,0.2181,0.31194246
9243,model_6,0.1225,0.09254959
9244,model_6,0.1145,0.13571824
9245,model_6,-0.0783,-0.11363532
9246,model_6,-0.0482,-0.02806887
9247,model_6,0.3295,0.35414776
9248,model_6,0.471,0.47460896
9249,model_6,0.0731,0.054308917
9250,model_6,0.163,0.19787069
9251,model_6,0.0915,0.09433081
9252,model_6,0.0015,0.032805577
9253,model_6,0.178,0.23687191
9254,model_6,0.3283,0.3214872
9255,model_6,0.2848,0.32179543
9256,model_6,0.2433,0.33235002
9257,model_6,0.7057,0.6856007
9258,model_6,0.0876,0.112858
9259,model_6,0.0898,0.06684984
9260,model_6,0.0695,0.087010294
9261,model_6,0.3435,0.33942634
9262,model_6,-0.1082,-0.11367236
9263,model_6,0.1046,0.13655743
9264,model_6,-0.014,-0.004617795
9265,model_6,0.2636,0.22352427
9266,model_6,0.1518,0.091871455
9267,model_6,0.7739,0.73496187
9268,model_6,0.7027,0.75023925
9269,model_6,0.0533,0.05750441
9270,model_6,0.0512,0.0048328084
9271,model_6,0.272,0.24341112
9272,model_6,0.4255,0.43357792
9273,model_6,-0.0029,0.00085678
9274,model_6,-0.0823,-0.06466766
9275,model_6,0.1072,0.1869199
9276,model_6,0.1425,0.17960504
9277,model_6,0.1038,0.40065318
9278,model_6,0.2698,0.24639998
9279,model_6,0.0844,0.052975032
9280,model_6,0.0576,0.06547182
9281,model_6,0.0762,0.06955816
9282,model_6,-0.1801,-0.2010494
9283,model_6,0.0106,0.053542223
9284,model_6,0.05,0.02062186
9285,model_6,0.2834,0.26261017
9286,model_6,0.3011,0.33973488
9287,model_6,0.2428,0.19018014
9288,model_6,0.0383,0.052100036
9289,model_6,0.0639,0.042304352
9290,model_6,0.2302,0.3979671
9291,model_6,-0.0431,-0.102770515
9292,model_6,0.4013,0.33860278
9293,model_6,-0.0073,0.05070053
9294,model_6,0.7943,0.7791794
9295,model_6,0.3901,0.29485688
9296,model_6,0.4267,0.41339058
9297,model_6,0.1293,0.25296152
9298,model_6,0.2189,0.26438162
9299,model_6,0.5944,0.6171599
9300,model_6,0.6693,0.65757567
9301,model_6,0.2613,0.22076908
9302,model_6,0.2571,0.31389424
9303,model_6,0.0608,0.03292237
9304,model_6,0.0778,0.15217328
9305,model_6,0.0823,0.0878083
9306,model_6,-0.0534,-0.005036294
9307,model_6,0.1749,0.24389778
9308,model_6,0.2962,0.33392516
9309,model_6,0.5192,0.4326269
9310,model_6,0.1508,0.12785983
9311,model_6,0.5797,0.62786
9312,model_6,0.5159,0.48637056
9313,model_6,0.2282,0.24591187
9314,model_6,-0.0267,0.009753155
9315,model_6,0.0563,0.05621443
9316,model_6,0.8457,0.8654116
9317,model_6,0.2939,0.28417215
9318,model_6,0.7397,0.7485284
9319,model_6,-0.1009,-0.041218724
9320,model_6,0.3603,0.340281
9321,model_6,-0.0011,-0.023086786
9322,model_6,-0.0047,0.033818882
9323,model_6,0.1114,0.043079004
9324,model_6,-0.0825,-0.05603737
9325,model_6,0.7373,0.78413165
9326,model_6,-0.081,-0.10761467
9327,model_6,0.3541,0.2994277
9328,model_6,0.0642,0.03850137
9329,model_6,0.2023,0.26968366
9330,model_6,0.3568,0.31171113
9331,model_6,0.3265,0.39146197
9332,model_6,0.2596,0.2006371
9333,model_6,0.2489,0.22464506
9334,model_6,0.6474,0.6326219
9335,model_6,0.1249,0.09897448
9336,model_6,0.2951,0.32973552
9337,model_6,0.196,0.19385512
9338,model_6,0.7194,0.67404306
9339,model_6,0.4165,0.34115547
9340,model_6,0.2483,0.24741744
9341,model_6,0.0259,-0.10800154
9342,model_6,0.2035,0.24440877
9343,model_6,1.1005,0.9798857
9344,model_6,0.1838,0.2329866
9345,model_6,0.8401,0.83696675
9346,model_6,0.2459,0.21749912
9347,model_6,0.58,0.5977622
9348,model_6,0.2526,0.24238566
9349,model_6,0.6513,0.65077454
9350,model_6,0.0607,0.051248442
9351,model_6,0.1071,0.10919756
9352,model_6,0.3834,0.35241354
9353,model_6,0.5966,0.62543875
9354,model_6,0.2624,0.26392874
9355,model_6,0.1243,0.11749747
9356,model_6,0.045,0.0026276163
9357,model_6,-0.0433,-0.11859357
9358,model_6,0.0725,0.12221427
9359,model_6,-0.011,0.059861954
9360,model_6,0.1207,0.101345815
9361,model_6,0.409,0.3646314
9362,model_6,0.0618,0.02286556
9363,model_6,-0.0679,-0.044267267
9364,model_6,0.1566,0.21605548
9365,model_6,-0.1904,-0.20856899
9366,model_6,-0.084,-0.101336844
9367,model_6,0.0609,0.087825194
9368,model_6,0.5172,0.5323939
9369,model_6,0.0232,0.02857013
9370,model_6,0.0828,0.08385469
9371,model_6,0.1113,0.10115925
9372,model_6,0.5179,0.44259173
9373,model_6,0.2514,0.2259023
9374,model_6,0.0332,0.004243367
9375,model_6,0.1674,0.109214105
9376,model_6,0.1602,0.13660333
9377,model_6,0.0589,0.11291044
9378,model_6,0.1073,0.019347057
9379,model_6,0.3232,0.27375245
9380,model_6,0.0338,0.06601612
9381,model_6,0.4093,0.33001107
9382,model_6,0.1483,0.13100077
9383,model_6,0.4418,0.44901305
9384,model_6,1.0954,1.1059582
9385,model_6,0.0752,0.018331716
9386,model_6,0.2606,0.2154013
9387,model_6,0.2895,0.3529963
9388,model_6,0.2589,0.2188142
9389,model_6,0.2065,0.18913597
9390,model_6,0.2511,0.2462919
9391,model_6,0.4819,0.36478797
9392,model_6,-0.1398,-0.12179658
9393,model_6,0.1893,0.12143996
9394,model_6,0.1587,0.18499999
9395,model_6,-0.1323,-0.12241529
9396,model_6,0.7995,0.8293899
9397,model_6,0.7259,0.69906914
9398,model_6,0.1705,0.20298892
9399,model_6,0.2732,0.21544927
9400,model_6,0.3708,0.33815774
9401,model_6,0.7018,0.68416184
9402,model_6,0.6136,0.59903085
9403,model_6,0.2571,0.27693775
9404,model_6,0.2058,0.17792676
9405,model_6,0.2577,0.23486166
9406,model_6,0.4679,0.3739989
9407,model_6,0.0634,0.073176935
9408,model_6,0.0534,0.057222698
9409,model_6,0.021,0.077455476
9410,model_6,0.1929,0.1518696
9411,model_6,0.1163,-0.0248917
9412,model_6,0.0669,0.06552152
9413,model_6,0.6328,0.64475197
9414,model_6,0.1073,0.108734235
9415,model_6,0.889,0.9219854
9416,model_6,0.1308,0.10325996
9417,model_6,0.1337,0.10825986
9418,model_6,0.705,0.7204791
9419,model_6,0.499,0.46018612
9420,model_6,0.048,0.048792753
9421,model_6,0.1035,0.108032115
9422,model_6,0.2256,0.19607389
9423,model_6,0.9365,0.92093325
9424,model_6,0.0043,0.00561362
9425,model_6,0.5362,0.55285114
9426,model_6,0.2929,0.29059443
9427,model_6,0.1385,0.046985444
9428,model_6,0.1338,0.1212938
9429,model_6,0.3848,0.34931678
9430,model_6,0.2528,0.33120388
9431,model_6,0.1061,0.053851467
9432,model_6,-0.2122,-0.16759303
9433,model_6,0.6565,0.7091871
9434,model_6,0.8133,0.7570657
9435,model_6,0.2406,0.20776606
9436,model_6,0.3441,0.391551
9437,model_6,0.5085,0.48558298
9438,model_6,0.1014,0.08350858
9439,model_6,0.3993,0.3889718
9440,model_6,0.3459,0.35617915
9441,model_6,0.1441,0.1713617
9442,model_6,0.3608,0.3672489
9443,model_6,0.0445,0.041527335
9444,model_6,0.2572,0.2055722
9445,model_6,0.0788,0.04444916
9446,model_6,0.358,0.3775144
9447,model_6,0.6667,0.68558025
9448,model_6,0.4349,0.38622046
9449,model_6,0.2612,0.2526188
9450,model_6,0.3301,0.27543443
9451,model_6,0.0541,0.0380786
9452,model_6,-0.0493,-0.025537416
9453,model_6,0.1598,0.08866991
9454,model_6,0.263,0.19200978
9455,model_6,0.2538,0.2919888
9456,model_6,0.9651,0.9896109
9457,model_6,0.2936,0.24738804
9458,model_6,0.2095,0.25690478
9459,model_6,0.1488,0.17207558
9460,model_6,0.1007,0.091984995
9461,model_6,0.2958,0.31321147
9462,model_6,0.3264,0.2551779
9463,model_6,0.5824,0.5620323
9464,model_6,0.4068,0.47760177
9465,model_6,0.2807,0.30480206
9466,model_6,0.1024,0.10259914
9467,model_6,0.0433,-0.05126763
9468,model_6,0.2497,0.14123675
9469,model_6,0.6191,0.5860736
9470,model_6,0.0401,0.02008614
9471,model_6,0.1287,0.1603469
9472,model_6,0.129,0.10184994
9473,model_6,0.7099,0.67605084
9474,model_6,0.3591,0.21405792
9475,model_6,0.1385,0.10212043
9476,model_6,0.4733,0.45826772
9477,model_6,0.1108,0.06649728
9478,model_6,0.8355,0.69240373
9479,model_6,0.419,0.42250547
9480,model_6,0.7787,0.7729693
9481,model_6,0.0843,0.07771431
9482,model_6,0.2513,0.26923174
9483,model_6,0.0007,-0.0015606792
9484,model_6,0.1305,0.10838977
9485,model_6,0.0379,0.05317143
9486,model_6,0.0179,0.0070446
9487,model_6,0.0682,0.011246478
9488,model_6,0.4679,0.32152277
9489,model_6,0.0004,0.021424798
9490,model_6,0.1013,0.16086346
9491,model_6,0.3108,0.3349898
9492,model_6,0.0511,0.11503371
9493,model_6,0.0347,0.05391534
9494,model_6,0.2153,0.1959128
9495,model_6,0.2857,0.3668058
9496,model_6,0.1179,0.2741289
9497,model_6,0.0575,-0.056163613
9498,model_6,0.2357,0.26967466
9499,model_6,0.1558,0.13764563
9500,model_6,0.4699,0.46130538
9501,model_6,0.126,0.15441924
9502,model_6,0.1459,0.21817978
9503,model_6,0.1339,0.13334186
9504,model_6,-0.0823,-0.055591915
9505,model_6,0.1218,0.106490135
9506,model_6,0.295,0.3025194
9507,model_6,0.0451,0.020438034
9508,model_6,-0.1382,-0.18278971
9509,model_6,0.7228,0.7317038
9510,model_6,0.0411,0.017568002
9511,model_6,-0.0503,-0.0002573873
9512,model_6,0.1809,0.19493474
9513,model_6,-0.0743,-0.022231027
9514,model_6,0.1692,0.114759654
9515,model_6,-0.0187,0.02640346
9516,model_6,0.061,0.07692619
9517,model_6,0.0334,0.053923015
9518,model_6,0.148,0.10328513
9519,model_6,0.4291,0.3810184
9520,model_6,0.1265,0.22087629
9521,model_6,0.1887,0.15997055
9522,model_6,0.1974,0.041455645
9523,model_6,0.2446,0.22671588
9524,model_6,0.0241,0.021117292
9525,model_6,0.7444,0.8168178
9526,model_6,0.1523,0.1638353
9527,model_6,0.4218,0.40424412
9528,model_6,0.2543,0.23858947
9529,model_6,0.2455,0.27164847
9530,model_6,0.0283,0.03748995
9531,model_6,0.0755,0.072007015
9532,model_6,0.5331,0.5234235
9533,model_6,0.0446,0.071483195
9534,model_6,0.1312,0.1386335
9535,model_6,0.129,0.10411349
9536,model_6,0.9347,0.8978192
9537,model_6,-0.2161,-0.11901204
9538,model_6,0.9059,0.9253497
9539,model_6,0.311,0.30974582
9540,model_6,0.8458,0.8061314
9541,model_6,0.127,0.123891085
9542,model_6,0.3697,0.37354586
9543,model_6,0.0532,0.07095435
9544,model_6,0.6292,0.5786351
9545,model_6,0.2438,0.25699875
9546,model_6,0.4411,0.44836795
9547,model_6,0.3951,0.396591
9548,model_6,0.1836,0.08643243
9549,model_6,0.2106,0.36376467
9550,model_6,0.5017,0.51107776
9551,model_6,0.3235,0.3373905
9552,model_6,0.3573,0.3544282
9553,model_6,-0.0465,-0.017853241
9554,model_6,0.3984,0.28918165
9555,model_6,0.0441,0.09163816
9556,model_6,0.154,0.119530484
9557,model_6,0.0318,0.049226787
9558,model_6,0.3471,0.41936314
9559,model_6,0.2321,0.22936246
9560,model_6,0.2519,0.28092724
9561,model_6,0.1683,0.19125155
9562,model_6,0.6905,0.67395943
9563,model_6,0.7929,0.8027445
9564,model_6,0.2021,0.22657372
9565,model_6,0.202,0.15988922
9566,model_6,0.5684,0.6207785
9567,model_6,0.0214,0.027113512
9568,model_6,0.3543,0.37202662
9569,model_6,0.071,0.06588892
9570,model_6,0.8694,0.9169806
9571,model_6,0.1517,0.11717661
9572,model_6,0.1276,0.19333757
9573,model_6,0.127,0.13380699
9574,model_6,0.0044,-0.050083328
9575,model_6,0.3768,0.24148005
9576,model_6,0.5024,0.43150875
9577,model_6,0.1176,0.06993087
9578,model_6,0.0666,0.031023165
9579,model_6,0.1956,0.1641933
9580,model_6,0.5414,0.49961603
9581,model_6,0.1355,0.12746397
9582,model_6,0.1167,0.098670125
9583,model_6,0.0611,0.054433502
9584,model_6,0.307,0.28260022
9585,model_6,0.0512,0.001734193
9586,model_6,0.295,0.28164986
9587,model_6,0.1039,0.13339235
9588,model_6,0.7086,0.69950044
9589,model_6,0.1651,0.14247882
9590,model_6,0.1642,0.16987224
9591,model_6,0.1388,0.12884727
9592,model_6,-0.0022,-0.11064181
9593,model_6,0.4457,0.4263236
9594,model_6,-0.0297,-0.012908764
9595,model_6,0.2719,0.2674234
9596,model_6,-0.0966,-0.0629125
9597,model_6,0.1048,0.09344222
9598,model_6,0.4069,0.33864248
9599,model_6,0.1997,0.13448314
9600,model_6,-0.0116,0.0074438234
9601,model_6,0.2078,0.219468
9602,model_6,0.4836,0.5324484
9603,model_6,0.1863,0.16418748
9604,model_6,0.362,0.19404085
9605,model_6,0.2268,0.06215031
9606,model_6,0.249,0.18584883
9607,model_6,0.4932,0.4994372
9608,model_6,0.292,0.26836795
9609,model_6,0.1233,0.18272172
9610,model_6,0.0517,0.09095027
9611,model_6,0.751,0.8070043
9612,model_6,0.1522,0.108469196
9613,model_6,0.1936,0.20990446
9614,model_6,-0.0445,-0.0054371874
9615,model_6,0.5298,0.56272453
9616,model_6,0.3741,0.35793835
9617,model_6,0.3903,0.32252753
9618,model_6,0.3642,0.38892907
9619,model_6,0.8593,0.8827472
9620,model_6,-0.048,-0.018972399
9621,model_6,-0.0667,-0.08935591
9622,model_6,0.2688,0.2788408
9623,model_6,0.2375,0.18637384
9624,model_6,0.1418,0.12876852
9625,model_6,0.4094,0.4582627
9626,model_6,0.3228,0.32954916
9627,model_6,0.2364,0.1834513
9628,model_6,0.3392,0.37359935
9629,model_6,0.1583,0.15736881
9630,model_6,0.0374,0.04406609
9631,model_6,0.006,-0.011413358
9632,model_6,0.628,0.6720588
9633,model_6,0.277,0.28007793
9634,model_6,0.3404,0.15101376
9635,model_6,0.0868,0.09119649
9636,model_6,0.1473,0.18292975
9637,model_6,0.1708,0.106833756
9638,model_6,0.2602,0.25901687
9639,model_6,0.6417,0.5785106
9640,model_6,0.2694,0.18805315
9641,model_6,0.2062,0.185124
9642,model_6,0.2356,0.17160237
9643,model_6,0.4068,0.3416547
9644,model_6,0.5324,0.43465412
9645,model_6,0.4149,0.40378854
9646,model_6,0.1489,0.16653185
9647,model_6,0.5229,0.5187466
9648,model_6,0.2194,0.23961127
9649,model_6,0.0457,0.015105646
9650,model_6,0.421,0.4071705
9651,model_6,-0.2134,-0.19959766
9652,model_6,0.0274,0.06692389
9653,model_6,0.2479,0.23054424
9654,model_6,0.2126,0.19968444
9655,model_6,0.261,0.23238112
9656,model_6,0.0767,0.06769028
9657,model_6,0.1906,0.13978477
9658,model_6,0.907,0.8586765
9659,model_6,0.3348,0.33586383
9660,model_6,0.0981,0.11864432
9661,model_6,0.0503,0.096328
9662,model_6,0.0637,0.081321776
9663,model_6,0.0812,0.08577427
9664,model_6,0.2677,0.2982366
9665,model_6,0.2157,0.20871171
9666,model_6,0.476,0.33079904
9667,model_6,0.0915,0.13641554
9668,model_6,0.2307,0.20821682
9669,model_6,0.4413,0.47509012
9670,model_6,0.4538,0.42139024
9671,model_6,0.1267,0.21441463
9672,model_6,0.0969,0.131977
9673,model_6,0.5879,0.4874314
9674,model_6,0.3947,0.3700148
9675,model_6,0.8101,0.8642986
9676,model_6,0.0612,-0.002999335
9677,model_6,0.0486,0.0030713328
9678,model_6,0.1424,0.10736881
9679,model_6,0.4787,0.4649233
9680,model_6,0.1137,0.15689301
9681,model_6,-0.0505,-0.025354002
9682,model_6,0.1446,0.16821961
9683,model_6,0.1384,0.14804278
9684,model_6,0.2114,0.16617857
9685,model_6,0.0085,-0.0073372493
9686,model_6,-0.1217,-0.05443395
9687,model_6,0.211,0.18991868
9688,model_6,0.2418,0.1472919
9689,model_6,0.3499,0.35758403
9690,model_6,0.2659,0.4122824
9691,model_6,0.4139,0.41974473
9692,model_6,0.2004,0.2349574
9693,model_6,0.1268,0.09587044
9694,model_6,0.4527,0.44693187
9695,model_6,0.0998,0.10621075
9696,model_6,-0.2078,-0.16927536
9697,model_6,0.0751,0.04181841
9698,model_6,0.9662,0.95969546
9699,model_6,0.1911,0.19657607
9700,model_6,-0.0199,-0.01570081
9701,model_6,-0.0262,-0.02134517
9702,model_6,0.1911,0.09813802
9703,model_6,0.1331,0.10115332
9704,model_6,0.2628,0.3038618
9705,model_6,0.4328,0.42203984
9706,model_6,0.1921,0.17515717
9707,model_6,0.317,0.35984227
9708,model_6,0.4629,0.35264468
9709,model_6,0.198,0.28582746
9710,model_6,0.4372,0.41295496
9711,model_6,-0.0902,-0.11171963
9712,model_6,0.2551,0.20207657
9713,model_6,0.5555,0.5534389
9714,model_6,0.8958,0.88365287
9715,model_6,0.1444,0.20370218
9716,model_6,0.1311,0.15101014
9717,model_6,0.3125,0.344014
9718,model_6,0.4089,0.29615977
9719,model_6,0.077,0.06296743
9720,model_6,0.8549,0.8612109
9721,model_6,0.657,0.6648961
9722,model_6,0.2998,0.3348829
9723,model_6,0.0915,0.09870614
9724,model_6,-0.0765,-0.11176781
9725,model_6,0.0437,0.019109031
9726,model_6,-0.1632,-0.15799664
9727,model_6,0.2769,0.21005532
9728,model_6,0.1088,0.108437434
9729,model_6,0.4198,0.39743972
9730,model_6,0.1674,0.12621722
9731,model_6,0.3163,0.25786692
9732,model_6,0.2986,0.36213458
9733,model_6,0.0935,0.100412875
9734,model_6,0.1892,0.2190266
9735,model_6,0.8698,0.8284051
9736,model_6,0.2915,0.33490366
9737,model_6,0.035,0.023082463
9738,model_6,0.3009,0.21302307
9739,model_6,0.5048,0.45816994
9740,model_6,0.0179,0.028970305
9741,model_6,0.0901,0.08864364
9742,model_6,0.6144,0.60442185
9743,model_6,-0.1085,-0.092264034
9744,model_6,-0.1185,-0.079086475
9745,model_6,0.1697,0.18643695
9746,model_6,0.0187,0.059915926
9747,model_6,0.4266,0.41588014
9748,model_6,0.4312,0.3640437
9749,model_6,0.7237,0.64531416
9750,model_6,0.0761,0.06569098
9751,model_6,0.043,0.034729168
9752,model_6,0.2649,0.33531037
9753,model_6,-0.0154,0.04622681
9754,model_6,0.083,-0.014912412
9755,model_6,0.0286,0.032022122
9756,model_6,0.01,0.008116024
9757,model_6,0.2822,0.26675004
9758,model_6,0.6996,0.70265526
9759,model_6,0.7837,0.8026554
9760,model_6,0.1525,0.14401938
9761,model_6,-0.0255,-0.0006007883
9762,model_6,0.3336,0.3128778
9763,model_6,0.3572,0.39841563
9764,model_6,0.0421,0.08790269
9765,model_6,0.3091,0.3394333
9766,model_6,0.1278,0.048197646
9767,model_6,0.0406,0.08571595
9768,model_6,-0.0026,0.123387426
9769,model_6,0.7285,0.7037693
9770,model_6,-0.0418,0.10182258
9771,model_6,0.4164,0.3862152
9772,model_6,0.2772,0.28316253
9773,model_6,-0.0162,-0.008824648
9774,model_6,0.4035,0.3721713
9775,model_6,0.5042,0.55001074
9776,model_6,0.4648,0.4725473
9777,model_6,0.2604,0.23068622
9778,model_6,0.1491,0.1860249
9779,model_6,0.012,0.009719834
9780,model_6,0.2225,0.2535339
9781,model_6,0.2312,0.058853127
9782,model_6,0.6449,0.66322577
9783,model_6,0.259,0.22733825
9784,model_6,0.1399,0.09567229
9785,model_6,0.4947,0.5128698
9786,model_6,0.0802,0.072653435
9787,model_6,0.0975,0.12878315
9788,model_6,0.1282,0.09317939
9789,model_6,-0.0397,0.016551273
9790,model_6,0.1034,0.049562264
9791,model_6,-0.0912,0.30061397
9792,model_6,0.1344,0.06816209
9793,model_6,0.1877,0.17104304
9794,model_6,0.1106,0.092031546
9795,model_6,0.0884,0.07625101
9796,model_6,0.2197,0.1902379
9797,model_6,-0.0719,-0.035399176
9798,model_6,-0.0219,-0.049204033
9799,model_6,0.2138,0.2646735
9800,model_6,-0.0576,-0.17483293
9801,model_6,0.5599,0.5055373
9802,model_6,0.235,0.2194162
9803,model_6,0.0638,0.039905686
9804,model_6,0.1023,0.09695953
9805,model_6,0.4621,0.408631
9806,model_6,0.1566,0.20119904
9807,model_6,-0.0475,-0.039913245
9808,model_6,0.2673,0.2784832
9809,model_6,0.0987,0.19397026
9810,model_6,0.3588,0.25384745
9811,model_6,-0.0981,-0.1365487
9812,model_6,0.2204,0.2494285
9813,model_6,0.3277,0.37762702
9814,model_6,0.0259,0.03243814
9815,model_6,0.0245,0.051012058
9816,model_6,0.0752,-0.043268472
9817,model_6,-0.2074,-0.21947908
9818,model_6,0.1601,0.18426917
9819,model_6,0.3877,0.37876457
9820,model_6,0.3747,0.29369393
9821,model_6,0.0725,0.08384242
9822,model_6,0.3704,0.30805808
9823,model_6,-0.0659,0.005124504
9824,model_6,0.3402,0.17554349
9825,model_6,0.4117,0.40183434
9826,model_6,0.2663,0.2970742
9827,model_6,0.7291,0.72241634
9828,model_6,-0.0922,-0.19113313
9829,model_6,0.1399,0.16771515
9830,model_6,0.221,0.22376426
9831,model_6,0.415,0.42707947
9832,model_6,0.0691,0.13380036
9833,model_6,0.0356,0.06399293
9834,model_6,0.418,0.42189243
9835,model_6,0.3318,0.41743642
9836,model_6,0.1023,0.11160978
9837,model_6,0.6491,0.65297455
9838,model_6,0.203,0.18503846
9839,model_6,0.2804,0.3060309
9840,model_6,0.3307,0.5217412
9841,model_6,0.3233,0.33854657
9842,model_6,0.1961,0.1542982
9843,model_6,0.0142,0.0437827
9844,model_6,0.3291,0.30527577
9845,model_6,0.2404,0.25245318
9846,model_6,0.2357,0.2361059
9847,model_6,0.4767,0.47097254
9848,model_6,-0.0691,-0.07722205
9849,model_6,0.1162,0.12615782
9850,model_6,0.0803,0.0977122
9851,model_6,0.1129,0.1219679
9852,model_6,0.348,0.3305198
9853,model_6,0.8981,0.9723174
9854,model_6,0.1843,0.2925349
9855,model_6,0.194,0.21737254
9856,model_6,0.1941,0.35269606
9857,model_6,0.5945,0.61401397
9858,model_6,0.3253,0.34770074
9859,model_6,0.7907,0.8227933
9860,model_6,0.5632,0.63736534
9861,model_6,0.2268,0.21032259
9862,model_6,0.0569,0.03425193
9863,model_6,0.0205,0.06601783
9864,model_6,0.4199,0.3829807
9865,model_6,0.147,0.12862937
9866,model_6,0.0188,0.012587963
9867,model_6,-0.1539,-0.1876069
9868,model_6,0.1318,0.11984714
9869,model_6,0.1675,0.21436699
9870,model_6,-0.2495,-0.24583444
9871,model_6,0.3716,0.3680985
9872,model_6,0.1775,0.24045765
9873,model_6,0.417,0.42590743
9874,model_6,0.4731,0.4767503
9875,model_6,-0.0632,-0.06307858
9876,model_6,-0.0378,-0.08305528
9877,model_6,0.1285,0.090019055
9878,model_6,0.5484,0.5983232
9879,model_6,0.5413,0.5472959
9880,model_6,0.3591,0.35361797
9881,model_6,0.2468,0.18929504
9882,model_6,0.6208,0.6271361
9883,model_6,0.2782,0.20477225
9884,model_6,0.4231,0.36374807
9885,model_6,0.1098,0.10601003
9886,model_6,0.1322,0.12948857
9887,model_6,-0.0513,-0.08397609
9888,model_6,0.3671,0.32628053
9889,model_6,0.1984,0.22385813
9890,model_6,0.4609,0.46843234
9891,model_6,0.2129,0.17600985
9892,model_6,0.3308,0.17826286
9893,model_6,0.5332,0.5081978
9894,model_6,0.1051,0.07034072
9895,model_6,0.1219,0.09269967
9896,model_6,0.3184,0.35570937
9897,model_6,0.5127,0.52568775
9898,model_6,-0.0418,-0.0018102708
9899,model_6,0.2453,0.24046999
9900,model_6,-0.0526,-0.049050998
9901,model_6,0.2302,0.24062586
9902,model_6,0.2048,0.09784112
9903,model_6,0.5012,0.46797615
9904,model_6,0.0247,0.015051093
9905,model_6,0.3498,0.25891113
9906,model_6,0.2581,0.27912664
9907,model_6,0.2902,0.24232867
9908,model_6,0.127,0.12130812
9909,model_6,0.1738,0.1734058
9910,model_6,0.3216,0.31554097
9911,model_6,0.2038,0.23172636
9912,model_6,0.3106,0.24310583
9913,model_6,0.2261,0.24076976
9914,model_6,0.119,0.1297369
9915,model_6,0.6291,0.57859343
9916,model_6,0.1265,0.14912899
9917,model_6,0.6135,0.6257083
9918,model_6,0.2088,0.25889248
9919,model_6,0.6576,0.68563706
9920,model_6,0.2223,0.23849693
9921,model_6,0.1441,0.08812791
9922,model_6,0.1135,0.189508
9923,model_6,0.1723,0.19332498
9924,model_6,0.0413,0.094396956
9925,model_6,0.0305,0.13548723
9926,model_6,0.2661,0.2368921
9927,model_6,-0.2272,-0.18415122
9928,model_6,0.1897,0.17663805
9929,model_6,0.1463,-0.003944553
9930,model_6,0.0954,0.09471311
9931,model_6,0.1637,0.2035237
9932,model_6,-0.0082,0.04813758
9933,model_6,0.0324,0.052627567
9934,model_6,0.1432,0.13200277
9935,model_6,0.6276,0.5730173
9936,model_6,0.5317,0.6063777
9937,model_6,0.3003,0.33475456
9938,model_6,0.4644,0.39891833
9939,model_6,0.6357,0.57828677
9940,model_6,0.1275,0.14217806
9941,model_6,0.0118,0.009547245
9942,model_6,-0.0672,-0.07772679
9943,model_6,0.6828,0.66319907
9944,model_6,0.2908,0.19280134
9945,model_6,0.4486,0.3963927
9946,model_6,0.035,0.044728685
9947,model_6,0.1286,0.13999031
9948,model_6,0.3044,0.27761036
9949,model_6,0.3054,0.2473295
9950,model_6,0.0887,0.09185749
9951,model_6,0.303,0.26903898
9952,model_6,0.0947,0.09540467
9953,model_6,0.3285,0.15681972
9954,model_6,0.1502,0.02939021
9955,model_6,0.6467,0.5466811
9956,model_6,0.1569,0.16065696
9957,model_6,0.3489,0.3562118
9958,model_6,0.2395,0.20966005
9959,model_6,0.0002,0.049446862
9960,model_6,0.1714,0.15884544
9961,model_6,0.1372,0.18143383
9962,model_6,0.551,0.53849155
9963,model_6,0.245,0.28205797
9964,model_6,0.1127,0.0006340579
9965,model_6,0.0346,0.06959971
9966,model_6,1.0469,1.0576057
9967,model_6,0.1668,0.14582682
9968,model_6,-0.0004,-0.032012086
9969,model_6,0.0281,0.0312604
9970,model_6,0.2422,0.26287097
9971,model_6,0.0906,0.1121136
9972,model_6,0.6866,0.63364035
9973,model_6,0.2193,0.2851908
9974,model_6,0.2241,0.260485
9975,model_6,0.1189,0.09499208
9976,model_6,0.0681,0.07625587
9977,model_6,0.1981,0.1778197
9978,model_6,0.7888,0.8263235
9979,model_6,-0.1117,-0.14145304
9980,model_6,0.3695,0.353795
9981,model_6,0.2163,0.25549045
9982,model_6,-0.0374,-0.025187317
9983,model_6,0.3276,0.20054774
9984,model_6,0.2161,0.26516107
9985,model_6,-0.0338,0.19334765
9986,model_6,0.1964,0.21183473
9987,model_6,0.2197,0.22677287
9988,model_6,0.0488,-0.04528321
9989,model_6,-0.0139,0.0027733115
9990,model_6,0.358,0.3453341
9991,model_6,0.0146,0.0073341434
9992,model_6,0.1459,0.13440914
9993,model_6,0.0515,0.040277023
9994,model_6,-0.191,-0.22420423
9995,model_6,0.0064,0.07578915
9996,model_6,0.2378,0.2593764
9997,model_6,0.0804,0.012109512
9998,model_6,0.5507,0.51686484
9999,model_6,-0.1189,-0.08949871
10000,model_6,0.1737,0.06009147
10001,model_6,0.1549,0.17177196
10002,model_6,-0.1279,-0.0729637
10003,model_6,0.1672,0.35174668
10004,model_6,0.191,0.15985584
10005,model_6,0.0489,-0.020476846
10006,model_6,0.2186,0.25159708
10007,model_6,0.4036,0.41666204
10008,model_6,0.1032,0.1213197
10009,model_6,0.3471,0.31980965
10010,model_6,0.1593,0.16500375
10011,model_6,0.2669,0.20008895
10012,model_6,0.1294,0.07389723
10013,model_6,0.7793,0.7347668
10014,model_6,0.4005,0.40175825
10015,model_6,0.9503,0.983495
10016,model_6,0.0115,0.049773198
10017,model_6,0.1465,0.1491164
10018,model_6,0.121,0.14972065
10019,model_6,0.2244,0.4237051
10020,model_6,0.7301,0.7387083
10021,model_6,0.0773,0.08628
10022,model_6,0.1666,0.099496916
10023,model_6,0.4267,0.3913893
10024,model_6,0.2615,0.2847002
10025,model_6,0.0818,0.092119254
10026,model_6,0.1295,0.14597657
10027,model_6,0.3442,0.3528626
10028,model_6,0.3666,0.3871587
10029,model_6,0.396,0.38936007
10030,model_6,0.7715,0.79067963
10031,model_6,0.4563,0.45093882
10032,model_6,0.7455,0.7118722
10033,model_6,0.1853,0.21303713
10034,model_6,1.0633,0.9870472
10035,model_6,0.2337,0.20174374
10036,model_6,-0.0135,-0.05720218
10037,model_6,0.1296,0.14075106
10038,model_6,0.1512,0.13310108
10039,model_6,0.0931,0.107688
10040,model_6,0.0005,-0.04348622
10041,model_6,0.3708,0.39695472
10042,model_6,0.3079,0.2871171
10043,model_6,-0.042,-0.026766453
10044,model_6,0.627,0.6142282
10045,model_6,0.2661,0.2721957
10046,model_6,0.0493,0.07245053
10047,model_6,0.4473,0.31510246
10048,model_6,0.0444,0.07401034
10049,model_6,0.4475,0.36362022
10050,model_6,0.1068,0.09004284
10051,model_6,0.0387,0.03360033
10052,model_6,0.8357,0.82243705
10053,model_6,0.1957,0.19948666
10054,model_6,0.1534,0.092840165
10055,model_6,0.1778,0.23392043
10056,model_6,0.082,0.08242496
10057,model_6,0.0983,0.046064306
10058,model_6,0.1909,0.15392321
10059,model_6,-0.1421,-0.08886981
10060,model_6,0.3538,0.30487254
10061,model_6,0.0383,0.052792784
10062,model_6,0.1273,0.04411688
10063,model_6,0.229,0.25250873
10064,model_6,0.7005,0.5698084
10065,model_6,0.2638,0.05494883
10066,model_6,0.2175,0.22322387
10067,model_6,0.2979,0.33367622
10068,model_6,0.0459,0.039988045
10069,model_6,0.0454,0.020367209
10070,model_6,-0.0247,-0.005112532
10071,model_6,-0.0405,-0.002172369
10072,model_6,0.8188,0.7937076
10073,model_6,0.0055,-0.008008879
10074,model_6,0.3056,0.29831022
10075,model_6,0.1291,0.18722928
10076,model_6,0.1137,0.09677444
10077,model_6,0.1191,0.015321096
10078,model_6,0.5019,0.5066576
10079,model_6,0.4398,0.42318732
10080,model_6,0.0995,0.08393341
10081,model_6,0.4024,0.39866614
10082,model_6,-0.0104,0.021867799
10083,model_6,0.0802,0.08010724
10084,model_6,0.243,0.25172004
10085,model_6,0.3213,0.43806633
10086,model_6,0.1324,0.14938451
10087,model_6,0.0276,0.03781086
10088,model_6,0.1115,0.13772352
10089,model_6,0.2279,0.28927103
10090,model_6,0.1277,0.08239703
10091,model_6,0.1345,0.13456762
10092,model_6,0.6448,0.6834569
10093,model_6,0.0634,0.19527844
10094,model_6,0.1931,0.13246457
10095,model_6,-0.0443,0.13688537
10096,model_6,0.5976,0.5578334
10097,model_6,0.4237,0.43390656
10098,model_6,0.4184,0.39391702
10099,model_6,0.2369,0.23372534
10100,model_6,0.3262,0.27934986
10101,model_6,0.1064,0.116984844
10102,model_6,0.2266,0.19370547
10103,model_6,0.3056,0.29332474
10104,model_6,0.1059,0.0638278
10105,model_6,0.1512,0.25059378
10106,model_6,0.6412,0.6511138
10107,model_6,-0.1093,-0.13156955
10108,model_6,0.197,0.19077545
10109,model_6,0.2793,0.16229688
10110,model_6,0.0949,0.101775706
10111,model_6,0.0941,0.11701027
10112,model_6,0.2681,0.20796438
10113,model_6,0.1506,0.18019895
10114,model_6,0.541,0.50817645
10115,model_6,-0.197,-0.15920761
10116,model_6,0.0207,0.05315984
10117,model_6,0.1612,0.095501825
10118,model_6,0.2976,0.2276869
10119,model_6,0.1053,0.008616712
10120,model_6,0.0605,0.06897269
10121,model_6,0.203,0.26541555
10122,model_6,0.5301,0.5561606
10123,model_6,0.0644,0.06549989
10124,model_6,0.0101,0.16076066
10125,model_6,0.0735,0.07965915
10126,model_6,0.2993,0.37275743
10127,model_6,0.2165,0.18869331
10128,model_6,0.1326,0.11897265
10129,model_6,0.2096,0.22633848
10130,model_6,0.2176,0.2186988
10131,model_6,0.0781,0.15104684
10132,model_6,0.5963,0.5657228
10133,model_6,0.4866,0.52333486
10134,model_6,0.0308,0.06994559
10135,model_6,0.1031,0.14821666
10136,model_6,0.5107,0.50234175
10137,model_6,0.1572,0.1857856
10138,model_6,0.0631,0.1306681
10139,model_6,0.0194,0.06431699
10140,model_6,0.2488,0.18661094
10141,model_6,0.3295,0.18762134
10142,model_6,0.0123,0.05046729
10143,model_6,0.3926,0.3909176
10144,model_6,0.494,0.481004
10145,model_6,-0.0401,-0.009519244
10146,model_6,0.4773,0.10778306
10147,model_6,0.3363,0.31552634
10148,model_6,0.0693,0.07323426
10149,model_6,0.095,0.104611784
10150,model_6,-0.0204,-0.04468824
10151,model_6,0.4606,0.44472563
10152,model_6,0.2732,0.21428418
10153,model_6,-0.221,-0.10889497
10154,model_6,0.2259,0.20692341
10155,model_6,0.1978,0.21067686
10156,model_6,0.8971,0.92228025
10157,model_6,0.3388,0.42353362
10158,model_6,0.0889,0.06911179
10159,model_6,0.3391,0.35403332
10160,model_6,0.347,0.32935584
10161,model_6,-0.0311,-0.05815864
10162,model_6,0.0086,0.018725704
10163,model_6,0.2081,0.28090426
10164,model_6,0.3199,0.32003006
10165,model_6,0.3753,0.30759197
10166,model_6,0.571,0.51997524
10167,model_6,0.2248,0.15103874
10168,model_6,0.4147,0.4026203
10169,model_6,0.0817,0.17273399
10170,model_6,0.1542,0.116484985
10171,model_6,0.3194,0.40485162
10172,model_6,0.1097,0.11849787
10173,model_6,0.1974,0.12502351
10174,model_6,0.1406,0.14902999
10175,model_6,0.3283,0.27581936
10176,model_6,-0.0121,0.0117793325
10177,model_6,0.816,0.8647589
10178,model_6,0.0789,0.16267605
10179,model_6,-0.0363,-0.13124573
10180,model_6,0.1535,0.12786238
10181,model_6,0.3245,0.40145558
10182,model_6,0.005,0.07731379
10183,model_6,0.079,0.089065455
10184,model_6,0.2828,0.2931896
10185,model_6,0.6512,0.62385297
10186,model_6,0.0492,0.07580911
10187,model_6,0.3056,0.26870486
10188,model_6,0.1809,0.17777275
10189,model_6,0.1179,0.012642028
10190,model_6,0.3913,0.29162696
10191,model_6,0.3729,0.39143044
10192,model_6,0.1774,0.15958472
10193,model_6,0.078,0.04549731
10194,model_6,0.0252,0.0396093
10195,model_6,0.1526,0.100007415
10196,model_6,0.0115,0.2636594
10197,model_6,0.9149,0.90867394
10198,model_6,0.2847,0.25865415
10199,model_6,0.2467,0.20655192
10200,model_6,0.2093,0.2522678
10201,model_6,0.1879,0.1255615
10202,model_6,0.1796,0.23914689
10203,model_6,0.2218,0.23775591
10204,model_6,0.5081,0.53925306
10205,model_6,0.0782,0.10164336
10206,model_6,0.1901,0.24076745
10207,model_6,0.6441,0.6909661
10208,model_6,0.0603,0.06107266
10209,model_6,0.0707,0.07600196
10210,model_6,-0.0354,-0.047180783
10211,model_6,0.1585,0.19486657
10212,model_6,0.0387,0.03904231
10213,model_6,0.0831,0.094200335
10214,model_6,0.2568,0.32920066
10215,model_6,0.0097,0.02636101
10216,model_6,0.3818,0.374482
10217,model_6,0.316,0.25959128
10218,model_6,-0.1671,-0.18337001
10219,model_6,-0.2004,-0.12832771
10220,model_6,0.0032,0.013783997
10221,model_6,0.1909,0.18527201
10222,model_6,0.0881,0.10418428
10223,model_6,0.3561,0.2598344
10224,model_6,0.0406,0.035550915
10225,model_6,0.3386,0.30554217
10226,model_6,0.4512,0.36867356
10227,model_6,0.3188,0.2791824
10228,model_6,-0.0581,-0.064304896
10229,model_6,0.1224,0.09098445
10230,model_6,0.2503,0.24748303
10231,model_6,0.3742,0.39273447
10232,model_6,0.2559,0.30090156
10233,model_6,0.251,0.22495133
10234,model_6,0.8897,0.8802209
10235,model_6,0.2299,0.24824217
10236,model_6,0.3352,0.35336816
10237,model_6,0.2725,0.17030779
10238,model_6,-0.0393,0.077390626
10239,model_6,0.341,0.27295917
10240,model_6,-0.1158,-0.07322606
10241,model_6,0.1794,0.20883575
10242,model_6,0.6834,0.69612914
10243,model_6,0.0123,0.016117616
10244,model_6,0.0318,0.055174526
10245,model_6,0.4215,0.39524278
10246,model_6,0.1461,0.09833457
10247,model_6,0.4939,0.5295598
10248,model_6,0.2,0.23790814
10249,model_6,-0.0005,0.008285509
10250,model_6,0.2523,0.116067424
10251,model_6,0.3581,0.40098077
10252,model_6,0.0932,0.095550306
10253,model_6,0.3157,0.34437048
10254,model_6,0.3824,0.41423303
10255,model_6,0.2338,0.3072406
10256,model_6,0.7108,0.7073874
10257,model_6,0.273,0.12797959
10258,model_6,0.7293,0.7193404
10259,model_6,0.0767,0.038444486
10260,model_6,0.2564,0.2605692
10261,model_6,0.2476,0.2648517
10262,model_6,0.2067,0.18686023
10263,model_6,0.1913,0.1745816
10264,model_6,0.0675,0.042672623
10265,model_6,-0.0054,-0.0284555
10266,model_6,0.2115,0.23211233
10267,model_6,0.13,0.15579242
10268,model_6,0.4002,0.3820604
10269,model_6,0.2019,0.17862116
10270,model_6,0.2081,0.18779777
10271,model_6,0.1041,0.09435394
10272,model_6,0.2262,0.27639583
10273,model_6,0.2419,0.32190922
10274,model_6,0.1488,0.12300898
10275,model_6,0.4167,0.43809086
10276,model_6,0.3476,0.31672516
10277,model_6,0.1692,0.12413295
10278,model_6,0.0908,0.09869924
10279,model_6,0.4398,0.46646655
10280,model_6,0.1441,0.20166491
10281,model_6,-0.151,-0.19653915
10282,model_6,0.2805,-0.010634305
10283,model_6,0.0563,0.06017786
10284,model_6,-0.0013,0.026981756
10285,model_6,0.3462,0.28090847
10286,model_6,0.1595,0.16871765
10287,model_6,0.1481,0.12608849
10288,model_6,0.1656,0.1466147
10289,model_6,0.882,0.9194675
10290,model_6,0.4558,0.43548685
10291,model_6,-0.0536,-0.027167078
10292,model_6,0.1436,0.13642472
10293,model_6,0.1817,0.14540422
10294,model_6,0.1295,0.21143602
10295,model_6,0.0757,0.01774279
10296,model_6,0.1167,0.16416213
10297,model_6,0.0541,0.0890124
10298,model_6,0.0337,-0.05155934
10299,model_6,0.6602,0.6384801
10300,model_6,0.0268,0.016515631
10301,model_6,0.0422,0.030741733
10302,model_6,0.1782,0.09989983
10303,model_6,0.4441,0.46192914
10304,model_6,0.0323,0.03172517
10305,model_6,0.6639,0.61207217
10306,model_6,0.0376,0.07466234
10307,model_6,0.5638,0.5369441
10308,model_6,0.2352,0.23356739
10309,model_6,0.0876,-0.013372583
10310,model_6,-0.1387,-0.15427211
10311,model_6,0.5722,0.581216
10312,model_6,0.2226,0.16876088
10313,model_6,0.8884,0.85955805
10314,model_6,0.227,0.15266576
10315,model_6,0.2463,0.19048801
10316,model_6,0.5207,0.49790186
10317,model_6,0.3029,0.30362725
10318,model_6,0.2458,0.25078118
10319,model_6,0.0555,-0.027436692
10320,model_6,0.2703,0.3257049
10321,model_6,0.1372,0.18750517
10322,model_6,-0.076,-0.11255739
10323,model_6,0.2013,0.12800592
10324,model_6,0.1571,0.11288336
10325,model_6,0.2774,0.28518337
10326,model_6,0.7497,0.76374054
10327,model_6,0.3513,0.18988669
10328,model_6,0.1974,0.22560477
10329,model_6,0.0347,0.045110226
10330,model_6,-0.1634,-0.15716764
10331,model_6,0.0919,-0.023580525
10332,model_6,0.2581,0.12857279
10333,model_6,0.2677,0.23771562
10334,model_6,0.6615,0.6298389
10335,model_6,0.2844,0.38319638
10336,model_6,0.2768,0.31556872
10337,model_6,0.0322,0.035847325
10338,model_6,0.4114,0.3727072
10339,model_6,0.2891,0.2997756
10340,model_6,-0.1213,-0.10069772
10341,model_6,0.0137,0.032970846
10342,model_6,0.4425,0.47232777
10343,model_6,0.171,0.1634215
10344,model_6,-0.1109,-0.08469564
10345,model_6,0.3187,0.32353944
10346,model_6,0.034,0.11055239
10347,model_6,0.0391,0.04010421
10348,model_6,0.278,0.30852753
10349,model_6,-0.0065,-0.008576985
10350,model_6,0.0317,0.007914279
10351,model_6,0.2692,0.29069343
10352,model_6,0.3194,0.28790575
10353,model_6,0.0552,-0.06574577
10354,model_6,0.1209,0.06345108
10355,model_6,0.2694,0.31662515
10356,model_6,0.2114,0.17508551
10357,model_6,0.0968,0.03494079
10358,model_6,0.2243,0.19165707
10359,model_6,0.1315,0.16413596
10360,model_6,0.4578,0.41184625
10361,model_6,0.7186,0.7131899
10362,model_6,0.7336,0.74819016
10363,model_6,0.2202,0.2775875
10364,model_6,0.2336,0.2392586
10365,model_6,0.1791,0.18677393
10366,model_6,0.5939,0.59187025
10367,model_6,0.4736,0.5070866
10368,model_6,0.6839,0.78009
10369,model_6,0.4972,0.5041911
10370,model_6,0.0961,0.09737073
10371,model_6,0.0988,0.14474647
10372,model_6,0.3287,0.32832196
10373,model_6,0.3233,0.23736362
10374,model_6,-0.0581,0.06692839
10375,model_6,0.0896,0.1186934
10376,model_6,0.6775,0.747289
10377,model_6,0.3069,0.22174123
10378,model_6,-0.0195,-0.08511211
10379,model_6,0.0418,0.0064405226
10380,model_6,0.1425,0.19178471
10381,model_6,-0.1394,-0.18834706
10382,model_6,0.5988,0.57133615
10383,model_6,-0.047,-0.096624464
10384,model_6,0.0816,0.019992078
10385,model_6,0.2695,0.12042776
10386,model_6,0.1244,0.08764401
10387,model_6,0.1779,0.17696306
10388,model_6,0.6033,0.59622806
10389,model_6,0.1064,0.094911955
10390,model_6,0.046,0.07693036
10391,model_6,0.1202,0.07093601
10392,model_6,0.5019,0.39697033
10393,model_6,0.0017,0.04537159
10394,model_6,0.3738,0.38675964
10395,model_6,0.0798,0.07162049
10396,model_6,0.3139,0.31942937
10397,model_6,0.2962,0.28322896
10398,model_6,0.4756,0.49926716
10399,model_6,0.1559,0.17969419
10400,model_6,0.8671,0.8129672
10401,model_6,0.0357,0.02092893
10402,model_6,0.0232,0.015043991
10403,model_6,0.2867,0.30268383
10404,model_6,0.2936,0.2919901
10405,model_6,0.3752,0.36153623
10406,model_6,0.3892,0.32053825
10407,model_6,0.0857,0.12899767
10408,model_6,-0.1297,-0.104153305
10409,model_6,0.3019,0.3087617
10410,model_6,0.0906,-0.0069637853
10411,model_6,0.0705,0.048806597
10412,model_6,0.0892,0.10190721
10413,model_6,0.0534,0.015071509
10414,model_6,0.3242,0.28003314
10415,model_6,0.4617,0.4111787
10416,model_6,-0.1094,-0.018833108
10417,model_6,0.2628,0.33417895
10418,model_6,0.4246,0.31537244
10419,model_6,0.3841,0.39176798
10420,model_6,0.0125,0.09084417
10421,model_6,0.2735,0.2917239
10422,model_6,0.3603,0.3191311
10423,model_6,0.7488,0.6317727
10424,model_6,0.3669,0.38409665
10425,model_6,0.4798,0.4011594
10426,model_6,0.2088,0.21812712
10427,model_6,0.2065,0.32362002
10428,model_6,0.4067,0.40636298
10429,model_6,0.4177,0.33996755
10430,model_6,0.05,0.073870674
10431,model_6,-0.0858,-0.13085027
10432,model_6,0.3011,0.31822836
10433,model_6,0.0367,0.019270351
10434,model_6,0.1726,0.155177
10435,model_6,0.2722,0.26858675
10436,model_6,0.007,-0.043922234
10437,model_6,0.1991,0.13352256
10438,model_6,0.1447,0.14002675
10439,model_6,0.9204,0.9657412
10440,model_6,0.1682,0.24498026
10441,model_6,0.3648,0.2955409
10442,model_6,0.0616,0.09028609
10443,model_6,0.9915,0.9601421
10444,model_6,-0.013,0.014986854
10445,model_6,0.4678,0.42860708
10446,model_6,0.4732,0.49076235
10447,model_6,0.1624,0.29959095
10448,model_6,0.0874,0.07325956
10449,model_6,0.2213,0.22393245
10450,model_6,0.1921,0.10514936
10451,model_6,0.6105,0.63203806
10452,model_6,0.2677,0.29048932
10453,model_6,0.0104,0.03562399
10454,model_6,0.2394,0.20102435
10455,model_6,0.2982,0.27904665
10456,model_6,0.0512,0.03204473
10457,model_6,0.4783,0.4589702
10458,model_6,-0.0343,-0.046261456
10459,model_6,-0.0991,-0.049351636
10460,model_6,-0.1123,-0.110675976
10461,model_6,0.2391,0.22035311
10462,model_6,0.5738,0.5596104
10463,model_6,0.2239,0.10435422
10464,model_6,0.051,0.04596745
10465,model_6,-0.1367,-0.18462978
10466,model_6,0.3705,0.33938906
10467,model_6,0.1093,0.07776365
10468,model_6,0.1749,0.18898867
10469,model_6,0.1765,0.18893589
10470,model_6,0.0555,0.09688016
10471,model_6,0.2369,0.22884847
10472,model_6,0.0737,0.049433824
10473,model_6,0.0739,0.11896792
10474,model_6,0.0349,0.26843533
10475,model_6,0.1911,0.18830395
10476,model_6,0.4731,0.4191488
10477,model_6,0.6034,0.56592405
10478,model_6,0.1201,0.109385826
10479,model_6,0.4201,0.41795412
10480,model_6,0.0998,0.07378585
10481,model_6,0.3019,0.28005883
10482,model_6,0.2721,0.31274283
10483,model_6,0.5276,0.52667433
10484,model_6,-0.1083,-0.086334355
10485,model_6,0.2696,0.21005939
10486,model_6,-0.0311,0.026468026
10487,model_6,0.2508,0.2809753
10488,model_6,0.3039,0.31902707
10489,model_6,-0.0314,0.011385424
10490,model_6,0.3863,0.38732302
10491,model_6,0.1919,0.23282221
10492,model_6,-0.0266,-0.02688175
10493,model_6,-0.0687,-0.09250407
10494,model_6,0.3339,0.3047316
10495,model_6,0.0969,0.20822152
10496,model_6,0.7938,0.75981575
10497,model_6,0.5657,0.56651545
10498,model_6,0.1286,0.115373835
10499,model_6,0.3885,0.39165324
10500,model_6,-0.0489,-0.026326466
10501,model_6,0.255,0.24600849
10502,model_6,0.0386,0.04043083
10503,model_6,0.5836,0.57466286
10504,model_6,0.3233,0.27709663
10505,model_6,0.4311,0.5491046
10506,model_6,0.0128,-0.032832798
10507,model_6,0.0126,0.028159406
10508,model_6,0.2527,0.3638441
10509,model_6,0.0752,0.08329325
10510,model_6,0.334,0.27048817
10511,model_6,0.0758,0.08425166
10512,model_6,0.3366,0.33300105
10513,model_6,0.1089,0.109572135
10514,model_6,0.1692,0.096510604
10515,model_6,0.2228,0.2600659
10516,model_6,0.0287,0.04857639
10517,model_6,0.4356,0.22055832
10518,model_6,0.0859,0.061247557
10519,model_6,0.6341,0.57603234
10520,model_6,0.0561,0.0226515
10521,model_6,0.0566,0.0702245
10522,model_6,0.1331,0.14399359
10523,model_6,0.066,0.088383414
10524,model_6,0.0936,0.11624714
10525,model_6,0.2449,0.2628119
10526,model_6,-0.0098,0.02066849
10527,model_6,0.1675,0.14306694
10528,model_6,0.4185,0.4238072
10529,model_6,0.1566,0.128304
10530,model_6,0.3762,0.34123528
10531,model_6,-0.0079,-0.08052948
10532,model_6,0.0353,0.04237471
10533,model_6,0.1644,0.09636927
10534,model_6,0.0658,0.12770712
10535,model_6,0.3621,0.4155766
10536,model_6,0.1763,0.263404
10537,model_6,0.2067,0.20765159
10538,model_6,0.3036,0.24546325
10539,model_6,0.1705,0.17379573
10540,model_6,0.0643,0.047647398
10541,model_6,0.2181,0.2379859
10542,model_6,0.359,0.3060029
10543,model_6,0.7038,0.69169325
10544,model_6,0.0609,0.14704052
10545,model_6,-0.0449,-0.025785644
10546,model_6,0.1028,0.0922496
10547,model_6,0.1165,0.10504155
10548,model_6,0.1325,0.14165178
10549,model_6,0.4258,0.44812036
10550,model_6,0.113,0.097205505
10551,model_6,0.2893,0.30926123
10552,model_6,0.0332,0.07710616
10553,model_6,0.417,0.4244275
10554,model_6,0.0296,0.0064415582
10555,model_6,0.3096,0.33582318
10556,model_6,0.4775,0.4023055
10557,model_6,0.0254,0.033144027
10558,model_6,-0.0355,-0.11722623
10559,model_6,0.1213,0.09915645
10560,model_6,0.1306,0.098192744
10561,model_6,0.0947,0.10059213
10562,model_6,0.0422,-0.0389673
10563,model_6,-0.1869,-0.18785353
10564,model_6,0.0338,0.027216785
10565,model_6,0.093,0.082904056
10566,model_6,0.4244,0.39626074
10567,model_6,0.146,0.13567007
10568,model_6,0.2625,0.29147947
10569,model_6,0.6186,0.6305742
10570,model_6,0.6094,0.47754687
10571,model_6,-0.155,-0.16729875
10572,model_6,-0.0334,0.018965013
10573,model_6,0.1951,0.23237616
10574,model_6,0.2711,0.34877923
10575,model_6,0.0548,0.105595276
10576,model_6,0.754,0.7758881
10577,model_6,-0.0088,-0.029250436
10578,model_6,0.353,0.36957717
10579,model_6,0.2414,0.15980585
10580,model_6,0.2154,0.23507814
10581,model_6,0.0493,0.11090822
10582,model_6,0.3207,0.29118598
10583,model_6,0.1382,0.1601323
10584,model_6,-0.1783,-0.16493869
10585,model_6,0.8257,0.83014274
10586,model_6,0.4864,0.5684517
10587,model_6,0.6914,0.5568267
10588,model_6,0.1373,0.24586818
10589,model_6,0.2125,0.20017458
10590,model_6,0.2492,0.21066152
10591,model_6,0.5314,0.50633794
10592,model_6,0.4265,0.42895377
10593,model_6,0.3585,0.35545826
10594,model_6,-0.0642,-0.06365633
10595,model_6,0.102,0.13600206
10596,model_6,0.8595,0.8642184
10597,model_6,0.2612,0.146445
10598,model_6,0.4236,0.36132595
10599,model_6,0.1992,0.18706499
10600,model_6,0.4507,0.4259141
10601,model_6,0.7115,0.7400764
10602,model_6,-0.1164,-0.085404314
10603,model_6,0.195,0.09696074
10604,model_6,-0.0374,-0.024987184
10605,model_6,0.2711,0.30091318
10606,model_6,-0.0186,-0.0005379147
10607,model_6,0.2629,0.30114448
10608,model_6,0.0375,0.058950167
10609,model_6,-0.0356,-0.07864745
10610,model_6,0.1238,0.0023604878
10611,model_6,-0.0333,-0.046033308
10612,model_6,0.3234,0.33473316
10613,model_6,0.1518,0.15011051
10614,model_6,0.2643,0.24823835
10615,model_6,0.1736,0.14812313
10616,model_6,0.5562,0.4642589
10617,model_6,0.6766,0.65863043
10618,model_6,0.8419,0.8675985
10619,model_6,0.387,0.35171682
10620,model_6,0.8076,0.8247444
10621,model_6,0.1448,0.1381266
10622,model_6,-0.0785,-0.025684923
10623,model_6,0.6639,0.66691726
10624,model_6,0.0613,0.15314397
10625,model_6,-0.0464,-0.07620949
10626,model_6,0.3354,0.32676128
10627,model_6,0.2963,0.2965906
10628,model_6,0.2019,0.18965766
10629,model_6,0.1824,0.18597974
10630,model_6,0.1763,0.14652385
10631,model_6,0.2625,0.27360865
10632,model_6,-0.0045,-0.10841316
10633,model_6,0.1073,0.09168012
10634,model_6,0.187,0.22866823
10635,model_6,0.0886,0.14644936
10636,model_6,-0.0699,0.061385494
10637,model_6,0.1262,0.2636181
10638,model_6,0.4338,0.3875053
10639,model_6,0.4657,0.44280455
10640,model_6,0.6045,0.65948886
10641,model_6,-0.0867,-0.12126981
10642,model_6,0.3523,0.31103617
10643,model_6,-0.0355,-0.12770395
10644,model_6,0.318,0.30946693
10645,model_6,0.2709,0.27854782
10646,model_6,0.3761,0.3801848
10647,model_6,-0.1246,-0.1067767
10648,model_6,0.1193,0.11001542
10649,model_6,0.1881,0.1865737
10650,model_6,0.3726,0.39553872
10651,model_6,0.6418,0.69419384
10652,model_6,0.256,0.2181276
10653,model_6,0.2293,0.19361044
10654,model_6,0.115,0.10807235
10655,model_6,0.7218,0.72675425
10656,model_6,0.1697,0.1910176
10657,model_6,0.375,0.37013704
10658,model_6,0.4355,0.46123356
10659,model_6,0.1799,0.16798423
10660,model_6,0.1048,0.0980218
10661,model_6,0.2793,0.2715429
10662,model_6,0.0345,0.051879022
10663,model_6,-0.0262,-0.0069477963
10664,model_6,0.0416,-0.008586571
10665,model_6,1.0144,0.9971643
10666,model_6,0.2524,0.2261234
10667,model_6,-0.0124,-0.030790541
10668,model_6,-0.1637,-0.22061503
10669,model_6,0.1381,0.12197299
10670,model_6,0.6514,0.6464548
10671,model_6,-0.0627,-0.03925559
10672,model_6,0.4353,0.43240258
10673,model_6,0.1745,0.13715728
10674,model_6,0.122,0.18853758
10675,model_6,0.2754,0.26108077
10676,model_6,0.111,0.11954414
10677,model_6,0.4005,0.3756264
10678,model_6,0.475,0.4201732
10679,model_6,0.3676,0.34840226
10680,model_6,0.0766,0.112359926
10681,model_6,0.6857,0.66049373
10682,model_6,0.6249,0.6266196
10683,model_6,0.2694,0.2572297
10684,model_6,0.233,0.2236885
10685,model_6,0.353,0.36532038
10686,model_6,-0.0391,0.0003451961
10687,model_6,0.1883,0.19293131
10688,model_6,0.2604,0.25293997
10689,model_6,0.2336,0.15051296
10690,model_6,0.6381,0.6102156
10691,model_6,0.0683,0.075021334
10692,model_6,0.0146,0.08075459
10693,model_6,-0.0181,0.0025469824
10694,model_6,0.1454,0.15212715
10695,model_6,-0.0251,-0.05686428
10696,model_6,-0.1216,-0.16326895
10697,model_6,0.2582,0.23996903
10698,model_6,0.1739,0.21020555
10699,model_6,0.1532,0.10957633
10700,model_6,0.2166,0.21205306
10701,model_6,0.1988,0.21326406
10702,model_6,0.1604,0.15565537
10703,model_6,0.724,0.7488329
10704,model_6,0.0657,0.10905693
10705,model_6,0.5618,0.5009364
10706,model_6,-0.0271,-0.07810913
10707,model_6,0.1773,0.17933449
10708,model_6,0.3252,0.361166
10709,model_6,0.198,0.2072594
10710,model_6,-0.0942,-0.055675153
10711,model_6,0.6169,0.61002475
10712,model_6,0.0827,0.07790402
10713,model_6,0.4194,0.39324147
10714,model_6,0.1056,0.073372364
10715,model_6,-0.016,-0.009518739
10716,model_6,-0.0152,0.057316825
10717,model_6,0.1894,0.20108813
10718,model_6,0.5376,0.5621068
10719,model_6,0.4014,0.27172595
10720,model_6,0.8186,0.82136506
10721,model_6,-0.0249,-0.0044549215
10722,model_6,-0.0612,-0.031068768
10723,model_6,-0.206,-0.20707431
10724,model_6,0.5272,0.5270195
10725,model_6,0.2488,0.26335943
10726,model_6,0.1423,0.15710063
10727,model_6,-0.0698,-0.1506281
10728,model_6,0.1052,0.108509876
10729,model_6,0.0292,0.03719687
10730,model_6,0.0857,0.10973142
10731,model_6,0.2841,0.28005978
10732,model_6,0.1528,0.080546655
10733,model_6,0.4868,0.39061433
10734,model_6,0.0453,0.037437342
10735,model_6,0.5002,0.4490117
10736,model_6,0.2072,0.23470712
10737,model_6,0.1822,0.20031056
10738,model_6,0.2111,0.19712341
10739,model_6,0.2864,0.28848794
10740,model_6,0.0528,0.101666994
10741,model_6,0.3802,0.43294784
10742,model_6,0.5333,0.5141899
10743,model_6,0.2706,0.2931954
10744,model_6,-0.1413,-0.2194571
10745,model_6,0.1266,0.08495286
10746,model_6,0.1285,0.12827517
10747,model_6,0.3442,0.36379558
10748,model_6,0.3737,0.39966077
10749,model_6,0.2735,0.30981407
10750,model_6,0.362,0.39114064
10751,model_6,0.0378,0.018918797
10752,model_6,0.3053,0.49544555
10753,model_6,0.2755,0.18204556
10754,model_6,0.2456,0.2640039
10755,model_6,0.2428,0.2749213
10756,model_6,0.4214,0.43612295
10757,model_6,-0.0668,-0.04069179
10758,model_6,0.072,0.08468953
10759,model_6,0.4906,0.5126677
10760,model_6,0.7962,0.8260276
10761,model_6,0.1824,0.24636215
10762,model_6,0.0267,0.0044004084
10763,model_6,-0.0807,-0.10966835
10764,model_6,0.2998,0.30357358
10765,model_6,0.7914,0.84799796
10766,model_6,0.5554,0.58249193
10767,model_6,0.6613,0.6485862
10768,model_6,0.1391,0.15130022
10769,model_6,0.0907,0.09565595
10770,model_6,0.4981,0.35507587
10771,model_6,0.1138,0.13407716
10772,model_6,0.2464,0.26842028
10773,model_6,0.1193,0.2736687
10774,model_6,0.1552,0.102948695
10775,model_6,0.1722,-0.03195911
10776,model_6,0.4893,0.38828048
10777,model_6,0.4786,0.5288979
10778,model_6,0.5731,0.57937664
10779,model_6,0.3182,0.31086254
10780,model_6,0.1024,0.13357453
10781,model_6,0.834,0.83067924
10782,model_6,0.0119,0.028175421
10783,model_6,-0.0682,-0.047008686
10784,model_6,0.2639,0.26131713
10785,model_6,0.0865,0.06654507
10786,model_6,0.3875,0.37324274
10787,model_6,0.6545,0.6203181
10788,model_6,-0.0593,0.015725674
10789,model_6,0.5307,0.5586634
10790,model_6,0.4603,0.45294535
10791,model_6,0.3729,0.28837642
10792,model_6,0.3442,0.357101
10793,model_6,0.2174,0.2466521
10794,model_6,0.1505,0.11716371
10795,model_6,0.4155,0.36218902
10796,model_6,-0.1341,-0.065598615
10797,model_6,0.3035,0.32580188
10798,model_6,0.2483,0.19718647
10799,model_6,0.3472,0.32400763
10800,model_6,0.4148,0.4451619
10801,model_6,0.074,0.17946883
10802,model_6,0.1852,0.18333463
10803,model_6,0.0474,0.035202138
10804,model_6,-0.2197,-0.17624079
10805,model_6,0.2903,0.2587585
10806,model_6,0.0917,0.048872266
10807,model_6,0.0484,0.06779242
10808,model_6,0.1054,0.12795864
10809,model_6,0.1959,0.17253657
10810,model_6,0.2398,0.28885365
10811,model_6,0.0737,0.06620696
10812,model_6,0.2692,0.42067268
10813,model_6,0.3841,0.38852564
10814,model_6,0.6215,0.6099328
10815,model_6,0.0801,0.07163512
10816,model_6,0.0483,0.078027144
10817,model_6,0.3929,0.47501546
10818,model_6,0.1631,0.16219488
10819,model_6,0.0222,0.030764408
10820,model_6,0.4742,0.24908292
10821,model_6,0.2134,0.15660095
10822,model_6,0.1285,0.07446906
10823,model_6,0.2461,0.2749201
10824,model_6,0.6245,0.6499117
10825,model_6,0.0083,0.03867991
10826,model_6,0.2612,0.3147849
10827,model_6,0.2475,0.27956906
10828,model_6,0.0566,-0.0038689761
10829,model_6,0.2895,0.38813293
10830,model_6,0.3308,0.33718756
10831,model_6,0.2631,0.2727784
10832,model_6,-0.2061,-0.22533235
10833,model_6,0.1494,0.12800252
10834,model_6,-0.0297,0.061485227
10835,model_6,0.1774,0.15604162
10836,model_6,0.0808,0.16343066
10837,model_6,0.114,0.09173943
10838,model_6,0.0987,0.08728072
10839,model_6,-0.0136,0.02996767
10840,model_6,0.1174,0.11262947
10841,model_6,0.3768,0.3319735
10842,model_6,0.2963,0.3140372
10843,model_6,0.1514,0.107782364
10844,model_6,0.2605,0.30025607
10845,model_6,0.1416,0.13607791
10846,model_6,0.0,0.04438271
10847,model_6,0.2481,0.17669705
10848,model_6,0.4925,0.549974
10849,model_6,0.4123,0.41287643
10850,model_6,0.2293,0.16016248
10851,model_6,0.1969,0.2503245
10852,model_6,0.5025,0.41748416
10853,model_6,0.0838,0.08372718
10854,model_6,0.103,0.10484777
10855,model_6,0.3434,0.2019105
10856,model_6,0.2999,0.298192
10857,model_6,-0.2141,-0.28684756
10858,model_6,0.0386,0.06746972
10859,model_6,0.2813,0.22938493
10860,model_6,0.3179,0.19957855
10861,model_6,0.1665,0.23106143
10862,model_6,0.068,0.084938966
10863,model_6,0.1639,0.1711522
10864,model_6,0.1427,0.124644
10865,model_6,0.352,0.3686288
10866,model_6,0.3143,0.21943451
10867,model_6,0.4993,0.47129363
10868,model_6,0.1926,0.1827232
10869,model_6,0.2297,0.22338055
10870,model_6,0.0957,0.06278852
10871,model_6,0.0873,0.06327025
10872,model_6,0.2542,0.33269817
10873,model_6,0.3934,0.35279274
10874,model_6,0.4205,0.18820488
10875,model_6,0.2097,0.24413688
10876,model_6,-0.0093,0.01798856
10877,model_6,-0.064,-0.03374633
10878,model_6,-0.0638,-0.03798276
10879,model_6,0.5304,0.45461965
10880,model_6,0.1782,0.19144963
10881,model_6,0.0668,0.06408469
10882,model_6,-0.0223,-0.046182726
10883,model_6,0.0224,0.02840723
10884,model_6,0.0633,0.043533042
10885,model_6,0.1513,0.1717402
10886,model_6,0.1875,0.12900312
10887,model_6,0.2298,0.24945363
10888,model_6,0.5945,0.60850865
10889,model_6,0.405,0.37514228
10890,model_6,0.1843,0.23596947
10891,model_6,0.2151,0.30110925
10892,model_6,0.4072,0.41190326
10893,model_6,1.0229,1.0208657
10894,model_6,0.2465,0.25531858
10895,model_6,0.3792,0.351903
10896,model_6,0.1214,0.028965488
10897,model_6,0.2769,0.2845487
10898,model_6,0.4407,0.44372052
10899,model_6,0.005,0.044000987
10900,model_6,0.136,0.18291171
10901,model_6,0.3105,0.29650435
10902,model_6,0.205,0.14959496
10903,model_6,0.3226,0.3201538
10904,model_6,0.2561,0.26970574
10905,model_6,0.2626,0.23956236
10906,model_6,0.0762,0.08495783
10907,model_6,0.3176,0.28098017
10908,model_6,0.1217,0.10984614
10909,model_6,0.3185,0.31727692
10910,model_6,0.3052,0.39389208
10911,model_6,0.3909,0.37368336
10912,model_6,0.7971,0.7844178
10913,model_6,0.299,0.29566732
10914,model_6,0.4135,0.33283126
10915,model_6,0.0792,0.083233126
10916,model_6,0.9226,0.9159448
10917,model_6,0.1958,0.21032324
10918,model_6,0.1063,0.09614433
10919,model_6,0.156,0.15589672
10920,model_6,0.5999,0.43494543
10921,model_6,0.558,0.4907562
10922,model_6,0.2627,0.296051
10923,model_6,0.351,0.3893339
10924,model_6,0.1938,0.14578795
10925,model_6,0.4099,0.28401157
10926,model_6,0.0478,0.09530869
10927,model_6,0.0251,-0.021242224
10928,model_6,0.1263,0.15201584
10929,model_6,0.2461,0.3429727
10930,model_6,0.3564,0.29031658
10931,model_6,0.4621,0.44124502
10932,model_6,0.2537,0.38657993
10933,model_6,0.3808,0.41309616
10934,model_6,0.0143,0.02762769
10935,model_6,0.3736,0.37311348
10936,model_6,0.2683,0.25675097
10937,model_6,0.1603,0.17572676
10938,model_6,0.3838,0.3693707
10939,model_6,0.2206,0.2421955
10940,model_6,0.3103,0.37291184
10941,model_6,0.1545,0.17738223
10942,model_6,0.2975,0.27158323
10943,model_6,0.0213,0.062071044
10944,model_6,0.139,0.10598481
10945,model_6,-0.1196,-0.14478418
10946,model_6,0.427,0.4035849
10947,model_6,0.1902,0.2655221
10948,model_6,0.088,0.057877284
10949,model_6,0.1175,0.052986126
10950,model_6,0.2849,0.26002586
10951,model_6,0.1405,0.14464664
10952,model_6,0.7506,0.8364797
10953,model_6,0.3688,0.40167904
10954,model_6,0.3629,0.17585558
10955,model_6,0.3063,0.30036202
10956,model_6,0.0852,0.067414664
10957,model_6,0.3637,0.37854317
10958,model_6,0.0919,0.071057156
10959,model_6,0.0236,0.07313676
10960,model_6,0.7146,0.7287995
10961,model_6,0.173,0.2580826
10962,model_6,0.2916,0.24473773
10963,model_6,0.586,0.573813
10964,model_6,0.0704,0.038134135
10965,model_6,0.3744,0.36188468
10966,model_6,0.0507,0.007229028
10967,model_6,0.0398,0.09066441
10968,model_6,0.1713,0.17785574
10969,model_6,0.0504,0.090927646
10970,model_6,0.1171,0.12511225
10971,model_6,0.0365,0.043466818
10972,model_6,0.1831,0.1874637
10973,model_6,0.4958,0.4817444
10974,model_6,0.3801,0.3398788
10975,model_6,0.4758,0.43130994
10976,model_6,0.1422,0.17828628
10977,model_6,-0.0055,0.035791174
10978,model_6,0.228,0.2183558
10979,model_6,0.1197,0.06235091
10980,model_6,0.3709,0.35406935
10981,model_6,0.4927,0.46668422
10982,model_6,0.3543,0.2657282
10983,model_6,0.1241,0.15622634
10984,model_6,0.7845,0.7520994
10985,model_6,0.0084,0.04841728
10986,model_6,0.2433,0.28087902
10987,model_6,0.3002,0.28822637
10988,model_6,-0.045,-0.06217036
10989,model_6,0.809,0.85387
10990,model_6,-0.1874,-0.15240662
10991,model_6,0.0954,0.109889835
10992,model_6,0.0649,0.21177998
10993,model_6,0.0488,0.034637988
10994,model_6,0.0999,0.1082954
10995,model_6,0.4613,0.511222
10996,model_6,0.2215,0.22558649
10997,model_6,0.0279,-0.0115166195
10998,model_6,0.0804,0.064544596
10999,model_6,0.6824,0.748623
11000,model_6,0.1438,0.0868848
11001,model_6,0.3329,0.3372696
11002,model_6,-0.1231,-0.04499965
11003,model_6,0.4077,0.4032144
11004,model_6,0.098,0.09377241
11005,model_6,0.1445,0.06847124
11006,model_6,0.0494,0.05642024
11007,model_6,0.029,0.027965274
11008,model_6,0.4666,0.377606
11009,model_6,0.236,0.19341162
11010,model_6,0.2067,0.22130553
11011,model_6,0.1138,0.1401678
11012,model_6,0.0908,0.098801956
11013,model_6,0.0632,-0.011102965
11014,model_6,0.2981,0.23252346
11015,model_6,0.3582,0.3100925
11016,model_6,0.0888,0.10846699
11017,model_6,0.0949,0.17398612
11018,model_6,0.5858,0.5310599
11019,model_6,0.0634,0.078224674
11020,model_6,-0.0264,0.021567402
11021,model_6,0.1495,0.17989406
11022,model_6,-0.1293,0.025675854
11023,model_6,0.2242,0.36456415
11024,model_6,0.1476,0.19616179
11025,model_6,-0.1992,-0.14892088
11026,model_6,0.1129,0.14426658
11027,model_6,0.0901,0.13840272
11028,model_6,0.1168,0.018862128
11029,model_6,0.3422,0.23511949
11030,model_6,0.3234,0.32182607
11031,model_6,0.1595,0.13765833
11032,model_6,0.4481,0.42955664
11033,model_6,0.0839,0.08429284
11034,model_6,0.266,0.20281354
11035,model_6,0.3038,0.2897058
11036,model_6,0.0618,0.061692543
11037,model_6,-0.0563,-0.0904886
11038,model_6,-0.0696,0.112821154
11039,model_6,0.2162,0.15891708
11040,model_6,0.3247,0.30564332
11041,model_6,0.1945,0.22586647
11042,model_6,0.195,0.26280817
11043,model_6,0.0707,0.073683165
11044,model_6,0.0883,0.096580684
11045,model_6,0.6459,0.576376
11046,model_6,0.752,0.76227623
11047,model_6,0.0805,0.08627353
11048,model_6,0.4072,0.28523523
11049,model_6,0.1375,-0.013177954
11050,model_6,0.1063,0.064040035
11051,model_6,0.017,0.19787133
11052,model_6,0.2834,0.24012846
11053,model_6,0.1295,0.13984838
11054,model_6,0.1867,0.24403481
11055,model_6,0.2553,0.21832584
11056,model_6,0.1714,0.26766714
11057,model_6,0.0848,-0.16101126
11058,model_6,0.2484,0.25496608
11059,model_6,0.567,0.5874932
11060,model_6,0.3208,0.31376988
11061,model_6,0.1699,0.18547606
11062,model_6,0.0792,0.047250334
11063,model_6,-0.0587,-0.011209296
11064,model_6,0.32,0.4409091
11065,model_6,0.0676,0.1280196
11066,model_6,0.1869,0.20414685
11067,model_6,0.3516,0.36843598
11068,model_6,0.2406,0.27663767
11069,model_6,0.2365,0.26329973
11070,model_6,0.7883,0.687854
11071,model_6,0.0477,0.08250449
11072,model_6,-0.0058,-0.04212786
11073,model_6,0.0904,0.093464196
11074,model_6,0.216,0.21346241
11075,model_6,0.3624,0.27761805
11076,model_6,0.4707,0.485134
11077,model_6,0.4918,0.498646
11078,model_6,0.5266,0.5585331
11079,model_6,0.0428,0.059623484
11080,model_6,0.0559,0.069736764
11081,model_6,0.0011,0.0036548232
11082,model_6,0.3292,0.3859542
11083,model_6,0.6414,0.6944705
11084,model_6,0.0649,0.09426512
11085,model_6,0.2356,0.13739808
11086,model_6,0.2241,0.25101283
11087,model_6,-0.0184,0.074836716
11088,model_6,0.8583,0.8628907
11089,model_6,0.0865,0.06473675
11090,model_6,0.2614,0.24257343
11091,model_6,0.0702,0.059510987
11092,model_6,0.0818,0.06954931
11093,model_6,0.1874,0.20063226
11094,model_6,0.148,0.1816927
11095,model_6,0.5617,0.57372123
11096,model_6,-0.1217,-0.11274957
11097,model_6,0.3277,0.36521897
11098,model_6,0.13,0.12539545
11099,model_6,0.0293,0.028569892
11100,model_6,0.0576,0.07472527
11101,model_6,0.4101,0.43119332
11102,model_6,0.4201,0.41286165
11103,model_6,0.1497,0.11011983
11104,model_6,0.4107,0.39399576
11105,model_6,0.6921,0.64739275
11106,model_6,0.3037,0.34773695
11107,model_6,0.319,0.30031568
11108,model_6,-0.035,0.015808085
11109,model_6,0.1777,0.16357346
11110,model_6,-0.0038,0.051100027
11111,model_6,0.2415,0.25630024
11112,model_6,-0.0784,-0.07349997
11113,model_6,-0.1111,-0.027688049
11114,model_6,0.1459,0.11780823
11115,model_6,0.3786,0.37494877
11116,model_6,0.3347,0.40592855
11117,model_6,0.1828,0.1701052
11118,model_6,0.2818,0.29519588
11119,model_6,0.0881,0.09225948
11120,model_6,0.2557,0.25976446
11121,model_6,0.2929,0.30740103
11122,model_6,0.1651,0.15756726
11123,model_6,0.2267,0.2980807
11124,model_6,0.1507,0.18347275
11125,model_6,0.2934,0.17276043
11126,model_6,0.1462,0.15922269
11127,model_6,0.2023,0.21749544
11128,model_6,0.1702,0.21965086
11129,model_6,0.6418,0.65263534
11130,model_6,0.158,0.18670546
11131,model_6,0.2057,0.15648924
11132,model_6,0.0459,0.036172375
11133,model_6,0.6986,0.74475396
11134,model_6,0.2051,0.1839872
11135,model_6,0.3447,0.45205888
11136,model_6,0.0844,0.08173227
11137,model_6,0.1006,0.10647432
11138,model_6,0.4047,0.27349994
11139,model_6,0.0489,0.09079922
11140,model_6,0.5458,0.55162305
11141,model_6,0.3245,0.32486695
11142,model_6,0.1788,0.1615964
11143,model_6,0.0417,0.0938016
11144,model_6,0.0326,0.028351244
11145,model_6,0.3791,0.3611645
11146,model_6,0.2594,0.25979453
11147,model_6,0.4771,0.44655612
11148,model_6,0.192,0.22133103
11149,model_6,0.5103,0.46574062
11150,model_6,0.3477,0.30932388
11151,model_6,0.5277,0.60396963
11152,model_6,0.4144,0.42095077
11153,model_6,0.2183,0.1583736
11154,model_6,0.1394,0.16751151
11155,model_6,0.6138,0.62168443
11156,model_6,0.2474,0.32543036
11157,model_6,0.4536,0.42588997
11158,model_6,0.1421,0.14905746
11159,model_6,0.2981,0.16877405
11160,model_6,0.9825,0.95868987
11161,model_6,0.9298,0.943213
11162,model_6,0.6964,0.68366855
11163,model_6,0.3255,0.23199421
11164,model_6,0.3058,0.3299181
11165,model_6,-0.0787,-0.07354375
11166,model_6,0.7815,0.75332475
11167,model_6,0.5367,0.52307624
11168,model_6,0.2829,0.2695084
11169,model_6,0.1477,0.27945736
11170,model_6,0.2789,0.19853468
11171,model_6,0.1075,0.078840844
11172,model_6,0.1685,0.1384888
11173,model_6,-0.2613,0.5529285
11174,model_6,-0.0404,-0.026293453
11175,model_6,0.3044,0.34237793
11176,model_6,0.1926,0.1766775
11177,model_6,0.1838,0.22351706
11178,model_6,0.4107,0.37372983
11179,model_6,0.3862,0.40081254
11180,model_6,0.2354,0.20562041
11181,model_6,0.2961,0.28206724
11182,model_6,0.0942,0.080523886
11183,model_6,0.1184,0.0651382
11184,model_6,0.0921,0.18310863
11185,model_6,0.4291,0.40165532
11186,model_6,0.7201,0.77867717
11187,model_6,0.5858,0.62646204
11188,model_6,0.3869,0.34482607
11189,model_6,0.6304,0.63618046
11190,model_6,0.4408,0.46795225
11191,model_6,0.1854,0.17145301
11192,model_6,-0.0117,0.0812761
11193,model_6,0.7519,0.7892503
11194,model_6,0.1042,0.11896331
11195,model_6,0.3924,0.3402035
11196,model_6,0.431,0.4108391
11197,model_6,0.1218,0.23125345
11198,model_6,0.3164,0.25931108
11199,model_6,0.1226,0.14552733
11200,model_6,-0.0902,-0.112229526
11201,model_6,0.2505,0.1640929
11202,model_6,0.413,0.33939803
11203,model_6,0.1704,0.17547531
11204,model_6,-0.1821,-0.18472871
11205,model_6,0.401,0.355673
11206,model_6,0.5054,0.4603043
11207,model_6,0.1048,0.08070777
11208,model_6,0.3487,0.33571953
11209,model_6,0.0807,0.13281295
11210,model_6,0.2676,0.28803065
11211,model_6,0.0371,0.04336449
11212,model_6,0.3336,0.21767251
11213,model_6,0.2569,0.18682742
11214,model_6,0.348,0.24953169
11215,model_6,0.5071,0.5044425
11216,model_6,0.0782,0.10151635
11217,model_6,0.4709,0.37152356
11218,model_6,-0.0239,0.0065259845
11219,model_6,0.1928,0.23771833
11220,model_6,0.0225,0.10384654
11221,model_6,-0.0389,0.011450389
11222,model_6,0.4735,0.44120216
11223,model_6,0.1408,0.14642224
11224,model_6,0.8831,0.9968825
11225,model_6,0.037,-0.0074668634
11226,model_6,0.3199,0.19195561
11227,model_6,0.0834,0.02967911
11228,model_6,0.2327,0.23843864
11229,model_6,0.9058,0.8881645
11230,model_6,0.3432,0.35581326
11231,model_6,0.5666,0.55731595
11232,model_6,0.2939,0.227936
11233,model_6,0.1295,0.29526514
11234,model_6,0.0317,0.006099167
11235,model_6,0.3671,0.4350783
11236,model_6,0.1248,0.10144076
11237,model_6,0.6174,0.6073585
11238,model_6,0.0598,0.041484524
11239,model_6,0.1877,0.13522595
11240,model_6,0.105,0.09838188
11241,model_6,0.4395,0.43498835
11242,model_6,0.0908,0.11460214
11243,model_6,0.3508,0.4059395
11244,model_6,0.3978,0.34064662
11245,model_6,-0.1665,-0.104831845
11246,model_6,0.31,0.32530588
11247,model_6,0.4222,0.47827122
11248,model_6,0.1232,0.120117284
11249,model_6,0.3391,0.29313
11250,model_6,0.549,0.5411335
11251,model_6,0.1009,0.2479157
11252,model_6,-0.0518,-0.057305645
11253,model_6,-0.0276,-0.08503536
11254,model_6,0.2821,0.2650454
11255,model_6,0.7468,0.7291874
11256,model_6,-0.0742,-0.099650696
11257,model_6,0.1005,0.11848053
11258,model_6,0.1921,0.21377501
11259,model_6,0.8607,0.86882836
11260,model_6,0.7758,0.79373497
11261,model_6,0.2861,0.2910263
11262,model_6,0.2767,0.23045993
11263,model_6,0.0951,0.008212766
11264,model_6,0.5097,0.4980507
11265,model_6,0.0357,0.016341306
11266,model_6,-0.0165,0.07694568
11267,model_6,-0.1478,-0.18422
11268,model_6,0.1299,0.14602603
11269,model_6,0.2679,0.24727775
11270,model_6,0.0111,0.081287675
11271,model_6,-0.0681,-0.09383757
11272,model_6,0.1707,0.22203684
11273,model_6,0.3304,0.3436317
11274,model_6,0.3407,0.3524129
11275,model_6,0.398,0.3433331
11276,model_6,0.1057,0.123492226
11277,model_6,0.259,0.21111158
11278,model_6,0.3918,0.36444658
11279,model_6,0.4796,0.5470266
11280,model_6,0.0013,0.12892365
11281,model_6,0.1598,0.14519499
11282,model_6,0.5673,0.5336633
11283,model_6,-0.0845,-0.09288024
11284,model_6,0.188,0.17907694
11285,model_6,0.5427,0.49480468
11286,model_6,-0.1603,-0.16291644
11287,model_6,0.4978,0.5234182
11288,model_6,0.1261,0.11196545
11289,model_6,1.1149,1.0900812
11290,model_6,-0.1663,-0.10021365
11291,model_6,-0.0119,0.027891096
11292,model_6,-0.0326,-0.006341142
11293,model_6,0.3459,0.33580267
11294,model_6,0.0157,0.05730739
11295,model_6,0.4001,0.42666185
11296,model_6,-0.0279,0.01680268
11297,model_6,0.4198,0.44113654
11298,model_6,0.2493,0.25655708
11299,model_6,0.1426,0.20327842
11300,model_6,0.0584,0.028085496
11301,model_6,0.4356,0.3386587
11302,model_6,0.1632,0.16898394
11303,model_6,0.3685,0.34926564
11304,model_6,0.0774,0.09646931
11305,model_6,0.103,0.09421935
11306,model_6,0.091,0.16489206
11307,model_6,0.4157,0.34856215
11308,model_6,0.4915,0.4775886
11309,model_6,0.3208,0.3421305
11310,model_6,-0.0642,-0.053146746
11311,model_6,0.3818,0.4276951
11312,model_6,0.3244,0.34248388
11313,model_6,0.3363,0.33399826
11314,model_6,0.3247,0.24548206
11315,model_6,0.5227,0.43739864
11316,model_6,0.0922,0.13539876
11317,model_6,-0.0668,-0.051161945
11318,model_6,0.0966,0.110828936
11319,model_6,0.0583,0.021810949
11320,model_6,0.6074,0.6720665
11321,model_6,0.0248,0.01441169
11322,model_6,0.5441,0.55557364
11323,model_6,0.3205,0.33499393
11324,model_6,0.3632,0.20973848
11325,model_6,0.0903,0.072909996
11326,model_6,0.3414,0.30882093
11327,model_6,0.289,0.2544263
11328,model_6,0.1289,0.18366301
11329,model_6,0.2957,0.13519996
11330,model_6,0.1742,0.15813185
11331,model_6,0.3178,0.29602757
11332,model_6,0.1158,0.089056835
11333,model_6,0.1374,0.16185132
11334,model_6,0.159,0.1359041
11335,model_6,0.3305,0.1681824
11336,model_6,-0.199,-0.12736762
11337,model_6,0.5141,0.3851094
11338,model_6,-0.0726,-0.10996042
11339,model_6,0.9068,0.88643706
11340,model_6,0.431,0.37893236
11341,model_6,0.2753,0.2853989
11342,model_6,0.5012,0.4247603
11343,model_6,0.1876,0.18178064
11344,model_6,0.2049,0.19633646
11345,model_6,0.2423,0.181201
11346,model_6,0.0304,0.039270207
11347,model_6,0.0448,0.062183473
11348,model_6,-0.001,-0.06500629
11349,model_6,0.2764,0.25411016
11350,model_6,0.2038,0.17223689
11351,model_6,0.3635,0.27371746
11352,model_6,0.1029,0.14953116
11353,model_6,-0.149,-0.16663802
11354,model_6,0.2571,0.2737113
11355,model_6,0.378,0.3538965
11356,model_6,-0.001,-0.056527276
11357,model_6,0.3118,0.27561218
11358,model_6,-0.0163,0.06910305
11359,model_6,0.3748,0.41465735
11360,model_6,0.4103,0.39286456
11361,model_6,0.1265,0.1371226
11362,model_6,0.1366,0.113890246
11363,model_6,0.1944,0.17876376
11364,model_6,-0.0655,-0.10345432
11365,model_6,0.1574,0.121843666
11366,model_6,0.6748,0.69933695
11367,model_6,0.3382,0.30056202
11368,model_6,0.0865,0.103563234
11369,model_6,0.0168,0.21761523
11370,model_6,-0.0505,-0.015686838
11371,model_6,0.3118,0.24583413
11372,model_6,0.4521,0.44645458
11373,model_6,0.19,0.15650447
11374,model_6,0.2891,0.31373143
11375,model_6,0.6117,0.57265395
11376,model_6,0.8619,0.8109289
11377,model_6,-0.1676,-0.1915779
11378,model_6,0.1286,0.11434655
11379,model_6,0.3544,0.32734862
11380,model_6,0.214,0.23127809
11381,model_6,0.1411,0.1448464
11382,model_6,0.0737,0.06496828
11383,model_6,0.241,0.22267139
11384,model_6,0.0041,0.14943382
11385,model_6,0.1638,0.18391633
11386,model_6,0.1557,0.109735385
11387,model_6,0.6845,0.69012123
11388,model_6,0.005,0.0293862
11389,model_6,-0.1989,-0.21925934
11390,model_6,0.1107,0.106068276
11391,model_6,0.2336,0.22273254
11392,model_6,0.1182,0.17174251
11393,model_6,0.2438,0.28283888
11394,model_6,0.355,0.35538617
11395,model_6,0.2675,0.10906538
11396,model_6,0.6704,0.6205861
11397,model_6,0.8743,0.86541235
11398,model_6,-0.0202,0.1399818
11399,model_6,0.7464,0.664957
11400,model_6,-0.0334,-0.03234033
11401,model_6,0.6194,0.60565585
11402,model_6,0.2175,0.009774558
11403,model_6,0.4729,0.516454
11404,model_6,0.2485,0.1945525
11405,model_6,0.3097,0.28375107
11406,model_6,0.162,0.15862527
11407,model_6,0.1052,0.1492365
11408,model_6,0.206,0.168562
11409,model_6,0.2191,0.2325657
11410,model_6,0.1877,0.227694
11411,model_6,0.006,0.011021577
11412,model_6,0.4585,0.436773
11413,model_6,-0.0777,-0.15558536
11414,model_6,0.1722,0.10863129
11415,model_6,0.1772,0.20601468
11416,model_6,0.022,0.025051154
11417,model_6,0.0057,0.027340239
11418,model_6,0.6311,0.6038608
11419,model_6,0.2829,0.31477267
11420,model_6,0.1227,0.11464201
11421,model_6,0.1707,0.18729472
11422,model_6,0.42,0.38403994
11423,model_6,0.0278,0.024997488
11424,model_6,0.2645,0.2765845
11425,model_6,0.0886,0.08784369
11426,model_6,0.4786,0.46182236
11427,model_6,0.2481,0.18988816
11428,model_6,0.9944,1.0137478
11429,model_6,0.7653,0.7748833
11430,model_6,0.9508,0.936777
11431,model_6,0.1723,0.1814143
11432,model_6,0.6396,0.62612605
11433,model_6,0.6683,0.68430924
11434,model_6,0.0043,-0.0089999065
11435,model_6,-0.0599,-0.020615041
11436,model_6,0.2165,0.22012621
11437,model_6,0.1348,0.08097555
11438,model_6,0.3933,0.4117281
11439,model_6,0.1752,0.2125364
11440,model_6,0.0134,0.020520313
11441,model_6,0.5965,0.5810425
11442,model_6,0.2806,0.2637512
11443,model_6,-0.2259,-0.19821495
11444,model_6,0.3369,0.35190904
11445,model_6,-0.1075,-0.10284517
11446,model_6,0.0716,0.11301125
11447,model_6,0.2196,0.27036417
11448,model_6,0.5954,0.582248
11449,model_6,0.4503,0.28841665
11450,model_6,0.4573,0.46018904
11451,model_6,-0.114,-0.20877607
11452,model_6,0.4692,0.4150592
11453,model_6,0.4236,0.40794107
11454,model_6,0.1654,0.16818711
11455,model_6,0.5159,0.479468
11456,model_6,-0.0773,-0.100126676
11457,model_6,0.2111,0.24860264
11458,model_6,0.2347,0.22282438
11459,model_6,0.399,0.41761813
11460,model_6,0.0505,0.04486645
11461,model_6,0.2536,0.23163244
11462,model_6,0.1721,0.26439232
11463,model_6,0.2293,0.2152127
11464,model_6,0.3645,0.31861424
11465,model_6,-0.2013,-0.21094884
11466,model_6,0.4368,0.49249244
11467,model_6,0.5238,0.55435425
11468,model_6,0.6141,0.58939034
11469,model_6,0.0623,0.07291472
11470,model_6,-0.0022,-0.045328833
11471,model_6,0.0771,0.06309304
11472,model_6,0.3603,0.3283909
11473,model_6,0.776,0.75916415
11474,model_6,0.2837,0.28247365
11475,model_6,0.162,0.16754287
11476,model_6,0.4903,0.4697933
11477,model_6,0.096,0.03903368
11478,model_6,-0.0188,0.01547578
11479,model_6,0.0193,0.024138303
11480,model_6,0.1454,0.1726422
11481,model_6,0.2203,0.27818114
11482,model_6,0.3782,0.40675145
11483,model_6,0.1081,0.075971246
11484,model_6,-0.0662,-0.042571943
11485,model_6,0.6191,0.5710682
11486,model_6,-0.0491,-0.15383774
11487,model_6,0.1175,0.11152695
11488,model_6,0.4576,0.4006297
11489,model_6,0.2655,0.27331164
11490,model_6,0.271,0.29551333
11491,model_6,0.2974,0.15684684
11492,model_6,0.1548,0.16812135
11493,model_6,0.1891,0.20879234
11494,model_6,0.8132,0.81334114
11495,model_6,0.3302,0.3697916
11496,model_6,-0.0447,-0.045914132
11497,model_6,0.1673,0.107559815
11498,model_6,0.2428,0.16098744
11499,model_6,0.0579,0.0135035515
11500,model_6,0.6647,0.67145693
11501,model_6,0.051,0.058753114
11502,model_6,0.2837,0.17814751
11503,model_6,-0.0534,0.021670457
11504,model_6,-0.2682,-0.110531
11505,model_6,0.1501,0.1311775
11506,model_6,0.2098,0.17406991
11507,model_6,0.1311,0.16687982
11508,model_6,0.3802,0.355916
11509,model_6,0.5262,0.48892313
11510,model_6,0.4179,0.330639
11511,model_6,0.0619,0.04998396
11512,model_6,0.1194,0.15539214
11513,model_6,0.215,0.13612871
11514,model_6,0.0761,0.10206818
11515,model_6,0.0706,0.03574088
11516,model_6,0.0537,0.033987265
11517,model_6,0.1886,0.15759334
11518,model_6,0.5257,0.51348895
11519,model_6,0.6605,0.6800946
11520,model_6,0.1618,0.13980477
11521,model_6,0.0333,-0.0284883
11522,model_6,0.1143,0.0975988
11523,model_6,0.0272,0.03515992
11524,model_6,0.5085,0.5382225
11525,model_6,0.3091,0.28607082
11526,model_6,0.3816,0.43641528
11527,model_6,0.4603,0.4071809
11528,model_6,0.157,0.08621176
11529,model_6,0.527,0.51172054
11530,model_6,0.0384,0.010118064
11531,model_6,0.7046,0.6981984
11532,model_6,-0.0417,-0.038550284
11533,model_6,0.2511,0.102489576
11534,model_6,0.3258,0.26964954
11535,model_6,0.2083,0.31301728
11536,model_6,0.2428,0.26568294
11537,model_6,0.1319,0.039199255
11538,model_6,-0.0217,-0.07981736
11539,model_6,0.5947,0.56400174
11540,model_6,0.3167,0.36917976
11541,model_6,0.1356,0.10772758
11542,model_6,0.1559,0.15305129
11543,model_6,0.37,0.3682769
11544,model_6,0.2728,0.285075
11545,model_6,0.0136,0.0377401
11546,model_6,-0.0551,-0.0394458
11547,model_6,0.2897,0.256344
11548,model_6,0.1699,0.25261548
11549,model_6,0.4788,0.50834304
11550,model_6,0.2873,0.16717036
11551,model_6,0.0919,0.080296375
11552,model_6,0.4234,0.36210805
11553,model_6,0.4921,0.47129458
11554,model_6,0.1038,0.06395142
11555,model_6,0.0676,0.034497418
11556,model_6,0.1953,0.22841273
11557,model_6,0.7143,0.73089606
11558,model_6,0.3217,0.22707215
11559,model_6,0.0417,0.022528466
11560,model_6,0.2364,0.2510739
11561,model_6,0.0036,0.010364495
11562,model_6,0.7117,0.65673906
11563,model_6,0.1059,0.18994614
11564,model_6,-0.0234,0.00011069188
11565,model_6,0.3358,0.294434
11566,model_6,0.2895,0.25858328
11567,model_6,0.4581,0.34171548
11568,model_6,0.065,0.06714568
11569,model_6,0.114,0.18675005
11570,model_6,0.048,0.05477335
11571,model_6,0.1708,0.18522328
11572,model_6,0.1106,0.07678278
11573,model_6,0.529,0.48976016
11574,model_6,0.0318,0.02643838
11575,model_6,0.3154,0.32778758
11576,model_6,0.1019,0.086759105
11577,model_6,0.1684,0.16097102
11578,model_6,0.3117,0.3406066
11579,model_6,0.2291,0.3053639
11580,model_6,0.6071,0.5658985
11581,model_6,0.1696,0.17967707
11582,model_6,0.2293,0.2547254
11583,model_6,0.1625,0.16069709
11584,model_6,0.4524,0.41419595
11585,model_6,0.1709,0.16682017
11586,model_6,-0.1447,-0.16244353
11587,model_6,0.1709,0.22334251
11588,model_6,0.113,0.16350894
11589,model_6,0.1158,0.1030391
11590,model_6,0.467,0.48775828
11591,model_6,0.2428,0.1581319
11592,model_6,0.7755,0.7429709
11593,model_6,0.3484,0.33375365
11594,model_6,0.9593,0.98478764
11595,model_6,0.0991,0.077701874
11596,model_6,0.303,0.257499
11597,model_6,0.4121,0.4277313
11598,model_6,0.0886,0.11343836
11599,model_6,0.2694,0.20286511
11600,model_6,0.125,0.15627679
11601,model_6,0.0156,-0.03654818
11602,model_6,0.1642,0.20058884
11603,model_6,0.2791,0.24603051
11604,model_6,0.0876,0.062379137
11605,model_6,0.2815,0.24766335
11606,model_6,0.0485,0.08472054
11607,model_6,0.3775,0.35878026
11608,model_6,0.1896,0.20046613
11609,model_6,-0.0798,-0.14186668
11610,model_6,0.9095,0.9375068
11611,model_6,0.0975,0.1020125
11612,model_6,0.1048,0.1659815
11613,model_6,0.1603,0.16595289
11614,model_6,0.1898,0.21138087
11615,model_6,0.3441,0.35817096
11616,model_6,0.1022,0.09888004
11617,model_6,0.6464,0.72217065
11618,model_6,0.3675,0.32982302
11619,model_6,0.1349,0.1591131
11620,model_6,0.216,0.22109655
11621,model_6,0.475,0.4747846
11622,model_6,0.3702,0.34993327
11623,model_6,0.3929,0.3563831
11624,model_6,0.0533,-0.014388945
11625,model_6,0.5746,0.5420773
11626,model_6,0.17,0.23709884
11627,model_6,0.2161,0.26766127
11628,model_6,0.0725,0.08232105
11629,model_6,0.003,0.008612357
11630,model_6,0.319,0.34243602
11631,model_6,0.1522,0.02934225
11632,model_6,0.4052,0.4461677
11633,model_6,0.0293,0.032046035
11634,model_6,0.3751,0.3275243
11635,model_6,0.3787,0.3361493
11636,model_6,-0.1232,-0.0758978
11637,model_6,0.1062,0.09794742
11638,model_6,-0.0854,-0.139735
11639,model_6,0.2235,0.2323799
11640,model_6,0.3085,0.3199004
11641,model_6,0.2658,0.30538493
11642,model_6,0.4202,0.43349603
11643,model_6,0.2486,0.2073147
11644,model_6,-0.1036,0.110786565
11645,model_6,0.0603,0.0418556
11646,model_6,0.0417,0.052738294
11647,model_6,0.1595,0.12550259
11648,model_6,0.1782,0.19356664
11649,model_6,0.153,0.14070259
11650,model_6,0.149,0.26920098
11651,model_6,0.0873,0.11541831
11652,model_6,0.0858,0.1295479
11653,model_6,0.2409,0.27123222
11654,model_6,-0.0398,-0.011971559
11655,model_6,0.3925,0.39713836
11656,model_6,0.2143,0.21288452
11657,model_6,-0.1957,-0.2182691
11658,model_6,0.0472,0.10097633
11659,model_6,0.6488,0.65941656
11660,model_6,0.0998,0.16329248
11661,model_6,0.2083,0.23518178
11662,model_6,0.6853,0.7419946
11663,model_6,0.4074,0.37742206
11664,model_6,0.4462,0.39188117
11665,model_6,0.0999,0.10032487
11666,model_6,0.2391,0.2463211
11667,model_6,0.2243,0.17110349
11668,model_6,0.3835,0.3905237
11669,model_6,0.1917,0.22300455
11670,model_6,0.4574,0.4277516
11671,model_6,0.8432,0.8206448
11672,model_6,0.4905,0.4979766
11673,model_6,0.0273,0.026972892
11674,model_6,0.1601,0.20413324
11675,model_6,0.3144,0.28854936
11676,model_6,0.3617,0.30655226
11677,model_6,0.1558,0.14738566
11678,model_6,0.0412,0.020704601
11679,model_6,0.3156,0.19911869
11680,model_6,0.1165,0.05971611
11681,model_6,-0.1168,-0.15633367
11682,model_6,0.1257,0.11387024
11683,model_6,0.3255,0.27668864
11684,model_6,0.3503,0.3151884
11685,model_6,0.6876,0.669983
11686,model_6,-0.0813,-0.06398644
11687,model_6,0.0711,0.025872951
11688,model_6,0.7033,0.7392207
11689,model_6,0.0917,0.1342978
11690,model_6,0.8238,0.8758616
11691,model_6,0.3047,0.27882546
11692,model_6,0.1768,0.09634931
11693,model_6,0.3666,0.35761893
11694,model_6,0.3013,0.29923564
11695,model_6,0.1511,0.13705233
11696,model_6,-0.0287,0.02923914
11697,model_6,0.3471,0.35332552
11698,model_6,0.321,0.3298561
11699,model_6,0.0147,0.076055944
11700,model_6,0.4653,0.445813
11701,model_6,0.1572,0.15471548
11702,model_6,0.0295,0.044466276
11703,model_6,-0.159,-0.10451784
11704,model_6,0.5776,0.62005883
11705,model_6,0.0433,0.037934728
11706,model_6,0.3461,0.36079955
11707,model_6,0.0217,0.023978725
11708,model_6,0.2392,0.20427369
11709,model_6,0.2279,0.21109407
11710,model_6,0.2365,0.35169712
11711,model_6,0.2869,0.3046028
11712,model_6,0.005,-0.021672457
11713,model_6,0.2857,0.24244954
11714,model_6,0.4109,0.38442352
11715,model_6,0.0718,0.030533083
11716,model_6,-0.0082,-0.0026132627
11717,model_6,0.4885,0.4498871
11718,model_6,0.2314,0.20469318
11719,model_6,0.0997,0.01691419
11720,model_6,0.4104,0.43720022
11721,model_6,-0.0849,-0.060383234
11722,model_6,0.5418,0.5268735
11723,model_6,0.1985,0.23868991
11724,model_6,-0.023,-0.018851776
11725,model_6,0.2228,0.2689561
11726,model_6,0.4315,0.42572403
11727,model_6,0.3684,0.3508125
11728,model_6,-0.0106,0.18962602
11729,model_6,0.0958,0.14459327
11730,model_6,0.4557,0.46301025
11731,model_6,0.593,0.6578502
11732,model_6,0.251,0.28825837
11733,model_6,0.2243,0.21325225
11734,model_6,0.0353,0.045658734
11735,model_6,0.0268,0.05802223
11736,model_6,0.0337,0.048561152
11737,model_6,0.0592,0.10564754
11738,model_6,0.1011,0.13426483
11739,model_6,0.0995,0.11119344
11740,model_6,0.365,0.33734143
11741,model_6,0.1736,0.13584104
11742,model_6,0.0602,0.081678
11743,model_6,0.0903,0.11587529
11744,model_6,-0.0102,-0.020485535
11745,model_6,0.3178,0.39050138
11746,model_6,0.512,0.48955613
11747,model_6,0.1552,0.3804991
11748,model_6,0.4109,0.35162562
11749,model_6,0.7805,0.7874858
11750,model_6,0.4164,0.434894
11751,model_6,0.0548,0.06264156
11752,model_6,0.0408,0.051289085
11753,model_6,0.1394,0.11106517
11754,model_6,0.2527,0.16249107
11755,model_6,0.0668,0.07631186
11756,model_6,0.7044,0.65124863
11757,model_6,0.1543,0.13678938
11758,model_6,-0.046,-0.04168272
11759,model_6,0.0436,0.04842077
11760,model_6,0.0826,-0.020614143
11761,model_6,0.1611,0.07810265
11762,model_6,0.0491,0.04338118
11763,model_6,0.0986,0.09632387
11764,model_6,0.1751,0.13616043
11765,model_6,-0.0325,0.04993965
11766,model_6,0.312,0.1990777
11767,model_6,0.3171,0.21319233
11768,model_6,-1e-04,-0.060972374
11769,model_6,0.3182,0.31226614
11770,model_6,0.7026,0.6866573
11771,model_6,0.0734,0.09538405
11772,model_6,0.9063,0.89328384
11773,model_6,-0.0336,-0.019351652
11774,model_6,0.5062,0.5183843
11775,model_6,0.3705,0.256673
11776,model_6,0.3183,0.26364648
11777,model_6,0.1873,0.12239751
11778,model_6,0.3317,0.17110457
11779,model_6,0.0357,0.010416275
11780,model_6,-0.1047,-0.073333435
11781,model_6,0.1237,0.17006108
11782,model_6,1.0423,0.9851667
11783,model_6,0.9443,0.8473759
11784,model_6,0.7544,0.7247212
11785,model_6,0.5172,0.48340034
11786,model_6,0.1602,0.14087912
11787,model_6,0.116,0.16427372
11788,model_6,0.4788,0.32641026
11789,model_6,0.1521,0.26751226
11790,model_6,0.3555,0.29690853
11791,model_6,-0.1877,-0.17280541
11792,model_6,0.1146,0.1256907
11793,model_6,0.6791,0.6821827
11794,model_6,0.2011,0.222782
11795,model_6,0.2658,0.1563133
11796,model_6,0.3303,0.39586064
11797,model_6,0.2502,0.23532002
11798,model_6,0.3003,0.29667833
11799,model_6,0.1146,0.1295048
11800,model_6,0.3595,0.35657236
11801,model_6,0.1464,0.1715746
11802,model_6,0.0922,0.1514232
11803,model_6,0.7619,0.8172868
11804,model_6,0.0861,0.0960033
11805,model_6,0.306,0.2083903
11806,model_6,0.062,0.04943151
11807,model_6,0.183,0.20063621
11808,model_6,0.2923,0.3684923
11809,model_6,0.608,0.59309185
11810,model_6,0.2762,0.26376086
11811,model_6,0.5089,0.46066755
11812,model_6,0.2848,0.25025788
11813,model_6,0.4641,0.48829937
11814,model_6,0.0877,0.13539265
11815,model_6,0.233,0.2612561
11816,model_6,0.2356,0.24783297
11817,model_6,0.2723,0.30977726
11818,model_6,0.0371,0.05063219
11819,model_6,0.0948,0.07768205
11820,model_6,0.1558,0.109105624
11821,model_6,0.2235,0.05242752
11822,model_6,0.0767,0.04532178
11823,model_6,0.1009,0.1453832
11824,model_6,0.0842,0.08242533
11825,model_6,0.2114,0.19182679
11826,model_6,0.4335,0.38869724
11827,model_6,0.3325,0.3095796
11828,model_6,0.9521,0.84309465
11829,model_6,0.0018,0.042076625
11830,model_6,0.1956,0.17425454
11831,model_6,0.1691,0.16576101
11832,model_6,-0.0383,-0.046681266
11833,model_6,0.037,0.09699315
11834,model_6,0.2242,0.19679242
11835,model_6,0.1952,0.18852542
11836,model_6,0.465,0.37127462
11837,model_6,0.7616,0.7599078
11838,model_6,0.534,0.55823684
11839,model_6,0.2078,0.09160623
11840,model_6,0.0984,0.08090363
11841,model_6,0.5467,0.5058125
11842,model_6,0.7601,0.75579494
11843,model_6,0.2498,0.26295525
11844,model_6,0.1477,0.25734454
11845,model_6,0.0578,0.057118494
11846,model_6,0.1773,0.17395712
11847,model_6,0.1059,0.07366128
11848,model_6,0.9553,0.97527736
11849,model_6,0.2169,0.15095143
11850,model_6,0.4745,0.46032882
11851,model_6,-0.0708,-0.061380167
11852,model_6,0.2137,0.23191926
11853,model_6,-0.0833,0.027620276
11854,model_6,0.2997,0.26531702
11855,model_6,0.1491,0.11069234
11856,model_6,0.507,0.52704644
11857,model_6,0.0628,0.04081697
11858,model_6,-0.2071,-0.21252966
11859,model_6,0.0451,-0.028443944
11860,model_6,0.295,0.29643828
11861,model_6,-0.0022,-0.004137521
11862,model_6,0.0125,0.012594499
11863,model_6,0.2333,0.25826478
11864,model_6,0.0809,0.031581942
11865,model_6,0.2365,0.23699863
11866,model_6,0.108,0.031907067
11867,model_6,0.3838,0.36609334
11868,model_6,0.4012,0.34271252
11869,model_6,0.5127,0.5316882
11870,model_6,0.127,0.10419427
11871,model_6,0.0713,0.057025462
11872,model_6,-0.0928,-0.11868672
11873,model_6,0.1757,0.08420172
11874,model_6,0.1351,0.12004069
11875,model_6,0.9771,0.9591343
11876,model_6,0.1313,0.1495441
11877,model_6,0.2147,0.24615446
11878,model_6,0.2093,0.18176386
11879,model_6,0.4627,0.46621007
11880,model_6,-0.1959,-0.1942852
11881,model_6,-0.1146,-0.13489532
11882,model_6,0.5569,0.55513614
11883,model_6,0.7598,0.7390739
11884,model_6,0.137,0.12886088
11885,model_6,0.1325,0.11466442
11886,model_6,0.1731,0.1178011
11887,model_6,-0.1352,-0.14176722
11888,model_6,0.3547,0.34766376
11889,model_6,0.727,0.7613959
11890,model_6,0.3951,0.43666553
11891,model_6,0.3512,0.30588463
11892,model_6,0.5255,0.5172996
11893,model_6,0.2186,0.18818092
11894,model_6,0.3345,0.2967975
11895,model_6,-0.0339,-0.024896797
11896,model_6,0.1597,0.15364726
11897,model_6,0.2647,0.31938893
11898,model_6,0.2557,0.19876501
11899,model_6,0.0686,0.095682845
11900,model_6,0.1508,0.17517544
11901,model_6,0.1913,0.18246329
11902,model_6,0.3069,0.27559212
11903,model_6,0.0586,0.033302963
11904,model_6,0.0413,0.041804872
11905,model_6,0.7071,0.6686764
11906,model_6,0.6158,0.55047786
11907,model_6,0.0511,0.04768234
11908,model_6,0.153,0.042867776
11909,model_6,0.3946,0.37055323
11910,model_6,0.1342,0.24320035
11911,model_6,0.3712,0.38367856
11912,model_6,0.1076,0.11170557
11913,model_6,0.3683,0.3320088
11914,model_6,0.3326,0.35747415
11915,model_6,0.2097,0.237776
11916,model_6,0.3543,0.34296107
11917,model_6,-0.0182,0.06852733
11918,model_6,0.314,0.37661183
11919,model_6,0.26,0.1511986
11920,model_6,0.0417,0.016046178
11921,model_6,0.9621,1.0000107
11922,model_6,0.1104,0.13597985
11923,model_6,0.0868,0.07715987
11924,model_6,0.2733,0.27210963
11925,model_6,0.1143,0.094353795
11926,model_6,0.2761,0.25386807
11927,model_6,-0.0071,0.03930043
11928,model_6,-0.0521,0.03478653
11929,model_6,0.0374,0.027603015
11930,model_6,0.0691,0.11834936
11931,model_6,0.3538,0.342157
11932,model_6,0.0748,0.11235954
11933,model_6,0.3632,0.22174287
11934,model_6,0.4813,0.47416258
11935,model_6,0.03,-0.015530815
11936,model_6,0.343,0.36138064
11937,model_6,0.0804,0.09926239
11938,model_6,0.5401,0.49602026
11939,model_6,0.0466,0.058600064
11940,model_6,-0.1724,-0.021875065
11941,model_6,0.5453,0.5551477
11942,model_6,0.8049,0.7530661
11943,model_6,0.0429,0.06986664
11944,model_6,0.2047,0.23108104
11945,model_6,0.0531,0.028720448
11946,model_6,0.1167,0.18052056
11947,model_6,0.3222,0.30718717
11948,model_6,0.8294,0.90493596
11949,model_6,0.3726,0.34948623
11950,model_6,0.077,0.08071333
11951,model_6,0.0653,0.16554327
11952,model_6,0.3871,0.40163004
11953,model_6,0.3854,0.33187935
11954,model_6,0.3677,0.35973355
11955,model_6,0.1539,0.1772707
11956,model_6,0.0157,0.038398426
11957,model_6,0.0494,0.07154632
11958,model_6,0.3474,0.35967827
11959,model_6,-0.0826,-0.13703787
11960,model_6,0.3704,0.38847888
11961,model_6,0.2125,0.14751017
11962,model_6,0.0805,0.034115296
11963,model_6,0.2033,0.37433657
11964,model_6,0.0865,0.08911746
11965,model_6,0.0505,0.099645786
11966,model_6,0.0158,0.018284786
11967,model_6,0.2868,0.2811789
11968,model_6,0.5765,0.5567908
11969,model_6,0.4482,0.39132053
11970,model_6,0.1104,0.16283616
11971,model_6,0.0525,0.05366697
11972,model_6,0.257,0.23043114
11973,model_6,-0.0257,-0.10871771
11974,model_6,0.4437,0.4804281
11975,model_6,0.0862,0.16138232
11976,model_6,-0.0631,0.054265466
11977,model_6,0.1411,0.26739943
11978,model_6,0.2443,0.28009233
11979,model_6,0.1559,0.1362077
11980,model_6,0.0694,0.011054419
11981,model_6,0.1802,0.20532674
11982,model_6,0.1957,0.2139092
11983,model_6,0.6495,0.614875
11984,model_6,0.0289,0.03766818
11985,model_6,-0.0381,-0.0138641335
11986,model_6,0.7517,0.71693015
11987,model_6,0.1402,0.15307698
11988,model_6,0.1915,0.18792485
11989,model_6,0.1314,0.10223708
11990,model_6,0.6158,0.5763191
11991,model_6,0.1766,0.17989606
11992,model_6,0.3239,0.32432675
11993,model_6,0.4011,0.3570943
11994,model_6,0.3023,0.31357014
11995,model_6,0.0257,0.090687975
11996,model_6,0.1641,0.15104616
11997,model_6,0.1688,0.15126172
11998,model_6,0.1972,0.13270451
11999,model_6,0.3209,0.33001313
12000,model_6,0.0824,0.096129894
12001,model_6,-0.2574,-0.19152236
12002,model_6,0.2357,0.32936606
12003,model_6,-0.0537,-0.0152665805
12004,model_6,0.1384,0.18588868
12005,model_6,0.2704,0.24093872
12006,model_6,0.0492,0.035842564
12007,model_6,0.4292,0.3745367
12008,model_6,0.0561,0.019351475
12009,model_6,0.422,0.45658094
12010,model_6,0.1621,0.15869278
12011,model_6,0.4694,0.50977194
12012,model_6,0.6701,0.68829453
12013,model_6,0.2897,0.3305462
12014,model_6,0.0851,0.07023723
12015,model_6,0.444,0.47809374
12016,model_6,0.1751,0.14814237
12017,model_6,0.2739,0.25318652
12018,model_6,0.2062,0.19989406
12019,model_6,0.3186,0.2858587
12020,model_6,0.4658,0.38710535
12021,model_6,0.1108,0.0799775
12022,model_6,0.3058,0.28103226
12023,model_6,0.0073,-0.026274052
12024,model_6,0.1669,0.15874836
12025,model_6,0.1436,0.13822293
12026,model_6,0.1688,0.19327648
12027,model_6,0.5488,0.45359826
12028,model_6,0.1483,0.03520605
12029,model_6,0.1801,0.1673747
12030,model_6,0.2856,0.2571713
12031,model_6,0.1723,0.18688522
12032,model_6,-0.003,0.066449784
12033,model_6,0.0877,0.07675008
12034,model_6,0.5325,0.45656335
12035,model_6,0.4467,0.44142702
12036,model_6,0.2161,0.26518455
12037,model_6,0.0731,0.178682
12038,model_6,0.324,0.31506726
12039,model_6,0.5059,0.5687923
12040,model_6,0.3098,0.23287566
12041,model_6,0.6702,0.6406346
12042,model_6,0.4454,0.4473148
12043,model_6,0.482,0.45474893
12044,model_6,0.1827,0.18730406
12045,model_6,0.2382,0.22393383
12046,model_6,0.062,0.052662186
12047,model_6,0.0764,0.13915008
12048,model_6,0.9909,0.9516685
12049,model_6,0.0017,0.0679903
12050,model_6,0.0725,0.12791583
12051,model_6,0.6986,0.7269145
12052,model_6,0.1026,0.07195958
12053,model_6,0.2602,0.39130363
12054,model_6,0.1597,0.19802284
12055,model_6,0.0999,0.07864179
12056,model_6,0.105,0.10826036
12057,model_6,0.1339,0.25754023
12058,model_6,0.7248,0.7296559
12059,model_6,0.3623,0.3149968
12060,model_6,-0.0926,-0.0447577
12061,model_6,0.5097,0.47434956
12062,model_6,0.6611,0.62845904
12063,model_6,0.1565,0.16143666
12064,model_6,0.2494,0.30104265
12065,model_6,0.4328,0.39410475
12066,model_6,0.0906,0.12632377
12067,model_6,0.2333,0.21364062
12068,model_6,0.4523,0.397811
12069,model_6,0.4513,0.4698551
12070,model_6,-0.0806,0.0464168
12071,model_6,0.2082,0.23981795
12072,model_6,0.0444,0.034935024
12073,model_6,0.0515,0.14650026
12074,model_6,0.1515,0.14461014
12075,model_6,0.1362,0.12538823
12076,model_6,0.2108,0.16142534
12077,model_6,0.5363,0.51243335
12078,model_6,-0.0176,0.021597592
12079,model_6,-0.0186,-0.009226391
12080,model_6,0.232,0.24054095
12081,model_6,0.1942,0.27541107
12082,model_6,-0.0013,0.03684884
12083,model_6,0.7549,0.76370627
12084,model_6,0.3891,0.353284
12085,model_6,-0.041,-0.15527509
12086,model_6,0.3095,0.3431608
12087,model_6,0.1665,0.1738246
12088,model_6,0.5498,0.5590671
12089,model_6,0.0528,0.041805193
12090,model_6,0.1209,0.08434088
12091,model_6,0.9988,0.9779024
12092,model_6,0.3377,0.35204446
12093,model_6,0.1862,0.19214633
12094,model_6,0.0614,0.08178453
12095,model_6,0.3948,0.4363761
12096,model_6,0.6397,0.58696145
12097,model_6,0.321,0.5675508
12098,model_6,0.6869,0.7104993
12099,model_6,0.4119,0.41460082
12100,model_6,0.4386,0.42726886
12101,model_6,-0.0079,0.04237016
12102,model_6,0.0023,-0.05364838
12103,model_6,0.1769,0.22516024
12104,model_6,0.356,0.28512812
12105,model_6,0.4449,0.30215204
12106,model_6,0.1678,0.16676505
12107,model_6,0.1169,0.06784486
12108,model_6,0.4938,0.48151642
12109,model_6,0.6969,0.7182451
12110,model_6,0.1261,0.13091616
12111,model_6,0.4533,0.43561083
12112,model_6,0.0178,-0.01687143
12113,model_6,0.5146,0.5140934
12114,model_6,0.2465,0.24521104
12115,model_6,0.2617,0.23435833
12116,model_6,0.1071,0.052550223
12117,model_6,0.0194,0.06674906
12118,model_6,-0.0767,-0.10335672
12119,model_6,0.3278,0.3242607
12120,model_6,0.3123,0.27085817
12121,model_6,0.245,0.21313417
12122,model_6,0.0665,0.065524645
12123,model_6,-0.0257,-0.0038675754
12124,model_6,0.0631,0.07336861
12125,model_6,0.3602,0.3173907
12126,model_6,0.0649,-0.0034573837
12127,model_6,0.3413,0.28722388
12128,model_6,0.2721,0.1792399
12129,model_6,0.1052,0.09695053
12130,model_6,0.1647,0.15106472
12131,model_6,0.0129,0.009840248
12132,model_6,0.0821,0.053831547
12133,model_6,0.9447,0.9408066
12134,model_6,0.3237,0.29605827
12135,model_6,0.2409,0.23178929
12136,model_6,-0.0645,-0.10018184
12137,model_6,0.1196,0.101183385
12138,model_6,-0.0008,0.009350061
12139,model_6,0.1626,0.14644583
12140,model_6,0.2777,0.048097778
12141,model_6,0.1176,0.13154139
12142,model_6,0.0325,0.086734325
12143,model_6,0.1183,0.19550242
12144,model_6,0.0764,0.00554137
12145,model_6,0.0641,0.053026687
12146,model_6,0.0812,0.14195237
12147,model_6,0.1039,0.115869835
12148,model_6,0.2007,0.11771577
12149,model_6,0.5081,0.52545387
12150,model_6,0.642,0.66252756
12151,model_6,0.0237,0.11180216
12152,model_6,0.0803,0.06995715
12153,model_6,0.2485,0.22638966
12154,model_6,0.0893,0.11077032
12155,model_6,0.0782,0.077868536
12156,model_6,0.3216,0.31880245
12157,model_6,0.2341,0.23767202
12158,model_6,0.0152,0.009282254
12159,model_6,0.3037,0.3177272
12160,model_6,-0.0442,-0.014258804
12161,model_6,0.3209,0.28893748
12162,model_6,0.128,0.16628143
12163,model_6,0.1038,0.083535016
12164,model_6,0.1089,0.10687202
12165,model_6,0.1399,0.12095058
12166,model_6,0.6823,0.6981568
12167,model_6,0.7385,0.80546165
12168,model_6,0.3429,0.35350984
12169,model_6,0.2529,0.2345964
12170,model_6,0.3689,0.35762337
12171,model_6,0.5257,0.5648727
12172,model_6,0.0012,0.02339071
12173,model_6,0.8678,0.8673361
12174,model_6,0.1774,0.18734883
12175,model_6,0.2203,0.2559428
12176,model_6,-0.0972,-0.15997118
12177,model_6,0.3152,0.33764827
12178,model_6,0.1818,0.09790185
12179,model_6,0.5364,0.5431273
12180,model_6,0.7901,0.78380287
12181,model_6,0.0785,0.019114036
12182,model_6,0.1997,0.21693909
12183,model_6,0.2815,0.27122986
12184,model_6,0.2452,0.23472776
12185,model_6,0.1275,0.11661022
12186,model_6,0.3963,0.43880293
12187,model_6,0.089,0.07970215
12188,model_6,0.0624,-0.024370197
12189,model_6,0.0776,0.07342102
12190,model_6,0.3946,0.33395863
12191,model_6,0.403,0.3101773
12192,model_6,0.0627,0.067874454
12193,model_6,-0.0737,-0.050648622
12194,model_6,0.8804,0.8894292
12195,model_6,0.298,0.2599651
12196,model_6,-0.0083,0.02030913
12197,model_6,0.1106,0.059599627
12198,model_6,0.4197,0.4000253
12199,model_6,-0.021,0.022893367
12200,model_6,0.191,0.22520041
12201,model_6,-0.0004,0.098669395
12202,model_6,0.1601,0.080779575
12203,model_6,0.0154,-0.0330209
12204,model_6,0.0235,0.03136703
12205,model_6,0.7121,0.6722051
12206,model_6,0.6052,0.41057974
12207,model_6,0.3601,0.38016763
12208,model_6,0.3501,0.43142098
12209,model_6,0.4112,0.38986307
12210,model_6,0.1825,0.15800089
12211,model_6,0.4484,0.457531
12212,model_6,0.234,0.20694755
12213,model_6,0.2976,0.4456754
12214,model_6,0.2147,0.22541234
12215,model_6,0.439,0.39699954
12216,model_6,0.1585,0.16968231
12217,model_6,0.2821,0.26241904
12218,model_6,0.1454,0.16991198
12219,model_6,0.4025,0.38490623
12220,model_6,0.3501,0.30457765
12221,model_6,-0.0383,0.34786704
12222,model_6,0.1922,0.18154022
12223,model_6,0.2171,0.2611616
12224,model_6,0.5988,0.5896432
12225,model_6,0.0137,0.19866079
12226,model_6,0.4819,0.466125
12227,model_6,0.0926,0.07860334
12228,model_6,0.1254,0.1301742
12229,model_6,0.8625,0.8177797
12230,model_6,0.1567,0.15606175
12231,model_6,0.6133,0.61469454
12232,model_6,0.0246,0.023406621
12233,model_6,0.1009,0.0955243
12234,model_6,0.4123,0.46691528
12235,model_6,0.3014,0.15243894
12236,model_6,0.3082,0.2860318
12237,model_6,0.8376,0.80789965
12238,model_6,0.1774,0.09578001
12239,model_6,0.6211,0.6503488
12240,model_6,0.2409,0.17337096
12241,model_6,-0.0716,-0.08652275
12242,model_6,-0.0724,0.26950964
12243,model_6,0.3842,0.3382065
12244,model_6,0.3266,0.2935393
12245,model_6,0.0744,0.066321954
12246,model_6,0.6124,0.55076337
12247,model_6,0.1175,0.07457031
12248,model_6,0.1588,0.18598272
12249,model_6,-0.1069,-0.03797095
12250,model_6,0.0678,0.0851794
12251,model_6,-0.0896,-0.047416266
12252,model_6,0.7713,0.8140272
12253,model_6,0.0351,0.010134937
12254,model_6,0.1707,0.227656
12255,model_6,0.2714,0.22842343
12256,model_6,0.0278,0.015530875
12257,model_6,0.0846,0.11297089
12258,model_6,-0.0503,-0.06499096
12259,model_6,-0.0389,0.06129455
12260,model_6,-0.0311,-0.037837964
12261,model_6,0.6206,0.6417336
12262,model_6,0.2605,0.29726213
12263,model_6,0.3653,0.31455475
12264,model_6,0.2205,0.23790541
12265,model_6,-0.0438,-0.008890931
12266,model_6,0.4235,0.4316643
12267,model_6,0.121,0.06104138
12268,model_6,0.3362,0.26334235
12269,model_6,-0.1321,-0.15694891
12270,model_6,0.0314,0.060189985
12271,model_6,0.1679,0.063066214
12272,model_6,0.3675,0.36824304
12273,model_6,0.2304,0.28843448
12274,model_6,0.167,0.12276265
12275,model_6,0.1969,0.19094184
12276,model_6,0.023,0.048369054
12277,model_6,0.2442,0.217179
12278,model_6,0.2335,0.17049439
12279,model_6,0.0371,0.03272979
12280,model_6,0.4213,0.3854399
12281,model_6,0.5258,-0.013195366
12282,model_6,-0.2644,-0.23490857
12283,model_6,0.0224,0.009774493
12284,model_6,0.0563,0.019837076
12285,model_6,0.2866,0.23104846
12286,model_6,0.0647,0.137944
12287,model_6,0.1334,0.12475901
12288,model_6,0.0877,0.07700667
12289,model_6,0.2819,0.2448991
12290,model_6,0.2393,0.25151452
12291,model_6,0.0375,0.03589347
12292,model_6,0.1944,0.14004909
12293,model_6,0.5885,0.65801865
12294,model_6,-0.0723,-0.08812256
12295,model_6,0.6856,0.6625926
12296,model_6,0.3233,0.32102513
12297,model_6,0.0515,0.06331978
12298,model_6,0.183,0.27546573
12299,model_6,0.9575,0.9665665
12300,model_6,-0.0373,-0.027936753
12301,model_6,0.0326,0.030447245
12302,model_6,0.1989,0.11351356
12303,model_6,0.7656,0.67224103
12304,model_6,0.102,0.19505687
12305,model_6,-0.2391,-0.2454373
12306,model_6,0.3455,0.36960047
12307,model_6,0.2932,0.30990827
12308,model_6,0.451,0.4459207
12309,model_6,0.8838,0.8476706
12310,model_6,0.2518,0.21192476
12311,model_6,0.0905,0.104028426
12312,model_6,0.2021,0.20714724
12313,model_6,0.2407,0.20457608
12314,model_6,0.2092,0.20148718
12315,model_6,0.7049,0.71484244
12316,model_6,0.0254,0.088114366
12317,model_6,0.1278,0.15894964
12318,model_6,0.3201,0.29130536
12319,model_6,0.0056,0.17874198
12320,model_6,0.2916,0.32128635
12321,model_6,0.3702,0.3605394
12322,model_6,0.1984,0.22660549
12323,model_6,0.1083,0.104447216
12324,model_6,0.003,0.026482671
12325,model_6,0.2616,0.26870322
12326,model_6,0.2619,0.261146
12327,model_6,0.5927,0.56390035
12328,model_6,0.2018,0.31522325
12329,model_6,0.221,0.112892635
12330,model_6,0.0315,-0.06062481
12331,model_6,-0.0022,-0.00780341
12332,model_6,0.4317,0.41777566
12333,model_6,0.5453,0.49649623
12334,model_6,0.4226,0.43713754
12335,model_6,0.1121,0.11003635
12336,model_6,0.2813,0.3412595
12337,model_6,0.3219,-0.10136892
12338,model_6,1.0694,1.1188776
12339,model_6,0.1168,0.08071754
12340,model_6,0.0884,0.076835476
12341,model_6,0.3383,0.28337413
12342,model_6,0.1106,0.12559213
12343,model_6,0.0705,0.045031883
12344,model_6,0.132,0.22199969
12345,model_6,0.362,0.3667044
12346,model_6,0.0863,0.064686514
12347,model_6,0.0917,0.093242176
12348,model_6,0.4727,0.43260217
12349,model_6,0.1261,0.1317106
12350,model_6,-0.1833,-0.18016505
12351,model_6,0.3651,0.35085154
12352,model_6,0.0955,0.050115056
12353,model_6,0.1457,0.10896262
12354,model_6,-0.0158,0.033254504
12355,model_6,-0.0288,-0.05106819
12356,model_6,0.4866,0.44237816
12357,model_6,0.2488,0.26176998
12358,model_6,0.2733,0.25958622
12359,model_6,0.0703,0.030949295
12360,model_6,0.6585,0.6168699
12361,model_6,0.3023,0.278035
12362,model_6,0.1064,0.08849689
12363,model_6,0.1608,0.11800341
12364,model_6,0.2236,0.30569384
12365,model_6,0.1278,0.11548425
12366,model_6,0.5283,0.4885106
12367,model_6,-0.0622,-0.13859712
12368,model_6,0.3666,0.3060155
12369,model_6,0.4571,0.3585554
12370,model_6,0.1839,0.1891307
12371,model_6,0.1012,0.10003161
12372,model_6,0.1767,0.17004019
12373,model_6,0.129,0.0861602
12374,model_6,1.0084,0.99487084
12375,model_6,0.1126,0.16398805
12376,model_6,0.2273,0.17501271
12377,model_6,0.1495,0.23052093
12378,model_6,0.4172,0.38453704
12379,model_6,0.0618,0.07202537
12380,model_6,0.2271,0.21818414
12381,model_6,0.3056,0.3085571
12382,model_6,0.0586,0.21661685
12383,model_6,0.2231,0.18707734
12384,model_6,0.0123,0.024706323
12385,model_6,0.1047,0.09935805
12386,model_6,0.0093,0.020590533
12387,model_6,0.028,0.016536588
12388,model_6,0.0982,0.10671483
12389,model_6,0.3204,0.2670591
12390,model_6,0.3326,0.24862647
12391,model_6,0.0743,0.05261523
12392,model_6,0.1978,0.17597347
12393,model_6,0.1617,0.1208355
12394,model_6,0.2357,0.11057679
12395,model_6,0.2791,0.34534696
12396,model_6,0.437,0.42406335
12397,model_6,0.0417,0.035342783
12398,model_6,0.1199,0.11197619
12399,model_6,0.2938,0.3013355
12400,model_6,0.0197,0.0044325315
12401,model_6,0.3909,0.27871916
12402,model_6,0.0758,0.14095819
12403,model_6,0.302,0.2817958
12404,model_6,0.5343,0.53881985
12405,model_6,0.5045,0.50182235
12406,model_6,0.0099,-0.027392466
12407,model_6,0.2024,0.16966489
12408,model_6,-0.0409,0.111719064
12409,model_6,0.0624,0.089455515
12410,model_6,0.1756,0.1778723
12411,model_6,0.5883,0.5995112
12412,model_6,0.1992,0.19173123
12413,model_6,-0.0463,-0.08325134
12414,model_6,0.3596,0.29737478
12415,model_6,-0.1507,-0.015523639
12416,model_6,0.2598,0.2363145
12417,model_6,0.6846,0.6670962
12418,model_6,-0.0717,-0.07553685
12419,model_6,0.0229,-0.0075914715
12420,model_6,-0.059,-0.055809785
12421,model_6,0.0616,0.059948515
12422,model_6,0.5577,0.5638964
12423,model_6,-0.2074,-0.16797009
12424,model_6,0.9935,1.0118574
12425,model_6,0.042,0.034908593
12426,model_6,0.3986,0.35012084
12427,model_6,0.0273,0.03585869
12428,model_6,0.7775,0.80159354
12429,model_6,0.1545,0.17359918
12430,model_6,0.461,0.49813268
12431,model_6,0.3274,0.36423483
12432,model_6,0.16,0.111775264
12433,model_6,0.3145,0.16457975
12434,model_6,0.4777,0.4854674
12435,model_6,0.4208,0.40046448
12436,model_6,0.0288,0.040391717
12437,model_6,0.0535,0.030668812
12438,model_6,0.2877,0.23401278
12439,model_6,0.2275,0.2501085
12440,model_6,-0.191,-0.20988971
12441,model_6,0.4734,0.35309577
12442,model_6,0.1687,0.11881731
12443,model_6,0.6685,0.6537501
12444,model_6,0.0595,0.06764611
12445,model_6,0.1041,0.22620673
12446,model_6,0.2558,0.2353136
12447,model_6,0.2774,0.27300915
12448,model_6,0.1777,0.18134475
12449,model_6,0.1203,0.13253091
12450,model_6,0.2357,0.1929816
12451,model_6,0.0812,0.086738065
12452,model_6,0.0905,0.11235294
12453,model_6,-0.0528,-0.010944556
12454,model_6,-0.0019,0.07693669
12455,model_6,-0.0341,-0.03370436
12456,model_6,0.0679,0.024451304
12457,model_6,0.2223,0.14921276
12458,model_6,0.231,0.31638527
12459,model_6,0.0884,0.070522115
12460,model_6,0.3931,0.45374066
12461,model_6,0.1375,0.11112942
12462,model_6,-0.0795,-0.17307512
12463,model_6,0.7355,0.725103
12464,model_6,0.3339,0.22934364
12465,model_6,-0.2144,-0.21264976
12466,model_6,0.118,0.09446737
12467,model_6,0.0296,0.07562624
12468,model_6,0.6286,0.6421557
12469,model_6,0.4091,0.44973558
12470,model_6,0.131,0.10505945
12471,model_6,-0.115,-0.11787899
12472,model_6,0.1049,0.13826375
12473,model_6,0.1711,0.21908548
12474,model_6,0.1577,0.30363974
12475,model_6,0.2978,0.27468824
12476,model_6,0.0488,0.11992301
12477,model_6,0.2989,0.303862
12478,model_6,0.215,0.2041813
12479,model_6,0.128,0.134072
12480,model_6,0.0637,0.071301974
12481,model_6,0.1858,0.19857842
12482,model_6,0.0393,0.020071816
12483,model_6,0.434,0.44647312
12484,model_6,0.3888,0.41208243
12485,model_6,0.0395,0.03964284
12486,model_6,0.1581,0.098541
12487,model_6,-0.03,-0.0058266944
12488,model_6,0.0291,0.04564682
12489,model_6,0.1399,0.19399825
12490,model_6,0.0173,0.0073470017
12491,model_6,0.1282,0.14153117
12492,model_6,0.2572,0.32960355
12493,model_6,0.435,0.48792243
12494,model_6,0.2802,0.31621101
12495,model_6,0.2689,0.27226424
12496,model_6,0.0468,0.041243363
12497,model_6,0.1025,0.16019106
12498,model_6,-0.05,-0.16747649
12499,model_6,-0.1592,-0.17895196
12500,model_6,0.1687,0.107183754
12501,model_6,0.4928,0.4822082
12502,model_6,-0.0636,-0.05587936
12503,model_6,0.1068,0.103762776
12504,model_6,0.0931,0.052053824
12505,model_6,0.3282,0.30808267
12506,model_6,0.1573,0.085998595
12507,model_6,0.1287,0.14061475
12508,model_6,0.4604,0.44789934
12509,model_6,0.1201,0.10704743
12510,model_6,0.3361,0.3723272
12511,model_6,0.0621,0.058137715
12512,model_6,-0.1847,-0.2010209
12513,model_6,0.0485,0.03457404
12514,model_6,0.4567,0.43123513
12515,model_6,-0.1292,-0.08938251
12516,model_6,0.7675,0.78115416
12517,model_6,0.3149,0.3547489
12518,model_6,-0.083,-0.082469836
12519,model_6,0.2395,0.343126
12520,model_6,0.2051,0.2357676
12521,model_6,0.1324,0.16829322
12522,model_6,0.3537,0.33115
12523,model_6,0.0982,0.07180917
12524,model_6,0.1095,0.0934576
12525,model_6,-0.2217,-0.2036358
12526,model_6,0.1526,0.16909803
12527,model_6,0.232,0.36115804
12528,model_6,-0.0158,-0.06909274
12529,model_6,0.0166,0.03432418
12530,model_6,0.1155,0.13572477
12531,model_6,0.2733,0.3694695
12532,model_6,0.13,0.18566656
12533,model_6,0.3311,0.2937971
12534,model_6,0.1182,0.16795936
12535,model_6,0.3592,0.22999546
12536,model_6,0.3111,0.2628823
12537,model_6,0.0415,0.08924375
12538,model_6,0.1187,0.16987374
12539,model_6,0.7772,0.80113655
12540,model_6,0.2588,0.30095664
12541,model_6,0.735,0.7313675
12542,model_6,0.041,0.1106733
12543,model_6,0.2724,0.26923105
12544,model_6,0.2566,0.23681818
12545,model_6,-0.1324,-0.1077268
12546,model_6,0.3071,0.28752595
12547,model_6,0.5916,0.64040554
12548,model_6,0.0077,-0.07803495
12549,model_6,0.5662,0.53060675
12550,model_6,0.2165,0.24131009
12551,model_6,0.5293,0.52805835
12552,model_6,0.1005,0.16757484
12553,model_6,0.8876,0.85957783
12554,model_6,0.173,0.15974578
12555,model_6,0.0714,0.05271915
12556,model_6,0.0339,0.054263923
12557,model_6,0.1482,0.13876992
12558,model_6,0.3772,0.34552118
12559,model_6,0.034,0.012351049
12560,model_6,0.567,0.5137214
12561,model_6,0.0107,0.036794856
12562,model_6,0.3303,0.32861245
12563,model_6,0.0591,0.034349665
12564,model_6,0.6132,0.63658196
12565,model_6,-0.0429,-0.032879163
12566,model_6,0.2831,0.32141548
12567,model_6,-0.2733,-0.14559282
12568,model_6,0.226,0.31211147
12569,model_6,0.8807,0.84969896
12570,model_6,0.241,0.16469021
12571,model_6,0.0381,0.0745053
12572,model_6,-0.0338,-0.06835719
12573,model_6,0.4345,0.456442
12574,model_6,0.0364,0.069730476
12575,model_6,0.4064,0.35942334
12576,model_6,0.412,0.3735963
12577,model_6,0.2817,0.24470136
12578,model_6,0.1879,0.1634728
12579,model_6,-0.0113,-0.031163115
12580,model_6,-0.0236,-0.027642507
12581,model_6,0.3069,0.27060866
12582,model_6,-0.0439,-0.06476393
12583,model_6,0.2801,0.25533444
12584,model_6,0.2033,0.2453238
12585,model_6,0.3744,0.33966777
12586,model_6,0.1066,0.11455035
12587,model_6,0.0532,0.06263021
12588,model_6,0.1265,0.14055525
12589,model_6,0.086,0.095041946
12590,model_6,0.1606,0.17465153
12591,model_6,0.1982,0.13265434
12592,model_6,0.1505,0.18568265
12593,model_6,0.1731,0.19631979
12594,model_6,-0.0235,0.0093851
12595,model_6,-0.052,-0.07693168
12596,model_6,0.147,0.16480693
12597,model_6,0.0409,0.05084854
12598,model_6,0.1544,0.15542537
12599,model_6,0.0369,0.062013444
12600,model_6,-0.0288,-0.009560209
12601,model_6,0.1176,0.093789205
12602,model_6,0.3555,0.3512691
12603,model_6,0.0783,0.050562564
12604,model_6,0.3068,0.29319197
12605,model_6,0.0297,0.005165246
12606,model_6,0.0715,0.07910945
12607,model_6,0.349,0.2711421
12608,model_6,-0.0808,-0.042617142
12609,model_6,0.1447,0.06729971
12610,model_6,0.1368,0.16116467
12611,model_6,0.3513,0.33747542
12612,model_6,0.2381,0.24867088
12613,model_6,0.1751,0.10394248
12614,model_6,0.5688,0.559833
12615,model_6,0.0665,0.093398094
12616,model_6,-0.0838,-0.11496052
12617,model_6,0.2989,0.2606625
12618,model_6,0.2179,0.205398
12619,model_6,0.076,0.0816364
12620,model_6,-0.0258,0.05046462
12621,model_6,0.4251,0.43854633
12622,model_6,0.0705,0.06533478
12623,model_6,0.106,0.105693474
12624,model_6,-0.0074,0.02630025
12625,model_6,0.3835,0.515163
12626,model_6,0.5912,0.4874301
12627,model_6,0.0357,-0.004862066
12628,model_6,0.0207,0.05334084
12629,model_6,0.0784,0.119244754
12630,model_6,0.6486,0.64661974
12631,model_6,0.1986,0.5470018
12632,model_6,0.0171,0.051508483
12633,model_6,0.1963,0.20849422
12634,model_6,0.1965,0.20409888
12635,model_6,0.9418,0.91910917
12636,model_6,0.5196,0.48554292
12637,model_6,0.8232,0.88762563
12638,model_6,0.1177,0.10599565
12639,model_6,0.721,0.71681064
12640,model_6,0.0585,0.08397558
12641,model_6,0.5093,0.447578
12642,model_6,0.0556,0.018773394
12643,model_6,0.1981,-0.019238394
12644,model_6,0.0863,0.07809046
12645,model_6,0.2411,0.23902586
12646,model_6,0.0484,0.03896896
12647,model_6,-0.0212,-0.011506045
12648,model_6,0.5165,0.4065222
12649,model_6,0.2213,0.19944726
12650,model_6,0.0019,0.042951886
12651,model_6,0.4825,0.50564295
12652,model_6,0.1377,0.13764946
12653,model_6,0.5618,0.56941277
12654,model_6,-0.0784,0.04777654
12655,model_6,0.4283,0.40046516
12656,model_6,0.2691,0.3010794
12657,model_6,0.1053,0.14370836
12658,model_6,0.2661,0.13462646
12659,model_6,0.1647,0.20275345
12660,model_6,0.4259,0.42744485
12661,model_6,0.0386,0.014313094
12662,model_6,0.566,0.587042
12663,model_6,-0.0127,0.11677918
12664,model_6,0.1307,0.17623132
12665,model_6,0.3116,0.27566883
12666,model_6,0.4665,0.48999476
12667,model_6,0.6543,0.62375253
12668,model_6,0.2602,0.28956103
12669,model_6,0.6845,0.590756
12670,model_6,-0.0589,-0.14726414
12671,model_6,0.079,0.09329381
12672,model_6,0.1539,0.16877949
12673,model_6,0.2943,0.32627824
12674,model_6,0.4917,0.5090048
12675,model_6,0.1384,0.06028487
12676,model_6,0.0702,0.03584694
12677,model_6,0.2235,0.2579899
12678,model_6,0.2114,0.20986365
12679,model_6,-0.0125,-0.053372953
12680,model_6,0.1483,0.13696475
12681,model_6,0.1852,0.16390651
12682,model_6,0.0538,0.087213725
12683,model_6,0.0913,0.113430984
12684,model_6,0.1581,0.12233109
12685,model_6,0.1462,0.12731956
12686,model_6,0.6081,0.66860926
12687,model_6,0.4326,0.4344455
12688,model_6,0.1595,0.20032415
12689,model_6,0.2902,0.23120767
12690,model_6,0.2738,0.22757998
12691,model_6,0.2637,0.32194597
12692,model_6,0.4687,0.3468217
12693,model_6,0.2605,0.29862902
12694,model_6,-0.0042,0.05437221
12695,model_6,0.9086,0.97207004
12696,model_6,0.3124,0.38312447
12697,model_6,0.3717,0.34007394
12698,model_6,0.1081,0.14923221
12699,model_6,-0.0283,-0.0067899
12700,model_6,0.1601,0.049204905
12701,model_6,0.1652,0.12444523
12702,model_6,0.1156,0.11716127
12703,model_6,0.3286,0.27363068
12704,model_6,0.1283,0.119029984
12705,model_6,-0.0328,0.0024960837
12706,model_6,0.6685,0.6845656
12707,model_6,0.2951,0.31571212
12708,model_6,0.2457,0.3692083
12709,model_6,-0.0024,-0.008318014
12710,model_6,0.5856,0.58159935
12711,model_6,0.572,0.5496898
12712,model_6,-0.0592,-0.09004053
12713,model_6,0.2104,0.21081214
12714,model_6,0.6566,0.6683397
12715,model_6,0.2643,0.14302503
12716,model_6,0.3508,0.37849128
12717,model_6,0.4756,0.466847
12718,model_6,0.488,0.47919133
12719,model_6,0.5584,0.5109382
12720,model_6,0.0054,0.14042419
12721,model_6,0.5034,0.45955664
12722,model_6,0.0406,0.032239616
12723,model_6,0.1352,0.1377565
12724,model_6,0.0801,0.11325969
12725,model_6,0.065,0.09298906
12726,model_6,0.6081,0.62676275
12727,model_6,0.369,0.406206
12728,model_6,0.0143,0.013160311
12729,model_6,0.8946,0.92302126
12730,model_6,0.3761,0.3620748
12731,model_6,0.1528,0.17407459
12732,model_6,0.0422,0.029019382
12733,model_6,0.2115,0.22062787
12734,model_6,0.8827,0.9012744
12735,model_6,0.2545,0.17247021
12736,model_6,0.206,0.22135822
12737,model_6,0.0591,0.04416569
12738,model_6,0.3763,0.42239672
12739,model_6,0.255,0.22030702
12740,model_6,0.4148,0.3595112
12741,model_6,0.2358,0.21314828
12742,model_6,-0.0634,-0.05834579
12743,model_6,0.1779,0.1330395
12744,model_6,0.166,0.25325364
12745,model_6,0.038,0.073215514
12746,model_6,0.0982,0.11864273
12747,model_6,0.0641,0.059055015
12748,model_6,0.4112,0.37938818
12749,model_6,0.092,0.104803585
12750,model_6,0.0035,0.033985768
12751,model_6,0.2008,0.1710151
12752,model_6,0.0663,0.042637665
12753,model_6,0.5619,0.47031355
12754,model_6,0.0997,0.10687446
12755,model_6,0.1647,0.21524642
12756,model_6,0.1373,0.123896874
12757,model_6,0.3361,0.33170795
12758,model_6,0.0937,0.012420656
12759,model_6,0.563,0.48397684
12760,model_6,0.3155,0.2703431
12761,model_6,0.0261,0.03384832
12762,model_6,0.049,0.0036797416
12763,model_6,0.245,0.1684143
12764,model_6,0.3956,0.39660975
12765,model_6,0.2245,0.26053712
12766,model_6,0.1731,0.08341466
12767,model_6,0.0217,0.025058439
12768,model_6,0.2011,0.1833072
12769,model_6,0.3439,0.3304014
12770,model_6,0.3255,0.3090257
12771,model_6,0.2361,0.17502777
12772,model_6,0.0736,0.030410904
12773,model_6,0.0804,0.05119231
12774,model_6,0.5891,0.59858954
12775,model_6,0.2558,0.22042257
12776,model_6,0.1678,0.2540257
12777,model_6,-0.2197,-0.16792159
12778,model_6,0.1938,0.2398876
12779,model_6,0.0716,0.07079384
12780,model_6,0.2957,0.24027781
12781,model_6,0.2004,0.25940448
12782,model_6,0.0797,0.06290039
12783,model_6,-0.046,0.018191919
12784,model_6,0.1148,0.10919583
12785,model_6,0.0891,0.046496935
12786,model_6,0.2601,0.22471027
12787,model_6,-0.1399,-0.1262906
12788,model_6,0.0176,-0.038453273
12789,model_6,0.0248,0.02051822
12790,model_6,0.6591,0.6950063
12791,model_6,0.3234,0.17002393
12792,model_6,0.1256,0.15018764
12793,model_6,0.3433,0.30774352
12794,model_6,0.5293,0.5293351
12795,model_6,0.1142,0.10398914
12796,model_6,0.3092,0.33462423
12797,model_6,0.039,0.086776756
12798,model_6,0.1734,0.23791307
12799,model_6,-0.1775,-0.15105017
12800,model_6,0.2009,0.1960657
12801,model_6,0.4088,0.29198048
12802,model_6,0.1724,0.09086837
12803,model_6,0.5123,0.5198635
12804,model_6,-0.0811,-0.06854794
12805,model_6,-0.0817,-0.062856436
12806,model_6,0.2125,0.23911726
12807,model_6,-0.1993,-0.19170643
12808,model_6,0.2165,0.18137044
12809,model_6,-0.165,-0.17133951
12810,model_6,-0.1462,-0.16843124
12811,model_6,0.0796,0.04504702
12812,model_6,0.3886,0.35118645
12813,model_6,0.0652,0.08769015
12814,model_6,0.0194,0.0049841166
12815,model_6,0.3042,0.29717025
12816,model_6,0.1018,0.089484945
12817,model_6,0.4397,0.34530568
12818,model_6,0.0723,0.04989336
12819,model_6,0.1931,0.16934396
12820,model_6,0.4281,0.38939068
12821,model_6,0.1722,0.11037101
12822,model_6,-0.0123,0.026823463
12823,model_6,0.1324,0.18183427
12824,model_6,0.4355,0.41162294
12825,model_6,0.5291,0.47375643
12826,model_6,0.6363,0.6066871
12827,model_6,0.1514,0.24062121
12828,model_6,0.1863,0.3147497
12829,model_6,0.4414,0.36981
12830,model_6,0.3719,0.3198813
12831,model_6,0.0158,0.07914494
12832,model_6,0.5778,0.5502711
12833,model_6,0.1629,0.16397452
12834,model_6,0.4192,0.38574612
12835,model_6,0.1708,0.14191252
12836,model_6,0.2558,0.26941895
12837,model_6,0.0917,0.115571044
12838,model_6,0.3537,0.38347715
12839,model_6,-0.0368,-0.0073723304
12840,model_6,0.7761,0.71626276
12841,model_6,0.0891,0.11039996
12842,model_6,-0.0881,-0.12602569
12843,model_6,0.1764,0.1475145
12844,model_6,-0.052,-0.05677365
12845,model_6,0.1426,0.24628696
12846,model_6,0.391,0.40044338
12847,model_6,0.2517,-0.06405749
12848,model_6,0.157,0.14268832
12849,model_6,0.1531,0.16074422
12850,model_6,0.2734,0.28086114
12851,model_6,-0.066,-0.058304597
12852,model_6,-0.0146,-0.004093028
12853,model_6,0.2261,0.25143206
12854,model_6,0.3354,0.30728042
12855,model_6,0.7219,0.6861002
12856,model_6,0.4346,0.41784638
12857,model_6,0.2178,0.17123039
12858,model_6,-0.0181,0.22460407
12859,model_6,0.1517,0.10998968
12860,model_6,-0.1776,-0.19194591
12861,model_6,0.2588,0.266205
12862,model_6,0.0411,0.053645376
12863,model_6,0.1639,0.034855
12864,model_6,0.2243,0.2251366
12865,model_6,0.5976,0.59621555
12866,model_6,-0.1045,-0.12544955
12867,model_6,-0.0606,-0.026353449
12868,model_6,0.1491,0.14773884
12869,model_6,0.3917,0.41285843
12870,model_6,0.1045,0.10622338
12871,model_6,0.1386,0.1092856
12872,model_6,0.1509,0.13555044
12873,model_6,0.0829,0.05885993
12874,model_6,0.8336,0.8318404
12875,model_6,0.1276,0.3654521
12876,model_6,0.0321,-0.00206783
12877,model_6,0.5333,0.44627848
12878,model_6,-0.0972,-0.12469329
12879,model_6,0.1745,0.14699419
12880,model_6,0.4804,0.45042047
12881,model_6,0.4611,0.38861114
12882,model_6,-0.0286,-0.012621567
12883,model_6,0.1235,0.08988483
12884,model_6,0.8562,0.8563977
12885,model_6,0.1649,0.13512021
12886,model_6,0.0255,0.0072686044
12887,model_6,-0.0389,-0.09158203
12888,model_6,-0.1821,-0.21423516
12889,model_6,0.0078,-0.039505083
12890,model_6,0.0857,0.09623075
12891,model_6,0.2202,0.18442453
12892,model_6,0.3746,0.37651706
12893,model_6,0.9284,0.9479453
12894,model_6,0.5441,0.51885015
12895,model_6,0.0203,0.0469145
12896,model_6,0.099,0.104677334
12897,model_6,0.3893,0.37016472
12898,model_6,0.03,0.01594935
12899,model_6,-0.0803,-0.13586326
12900,model_6,0.5742,0.47661006
12901,model_6,0.2608,0.25409696
12902,model_6,0.3424,0.363031
12903,model_6,0.7563,0.7269349
12904,model_6,0.5924,0.49597016
12905,model_6,0.451,0.33556896
12906,model_6,0.3,0.29654178
12907,model_6,0.1947,0.32184637
12908,model_6,-0.0702,-0.10769676
12909,model_6,0.342,0.32493576
12910,model_6,0.3785,0.3569728
12911,model_6,0.2008,0.22518936
12912,model_6,0.67,0.6938043
12913,model_6,0.0135,0.011559384
12914,model_6,0.6326,0.6792419
12915,model_6,0.1651,0.21330056
12916,model_6,-0.0075,0.00378535
12917,model_6,0.3243,0.32163855
12918,model_6,0.3912,0.30928004
12919,model_6,0.0343,0.035881042
12920,model_6,0.1206,0.12330109
12921,model_6,0.1135,0.12908126
12922,model_6,-0.1125,-0.02056201
12923,model_6,0.3516,0.29639748
12924,model_6,0.293,0.24665172
12925,model_6,0.2027,0.24022338
12926,model_6,0.2425,0.24399099
12927,model_6,0.0284,0.03833621
12928,model_6,0.28,0.24981064
12929,model_6,-0.1329,-0.0839908
12930,model_6,-0.1792,-0.20755054
12931,model_6,0.0496,0.024507578
12932,model_6,0.0071,0.033148106
12933,model_6,0.3846,0.32949182
12934,model_6,-0.0135,-0.013919786
12935,model_6,0.4117,0.3483319
12936,model_6,0.4377,0.45196277
12937,model_6,0.2263,0.24352822
12938,model_6,0.5533,0.56337506
12939,model_6,0.0284,0.050304007
12940,model_6,0.1983,0.1911785
12941,model_6,0.4829,0.5232271
12942,model_6,0.9129,0.91105086
12943,model_6,0.2616,0.28201386
12944,model_6,0.1055,0.047627036
12945,model_6,0.0399,0.03892946
12946,model_6,0.7594,0.6391123
12947,model_6,0.1042,0.11520146
12948,model_6,0.1463,0.20314035
12949,model_6,-0.0073,0.018680088
12950,model_6,0.1361,0.12346389
12951,model_6,-0.0054,-0.020079346
12952,model_6,0.0832,0.10468582
12953,model_6,0.1179,0.16063297
12954,model_6,0.1619,0.17997584
12955,model_6,0.2164,0.21744014
12956,model_6,0.5985,0.6197408
12957,model_6,-0.2122,-0.19164874
12958,model_6,0.6985,0.7342289
12959,model_6,0.5042,0.58159804
12960,model_6,0.7343,0.68270046
12961,model_6,0.6019,0.48669025
12962,model_6,1.1122,1.118143
12963,model_6,0.0971,0.10665685
12964,model_6,0.3718,0.32992527
12965,model_6,-0.0553,-0.071952365
12966,model_6,0.0426,0.049402077
12967,model_6,0.35,0.35086784
12968,model_6,0.1098,0.18231468
12969,model_6,0.4064,0.3654876
12970,model_6,0.2813,0.2505416
12971,model_6,0.4188,0.45741135
12972,model_6,0.1664,0.1888726
12973,model_6,0.1342,0.13945025
12974,model_6,0.0433,0.067879304
12975,model_6,0.0848,0.0675162
12976,model_6,-0.0383,0.016864615
12977,model_6,0.4807,0.45211512
12978,model_6,0.5837,0.5230334
12979,model_6,0.0805,0.09580459
12980,model_6,0.3234,0.33623445
12981,model_6,0.2488,0.27516928
12982,model_6,0.1852,0.047508154
12983,model_6,0.1338,0.047201287
12984,model_6,0.1576,0.12162406
12985,model_6,0.5512,0.5505385
12986,model_6,0.4166,0.379734
12987,model_6,0.2141,0.2704665
12988,model_6,0.8555,0.8855773
12989,model_6,0.4522,0.47740203
12990,model_6,0.3551,0.30445826
12991,model_6,0.2276,0.18306105
12992,model_6,0.1845,0.19423105
12993,model_6,0.3565,0.31073618
12994,model_6,0.5087,0.5293111
12995,model_6,0.0695,0.08186595
12996,model_6,0.1732,0.24253681
12997,model_6,-0.0577,-0.10025073
12998,model_6,0.1981,0.1801353
12999,model_6,-0.1917,-0.24151294
13000,model_6,0.2953,0.39749718
13001,model_6,0.296,0.2688104
13002,model_6,0.487,0.44352603
13003,model_6,0.2441,0.22393101
13004,model_6,0.0522,0.033355214
13005,model_6,0.0191,0.045631174
13006,model_6,-0.0034,0.07467356
13007,model_6,0.0962,0.046248604
13008,model_6,-0.0496,-0.030825913
13009,model_6,0.0264,-0.07482492
13010,model_6,0.3547,0.35226616
13011,model_6,0.2352,0.25301826
13012,model_6,0.3528,0.37822795
13013,model_6,-0.0739,0.00797485
13014,model_6,0.9373,0.93882865
13015,model_6,0.6157,0.67137504
13016,model_6,-0.1214,-0.17903605
13017,model_6,0.2627,0.31032586
13018,model_6,0.4245,0.44106346
13019,model_6,0.4759,0.41261142
13020,model_6,0.3899,0.26625255
13021,model_6,0.284,0.29814604
13022,model_6,0.1183,0.11815438
13023,model_6,0.137,0.11386709
13024,model_6,0.0825,-0.1105782
13025,model_6,0.291,0.27586448
13026,model_6,0.5936,0.66337675
13027,model_6,0.2891,0.29205692
13028,model_6,0.1963,0.25167325
13029,model_6,0.0478,0.067917824
13030,model_6,-0.2112,-0.21505159
13031,model_6,0.429,0.41362858
13032,model_6,0.4055,0.3920424
13033,model_6,0.0052,-0.07328664
13034,model_6,0.11,0.11374025
13035,model_6,0.5224,0.55230105
13036,model_6,0.2109,0.25846168
13037,model_6,0.0963,0.059953403
13038,model_6,0.0973,0.054386172
13039,model_6,0.3659,0.4263293
13040,model_6,-0.0723,-0.07253963
13041,model_6,0.1341,0.08612581
13042,model_6,0.1894,0.18492901
13043,model_6,0.0907,0.08874616
13044,model_6,-0.0892,-0.075073615
13045,model_6,0.6345,0.661949
13046,model_6,0.7779,0.79497916
13047,model_6,0.1558,0.1600232
13048,model_6,0.2271,0.31729728
13049,model_6,0.1716,0.071790114
13050,model_6,0.2336,0.24525452
13051,model_6,0.1207,0.18345912
13052,model_6,0.9467,0.9282743
13053,model_6,0.7206,0.81573886
13054,model_6,0.2789,0.25760543
13055,model_6,0.3348,0.34952727
13056,model_6,0.1485,0.16887431
13057,model_6,0.1808,0.13884921
13058,model_6,0.2877,0.16561101
13059,model_6,0.4756,0.40912366
13060,model_6,0.2724,0.3013484
13061,model_6,0.142,0.097559646
13062,model_6,-0.0088,0.14043394
13063,model_6,0.1715,0.08849877
13064,model_6,0.5349,0.58246994
13065,model_6,0.1872,0.17901282
13066,model_6,0.0341,0.05822748
13067,model_6,0.5408,0.5896334
13068,model_6,0.46,0.44035217
13069,model_6,0.1282,0.08977763
13070,model_6,0.0597,-0.06665115
13071,model_6,0.0547,0.042097747
13072,model_6,0.2546,0.26327583
13073,model_6,0.0538,0.006086469
13074,model_6,0.2136,0.21548021
13075,model_6,0.2111,0.23340844
13076,model_6,0.3971,0.3559683
13077,model_6,0.3892,0.41068318
13078,model_6,0.1469,0.18969625
13079,model_6,0.2855,0.33682075
13080,model_6,0.065,0.13638598
13081,model_6,0.1539,0.13349295
13082,model_6,0.0312,0.048022356
13083,model_6,0.8707,0.87941366
13084,model_6,0.2785,0.26311892
13085,model_6,0.2351,0.37041268
13086,model_6,-0.0285,-0.00015458046
13087,model_6,0.3096,0.27966136
13088,model_6,0.0264,0.034612063
13089,model_6,0.0795,0.031235654
13090,model_6,0.0566,0.068833865
13091,model_6,0.2144,0.17438273
13092,model_6,0.4176,0.4007484
13093,model_6,0.3137,0.23658757
13094,model_6,0.154,0.17326598
13095,model_6,-0.0804,-0.08196591
13096,model_6,0.0441,0.039845947
13097,model_6,0.0269,0.09350924
13098,model_6,0.0114,0.037335668
13099,model_6,0.0689,0.018239217
13100,model_6,0.3162,0.3455831
13101,model_6,0.3555,0.34507114
13102,model_6,-0.0222,0.005463597
13103,model_6,0.1238,0.1046747
13104,model_6,0.1071,0.15016489
13105,model_6,0.2458,0.28072488
13106,model_6,0.2583,0.26311657
13107,model_6,0.1056,0.110512435
13108,model_6,0.2645,0.24812588
13109,model_6,0.211,0.16847403
13110,model_6,0.5544,0.515944
13111,model_6,0.0287,0.03402724
13112,model_6,0.072,0.035570763
13113,model_6,0.452,0.4111997
13114,model_6,0.1095,0.11303055
13115,model_6,0.8376,0.8743754
13116,model_6,0.5036,0.6348621
13117,model_6,0.3726,0.37536696
13118,model_6,0.1951,0.06672391
13119,model_6,0.2187,0.19156253
13120,model_6,0.3652,0.41593653
13121,model_6,0.327,0.351219
13122,model_6,0.0355,0.082229406
13123,model_6,0.5786,0.6050075
13124,model_6,0.2727,0.3684202
13125,model_6,0.1646,0.1499938
13126,model_6,0.1424,0.16359863
13127,model_6,0.2931,0.3269877
13128,model_6,0.1301,0.11111646
13129,model_6,0.3108,0.32369992
13130,model_6,0.1729,0.10628102
13131,model_6,-0.2126,-0.19978783
13132,model_6,0.3504,0.21255438
13133,model_6,-0.0529,-0.10732509
13134,model_6,0.5158,0.6279007
13135,model_6,0.6658,0.67482734
13136,model_6,0.2048,0.17788492
13137,model_6,0.0162,0.021418406
13138,model_6,0.0962,0.07340973
13139,model_6,0.3612,0.31132036
13140,model_6,0.1472,0.12650138
13141,model_6,0.782,0.827184
13142,model_6,0.1146,0.110380165
13143,model_6,0.1863,0.1648963
13144,model_6,0.5125,0.5745002
13145,model_6,0.1419,0.16229531
13146,model_6,0.1435,0.082414314
13147,model_6,0.2646,0.3067179
13148,model_6,0.7454,0.7612727
13149,model_6,0.9861,1.0108021
13150,model_6,0.1417,0.16861981
13151,model_6,0.4211,0.37098318
13152,model_6,0.1873,0.22777042
13153,model_6,0.0253,-0.01098315
13154,model_6,0.1456,0.17163023
13155,model_6,0.2658,0.18001586
13156,model_6,0.0329,0.09668936
13157,model_6,0.0307,0.053510565
13158,model_6,0.5141,0.44751933
13159,model_6,0.1393,0.13205224
13160,model_6,0.9072,0.933179
13161,model_6,-0.0024,-0.039903264
13162,model_6,0.3241,0.41474545
13163,model_6,0.4579,0.44087327
13164,model_6,0.2838,0.2035326
13165,model_6,0.1896,0.21322194
13166,model_6,0.2833,0.36971056
13167,model_6,0.1595,0.1851392
13168,model_6,0.0519,0.2395461
13169,model_6,0.0289,0.06651734
13170,model_6,0.0332,0.095192656
13171,model_6,0.365,0.28230035
13172,model_6,1e-04,0.03522964
13173,model_6,0.5036,0.51206154
13174,model_6,0.4386,0.37242237
13175,model_6,0.1015,0.152531
13176,model_6,0.1862,0.119021
13177,model_6,0.0048,-0.04376715
13178,model_6,-0.0113,0.017968774
13179,model_6,0.5677,0.5441143
13180,model_6,0.314,0.28495592
13181,model_6,0.197,0.2726019
13182,model_6,0.2981,0.32052627
13183,model_6,0.385,0.39754206
13184,model_6,0.0922,0.12123805
13185,model_6,0.1423,0.17191738
13186,model_6,0.2113,0.18668325
13187,model_6,0.8454,0.8880004
13188,model_6,0.4754,0.47521257
13189,model_6,0.0502,0.0028541829
13190,model_6,0.1413,0.09079278
13191,model_6,-0.0554,-0.07500995
13192,model_6,0.1681,0.15818486
13193,model_6,0.4217,0.4351774
13194,model_6,0.1583,0.15647532
13195,model_6,0.2031,0.29094085
13196,model_6,0.4481,0.41747755
13197,model_6,0.591,0.5657833
13198,model_6,0.3445,0.31980044
13199,model_6,0.2028,0.015511032
13200,model_6,0.3105,0.33817086
13201,model_6,0.0532,0.15759775
13202,model_6,0.1011,0.07376639
13203,model_6,0.0554,0.07885261
13204,model_6,0.3909,0.35756904
13205,model_6,0.6055,0.560152
13206,model_6,-0.0279,-0.048152726
13207,model_6,0.1032,0.118660405
13208,model_6,0.0946,0.13791904
13209,model_6,0.0314,0.044134002
13210,model_6,-0.0354,-0.055373836
13211,model_6,0.4957,0.48352057
13212,model_6,0.0657,0.14645948
13213,model_6,0.1778,0.20262885
13214,model_6,0.2782,0.29130986
13215,model_6,0.2589,0.27967662
13216,model_6,0.452,0.43621755
13217,model_6,0.0613,0.01167139
13218,model_6,0.0072,0.008449638
13219,model_6,1.1488,1.1618454
13220,model_6,0.7791,0.7296537
13221,model_6,0.773,0.82232714
13222,model_6,0.0352,0.10001552
13223,model_6,0.2377,0.28451926
13224,model_6,0.0594,0.050608687
13225,model_6,0.0983,0.06451579
13226,model_6,0.1972,0.19047518
13227,model_6,0.517,0.5997885
13228,model_6,-0.0333,0.0077594803
13229,model_6,0.0014,0.018343871
13230,model_6,0.0082,0.039425712
13231,model_6,0.1248,0.2312238
13232,model_6,0.3919,0.43595102
13233,model_6,0.7631,0.77800816
13234,model_6,0.1827,0.10342567
13235,model_6,0.457,0.49264562
13236,model_6,0.0033,0.016202046
13237,model_6,0.0113,0.0072367867
13238,model_6,0.1388,0.09505437
13239,model_6,-0.0542,-0.113297515
13240,model_6,0.7521,0.76733536
13241,model_6,-0.0126,0.024198812
13242,model_6,0.9116,0.8904354
13243,model_6,0.4736,0.49162155
13244,model_6,0.9467,0.88267684
13245,model_6,0.8626,0.87139773
13246,model_6,0.4525,0.34907666
13247,model_6,0.4805,0.4584608
13248,model_6,0.2294,0.15471949
13249,model_6,0.2109,0.18688941
13250,model_6,0.3895,0.23806009
13251,model_6,0.6194,0.63875395
13252,model_6,0.336,0.31148255
13253,model_6,0.3508,0.33221853
13254,model_6,0.1063,0.09107117
13255,model_6,0.3209,0.25081205
13256,model_6,-0.1305,0.063780025
13257,model_6,0.1308,0.105173424
13258,model_6,0.2332,0.22651994
13259,model_6,0.0262,0.048476893
13260,model_6,0.4121,0.3653566
13261,model_6,0.5795,0.5292563
13262,model_6,-0.2184,-0.15056765
13263,model_6,0.1944,0.18689156
13264,model_6,0.3266,0.2274796
13265,model_6,0.7498,0.71522796
13266,model_6,0.0748,0.15053153
13267,model_6,0.2608,0.35061485
13268,model_6,0.6066,0.62341624
13269,model_6,-0.049,-0.018073203
13270,model_6,0.4533,0.35814512
13271,model_6,0.0489,0.047978375
13272,model_6,-0.0524,-0.042852573
13273,model_6,0.1214,0.07221966
13274,model_6,0.1349,0.039389502
13275,model_6,0.5979,0.6040095
13276,model_6,0.0872,0.11600493
13277,model_6,0.318,0.3323089
13278,model_6,0.2653,0.27838802
13279,model_6,0.0808,0.07536833
13280,model_6,0.1323,0.07141802
13281,model_6,0.096,0.10852356
13282,model_6,0.299,0.30873814
13283,model_6,0.0033,0.011786057
13284,model_6,-0.0092,0.020744853
13285,model_6,0.272,0.2586866
13286,model_6,0.4508,0.38463977
13287,model_6,0.2634,0.2628917
13288,model_6,0.1633,0.18364164
13289,model_6,0.1333,0.09391288
13290,model_6,0.3495,0.32928908
13291,model_6,0.1048,0.18721204
13292,model_6,0.1198,0.048312355
13293,model_6,-0.0043,0.055733554
13294,model_6,0.4489,0.2539048
13295,model_6,0.1631,0.17953908
13296,model_6,0.9563,0.92968357
13297,model_6,0.4738,0.47780943
13298,model_6,0.0725,0.12506855
13299,model_6,0.4155,0.4516723
13300,model_6,0.1499,0.11504659
13301,model_6,0.0688,0.07572354
13302,model_6,0.0381,0.010934526
13303,model_6,0.3569,0.3525205
13304,model_6,0.7972,0.8587554
13305,model_6,0.2212,0.24321456
13306,model_6,0.355,0.29494795
13307,model_6,0.336,0.36715347
13308,model_6,0.5555,0.60176927
13309,model_6,0.4603,0.5263663
13310,model_6,0.7141,0.7446407
13311,model_6,0.265,0.24506983
13312,model_6,-0.1181,-0.036122087
13313,model_6,0.0851,0.058875192
13314,model_6,0.385,0.4016745
13315,model_6,0.1071,0.0509242
13316,model_6,-0.0117,-0.014086589
13317,model_6,0.1963,0.18829757
13318,model_6,0.1242,0.13654612
13319,model_6,0.4865,0.45201337
13320,model_6,-0.1261,-0.07128725
13321,model_6,0.2501,0.18979314
13322,model_6,0.4312,0.42318386
13323,model_6,0.2962,0.20902765
13324,model_6,0.218,0.2612885
13325,model_6,0.3698,0.35890502
13326,model_6,0.7461,0.68651825
13327,model_6,0.194,0.21714391
13328,model_6,0.1808,0.11164475
13329,model_6,0.4745,0.5398704
13330,model_6,0.3008,0.24651542
13331,model_6,0.2046,0.19897005
13332,model_6,0.1094,0.24624172
13333,model_6,-0.2134,-0.20760648
13334,model_6,0.5296,0.53208476
13335,model_6,0.1539,0.22175533
13336,model_6,0.0766,0.0532758
13337,model_6,0.6032,0.6250148
13338,model_6,0.2886,0.26690733
13339,model_6,0.7923,0.6076451
13340,model_6,0.5686,0.56394947
13341,model_6,0.2972,0.3077159
13342,model_6,0.3508,0.36810872
13343,model_6,0.3847,0.43389833
13344,model_6,0.4299,0.26186138
13345,model_6,0.2939,0.37847567
13346,model_6,0.1845,0.21564308
13347,model_6,-0.0479,-0.040494505
13348,model_6,0.172,0.16717364
13349,model_6,0.1248,0.088553265
13350,model_6,0.5103,0.47431007
13351,model_6,0.1977,0.15417244
13352,model_6,0.1619,0.048164625
13353,model_6,0.2296,0.22208054
13354,model_6,0.1099,0.11438484
13355,model_6,-0.0637,-0.08624477
13356,model_6,0.8403,0.87741655
13357,model_6,0.0637,0.08885943
13358,model_6,0.2041,0.16025554
13359,model_6,0.0465,0.050414626
13360,model_6,0.0101,0.098225534
13361,model_6,0.2409,0.2673153
13362,model_6,0.0093,0.0315658
13363,model_6,0.4028,0.40387714
13364,model_6,0.2084,0.17621395
13365,model_6,0.1163,0.028145071
13366,model_6,0.5024,0.50001556
13367,model_6,0.2284,0.20828027
13368,model_6,0.8808,0.884604
13369,model_6,0.2597,0.14192817
13370,model_6,0.072,0.11934672
13371,model_6,0.1738,0.15652293
13372,model_6,0.4511,0.41101077
13373,model_6,0.052,0.0033149854
13374,model_6,-0.0326,-0.017872883
13375,model_6,0.4512,0.4721554
13376,model_6,0.3017,0.2144494
13377,model_6,0.1598,0.14789078
13378,model_6,0.1222,0.072455235
13379,model_6,0.0635,0.080910355
13380,model_6,0.6543,0.664456
13381,model_6,0.4857,0.48419574
13382,model_6,0.1966,0.32475767
13383,model_6,0.5113,0.44528043
13384,model_6,0.1198,0.09032494
13385,model_6,0.0328,-0.14205346
13386,model_6,0.0196,0.0562747
13387,model_6,0.0331,0.058399078
13388,model_6,0.4467,0.40427145
13389,model_6,-0.0102,0.03169632
13390,model_6,0.058,0.091443315
13391,model_6,0.2564,0.27387455
13392,model_6,0.6732,0.6719303
13393,model_6,0.4332,0.3850701
13394,model_6,0.0675,0.03598833
13395,model_6,0.6779,0.674046
13396,model_6,0.7647,0.7665331
13397,model_6,-0.0555,0.058915216
13398,model_6,0.373,0.40427974
13399,model_6,0.0998,0.03129466
13400,model_6,0.1463,0.12902705
13401,model_6,-0.0189,-0.057933267
13402,model_6,0.0831,0.0728886
13403,model_6,0.1446,0.1655986
13404,model_6,0.638,0.62633836
13405,model_6,0.6596,0.7123791
13406,model_6,0.2615,0.20969874
13407,model_6,-0.0527,-0.07989076
13408,model_6,0.1305,0.10783656
13409,model_6,0.479,0.46177292
13410,model_6,-0.0128,-0.017525364
13411,model_6,0.2885,0.2751201
13412,model_6,0.8212,0.84386015
13413,model_6,0.9306,0.78409845
13414,model_6,0.254,0.20884308
13415,model_6,0.166,0.23571706
13416,model_6,0.4765,0.4927492
13417,model_6,0.1633,0.07133536
13418,model_6,0.1265,0.12225062
13419,model_6,0.1724,0.1575888
13420,model_6,0.4079,0.3916558
13421,model_6,0.6684,0.6914418
13422,model_6,0.1849,0.12174245
13423,model_6,-0.0953,-0.1113657
13424,model_6,0.5769,0.58137643
13425,model_6,0.3919,0.39354557
13426,model_6,0.4085,0.39982906
13427,model_6,0.144,0.13190591
13428,model_6,0.2652,0.26615283
13429,model_6,0.1924,0.1334642
13430,model_6,0.9163,0.91762316
13431,model_6,0.1918,0.15828694
13432,model_6,0.7624,0.8392537
13433,model_6,0.485,0.41425267
13434,model_6,0.0751,0.11879127
13435,model_6,-0.05,0.1433522
13436,model_6,0.2362,0.24859877
13437,model_6,0.348,0.28045502
13438,model_6,0.5385,0.499617
13439,model_6,0.3454,0.4738819
13440,model_6,0.1225,0.04347102
13441,model_6,0.0754,0.08550835
13442,model_6,0.6634,0.710185
13443,model_6,0.1094,0.0818024
13444,model_6,0.1368,0.17558217
13445,model_6,0.2327,0.3105999
13446,model_6,0.4911,0.48864606
13447,model_6,0.2826,0.25975585
13448,model_6,0.1687,0.42887023
13449,model_6,0.0848,0.10126132
13450,model_6,-0.176,-0.15856819
13451,model_6,0.0121,0.026653038
13452,model_6,0.6249,0.6400611
13453,model_6,0.4349,0.33077207
13454,model_6,0.4019,0.25467566
13455,model_6,0.1304,0.19118322
13456,model_6,0.2117,0.17376235
13457,model_6,0.0995,0.1990504
13458,model_6,0.4471,0.5080909
13459,model_6,0.203,0.22445306
13460,model_6,0.033,0.045763794
13461,model_6,-0.152,-0.15526015
13462,model_6,-0.0279,0.025899563
13463,model_6,0.6791,0.68846923
13464,model_6,-0.0085,-0.003981489
13465,model_6,0.2231,0.22253336
13466,model_6,0.6359,0.6171766
13467,model_6,0.7664,0.771269
13468,model_6,0.4791,0.40009642
13469,model_6,0.2057,0.13615195
13470,model_6,0.0699,0.09135468
13471,model_6,0.1294,0.031092985
13472,model_6,0.3033,0.32860535
13473,model_6,0.1264,0.2607976
13474,model_6,0.2875,0.348182
13475,model_6,0.6002,0.6331259
13476,model_6,0.4248,0.36916065
13477,model_6,0.4448,0.5599188
13478,model_6,0.1347,0.16120946
13479,model_6,0.3252,0.23866585
13480,model_6,0.2669,0.41797012
13481,model_6,0.3598,0.42368877
13482,model_6,-0.0156,0.006861853
13483,model_6,0.4737,0.49331436
13484,model_6,0.0403,0.064137556
13485,model_6,0.5694,0.55275035
13486,model_6,0.4045,0.40149486
13487,model_6,0.009,0.014922686
13488,model_6,0.1342,0.08507598
13489,model_6,0.7054,0.73372453
13490,model_6,0.3168,0.3567297
13491,model_6,0.1717,0.1580379
13492,model_6,0.2772,0.24958938
13493,model_6,0.8242,0.76124644
13494,model_6,0.2709,0.28957832
13495,model_6,0.0393,0.089114174
13496,model_6,0.147,0.10440756
13497,model_6,0.3942,0.32410997
13498,model_6,0.1524,0.14917204
13499,model_6,0.2367,0.18096118
13500,model_6,0.2284,0.25747606
13501,model_6,-0.1283,-0.2572381
13502,model_6,0.6358,0.59376115
13503,model_6,0.0786,0.0813764
13504,model_6,0.5718,0.56488305
13505,model_6,0.066,0.38526323
13506,model_6,0.2079,0.14526245
13507,model_6,0.0708,0.04853609
13508,model_6,-0.054,-0.07553584
13509,model_6,0.1035,0.079345696
13510,model_6,0.108,0.16253872
13511,model_6,0.3439,0.31550506
13512,model_6,0.0384,0.06670142
13513,model_6,0.2795,0.3070361
13514,model_6,-0.1262,-0.15318508
13515,model_6,0.438,0.49280167
13516,model_6,0.3907,0.3773477
13517,model_6,-0.0814,-0.12032373
13518,model_6,0.1678,0.23700234
13519,model_6,0.0802,0.08231185
13520,model_6,0.1455,0.18836427
13521,model_6,0.2875,0.30981064
13522,model_6,0.0117,0.0040243897
13523,model_6,0.4269,0.4282419
13524,model_6,0.1911,0.26683438
13525,model_6,0.0549,0.045104448
13526,model_6,0.2011,0.22222929
13527,model_6,0.5978,0.61645955
13528,model_6,0.0324,-0.07384287
13529,model_6,0.2864,0.271931
13530,model_6,0.1105,0.100364946
13531,model_6,-0.1103,-0.12573594
13532,model_6,0.4346,0.49723405
13533,model_6,0.2428,0.4197266
13534,model_6,0.0361,0.06010117
13535,model_6,0.2358,0.18261632
13536,model_6,-0.0825,-0.027571347
13537,model_6,0.0403,0.03384256
13538,model_6,0.1929,0.0025043455
13539,model_6,0.244,0.17830345
13540,model_6,0.3449,0.29176915
13541,model_6,0.2486,0.07432832
13542,model_6,0.0712,0.21100858
13543,model_6,-0.103,-0.13057552
13544,model_6,0.3753,0.2752127
13545,model_6,0.0006,-0.017066617
13546,model_6,0.044,0.032098994
13547,model_6,0.1785,0.14506139
13548,model_6,0.4131,0.42101523
13549,model_6,0.2087,0.23513271
13550,model_6,0.3613,0.3105048
13551,model_6,0.0645,0.07873991
13552,model_6,0.0967,0.09090931
13553,model_6,0.6455,0.7027584
13554,model_6,0.1528,0.15770409
13555,model_6,1.0079,1.0220929
13556,model_6,0.6653,0.6432006
13557,model_6,0.0932,0.08021822
13558,model_6,-0.0429,-0.0803994
13559,model_6,0.0913,0.1208405
13560,model_6,0.6575,0.6496765
13561,model_6,0.8496,0.85000384
13562,model_6,0.2605,0.28192937
13563,model_6,0.3398,0.33455685
13564,model_6,0.2501,0.22490276
13565,model_6,0.271,0.25729886
13566,model_6,-0.061,-0.049043622
13567,model_6,0.4203,0.3458514
13568,model_6,-0.0005,0.052268345
13569,model_6,0.1558,0.12962015
13570,model_6,0.3335,0.36967912
13571,model_6,-0.0132,-0.031289842
13572,model_6,-0.1693,-0.16009822
13573,model_6,0.165,0.22763903
13574,model_6,0.1295,0.091798306
13575,model_6,0.175,0.16932178
13576,model_6,-0.0299,0.048770607
13577,model_6,0.0498,-0.06789702
13578,model_6,0.216,0.20138253
13579,model_6,0.7059,0.72526205
13580,model_6,0.3241,0.33834657
13581,model_6,0.2366,0.24757752
13582,model_6,0.131,0.1655131
13583,model_6,0.3216,0.3966337
13584,model_6,0.5217,0.6093068
13585,model_6,0.0427,0.03649502
13586,model_6,0.2335,0.2126421
13587,model_6,0.1227,0.12195395
13588,model_6,0.1921,0.25254676
13589,model_6,-0.1265,-0.1575643
13590,model_6,0.0169,0.027753653
13591,model_6,0.1836,0.18735442
13592,model_6,0.4508,0.45542634
13593,model_6,0.2019,0.1475894
13594,model_6,0.2379,0.22714469
13595,model_6,0.308,0.34678894
13596,model_6,0.4073,0.40050113
13597,model_6,0.221,0.20734143
13598,model_6,0.1163,0.12877011
13599,model_6,0.0952,0.05532333
13600,model_6,0.4853,0.47865438
13601,model_6,0.1418,0.11509722
13602,model_6,0.6652,0.6699361
13603,model_6,0.0419,0.09003389
13604,model_6,0.1895,0.1979287
13605,model_6,-0.0431,-0.108739585
13606,model_6,-0.0173,0.0041070827
13607,model_6,0.5333,0.22079805
13608,model_6,0.8141,0.83460516
13609,model_6,0.454,0.39136052
13610,model_6,0.0665,0.052037474
13611,model_6,0.1774,0.17024925
13612,model_6,0.1839,0.116047926
13613,model_6,0.1469,0.16245168
13614,model_6,-0.5033,0.17119706
13615,model_6,0.3018,0.34591454
13616,model_6,0.1145,0.11603025
13617,model_6,0.0179,-0.05041566
13618,model_6,0.6383,0.6266739
13619,model_6,0.36,0.21188352
13620,model_6,0.0825,0.16343138
13621,model_6,0.6585,0.70849997
13622,model_6,0.2583,0.41119456
13623,model_6,0.1623,0.15285917
13624,model_6,-0.1698,-0.1297392
13625,model_6,0.1941,0.2569676
13626,model_6,0.3273,0.32760215
13627,model_6,0.1749,0.16507381
13628,model_6,0.3254,0.30633157
13629,model_6,0.0251,0.021052511
13630,model_6,0.0766,0.08489905
13631,model_6,-0.016,-0.0030259485
13632,model_6,0.3858,0.44827583
13633,model_6,-0.0388,0.066247426
13634,model_6,0.3729,0.31721556
13635,model_6,0.1852,0.13353345
13636,model_6,0.6184,0.6600718
13637,model_6,0.3669,0.33144736
13638,model_6,0.1481,0.04336484
13639,model_6,0.0361,0.031005211
13640,model_6,0.3179,0.3250405
13641,model_6,0.223,0.09161943
13642,model_6,0.0428,0.016170874
13643,model_6,0.1823,0.29818863
13644,model_6,0.1405,0.13770929
13645,model_6,0.0957,0.11202266
13646,model_6,0.5819,0.5920747
13647,model_6,-0.1337,-0.0883512
13648,model_6,0.2142,0.15178877
13649,model_6,-0.0016,0.029658146
13650,model_6,0.5373,0.48887137
13651,model_6,0.1383,0.2054803
13652,model_6,0.3459,0.32118204
13653,model_6,0.1608,0.10200911
13654,model_6,0.8387,0.8263212
13655,model_6,0.1567,0.12813306
13656,model_6,0.0416,-0.0014113891
13657,model_6,0.1188,0.1465726
13658,model_6,0.3047,0.26120204
13659,model_6,0.1303,0.11808308
13660,model_6,-0.085,-0.07384944
13661,model_6,-0.0164,0.0030905888
13662,model_6,0.1152,0.09277308
13663,model_6,-0.0169,-0.048372574
13664,model_6,0.1036,0.1446597
13665,model_6,0.5212,0.468997
13666,model_6,0.3666,0.37415496
13667,model_6,-0.098,-0.15373434
13668,model_6,0.1084,0.08920285
13669,model_6,0.8723,0.9104038
13670,model_6,0.1322,0.15792319
13671,model_6,0.1147,0.104115665
13672,model_6,0.1247,0.04771656
13673,model_6,-0.1924,-0.19080016
13674,model_6,0.449,0.43783802
13675,model_6,0.3894,0.36545515
13676,model_6,0.5257,0.54391754
13677,model_6,0.1153,0.07506868
13678,model_6,0.0533,0.034051538
13679,model_6,0.1737,0.15860897
13680,model_6,0.03,0.042824753
13681,model_6,-0.0147,-0.02229571
13682,model_6,0.2641,0.21509138
13683,model_6,0.4854,0.46332467
13684,model_6,0.3445,0.39858985
13685,model_6,0.4229,0.41545266
13686,model_6,0.0477,0.077435404
13687,model_6,0.1157,0.17776701
13688,model_6,0.441,0.421237
13689,model_6,0.1002,0.11406061
13690,model_6,0.8973,0.90705377
13691,model_6,-0.0655,-0.04483303
13692,model_6,0.3526,0.28353888
13693,model_6,0.4466,0.37644356
13694,model_6,0.0852,0.033921663
13695,model_6,0.7809,0.76558805
13696,model_6,0.0133,0.0308131
13697,model_6,0.4147,0.4481695
13698,model_6,0.0922,0.08850246
13699,model_6,0.1637,0.07841086
13700,model_6,0.2647,0.3162202
13701,model_6,0.2417,0.19387329
13702,model_6,0.1029,0.066828445
13703,model_6,0.2201,0.23921032
13704,model_6,0.0164,0.023786206
13705,model_6,0.6812,0.6582804
13706,model_6,0.0405,0.106561124
13707,model_6,0.5053,0.48026592
13708,model_6,0.2447,0.2139825
13709,model_6,0.4093,0.45031705
13710,model_6,0.0639,0.123701155
13711,model_6,0.0072,0.06708113
13712,model_6,0.5435,0.521991
13713,model_6,0.2698,0.22409779
13714,model_6,0.3711,0.3267525
13715,model_6,0.2884,0.20342064
13716,model_6,0.1866,0.12028064
13717,model_6,0.9287,0.9054372
13718,model_6,0.175,0.18169194
13719,model_6,-0.0025,0.013778981
13720,model_6,0.1725,0.18820818
13721,model_6,0.6452,0.69150645
13722,model_6,0.3289,0.2440423
13723,model_6,0.5133,0.4924201
13724,model_6,0.3051,0.2879573
13725,model_6,0.8136,0.84389096
13726,model_6,0.2089,0.2549804
13727,model_6,0.8454,0.87656754
13728,model_6,0.7122,0.7174298
13729,model_6,0.1855,0.22479649
13730,model_6,0.4717,0.4846452
13731,model_6,0.4186,0.43523574
13732,model_6,0.5399,0.5226754
13733,model_6,0.1329,0.21254443
13734,model_6,0.1832,0.20907354
13735,model_6,0.169,0.3224485
13736,model_6,-0.0272,-0.015588136
13737,model_6,0.0991,0.10010597
13738,model_6,0.7323,0.75047666
