,model,truevals,predvals
0,model_2,0.1742,0.17001915
1,model_2,0.3472,0.3379548
2,model_2,0.2622,0.20957375
3,model_2,0.0902,0.07913558
4,model_2,0.2579,0.27220973
5,model_2,0.2599,0.26577342
6,model_2,0.0246,0.01542489
7,model_2,0.2669,0.26482525
8,model_2,0.1207,0.09711623
9,model_2,0.0055,0.032839686
10,model_2,0.5098,0.48012808
11,model_2,-0.012,0.05648081
12,model_2,0.7691,0.74835414
13,model_2,0.5229,0.4743989
14,model_2,0.3393,0.23690955
15,model_2,0.1309,0.11650394
16,model_2,0.172,0.18225391
17,model_2,0.0511,0.045858644
18,model_2,-0.0566,-0.07581707
19,model_2,0.6193,0.5774657
20,model_2,0.2788,0.2964978
21,model_2,0.3404,0.13689966
22,model_2,0.018,0.061815426
23,model_2,0.109,0.13607411
24,model_2,0.5985,0.6364525
25,model_2,0.216,0.19012012
26,model_2,0.0461,0.034436204
27,model_2,0.4293,0.24217246
28,model_2,0.3765,0.34137443
29,model_2,0.7156,0.7418851
30,model_2,0.1617,0.16584621
31,model_2,0.0708,0.049772292
32,model_2,0.0481,0.074001715
33,model_2,0.452,0.46508482
34,model_2,-0.0023,-0.043304183
35,model_2,0.5507,0.45341036
36,model_2,0.1282,0.14444704
37,model_2,0.082,0.056716308
38,model_2,0.4076,0.33429343
39,model_2,-0.0092,0.18328314
40,model_2,-0.1556,-0.14605829
41,model_2,0.7308,0.7215882
42,model_2,0.2341,0.22995834
43,model_2,0.679,0.6937421
44,model_2,0.2077,0.18299355
45,model_2,0.5919,0.5981489
46,model_2,0.1955,0.14881212
47,model_2,0.4366,0.33977118
48,model_2,0.1824,0.18716379
49,model_2,0.3717,0.22280097
50,model_2,0.0313,0.03550238
51,model_2,-0.0219,-0.003269555
52,model_2,0.0104,0.05937408
53,model_2,-0.032,-0.049241796
54,model_2,-0.0008,0.023599667
55,model_2,0.1056,0.03444366
56,model_2,0.9643,0.9115965
57,model_2,0.4371,0.4700401
58,model_2,0.4938,0.55449206
59,model_2,0.6281,0.5625209
60,model_2,0.2727,0.29855797
61,model_2,0.5963,0.5722336
62,model_2,0.4225,0.4094393
63,model_2,0.142,0.17745622
64,model_2,0.1854,0.19082028
65,model_2,0.0249,0.048575133
66,model_2,0.2698,0.2682822
67,model_2,0.4806,0.3768446
68,model_2,0.6473,0.6216724
69,model_2,0.0937,0.15615533
70,model_2,0.2429,0.2572004
71,model_2,0.1974,0.142484
72,model_2,0.2327,0.2859329
73,model_2,0.0672,0.09341502
74,model_2,0.7554,0.7577273
75,model_2,0.4633,0.43184158
76,model_2,0.5518,0.5437223
77,model_2,0.2451,0.41423532
78,model_2,0.4036,0.36438844
79,model_2,0.2338,0.16462237
80,model_2,0.0979,0.09206708
81,model_2,0.1907,0.16532436
82,model_2,0.0072,0.015555425
83,model_2,0.2432,0.28135613
84,model_2,0.2318,0.11746867
85,model_2,-0.0746,-0.027603611
86,model_2,0.4221,0.45854306
87,model_2,0.1755,0.1874159
88,model_2,0.2446,0.24321835
89,model_2,0.0904,0.086133726
90,model_2,0.0879,0.11622873
91,model_2,0.6955,0.62805337
92,model_2,0.0591,0.048870653
93,model_2,0.6959,0.6684443
94,model_2,-0.1278,-0.118622005
95,model_2,0.0624,0.08822022
96,model_2,0.0442,0.055148922
97,model_2,0.6297,0.60973287
98,model_2,0.2852,0.26237833
99,model_2,0.0936,0.115567416
100,model_2,0.0606,0.03546507
101,model_2,0.1987,0.25002798
102,model_2,0.09,0.06166476
103,model_2,0.2364,0.23940422
104,model_2,0.4779,0.4540976
105,model_2,0.1909,0.23874201
106,model_2,0.1822,0.22519776
107,model_2,0.69,0.7077586
108,model_2,0.2662,0.19856864
109,model_2,0.1372,0.16033158
110,model_2,0.1736,0.20145829
111,model_2,0.696,0.6736401
112,model_2,0.2744,0.23330839
113,model_2,0.1972,0.16587569
114,model_2,0.2457,0.28900772
115,model_2,0.1107,0.12095338
116,model_2,0.3896,0.3777431
117,model_2,0.2898,0.29372233
118,model_2,-0.0475,-0.041718274
119,model_2,-0.1115,-0.053078692
120,model_2,0.0938,0.13244279
121,model_2,0.1639,0.17183356
122,model_2,0.6244,0.5913906
123,model_2,0.2373,0.21561728
124,model_2,0.3146,0.36217684
125,model_2,0.2164,0.2500445
126,model_2,0.1153,0.14552844
127,model_2,0.2167,0.21019544
128,model_2,-0.0591,0.00060535036
129,model_2,0.1402,0.12781458
130,model_2,0.1971,0.2614117
131,model_2,0.3754,0.36862466
132,model_2,0.3665,0.3840252
133,model_2,0.7798,0.7490268
134,model_2,0.3074,0.3381979
135,model_2,0.4226,0.39146903
136,model_2,0.0883,0.06670134
137,model_2,0.4308,0.44818226
138,model_2,0.3496,0.3687627
139,model_2,0.8872,0.8410991
140,model_2,0.0269,0.03005719
141,model_2,0.0201,0.031167647
142,model_2,0.0545,0.03362453
143,model_2,0.408,0.40919846
144,model_2,0.4498,0.40765563
145,model_2,0.5567,0.5506845
146,model_2,0.1679,0.19061701
147,model_2,0.3179,0.23197202
148,model_2,0.2809,0.23566596
149,model_2,0.0747,0.09328977
150,model_2,0.407,0.3783032
151,model_2,0.8929,0.8528622
152,model_2,0.2375,0.2546136
153,model_2,0.0772,0.09642004
154,model_2,-0.0934,-0.08194015
155,model_2,0.5798,0.59287965
156,model_2,0.0314,0.010543408
157,model_2,0.2242,0.23602392
158,model_2,0.0061,0.04345829
159,model_2,0.3947,0.38921753
160,model_2,0.0621,0.05102043
161,model_2,0.3024,0.29957813
162,model_2,-0.0431,-0.023860486
163,model_2,0.1099,0.110382125
164,model_2,0.1365,0.13070126
165,model_2,0.0725,0.07407951
166,model_2,-0.0899,-0.071358204
167,model_2,0.0829,0.1292799
168,model_2,0.1587,0.15468878
169,model_2,-0.1932,-0.14641422
170,model_2,0.3215,0.26083437
171,model_2,0.2174,0.27905235
172,model_2,0.1512,0.17073628
173,model_2,0.2669,0.2723173
174,model_2,0.8352,0.8157858
175,model_2,0.892,0.85200447
176,model_2,-0.0143,0.00798442
177,model_2,0.1767,0.1777892
178,model_2,0.1139,0.09850284
179,model_2,0.6466,0.62987447
180,model_2,-0.0505,-0.042845443
181,model_2,0.7133,0.731198
182,model_2,0.0452,0.06925666
183,model_2,-0.1859,-0.15534873
184,model_2,0.2571,0.2476391
185,model_2,0.2027,0.18368448
186,model_2,0.4073,0.39295325
187,model_2,0.5139,0.53757036
188,model_2,-0.0494,-0.04208454
189,model_2,0.112,0.09033839
190,model_2,0.4012,0.39612994
191,model_2,0.3709,0.30483058
192,model_2,-0.0446,-0.045567594
193,model_2,0.6359,0.6247883
194,model_2,0.2515,0.2659913
195,model_2,0.037,0.0019712877
196,model_2,0.1999,0.22359821
197,model_2,0.3295,0.29948956
198,model_2,0.0831,0.04969787
199,model_2,0.0657,0.075651616
200,model_2,-0.0492,-0.0294464
201,model_2,0.1556,0.15633127
202,model_2,0.2235,0.2229845
203,model_2,0.4035,0.3548914
204,model_2,-0.2038,-0.1644266
205,model_2,0.3139,0.26317677
206,model_2,0.6596,0.6359706
207,model_2,0.4091,0.38357553
208,model_2,0.0072,-0.0026560351
209,model_2,0.0985,0.04185836
210,model_2,-0.0895,0.085703574
211,model_2,0.0799,0.11269325
212,model_2,0.5198,0.51229626
213,model_2,0.1625,0.19335003
214,model_2,0.0867,0.085246995
215,model_2,0.0994,0.121671066
216,model_2,0.3815,0.38401493
217,model_2,0.5326,0.58264774
218,model_2,0.621,0.58612436
219,model_2,0.2191,0.28885612
220,model_2,0.1298,0.1556031
221,model_2,0.2678,0.13433655
222,model_2,0.0903,0.09072164
223,model_2,0.3403,0.3645438
224,model_2,1.0553,1.0643679
225,model_2,0.1953,0.19082575
226,model_2,0.4376,0.46067026
227,model_2,0.2136,0.19808446
228,model_2,0.7193,0.6853537
229,model_2,0.5463,0.51525795
230,model_2,0.1313,0.13165347
231,model_2,0.2144,0.27367058
232,model_2,0.0857,0.105524525
233,model_2,0.1052,0.1713364
234,model_2,0.0242,0.08940846
235,model_2,0.1174,0.07222821
236,model_2,0.0628,0.12118389
237,model_2,0.1227,0.15089819
238,model_2,0.068,0.06751302
239,model_2,0.4677,0.45038202
240,model_2,0.0784,0.13649337
241,model_2,0.0617,0.098219216
242,model_2,0.0255,0.08149266
243,model_2,0.3808,0.39255235
244,model_2,0.2358,0.30109587
245,model_2,-0.1035,-0.116181925
246,model_2,-0.0109,0.00047036447
247,model_2,0.1382,0.115753606
248,model_2,0.2491,0.21767604
249,model_2,0.31,0.22051197
250,model_2,0.331,0.3496513
251,model_2,0.0336,0.053413898
252,model_2,0.3975,0.39426842
253,model_2,0.3994,0.38714865
254,model_2,0.0091,-0.010534896
255,model_2,0.1408,0.13020782
256,model_2,0.4389,0.41920656
257,model_2,-0.0265,-0.053627692
258,model_2,0.0209,0.05328454
259,model_2,0.1397,0.12564342
260,model_2,0.2075,0.24185525
261,model_2,0.0072,0.04462661
262,model_2,0.1147,0.04872656
263,model_2,0.1494,0.13136765
264,model_2,0.8995,0.872609
265,model_2,0.4714,0.473124
266,model_2,0.1718,0.17093587
267,model_2,0.128,0.04555586
268,model_2,0.222,0.23223032
269,model_2,0.2756,0.33905593
270,model_2,0.7367,0.7374262
271,model_2,0.0059,0.029183472
272,model_2,0.2641,0.2605381
273,model_2,0.2558,0.25360197
274,model_2,0.3925,0.40242258
275,model_2,0.09,0.05973184
276,model_2,0.3312,0.37009948
277,model_2,0.0923,0.13618346
278,model_2,0.74,0.74526775
279,model_2,0.4446,0.4032065
280,model_2,0.3847,0.36428866
281,model_2,0.1489,0.16503058
282,model_2,0.1605,0.19714276
283,model_2,0.3687,0.33598703
284,model_2,0.2024,0.13979809
285,model_2,0.1016,0.09393809
286,model_2,0.3067,0.3142242
287,model_2,0.2185,0.22773992
288,model_2,0.3781,0.3852046
289,model_2,0.1113,0.12780222
290,model_2,-0.0748,-0.027768278
291,model_2,0.0462,0.015934726
292,model_2,0.1681,0.1690555
293,model_2,0.1543,0.19493349
294,model_2,0.8037,0.7977868
295,model_2,0.395,0.33017
296,model_2,0.8889,0.8735998
297,model_2,0.2505,0.20231047
298,model_2,0.1992,0.2029766
299,model_2,0.2787,0.24577178
300,model_2,0.1438,0.09747538
301,model_2,0.502,0.4402552
302,model_2,0.8745,0.85625374
303,model_2,0.4289,0.35090384
304,model_2,0.0447,0.03429471
305,model_2,-0.0261,0.021080041
306,model_2,0.1399,0.16353215
307,model_2,-0.1683,-0.19597532
308,model_2,0.0411,0.05464618
309,model_2,0.1003,0.07799004
310,model_2,0.0585,0.057935476
311,model_2,0.1376,0.11545718
312,model_2,0.0391,0.1275902
313,model_2,0.2753,0.28733703
314,model_2,0.0601,0.05986186
315,model_2,0.1261,0.14784175
316,model_2,0.2749,0.2507816
317,model_2,0.1857,0.29093987
318,model_2,0.0964,0.059762284
319,model_2,0.4942,0.49301955
320,model_2,0.2662,0.26387593
321,model_2,0.3008,0.22984396
322,model_2,0.0856,0.10730535
323,model_2,0.1389,0.19486868
324,model_2,0.3661,0.38399488
325,model_2,0.0594,0.06294964
326,model_2,0.3458,0.38449398
327,model_2,0.0687,0.07825325
328,model_2,0.3593,0.3916612
329,model_2,0.137,0.118992954
330,model_2,0.1341,0.15548997
331,model_2,0.151,0.16973749
332,model_2,0.1554,0.2378046
333,model_2,0.5598,0.5433911
334,model_2,-0.0274,0.0025125388
335,model_2,0.6533,0.636736
336,model_2,0.2517,0.14955626
337,model_2,0.0926,0.059157908
338,model_2,-0.0574,-0.05063854
339,model_2,0.2857,0.31492707
340,model_2,0.0515,0.07828221
341,model_2,0.3514,0.31781492
342,model_2,0.252,0.2878612
343,model_2,0.1008,0.06850496
344,model_2,0.0225,0.051587343
345,model_2,0.0394,-0.052905083
346,model_2,0.0743,0.16634616
347,model_2,0.187,0.20257434
348,model_2,-0.0037,0.02408724
349,model_2,0.0697,0.1080516
350,model_2,0.0024,0.04653068
351,model_2,0.7582,0.7202688
352,model_2,-0.0397,-0.05335331
353,model_2,0.0431,0.16953391
354,model_2,0.5601,0.54942745
355,model_2,0.2331,0.21108948
356,model_2,0.4086,0.43133527
357,model_2,0.0462,0.023978053
358,model_2,0.6001,0.63273877
359,model_2,0.1585,0.1545137
360,model_2,0.0796,0.13025261
361,model_2,0.172,0.17022389
362,model_2,0.1548,0.1550423
363,model_2,-0.0393,0.0037685465
364,model_2,0.1352,0.127669
365,model_2,0.0435,0.07450768
366,model_2,0.1,0.16470228
367,model_2,0.1049,0.11436796
368,model_2,0.1261,0.1051348
369,model_2,0.6819,0.68912655
370,model_2,0.7945,0.8264382
371,model_2,0.3399,0.3855119
372,model_2,0.2338,0.18191117
373,model_2,0.2269,0.32358745
374,model_2,0.5148,0.50503105
375,model_2,0.0329,0.08218168
376,model_2,0.3382,0.31983072
377,model_2,0.1607,0.21762966
378,model_2,0.0783,0.07920363
379,model_2,0.4299,0.41500852
380,model_2,0.3417,0.29597154
381,model_2,0.0644,0.0478149
382,model_2,0.1874,0.19663997
383,model_2,0.4444,0.46823362
384,model_2,0.1076,0.16476293
385,model_2,0.7568,0.76481825
386,model_2,0.7964,0.79510754
387,model_2,0.1392,0.097827256
388,model_2,0.1921,0.19200961
389,model_2,0.4004,0.34646234
390,model_2,0.5228,0.46649185
391,model_2,0.2043,0.17495666
392,model_2,0.0782,0.068126865
393,model_2,0.3981,0.32849607
394,model_2,0.0923,0.10204011
395,model_2,0.1557,0.23565929
396,model_2,0.1577,0.24460636
397,model_2,0.3898,0.3930772
398,model_2,0.4326,0.3996432
399,model_2,0.2068,0.20734517
400,model_2,-0.0641,-0.062431984
401,model_2,0.2673,0.26953068
402,model_2,0.2614,0.19697711
403,model_2,0.4236,0.42449442
404,model_2,0.4216,0.2951125
405,model_2,0.0039,0.010851776
406,model_2,0.2115,0.21942551
407,model_2,0.3192,0.31743982
408,model_2,0.1936,0.17855869
409,model_2,0.1521,0.18617828
410,model_2,0.9456,0.8900662
411,model_2,0.1815,0.20075296
412,model_2,0.038,0.00021606497
413,model_2,0.2374,0.290826
414,model_2,0.1278,0.1154926
415,model_2,0.2961,0.2335187
416,model_2,0.3698,0.34318516
417,model_2,0.0429,0.06033124
418,model_2,0.1916,0.21117647
419,model_2,0.7071,0.7105225
420,model_2,0.1587,0.24381249
421,model_2,0.0935,0.09568061
422,model_2,0.3822,0.38209537
423,model_2,0.4384,0.338521
424,model_2,0.2496,0.23428838
425,model_2,0.0946,0.075768486
426,model_2,0.1308,0.14382279
427,model_2,-0.0099,0.17391919
428,model_2,0.1972,0.1857628
429,model_2,0.157,0.14445245
430,model_2,0.2671,0.25559172
431,model_2,0.1013,0.0637835
432,model_2,0.0989,0.19083996
433,model_2,0.0766,0.1499585
434,model_2,0.1012,0.100952856
435,model_2,0.2133,0.21230687
436,model_2,0.0708,0.050004885
437,model_2,0.0181,-0.017090922
438,model_2,0.0122,0.018042197
439,model_2,0.2103,0.23502146
440,model_2,0.1885,0.18723093
441,model_2,-0.0396,0.03417007
442,model_2,0.0187,0.02711304
443,model_2,0.1929,0.17209959
444,model_2,0.1387,0.106928274
445,model_2,0.0165,0.03242284
446,model_2,0.2901,0.22539075
447,model_2,0.0601,0.07739908
448,model_2,0.5366,0.55694073
449,model_2,0.1732,0.16004223
450,model_2,0.0193,0.027845105
451,model_2,-0.1786,-0.16342185
452,model_2,0.2832,0.25114694
453,model_2,0.4806,0.43090484
454,model_2,0.6522,0.6252622
455,model_2,0.1207,0.08536701
456,model_2,0.3049,0.3405852
457,model_2,0.2049,0.19792639
458,model_2,0.1401,0.121069685
459,model_2,0.683,0.64774805
460,model_2,0.0571,0.026453516
461,model_2,0.6791,0.67520964
462,model_2,0.0824,0.119873405
463,model_2,0.0552,0.01616778
464,model_2,-0.0671,0.051246658
465,model_2,0.0288,0.036878496
466,model_2,0.1335,0.14271241
467,model_2,0.0382,0.0886922
468,model_2,0.4276,0.42763826
469,model_2,-0.0289,-0.048322745
470,model_2,0.2181,0.20888887
471,model_2,0.0106,0.024446925
472,model_2,-0.1842,-0.13578235
473,model_2,0.01,0.00072586536
474,model_2,0.2519,0.2587534
475,model_2,0.5574,0.5128487
476,model_2,0.471,0.50834817
477,model_2,0.5793,0.5386245
478,model_2,0.0751,0.03402514
479,model_2,0.0549,0.07352476
480,model_2,-0.1231,-0.084380075
481,model_2,0.3804,0.40712556
482,model_2,0.2664,0.31113452
483,model_2,0.031,0.038126662
484,model_2,0.0874,0.115295306
485,model_2,0.3037,0.3469168
486,model_2,0.3791,0.26346907
487,model_2,0.2324,0.2211104
488,model_2,0.3635,0.37731165
489,model_2,0.395,0.42446968
490,model_2,0.0645,0.08405059
491,model_2,0.0271,-0.013018163
492,model_2,0.2627,0.2781022
493,model_2,0.0887,0.14020748
494,model_2,0.2047,0.22744931
495,model_2,0.034,0.03796739
496,model_2,0.3421,0.33630076
497,model_2,0.3269,0.3250722
498,model_2,-0.006,-0.009296831
499,model_2,0.2316,0.23308219
500,model_2,0.2071,0.21971413
501,model_2,0.5018,0.5175508
502,model_2,0.3524,0.38077492
503,model_2,0.451,0.41920272
504,model_2,0.4261,0.40864825
505,model_2,0.1756,0.23356424
506,model_2,0.2647,0.27082297
507,model_2,0.3887,0.39480707
508,model_2,0.1819,0.11920768
509,model_2,0.2084,0.22014509
510,model_2,-0.0771,-0.054855973
511,model_2,0.0167,0.0039999094
512,model_2,0.1493,0.199129
513,model_2,0.1321,0.23766683
514,model_2,0.2606,0.2336962
515,model_2,0.3859,0.3991395
516,model_2,0.3265,0.31178966
517,model_2,0.1341,0.15406914
518,model_2,0.0887,0.09063207
519,model_2,0.3338,0.34579363
520,model_2,0.1151,0.08990222
521,model_2,0.1444,0.2124374
522,model_2,0.1779,0.21860656
523,model_2,-0.0053,0.039945394
524,model_2,0.3247,0.29356775
525,model_2,0.8948,0.8988735
526,model_2,0.2932,0.28172085
527,model_2,0.0862,0.123741314
528,model_2,0.5758,0.59653455
529,model_2,0.0271,0.026149182
530,model_2,0.1548,0.13592984
531,model_2,0.1415,0.30441204
532,model_2,0.1234,0.157358
533,model_2,0.1187,0.1255783
534,model_2,0.0769,0.074287504
535,model_2,0.0464,0.057421997
536,model_2,0.1216,0.13596515
537,model_2,0.3501,0.3409213
538,model_2,0.216,0.20532073
539,model_2,0.439,0.44421858
540,model_2,0.307,0.29814896
541,model_2,0.3651,0.39710906
542,model_2,0.3807,0.36876908
543,model_2,-0.1916,-0.15717673
544,model_2,0.1908,0.17978443
545,model_2,-0.0462,0.042100087
546,model_2,-0.0505,-0.018549697
547,model_2,0.4435,0.46821603
548,model_2,0.5313,0.55119246
549,model_2,0.0167,0.0019828808
550,model_2,0.0434,0.04685063
551,model_2,0.1337,0.14253272
552,model_2,0.969,0.94880444
553,model_2,0.2204,0.22194175
554,model_2,0.1229,0.115018725
555,model_2,-0.0462,-0.080007024
556,model_2,0.0578,0.08846451
557,model_2,0.3519,0.3578757
558,model_2,0.9655,0.9755271
559,model_2,-0.0981,-0.09280082
560,model_2,0.1246,0.1325821
561,model_2,0.7556,0.7450288
562,model_2,0.4195,0.44147402
563,model_2,-0.0871,-0.05767838
564,model_2,0.2512,0.28402567
565,model_2,0.1583,0.09224909
566,model_2,0.3908,0.43090233
567,model_2,0.2208,0.20991084
568,model_2,0.0368,-0.01081636
569,model_2,0.3757,0.38645646
570,model_2,0.0815,0.069231704
571,model_2,0.1276,0.1717477
572,model_2,0.3034,0.28259864
573,model_2,0.6166,0.6122282
574,model_2,0.0655,0.063721895
575,model_2,0.0029,-0.019692713
576,model_2,0.4797,0.46096176
577,model_2,0.2118,0.1812812
578,model_2,0.1921,0.18439184
579,model_2,0.332,0.30036873
580,model_2,0.4133,0.37664312
581,model_2,0.7797,0.7333768
582,model_2,0.1041,0.049210005
583,model_2,0.2709,0.31668416
584,model_2,-0.0555,-0.05621413
585,model_2,0.1385,0.1427673
586,model_2,0.0562,0.066022195
587,model_2,0.2844,0.23329489
588,model_2,0.2881,0.29160973
589,model_2,0.1092,0.08851997
590,model_2,0.5503,0.57222915
591,model_2,0.2216,0.25119826
592,model_2,0.2046,0.1579829
593,model_2,0.406,0.3707733
594,model_2,0.7724,0.77029955
595,model_2,0.1091,0.13235898
596,model_2,0.6962,0.70620614
597,model_2,-0.0485,0.048975155
598,model_2,-0.0599,0.055419147
599,model_2,-0.076,-0.082888454
600,model_2,0.1179,0.11585538
601,model_2,0.5081,0.51577955
602,model_2,0.3315,0.31357464
603,model_2,0.2623,0.2717134
604,model_2,0.1938,0.15627007
605,model_2,0.314,0.38197213
606,model_2,-0.0801,-0.10134479
607,model_2,0.1009,0.10080263
608,model_2,0.3551,0.3613753
609,model_2,0.153,0.013755092
610,model_2,0.2559,0.27174
611,model_2,0.2024,0.23039307
612,model_2,0.03,0.037916988
613,model_2,0.2319,0.21015832
614,model_2,0.0034,-0.028995898
615,model_2,0.0206,0.074432805
616,model_2,0.1494,0.13654195
617,model_2,0.8532,0.8339374
618,model_2,-0.0564,-0.023535656
619,model_2,-0.0499,-0.04288941
620,model_2,1.1149,1.1582655
621,model_2,-0.0019,-0.0067596007
622,model_2,0.3064,0.3015666
623,model_2,-0.0339,-0.049543478
624,model_2,0.3182,0.3169796
625,model_2,0.2744,0.27193752
626,model_2,0.4154,0.40524778
627,model_2,0.1947,0.28280532
628,model_2,0.0489,0.026111046
629,model_2,0.0224,-0.004008429
630,model_2,0.0982,0.10886912
631,model_2,0.0544,0.03590309
632,model_2,0.2342,0.18492271
633,model_2,0.4862,0.5272382
634,model_2,0.3874,0.39863023
635,model_2,0.0772,0.062134415
636,model_2,0.0587,0.02394061
637,model_2,0.5955,0.61051184
638,model_2,0.1503,0.14456157
639,model_2,0.172,0.122203216
640,model_2,0.0931,0.12454723
641,model_2,0.2157,0.17441799
642,model_2,0.2849,0.22206174
643,model_2,0.4719,0.50798184
644,model_2,0.4176,0.2258326
645,model_2,0.4579,0.47708932
646,model_2,0.4159,0.41067722
647,model_2,0.8342,0.8568743
648,model_2,0.0905,0.15557663
649,model_2,0.6247,0.6300778
650,model_2,0.3393,0.36651203
651,model_2,0.6266,0.614811
652,model_2,0.5577,0.5589978
653,model_2,0.2399,0.19575097
654,model_2,0.2094,0.23501994
655,model_2,0.1543,0.1572543
656,model_2,0.7775,0.7623094
657,model_2,0.2499,0.1477157
658,model_2,-0.0878,-0.048939414
659,model_2,0.4701,0.45559305
660,model_2,0.4016,0.24989991
661,model_2,0.0427,0.040556714
662,model_2,-0.1047,-0.043149002
663,model_2,0.2577,0.25311813
664,model_2,0.4925,0.4915643
665,model_2,0.1066,0.13195364
666,model_2,0.3636,0.3804751
667,model_2,-0.0344,-0.0114865545
668,model_2,0.1362,0.17389087
669,model_2,0.2301,0.21275793
670,model_2,0.7444,0.7624264
671,model_2,0.2985,0.30293652
672,model_2,0.5036,0.58291787
673,model_2,-0.0446,-0.0030498747
674,model_2,0.2211,0.19294508
675,model_2,0.2122,0.22340338
676,model_2,0.3038,0.32969135
677,model_2,0.2825,0.24995403
678,model_2,0.169,0.15247653
679,model_2,0.3098,0.35043967
680,model_2,0.1704,0.15439793
681,model_2,0.2319,0.16759421
682,model_2,0.0874,0.13915962
683,model_2,0.4624,0.42631066
684,model_2,0.0298,0.07128066
685,model_2,0.1836,0.15351434
686,model_2,0.2052,0.20780678
687,model_2,0.3052,0.30050382
688,model_2,0.0353,0.03743189
689,model_2,0.3946,0.43361664
690,model_2,0.1838,0.16746578
691,model_2,-0.0284,-0.007614957
692,model_2,0.1889,0.2339078
693,model_2,0.2465,0.2757525
694,model_2,0.3971,0.40814725
695,model_2,-0.0124,-0.043124788
696,model_2,0.1483,0.04937765
697,model_2,0.3929,0.40280026
698,model_2,0.0385,0.033407435
699,model_2,0.7409,0.7485468
700,model_2,0.4319,0.42266658
701,model_2,0.3547,0.38694647
702,model_2,0.4181,0.30414858
703,model_2,0.0931,0.09157181
704,model_2,0.2301,0.32118073
705,model_2,0.5099,0.51421005
706,model_2,0.1069,0.1453116
707,model_2,0.1407,0.21240558
708,model_2,0.0037,0.0061094295
709,model_2,0.4797,0.50106275
710,model_2,0.3761,0.45897916
711,model_2,0.2996,0.27386472
712,model_2,0.7375,0.70496196
713,model_2,0.0485,0.10662633
714,model_2,0.4683,0.31487134
715,model_2,0.3488,0.35616788
716,model_2,0.1223,0.108513966
717,model_2,0.0192,0.07891933
718,model_2,0.1933,0.13885744
719,model_2,0.2714,0.25349134
720,model_2,0.2649,0.29942572
721,model_2,0.0531,0.06298276
722,model_2,0.6831,0.7003986
723,model_2,0.2859,0.299311
724,model_2,0.6383,0.61996514
725,model_2,0.6986,0.69947463
726,model_2,0.1041,0.11120057
727,model_2,0.8284,0.8177654
728,model_2,0.2697,0.30701098
729,model_2,-0.0009,-0.021351168
730,model_2,0.6451,0.5944775
731,model_2,0.284,0.3087605
732,model_2,0.128,0.14664842
733,model_2,0.2157,0.14847122
734,model_2,0.0139,0.04740315
735,model_2,-0.0144,0.06674707
736,model_2,0.3147,0.26949087
737,model_2,0.4315,0.32335746
738,model_2,0.2161,0.23916699
739,model_2,0.3573,0.28902
740,model_2,0.796,0.8043328
741,model_2,0.2933,0.30010644
742,model_2,-0.0881,-0.074276336
743,model_2,0.1768,0.08002453
744,model_2,0.7058,0.62047684
745,model_2,0.2011,0.19653666
746,model_2,-0.0115,0.051989943
747,model_2,0.2119,0.21281518
748,model_2,0.4586,0.47272798
749,model_2,0.0233,0.054519385
750,model_2,0.0122,0.030963568
751,model_2,0.0983,0.13460119
752,model_2,0.2722,0.28097576
753,model_2,0.2299,0.17877737
754,model_2,0.4251,0.3793637
755,model_2,0.0889,0.12710308
756,model_2,0.5073,0.5173709
757,model_2,-0.046,-0.054342933
758,model_2,0.1097,0.103393406
759,model_2,0.2813,0.296447
760,model_2,0.0009,-0.03863711
761,model_2,0.42,0.42911837
762,model_2,0.1115,0.09938523
763,model_2,0.0718,0.10293807
764,model_2,0.354,0.35135007
765,model_2,0.0613,0.054443814
766,model_2,0.2332,0.29427
767,model_2,0.1617,0.1618963
768,model_2,0.1241,0.12840043
769,model_2,0.2725,0.29120776
770,model_2,-0.0938,-0.05898848
771,model_2,0.1787,0.16183457
772,model_2,0.0769,0.08072113
773,model_2,0.6247,0.6299898
774,model_2,0.6025,0.5910495
775,model_2,0.2224,0.21913874
776,model_2,0.221,0.21351038
777,model_2,-0.0957,-0.06878402
778,model_2,0.6228,0.6231593
779,model_2,0.1402,0.075302325
780,model_2,0.0785,0.07760111
781,model_2,0.4649,0.40800974
782,model_2,0.0534,0.0716308
783,model_2,0.0432,-0.034990266
784,model_2,0.0857,0.11625573
785,model_2,0.1494,0.15565678
786,model_2,0.1702,0.15612718
787,model_2,0.0555,0.059153095
788,model_2,0.5607,0.54790926
789,model_2,0.2211,0.25234118
790,model_2,0.1829,0.20634867
791,model_2,0.0828,0.10956387
792,model_2,0.1185,0.14009155
793,model_2,0.4689,0.44446412
794,model_2,-0.0693,-0.0073342863
795,model_2,0.2431,0.27292705
796,model_2,0.33,0.30101332
797,model_2,0.24,0.20643914
798,model_2,0.4048,0.41871446
799,model_2,0.2911,0.19588594
800,model_2,0.3472,0.2962214
801,model_2,0.5212,0.52938414
802,model_2,-0.1166,-0.10754532
803,model_2,0.4418,0.38294482
804,model_2,0.6453,0.6433109
805,model_2,1.0596,0.99414164
806,model_2,0.0343,0.03676285
807,model_2,-0.0838,-0.07735212
808,model_2,0.5552,0.5625505
809,model_2,0.3621,0.32664666
810,model_2,0.4155,0.4378272
811,model_2,0.038,0.06674018
812,model_2,0.1143,0.06382275
813,model_2,0.2364,0.24105732
814,model_2,0.0131,-0.009121299
815,model_2,0.0897,0.08996343
816,model_2,-0.1081,-0.092341386
817,model_2,-0.1038,-0.09087947
818,model_2,0.116,0.14663734
819,model_2,-0.0411,0.072569504
820,model_2,0.466,0.41091558
821,model_2,0.2888,0.22451712
822,model_2,-0.0303,-0.05091556
823,model_2,-0.0305,-0.016163876
824,model_2,0.2728,0.2930623
825,model_2,0.1741,0.17351383
826,model_2,0.0994,0.09485456
827,model_2,0.2165,0.3780497
828,model_2,0.007,-0.0047989283
829,model_2,0.0392,0.080041364
830,model_2,-0.1455,-0.12862828
831,model_2,0.0619,0.05399072
832,model_2,0.0353,0.07114348
833,model_2,0.5533,0.5400029
834,model_2,-0.1663,-0.13327284
835,model_2,0.6809,0.6676955
836,model_2,0.2929,0.29020175
837,model_2,-0.0058,0.006620193
838,model_2,0.0898,0.11763923
839,model_2,0.145,0.14784037
840,model_2,0.2094,0.15164061
841,model_2,0.2704,0.24998944
842,model_2,0.1188,0.1424643
843,model_2,0.6314,0.63743216
844,model_2,0.1406,0.13904373
845,model_2,0.2022,0.23031925
846,model_2,0.7652,0.7765892
847,model_2,0.1621,0.14377661
848,model_2,0.2178,0.22244327
849,model_2,0.2726,0.28684154
850,model_2,0.2363,0.27594897
851,model_2,0.4139,0.41129756
852,model_2,0.1825,0.16421832
853,model_2,0.5016,0.5119229
854,model_2,0.6347,0.6116422
855,model_2,0.7554,0.72725135
856,model_2,0.1027,0.077646226
857,model_2,-0.1094,-0.09471007
858,model_2,0.3547,0.36714646
859,model_2,0.1812,0.17511289
860,model_2,0.0262,0.025822574
861,model_2,0.0849,0.06858984
862,model_2,0.1437,0.12686487
863,model_2,0.6159,0.6422044
864,model_2,0.0411,0.02140789
865,model_2,0.2955,0.27937666
866,model_2,-0.1151,-0.09817347
867,model_2,-0.0708,-0.08295916
868,model_2,0.114,0.09424868
869,model_2,0.0524,0.044131443
870,model_2,0.5501,0.41386744
871,model_2,0.4371,0.4294109
872,model_2,0.317,0.3136786
873,model_2,0.0996,0.09964438
874,model_2,0.1167,0.08840948
875,model_2,0.1268,0.08023015
876,model_2,-0.0176,0.14596644
877,model_2,0.1506,0.13775514
878,model_2,0.3276,0.39111552
879,model_2,0.0706,0.05822669
880,model_2,0.1064,0.1509916
881,model_2,0.1381,0.08733757
882,model_2,0.131,0.068402275
883,model_2,0.4821,0.48706082
884,model_2,0.9283,0.9090707
885,model_2,0.1891,0.1868924
886,model_2,0.6693,0.62827224
887,model_2,0.2743,0.2484232
888,model_2,0.3777,0.40344924
889,model_2,0.2924,0.27006832
890,model_2,0.4658,0.49903896
891,model_2,0.1288,0.26171127
892,model_2,0.2396,0.20664866
893,model_2,0.2653,0.18925887
894,model_2,0.5545,0.5529148
895,model_2,0.0018,-0.018619085
896,model_2,0.6518,0.6108069
897,model_2,0.0395,0.036172256
898,model_2,0.0265,0.006155787
899,model_2,0.3094,0.24179699
900,model_2,-0.0164,-0.0041179676
901,model_2,-0.034,0.013390509
902,model_2,0.5405,0.5065407
903,model_2,0.2763,0.28077534
904,model_2,0.3355,0.2747076
905,model_2,0.0487,0.011511212
906,model_2,0.0896,0.10430893
907,model_2,0.1681,0.16394487
908,model_2,0.0166,0.034155153
909,model_2,-0.0155,0.16249686
910,model_2,0.2346,0.22162415
911,model_2,0.1132,0.10841608
912,model_2,0.1397,0.11803964
913,model_2,0.1894,0.15506287
914,model_2,0.3475,0.34993342
915,model_2,1.0591,1.0161743
916,model_2,0.4116,0.36335835
917,model_2,-0.1343,-0.08918701
918,model_2,0.439,0.4223729
919,model_2,0.3957,0.3927481
920,model_2,0.1604,0.10283837
921,model_2,0.0968,0.08440341
922,model_2,0.0297,0.10139066
923,model_2,-0.0063,-0.0718094
924,model_2,0.6647,0.55595773
925,model_2,0.0672,0.051033966
926,model_2,0.1363,0.13606468
927,model_2,0.1498,0.19930582
928,model_2,0.3098,0.31235844
929,model_2,0.2873,0.31521446
930,model_2,0.616,0.6144486
931,model_2,0.443,0.4099171
932,model_2,0.0946,0.10577805
933,model_2,0.5633,0.5269013
934,model_2,0.4075,0.46355355
935,model_2,0.2196,0.27172056
936,model_2,0.9663,0.9755025
937,model_2,0.2389,0.1874891
938,model_2,0.4569,0.44725046
939,model_2,-0.1852,-0.14368649
940,model_2,0.371,0.3739867
941,model_2,0.121,0.05371958
942,model_2,0.0422,0.123429656
943,model_2,0.1244,0.09093553
944,model_2,0.1458,0.18984805
945,model_2,0.1452,0.18287712
946,model_2,0.844,0.8462973
947,model_2,0.7141,0.7373721
948,model_2,0.2651,0.23303114
949,model_2,0.2086,0.18545476
950,model_2,0.0579,0.09346508
951,model_2,0.8904,0.87766874
952,model_2,0.7091,0.70052606
953,model_2,0.2084,0.22544202
954,model_2,0.3998,0.36555502
955,model_2,0.386,0.33641118
956,model_2,0.4518,0.41679397
957,model_2,0.1744,0.16963439
958,model_2,0.2014,0.168895
959,model_2,0.2316,0.21187831
960,model_2,0.0691,0.04962504
961,model_2,0.1996,0.22335726
962,model_2,0.9073,0.8796698
963,model_2,-0.1141,-0.12999742
964,model_2,0.253,0.27646166
965,model_2,0.0579,0.19846179
966,model_2,0.1161,0.10589783
967,model_2,-0.0969,-0.07080684
968,model_2,0.1143,0.13874157
969,model_2,0.1262,0.09739299
970,model_2,-0.0383,-0.013305107
971,model_2,0.1223,0.14502002
972,model_2,0.298,0.29301038
973,model_2,0.0674,0.059698477
974,model_2,0.3549,0.36875707
975,model_2,-0.0195,0.007938316
976,model_2,0.0172,0.036054507
977,model_2,0.4372,0.4762136
978,model_2,0.3388,0.37107053
979,model_2,-0.0483,-0.04869706
980,model_2,0.3049,0.2574745
981,model_2,0.1893,0.19597471
982,model_2,0.0767,0.06912184
983,model_2,0.4799,0.45674977
984,model_2,0.1223,0.10773051
985,model_2,0.1656,0.12414682
986,model_2,0.1588,0.24503203
987,model_2,0.266,0.29862934
988,model_2,-0.0093,-0.0063159745
989,model_2,0.1792,0.27963004
990,model_2,0.3388,0.35225877
991,model_2,0.2381,0.22969462
992,model_2,0.1068,0.09442456
993,model_2,0.2227,0.27369532
994,model_2,0.0028,-0.00857144
995,model_2,0.7794,0.730429
996,model_2,0.1259,0.14528249
997,model_2,0.5181,0.5003071
998,model_2,-0.155,-0.09150192
999,model_2,0.5012,0.51740843
1000,model_2,-0.082,-0.036730923
1001,model_2,0.4359,0.3780966
1002,model_2,0.0782,0.00392258
1003,model_2,0.3166,0.24883486
1004,model_2,0.0438,0.1522557
1005,model_2,0.0168,0.056382984
1006,model_2,0.1866,0.20905972
1007,model_2,0.7808,0.7811314
1008,model_2,0.0075,0.057776228
1009,model_2,0.2561,0.2031791
1010,model_2,0.2236,0.2561368
1011,model_2,0.2032,0.15592037
1012,model_2,0.4011,0.39315972
1013,model_2,0.6913,0.63147026
1014,model_2,0.2652,0.3492311
1015,model_2,0.1145,0.09367199
1016,model_2,0.1038,0.2532751
1017,model_2,-0.0875,-0.06667768
1018,model_2,0.1116,0.07748601
1019,model_2,0.1014,0.036867626
1020,model_2,0.2098,0.15550119
1021,model_2,0.1581,0.14828585
1022,model_2,0.1712,0.13829191
1023,model_2,0.0893,0.08657694
1024,model_2,0.0047,-0.021525545
1025,model_2,0.4016,0.3534548
1026,model_2,0.4488,0.43217322
1027,model_2,0.0774,0.11646862
1028,model_2,0.2832,0.33185604
1029,model_2,0.173,0.19530508
1030,model_2,0.0761,0.1269585
1031,model_2,0.2816,0.30046302
1032,model_2,0.0556,0.050784707
1033,model_2,0.8688,0.8871162
1034,model_2,0.1271,0.1518456
1035,model_2,0.4983,0.4744163
1036,model_2,0.372,0.38976806
1037,model_2,0.1145,0.103118226
1038,model_2,0.4987,0.4883112
1039,model_2,0.1133,0.11756691
1040,model_2,0.1513,0.1605212
1041,model_2,-0.0058,0.12202689
1042,model_2,0.3633,0.37002665
1043,model_2,0.2643,0.23757617
1044,model_2,0.3065,0.30434468
1045,model_2,-0.0597,-0.066581696
1046,model_2,0.4448,0.5136558
1047,model_2,0.0615,0.086556524
1048,model_2,0.3144,0.2852231
1049,model_2,-0.0334,0.024777642
1050,model_2,0.1378,0.15519689
1051,model_2,0.2105,0.1705193
1052,model_2,0.0373,0.034921072
1053,model_2,-0.0061,-0.01769499
1054,model_2,0.4638,0.44316772
1055,model_2,0.6294,0.57436055
1056,model_2,0.2137,0.17649795
1057,model_2,0.249,0.19142179
1058,model_2,0.0932,0.22256021
1059,model_2,0.0339,0.044477493
1060,model_2,0.5246,0.5321408
1061,model_2,0.1461,0.15310179
1062,model_2,0.0516,0.17502688
1063,model_2,0.4704,0.46022388
1064,model_2,0.2172,0.16578853
1065,model_2,0.2744,0.2649745
1066,model_2,0.3777,0.36403215
1067,model_2,0.2621,0.2687618
1068,model_2,0.25,0.23441221
1069,model_2,0.811,0.8200985
1070,model_2,0.0445,0.060566545
1071,model_2,0.0928,0.1206578
1072,model_2,0.3761,0.40645096
1073,model_2,0.1505,0.12762254
1074,model_2,0.2054,0.15702875
1075,model_2,0.0767,0.09090332
1076,model_2,0.0926,0.08701807
1077,model_2,0.6509,0.59991354
1078,model_2,0.3879,0.41193926
1079,model_2,0.2715,0.28295723
1080,model_2,-0.0178,0.0001523029
1081,model_2,-0.0297,0.0519951
1082,model_2,0.4434,0.3778552
1083,model_2,0.6381,0.6651915
1084,model_2,0.266,0.20330065
1085,model_2,0.0539,0.036305882
1086,model_2,0.267,0.30455658
1087,model_2,0.387,0.36583918
1088,model_2,0.0643,0.072923794
1089,model_2,0.113,0.1274625
1090,model_2,0.1309,0.09623642
1091,model_2,0.3078,0.32876182
1092,model_2,0.4422,0.45387372
1093,model_2,0.5726,0.5478378
1094,model_2,0.1851,0.17340405
1095,model_2,0.2508,0.14673315
1096,model_2,0.7067,0.70683485
1097,model_2,0.377,0.41012833
1098,model_2,0.0665,0.08013304
1099,model_2,0.0864,0.091458604
1100,model_2,0.3752,0.3305641
1101,model_2,0.1174,0.17767619
1102,model_2,-0.0892,-0.07415615
1103,model_2,0.1482,0.08423113
1104,model_2,0.3293,0.2262402
1105,model_2,0.3416,0.33329773
1106,model_2,0.7663,0.7618616
1107,model_2,0.1877,0.18919967
1108,model_2,-0.0216,0.0124869775
1109,model_2,0.5266,0.5313467
1110,model_2,0.3317,0.3364263
1111,model_2,0.2592,0.26492554
1112,model_2,0.284,0.31685165
1113,model_2,0.0741,0.05754964
1114,model_2,0.4244,0.4749382
1115,model_2,0.4211,0.37045324
1116,model_2,0.1605,0.20901941
1117,model_2,0.1354,0.14737943
1118,model_2,0.2365,0.2018807
1119,model_2,0.0594,0.14592269
1120,model_2,0.1491,0.14195617
1121,model_2,0.0486,-9.347871e-05
1122,model_2,0.4665,0.44973055
1123,model_2,0.4216,0.40894827
1124,model_2,0.1512,0.22296177
1125,model_2,0.2881,0.33175263
1126,model_2,0.4316,0.3344414
1127,model_2,-0.026,-0.053635433
1128,model_2,0.164,0.1471252
1129,model_2,0.3508,0.3030857
1130,model_2,0.3872,0.40363798
1131,model_2,0.0432,0.08910292
1132,model_2,0.4527,0.43750834
1133,model_2,0.0721,0.060931973
1134,model_2,0.3224,0.32961637
1135,model_2,0.1676,0.15314174
1136,model_2,0.7518,0.7439438
1137,model_2,0.7299,0.74362993
1138,model_2,0.0862,0.08847857
1139,model_2,0.2962,0.24551047
1140,model_2,0.1888,0.24192603
1141,model_2,0.3804,0.38099578
1142,model_2,0.3493,0.30387783
1143,model_2,-0.0889,-0.07832426
1144,model_2,0.1579,0.12619115
1145,model_2,0.3786,0.37933812
1146,model_2,0.5189,0.5223221
1147,model_2,0.6179,0.60403067
1148,model_2,0.0252,0.096993476
1149,model_2,0.1112,0.09700998
1150,model_2,0.139,0.15238409
1151,model_2,0.8558,0.82668805
1152,model_2,0.081,0.110718295
1153,model_2,0.3493,0.2915472
1154,model_2,0.8516,0.88895965
1155,model_2,0.0794,0.07390517
1156,model_2,0.1922,0.18235423
1157,model_2,0.275,0.28063655
1158,model_2,0.4077,0.40482172
1159,model_2,0.2581,0.27492929
1160,model_2,0.7871,0.7456341
1161,model_2,0.8143,0.7976517
1162,model_2,0.452,0.47276208
1163,model_2,0.2987,0.20654868
1164,model_2,0.6108,0.6083786
1165,model_2,0.1683,0.20045583
1166,model_2,0.1671,0.11913003
1167,model_2,0.2967,0.31251705
1168,model_2,0.2954,0.35419294
1169,model_2,0.3643,0.36924228
1170,model_2,0.2669,0.26198354
1171,model_2,0.0164,0.07082769
1172,model_2,0.5046,0.4817156
1173,model_2,0.2705,0.29828942
1174,model_2,0.3407,0.3200047
1175,model_2,0.1184,0.124847725
1176,model_2,0.4211,0.43606052
1177,model_2,0.4884,0.47467586
1178,model_2,0.0235,0.08011078
1179,model_2,0.1446,0.15500237
1180,model_2,0.331,0.36352476
1181,model_2,-0.0537,-0.042882122
1182,model_2,0.2296,0.4294115
1183,model_2,0.7096,0.6075843
1184,model_2,0.2244,0.2413281
1185,model_2,0.0437,0.08823599
1186,model_2,0.1183,0.08773795
1187,model_2,0.8615,0.8385857
1188,model_2,0.0187,0.043306515
1189,model_2,0.0837,0.12513168
1190,model_2,0.3883,0.37904152
1191,model_2,0.8648,0.86143166
1192,model_2,0.0502,0.14670578
1193,model_2,0.7576,0.73822755
1194,model_2,0.4708,0.44235465
1195,model_2,0.4046,0.44665858
1196,model_2,0.2957,0.29774472
1197,model_2,0.0517,0.03333818
1198,model_2,0.4288,0.40220934
1199,model_2,0.6246,0.5689958
1200,model_2,0.5726,0.57941675
1201,model_2,-0.0682,-0.055974454
1202,model_2,0.128,0.10248305
1203,model_2,0.1531,0.15737487
1204,model_2,0.2597,0.28124997
1205,model_2,0.3983,0.37683675
1206,model_2,0.1204,0.10703294
1207,model_2,0.2511,0.2625061
1208,model_2,0.0046,0.057427384
1209,model_2,0.1621,0.15406372
1210,model_2,0.3951,0.32284817
1211,model_2,0.3392,0.3101478
1212,model_2,0.2839,0.04648243
1213,model_2,0.4702,0.41920596
1214,model_2,0.2057,0.18513006
1215,model_2,0.733,0.75253296
1216,model_2,0.0915,0.12132873
1217,model_2,0.4428,0.42988786
1218,model_2,0.0252,-0.0064327065
1219,model_2,-0.0284,0.0874487
1220,model_2,-0.1457,0.12562317
1221,model_2,0.9885,0.9789173
1222,model_2,0.1666,0.14577197
1223,model_2,0.3253,0.37838092
1224,model_2,0.2986,0.36989793
1225,model_2,0.3714,0.37931874
1226,model_2,0.1453,0.18148309
1227,model_2,0.0136,0.00087356195
1228,model_2,0.2185,0.1291835
1229,model_2,0.2394,0.26225019
1230,model_2,0.5437,0.53709555
1231,model_2,0.1958,0.20076828
1232,model_2,0.9442,0.9219809
1233,model_2,0.207,0.1771436
1234,model_2,0.0225,-0.00025530532
1235,model_2,0.0066,0.021991914
1236,model_2,0.6326,0.59860164
1237,model_2,0.0028,0.0076245274
1238,model_2,0.7214,0.67688006
1239,model_2,0.1686,0.18413134
1240,model_2,0.0032,0.0033000614
1241,model_2,0.1772,0.14603059
1242,model_2,0.5219,0.493408
1243,model_2,0.4118,0.44680968
1244,model_2,-0.0206,0.011323636
1245,model_2,0.2712,0.2545329
1246,model_2,0.1563,0.14638169
1247,model_2,0.1224,0.16841078
1248,model_2,0.0169,0.059773818
1249,model_2,0.2257,0.24751751
1250,model_2,0.5804,0.5780906
1251,model_2,0.0259,0.060270622
1252,model_2,1.0002,0.9840712
1253,model_2,0.2518,0.21737443
1254,model_2,-0.0857,-0.06877335
1255,model_2,0.4011,0.31682107
1256,model_2,0.1463,0.18810655
1257,model_2,-0.0271,-0.029539963
1258,model_2,0.3721,0.38895383
1259,model_2,0.2038,0.2279235
1260,model_2,0.2173,0.20112097
1261,model_2,0.0687,0.06690559
1262,model_2,0.4037,0.29384854
1263,model_2,0.2368,0.23798035
1264,model_2,0.1524,0.11946656
1265,model_2,0.3606,0.2822804
1266,model_2,0.4923,0.4976478
1267,model_2,0.2687,0.2848924
1268,model_2,0.4663,0.50929624
1269,model_2,0.0836,0.12821287
1270,model_2,0.1212,0.15583391
1271,model_2,0.363,0.29886088
1272,model_2,0.2771,0.22998981
1273,model_2,0.1134,0.1520084
1274,model_2,0.2849,0.3112474
1275,model_2,0.239,0.25502887
1276,model_2,0.1354,0.16871978
1277,model_2,0.7932,0.7828981
1278,model_2,0.2004,0.23769553
1279,model_2,0.0815,0.10295291
1280,model_2,-0.1216,-0.12957466
1281,model_2,0.3319,0.27413374
1282,model_2,0.4251,0.37737265
1283,model_2,0.1852,0.23921673
1284,model_2,0.3385,0.27607715
1285,model_2,0.1645,0.17458794
1286,model_2,0.485,0.53532714
1287,model_2,0.3649,0.3411105
1288,model_2,0.0918,0.08957303
1289,model_2,0.4026,0.42944285
1290,model_2,-0.0156,-0.015582534
1291,model_2,0.3266,0.28133154
1292,model_2,0.121,0.11542703
1293,model_2,0.9379,0.9248381
1294,model_2,0.5696,0.5576664
1295,model_2,0.1513,0.11759554
1296,model_2,0.2901,0.19814347
1297,model_2,-0.0379,0.014300263
1298,model_2,0.4771,0.4160485
1299,model_2,0.2526,0.27511662
1300,model_2,0.051,0.03754305
1301,model_2,0.3097,0.35481822
1302,model_2,0.1041,0.08568619
1303,model_2,0.4887,0.47519568
1304,model_2,0.2168,0.18516414
1305,model_2,0.1689,0.18703288
1306,model_2,0.2043,0.21634929
1307,model_2,-0.0244,-0.0012084339
1308,model_2,0.8821,0.85847044
1309,model_2,0.1,0.044683836
1310,model_2,0.0855,0.07354766
1311,model_2,0.894,0.88984317
1312,model_2,0.2926,0.21669964
1313,model_2,0.202,0.19595112
1314,model_2,0.2287,0.24288033
1315,model_2,0.2719,0.30987048
1316,model_2,0.296,0.3026803
1317,model_2,0.1188,0.09010156
1318,model_2,-0.076,-0.027666712
1319,model_2,0.1009,0.117520764
1320,model_2,0.1446,0.23105846
1321,model_2,0.659,0.61670774
1322,model_2,0.6385,0.6552169
1323,model_2,0.127,0.1430894
1324,model_2,0.4269,0.43688327
1325,model_2,0.2321,0.21197997
1326,model_2,0.1289,0.119031936
1327,model_2,0.0382,0.030414937
1328,model_2,0.3862,0.37417632
1329,model_2,0.1085,-0.038808815
1330,model_2,0.3612,0.36759013
1331,model_2,-0.0885,-0.068002686
1332,model_2,0.2871,0.3310536
1333,model_2,0.0419,0.054962665
1334,model_2,0.5384,0.53602713
1335,model_2,0.3856,0.45751894
1336,model_2,0.1902,0.16970444
1337,model_2,0.1022,0.10696651
1338,model_2,0.7441,0.69523984
1339,model_2,0.0705,0.08625308
1340,model_2,0.6007,0.5898482
1341,model_2,0.1348,0.14651342
1342,model_2,0.1103,0.13363
1343,model_2,0.7021,0.7056764
1344,model_2,0.074,0.06682981
1345,model_2,0.0788,0.08477813
1346,model_2,-0.1229,-0.055940636
1347,model_2,0.0484,0.084876135
1348,model_2,0.8553,0.8677613
1349,model_2,0.4497,0.4303697
1350,model_2,0.5083,0.53255934
1351,model_2,0.1052,-0.03155234
1352,model_2,0.4082,0.42040128
1353,model_2,0.9611,0.9777456
1354,model_2,0.28,0.3562695
1355,model_2,0.4931,0.4974012
1356,model_2,0.0609,0.0493342
1357,model_2,0.128,0.18534446
1358,model_2,0.0474,0.018060056
1359,model_2,0.712,0.70772785
1360,model_2,0.1954,0.23045172
1361,model_2,0.4323,0.3919585
1362,model_2,0.2065,0.22266532
1363,model_2,0.7595,0.715198
1364,model_2,0.2318,0.21651173
1365,model_2,0.0774,0.03797674
1366,model_2,0.1822,0.09771268
1367,model_2,0.5433,0.53806126
1368,model_2,0.0952,0.1493948
1369,model_2,0.1016,0.1518381
1370,model_2,0.0262,0.053506866
1371,model_2,0.2433,0.26964876
1372,model_2,0.0483,0.029334595
1373,model_2,0.5242,0.55761546
1374,model_2,-0.1087,-0.08904047
1375,model_2,0.2239,0.14152236
1376,model_2,0.3461,0.32368556
1377,model_2,0.4016,0.34007594
1378,model_2,-0.0201,0.03944616
1379,model_2,0.045,0.00933109
1380,model_2,0.2294,0.24385189
1381,model_2,0.0726,0.098075524
1382,model_2,0.0807,0.07677283
1383,model_2,0.5967,0.5587328
1384,model_2,-0.0893,-0.109280914
1385,model_2,0.045,0.048685938
1386,model_2,0.5699,0.55515265
1387,model_2,0.0373,0.04046599
1388,model_2,0.0688,0.08924711
1389,model_2,0.2832,0.32319465
1390,model_2,0.8389,0.82119834
1391,model_2,0.4384,0.44085902
1392,model_2,0.4822,0.5253863
1393,model_2,0.3306,0.28772888
1394,model_2,0.4004,0.40735027
1395,model_2,0.2589,0.31825924
1396,model_2,0.0812,0.0795843
1397,model_2,0.2753,0.24762218
1398,model_2,0.109,0.115919724
1399,model_2,0.5434,0.5646453
1400,model_2,0.4242,0.42871413
1401,model_2,0.323,0.13393456
1402,model_2,0.016,0.010929173
1403,model_2,0.0412,0.05596216
1404,model_2,0.5476,0.55897427
1405,model_2,0.0174,0.030444292
1406,model_2,0.1614,0.19393925
1407,model_2,0.4072,0.4282964
1408,model_2,0.174,0.13998674
1409,model_2,0.3129,0.3149509
1410,model_2,0.6434,0.61515874
1411,model_2,0.353,0.34640327
1412,model_2,0.1901,0.19170372
1413,model_2,0.1591,0.11698474
1414,model_2,-0.0801,-0.069010384
1415,model_2,0.0749,0.09991431
1416,model_2,0.3967,0.40245345
1417,model_2,0.5244,0.5673744
1418,model_2,0.0868,0.12891456
1419,model_2,0.2047,0.18884392
1420,model_2,0.4198,0.41391468
1421,model_2,0.192,0.20607515
1422,model_2,0.4675,0.4288328
1423,model_2,0.1132,0.19668281
1424,model_2,0.4264,0.43961796
1425,model_2,0.4949,0.5245696
1426,model_2,-0.0949,-0.032274548
1427,model_2,0.3015,0.27888957
1428,model_2,0.1283,0.13247024
1429,model_2,0.2633,0.27394357
1430,model_2,0.0581,0.08902562
1431,model_2,0.1345,0.18869124
1432,model_2,0.5338,0.48127154
1433,model_2,0.7718,0.81371623
1434,model_2,0.3358,0.29597425
1435,model_2,0.6037,0.6183691
1436,model_2,0.0834,0.08851289
1437,model_2,0.172,0.16170253
1438,model_2,0.5371,0.54410106
1439,model_2,0.355,0.36227807
1440,model_2,-0.2004,-0.14880268
1441,model_2,0.6343,0.6430598
1442,model_2,0.3031,0.32502738
1443,model_2,0.6922,0.7030054
1444,model_2,0.7961,0.7898697
1445,model_2,0.2935,0.27318183
1446,model_2,-0.2648,-0.24307181
1447,model_2,0.1624,0.15140314
1448,model_2,0.0556,0.054598182
1449,model_2,-0.0297,-0.013424473
1450,model_2,0.4203,0.42139313
1451,model_2,0.3153,0.30604467
1452,model_2,0.1,0.13173036
1453,model_2,0.3418,0.30263522
1454,model_2,0.1252,0.08037938
1455,model_2,0.2916,0.3224868
1456,model_2,0.1667,0.14577232
1457,model_2,0.4856,0.46913698
1458,model_2,0.0735,0.076803245
1459,model_2,0.1372,0.13823934
1460,model_2,0.023,0.022544993
1461,model_2,0.1408,0.14836718
1462,model_2,0.2185,0.122262955
1463,model_2,0.498,0.46151286
1464,model_2,-0.0696,0.06710042
1465,model_2,0.2467,0.23565464
1466,model_2,0.1299,0.107402146
1467,model_2,0.4576,0.4661568
1468,model_2,0.0613,0.08492564
1469,model_2,0.3672,0.35881233
1470,model_2,0.1562,0.18118498
1471,model_2,0.1586,0.12552112
1472,model_2,0.3902,0.32434723
1473,model_2,0.2529,0.2048083
1474,model_2,0.1726,0.19743395
1475,model_2,0.1948,0.21978478
1476,model_2,0.0098,0.032558262
1477,model_2,0.7789,0.74696034
1478,model_2,0.648,0.6470116
1479,model_2,0.2284,0.16878055
1480,model_2,0.0087,0.05131425
1481,model_2,0.2845,0.22055508
1482,model_2,0.3304,0.2735865
1483,model_2,0.4893,0.4956378
1484,model_2,0.048,0.04984469
1485,model_2,0.6718,0.6853666
1486,model_2,0.1002,0.16128974
1487,model_2,0.1434,0.168954
1488,model_2,0.1834,0.13955943
1489,model_2,0.1037,0.122183606
1490,model_2,-0.0082,0.053264827
1491,model_2,0.3348,0.30701214
1492,model_2,0.2168,0.23733895
1493,model_2,0.4355,0.45533535
1494,model_2,0.0145,0.07852243
1495,model_2,0.4228,0.43622872
1496,model_2,0.2779,0.24326305
1497,model_2,0.2288,0.18018483
1498,model_2,0.0642,0.07232042
1499,model_2,0.2263,0.15865801
1500,model_2,0.7852,0.7856738
1501,model_2,0.3982,0.3790588
1502,model_2,0.9495,0.94137305
1503,model_2,-0.0938,-0.12636214
1504,model_2,0.3349,0.43167868
1505,model_2,0.2672,0.24374281
1506,model_2,0.4324,0.39884046
1507,model_2,0.2398,0.12322931
1508,model_2,-0.1674,-0.12609051
1509,model_2,0.5187,0.46221194
1510,model_2,0.1452,0.17565715
1511,model_2,0.2014,0.23896037
1512,model_2,-0.0286,-0.11372888
1513,model_2,0.1816,0.20209964
1514,model_2,0.0767,0.09474581
1515,model_2,0.2175,0.23350953
1516,model_2,0.132,0.13077378
1517,model_2,0.2706,0.2641557
1518,model_2,0.0277,0.052195907
1519,model_2,0.4534,0.42337063
1520,model_2,0.3538,0.3204596
1521,model_2,0.1621,0.13469853
1522,model_2,0.0063,0.076692484
1523,model_2,0.117,0.1446985
1524,model_2,-0.1019,-0.07493656
1525,model_2,0.2197,0.22385177
1526,model_2,-0.0081,-0.017772904
1527,model_2,0.066,0.04281032
1528,model_2,0.1397,0.121671304
1529,model_2,0.0073,0.07121887
1530,model_2,0.2529,0.22478186
1531,model_2,0.434,0.44009885
1532,model_2,0.605,0.5252873
1533,model_2,-0.0574,-0.035327204
1534,model_2,0.0662,0.07253179
1535,model_2,0.3678,0.37514904
1536,model_2,0.1628,0.18463959
1537,model_2,0.0918,0.10002956
1538,model_2,0.0988,0.12493138
1539,model_2,0.6383,0.6492875
1540,model_2,0.2081,0.23967652
1541,model_2,0.4511,0.47396728
1542,model_2,0.1065,0.12428969
1543,model_2,0.34,0.32453904
1544,model_2,-0.0052,0.051473632
1545,model_2,0.0551,0.058055148
1546,model_2,0.164,0.20701326
1547,model_2,0.3621,0.42160323
1548,model_2,0.4879,0.50771993
1549,model_2,-0.1169,0.01169342
1550,model_2,0.2803,0.23532183
1551,model_2,0.8699,0.88196415
1552,model_2,0.3602,0.29535088
1553,model_2,0.1378,0.10359365
1554,model_2,0.2207,0.19918874
1555,model_2,-0.0334,-0.022785263
1556,model_2,0.2138,0.26403955
1557,model_2,0.1619,0.16379113
1558,model_2,0.039,-0.0030553006
1559,model_2,0.2642,0.25012496
1560,model_2,0.3946,0.42889372
1561,model_2,0.0083,0.0034192
1562,model_2,0.2892,0.267485
1563,model_2,0.0761,0.09241517
1564,model_2,0.3018,0.2630436
1565,model_2,0.2253,0.2717198
1566,model_2,-0.0009,0.052114688
1567,model_2,-0.0714,-0.035556115
1568,model_2,0.1869,0.17266847
1569,model_2,0.0231,0.043909542
1570,model_2,0.0105,-0.0010404643
1571,model_2,0.4806,0.47924188
1572,model_2,-0.0421,0.1935914
1573,model_2,0.3995,0.37905753
1574,model_2,0.0902,0.0196533
1575,model_2,0.4672,0.5465168
1576,model_2,0.0382,0.061718605
1577,model_2,0.656,0.6345801
1578,model_2,0.6017,0.5868587
1579,model_2,0.0696,0.0699187
1580,model_2,0.6041,0.59631854
1581,model_2,0.4106,0.46490732
1582,model_2,-0.013,0.06013208
1583,model_2,0.1931,0.12552175
1584,model_2,0.2395,0.24639265
1585,model_2,0.0829,0.101130925
1586,model_2,0.0043,0.06677506
1587,model_2,0.2099,0.23884498
1588,model_2,0.144,0.1604801
1589,model_2,0.4955,0.50220174
1590,model_2,0.4884,0.4634411
1591,model_2,0.0286,0.0045315344
1592,model_2,-0.1019,-0.113990344
1593,model_2,0.8831,0.87564325
1594,model_2,0.4587,0.44413316
1595,model_2,0.5585,0.5471255
1596,model_2,0.0828,0.04779288
1597,model_2,0.1533,0.16620864
1598,model_2,0.401,0.4093943
1599,model_2,0.5687,0.5643557
1600,model_2,0.3737,0.38543174
1601,model_2,0.1339,0.10981932
1602,model_2,0.0519,0.10825236
1603,model_2,0.0746,0.25383332
1604,model_2,0.3242,0.3039222
1605,model_2,0.201,0.20530553
1606,model_2,0.2091,0.24198888
1607,model_2,0.0201,0.053344034
1608,model_2,0.2523,0.20319225
1609,model_2,0.2701,0.22089154
1610,model_2,0.0578,0.075840935
1611,model_2,0.5242,0.5443411
1612,model_2,0.2849,0.17424218
1613,model_2,0.525,0.45659113
1614,model_2,0.0624,0.1682648
1615,model_2,-0.0258,0.009382142
1616,model_2,0.0856,0.046469092
1617,model_2,0.3833,0.3478947
1618,model_2,0.4687,0.47255388
1619,model_2,0.4492,0.45806536
1620,model_2,0.8282,0.82924104
1621,model_2,0.1193,0.09482456
1622,model_2,0.0064,0.26890692
1623,model_2,0.3604,0.36175892
1624,model_2,0.008,0.011554839
1625,model_2,0.3353,0.36530122
1626,model_2,0.0042,0.00372871
1627,model_2,0.1365,0.18609336
1628,model_2,0.3151,0.28557506
1629,model_2,0.1198,0.124325216
1630,model_2,0.5394,0.5431544
1631,model_2,0.2255,0.20292363
1632,model_2,0.3169,0.30523837
1633,model_2,0.5033,0.48558572
1634,model_2,0.9488,0.9635447
1635,model_2,0.4708,0.45612714
1636,model_2,0.7247,0.70256305
1637,model_2,0.2032,0.16105486
1638,model_2,0.438,0.4618539
1639,model_2,0.1759,0.19161324
1640,model_2,0.2296,0.21829347
1641,model_2,0.1175,0.13291433
1642,model_2,0.2992,0.30644765
1643,model_2,0.0234,-0.016962538
1644,model_2,0.3993,0.4085065
1645,model_2,0.3803,0.33106273
1646,model_2,0.2357,0.25389305
1647,model_2,-0.0527,-0.014693556
1648,model_2,-0.0915,-0.058738343
1649,model_2,0.5176,0.5028459
1650,model_2,0.1467,0.16209964
1651,model_2,-0.133,-0.11866389
1652,model_2,0.0511,0.064442664
1653,model_2,0.1258,0.13238625
1654,model_2,0.0692,0.043469712
1655,model_2,0.139,0.14003283
1656,model_2,0.1957,0.19772956
1657,model_2,0.0205,0.01582071
1658,model_2,0.6028,0.5907987
1659,model_2,0.5247,0.5142273
1660,model_2,0.1614,0.28170374
1661,model_2,-0.0481,-0.06528138
1662,model_2,0.5875,0.57888603
1663,model_2,0.4738,0.4580421
1664,model_2,0.8464,0.86868227
1665,model_2,0.6334,0.61316496
1666,model_2,0.3396,0.34947178
1667,model_2,0.3223,0.28172523
1668,model_2,0.6003,0.704508
1669,model_2,0.2804,0.17743744
1670,model_2,0.0225,-0.017976081
1671,model_2,0.0531,0.03967399
1672,model_2,0.245,0.18592404
1673,model_2,0.4695,0.3238363
1674,model_2,-0.0107,-0.0054802466
1675,model_2,0.2829,0.26800957
1676,model_2,0.0489,0.04779367
1677,model_2,-0.0258,-0.031828806
1678,model_2,0.8012,0.81176996
1679,model_2,0.0384,0.09168126
1680,model_2,0.2667,0.3111703
1681,model_2,0.1086,0.11320138
1682,model_2,0.3154,0.3433694
1683,model_2,0.214,0.20191522
1684,model_2,-0.037,0.09850184
1685,model_2,0.1524,0.1988064
1686,model_2,0.3186,0.3369715
1687,model_2,0.0777,0.034978494
1688,model_2,0.5081,0.509573
1689,model_2,0.6181,0.6594022
1690,model_2,0.0082,-0.01948361
1691,model_2,0.5186,0.51516134
1692,model_2,0.2533,0.274668
1693,model_2,0.3952,0.34256113
1694,model_2,-0.1906,-0.19381557
1695,model_2,0.3783,0.37394395
1696,model_2,0.2886,0.30151573
1697,model_2,0.0722,0.07291037
1698,model_2,0.1924,0.16927792
1699,model_2,0.3348,0.32180992
1700,model_2,0.2935,0.21058802
1701,model_2,0.1346,0.13619888
1702,model_2,0.6805,0.6466896
1703,model_2,0.1677,0.15534084
1704,model_2,0.2878,0.27421948
1705,model_2,-0.0727,-0.065447375
1706,model_2,0.4103,0.38513768
1707,model_2,0.0445,0.12806922
1708,model_2,0.1129,0.1515051
1709,model_2,0.3854,0.36141992
1710,model_2,0.4533,0.46446952
1711,model_2,0.1451,0.14880241
1712,model_2,0.3657,0.4181176
1713,model_2,0.8949,0.89544845
1714,model_2,0.0641,0.064667985
1715,model_2,-0.1158,-0.08139506
1716,model_2,0.0198,0.018675251
1717,model_2,0.2413,0.16641569
1718,model_2,0.3937,0.40721807
1719,model_2,0.05,0.107793316
1720,model_2,0.5014,0.48052624
1721,model_2,0.3544,0.35347328
1722,model_2,0.2476,0.24822642
1723,model_2,-0.0343,-0.037473798
1724,model_2,0.3808,0.38246036
1725,model_2,0.0194,0.033801965
1726,model_2,-0.0461,0.02201079
1727,model_2,0.0669,0.02936863
1728,model_2,0.1581,0.18126126
1729,model_2,0.2801,0.20892495
1730,model_2,0.0341,0.019086892
1731,model_2,-0.1354,-0.12777932
1732,model_2,0.132,0.12690766
1733,model_2,0.1124,0.15546833
1734,model_2,0.1666,0.1749257
1735,model_2,0.1271,0.15585083
1736,model_2,0.4308,0.41534773
1737,model_2,0.0201,-0.0007858593
1738,model_2,0.0281,0.031044638
1739,model_2,0.2822,0.22833847
1740,model_2,0.0986,0.10505174
1741,model_2,0.8733,0.8707698
1742,model_2,0.0548,0.068796635
1743,model_2,0.1067,0.1071129
1744,model_2,0.3802,0.3404129
1745,model_2,0.3047,0.24019997
1746,model_2,0.6382,0.6651564
1747,model_2,0.3718,0.30825475
1748,model_2,0.3056,0.36791998
1749,model_2,0.2556,0.2473992
1750,model_2,0.5619,0.551372
1751,model_2,0.0554,0.06088061
1752,model_2,0.0526,0.124692336
1753,model_2,0.0515,0.018063003
1754,model_2,0.4371,0.4487384
1755,model_2,0.2883,0.34040728
1756,model_2,0.7762,0.78945583
1757,model_2,0.0073,-0.034001328
1758,model_2,0.2442,0.24321054
1759,model_2,0.078,0.07359805
1760,model_2,0.169,0.15848777
1761,model_2,0.4511,0.5105376
1762,model_2,0.831,0.8242484
1763,model_2,0.4813,0.5054882
1764,model_2,0.0632,0.09079479
1765,model_2,0.0151,-0.035200033
1766,model_2,0.0302,0.03723202
1767,model_2,0.5441,0.56825185
1768,model_2,-0.1412,-0.09646681
1769,model_2,0.5619,0.5443799
1770,model_2,0.1997,0.19422258
1771,model_2,0.4214,0.40942645
1772,model_2,0.2085,0.14848728
1773,model_2,0.6903,0.66228205
1774,model_2,0.4486,0.48104444
1775,model_2,0.555,0.36134645
1776,model_2,0.1447,0.16316472
1777,model_2,0.6261,0.6300282
1778,model_2,0.0973,0.09240289
1779,model_2,0.2029,0.22660314
1780,model_2,0.7223,0.72535604
1781,model_2,0.9309,0.8589175
1782,model_2,0.1465,0.22473286
1783,model_2,0.0253,0.022461126
1784,model_2,0.6973,0.72361
1785,model_2,0.0793,0.08074909
1786,model_2,0.1702,0.15009607
1787,model_2,0.188,0.23153694
1788,model_2,0.9724,0.94345635
1789,model_2,0.1568,0.12088369
1790,model_2,0.307,0.30073807
1791,model_2,0.0096,0.0032766964
1792,model_2,0.007,0.0426185
1793,model_2,0.1113,0.07771377
1794,model_2,-0.0937,-0.059059903
1795,model_2,0.2435,0.26166755
1796,model_2,-0.0739,0.054422162
1797,model_2,0.0121,0.0455708
1798,model_2,0.0693,0.11325221
1799,model_2,0.3114,0.31257072
1800,model_2,0.2436,0.33188358
1801,model_2,0.0941,0.13790034
1802,model_2,0.0944,0.13350369
1803,model_2,0.3392,0.22627841
1804,model_2,0.4291,0.46118617
1805,model_2,0.2061,0.29169935
1806,model_2,0.2823,0.35138112
1807,model_2,0.6386,0.5732288
1808,model_2,0.4165,0.39743856
1809,model_2,0.4307,0.3340105
1810,model_2,0.0637,0.022703426
1811,model_2,0.5743,0.56566685
1812,model_2,0.2989,0.30064264
1813,model_2,-0.0153,0.0035639163
1814,model_2,0.1732,0.20224796
1815,model_2,0.3582,0.3986005
1816,model_2,0.2253,0.20302682
1817,model_2,0.329,0.37301886
1818,model_2,0.0924,0.16470179
1819,model_2,0.323,0.33254722
1820,model_2,0.24,0.18948594
1821,model_2,-0.0496,-0.03125932
1822,model_2,0.1813,0.14462484
1823,model_2,0.3167,0.17552991
1824,model_2,-0.1995,-0.054980338
1825,model_2,0.4691,0.47486526
1826,model_2,0.204,0.22231473
1827,model_2,0.0108,0.027271556
1828,model_2,0.2334,0.21355267
1829,model_2,0.1063,0.12974957
1830,model_2,0.1541,0.38800114
1831,model_2,0.0982,0.1549707
1832,model_2,0.1991,0.2101795
1833,model_2,0.21,0.20782249
1834,model_2,0.3,0.3111603
1835,model_2,0.1882,0.17181842
1836,model_2,0.2656,0.24504863
1837,model_2,0.0093,0.024023833
1838,model_2,0.128,0.14194223
1839,model_2,0.0912,0.06957026
1840,model_2,0.2234,0.2233803
1841,model_2,0.2809,0.25677457
1842,model_2,0.2623,0.27543625
1843,model_2,0.1523,0.18044366
1844,model_2,-0.0061,-0.0010695476
1845,model_2,0.1342,0.17498288
1846,model_2,0.1935,0.3329254
1847,model_2,0.2143,0.27580637
1848,model_2,0.5605,0.56014127
1849,model_2,0.7351,0.7516597
1850,model_2,0.2722,0.17541668
1851,model_2,0.0339,0.063849896
1852,model_2,-0.0714,-0.066169
1853,model_2,0.1998,0.15185489
1854,model_2,0.1146,0.15466775
1855,model_2,0.1568,0.1565031
1856,model_2,0.3448,0.3790152
1857,model_2,-0.1529,-0.10610555
1858,model_2,0.1486,0.1539057
1859,model_2,0.3611,0.2618992
1860,model_2,0.0948,0.08193199
1861,model_2,0.5173,0.477407
1862,model_2,0.0495,0.06614126
1863,model_2,0.445,0.4209555
1864,model_2,0.3841,0.3995972
1865,model_2,0.4339,0.42624012
1866,model_2,0.1102,0.1430188
1867,model_2,0.5015,0.5388464
1868,model_2,0.4173,0.3994458
1869,model_2,-0.067,-0.03847885
1870,model_2,-0.0166,-0.0007122811
1871,model_2,-0.0258,0.044018745
1872,model_2,0.2449,0.25241032
1873,model_2,0.1174,0.12831648
1874,model_2,0.162,0.13401704
1875,model_2,0.2381,0.18910027
1876,model_2,0.2539,0.25460908
1877,model_2,0.0735,0.07300457
1878,model_2,0.9806,0.9497169
1879,model_2,0.4407,0.4763088
1880,model_2,0.2269,0.25572538
1881,model_2,-0.0766,-0.080502935
1882,model_2,0.0796,0.100941814
1883,model_2,0.6003,0.5739617
1884,model_2,0.719,0.67329115
1885,model_2,0.6339,0.63249296
1886,model_2,0.0301,-0.0065794606
1887,model_2,0.0793,0.066396385
1888,model_2,0.1956,0.14393096
1889,model_2,0.8536,0.83673465
1890,model_2,0.165,0.23159374
1891,model_2,0.3517,0.26714873
1892,model_2,0.2038,0.16276455
1893,model_2,-0.0053,-0.045935556
1894,model_2,0.0542,0.11518483
1895,model_2,0.8258,0.7999639
1896,model_2,0.353,0.31597206
1897,model_2,0.1711,0.19484462
1898,model_2,0.4296,0.48426244
1899,model_2,0.2038,0.22549927
1900,model_2,0.3169,0.31062898
1901,model_2,0.3385,0.34484878
1902,model_2,0.0409,0.0460604
1903,model_2,0.0625,0.030229384
1904,model_2,0.7462,0.7045765
1905,model_2,0.0599,0.08959572
1906,model_2,0.1386,0.12932268
1907,model_2,0.0468,0.07231128
1908,model_2,0.0625,0.07115774
1909,model_2,0.2048,0.1460734
1910,model_2,0.6842,0.69579333
1911,model_2,0.0614,0.051903784
1912,model_2,0.6128,0.60677654
1913,model_2,0.1058,0.12059064
1914,model_2,0.9099,0.87678355
1915,model_2,0.2142,0.28454754
1916,model_2,0.0273,0.033141486
1917,model_2,0.4871,0.47364175
1918,model_2,-0.0276,0.06437047
1919,model_2,0.401,0.36277637
1920,model_2,0.8835,0.83519727
1921,model_2,0.2694,0.28207806
1922,model_2,0.6094,0.58951634
1923,model_2,0.021,0.056964636
1924,model_2,0.1737,0.15986088
1925,model_2,0.0308,0.0019307528
1926,model_2,0.2844,0.28418687
1927,model_2,0.606,0.6311262
1928,model_2,0.0895,0.074464574
1929,model_2,0.1664,0.1605225
1930,model_2,0.6168,0.5915156
1931,model_2,0.0302,0.095806435
1932,model_2,0.0513,0.053538635
1933,model_2,0.0782,0.0625383
1934,model_2,0.0632,0.04796038
1935,model_2,0.2951,0.21463904
1936,model_2,0.7142,0.7223049
1937,model_2,0.3243,0.3352991
1938,model_2,0.7871,0.76798946
1939,model_2,0.8224,0.8287658
1940,model_2,0.6999,0.68128186
1941,model_2,0.1011,0.10891937
1942,model_2,0.3801,0.37310758
1943,model_2,0.4836,0.46219125
1944,model_2,0.3291,0.2972441
1945,model_2,0.5715,0.59716064
1946,model_2,0.4445,0.42940047
1947,model_2,0.1746,0.1572922
1948,model_2,0.0899,0.031977125
1949,model_2,0.0089,0.021952188
1950,model_2,0.0246,0.043444157
1951,model_2,0.1195,0.15914926
1952,model_2,0.1596,0.1397232
1953,model_2,0.2312,0.30986097
1954,model_2,0.2667,0.2335581
1955,model_2,0.0707,0.102794796
1956,model_2,0.1318,0.16660617
1957,model_2,0.1511,0.17549917
1958,model_2,0.0559,0.069753185
1959,model_2,0.35,0.37636462
1960,model_2,0.1918,0.21868984
1961,model_2,0.0747,0.02666544
1962,model_2,0.3402,0.31926712
1963,model_2,0.3088,0.28521132
1964,model_2,0.5206,0.5348621
1965,model_2,0.1642,0.10201368
1966,model_2,0.2613,0.20679802
1967,model_2,0.5009,0.52151424
1968,model_2,0.0954,0.05688949
1969,model_2,0.1135,0.08570647
1970,model_2,0.2908,0.29213464
1971,model_2,-0.0937,-0.06518047
1972,model_2,0.0664,0.06404285
1973,model_2,0.2706,0.23732693
1974,model_2,0.2689,0.31687865
1975,model_2,0.4498,0.45258412
1976,model_2,0.3073,0.28214672
1977,model_2,0.1672,0.14025751
1978,model_2,0.0486,0.1034912
1979,model_2,-0.0287,-0.041883573
1980,model_2,0.2684,0.30595818
1981,model_2,0.1404,0.14955154
1982,model_2,0.4732,0.43336526
1983,model_2,0.2759,0.28895298
1984,model_2,0.4503,0.49944142
1985,model_2,0.1115,0.11989294
1986,model_2,-0.0236,0.114053994
1987,model_2,0.2721,0.20269477
1988,model_2,0.1952,0.20224993
1989,model_2,-0.0048,0.0016354267
1990,model_2,0.0365,0.07639247
1991,model_2,0.1785,0.1826938
1992,model_2,0.1792,0.14941947
1993,model_2,-0.0119,0.00550141
1994,model_2,0.2714,0.22449116
1995,model_2,0.4866,0.46549174
1996,model_2,0.0556,0.056309
1997,model_2,-0.0301,0.020032791
1998,model_2,0.1028,0.08792756
1999,model_2,0.175,0.17420512
2000,model_2,0.2137,0.17586766
2001,model_2,0.3126,0.2734014
2002,model_2,0.0038,0.01627553
2003,model_2,0.1805,0.21450244
2004,model_2,0.4573,0.4520866
2005,model_2,0.4347,0.3849106
2006,model_2,-0.0041,0.009165926
2007,model_2,0.4414,0.2113799
2008,model_2,0.6146,0.62868035
2009,model_2,0.3626,0.37487987
2010,model_2,0.3797,0.3395114
2011,model_2,0.0649,0.088319965
2012,model_2,0.1213,0.15856689
2013,model_2,0.5278,0.5424729
2014,model_2,0.3688,0.3892726
2015,model_2,0.5026,0.50950503
2016,model_2,0.5161,0.47479334
2017,model_2,0.11,0.1233082
2018,model_2,0.0692,0.048345722
2019,model_2,0.0205,0.039450586
2020,model_2,0.4743,0.4778367
2021,model_2,0.0569,0.09209625
2022,model_2,0.2556,0.2654927
2023,model_2,0.1831,0.14317515
2024,model_2,-0.0558,-0.11811449
2025,model_2,0.241,0.23479299
2026,model_2,0.0528,0.051534414
2027,model_2,0.3011,0.27686685
2028,model_2,0.1446,0.11838882
2029,model_2,0.3441,0.34561214
2030,model_2,0.1989,0.14433129
2031,model_2,0.2735,0.2330016
2032,model_2,0.6811,0.6258444
2033,model_2,0.4909,0.499275
2034,model_2,0.3854,0.27077442
2035,model_2,0.009,0.034077138
2036,model_2,0.0029,0.023554211
2037,model_2,0.6713,0.6287083
2038,model_2,0.6935,0.6469746
2039,model_2,0.0239,0.035757698
2040,model_2,0.0817,0.15835267
2041,model_2,0.1259,0.13699889
2042,model_2,0.1235,0.11728625
2043,model_2,0.3109,0.36854282
2044,model_2,0.1534,0.18161778
2045,model_2,0.0552,0.13241445
2046,model_2,0.3115,0.3406602
2047,model_2,0.4089,0.3758107
2048,model_2,0.4448,0.46605596
2049,model_2,0.0684,0.24469592
2050,model_2,0.1937,0.23253934
2051,model_2,0.752,0.73668784
2052,model_2,0.0642,0.12954856
2053,model_2,0.1313,0.07283062
2054,model_2,-0.0088,0.0029958915
2055,model_2,0.4224,0.44422233
2056,model_2,0.0218,0.027356995
2057,model_2,0.2253,0.24974827
2058,model_2,0.2724,0.31084982
2059,model_2,0.0298,0.021373501
2060,model_2,0.3521,0.36769405
2061,model_2,0.6579,0.6456728
2062,model_2,0.6915,0.72638714
2063,model_2,0.2314,0.25126022
2064,model_2,0.5072,0.5529104
2065,model_2,0.0961,0.17265178
2066,model_2,0.4058,0.42060378
2067,model_2,0.7405,0.7365486
2068,model_2,0.5511,0.53734946
2069,model_2,0.4924,0.46495038
2070,model_2,0.0959,0.09328823
2071,model_2,0.1305,0.15180941
2072,model_2,0.2622,0.27749947
2073,model_2,0.2659,0.38444546
2074,model_2,0.1033,0.08796429
2075,model_2,0.0842,0.07544759
2076,model_2,0.2871,0.36571428
2077,model_2,0.7466,0.746059
2078,model_2,0.091,0.122476324
2079,model_2,0.083,0.09060089
2080,model_2,0.3376,0.31791633
2081,model_2,0.1339,0.090990804
2082,model_2,0.6286,0.65174866
2083,model_2,0.2948,0.33335617
2084,model_2,0.4536,0.39211503
2085,model_2,0.1133,0.11802614
2086,model_2,0.3551,0.3138723
2087,model_2,0.0929,0.10866381
2088,model_2,0.4251,0.37999266
2089,model_2,0.2704,0.23634838
2090,model_2,0.2401,0.19390896
2091,model_2,0.665,0.625526
2092,model_2,-0.0031,0.03592828
2093,model_2,0.7409,0.75999564
2094,model_2,-0.0025,0.11860278
2095,model_2,0.0433,0.07992038
2096,model_2,0.7209,0.70993847
2097,model_2,0.0943,0.08770148
2098,model_2,0.0329,0.0713505
2099,model_2,0.1474,0.19203931
2100,model_2,0.1706,0.18352027
2101,model_2,-0.0493,-0.068458475
2102,model_2,-0.0868,-0.04777804
2103,model_2,0.3644,0.194717
2104,model_2,0.5647,0.58837223
2105,model_2,0.1776,0.16398916
2106,model_2,0.0648,0.031017987
2107,model_2,0.0696,0.019745288
2108,model_2,0.0711,0.10562779
2109,model_2,-0.0556,-0.04931439
2110,model_2,0.2539,0.22461624
2111,model_2,0.4092,0.35487163
2112,model_2,0.1373,0.14003283
2113,model_2,0.1552,0.1866221
2114,model_2,0.3984,0.40629247
2115,model_2,0.3301,0.35548952
2116,model_2,0.3196,0.28568354
2117,model_2,0.4281,0.39249882
2118,model_2,0.771,0.6687586
2119,model_2,0.4661,0.44157723
2120,model_2,0.2645,0.24991633
2121,model_2,-0.0593,-0.037506066
2122,model_2,0.1294,0.071593046
2123,model_2,0.1354,0.1470945
2124,model_2,0.4814,0.48179033
2125,model_2,0.1428,0.14476882
2126,model_2,0.4471,0.47026175
2127,model_2,0.2941,0.2775397
2128,model_2,0.5149,0.52901417
2129,model_2,0.0519,0.07743231
2130,model_2,0.1621,0.14092536
2131,model_2,0.0542,0.048635297
2132,model_2,0.2082,0.24111067
2133,model_2,0.246,0.23338108
2134,model_2,0.0346,0.08177947
2135,model_2,0.283,0.22579382
2136,model_2,0.0914,0.054028988
2137,model_2,0.2275,0.24436806
2138,model_2,0.7836,0.7758444
2139,model_2,0.2079,0.18117
2140,model_2,0.1466,0.16030057
2141,model_2,-0.1392,-0.1058155
2142,model_2,-0.0122,0.02232605
2143,model_2,0.2164,0.17744218
2144,model_2,0.1646,0.17802984
2145,model_2,0.0769,0.09165236
2146,model_2,0.8451,0.7778372
2147,model_2,0.2269,0.15615211
2148,model_2,0.0412,0.013900159
2149,model_2,0.0971,0.14644212
2150,model_2,0.0746,0.07156447
2151,model_2,0.1097,0.15137438
2152,model_2,0.2956,0.27113953
2153,model_2,0.1064,0.12761845
2154,model_2,0.3524,0.36685592
2155,model_2,0.4511,0.41465846
2156,model_2,0.1325,0.14455526
2157,model_2,-0.0461,-0.09118389
2158,model_2,0.2438,0.24747197
2159,model_2,0.2596,0.21582188
2160,model_2,-0.0488,0.031083709
2161,model_2,0.4558,0.4234636
2162,model_2,0.1508,0.17686357
2163,model_2,0.2979,0.27149484
2164,model_2,0.0906,0.08151508
2165,model_2,0.0853,0.0443179
2166,model_2,0.4304,0.44866633
2167,model_2,0.2698,0.31906554
2168,model_2,0.1653,0.14981999
2169,model_2,0.3457,0.32014853
2170,model_2,0.4683,0.31383967
2171,model_2,0.1184,0.06893338
2172,model_2,0.2151,0.18434136
2173,model_2,0.1276,0.16642134
2174,model_2,-0.0285,-0.041273974
2175,model_2,0.1653,0.16486439
2176,model_2,0.8356,0.7926479
2177,model_2,0.2983,0.31616154
2178,model_2,0.5258,0.5304885
2179,model_2,0.1113,0.17126618
2180,model_2,0.8023,0.80441946
2181,model_2,0.1225,0.10420005
2182,model_2,-0.0278,-0.018845396
2183,model_2,0.011,-0.0035067238
2184,model_2,0.1858,0.20407195
2185,model_2,-0.0655,0.016714042
2186,model_2,0.0168,0.014676938
2187,model_2,0.2855,0.30437422
2188,model_2,0.0363,0.05253774
2189,model_2,0.1185,0.10361144
2190,model_2,0.5853,0.5829107
2191,model_2,0.1985,0.16474427
2192,model_2,-0.0767,-0.061533928
2193,model_2,0.0865,0.13584544
2194,model_2,0.1367,0.1387534
2195,model_2,0.4171,0.38996857
2196,model_2,0.0302,0.026542703
2197,model_2,0.2236,0.15522508
2198,model_2,0.081,0.13019797
2199,model_2,-0.0656,-0.099380426
2200,model_2,0.0539,0.10088986
2201,model_2,-0.1132,-0.14071037
2202,model_2,-0.0558,-0.016199837
2203,model_2,0.1718,0.14416857
2204,model_2,0.3226,0.3176774
2205,model_2,0.4012,0.33198878
2206,model_2,0.1964,0.25317135
2207,model_2,0.5025,0.44111454
2208,model_2,0.1479,0.20787899
2209,model_2,0.2188,0.27300367
2210,model_2,0.7906,0.71547014
2211,model_2,-0.0018,0.070499025
2212,model_2,0.0094,0.041445374
2213,model_2,-0.0241,-0.028234502
2214,model_2,0.133,0.14642401
2215,model_2,0.1703,0.1587291
2216,model_2,0.3239,0.35490787
2217,model_2,0.6986,0.712234
2218,model_2,0.4268,0.45590553
2219,model_2,0.1748,0.15351774
2220,model_2,0.6091,0.62686175
2221,model_2,0.2514,0.27583066
2222,model_2,0.1115,0.1049694
2223,model_2,0.0825,0.08566503
2224,model_2,0.1045,0.26696634
2225,model_2,0.0228,0.026976267
2226,model_2,0.2188,0.2219568
2227,model_2,0.488,0.28352714
2228,model_2,0.2498,0.23529835
2229,model_2,0.4969,0.5493358
2230,model_2,0.0161,-0.018735098
2231,model_2,0.2558,0.22925483
2232,model_2,0.0944,0.10755579
2233,model_2,0.1596,0.22909267
2234,model_2,0.0603,0.10452856
2235,model_2,0.427,0.39023313
2236,model_2,-0.0324,-0.029940793
2237,model_2,0.0983,0.19682233
2238,model_2,0.9195,0.91006446
2239,model_2,-0.0046,-0.02605799
2240,model_2,0.4353,0.450393
2241,model_2,0.4979,0.52192825
2242,model_2,0.2926,0.26288673
2243,model_2,0.3598,0.30851266
2244,model_2,0.5293,0.49981454
2245,model_2,0.6086,0.5707043
2246,model_2,0.1407,0.11846124
2247,model_2,0.2129,0.24663107
2248,model_2,-0.0813,-0.007892182
2249,model_2,-0.0861,-0.064939335
2250,model_2,0.3607,0.42159113
2251,model_2,0.0736,0.07766715
2252,model_2,0.4956,0.4808769
2253,model_2,-0.0069,0.023467457
2254,model_2,-0.0042,-0.0039266367
2255,model_2,0.3008,0.3202059
2256,model_2,0.5262,0.52873313
2257,model_2,0.5154,0.5399645
2258,model_2,0.5462,0.5398249
2259,model_2,0.2079,0.22446065
2260,model_2,0.1106,0.0855714
2261,model_2,0.4812,0.50818974
2262,model_2,0.306,0.34384888
2263,model_2,0.1829,0.28275993
2264,model_2,0.4184,0.3672069
2265,model_2,0.0843,0.1106585
2266,model_2,0.2674,0.32097575
2267,model_2,0.3302,0.20000522
2268,model_2,0.0586,0.047220573
2269,model_2,0.5998,0.60346365
2270,model_2,0.145,0.28634205
2271,model_2,-0.1423,-0.12114672
2272,model_2,0.0996,0.109126136
2273,model_2,0.1298,0.12570246
2274,model_2,0.2488,0.37555945
2275,model_2,0.3637,0.3301523
2276,model_2,0.0805,0.0710524
2277,model_2,0.4003,0.4026256
2278,model_2,0.2231,0.23349713
2279,model_2,0.1833,0.20079567
2280,model_2,-0.0799,-0.08873406
2281,model_2,-0.1773,-0.15871014
2282,model_2,0.6467,0.66448164
2283,model_2,0.0156,0.023912134
2284,model_2,0.6895,0.68599164
2285,model_2,0.3761,0.3332805
2286,model_2,0.5106,0.3164297
2287,model_2,0.0337,0.03725353
2288,model_2,-0.0027,-0.009870628
2289,model_2,0.346,0.3421487
2290,model_2,0.2623,0.26881763
2291,model_2,0.2178,0.21495019
2292,model_2,0.9141,0.92786235
2293,model_2,-0.0143,0.008093609
2294,model_2,0.4648,0.48687956
2295,model_2,0.095,0.07635859
2296,model_2,0.2232,0.23610614
2297,model_2,0.4625,0.3844689
2298,model_2,0.3511,0.3605695
2299,model_2,0.4746,0.49291697
2300,model_2,0.1545,0.1476572
2301,model_2,1.0283,1.0346857
2302,model_2,0.2753,0.18263854
2303,model_2,0.0433,0.07631598
2304,model_2,0.1429,0.08664838
2305,model_2,0.3277,0.34695438
2306,model_2,0.126,0.1756809
2307,model_2,0.8278,0.8271079
2308,model_2,-0.0626,-0.029208314
2309,model_2,0.2406,0.2427084
2310,model_2,0.1607,0.219016
2311,model_2,0.2547,0.25947008
2312,model_2,0.2051,0.19673704
2313,model_2,0.1338,0.09755735
2314,model_2,0.3423,0.34605557
2315,model_2,0.1036,0.11616984
2316,model_2,0.0942,0.12964709
2317,model_2,0.3219,0.3121037
2318,model_2,0.0404,0.0030698758
2319,model_2,0.5314,0.5221341
2320,model_2,-0.0495,-0.04962349
2321,model_2,0.2012,0.1667298
2322,model_2,0.0395,0.04659377
2323,model_2,-0.0871,-0.05772546
2324,model_2,0.3962,0.39231995
2325,model_2,0.0128,0.054095633
2326,model_2,0.6109,0.62466645
2327,model_2,-0.0456,-0.052397586
2328,model_2,0.191,0.19321056
2329,model_2,0.0226,-0.008406954
2330,model_2,0.1018,0.048627093
2331,model_2,0.0441,0.028977377
2332,model_2,0.3571,0.36619774
2333,model_2,0.1164,0.09725725
2334,model_2,0.3579,0.3589395
2335,model_2,0.3431,0.3563055
2336,model_2,0.0919,0.08984836
2337,model_2,0.0966,0.07745212
2338,model_2,0.0786,0.15774618
2339,model_2,0.2287,0.27621132
2340,model_2,-0.0612,-0.026008086
2341,model_2,0.7831,0.7373499
2342,model_2,0.0844,0.07489784
2343,model_2,0.0551,0.017485192
2344,model_2,0.2589,0.24169926
2345,model_2,0.3022,0.20692627
2346,model_2,0.0914,0.09160709
2347,model_2,0.2766,0.22132103
2348,model_2,0.2123,0.18148637
2349,model_2,0.0611,0.08960706
2350,model_2,0.1277,0.080953375
2351,model_2,0.3579,0.34882036
2352,model_2,0.5922,0.6035073
2353,model_2,0.4146,0.38671097
2354,model_2,0.1249,0.12422438
2355,model_2,0.225,0.21131429
2356,model_2,0.1307,0.1686279
2357,model_2,0.2502,0.23530476
2358,model_2,0.0479,0.08088672
2359,model_2,0.0683,0.06260736
2360,model_2,0.1091,0.1956444
2361,model_2,0.0273,0.06876027
2362,model_2,0.3553,0.33266675
2363,model_2,-0.0426,-0.021329416
2364,model_2,0.0502,0.13218974
2365,model_2,0.3118,0.25689253
2366,model_2,0.1987,0.2221415
2367,model_2,0.385,0.33378646
2368,model_2,-0.0992,-0.021225156
2369,model_2,0.4363,0.40515065
2370,model_2,-0.1531,-0.14838529
2371,model_2,0.1138,0.1472245
2372,model_2,0.3308,0.33352378
2373,model_2,0.3607,0.40832618
2374,model_2,0.2634,0.28283703
2375,model_2,0.1535,0.16066235
2376,model_2,0.0753,0.100270055
2377,model_2,0.5317,0.5066981
2378,model_2,0.1409,0.12312052
2379,model_2,0.0704,0.07177123
2380,model_2,0.2197,0.2843075
2381,model_2,0.922,0.9554784
2382,model_2,0.3426,0.35809365
2383,model_2,0.2733,0.011071628
2384,model_2,0.1191,0.11876847
2385,model_2,0.0177,-0.022531541
2386,model_2,0.1661,0.20127739
2387,model_2,0.0241,0.023671886
2388,model_2,0.4024,0.38587192
2389,model_2,-0.043,0.002520984
2390,model_2,-0.0965,-0.08761001
2391,model_2,0.5143,0.4707412
2392,model_2,-0.0147,0.04503365
2393,model_2,0.1855,0.18403855
2394,model_2,-0.1254,-0.11756243
2395,model_2,0.1937,0.18108958
2396,model_2,0.0672,0.106913924
2397,model_2,0.1045,0.10466573
2398,model_2,0.0468,0.11214621
2399,model_2,0.2008,0.17944609
2400,model_2,0.0697,0.07358293
2401,model_2,0.0472,0.040286094
2402,model_2,0.7333,0.7429792
2403,model_2,0.0066,0.03331814
2404,model_2,0.2445,0.19174322
2405,model_2,0.3397,0.38488352
2406,model_2,0.2334,0.25448826
2407,model_2,0.125,0.114589676
2408,model_2,0.3493,0.32231435
2409,model_2,0.0261,0.033634372
2410,model_2,0.2084,0.14961757
2411,model_2,0.414,0.4310057
2412,model_2,0.3211,0.34459174
2413,model_2,0.1561,0.11286779
2414,model_2,-0.0465,0.0043750796
2415,model_2,-0.1737,-0.15259945
2416,model_2,0.7037,0.7426127
2417,model_2,-0.0949,-0.08815934
2418,model_2,0.0636,0.05576141
2419,model_2,-0.0622,-0.05462876
2420,model_2,0.0604,0.026635023
2421,model_2,0.2381,0.19249791
2422,model_2,-0.0401,-0.08444747
2423,model_2,0.2792,0.27018058
2424,model_2,0.0646,0.06490606
2425,model_2,0.5045,0.47205555
2426,model_2,-0.1945,-0.16466512
2427,model_2,0.0937,0.11228356
2428,model_2,-0.1968,-0.19810049
2429,model_2,-0.0879,-0.045588277
2430,model_2,0.4961,0.33834007
2431,model_2,-0.0307,-0.03614422
2432,model_2,0.2957,0.30829126
2433,model_2,0.197,0.21120074
2434,model_2,0.4483,0.46906725
2435,model_2,0.1704,0.16945527
2436,model_2,0.1531,0.14942111
2437,model_2,0.0805,0.060533293
2438,model_2,0.2078,0.20286216
2439,model_2,0.0391,0.033448823
2440,model_2,0.0785,0.14644468
2441,model_2,0.1768,0.1586158
2442,model_2,0.086,0.07089904
2443,model_2,-0.178,-0.13529858
2444,model_2,0.0338,0.08202726
2445,model_2,0.0736,0.10110917
2446,model_2,0.2707,0.25674182
2447,model_2,0.5197,0.511325
2448,model_2,0.2642,0.2662849
2449,model_2,0.3548,0.27580205
2450,model_2,0.3396,0.36500534
2451,model_2,-0.048,0.005450668
2452,model_2,0.3061,0.20459233
2453,model_2,-0.0196,-0.0061107446
2454,model_2,0.5351,0.5412048
2455,model_2,0.1002,0.099715635
2456,model_2,-0.0815,-0.062312506
2457,model_2,0.0846,0.074474186
2458,model_2,0.2176,0.2127162
2459,model_2,0.6511,0.64998525
2460,model_2,-0.1873,-0.19465801
2461,model_2,0.2092,0.29085156
2462,model_2,-0.11,-0.02350633
2463,model_2,0.4118,0.44635215
2464,model_2,0.0125,0.039678752
2465,model_2,0.3009,0.23917262
2466,model_2,0.4287,0.42319125
2467,model_2,0.0551,0.048399687
2468,model_2,0.834,0.75939065
2469,model_2,-0.0629,0.010663038
2470,model_2,-0.038,0.090538636
2471,model_2,0.4538,0.45518687
2472,model_2,0.1704,0.13439567
2473,model_2,0.4131,0.4232827
2474,model_2,0.2959,0.31684718
2475,model_2,0.0551,0.025839316
2476,model_2,0.0596,0.08031963
2477,model_2,-0.1162,-0.102378875
2478,model_2,0.5159,0.48450235
2479,model_2,0.4329,0.4420016
2480,model_2,0.1717,0.117793396
2481,model_2,0.3216,0.26794198
2482,model_2,0.2397,0.2368009
2483,model_2,0.8918,0.8973182
2484,model_2,0.3256,0.2710024
2485,model_2,0.636,0.58599406
2486,model_2,0.2361,0.17452712
2487,model_2,0.267,0.23555742
2488,model_2,0.5361,0.5389946
2489,model_2,0.1518,0.108215585
2490,model_2,0.0232,0.05078739
2491,model_2,0.2436,0.24644183
2492,model_2,0.2046,0.17938252
2493,model_2,0.1929,0.22987561
2494,model_2,0.0415,0.06997076
2495,model_2,0.087,0.076427124
2496,model_2,-0.049,-0.02629646
2497,model_2,0.2735,0.23378108
2498,model_2,0.3099,0.33125708
2499,model_2,0.5557,0.49206915
2500,model_2,-0.0168,-0.03901481
2501,model_2,0.1962,0.19275583
2502,model_2,0.128,0.12182011
2503,model_2,0.5142,0.5037125
2504,model_2,0.0515,0.08327762
2505,model_2,0.1594,0.5635075
2506,model_2,0.2551,0.29754177
2507,model_2,0.2396,0.23681028
2508,model_2,0.3163,0.40341136
2509,model_2,0.2979,0.2874821
2510,model_2,0.2351,0.2161382
2511,model_2,0.2938,0.25664118
2512,model_2,0.4776,0.51727396
2513,model_2,0.1903,0.20326968
2514,model_2,0.8565,0.85745364
2515,model_2,0.5138,0.5233126
2516,model_2,0.6757,0.699198
2517,model_2,0.3403,0.2785101
2518,model_2,0.137,0.14236464
2519,model_2,0.1746,0.14217529
2520,model_2,0.1493,0.17563315
2521,model_2,-0.0492,-0.06253222
2522,model_2,0.4227,0.44949088
2523,model_2,0.4245,0.47930387
2524,model_2,0.6463,0.6238345
2525,model_2,0.1008,0.07917031
2526,model_2,0.4314,0.40696636
2527,model_2,0.4532,0.3928335
2528,model_2,0.291,0.3073351
2529,model_2,0.1376,0.17876233
2530,model_2,0.5847,0.5800741
2531,model_2,0.4638,0.49172935
2532,model_2,0.1733,0.12654671
2533,model_2,0.3214,0.31939974
2534,model_2,-0.0151,0.017498488
2535,model_2,0.1374,0.15028949
2536,model_2,0.4054,0.37527087
2537,model_2,0.2734,0.21864636
2538,model_2,0.0193,0.23970713
2539,model_2,0.2894,0.14924042
2540,model_2,1.0078,0.9694015
2541,model_2,0.4983,0.4785321
2542,model_2,0.0486,0.021622574
2543,model_2,0.2746,0.26295456
2544,model_2,0.1106,0.14037651
2545,model_2,0.0978,0.10440214
2546,model_2,0.0907,0.062283166
2547,model_2,0.8122,0.79764813
2548,model_2,-0.023,0.039532647
2549,model_2,0.0733,0.05498442
2550,model_2,0.5258,0.5076108
2551,model_2,0.1525,0.113658816
2552,model_2,0.768,0.72795093
2553,model_2,0.0506,0.09933955
2554,model_2,0.313,0.39824605
2555,model_2,0.1369,0.19887523
2556,model_2,0.3134,0.29109424
2557,model_2,0.2892,0.4149973
2558,model_2,0.2155,0.22246166
2559,model_2,0.1167,0.13388114
2560,model_2,0.1557,0.16422518
2561,model_2,-0.0525,-0.00942851
2562,model_2,0.1108,0.08560836
2563,model_2,0.3512,0.37820086
2564,model_2,0.7159,0.73049635
2565,model_2,0.0628,0.07646651
2566,model_2,0.8403,0.81413764
2567,model_2,0.3443,0.3637837
2568,model_2,0.1947,0.19640411
2569,model_2,0.1618,0.2636815
2570,model_2,0.0141,0.029186664
2571,model_2,0.5061,0.4651192
2572,model_2,0.3179,0.3717201
2573,model_2,0.2998,0.2122812
2574,model_2,0.4863,0.47450736
2575,model_2,0.1439,0.20868297
2576,model_2,0.4728,0.38880527
2577,model_2,0.116,0.19429065
2578,model_2,0.381,0.4050683
2579,model_2,-0.1074,-0.037144836
2580,model_2,0.1181,0.23999886
2581,model_2,0.477,0.4659556
2582,model_2,0.5098,0.4827176
2583,model_2,0.3188,0.14026831
2584,model_2,0.5059,0.2809007
2585,model_2,0.0844,0.05421689
2586,model_2,0.1045,0.08428935
2587,model_2,0.1494,0.088781096
2588,model_2,0.0213,0.03485392
2589,model_2,0.2679,0.24006595
2590,model_2,0.1921,0.07141411
2591,model_2,0.4574,0.45924252
2592,model_2,0.0495,0.07772807
2593,model_2,-0.199,-0.15209086
2594,model_2,0.2485,0.31517246
2595,model_2,0.1158,0.22632645
2596,model_2,0.2572,0.31706458
2597,model_2,-0.0152,0.030642124
2598,model_2,0.6111,0.58291984
2599,model_2,0.2669,0.25273818
2600,model_2,0.1268,0.16538815
2601,model_2,0.3886,0.22004193
2602,model_2,0.187,0.22064836
2603,model_2,-0.0063,0.012057779
2604,model_2,0.1124,0.05383493
2605,model_2,0.5441,0.5379463
2606,model_2,0.1208,0.22921
2607,model_2,0.0166,0.0016126465
2608,model_2,0.1085,0.10644345
2609,model_2,0.1971,0.18584773
2610,model_2,0.1604,0.10726093
2611,model_2,0.2465,0.2297043
2612,model_2,0.012,0.066799805
2613,model_2,0.4643,0.45913756
2614,model_2,0.22,0.2369539
2615,model_2,0.4975,0.51294583
2616,model_2,0.1846,0.18345292
2617,model_2,0.4857,0.49562922
2618,model_2,0.0707,0.09495229
2619,model_2,0.1119,0.10940461
2620,model_2,0.2441,0.30389553
2621,model_2,0.144,0.14988817
2622,model_2,0.4107,0.40843388
2623,model_2,0.5787,0.58041346
2624,model_2,0.1498,0.1784401
2625,model_2,0.0684,0.038654685
2626,model_2,0.173,0.17562367
2627,model_2,0.179,0.16127756
2628,model_2,-0.0701,0.046199977
2629,model_2,0.1104,0.082078844
2630,model_2,0.2888,0.3176043
2631,model_2,-0.0609,-0.014430167
2632,model_2,0.1403,0.12814364
2633,model_2,-0.1751,-0.19556047
2634,model_2,0.7206,0.6874998
2635,model_2,0.6308,0.6221873
2636,model_2,0.4534,0.4349798
2637,model_2,0.4743,0.47095713
2638,model_2,0.152,0.15754424
2639,model_2,0.0171,0.021288736
2640,model_2,0.711,0.6893951
2641,model_2,-0.0394,-0.007998424
2642,model_2,0.301,0.28813687
2643,model_2,0.9379,0.88614506
2644,model_2,0.2645,0.19979756
2645,model_2,0.1274,0.113535
2646,model_2,0.1756,0.17845945
2647,model_2,0.0605,0.037627913
2648,model_2,0.3481,0.36393705
2649,model_2,0.1336,0.15690799
2650,model_2,0.1011,0.12107678
2651,model_2,-0.008,-0.0016908515
2652,model_2,0.0706,0.0745008
2653,model_2,0.1649,0.13802657
2654,model_2,0.1702,0.0930592
2655,model_2,0.4097,0.41035882
2656,model_2,-0.088,-0.11558646
2657,model_2,0.04,0.0717304
2658,model_2,0.3692,0.3733873
2659,model_2,0.1376,0.14356048
2660,model_2,0.4638,0.41128856
2661,model_2,0.5813,0.6087615
2662,model_2,0.2439,0.26667395
2663,model_2,0.4032,0.39672986
2664,model_2,0.2606,0.20619327
2665,model_2,0.0893,0.11318901
2666,model_2,-0.1402,-0.10309479
2667,model_2,0.2795,0.2680154
2668,model_2,0.4434,0.4526609
2669,model_2,0.2694,0.21695669
2670,model_2,0.362,0.39320606
2671,model_2,0.4093,0.42392132
2672,model_2,0.4058,0.39835927
2673,model_2,0.3144,0.19098105
2674,model_2,-0.004,0.060863778
2675,model_2,0.0647,0.06697834
2676,model_2,0.0591,0.11504446
2677,model_2,-0.0967,-0.10074318
2678,model_2,-0.0669,0.13704975
2679,model_2,0.0572,0.14766465
2680,model_2,0.0566,0.007728068
2681,model_2,0.1546,0.11033666
2682,model_2,0.4367,0.41275886
2683,model_2,0.0801,0.076980636
2684,model_2,-0.0431,0.0026191156
2685,model_2,0.2057,0.24852993
2686,model_2,0.0793,0.08119923
2687,model_2,0.2068,0.21726975
2688,model_2,0.4708,0.4680877
2689,model_2,0.0485,0.030859726
2690,model_2,0.183,0.22517915
2691,model_2,0.0672,0.13629586
2692,model_2,0.0733,0.11829613
2693,model_2,0.1141,0.14053246
2694,model_2,0.295,0.33373693
2695,model_2,0.4157,0.38891748
2696,model_2,0.0603,0.11096141
2697,model_2,0.0512,0.05556287
2698,model_2,0.5054,0.49308518
2699,model_2,0.0788,0.05588109
2700,model_2,-0.1578,-0.14867854
2701,model_2,0.4295,0.3580155
2702,model_2,0.0835,0.09643306
2703,model_2,0.1894,0.13682713
2704,model_2,0.2404,0.22963484
2705,model_2,0.1741,0.21800663
2706,model_2,0.3223,0.36168036
2707,model_2,0.0523,0.22713135
2708,model_2,0.3088,0.2639239
2709,model_2,0.5778,0.5010559
2710,model_2,-0.0242,0.008855065
2711,model_2,0.1516,0.11515665
2712,model_2,0.3212,0.31763226
2713,model_2,0.081,0.10828836
2714,model_2,0.0695,0.07709034
2715,model_2,0.1831,0.14094628
2716,model_2,0.5478,0.5442063
2717,model_2,1.1613,1.212323
2718,model_2,-0.0134,-0.032005392
2719,model_2,0.4061,0.3791106
2720,model_2,0.2026,0.26432842
2721,model_2,-0.059,-0.12197654
2722,model_2,0.1121,0.13039653
2723,model_2,0.2821,0.38793927
2724,model_2,-0.1552,-0.15557545
2725,model_2,0.8197,0.7974871
2726,model_2,-0.0421,-0.04015863
2727,model_2,0.4188,0.4069381
2728,model_2,0.1104,0.14095609
2729,model_2,0.1979,0.28754818
2730,model_2,0.0696,0.13180767
2731,model_2,-0.113,-0.10048033
2732,model_2,0.4122,0.41082022
2733,model_2,0.0738,0.18899031
2734,model_2,-0.0634,-0.06352326
2735,model_2,0.3446,0.36910275
2736,model_2,0.365,0.36054537
2737,model_2,0.6248,0.61592
2738,model_2,0.4825,0.50245035
2739,model_2,0.7402,0.73649555
2740,model_2,0.3751,0.34486115
2741,model_2,0.7701,0.7038104
2742,model_2,0.0874,0.10059159
2743,model_2,0.198,0.24650173
2744,model_2,-0.0457,-0.040226433
2745,model_2,0.3826,0.32444504
2746,model_2,-0.0204,-0.002816176
2747,model_2,0.2721,0.29000077
2748,model_2,-0.1113,-0.09010097
2749,model_2,0.1288,0.1531693
2750,model_2,0.7548,0.70962715
2751,model_2,0.2201,0.1621676
2752,model_2,0.202,0.1813771
2753,model_2,0.4803,0.5223226
2754,model_2,0.0207,0.030940285
2755,model_2,0.255,0.22827582
2756,model_2,-0.1476,-0.14331883
2757,model_2,0.3636,0.37001148
2758,model_2,-0.2053,-0.19125621
2759,model_2,0.6387,0.6646531
2760,model_2,0.0142,0.034655683
2761,model_2,0.2466,0.22862007
2762,model_2,0.0913,0.09131381
2763,model_2,0.0021,-0.014033491
2764,model_2,0.5609,0.5679583
2765,model_2,-0.0314,-0.009271717
2766,model_2,0.533,0.5522334
2767,model_2,-0.0139,-0.0039440747
2768,model_2,0.3253,0.30625698
2769,model_2,0.0541,0.005514238
2770,model_2,-0.121,-0.07779723
2771,model_2,0.0941,0.12307705
2772,model_2,-0.0379,-0.059760615
2773,model_2,0.1564,0.20476376
2774,model_2,0.0291,0.0543686
2775,model_2,0.0497,0.0068565216
2776,model_2,0.2115,0.18822452
2777,model_2,0.1558,0.10007473
2778,model_2,0.229,0.20688073
2779,model_2,0.4195,0.43612012
2780,model_2,0.1375,0.12128058
2781,model_2,0.1183,0.03382811
2782,model_2,0.2866,0.33381787
2783,model_2,0.072,0.06659836
2784,model_2,0.1293,0.105210185
2785,model_2,0.2,0.22525431
2786,model_2,0.9549,0.927162
2787,model_2,0.1836,0.20675157
2788,model_2,-0.1808,-0.070889294
2789,model_2,0.5419,0.584446
2790,model_2,0.7448,0.778295
2791,model_2,0.9199,0.8866043
2792,model_2,0.2716,0.15740348
2793,model_2,0.129,0.15373918
2794,model_2,0.2663,0.27822182
2795,model_2,0.1831,0.16162331
2796,model_2,0.1104,0.10079576
2797,model_2,0.2008,0.16711779
2798,model_2,0.1213,0.10933474
2799,model_2,0.1551,0.119982824
2800,model_2,0.1768,0.18212368
2801,model_2,0.2214,0.24656324
2802,model_2,0.0654,0.08475377
2803,model_2,0.712,0.692233
2804,model_2,-0.0287,0.06960744
2805,model_2,0.0894,0.12467052
2806,model_2,0.4599,0.48364845
2807,model_2,0.1651,0.17753817
2808,model_2,-0.0718,-0.06354102
2809,model_2,0.0238,0.028080998
2810,model_2,0.1011,0.064170316
2811,model_2,0.1144,0.13463356
2812,model_2,0.572,0.55833375
2813,model_2,0.4166,0.40843716
2814,model_2,0.3491,0.31838527
2815,model_2,0.0615,0.04546977
2816,model_2,0.1096,0.09268688
2817,model_2,0.2829,0.26698908
2818,model_2,0.0008,0.099967554
2819,model_2,0.1525,0.12593712
2820,model_2,0.4546,0.3480337
2821,model_2,0.1334,0.11377412
2822,model_2,0.2839,0.17633738
2823,model_2,0.1906,0.18420367
2824,model_2,0.213,0.21335115
2825,model_2,0.1827,0.19812067
2826,model_2,0.0978,0.10099184
2827,model_2,0.4653,0.43849236
2828,model_2,0.2917,0.2891911
2829,model_2,0.11,0.08904448
2830,model_2,-0.0511,0.0492924
2831,model_2,0.0439,0.108161956
2832,model_2,0.5813,0.54846746
2833,model_2,0.9559,0.9539625
2834,model_2,0.5317,0.53567815
2835,model_2,0.0793,0.114057705
2836,model_2,0.2812,0.2439578
2837,model_2,0.3936,0.3538207
2838,model_2,0.2717,0.51051396
2839,model_2,0.1414,0.11058399
2840,model_2,-0.0268,-9.538792e-05
2841,model_2,0.2783,0.24504136
2842,model_2,0.0123,0.0087089
2843,model_2,0.2159,0.21976681
2844,model_2,0.3469,0.37286407
2845,model_2,0.3581,0.3328336
2846,model_2,0.2815,0.2677848
2847,model_2,0.7182,0.67137665
2848,model_2,0.2981,0.17340808
2849,model_2,0.8081,0.7978857
2850,model_2,0.2227,0.23092113
2851,model_2,0.3392,0.34011894
2852,model_2,0.4283,0.3865837
2853,model_2,0.1231,0.09206045
2854,model_2,-0.1411,-0.11552918
2855,model_2,0.0618,0.1448812
2856,model_2,-0.0746,-0.12224381
2857,model_2,0.2387,0.19630143
2858,model_2,0.1575,0.14672305
2859,model_2,-0.0002,0.041872904
2860,model_2,-0.1061,-0.068994716
2861,model_2,0.0181,0.03011599
2862,model_2,0.0531,0.08317016
2863,model_2,0.0097,0.024759037
2864,model_2,0.3695,0.3670097
2865,model_2,0.133,0.1560287
2866,model_2,0.1619,0.119777486
2867,model_2,0.0965,0.14048837
2868,model_2,0.1873,0.17625752
2869,model_2,0.0996,0.0546439
2870,model_2,0.2355,0.18626961
2871,model_2,0.6972,0.7217766
2872,model_2,0.6764,0.6780078
2873,model_2,0.162,0.14694697
2874,model_2,0.2932,0.24613021
2875,model_2,0.708,0.70684403
2876,model_2,0.0376,0.025365567
2877,model_2,0.5975,0.5770146
2878,model_2,0.2726,0.31834993
2879,model_2,0.343,0.3162213
2880,model_2,-0.0864,-0.07804495
2881,model_2,0.1737,0.12906548
2882,model_2,0.0168,0.074749514
2883,model_2,0.7592,0.772484
2884,model_2,0.069,0.049515188
2885,model_2,-0.0097,0.018493121
2886,model_2,0.1976,0.23696871
2887,model_2,0.0327,0.054815866
2888,model_2,0.2297,0.29424274
2889,model_2,-0.11,-0.06698887
2890,model_2,0.3816,0.37744138
2891,model_2,-0.0654,-0.008007163
2892,model_2,0.1343,0.13642484
2893,model_2,0.2299,0.2910618
2894,model_2,0.0747,0.07545662
2895,model_2,0.2501,0.24688546
2896,model_2,0.3993,0.4250802
2897,model_2,0.5603,0.5627063
2898,model_2,0.0661,0.06957331
2899,model_2,-0.0478,0.0035213921
2900,model_2,-0.0151,0.007936208
2901,model_2,-0.0039,0.052026436
2902,model_2,0.0683,0.044562794
2903,model_2,0.317,0.26281056
2904,model_2,-0.0525,-0.043359607
2905,model_2,0.0731,0.061520025
2906,model_2,0.1575,0.18131158
2907,model_2,0.1224,0.15486713
2908,model_2,0.6519,0.63138133
2909,model_2,0.2109,0.20741653
2910,model_2,0.2305,0.17111152
2911,model_2,0.4973,0.49993017
2912,model_2,0.0522,0.07682607
2913,model_2,0.1025,0.08077102
2914,model_2,0.494,0.4713929
2915,model_2,0.3771,0.3529253
2916,model_2,0.0532,0.012577591
2917,model_2,-0.0039,0.014074346
2918,model_2,-0.0468,-0.035655856
2919,model_2,0.3474,0.3761452
2920,model_2,0.3348,0.37202895
2921,model_2,0.096,0.06299171
2922,model_2,0.2047,0.21963872
2923,model_2,0.1487,0.19818163
2924,model_2,0.3968,0.40745828
2925,model_2,0.1393,0.15828203
2926,model_2,0.0373,0.06913523
2927,model_2,0.0595,0.07413244
2928,model_2,0.1507,0.16527162
2929,model_2,0.3371,0.37469545
2930,model_2,0.0646,0.10166465
2931,model_2,0.2739,0.23211364
2932,model_2,0.1617,0.19718994
2933,model_2,0.0773,0.0939085
2934,model_2,0.5016,0.5049824
2935,model_2,0.7514,0.76863813
2936,model_2,0.3941,0.4158109
2937,model_2,0.0639,0.022901127
2938,model_2,0.1032,0.20136906
2939,model_2,0.034,0.08439107
2940,model_2,0.4648,0.46220335
2941,model_2,0.1292,0.17177232
2942,model_2,0.0748,0.023766538
2943,model_2,0.5571,0.51957864
2944,model_2,0.3841,0.34137952
2945,model_2,0.7342,0.75367004
2946,model_2,0.2777,0.14780967
2947,model_2,0.1518,0.18541436
2948,model_2,0.2754,0.2860056
2949,model_2,0.351,0.3733615
2950,model_2,0.1627,0.15764497
2951,model_2,0.0476,0.14276518
2952,model_2,0.1803,0.18960072
2953,model_2,0.001,-0.015250197
2954,model_2,0.2471,0.2339999
2955,model_2,-0.0259,0.050330296
2956,model_2,0.3038,0.30908272
2957,model_2,0.3526,0.3301493
2958,model_2,0.4114,0.38384423
2959,model_2,0.8326,0.8283897
2960,model_2,0.5686,0.3987203
2961,model_2,0.3817,0.39935693
2962,model_2,0.2909,0.2643344
2963,model_2,-0.0004,0.050465792
2964,model_2,0.4612,0.26540256
2965,model_2,0.1945,0.19732974
2966,model_2,-0.0064,0.11981399
2967,model_2,-0.1578,-0.11363736
2968,model_2,0.1332,0.10313991
2969,model_2,-0.2225,-0.2226327
2970,model_2,0.1706,0.07458879
2971,model_2,0.1249,0.15189426
2972,model_2,0.3952,0.3795551
2973,model_2,0.0501,0.031548344
2974,model_2,-0.0417,-0.026310306
2975,model_2,0.2336,0.2564579
2976,model_2,-0.0104,-0.023920693
2977,model_2,0.0423,0.03284856
2978,model_2,0.2468,0.27639046
2979,model_2,0.7972,0.7765098
2980,model_2,-0.0754,-0.0638149
2981,model_2,0.1768,0.16485657
2982,model_2,0.0331,0.010459645
2983,model_2,0.349,0.32486597
2984,model_2,0.1351,0.14927185
2985,model_2,-0.0318,-0.020496624
2986,model_2,0.3173,0.31611708
2987,model_2,0.6903,0.67007595
2988,model_2,1.0198,0.98901623
2989,model_2,0.6015,0.61229396
2990,model_2,0.2088,0.24703012
2991,model_2,0.1859,0.18500966
2992,model_2,0.1461,0.12681295
2993,model_2,0.3376,0.32276043
2994,model_2,0.1203,0.10081345
2995,model_2,0.3384,0.345347
2996,model_2,0.3399,0.34250158
2997,model_2,0.1993,0.17179707
2998,model_2,0.0457,0.05832751
2999,model_2,-0.072,-0.089858696
3000,model_2,0.3183,0.31716764
3001,model_2,0.1977,0.16248633
3002,model_2,0.3407,0.34066007
3003,model_2,0.0959,0.073232174
3004,model_2,0.1344,0.10904884
3005,model_2,1.116,1.0955311
3006,model_2,0.0012,0.0013999548
3007,model_2,-0.032,-0.01168151
3008,model_2,0.0125,0.04296416
3009,model_2,0.0428,0.06774303
3010,model_2,-0.0225,0.043980166
3011,model_2,0.2641,0.29442695
3012,model_2,0.0665,0.03599979
3013,model_2,0.812,0.7691718
3014,model_2,0.4073,0.43525356
3015,model_2,0.3601,0.28195187
3016,model_2,0.1684,0.19058229
3017,model_2,0.0668,0.054951467
3018,model_2,0.0622,0.067549124
3019,model_2,0.1732,0.18875693
3020,model_2,0.6512,0.62966305
3021,model_2,0.0296,-0.008139798
3022,model_2,0.4594,0.4596161
3023,model_2,-0.0529,-0.042672984
3024,model_2,-0.1511,-0.14325139
3025,model_2,0.1905,0.16760094
3026,model_2,0.4529,0.46344873
3027,model_2,0.065,0.047300115
3028,model_2,0.0903,0.028742319
3029,model_2,0.567,0.5638399
3030,model_2,0.1446,0.14128956
3031,model_2,-0.1101,-0.10095248
3032,model_2,0.2391,0.24439563
3033,model_2,0.3111,0.299708
3034,model_2,0.3564,0.4310839
3035,model_2,0.1524,0.17626636
3036,model_2,0.3037,0.36047608
3037,model_2,0.2039,0.22951095
3038,model_2,0.1688,0.19299492
3039,model_2,0.0667,0.16070089
3040,model_2,0.065,0.09974168
3041,model_2,0.4168,0.35674116
3042,model_2,0.2504,0.21672933
3043,model_2,0.3378,0.2708036
3044,model_2,0.2383,0.2043937
3045,model_2,0.4149,0.42156085
3046,model_2,0.2233,0.28123268
3047,model_2,0.1489,0.12762979
3048,model_2,-0.1265,-0.10641984
3049,model_2,0.1119,0.17645128
3050,model_2,0.2301,0.23261808
3051,model_2,0.4027,0.30309215
3052,model_2,0.1859,0.21046199
3053,model_2,0.1359,0.14010768
3054,model_2,0.2019,0.19232778
3055,model_2,0.473,0.50045955
3056,model_2,0.373,0.32591242
3057,model_2,0.7679,0.7527484
3058,model_2,0.7296,0.73826545
3059,model_2,0.525,0.5308579
3060,model_2,0.0748,0.042767406
3061,model_2,0.1301,0.10459772
3062,model_2,0.1936,0.19602408
3063,model_2,0.1093,0.17330043
3064,model_2,0.1363,0.06617421
3065,model_2,0.7056,0.69254726
3066,model_2,0.1997,0.25626582
3067,model_2,-0.0066,0.046616793
3068,model_2,0.2679,0.23805307
3069,model_2,0.109,0.12136915
3070,model_2,0.2212,0.33074498
3071,model_2,0.8021,0.80237025
3072,model_2,0.3986,0.27735132
3073,model_2,0.2138,0.21950404
3074,model_2,0.6021,0.5886615
3075,model_2,0.0557,0.049594313
3076,model_2,0.643,0.58827347
3077,model_2,0.1144,0.101622894
3078,model_2,0.5098,0.5081521
3079,model_2,0.0597,0.09026824
3080,model_2,0.4467,0.4147292
3081,model_2,0.3538,0.38145438
3082,model_2,0.253,0.2219199
3083,model_2,0.4904,0.48228666
3084,model_2,0.1567,0.1763494
3085,model_2,0.536,0.5176882
3086,model_2,0.3107,0.27389666
3087,model_2,0.3635,0.3679584
3088,model_2,0.1915,0.33798906
3089,model_2,0.2688,0.34615827
3090,model_2,0.4026,0.26612905
3091,model_2,-0.1449,-0.15923718
3092,model_2,0.2329,0.22354363
3093,model_2,0.2307,0.21724364
3094,model_2,0.1961,0.18935128
3095,model_2,0.4937,0.4935253
3096,model_2,0.5188,0.51972574
3097,model_2,0.1087,0.1379958
3098,model_2,0.2592,0.2788799
3099,model_2,-1e-04,0.08474064
3100,model_2,0.5164,0.4947929
3101,model_2,0.2575,0.2492104
3102,model_2,0.7767,0.78585756
3103,model_2,0.2654,0.27493444
3104,model_2,0.8086,0.79583764
3105,model_2,0.2012,0.20189148
3106,model_2,0.4143,0.4211036
3107,model_2,0.4287,0.44866368
3108,model_2,0.3068,0.26159912
3109,model_2,0.1004,0.104153514
3110,model_2,0.0432,0.04570809
3111,model_2,0.0026,0.016775815
3112,model_2,0.4618,0.44750363
3113,model_2,-0.0379,-0.044624284
3114,model_2,0.16,0.1315278
3115,model_2,0.1129,0.15359221
3116,model_2,0.0983,0.11955471
3117,model_2,0.2667,0.2715079
3118,model_2,0.3638,0.29184744
3119,model_2,0.188,0.20486937
3120,model_2,0.0731,0.080172956
3121,model_2,0.237,0.22286847
3122,model_2,0.8496,0.7467529
3123,model_2,0.1039,0.069487
3124,model_2,0.077,0.066039935
3125,model_2,0.1919,0.1951765
3126,model_2,0.1334,0.13679843
3127,model_2,0.5913,0.5921038
3128,model_2,0.2739,0.27827123
3129,model_2,-0.0012,0.02087309
3130,model_2,0.3474,0.39476737
3131,model_2,0.1156,0.12461153
3132,model_2,0.181,0.19332545
3133,model_2,0.3708,0.22105241
3134,model_2,0.5903,0.6519961
3135,model_2,0.1406,0.17948066
3136,model_2,0.052,0.08143633
3137,model_2,0.4092,0.24983852
3138,model_2,0.7462,0.7056129
3139,model_2,0.1965,0.23003636
3140,model_2,0.134,0.185408
3141,model_2,-0.0432,-0.05791887
3142,model_2,0.7668,0.7503591
3143,model_2,0.1089,0.06410442
3144,model_2,0.0966,0.09816126
3145,model_2,-0.0281,-0.036616113
3146,model_2,0.2637,0.25033417
3147,model_2,0.2676,0.2611967
3148,model_2,0.0641,0.06496914
3149,model_2,0.3679,0.37865776
3150,model_2,0.1104,0.12362373
3151,model_2,0.3658,0.35039648
3152,model_2,-0.0219,0.009002527
3153,model_2,0.3275,0.33570656
3154,model_2,0.1682,0.19092636
3155,model_2,0.6757,0.6998298
3156,model_2,0.132,0.11932568
3157,model_2,0.094,0.1117032
3158,model_2,0.2696,0.2661052
3159,model_2,0.8463,0.880204
3160,model_2,0.7415,0.7193759
3161,model_2,0.4011,0.3204343
3162,model_2,-0.0832,-0.010614214
3163,model_2,0.5934,0.577942
3164,model_2,0.2312,0.19745676
3165,model_2,0.3181,0.31630954
3166,model_2,0.2114,0.25415567
3167,model_2,0.2494,0.34306356
3168,model_2,0.4243,0.4558617
3169,model_2,0.1994,0.099677175
3170,model_2,0.0444,0.061924264
3171,model_2,-0.0306,0.02272159
3172,model_2,0.1191,0.11785218
3173,model_2,-0.0247,-0.017906575
3174,model_2,0.1284,0.11428949
3175,model_2,0.0439,0.08775063
3176,model_2,0.6146,0.62845355
3177,model_2,-0.1272,-0.11742596
3178,model_2,0.011,0.01959647
3179,model_2,0.1329,0.11815813
3180,model_2,0.3416,0.25164118
3181,model_2,0.0102,0.03298513
3182,model_2,0.2188,0.18730208
3183,model_2,0.3535,0.3512664
3184,model_2,0.0208,0.02172185
3185,model_2,-0.0226,0.09666592
3186,model_2,0.4674,0.45444396
3187,model_2,0.4476,0.43789232
3188,model_2,0.0496,0.04007221
3189,model_2,0.0699,0.06788034
3190,model_2,0.5009,0.45420998
3191,model_2,0.383,0.40139058
3192,model_2,0.1534,0.14233439
3193,model_2,0.0933,0.099678785
3194,model_2,0.0568,0.03895449
3195,model_2,0.0991,0.114410475
3196,model_2,0.0701,0.05961529
3197,model_2,0.1787,0.30398992
3198,model_2,0.3846,0.3775234
3199,model_2,-0.1014,-0.09252178
3200,model_2,0.5025,0.5130114
3201,model_2,0.1353,0.14453606
3202,model_2,0.4225,0.39903232
3203,model_2,0.096,0.09577983
3204,model_2,0.1939,0.21385165
3205,model_2,-0.1599,-0.16391812
3206,model_2,0.1196,0.1214107
3207,model_2,-0.0186,0.0033858176
3208,model_2,0.3634,0.36648583
3209,model_2,0.2477,0.21442463
3210,model_2,0.0576,0.10269582
3211,model_2,0.0585,0.053145416
3212,model_2,0.2514,0.21718994
3213,model_2,0.18,0.17331658
3214,model_2,0.2688,0.30611548
3215,model_2,0.3999,0.36399803
3216,model_2,0.3508,0.31546536
3217,model_2,0.2449,0.244552
3218,model_2,0.9078,0.9090969
3219,model_2,0.3642,0.35473767
3220,model_2,0.2055,0.2121103
3221,model_2,0.2434,0.23116891
3222,model_2,0.0596,0.0644518
3223,model_2,0.142,0.14279377
3224,model_2,0.2461,0.2355652
3225,model_2,0.2262,0.2087386
3226,model_2,0.2009,0.23209192
3227,model_2,0.1282,0.118104786
3228,model_2,0.0832,0.06782524
3229,model_2,0.1574,0.07929692
3230,model_2,0.602,0.5708198
3231,model_2,0.1021,0.06756705
3232,model_2,0.1541,0.13276342
3233,model_2,-0.0436,-0.045759745
3234,model_2,0.0549,0.07835314
3235,model_2,0.4987,0.49425313
3236,model_2,0.4339,0.41801164
3237,model_2,0.3403,0.39944568
3238,model_2,0.1667,0.10405575
3239,model_2,0.2684,0.22581525
3240,model_2,0.1164,0.15471947
3241,model_2,0.8516,0.8169489
3242,model_2,0.0576,0.07404212
3243,model_2,0.1006,0.14138097
3244,model_2,0.16,0.17853227
3245,model_2,0.1729,0.16922276
3246,model_2,0.1221,0.0719559
3247,model_2,-0.0683,-0.054483376
3248,model_2,0.0299,0.027201502
3249,model_2,0.072,0.09390111
3250,model_2,0.327,0.29686263
3251,model_2,-0.0099,-0.013348683
3252,model_2,0.5201,0.23625432
3253,model_2,0.0754,0.061114274
3254,model_2,0.1612,0.18901287
3255,model_2,0.2095,0.18803072
3256,model_2,0.1619,0.16350234
3257,model_2,0.1429,0.09121436
3258,model_2,0.7818,0.768527
3259,model_2,0.2033,0.18048976
3260,model_2,0.5158,0.543148
3261,model_2,0.442,0.45078653
3262,model_2,0.2076,0.18006022
3263,model_2,0.2299,0.19300704
3264,model_2,-0.1343,-0.13632368
3265,model_2,0.3973,0.3190542
3266,model_2,0.3604,0.37099627
3267,model_2,0.4247,0.4237679
3268,model_2,0.2449,0.24923913
3269,model_2,0.2551,0.29921672
3270,model_2,0.4912,0.4641786
3271,model_2,0.079,0.15759857
3272,model_2,-0.0562,-0.026625099
3273,model_2,0.1278,0.12212722
3274,model_2,0.0876,0.13498548
3275,model_2,0.0201,0.05890341
3276,model_2,0.1311,0.14089833
3277,model_2,0.1661,0.15894844
3278,model_2,0.0573,0.11172937
3279,model_2,-0.0154,-0.007235404
3280,model_2,-0.1227,-0.11565448
3281,model_2,0.1431,0.17291643
3282,model_2,0.1698,0.16400044
3283,model_2,0.28,0.30805382
3284,model_2,0.0619,0.03180527
3285,model_2,0.0299,0.016419856
3286,model_2,-0.118,-0.12446317
3287,model_2,-0.1557,-0.12882052
3288,model_2,0.558,0.6043466
3289,model_2,0.5502,0.5116146
3290,model_2,0.2097,0.22355752
3291,model_2,0.0531,-0.02973865
3292,model_2,-0.138,-0.1152591
3293,model_2,0.1359,0.13790263
3294,model_2,0.1406,0.13369633
3295,model_2,0.0288,-0.0081709325
3296,model_2,0.1586,0.1262738
3297,model_2,-0.0963,-0.16542695
3298,model_2,0.2686,0.23774414
3299,model_2,0.7435,0.7663595
3300,model_2,-0.0387,0.00088145956
3301,model_2,0.1107,0.05639542
3302,model_2,0.8116,0.79323035
3303,model_2,0.2259,0.17045176
3304,model_2,0.8793,0.8489751
3305,model_2,0.0675,0.06590672
3306,model_2,0.091,0.0915052
3307,model_2,0.1391,0.17305674
3308,model_2,0.1889,0.1616491
3309,model_2,0.0667,0.089082584
3310,model_2,0.1976,0.22304647
3311,model_2,0.0444,0.08370125
3312,model_2,0.1462,0.13343666
3313,model_2,0.2989,0.32634982
3314,model_2,0.016,-0.02049405
3315,model_2,0.152,0.15329152
3316,model_2,0.0268,0.05527748
3317,model_2,0.2714,0.24834524
3318,model_2,0.1718,0.19615038
3319,model_2,0.0326,0.091539256
3320,model_2,0.1275,0.17664672
3321,model_2,0.2503,0.27427682
3322,model_2,0.0235,0.030939603
3323,model_2,0.2183,0.20724528
3324,model_2,0.4182,0.43878126
3325,model_2,0.1785,0.15686506
3326,model_2,0.1968,0.17561369
3327,model_2,-0.0389,-0.03702206
3328,model_2,-0.0369,-0.05055692
3329,model_2,0.1474,0.13553713
3330,model_2,0.0826,0.092889614
3331,model_2,0.2632,0.23111878
3332,model_2,0.6335,0.6930674
3333,model_2,0.4473,0.4364511
3334,model_2,0.0067,0.08714336
3335,model_2,0.3347,0.28127006
3336,model_2,0.1941,0.13259657
3337,model_2,0.2748,0.24097697
3338,model_2,0.2408,0.27878326
3339,model_2,0.1541,0.19012624
3340,model_2,0.9762,0.96481806
3341,model_2,0.2449,0.19171578
3342,model_2,0.3096,0.14940631
3343,model_2,0.4709,0.46588197
3344,model_2,0.0738,0.13856031
3345,model_2,0.3729,0.37241158
3346,model_2,0.2929,0.25699028
3347,model_2,0.2724,0.27747086
3348,model_2,0.5796,0.55158406
3349,model_2,-0.0205,-0.021331737
3350,model_2,0.0404,0.05859404
3351,model_2,0.2824,0.31782532
3352,model_2,-0.0174,-0.031435736
3353,model_2,0.6115,0.62897855
3354,model_2,0.4432,0.3902959
3355,model_2,0.095,0.09786241
3356,model_2,-0.0051,0.011616258
3357,model_2,-0.0358,-0.079214804
3358,model_2,0.8023,0.7966908
3359,model_2,0.4203,0.41978633
3360,model_2,0.2752,0.27932408
3361,model_2,0.3164,0.28475228
3362,model_2,0.3154,0.31005892
3363,model_2,0.4061,0.41279787
3364,model_2,0.0607,0.05561074
3365,model_2,0.1046,0.051960163
3366,model_2,-0.0606,-0.07718795
3367,model_2,0.3355,0.33136073
3368,model_2,0.2311,0.22547038
3369,model_2,0.2858,0.29924446
3370,model_2,0.1502,0.14096048
3371,model_2,0.0859,0.064348705
3372,model_2,0.0155,0.0024690088
3373,model_2,0.2385,0.2461818
3374,model_2,0.099,0.09838401
3375,model_2,-0.2022,-0.149941
3376,model_2,0.1593,0.2810443
3377,model_2,-0.022,-0.008667799
3378,model_2,0.0459,0.0143737625
3379,model_2,0.209,0.17579201
3380,model_2,0.1435,0.1336435
3381,model_2,0.0837,0.062922746
3382,model_2,-0.051,-0.053667724
3383,model_2,0.1602,0.21627226
3384,model_2,0.773,0.75267816
3385,model_2,0.2552,0.20721948
3386,model_2,0.0781,0.05559355
3387,model_2,0.2485,0.22079661
3388,model_2,0.3259,0.3530792
3389,model_2,0.2573,0.2343239
3390,model_2,0.0783,0.076626495
3391,model_2,0.0179,0.009034073
3392,model_2,0.3722,0.27106768
3393,model_2,-0.0088,-0.0071019065
3394,model_2,0.5566,0.50446266
3395,model_2,0.1077,0.07959342
3396,model_2,-0.0944,-0.07903523
3397,model_2,0.3302,0.42848065
3398,model_2,0.2083,0.24567918
3399,model_2,0.105,0.10954915
3400,model_2,-0.0116,0.044243485
3401,model_2,0.2101,0.1914873
3402,model_2,-0.1705,-0.18105818
3403,model_2,0.1465,0.16786076
3404,model_2,0.011,0.033182718
3405,model_2,0.5119,0.54107934
3406,model_2,0.1776,0.1903536
3407,model_2,0.0397,0.05246228
3408,model_2,0.3828,0.3168585
3409,model_2,0.3046,0.2796164
3410,model_2,-0.066,-0.035277702
3411,model_2,0.0972,0.08105405
3412,model_2,0.5548,0.46951273
3413,model_2,0.5673,0.53694427
3414,model_2,0.097,0.10005087
3415,model_2,0.303,0.3191841
3416,model_2,0.3407,0.3423616
3417,model_2,0.5083,0.53236574
3418,model_2,0.3753,0.30449817
3419,model_2,0.0729,0.053057298
3420,model_2,0.5045,0.4700551
3421,model_2,0.244,0.2390707
3422,model_2,0.1226,0.16425334
3423,model_2,0.0804,0.057380408
3424,model_2,0.7252,0.72756666
3425,model_2,0.2695,0.25266784
3426,model_2,0.2169,0.22695671
3427,model_2,0.2102,0.19023423
3428,model_2,0.974,0.9528149
3429,model_2,0.0688,-0.0005250368
3430,model_2,0.1366,0.14598536
3431,model_2,0.1717,0.21478154
3432,model_2,0.0191,0.02694196
3433,model_2,0.538,0.55192643
3434,model_2,0.4075,0.38475487
3435,model_2,0.1275,0.12536207
3436,model_2,0.0501,0.04277251
3437,model_2,0.2563,0.23792498
3438,model_2,0.9826,0.9095797
3439,model_2,0.0246,0.030142391
3440,model_2,-0.0682,-0.0020612944
3441,model_2,-0.0277,-0.03737303
3442,model_2,0.0376,0.11078258
3443,model_2,0.1666,0.14360337
3444,model_2,0.1399,0.17078787
3445,model_2,1.0274,1.0691347
3446,model_2,0.1428,0.15491417
3447,model_2,0.0236,0.023849176
3448,model_2,0.064,0.054826736
3449,model_2,0.4233,0.39952973
3450,model_2,0.6393,0.65453845
3451,model_2,0.3216,0.377452
3452,model_2,-0.0694,-0.09457318
3453,model_2,0.0635,0.07267371
3454,model_2,0.2211,0.22594626
3455,model_2,0.2503,0.23212273
3456,model_2,0.3391,0.3338268
3457,model_2,0.0717,0.050839484
3458,model_2,0.5521,0.528112
3459,model_2,0.0696,0.103309676
3460,model_2,-0.0872,-0.04585451
3461,model_2,0.0945,0.08954226
3462,model_2,0.2557,0.2914637
3463,model_2,0.2183,0.3379008
3464,model_2,0.3217,0.3863943
3465,model_2,0.4158,0.4151422
3466,model_2,0.2957,0.29152516
3467,model_2,0.2495,0.2612146
3468,model_2,0.2327,0.3001972
3469,model_2,0.6501,0.674599
3470,model_2,0.1581,0.17384751
3471,model_2,-0.0835,-0.040517636
3472,model_2,0.0654,0.05151269
3473,model_2,0.197,0.17510526
3474,model_2,0.3412,0.29604605
3475,model_2,0.1847,0.185363
3476,model_2,0.3729,0.35340208
3477,model_2,0.0323,0.028978871
3478,model_2,0.0401,0.07959628
3479,model_2,0.1231,0.10295384
3480,model_2,0.1799,0.12130368
3481,model_2,0.0995,0.13043784
3482,model_2,0.2019,0.14727582
3483,model_2,0.1524,0.12323801
3484,model_2,0.431,0.44806504
3485,model_2,0.1017,0.14215799
3486,model_2,0.7398,0.7187888
3487,model_2,0.1535,0.13104649
3488,model_2,0.0207,0.04022734
3489,model_2,0.4505,0.41959265
3490,model_2,0.3056,0.3163806
3491,model_2,-0.0474,0.020220315
3492,model_2,0.1515,0.14780892
3493,model_2,0.0776,0.04842201
3494,model_2,0.1822,0.20741914
3495,model_2,0.0526,0.060950607
3496,model_2,0.1324,0.11051601
3497,model_2,0.4235,0.4496212
3498,model_2,0.0804,0.08786926
3499,model_2,0.4589,0.49137166
3500,model_2,0.0891,0.06811068
3501,model_2,0.5389,0.5288667
3502,model_2,0.1798,0.20435522
3503,model_2,0.4174,0.3546643
3504,model_2,0.2342,0.21236774
3505,model_2,0.1806,0.18520255
3506,model_2,0.276,0.30531725
3507,model_2,0.1507,0.16518773
3508,model_2,0.166,0.20263171
3509,model_2,0.3293,0.33497456
3510,model_2,0.3523,0.35328087
3511,model_2,0.2044,0.23266129
3512,model_2,0.3894,0.395826
3513,model_2,0.2867,0.32429752
3514,model_2,0.1079,0.07274761
3515,model_2,0.5068,0.42751896
3516,model_2,0.751,0.764891
3517,model_2,0.4098,0.45875737
3518,model_2,0.3285,0.25013897
3519,model_2,-0.0824,-0.008894939
3520,model_2,0.3485,0.36080208
3521,model_2,0.6974,0.72088414
3522,model_2,0.1694,0.18498202
3523,model_2,-0.3119,0.07342126
3524,model_2,-0.0031,-0.007777827
3525,model_2,0.2454,0.2721014
3526,model_2,0.7885,0.74776584
3527,model_2,0.5902,0.56566733
3528,model_2,0.5612,0.45891145
3529,model_2,0.1329,0.0691701
3530,model_2,0.3072,0.2681822
3531,model_2,0.7062,0.74147004
3532,model_2,0.3474,0.3560703
3533,model_2,0.2665,0.27246496
3534,model_2,0.4367,0.41775426
3535,model_2,0.1662,0.15767114
3536,model_2,0.0353,0.02023931
3537,model_2,-0.1818,-0.12394974
3538,model_2,0.3656,0.2937326
3539,model_2,0.1932,0.19548686
3540,model_2,0.058,0.07164092
3541,model_2,0.09,0.08380447
3542,model_2,0.0503,0.02541369
3543,model_2,0.4023,0.382615
3544,model_2,-0.0064,0.043017313
3545,model_2,0.553,0.54571563
3546,model_2,0.504,0.53933805
3547,model_2,0.8109,0.82148784
3548,model_2,0.1264,0.14568748
3549,model_2,0.1614,0.19493134
3550,model_2,0.4891,0.5087338
3551,model_2,0.0395,0.08222187
3552,model_2,-0.1119,-0.076128356
3553,model_2,0.1622,0.15359937
3554,model_2,0.5764,0.53771365
3555,model_2,-0.0684,-0.023335276
3556,model_2,0.1454,0.13499536
3557,model_2,0.0799,0.11508097
3558,model_2,0.2497,0.24617581
3559,model_2,0.1818,0.19275
3560,model_2,0.284,0.22565554
3561,model_2,-0.1644,-0.15986682
3562,model_2,0.1897,0.18998902
3563,model_2,0.3775,0.41478032
3564,model_2,0.1648,0.15560435
3565,model_2,0.7259,0.7169646
3566,model_2,0.1479,0.13006733
3567,model_2,0.5309,0.5318281
3568,model_2,0.1578,0.15238713
3569,model_2,0.3226,0.31948626
3570,model_2,0.268,0.31866735
3571,model_2,0.1174,0.106486395
3572,model_2,0.2919,0.2608605
3573,model_2,0.0138,0.01385699
3574,model_2,0.3971,0.34500477
3575,model_2,0.2218,0.19098848
3576,model_2,0.138,0.108016446
3577,model_2,0.5182,0.5346569
3578,model_2,0.2542,0.25346184
3579,model_2,0.1709,0.120727986
3580,model_2,0.6848,0.6802766
3581,model_2,0.141,0.14499538
3582,model_2,0.2384,0.22849463
3583,model_2,0.2414,0.21652405
3584,model_2,0.36,0.41820037
3585,model_2,-0.0427,0.012626426
3586,model_2,0.07,0.13808376
3587,model_2,0.3388,0.35210308
3588,model_2,0.1658,0.14555824
3589,model_2,0.0475,0.109718725
3590,model_2,0.5908,0.5682386
3591,model_2,-0.1709,-0.16368647
3592,model_2,0.1691,0.17990212
3593,model_2,0.1656,0.11533527
3594,model_2,0.1224,0.14828198
3595,model_2,0.1994,0.21021752
3596,model_2,0.1669,0.1950781
3597,model_2,-0.0821,-0.0842966
3598,model_2,0.6186,0.5623935
3599,model_2,0.0179,0.039689288
3600,model_2,0.1375,0.13006003
3601,model_2,0.5903,0.58196
3602,model_2,0.3467,0.35271037
3603,model_2,-0.0263,0.0032063778
3604,model_2,0.4109,0.46269202
3605,model_2,0.6916,0.6632349
3606,model_2,0.416,0.3899212
3607,model_2,0.3132,0.36016718
3608,model_2,-0.0458,-0.057339035
3609,model_2,0.4565,0.44643643
3610,model_2,0.0065,-0.008538494
3611,model_2,0.0602,0.05913437
3612,model_2,0.1123,0.10811816
3613,model_2,0.4229,0.46017447
3614,model_2,0.0637,0.044182606
3615,model_2,0.4661,0.5155075
3616,model_2,0.1544,0.16827862
3617,model_2,0.2668,0.26750883
3618,model_2,0.078,0.047841027
3619,model_2,0.5381,0.5289287
3620,model_2,0.2018,0.2531433
3621,model_2,0.419,0.37237477
3622,model_2,0.7334,0.6895667
3623,model_2,0.2755,0.19501628
3624,model_2,0.2632,0.2375484
3625,model_2,0.1449,0.06633674
3626,model_2,0.0531,0.05740457
3627,model_2,0.3051,0.37624654
3628,model_2,0.2991,0.24153034
3629,model_2,-0.0328,-0.031283267
3630,model_2,0.1456,0.16376473
3631,model_2,0.9045,0.9054219
3632,model_2,0.046,0.07659294
3633,model_2,0.3297,0.27897885
3634,model_2,0.0507,0.046891958
3635,model_2,0.1903,0.22158127
3636,model_2,0.305,0.3331185
3637,model_2,0.2131,0.2171127
3638,model_2,0.9545,0.9379728
3639,model_2,0.2816,0.28736293
3640,model_2,0.2306,0.21879092
3641,model_2,0.3441,0.34783036
3642,model_2,0.2367,0.24914594
3643,model_2,0.2614,0.16187869
3644,model_2,0.1789,0.120450765
3645,model_2,0.2887,0.31081694
3646,model_2,-0.0046,0.05314435
3647,model_2,0.0095,-0.0062404443
3648,model_2,0.4523,0.4004853
3649,model_2,0.3158,0.21933827
3650,model_2,0.0769,0.11338845
3651,model_2,0.169,0.33506063
3652,model_2,0.0997,0.056027025
3653,model_2,0.0174,0.03657324
3654,model_2,0.3583,0.3566056
3655,model_2,0.0927,0.08352685
3656,model_2,0.4224,0.33687356
3657,model_2,0.0782,0.0034976248
3658,model_2,-0.0229,0.027635882
3659,model_2,0.0466,0.054391257
3660,model_2,0.5079,0.44633025
3661,model_2,0.1812,0.19741899
3662,model_2,0.3764,0.38652351
3663,model_2,0.3031,0.31205422
3664,model_2,0.4124,0.41361377
3665,model_2,0.0257,0.01046118
3666,model_2,0.2553,0.27292374
3667,model_2,0.7995,0.81131786
3668,model_2,-0.0158,-0.047981724
3669,model_2,0.2759,0.2679808
3670,model_2,0.0193,-0.016001992
3671,model_2,0.0859,0.0980397
3672,model_2,0.0331,0.05093448
3673,model_2,-0.0519,-0.04773672
3674,model_2,0.8559,0.82374793
3675,model_2,0.1119,0.1198148
3676,model_2,0.2068,0.1754315
3677,model_2,0.2854,0.21129973
3678,model_2,0.3019,0.28400853
3679,model_2,0.5524,0.54141104
3680,model_2,0.0293,0.010133592
3681,model_2,0.2448,0.2224767
3682,model_2,0.2051,0.23809557
3683,model_2,0.3151,0.34807703
3684,model_2,-0.0376,-0.034346715
3685,model_2,0.3825,0.3751761
3686,model_2,0.0664,0.03182932
3687,model_2,0.4325,0.33936533
3688,model_2,0.6083,0.61050177
3689,model_2,0.1179,0.08411304
3690,model_2,0.5172,0.5076659
3691,model_2,0.2364,0.20881256
3692,model_2,0.2215,0.18620095
3693,model_2,0.4638,0.47847286
3694,model_2,0.7501,0.7651799
3695,model_2,-0.0333,0.009575022
3696,model_2,0.4086,0.3974459
3697,model_2,0.4016,0.41653296
3698,model_2,0.1283,0.18540983
3699,model_2,0.3067,0.3203587
3700,model_2,0.286,0.26096854
3701,model_2,0.1674,0.12911549
3702,model_2,0.1877,0.23055457
3703,model_2,-0.1442,-0.12185711
3704,model_2,0.3073,0.36043826
3705,model_2,0.1844,0.21837811
3706,model_2,0.2551,0.30699733
3707,model_2,-0.0947,-0.0925665
3708,model_2,0.1855,0.20589283
3709,model_2,-0.0191,-0.030112768
3710,model_2,0.4872,0.40114132
3711,model_2,0.1302,0.17827761
3712,model_2,0.0342,0.09872111
3713,model_2,0.3516,0.29997382
3714,model_2,0.2912,0.2159762
3715,model_2,0.0398,0.047995456
3716,model_2,0.0433,0.051029347
3717,model_2,0.1345,0.17087118
3718,model_2,0.2355,0.20896144
3719,model_2,0.5646,0.5418458
3720,model_2,0.3734,0.33415067
3721,model_2,-0.1017,-0.06463838
3722,model_2,0.1619,0.25694215
3723,model_2,0.4155,0.4245076
3724,model_2,-0.1369,-0.07754593
3725,model_2,-0.1773,-0.14527927
3726,model_2,0.256,0.32323167
3727,model_2,0.2411,0.24604015
3728,model_2,0.1399,0.15170065
3729,model_2,0.3377,0.36484966
3730,model_2,0.4026,0.4180359
3731,model_2,0.1185,0.07860522
3732,model_2,0.0412,0.058424525
3733,model_2,0.4743,0.49880436
3734,model_2,-0.0943,-0.058897473
3735,model_2,0.5602,0.47806337
3736,model_2,0.6414,0.6435874
3737,model_2,0.025,0.061967254
3738,model_2,0.4345,0.42554215
3739,model_2,0.2413,0.14393194
3740,model_2,0.1842,0.17627391
3741,model_2,0.1482,0.052444607
3742,model_2,0.2116,0.18739215
3743,model_2,0.1809,0.15138741
3744,model_2,0.0008,0.08674467
3745,model_2,0.2981,0.2831742
3746,model_2,0.2653,0.2969016
3747,model_2,0.2644,0.26943848
3748,model_2,-0.1238,-0.10935274
3749,model_2,0.5212,0.4798105
3750,model_2,0.1893,0.17028531
3751,model_2,0.1744,0.20741792
3752,model_2,0.1177,0.14523776
3753,model_2,0.0587,0.016959997
3754,model_2,1.0595,1.086589
3755,model_2,0.6588,0.65838456
3756,model_2,0.1134,0.12676646
3757,model_2,0.1998,0.23744075
3758,model_2,0.3285,0.32249683
3759,model_2,0.1102,0.083226696
3760,model_2,0.4175,0.41065663
3761,model_2,0.251,0.290009
3762,model_2,0.0609,0.07842161
3763,model_2,0.1804,0.18444735
3764,model_2,0.106,0.15728611
3765,model_2,0.1712,0.089157194
3766,model_2,0.187,0.27376577
3767,model_2,0.0654,0.052377008
3768,model_2,0.3935,0.42221782
3769,model_2,0.0958,0.060610443
3770,model_2,0.0533,0.059722252
3771,model_2,0.0653,0.051598504
3772,model_2,0.3742,0.36910975
3773,model_2,1.0304,0.9558596
3774,model_2,0.1741,0.122022435
3775,model_2,0.5572,0.5315506
3776,model_2,0.2254,0.32435432
3777,model_2,-0.0512,-0.06337255
3778,model_2,-0.2296,-0.19663756
3779,model_2,0.4832,0.48677602
3780,model_2,-0.1329,-0.098798245
3781,model_2,0.4785,0.48541912
3782,model_2,0.3743,0.3821258
3783,model_2,-0.0072,0.05080487
3784,model_2,0.1332,0.1217176
3785,model_2,0.3787,0.4074835
3786,model_2,0.3253,0.29624864
3787,model_2,0.2476,0.27448002
3788,model_2,-0.0354,-0.05461854
3789,model_2,0.32,0.32005534
3790,model_2,0.1484,0.15881877
3791,model_2,-0.0343,-0.0144588
3792,model_2,0.277,0.25511456
3793,model_2,0.2425,0.27800533
3794,model_2,-0.0985,-0.06742536
3795,model_2,0.2451,0.28417054
3796,model_2,0.134,0.050589688
3797,model_2,0.074,0.07815986
3798,model_2,0.0589,0.09061015
3799,model_2,0.1314,0.12404613
3800,model_2,0.0602,0.050881058
3801,model_2,0.3729,0.37535524
3802,model_2,0.253,0.26817065
3803,model_2,0.219,0.1677673
3804,model_2,0.0739,0.0764003
3805,model_2,0.1459,0.18451355
3806,model_2,0.1405,0.13391258
3807,model_2,0.7486,0.746707
3808,model_2,0.1717,0.2362441
3809,model_2,0.1838,0.20338838
3810,model_2,0.2001,0.19018406
3811,model_2,0.7292,0.76610416
3812,model_2,0.3412,0.25173667
3813,model_2,-0.0155,0.058765605
3814,model_2,1.1252,1.1349257
3815,model_2,0.0705,0.039573416
3816,model_2,0.0418,0.034834936
3817,model_2,-0.1063,-0.00852984
3818,model_2,0.2312,0.22133483
3819,model_2,0.7003,0.699264
3820,model_2,0.1056,0.09784871
3821,model_2,0.3689,0.41358173
3822,model_2,-0.1143,-0.06538017
3823,model_2,0.1096,0.12100908
3824,model_2,0.0644,0.110229805
3825,model_2,0.6392,0.64193666
3826,model_2,0.0918,0.095831424
3827,model_2,0.0655,0.107399985
3828,model_2,0.3044,0.28997806
3829,model_2,0.3341,0.3489224
3830,model_2,0.0544,-0.005512962
3831,model_2,0.3984,0.4249955
3832,model_2,0.0921,0.11570144
3833,model_2,0.6543,0.6607229
3834,model_2,0.4395,0.42876962
3835,model_2,0.0618,0.07655671
3836,model_2,0.2641,0.2999215
3837,model_2,0.1596,0.14952444
3838,model_2,0.4902,0.4988909
3839,model_2,0.4631,0.47251186
3840,model_2,0.3601,0.36707565
3841,model_2,0.0105,-0.023292063
3842,model_2,0.0005,0.011888908
3843,model_2,-0.1412,-0.16555455
3844,model_2,0.1391,0.11990139
3845,model_2,0.0419,0.07570685
3846,model_2,0.1369,0.14867266
3847,model_2,0.2581,0.24202372
3848,model_2,0.1817,0.2386987
3849,model_2,0.2312,0.17563252
3850,model_2,0.2055,0.21894175
3851,model_2,0.1994,0.22702412
3852,model_2,0.5643,0.54961044
3853,model_2,0.4813,0.4718743
3854,model_2,0.0856,0.112681895
3855,model_2,0.1119,0.13296123
3856,model_2,-0.011,-0.022759976
3857,model_2,0.6037,0.6189999
3858,model_2,0.1687,0.15448172
3859,model_2,0.2807,0.26497617
3860,model_2,0.3666,0.38473782
3861,model_2,0.3727,0.29465246
3862,model_2,0.9155,0.8292387
3863,model_2,0.3328,0.35979074
3864,model_2,-0.0481,-0.016463498
3865,model_2,0.0562,0.034689203
3866,model_2,0.3227,0.3071517
3867,model_2,0.3441,0.32623252
3868,model_2,0.109,0.13781469
3869,model_2,0.1845,0.18922418
3870,model_2,0.8216,0.7784156
3871,model_2,0.192,0.21097173
3872,model_2,0.1581,0.13774513
3873,model_2,0.0141,0.36277348
3874,model_2,0.2245,0.20724986
3875,model_2,0.1141,0.13240081
3876,model_2,0.6332,0.5767339
3877,model_2,0.3853,0.3963267
3878,model_2,0.3859,0.33941793
3879,model_2,0.0067,0.03579525
3880,model_2,0.1439,0.13418573
3881,model_2,0.1776,0.20639026
3882,model_2,0.5041,0.5030837
3883,model_2,0.0134,0.12202464
3884,model_2,0.2035,0.17916735
3885,model_2,0.2006,0.2723281
3886,model_2,0.2101,0.24376656
3887,model_2,0.2382,0.3105993
3888,model_2,0.4777,0.49051085
3889,model_2,0.612,0.6157941
3890,model_2,0.2098,0.18648565
3891,model_2,0.0809,0.121407494
3892,model_2,0.0901,0.13067876
3893,model_2,0.1981,0.19801597
3894,model_2,0.174,0.15116018
3895,model_2,0.3087,0.30395555
3896,model_2,-0.0632,-0.0043485854
3897,model_2,0.3858,0.36354086
3898,model_2,0.0589,0.030828794
3899,model_2,0.3656,0.3343061
3900,model_2,0.2931,0.24697708
3901,model_2,0.2546,0.17877562
3902,model_2,0.1835,0.16344568
3903,model_2,-0.0613,0.021678863
3904,model_2,0.1331,0.122405544
3905,model_2,0.3016,0.20057376
3906,model_2,0.2408,0.22865377
3907,model_2,0.275,0.27704602
3908,model_2,0.616,0.6076541
3909,model_2,0.6724,0.66402036
3910,model_2,0.1178,0.14711256
3911,model_2,0.1716,0.1927011
3912,model_2,0.6781,0.61939824
3913,model_2,0.1301,0.1144692
3914,model_2,0.4894,0.45484415
3915,model_2,0.3506,0.29493418
3916,model_2,0.3536,0.24000634
3917,model_2,0.3403,0.3240107
3918,model_2,0.5063,0.50978816
3919,model_2,0.4601,0.49689773
3920,model_2,0.0225,0.040466845
3921,model_2,0.792,0.79190415
3922,model_2,0.7097,0.7086096
3923,model_2,0.3095,0.22868232
3924,model_2,0.3484,0.2749817
3925,model_2,0.2324,0.23371668
3926,model_2,0.2337,0.2124992
3927,model_2,0.1111,0.09859845
3928,model_2,0.2707,0.23606227
3929,model_2,0.1897,0.12822574
3930,model_2,0.8078,0.7666774
3931,model_2,0.086,0.078556195
3932,model_2,0.5331,0.5601582
3933,model_2,-0.0477,-0.00782937
3934,model_2,0.215,0.21087012
3935,model_2,0.0252,0.0758706
3936,model_2,0.2596,0.22766583
3937,model_2,-0.1229,0.107867226
3938,model_2,0.2592,0.19737047
3939,model_2,0.4042,0.40387437
3940,model_2,0.498,0.46965182
3941,model_2,0.2869,0.30787405
3942,model_2,0.9065,0.86859757
3943,model_2,0.0242,0.072470516
3944,model_2,0.2392,0.21687235
3945,model_2,0.2679,0.2787561
3946,model_2,0.0129,-0.00055892766
3947,model_2,0.3067,0.31309497
3948,model_2,0.3272,0.28198227
3949,model_2,0.2139,0.22662033
3950,model_2,0.2653,0.24903302
3951,model_2,0.0787,0.05339542
3952,model_2,0.4143,0.35968342
3953,model_2,0.1181,0.24068461
3954,model_2,-0.0286,-0.019552039
3955,model_2,-0.0295,-0.013834499
3956,model_2,0.4011,0.4202399
3957,model_2,0.3036,0.4021269
3958,model_2,0.5759,0.57091
3959,model_2,0.0457,0.060503535
3960,model_2,0.1588,0.16958098
3961,model_2,0.4304,0.40340486
3962,model_2,0.1268,0.18507075
3963,model_2,0.3052,0.2935165
3964,model_2,0.1262,0.15982972
3965,model_2,0.0774,0.090227105
3966,model_2,0.1436,0.15149377
3967,model_2,0.0964,0.07991621
3968,model_2,0.1654,0.17735074
3969,model_2,0.0685,0.10700013
3970,model_2,-0.0696,-0.09272693
3971,model_2,0.4064,0.4130486
3972,model_2,0.1709,0.25049186
3973,model_2,0.5629,0.5485517
3974,model_2,0.0048,0.05769501
3975,model_2,0.4967,0.5079954
3976,model_2,0.1974,0.17465383
3977,model_2,0.1781,0.23274694
3978,model_2,0.2431,0.18290465
3979,model_2,0.536,0.54717535
3980,model_2,0.4795,0.49454698
3981,model_2,0.3696,0.37115154
3982,model_2,0.3802,0.33679456
3983,model_2,-0.0416,-0.022813158
3984,model_2,0.2533,0.3200371
3985,model_2,0.0302,0.05536581
3986,model_2,0.619,0.6121694
3987,model_2,0.3451,0.35922632
3988,model_2,0.3273,0.3734865
3989,model_2,0.0885,0.019046063
3990,model_2,0.2026,0.22703998
3991,model_2,-0.1207,-0.10467786
3992,model_2,0.1663,0.17334826
3993,model_2,0.0246,0.16146745
3994,model_2,0.5322,0.56581384
3995,model_2,-0.026,-0.018587114
3996,model_2,0.249,0.30133036
3997,model_2,0.2708,0.3099784
3998,model_2,0.0096,0.08962785
3999,model_2,0.3603,0.37203935
4000,model_2,0.0613,0.06920625
4001,model_2,0.0927,0.110656545
4002,model_2,0.0623,0.0547487
4003,model_2,0.3399,0.2888088
4004,model_2,0.2349,0.17940919
4005,model_2,-0.1054,-0.0061893966
4006,model_2,0.1305,0.11300908
4007,model_2,0.4299,0.44503206
4008,model_2,0.1967,0.18289272
4009,model_2,0.1221,0.1410968
4010,model_2,-0.0196,-0.016542016
4011,model_2,0.3235,0.35585704
4012,model_2,0.1107,0.122612596
4013,model_2,-0.0428,0.15678103
4014,model_2,0.2556,0.2619063
4015,model_2,-0.0811,0.06762281
4016,model_2,0.0188,0.05557233
4017,model_2,0.1388,0.16823994
4018,model_2,0.2929,0.3037233
4019,model_2,-0.1993,-0.1953299
4020,model_2,-0.0737,0.01586221
4021,model_2,0.2381,0.24377577
4022,model_2,0.321,0.25196242
4023,model_2,0.0623,0.033607937
4024,model_2,0.0993,0.093199894
4025,model_2,0.3033,0.30517468
4026,model_2,0.3624,0.40498665
4027,model_2,-0.1902,-0.15695491
4028,model_2,0.1821,0.22424442
4029,model_2,0.1224,0.11777952
4030,model_2,0.6434,0.64006
4031,model_2,0.0816,0.15389128
4032,model_2,0.2563,0.3148862
4033,model_2,-0.0809,-0.055301584
4034,model_2,0.1272,0.06873382
4035,model_2,0.761,0.78126913
4036,model_2,0.9782,0.96954733
4037,model_2,0.7346,0.70690334
4038,model_2,-0.2718,-0.28297248
4039,model_2,0.099,0.104785085
4040,model_2,0.1593,0.12857996
4041,model_2,0.8308,0.8625408
4042,model_2,0.2463,0.2517797
4043,model_2,-0.1469,-0.13060246
4044,model_2,0.0716,-0.0043789763
4045,model_2,0.2307,0.30549082
4046,model_2,0.2786,0.26658925
4047,model_2,0.1573,0.12235026
4048,model_2,-0.1255,-0.17129642
4049,model_2,0.083,0.07978825
4050,model_2,0.6141,0.61694616
4051,model_2,0.272,0.2532255
4052,model_2,0.3738,0.37237725
4053,model_2,0.0771,0.083657175
4054,model_2,-0.1552,-0.10437177
4055,model_2,0.0225,0.036904417
4056,model_2,0.1476,0.18008341
4057,model_2,0.2274,0.21587771
4058,model_2,0.2079,0.2456414
4059,model_2,0.2457,0.25138316
4060,model_2,0.2735,0.3074021
4061,model_2,0.1978,0.19149454
4062,model_2,0.08,0.06893781
4063,model_2,-0.0209,0.015786463
4064,model_2,0.2118,-0.07705163
4065,model_2,0.3023,0.32847068
4066,model_2,0.2539,0.20112441
4067,model_2,0.0707,0.08706328
4068,model_2,0.136,0.08830604
4069,model_2,0.1599,0.15335487
4070,model_2,0.6111,0.61499506
4071,model_2,0.3944,0.43450677
4072,model_2,0.0551,0.090464756
4073,model_2,0.4049,0.41087565
4074,model_2,0.2101,0.2031681
4075,model_2,0.4686,0.42178455
4076,model_2,-0.0418,-0.026312882
4077,model_2,0.0298,0.042461745
4078,model_2,-0.0136,0.028250827
4079,model_2,0.1846,0.2017154
4080,model_2,0.0284,0.034759797
4081,model_2,0.1338,0.113977715
4082,model_2,0.1026,0.057884574
4083,model_2,0.8321,0.82907957
4084,model_2,0.2663,0.2608568
4085,model_2,0.4497,0.47223234
4086,model_2,0.4376,0.45007208
4087,model_2,0.0306,0.044770144
4088,model_2,0.0394,0.049401328
4089,model_2,-0.203,-0.18381597
4090,model_2,0.2541,0.24108432
4091,model_2,0.1894,0.1436253
4092,model_2,0.0872,0.04154603
4093,model_2,0.4771,0.48994455
4094,model_2,0.0681,0.099100284
4095,model_2,-0.0103,-0.017775571
4096,model_2,0.1096,0.15291105
4097,model_2,0.2077,0.1872403
4098,model_2,0.154,0.13789304
4099,model_2,0.2812,0.27940688
4100,model_2,0.5548,0.5338313
4101,model_2,0.1924,0.19113411
4102,model_2,-0.0031,0.030942528
4103,model_2,-0.0004,0.034790285
4104,model_2,0.1871,0.23293965
4105,model_2,0.1293,0.13474388
4106,model_2,0.6502,0.6140841
4107,model_2,0.9013,0.8941753
4108,model_2,-0.0305,0.01187334
4109,model_2,0.319,0.3662474
4110,model_2,-0.1308,-0.12470297
4111,model_2,0.5404,0.5697746
4112,model_2,-0.0398,-0.013834951
4113,model_2,0.2239,0.25718853
4114,model_2,0.2115,0.18656908
4115,model_2,0.1766,0.1885293
4116,model_2,0.1843,0.24085127
4117,model_2,0.0917,0.11488874
4118,model_2,0.1568,0.11389734
4119,model_2,0.4647,0.36275026
4120,model_2,0.4308,0.43930706
4121,model_2,0.2275,0.21277544
4122,model_2,0.4214,0.43291816
4123,model_2,0.2582,0.23454984
4124,model_2,0.1072,0.12178083
4125,model_2,0.3005,0.34811255
4126,model_2,0.1624,0.15891825
4127,model_2,0.1631,0.14950503
4128,model_2,0.1303,0.10800813
4129,model_2,0.1131,0.128403
4130,model_2,0.3484,0.3166677
4131,model_2,0.4595,0.44784936
4132,model_2,0.2166,0.23438181
4133,model_2,0.0623,0.122612506
4134,model_2,0.065,0.102733776
4135,model_2,0.1526,0.16420928
4136,model_2,0.0158,-0.01597194
4137,model_2,0.0356,-0.0004271865
4138,model_2,0.059,0.18006207
4139,model_2,0.0938,0.102182224
4140,model_2,0.9534,0.9248199
4141,model_2,0.1901,0.24634422
4142,model_2,0.5813,0.5971716
4143,model_2,0.1318,0.13892226
4144,model_2,-0.1775,-0.11214758
4145,model_2,0.1606,0.20958453
4146,model_2,0.0563,0.07719383
4147,model_2,0.1307,0.15247403
4148,model_2,0.2226,0.23602583
4149,model_2,0.7866,0.758864
4150,model_2,0.2205,0.25486326
4151,model_2,0.4451,0.47715876
4152,model_2,0.156,0.16052659
4153,model_2,-0.1083,-0.04519613
4154,model_2,0.0564,0.10676341
4155,model_2,0.4211,0.41074425
4156,model_2,0.146,0.1727604
4157,model_2,-0.0181,-0.035401516
4158,model_2,0.5689,0.56925577
4159,model_2,0.2777,0.18224435
4160,model_2,0.1707,0.1927679
4161,model_2,0.1485,0.11112805
4162,model_2,0.2455,0.21990316
4163,model_2,-0.0107,0.04411012
4164,model_2,-0.0609,-0.019468712
4165,model_2,0.4845,0.4669166
4166,model_2,-0.0678,-0.07853015
4167,model_2,0.149,0.17657839
4168,model_2,0.2615,0.2854657
4169,model_2,0.4463,0.42068395
4170,model_2,-0.1842,-0.10170886
4171,model_2,-0.0281,-0.027271817
4172,model_2,0.0583,0.08325127
4173,model_2,0.9045,0.87094724
4174,model_2,0.4643,0.45812747
4175,model_2,0.3083,0.307214
4176,model_2,0.3324,0.37188533
4177,model_2,0.72,0.6944416
4178,model_2,0.6579,0.6330236
4179,model_2,0.1855,0.1069238
4180,model_2,0.2354,0.19946867
4181,model_2,0.3258,0.30801308
4182,model_2,0.0164,-0.02859385
4183,model_2,1.0375,1.0281395
4184,model_2,0.316,0.33680227
4185,model_2,-0.0123,-0.031881377
4186,model_2,0.15,0.17590104
4187,model_2,0.3945,0.38457504
4188,model_2,0.0588,0.096759565
4189,model_2,0.703,0.694106
4190,model_2,0.7689,0.7616858
4191,model_2,0.0864,0.10624774
4192,model_2,0.1213,0.13834457
4193,model_2,0.0583,0.054573365
4194,model_2,0.1236,0.20349354
4195,model_2,0.1675,0.21860503
4196,model_2,0.1384,0.2874569
4197,model_2,0.0729,0.08920374
4198,model_2,0.3622,0.33386472
4199,model_2,0.0907,0.09075124
4200,model_2,0.8115,0.82798076
4201,model_2,-0.094,0.045472547
4202,model_2,0.2585,0.31640598
4203,model_2,0.1499,0.16256268
4204,model_2,0.1691,0.19495817
4205,model_2,0.662,0.6872419
4206,model_2,-0.0127,-0.04321099
4207,model_2,0.6682,0.64432955
4208,model_2,0.099,0.0767714
4209,model_2,0.3809,0.39014158
4210,model_2,0.5435,0.5612183
4211,model_2,-0.0243,-0.071521826
4212,model_2,-0.0053,0.0024986435
4213,model_2,0.3056,0.2932669
4214,model_2,0.0373,0.06952369
4215,model_2,0.8759,0.8826495
4216,model_2,0.2478,0.26030633
4217,model_2,0.2162,0.21267425
4218,model_2,0.0773,0.06391102
4219,model_2,0.3395,0.3823544
4220,model_2,0.9355,0.9263528
4221,model_2,0.613,0.52588284
4222,model_2,-0.1075,-0.074705616
4223,model_2,0.0822,0.094187096
4224,model_2,0.0108,-0.0050316844
4225,model_2,0.259,0.24472801
4226,model_2,0.5039,0.5133669
4227,model_2,0.3222,0.2808612
4228,model_2,0.0214,0.037094437
4229,model_2,0.0952,0.07492907
4230,model_2,0.081,0.101720706
4231,model_2,-0.0042,-0.011713417
4232,model_2,0.4702,0.495052
4233,model_2,0.554,0.57154006
4234,model_2,-0.0034,0.04143262
4235,model_2,-0.0684,-0.028498942
4236,model_2,0.39,0.3694186
4237,model_2,0.2728,0.25174096
4238,model_2,0.0363,0.105897546
4239,model_2,0.1011,0.121086136
4240,model_2,0.7641,0.7833426
4241,model_2,0.0253,0.02736534
4242,model_2,0.9953,0.96112
4243,model_2,0.0248,0.020797217
4244,model_2,0.8611,0.8652605
4245,model_2,0.0561,0.054698333
4246,model_2,-0.0583,-0.07013784
4247,model_2,0.2976,0.2730724
4248,model_2,0.4372,0.48081622
4249,model_2,0.3029,0.24513541
4250,model_2,-0.0356,0.053823
4251,model_2,0.1042,0.10608885
4252,model_2,0.0965,0.11547108
4253,model_2,0.4579,0.45438987
4254,model_2,0.2938,0.24587284
4255,model_2,0.2888,0.3180944
4256,model_2,0.171,0.21481685
4257,model_2,0.119,0.119026676
4258,model_2,0.0013,-0.01021325
4259,model_2,0.2895,0.25396338
4260,model_2,0.1301,0.1382296
4261,model_2,0.2691,0.2669991
4262,model_2,-0.0018,0.0769725
4263,model_2,-0.0533,-0.03290192
4264,model_2,-0.0197,0.025533618
4265,model_2,-0.1484,-0.13958192
4266,model_2,0.1951,0.22852097
4267,model_2,0.4055,0.41197833
4268,model_2,0.1106,0.10418786
4269,model_2,0.0583,0.06677641
4270,model_2,0.3938,0.39990303
4271,model_2,0.3675,0.4680842
4272,model_2,0.226,0.18197742
4273,model_2,0.1813,0.21824938
4274,model_2,0.3399,0.3092011
4275,model_2,0.5554,0.5839681
4276,model_2,0.3334,0.33818695
4277,model_2,0.188,0.17473246
4278,model_2,0.4514,0.44381955
4279,model_2,0.7766,0.7322256
4280,model_2,0.014,0.058541574
4281,model_2,0.5141,0.47063124
4282,model_2,0.6249,0.57625115
4283,model_2,-0.0204,0.10608044
4284,model_2,-0.0292,0.009138597
4285,model_2,-0.0013,-0.008573322
4286,model_2,0.521,0.5324901
4287,model_2,0.0204,0.048866972
4288,model_2,0.1793,0.2848995
4289,model_2,0.1437,0.12146106
4290,model_2,0.3305,0.2594849
4291,model_2,0.2216,0.23444332
4292,model_2,0.143,0.10433312
4293,model_2,0.1599,0.14207949
4294,model_2,0.4018,0.15681042
4295,model_2,0.3214,0.23756318
4296,model_2,-0.0285,0.048192352
4297,model_2,0.4932,0.5221315
4298,model_2,0.0513,0.050575532
4299,model_2,0.2945,0.29528755
4300,model_2,0.5139,0.54694545
4301,model_2,0.0032,0.0048653465
4302,model_2,-0.0776,-0.027465837
4303,model_2,0.7907,0.78825086
4304,model_2,0.0768,0.10294402
4305,model_2,0.3617,0.36897767
4306,model_2,-0.0198,-0.029520601
4307,model_2,0.6612,0.6511437
4308,model_2,0.1361,0.07954432
4309,model_2,0.5632,0.5906984
4310,model_2,0.9331,0.9343867
4311,model_2,0.0125,-0.0036119241
4312,model_2,0.0072,0.013656726
4313,model_2,0.7001,0.6274503
4314,model_2,0.034,0.06038788
4315,model_2,0.4225,0.43246105
4316,model_2,0.1126,0.12789878
4317,model_2,0.0721,0.029897837
4318,model_2,0.1665,0.15019502
4319,model_2,0.078,0.071769655
4320,model_2,0.06,0.09735704
4321,model_2,0.1683,0.25708023
4322,model_2,0.096,0.098998174
4323,model_2,0.4518,0.40699354
4324,model_2,0.0037,0.0039466564
4325,model_2,0.2332,0.1173448
4326,model_2,0.2451,0.21166867
4327,model_2,0.1306,0.10913031
4328,model_2,0.4912,0.48117366
4329,model_2,0.438,0.4358633
4330,model_2,0.3898,0.40206376
4331,model_2,0.3649,0.3953701
4332,model_2,0.3244,0.29822072
4333,model_2,0.3028,0.2908699
4334,model_2,-0.187,-0.16921051
4335,model_2,0.1084,0.09478478
4336,model_2,0.5668,0.59303755
4337,model_2,-0.1221,-0.11309297
4338,model_2,0.085,0.1157673
4339,model_2,0.063,0.056926362
4340,model_2,0.4078,0.31626037
4341,model_2,0.2179,0.28927574
4342,model_2,0.1821,0.20767297
4343,model_2,0.933,0.9130223
4344,model_2,0.5797,0.5788758
4345,model_2,0.1825,0.1993096
4346,model_2,0.8254,0.82118493
4347,model_2,0.2645,0.22630991
4348,model_2,-0.0714,-0.056650214
4349,model_2,-0.0069,0.00035626628
4350,model_2,0.0945,0.24996819
4351,model_2,0.3143,0.3216851
4352,model_2,-0.1018,-0.114308275
4353,model_2,0.6001,0.58996654
4354,model_2,0.1164,0.03815733
4355,model_2,0.095,0.123519436
4356,model_2,-0.0098,0.054528117
4357,model_2,0.8549,0.8623715
4358,model_2,0.2036,0.06290941
4359,model_2,0.2435,0.23663796
4360,model_2,0.1837,0.19848588
4361,model_2,0.0951,0.13568719
4362,model_2,0.516,0.52801496
4363,model_2,0.1125,0.1591758
4364,model_2,0.1863,0.2054389
4365,model_2,0.2154,0.18817936
4366,model_2,0.1181,0.16098624
4367,model_2,0.2475,0.24736057
4368,model_2,0.067,0.13287479
4369,model_2,0.852,0.8365179
4370,model_2,0.0897,0.092489526
4371,model_2,0.4416,0.43274763
4372,model_2,0.5557,0.55444056
4373,model_2,0.2298,0.2136773
4374,model_2,-0.1654,-0.120962456
4375,model_2,0.0125,0.05849971
4376,model_2,0.0092,0.009038968
4377,model_2,-0.0897,-0.08641681
4378,model_2,0.3822,0.34577912
4379,model_2,0.5789,0.56958705
4380,model_2,0.4113,0.44531405
4381,model_2,-0.1034,-0.06714227
4382,model_2,0.1985,0.1694189
4383,model_2,0.8832,0.89678687
4384,model_2,0.1488,0.16533257
4385,model_2,0.2965,0.33755264
4386,model_2,0.6032,0.5877896
4387,model_2,-0.0282,-0.04258716
4388,model_2,0.0569,0.12400468
4389,model_2,0.093,0.113662034
4390,model_2,-0.0459,-0.036216356
4391,model_2,0.2319,0.20659007
4392,model_2,0.2506,0.28884277
4393,model_2,0.4566,0.46573967
4394,model_2,0.1457,0.16722642
4395,model_2,-0.0914,0.018417737
4396,model_2,0.2942,0.28657654
4397,model_2,0.5262,0.507829
4398,model_2,0.0416,0.038670085
4399,model_2,0.7257,0.74433917
4400,model_2,0.6308,0.6058027
4401,model_2,0.2491,0.19582841
4402,model_2,-0.0274,0.039401114
4403,model_2,0.2292,0.22338054
4404,model_2,0.3416,0.32555512
4405,model_2,0.3634,0.33145803
4406,model_2,0.3837,0.3205422
4407,model_2,0.1869,0.15683706
4408,model_2,0.364,0.3334162
4409,model_2,0.2319,0.24090372
4410,model_2,0.626,0.63419384
4411,model_2,0.0966,0.0814428
4412,model_2,0.2582,0.28408527
4413,model_2,0.1185,0.028723529
4414,model_2,-0.0204,-0.03744176
4415,model_2,0.4945,0.47869197
4416,model_2,0.7915,0.78004974
4417,model_2,0.1871,0.18224035
4418,model_2,0.4433,0.44768342
4419,model_2,0.5355,0.4183343
4420,model_2,0.2359,0.2175145
4421,model_2,-0.1723,-0.14817157
4422,model_2,0.7331,0.8012034
4423,model_2,0.017,0.09141514
4424,model_2,0.0468,0.045086473
4425,model_2,0.1081,0.09382132
4426,model_2,0.5169,0.5360314
4427,model_2,0.1581,0.1476713
4428,model_2,0.2716,0.27736
4429,model_2,-0.0091,0.08159441
4430,model_2,0.2845,0.23636921
4431,model_2,0.1614,0.12581362
4432,model_2,0.2325,0.25979242
4433,model_2,0.2657,0.2750307
4434,model_2,0.3382,0.36507198
4435,model_2,0.0557,0.042435184
4436,model_2,0.0353,0.027140683
4437,model_2,0.4631,0.36077628
4438,model_2,0.2054,0.22974385
4439,model_2,0.2047,0.20815922
4440,model_2,0.2656,0.24724726
4441,model_2,0.4777,0.45373723
4442,model_2,0.4064,0.37397596
4443,model_2,0.0242,0.092584655
4444,model_2,0.4592,0.36875647
4445,model_2,0.3243,0.25913748
4446,model_2,0.1352,0.12479657
4447,model_2,0.0255,0.035789303
4448,model_2,0.763,0.79206675
4449,model_2,0.3208,0.37412924
4450,model_2,0.263,0.27324897
4451,model_2,-0.1737,-0.16594206
4452,model_2,0.06,0.06804251
4453,model_2,0.1509,0.14494316
4454,model_2,0.0046,0.0052810516
4455,model_2,0.1508,0.25316435
4456,model_2,0.4075,0.38573045
4457,model_2,-0.0958,-0.066018134
4458,model_2,0.6353,0.62876743
4459,model_2,0.0677,0.093970045
4460,model_2,0.0777,0.13063833
4461,model_2,0.3265,0.32326588
4462,model_2,0.4886,0.46448433
4463,model_2,0.3461,0.32124272
4464,model_2,0.2767,0.2939164
4465,model_2,0.028,0.03232976
4466,model_2,-0.0594,-0.03656581
4467,model_2,0.2676,0.31405315
4468,model_2,0.6202,0.616907
4469,model_2,0.6222,0.6111873
4470,model_2,0.2337,0.23604868
4471,model_2,0.0217,0.0314757
4472,model_2,0.0808,0.04528857
4473,model_2,0.6454,0.6509815
4474,model_2,0.2006,0.16007343
4475,model_2,0.0439,0.0039050113
4476,model_2,0.0938,0.11641754
4477,model_2,0.1716,0.1721793
4478,model_2,0.3675,0.43157455
4479,model_2,0.0772,0.10399552
4480,model_2,0.0081,0.11374694
4481,model_2,0.3238,0.32258528
4482,model_2,0.2074,0.1848581
4483,model_2,-0.1353,-0.13869537
4484,model_2,0.1654,0.15266
4485,model_2,0.138,0.19846885
4486,model_2,0.1193,0.10494837
4487,model_2,0.3876,0.3875821
4488,model_2,0.2061,0.20608054
4489,model_2,0.1914,0.19427255
4490,model_2,0.1146,0.105556324
4491,model_2,0.3428,0.3628191
4492,model_2,0.2016,0.20925005
4493,model_2,0.004,-0.015337804
4494,model_2,-0.0615,-0.012191246
4495,model_2,0.0115,0.010705175
4496,model_2,0.3994,0.4216958
4497,model_2,0.3747,0.38485703
4498,model_2,-0.0404,-0.028446693
4499,model_2,0.1129,0.08294953
4500,model_2,0.0254,0.06871904
4501,model_2,0.3359,0.3428928
4502,model_2,0.3289,0.33701384
4503,model_2,0.2501,0.2865474
4504,model_2,0.0667,0.15432093
4505,model_2,0.376,0.35681945
4506,model_2,0.2322,0.2329395
4507,model_2,0.6713,0.743979
4508,model_2,0.2583,0.2592957
4509,model_2,-0.1739,-0.11757144
4510,model_2,0.4033,0.34406856
4511,model_2,0.3128,0.36242875
4512,model_2,0.225,0.27611402
4513,model_2,0.4413,0.45309806
4514,model_2,0.5502,0.5155112
4515,model_2,-0.1033,-0.10460572
4516,model_2,0.4696,0.46648127
4517,model_2,0.1569,0.17913802
4518,model_2,0.7745,0.78285736
4519,model_2,0.0668,0.03994584
4520,model_2,0.2269,0.1604842
4521,model_2,0.319,0.35638484
4522,model_2,0.7016,0.67769355
4523,model_2,0.4465,0.44204086
4524,model_2,0.7297,0.74401456
4525,model_2,0.1823,0.18680446
4526,model_2,0.0871,0.080626324
4527,model_2,0.9148,0.8967771
4528,model_2,0.3055,0.25902936
4529,model_2,0.1637,0.116186485
4530,model_2,0.043,0.072613776
4531,model_2,0.4691,0.5178205
4532,model_2,-0.0116,0.026325954
4533,model_2,0.0677,0.12790732
4534,model_2,1.0351,0.9903061
4535,model_2,0.2866,0.23519002
4536,model_2,0.5892,0.59020394
4537,model_2,0.2871,0.3501084
4538,model_2,0.3392,0.3659096
4539,model_2,0.1945,0.2171511
4540,model_2,-0.0428,0.046394095
4541,model_2,0.1463,0.15655616
4542,model_2,0.4978,0.4724872
4543,model_2,0.0223,0.06757602
4544,model_2,-0.2064,-0.17229794
4545,model_2,0.132,0.21362509
4546,model_2,0.4167,0.41673478
4547,model_2,0.2501,0.25841692
4548,model_2,0.2171,0.20530112
4549,model_2,0.1105,0.13740999
4550,model_2,0.0503,0.05282615
4551,model_2,0.2735,0.19588564
4552,model_2,0.0873,0.06301824
4553,model_2,0.5796,0.60244375
4554,model_2,0.0003,0.06435968
4555,model_2,-0.0934,-0.06340332
4556,model_2,0.1482,0.19800648
4557,model_2,0.0249,-0.016720546
4558,model_2,0.4947,0.5208869
4559,model_2,0.0184,0.016752025
4560,model_2,0.0993,0.044462875
4561,model_2,0.187,0.20506273
4562,model_2,0.0136,0.08501512
4563,model_2,0.1294,0.17802297
4564,model_2,0.6397,0.68127793
4565,model_2,0.1758,0.16883342
4566,model_2,0.8494,0.8661899
4567,model_2,0.281,0.3331576
4568,model_2,0.3135,0.3337564
4569,model_2,0.1963,0.19063148
4570,model_2,0.1392,0.17633788
4571,model_2,0.0709,0.05574809
4572,model_2,0.2538,0.195953
4573,model_2,0.3353,0.26551273
4574,model_2,0.1278,0.20351654
4575,model_2,0.0601,0.12543035
4576,model_2,0.3528,0.3208318
4577,model_2,-0.0167,-0.0095279515
4578,model_2,0.0699,0.05768919
4579,model_2,0.3068,0.33861384
4580,model_2,0.1487,0.09863568
4581,model_2,0.0721,0.116821095
4582,model_2,0.0948,0.11466539
4583,model_2,0.2498,0.2239611
4584,model_2,-0.0045,-0.013060616
4585,model_2,0.3489,0.3508094
4586,model_2,0.1775,0.09153265
4587,model_2,0.9593,0.9797693
4588,model_2,0.5318,0.5727555
4589,model_2,0.1328,0.15307833
4590,model_2,0.8902,0.89466745
4591,model_2,0.8085,0.77688944
4592,model_2,0.2134,0.22737245
4593,model_2,0.0409,0.062893465
4594,model_2,0.0493,0.11748035
4595,model_2,0.2674,0.23430704
4596,model_2,-0.0119,0.0087894965
4597,model_2,0.0361,0.027021928
4598,model_2,0.1232,0.13391006
4599,model_2,0.1429,0.16260286
4600,model_2,0.2992,0.2851877
4601,model_2,0.3465,0.370487
4602,model_2,0.2316,0.215583
4603,model_2,0.1824,0.23302858
4604,model_2,0.0313,0.074097745
4605,model_2,0.0511,0.056236587
4606,model_2,0.0657,0.06943828
4607,model_2,0.085,0.07848215
4608,model_2,0.0969,0.08496389
4609,model_2,0.3266,0.27909344
4610,model_2,0.3937,0.33948255
4611,model_2,0.2028,0.2051785
4612,model_2,0.6593,0.6594326
4613,model_2,0.1117,0.15190159
4614,model_2,0.1911,0.19034433
4615,model_2,0.5376,0.44786826
4616,model_2,0.254,0.25731707
4617,model_2,0.2467,0.24720438
4618,model_2,0.8268,0.8051682
4619,model_2,-0.0075,0.017697541
4620,model_2,0.4988,0.497255
4621,model_2,0.1429,0.093660474
4622,model_2,0.2088,0.2149118
4623,model_2,-0.1882,-0.13121668
4624,model_2,0.1047,0.074817136
4625,model_2,0.3921,0.35360518
4626,model_2,0.5848,0.53319967
4627,model_2,0.062,0.0742203
4628,model_2,0.4068,0.3442035
4629,model_2,0.9933,0.9790018
4630,model_2,-0.0668,-0.024154501
4631,model_2,-0.0142,0.003512567
4632,model_2,0.485,0.23770542
4633,model_2,0.1266,0.18412344
4634,model_2,0.1583,0.24351309
4635,model_2,0.0387,0.08171519
4636,model_2,-0.0162,0.107240304
4637,model_2,0.528,0.18432313
4638,model_2,0.5823,0.54442936
4639,model_2,0.459,0.4306486
4640,model_2,0.3517,0.3450221
4641,model_2,-0.0328,-0.0012118164
4642,model_2,0.8001,0.8325132
4643,model_2,0.1329,0.12821917
4644,model_2,0.5207,0.49025336
4645,model_2,-0.075,-0.05197507
4646,model_2,0.193,0.19870783
4647,model_2,0.368,0.29917446
4648,model_2,-0.0779,-0.061589226
4649,model_2,0.1726,0.22012956
4650,model_2,0.1804,0.15104419
4651,model_2,-0.2896,0.10466118
4652,model_2,0.1925,-0.056214683
4653,model_2,0.1245,0.1594184
4654,model_2,0.0381,0.15375514
4655,model_2,0.4929,0.47594646
4656,model_2,0.0014,0.030620689
4657,model_2,0.3769,0.35125384
4658,model_2,0.3143,0.16123518
4659,model_2,-0.2217,-0.21557252
4660,model_2,0.6451,0.6312626
4661,model_2,0.6323,0.6517475
4662,model_2,0.071,0.053270273
4663,model_2,0.408,0.36432895
4664,model_2,-0.1016,-0.09292387
4665,model_2,0.22,0.23527591
4666,model_2,0.0412,0.031064468
4667,model_2,0.2994,0.25670147
4668,model_2,-0.1873,-0.14946008
4669,model_2,0.1714,0.19791119
4670,model_2,0.3895,0.3905311
4671,model_2,0.0051,-0.00078153424
4672,model_2,-0.1487,-0.15036657
4673,model_2,0.0377,0.06731032
4674,model_2,0.1726,0.019286422
4675,model_2,0.356,0.34565103
4676,model_2,0.6026,0.62679654
4677,model_2,0.9037,0.86684895
4678,model_2,0.0507,0.07764318
4679,model_2,0.2412,0.23752867
4680,model_2,0.4222,0.4548801
4681,model_2,0.1543,0.12786782
4682,model_2,-0.1577,-0.14858143
4683,model_2,0.2097,0.28201345
4684,model_2,0.051,-0.005561793
4685,model_2,0.2453,0.25480855
4686,model_2,0.214,0.21298335
4687,model_2,-0.0804,-0.07997985
4688,model_2,0.4263,0.40910345
4689,model_2,0.0379,0.044048585
4690,model_2,0.6786,0.6017412
4691,model_2,0.4221,0.42646024
4692,model_2,0.0802,0.08838595
4693,model_2,0.563,0.56881315
4694,model_2,0.1303,0.14514197
4695,model_2,0.0919,0.03285554
4696,model_2,0.3505,0.3241109
4697,model_2,0.242,0.31767952
4698,model_2,-0.0975,-0.1366052
4699,model_2,0.0942,0.23130672
4700,model_2,0.1172,0.14924847
4701,model_2,0.6905,0.6609469
4702,model_2,0.371,0.42879513
4703,model_2,0.4858,0.43497106
4704,model_2,0.5706,0.5245924
4705,model_2,-0.1253,-0.15069719
4706,model_2,0.0834,0.11547877
4707,model_2,0.6273,0.63280493
4708,model_2,0.3577,0.36981857
4709,model_2,0.0899,0.15807676
4710,model_2,0.0335,0.046132714
4711,model_2,0.0625,0.08525005
4712,model_2,0.0213,0.09033835
4713,model_2,0.1919,0.18911621
4714,model_2,0.4724,0.52080387
4715,model_2,0.0326,0.07527293
4716,model_2,0.1128,0.101870745
4717,model_2,0.1315,0.096645355
4718,model_2,0.1653,0.15886207
4719,model_2,-0.0728,-0.03918443
4720,model_2,-0.114,-0.14962374
4721,model_2,0.2735,0.32088646
4722,model_2,0.8884,0.89691067
4723,model_2,0.2722,0.19757311
4724,model_2,0.3004,0.27510932
4725,model_2,0.7474,0.76475745
4726,model_2,0.2589,0.24593095
4727,model_2,0.0447,0.03352932
4728,model_2,0.2061,0.28484002
4729,model_2,0.0291,0.08921002
4730,model_2,0.2104,0.24015485
4731,model_2,0.0187,0.05338329
4732,model_2,-0.0462,-0.00049808994
4733,model_2,0.1764,0.20528702
4734,model_2,-0.0138,0.03207504
4735,model_2,0.2155,0.252897
4736,model_2,0.5185,0.4917039
4737,model_2,0.2074,0.10764639
4738,model_2,0.0837,0.037781768
4739,model_2,0.1443,0.11517824
4740,model_2,0.2864,0.28886077
4741,model_2,0.3394,0.38654715
4742,model_2,0.0454,0.025461687
4743,model_2,0.1845,0.23880963
4744,model_2,0.9124,0.9448273
4745,model_2,0.2136,0.16910781
4746,model_2,0.2462,0.1831816
4747,model_2,0.4199,0.4001381
4748,model_2,-0.1537,-0.06343525
4749,model_2,0.1152,0.13324256
4750,model_2,0.1232,0.08657107
4751,model_2,0.2091,0.18866877
4752,model_2,0.4248,0.39103264
4753,model_2,0.6352,0.5245505
4754,model_2,-0.1385,-0.15019402
4755,model_2,0.4064,0.41294894
4756,model_2,-0.0552,-0.034675017
4757,model_2,-0.0939,-0.07297892
4758,model_2,0.4104,0.45380566
4759,model_2,-0.0073,0.07418434
4760,model_2,0.9148,0.90590674
4761,model_2,0.0083,0.04386063
4762,model_2,0.0857,0.09244858
4763,model_2,-0.0063,-0.003717089
4764,model_2,0.2967,0.29377824
4765,model_2,-0.0607,-0.037705407
4766,model_2,0.2138,0.24484746
4767,model_2,0.4736,0.41726443
4768,model_2,0.1533,0.17096168
4769,model_2,0.4513,0.36974278
4770,model_2,0.3395,0.34071577
4771,model_2,-0.0189,-0.037460767
4772,model_2,0.8791,0.8666747
4773,model_2,0.1473,0.20626527
4774,model_2,0.1698,0.1996486
4775,model_2,0.1831,0.15876117
4776,model_2,0.7353,0.74683845
4777,model_2,0.4847,0.5115054
4778,model_2,-0.0254,-0.060932755
4779,model_2,0.2209,0.21696782
4780,model_2,0.7515,0.7566114
4781,model_2,-0.0264,-0.045372754
4782,model_2,0.5082,0.4362632
4783,model_2,0.3588,0.3573118
4784,model_2,0.5204,0.52871394
4785,model_2,0.3167,0.27737322
4786,model_2,0.1102,0.11290623
4787,model_2,0.1073,0.12357248
4788,model_2,1.1103,1.1490957
4789,model_2,0.549,0.6073945
4790,model_2,0.762,0.7573135
4791,model_2,-0.0115,-0.020490186
4792,model_2,0.1339,0.08977464
4793,model_2,0.0819,0.11149283
4794,model_2,0.2188,0.20720096
4795,model_2,0.1068,0.096104816
4796,model_2,0.1457,0.15212229
4797,model_2,0.7235,0.7196897
4798,model_2,0.39,0.36815727
4799,model_2,0.3256,0.37471375
4800,model_2,0.3115,0.2993442
4801,model_2,-0.1716,-0.15568691
4802,model_2,0.1155,0.090330765
4803,model_2,0.007,-0.0063814633
4804,model_2,0.3953,0.38921952
4805,model_2,0.072,0.06636818
4806,model_2,0.3808,0.43177167
4807,model_2,0.5663,0.5614162
4808,model_2,0.1624,0.16358684
4809,model_2,0.0368,0.06563572
4810,model_2,0.5683,0.586042
4811,model_2,-0.0079,-0.026231455
4812,model_2,0.3517,0.3401211
4813,model_2,0.6082,0.58851296
4814,model_2,0.7429,0.74405676
4815,model_2,0.0105,0.07413098
4816,model_2,0.2693,0.29604074
4817,model_2,0.517,0.4460899
4818,model_2,0.5673,0.5581599
4819,model_2,0.1328,0.17155868
4820,model_2,0.6668,0.66425806
4821,model_2,0.2226,0.22422579
4822,model_2,0.7032,0.6717591
4823,model_2,-0.1635,-0.11452268
4824,model_2,0.181,0.16936378
4825,model_2,-0.0199,-0.012977706
4826,model_2,0.3274,0.30369624
4827,model_2,0.3624,0.38052973
4828,model_2,0.1316,0.1501088
4829,model_2,0.8579,0.8500609
4830,model_2,0.7141,0.72258955
4831,model_2,-0.0444,-0.071491264
4832,model_2,0.3701,0.3872768
4833,model_2,0.5904,0.583175
4834,model_2,0.3652,0.38617796
4835,model_2,0.2804,0.31177798
4836,model_2,0.5209,0.5218391
4837,model_2,0.1839,0.15941142
4838,model_2,0.5547,0.5097803
4839,model_2,0.5531,0.5803502
4840,model_2,-0.2216,-0.19970925
4841,model_2,0.0871,0.10745907
4842,model_2,0.4264,0.41324756
4843,model_2,0.1815,0.21398805
4844,model_2,0.4096,0.40027115
4845,model_2,0.0911,0.12947077
4846,model_2,0.5758,0.5567331
4847,model_2,-0.1048,-0.07777689
4848,model_2,0.8405,0.8512568
4849,model_2,0.2663,0.26276603
4850,model_2,0.1075,0.1386228
4851,model_2,0.2118,0.11101608
4852,model_2,0.2455,0.25605404
4853,model_2,0.4032,0.4248556
4854,model_2,0.3312,0.25882944
4855,model_2,0.1881,0.124325424
4856,model_2,-0.0618,-0.07043086
4857,model_2,0.1864,0.1950226
4858,model_2,0.2852,0.3024276
4859,model_2,0.2788,0.33774385
4860,model_2,0.2227,0.22345494
4861,model_2,0.4475,0.42839542
4862,model_2,0.312,0.27454898
4863,model_2,0.0203,-0.011505339
4864,model_2,0.5141,0.48808637
4865,model_2,0.1486,0.17097817
4866,model_2,0.4324,0.4584466
4867,model_2,0.1087,0.1371366
4868,model_2,-0.0272,-0.010573113
4869,model_2,0.4206,0.4332756
4870,model_2,0.1171,0.09877617
4871,model_2,-0.0024,0.004072679
4872,model_2,0.2331,0.15066274
4873,model_2,0.6584,0.6691435
4874,model_2,0.5306,0.48773834
4875,model_2,0.058,0.03714843
4876,model_2,0.1694,0.19203949
4877,model_2,0.2488,0.26293898
4878,model_2,0.7782,0.7773976
4879,model_2,0.7301,0.71211267
4880,model_2,0.4872,0.42767316
4881,model_2,0.3047,0.28606564
4882,model_2,0.4026,0.42102757
4883,model_2,0.2868,0.26243478
4884,model_2,0.2601,0.2625476
4885,model_2,0.2864,0.280803
4886,model_2,-0.0737,-0.06653864
4887,model_2,-0.1567,-0.124538064
4888,model_2,0.3182,0.321797
4889,model_2,0.1043,0.2534525
4890,model_2,0.0549,0.039356872
4891,model_2,0.0428,0.11043717
4892,model_2,0.1419,0.16490458
4893,model_2,0.239,0.24634098
4894,model_2,0.0778,0.09772351
4895,model_2,0.0979,0.13054898
4896,model_2,0.2467,0.29012325
4897,model_2,0.2936,0.31106105
4898,model_2,0.0184,0.012616338
4899,model_2,0.5433,0.5433406
4900,model_2,0.1661,0.18540606
4901,model_2,0.0102,0.03353201
4902,model_2,0.328,0.32060757
4903,model_2,0.3012,0.3345655
4904,model_2,0.3961,0.37422845
4905,model_2,-0.046,-0.054603018
4906,model_2,0.4209,0.38163698
4907,model_2,-0.0298,-0.024437467
4908,model_2,0.4238,0.3595286
4909,model_2,0.7708,0.7430218
4910,model_2,0.2092,0.250433
4911,model_2,0.2682,0.33417764
4912,model_2,0.2112,0.25945333
4913,model_2,0.0722,0.07952962
4914,model_2,0.4688,0.47448704
4915,model_2,1.2481,1.2825382
4916,model_2,0.0095,0.05105619
4917,model_2,-0.0358,0.0030260924
4918,model_2,0.0479,0.047338553
4919,model_2,0.288,0.3207024
4920,model_2,0.1683,0.2716388
4921,model_2,0.1172,0.09913137
4922,model_2,0.4266,0.33870688
4923,model_2,0.3837,0.25731137
4924,model_2,0.488,0.501296
4925,model_2,0.6812,0.6735483
4926,model_2,0.0646,0.025385818
4927,model_2,0.4051,0.41036794
4928,model_2,0.2185,0.2070186
4929,model_2,0.0046,0.123518884
4930,model_2,-0.0587,-0.0031567607
4931,model_2,-0.119,-0.11639431
4932,model_2,0.2613,0.24865894
4933,model_2,-0.1103,-0.07657125
4934,model_2,0.3013,0.31876874
4935,model_2,0.0802,0.16813816
4936,model_2,0.0919,0.103782
4937,model_2,0.0734,0.08200993
4938,model_2,0.2036,0.14072068
4939,model_2,0.1758,0.16120689
4940,model_2,0.4952,0.52455944
4941,model_2,0.0146,0.016112505
4942,model_2,0.0189,0.038666025
4943,model_2,0.1586,0.18582751
4944,model_2,0.1125,0.16155177
4945,model_2,0.0615,0.077338174
4946,model_2,0.3706,0.3579534
4947,model_2,0.3743,0.35421517
4948,model_2,0.2905,0.2672837
4949,model_2,0.0613,0.047270454
4950,model_2,0.3826,0.36028317
4951,model_2,0.0788,0.12441456
4952,model_2,0.1944,0.17940952
4953,model_2,0.149,0.15700239
4954,model_2,0.0361,0.004821224
4955,model_2,-0.0545,-0.046941295
4956,model_2,0.2269,0.1884809
4957,model_2,0.1526,0.14973171
4958,model_2,0.5136,0.5349343
4959,model_2,0.0685,0.06790683
4960,model_2,0.1305,0.13371743
4961,model_2,-0.0875,-0.091998905
4962,model_2,0.236,0.15166624
4963,model_2,0.1842,0.17614557
4964,model_2,0.233,0.28215244
4965,model_2,-0.0317,-0.02450982
4966,model_2,0.4095,0.34691885
4967,model_2,0.1546,0.11915773
4968,model_2,0.037,0.04365708
4969,model_2,0.4872,0.43706152
4970,model_2,-0.0565,-0.067229174
4971,model_2,0.2253,0.27830306
4972,model_2,0.26,0.29769868
4973,model_2,0.1591,0.13140796
4974,model_2,0.6129,0.61333317
4975,model_2,0.2105,0.22936045
4976,model_2,0.1873,0.18352102
4977,model_2,0.0934,0.086355746
4978,model_2,0.0877,0.07688923
4979,model_2,0.0442,0.04072409
4980,model_2,0.1154,0.15981594
4981,model_2,0.0082,0.0055825245
4982,model_2,0.1121,0.1478557
4983,model_2,-0.0619,-0.08769827
4984,model_2,0.0969,0.088789314
4985,model_2,0.6493,0.6340621
4986,model_2,-0.0399,0.026559925
4987,model_2,0.3642,0.2700278
4988,model_2,0.172,0.22126745
4989,model_2,0.2563,0.24230172
4990,model_2,0.0851,0.09899931
4991,model_2,0.2932,0.26674846
4992,model_2,0.5883,0.54826814
4993,model_2,0.986,0.99794453
4994,model_2,0.1693,0.15546747
4995,model_2,-0.081,-0.06526682
4996,model_2,0.0795,0.08529994
4997,model_2,0.598,0.5710481
4998,model_2,-0.1057,-0.119844645
4999,model_2,0.0401,0.076656826
5000,model_2,-0.026,-0.05511067
5001,model_2,0.1695,0.14819273
5002,model_2,0.1457,0.16706675
5003,model_2,0.048,0.017880445
5004,model_2,0.4423,0.40676305
5005,model_2,-0.1047,-0.058998168
5006,model_2,0.1764,0.18712924
5007,model_2,0.4468,0.45104122
5008,model_2,0.2157,0.23941697
5009,model_2,0.7374,0.6857198
5010,model_2,0.2831,0.31753704
5011,model_2,-0.0106,0.07229084
5012,model_2,0.5457,0.5465558
5013,model_2,0.38,0.3946778
5014,model_2,0.2253,0.19630124
5015,model_2,0.0221,0.050152354
5016,model_2,0.1607,0.17945157
5017,model_2,0.1264,0.19376774
5018,model_2,0.2704,0.21638843
5019,model_2,0.1481,0.14047284
5020,model_2,0.0985,0.088828385
5021,model_2,-0.1075,-0.045609355
5022,model_2,0.2548,0.30393177
5023,model_2,0.7477,0.71074194
5024,model_2,0.0613,0.09680856
5025,model_2,0.2074,0.22746448
5026,model_2,0.171,0.21772973
5027,model_2,0.3925,0.44135106
5028,model_2,0.1038,0.07650102
5029,model_2,0.1708,0.23021533
5030,model_2,0.1756,0.23224913
5031,model_2,0.268,0.25484356
5032,model_2,0.0115,0.062384546
5033,model_2,0.1498,0.13203724
5034,model_2,0.1774,0.1889249
5035,model_2,0.2834,0.17500784
5036,model_2,0.4366,0.4304858
5037,model_2,-0.1291,-0.06538142
5038,model_2,0.0543,0.073234834
5039,model_2,0.166,0.149192
5040,model_2,-0.0198,0.029905578
5041,model_2,0.5217,0.49550214
5042,model_2,0.4974,0.46635687
5043,model_2,0.8018,0.7962139
5044,model_2,0.001,-0.042301007
5045,model_2,0.0906,0.14714701
5046,model_2,0.08,0.08129337
5047,model_2,0.2989,0.3101988
5048,model_2,0.5271,0.5154149
5049,model_2,0.0527,0.049587794
5050,model_2,0.1759,0.18243723
5051,model_2,-0.005,0.0020679105
5052,model_2,0.1326,0.16884513
5053,model_2,0.4503,0.4321363
5054,model_2,0.8067,0.7861927
5055,model_2,0.2021,0.21498221
5056,model_2,0.0948,0.06264691
5057,model_2,0.6697,0.6674865
5058,model_2,0.0943,0.11677241
5059,model_2,-0.0418,0.09903314
5060,model_2,-0.1715,-0.133396
5061,model_2,0.4907,0.3699526
5062,model_2,0.3563,0.3743849
5063,model_2,0.273,0.23328118
5064,model_2,0.0497,0.06368416
5065,model_2,0.1157,0.17147307
5066,model_2,0.0683,0.07078813
5067,model_2,0.4462,0.41188404
5068,model_2,0.4586,0.435353
5069,model_2,0.105,0.10872339
5070,model_2,-0.0482,-0.0038642883
5071,model_2,0.0722,0.07966723
5072,model_2,0.2229,0.18670608
5073,model_2,-0.097,-0.07440497
5074,model_2,-0.0745,-0.065567166
5075,model_2,0.1814,0.12706642
5076,model_2,0.151,0.12127121
5077,model_2,0.4199,0.3660512
5078,model_2,0.3911,0.42386222
5079,model_2,0.2598,0.2943081
5080,model_2,0.205,0.23991282
5081,model_2,0.8629,0.87519616
5082,model_2,0.2017,0.22168237
5083,model_2,0.2738,0.25889438
5084,model_2,0.2729,0.17994122
5085,model_2,0.1047,0.16856328
5086,model_2,0.2687,0.31742278
5087,model_2,0.4552,0.4373094
5088,model_2,0.0912,0.09613101
5089,model_2,0.2364,0.08347904
5090,model_2,0.3752,0.3744055
5091,model_2,-0.0452,-0.054341964
5092,model_2,0.0379,0.05797787
5093,model_2,0.2634,0.3100854
5094,model_2,0.2613,0.23613553
5095,model_2,0.5924,0.5183277
5096,model_2,0.4075,0.3852773
5097,model_2,0.2985,0.31313542
5098,model_2,0.0114,0.020665584
5099,model_2,0.1721,0.19121434
5100,model_2,0.7463,0.7387688
5101,model_2,0.822,0.8172907
5102,model_2,0.092,0.09918404
5103,model_2,0.5429,0.55196863
5104,model_2,0.0645,0.072548
5105,model_2,0.8555,0.889934
5106,model_2,0.5486,0.4275137
5107,model_2,0.0234,0.0370311
5108,model_2,0.7415,0.6863746
5109,model_2,0.1729,0.16473822
5110,model_2,0.5305,0.55052656
5111,model_2,0.1403,0.13160792
5112,model_2,0.1661,0.1350108
5113,model_2,0.3813,0.35320154
5114,model_2,0.2974,0.12277658
5115,model_2,0.1201,0.14791995
5116,model_2,0.4217,0.3893496
5117,model_2,0.6828,0.69006246
5118,model_2,0.0717,0.07847389
5119,model_2,0.1757,0.15402824
5120,model_2,0.1569,0.11036034
5121,model_2,0.6365,0.6032265
5122,model_2,0.2178,0.23497246
5123,model_2,0.0698,0.07810712
5124,model_2,0.344,0.38049906
5125,model_2,0.0696,0.07032366
5126,model_2,0.451,0.41837242
5127,model_2,0.1572,0.17961831
5128,model_2,0.3793,0.29032502
5129,model_2,-0.028,-0.038161993
5130,model_2,1.0119,1.019797
5131,model_2,0.1828,0.124804065
5132,model_2,0.1722,0.13971928
5133,model_2,0.1229,0.15385754
5134,model_2,0.4359,0.40502837
5135,model_2,0.292,0.24088605
5136,model_2,0.2342,0.24528746
5137,model_2,0.1199,0.047832116
5138,model_2,0.585,0.56848985
5139,model_2,0.1999,0.2408895
5140,model_2,0.1048,0.07971152
5141,model_2,0.1235,0.17251422
5142,model_2,0.1082,0.10482764
5143,model_2,0.0133,0.00665134
5144,model_2,0.3418,0.40949246
5145,model_2,0.0902,0.11467476
5146,model_2,0.8834,0.8774782
5147,model_2,0.3075,0.23542438
5148,model_2,-0.0527,-0.066346124
5149,model_2,0.4192,0.36746538
5150,model_2,0.6504,0.66201735
5151,model_2,0.0907,0.14296232
5152,model_2,0.4827,0.500469
5153,model_2,-0.059,-0.06823661
5154,model_2,0.0586,0.05218935
5155,model_2,0.312,0.2803074
5156,model_2,0.2348,0.2556494
5157,model_2,0.0987,0.08725177
5158,model_2,-0.0676,0.02359507
5159,model_2,0.1012,0.120759055
5160,model_2,0.2383,0.13951713
5161,model_2,0.1328,0.24359892
5162,model_2,0.0704,0.056971766
5163,model_2,-0.0616,-0.08006591
5164,model_2,0.1936,0.16324212
5165,model_2,0.0435,0.051154867
5166,model_2,0.3252,0.28176156
5167,model_2,0.3996,0.4089516
5168,model_2,0.1641,0.15390605
5169,model_2,-0.0151,0.07504912
5170,model_2,0.4111,0.42071927
5171,model_2,0.492,0.44900656
5172,model_2,-0.1004,-0.02060237
5173,model_2,0.0652,0.039050013
5174,model_2,0.0,0.015114361
5175,model_2,0.3253,0.32052484
5176,model_2,0.1351,0.17377831
5177,model_2,0.3643,0.36497286
5178,model_2,0.292,0.2991559
5179,model_2,0.3349,0.37179524
5180,model_2,0.2678,0.28769276
5181,model_2,0.2469,0.26021355
5182,model_2,0.5129,0.46117768
5183,model_2,0.0552,0.07871087
5184,model_2,0.1143,0.13499074
5185,model_2,0.8039,0.7693973
5186,model_2,0.3607,0.3688587
5187,model_2,0.2068,0.24966942
5188,model_2,0.1913,0.14491375
5189,model_2,0.125,0.104770154
5190,model_2,0.1663,0.17173019
5191,model_2,0.076,0.11524527
5192,model_2,0.5044,0.47207525
5193,model_2,0.6423,0.64341336
5194,model_2,0.2791,0.3069181
5195,model_2,0.7579,0.8173708
5196,model_2,0.0767,0.10406852
5197,model_2,0.9146,0.9077647
5198,model_2,0.1719,0.08771346
5199,model_2,0.1753,0.22572877
5200,model_2,0.0097,0.1133524
5201,model_2,0.4714,0.5015687
5202,model_2,0.0081,0.0567173
5203,model_2,0.0169,0.07585084
5204,model_2,0.6104,0.6039745
5205,model_2,0.112,0.1157728
5206,model_2,-0.1231,-0.11905365
5207,model_2,0.0399,0.06462671
5208,model_2,0.3282,0.36770675
5209,model_2,0.9108,0.90156186
5210,model_2,0.5306,0.5099601
5211,model_2,0.1133,0.09510276
5212,model_2,0.0486,0.1348788
5213,model_2,0.2478,0.29329392
5214,model_2,0.278,0.27899075
5215,model_2,0.4901,0.3692654
5216,model_2,0.1069,0.13757218
5217,model_2,0.2455,0.144787
5218,model_2,0.6483,0.6567841
5219,model_2,0.2966,0.31681266
5220,model_2,0.3215,0.29577848
5221,model_2,0.1231,0.18762304
5222,model_2,0.7772,0.75560945
5223,model_2,0.4355,0.4277325
5224,model_2,0.2655,0.3291649
5225,model_2,0.1822,0.20444916
5226,model_2,0.6091,0.5735107
5227,model_2,0.6985,0.6926066
5228,model_2,0.4363,0.4460809
5229,model_2,0.2766,0.28732803
5230,model_2,0.2286,0.20062743
5231,model_2,0.1054,0.0964719
5232,model_2,0.0642,0.094888896
5233,model_2,0.4255,0.4226559
5234,model_2,0.1174,0.13844621
5235,model_2,0.1026,0.15500371
5236,model_2,0.0051,-0.022263994
5237,model_2,0.2015,0.24395542
5238,model_2,0.2918,0.2472959
5239,model_2,0.0296,-0.029126769
5240,model_2,0.1481,0.16511907
5241,model_2,0.2316,0.21238141
5242,model_2,0.5369,0.5487003
5243,model_2,0.4383,0.39828202
5244,model_2,0.4534,0.41582483
5245,model_2,0.1349,0.11403529
5246,model_2,0.0524,0.053846076
5247,model_2,0.4313,0.36893344
5248,model_2,0.2227,0.1692533
5249,model_2,0.4021,0.35614944
5250,model_2,-0.0014,0.03703274
5251,model_2,-0.0802,-0.050761484
5252,model_2,-0.0308,-0.005623454
5253,model_2,0.104,0.0828111
5254,model_2,0.2357,0.23039706
5255,model_2,0.8637,0.8437978
5256,model_2,-0.0106,-0.0011268649
5257,model_2,0.7437,0.72006506
5258,model_2,-0.0017,0.07968584
5259,model_2,-0.0048,0.05680594
5260,model_2,0.186,0.18060789
5261,model_2,0.062,0.11574814
5262,model_2,-0.0208,0.00029347278
5263,model_2,0.2101,0.19247918
5264,model_2,0.2054,0.26063094
5265,model_2,0.2591,0.22287107
5266,model_2,-0.1055,-0.09514914
5267,model_2,0.3345,0.32821932
5268,model_2,-0.1211,-0.09012574
5269,model_2,0.108,0.112179235
5270,model_2,0.1811,0.20361647
5271,model_2,0.0623,0.09983175
5272,model_2,0.2292,0.31081086
5273,model_2,0.4991,0.5112711
5274,model_2,-0.0437,-0.037203882
5275,model_2,0.1702,0.21773349
5276,model_2,0.0618,0.04315126
5277,model_2,-0.0174,0.04553044
5278,model_2,0.3816,0.38245067
5279,model_2,0.4849,0.46661755
5280,model_2,0.1649,0.16909875
5281,model_2,0.2951,0.26868695
5282,model_2,0.7788,0.7400678
5283,model_2,0.1948,0.23378636
5284,model_2,0.5949,0.56782067
5285,model_2,0.1477,0.15376183
5286,model_2,0.0767,0.0811586
5287,model_2,0.148,0.17828362
5288,model_2,0.4527,0.43918946
5289,model_2,0.145,0.26885635
5290,model_2,0.5468,0.52652365
5291,model_2,-0.1215,-0.11012051
5292,model_2,0.1514,0.12469943
5293,model_2,0.0015,0.04305643
5294,model_2,0.2853,0.2598751
5295,model_2,0.1283,0.13090128
5296,model_2,0.0971,0.17134444
5297,model_2,0.2893,0.33138782
5298,model_2,0.0128,0.12854795
5299,model_2,-0.0164,-0.02042344
5300,model_2,-0.0008,0.039006628
5301,model_2,0.0161,0.09050128
5302,model_2,0.3446,0.24431758
5303,model_2,0.3514,0.2698479
5304,model_2,0.1152,0.10280298
5305,model_2,0.3169,0.31168982
5306,model_2,0.1738,0.15580603
5307,model_2,0.3424,0.37209746
5308,model_2,0.7908,0.8140579
5309,model_2,0.7925,0.74359643
5310,model_2,0.4727,0.49018762
5311,model_2,0.2617,0.3179209
5312,model_2,0.2404,0.2708784
5313,model_2,0.1501,0.17615041
5314,model_2,0.1248,0.0932121
5315,model_2,0.3621,0.30449972
5316,model_2,0.4909,0.41450217
5317,model_2,0.7419,0.7007719
5318,model_2,0.1008,0.19572707
5319,model_2,0.3442,0.32011634
5320,model_2,0.0637,0.059463114
5321,model_2,0.514,0.48450205
5322,model_2,0.2619,0.27795494
5323,model_2,0.0658,0.060853623
5324,model_2,0.3037,0.39708543
5325,model_2,0.074,0.047624946
5326,model_2,0.1871,0.21528731
5327,model_2,0.2134,0.24461244
5328,model_2,0.5407,0.5729764
5329,model_2,0.4332,0.39892793
5330,model_2,0.1229,0.1303357
5331,model_2,0.2493,0.22670178
5332,model_2,0.234,0.2537326
5333,model_2,0.2104,0.18465532
5334,model_2,0.1519,0.15534568
5335,model_2,-0.0452,0.03761992
5336,model_2,0.3647,0.3988686
5337,model_2,0.2672,0.26690057
5338,model_2,0.1208,0.13091831
5339,model_2,0.0202,0.0050142687
5340,model_2,-0.131,-0.015714506
5341,model_2,-0.1225,-0.09734438
5342,model_2,0.5242,0.52539116
5343,model_2,-0.1262,-0.024630455
5344,model_2,0.272,0.25609276
5345,model_2,0.1245,0.12119447
5346,model_2,0.0872,0.06934974
5347,model_2,0.0483,0.0830578
5348,model_2,0.1939,0.15421535
5349,model_2,0.1929,0.17302217
5350,model_2,0.2222,0.23196904
5351,model_2,0.007,0.022091588
5352,model_2,0.9202,0.93348145
5353,model_2,0.5872,0.54866546
5354,model_2,0.6958,0.7226916
5355,model_2,0.2428,0.2696565
5356,model_2,0.0403,0.011865279
5357,model_2,0.0289,0.08151532
5358,model_2,0.2927,0.33250555
5359,model_2,0.3093,0.30991247
5360,model_2,0.1965,0.10505897
5361,model_2,0.0879,0.11044288
5362,model_2,0.2427,0.02542133
5363,model_2,0.025,-0.0012244824
5364,model_2,-0.0065,0.044738226
5365,model_2,0.1457,0.086743906
5366,model_2,0.1703,0.17279501
5367,model_2,0.8967,0.8999734
5368,model_2,0.0136,0.037933417
5369,model_2,0.2048,0.22271824
5370,model_2,0.3492,0.37408984
5371,model_2,0.5395,0.52356136
5372,model_2,0.6908,0.6378533
5373,model_2,0.1034,0.11785908
5374,model_2,0.4113,0.41474983
5375,model_2,-0.1202,0.11957061
5376,model_2,0.3691,0.3325592
5377,model_2,0.59,0.55209845
5378,model_2,-0.0194,-0.03311862
5379,model_2,0.771,0.7865413
5380,model_2,0.3835,0.40886182
5381,model_2,0.0076,0.00028724037
5382,model_2,0.1287,0.17077543
5383,model_2,0.2237,0.25281632
5384,model_2,-0.0237,0.023827182
5385,model_2,0.2143,0.15405567
5386,model_2,0.2354,0.17909026
5387,model_2,0.7498,0.7198869
5388,model_2,0.1198,0.12810317
5389,model_2,0.3478,0.37119082
5390,model_2,0.1248,0.123756304
5391,model_2,0.2719,0.28131604
5392,model_2,0.1084,-0.03915424
5393,model_2,-0.0069,-0.0037580524
5394,model_2,0.1264,0.13361877
5395,model_2,0.2027,0.17395692
5396,model_2,0.1449,0.15484361
5397,model_2,-0.0061,-0.07572565
5398,model_2,0.1818,0.1767988
5399,model_2,0.2253,0.18748057
5400,model_2,0.0039,0.059166253
5401,model_2,0.9996,0.95196205
5402,model_2,-0.023,-0.027126448
5403,model_2,0.1997,0.19451596
5404,model_2,0.1243,0.11242841
5405,model_2,0.1921,0.2088361
5406,model_2,0.0066,0.04250893
5407,model_2,0.2046,0.14491393
5408,model_2,0.1105,0.11215538
5409,model_2,0.3123,0.3130037
5410,model_2,0.0193,0.009594364
5411,model_2,0.0075,0.03267684
5412,model_2,0.5058,0.5066598
5413,model_2,0.2169,0.19569066
5414,model_2,0.7022,0.69681007
5415,model_2,-0.1831,-0.13326879
5416,model_2,0.2124,0.2070418
5417,model_2,-0.0942,-0.05866991
5418,model_2,0.8283,0.83091074
5419,model_2,0.8757,0.8682657
5420,model_2,-0.1128,-0.113580495
5421,model_2,0.2324,0.21932356
5422,model_2,0.459,0.46278617
5423,model_2,0.2739,0.3063604
5424,model_2,0.1547,0.118697226
5425,model_2,0.2858,0.3043112
5426,model_2,0.1958,0.16757704
5427,model_2,0.3291,0.34763202
5428,model_2,0.6847,0.67562765
5429,model_2,0.2337,0.26627213
5430,model_2,0.109,0.09176959
5431,model_2,0.5931,0.5802279
5432,model_2,0.2046,0.21411335
5433,model_2,0.5625,0.5649411
5434,model_2,0.3109,0.39185816
5435,model_2,0.1674,0.11180113
5436,model_2,0.6159,0.63041174
5437,model_2,0.2298,0.34524062
5438,model_2,0.2206,0.22436917
5439,model_2,0.2208,0.24459915
5440,model_2,0.3857,0.2924293
5441,model_2,0.1792,0.1119294
5442,model_2,0.019,0.05893971
5443,model_2,0.1989,0.1548022
5444,model_2,0.2141,0.20771338
5445,model_2,0.376,0.32885984
5446,model_2,0.1498,0.17506704
5447,model_2,0.0335,0.026013503
5448,model_2,0.2547,0.28344846
5449,model_2,0.4235,0.42473117
5450,model_2,0.369,0.397423
5451,model_2,0.2347,0.24143459
5452,model_2,0.5132,0.5009306
5453,model_2,0.6813,0.6903277
5454,model_2,0.2096,0.18392873
5455,model_2,0.1504,0.12556103
5456,model_2,0.1654,0.1438659
5457,model_2,0.2655,0.29181394
5458,model_2,-0.0196,-0.06833089
5459,model_2,0.1818,0.2433516
5460,model_2,0.2355,0.24243037
5461,model_2,0.1627,0.17936961
5462,model_2,0.1224,0.20423181
5463,model_2,0.3277,0.28765315
5464,model_2,0.0593,0.07718696
5465,model_2,0.0822,0.120764956
5466,model_2,0.5582,0.57183236
5467,model_2,0.2101,0.18014558
5468,model_2,0.1047,0.0615429
5469,model_2,0.4698,0.34897646
5470,model_2,0.2846,0.25945407
5471,model_2,0.2647,0.26919428
5472,model_2,-0.0009,-0.011680439
5473,model_2,0.1054,0.09976973
5474,model_2,0.0786,0.124158725
5475,model_2,0.3096,0.37919024
5476,model_2,0.1641,0.08779697
5477,model_2,0.0942,0.111430615
5478,model_2,0.0136,0.051388554
5479,model_2,0.0959,0.080672204
5480,model_2,0.8027,0.8034932
5481,model_2,0.2329,0.20112744
5482,model_2,0.3372,0.27934983
5483,model_2,0.0099,0.06877256
5484,model_2,0.6129,0.58430773
5485,model_2,0.0818,0.117509514
5486,model_2,0.0712,0.11569551
5487,model_2,0.3624,0.32190153
5488,model_2,0.1103,0.16701935
5489,model_2,0.2026,0.19544323
5490,model_2,0.4474,0.43834415
5491,model_2,0.1322,0.085246295
5492,model_2,0.3091,0.3022896
5493,model_2,0.0551,0.04872623
5494,model_2,0.1049,0.25749567
5495,model_2,0.263,0.24900793
5496,model_2,0.421,0.45115963
5497,model_2,0.1589,0.11663334
5498,model_2,0.5941,0.62348974
5499,model_2,0.4142,0.4716415
5500,model_2,0.1854,0.21256168
5501,model_2,0.2463,0.24358346
5502,model_2,0.159,0.17298473
5503,model_2,0.5008,0.52078336
5504,model_2,0.5742,0.5521299
5505,model_2,0.3216,0.3127661
5506,model_2,0.3896,0.25488302
5507,model_2,0.2792,0.25673655
5508,model_2,0.0589,0.056980893
5509,model_2,0.16,0.15696397
5510,model_2,0.2734,0.26284865
5511,model_2,0.4223,0.35417563
5512,model_2,0.067,0.067686036
5513,model_2,0.364,0.35455582
5514,model_2,0.3601,0.34883282
5515,model_2,0.0247,-0.009627903
5516,model_2,0.3551,0.26961538
5517,model_2,0.3334,0.28756353
5518,model_2,0.5679,0.57840335
5519,model_2,0.4679,0.5096241
5520,model_2,0.1459,0.14742701
5521,model_2,0.1602,0.29994
5522,model_2,-0.0661,-0.07989902
5523,model_2,-0.055,-0.0761655
5524,model_2,0.2047,0.2556598
5525,model_2,0.2421,0.24713145
5526,model_2,0.2256,0.28935477
5527,model_2,0.0069,-0.031959794
5528,model_2,0.7612,0.72300583
5529,model_2,0.7587,0.757595
5530,model_2,0.8633,0.8629049
5531,model_2,0.0844,0.084412575
5532,model_2,0.8313,0.82743317
5533,model_2,0.2207,0.2473876
5534,model_2,0.1869,0.19345587
5535,model_2,0.2115,0.22347511
5536,model_2,0.0609,0.063356206
5537,model_2,0.192,0.3038108
5538,model_2,0.2797,0.2608073
5539,model_2,0.1371,0.12821253
5540,model_2,0.3043,0.29929057
5541,model_2,0.0394,0.014796993
5542,model_2,0.1216,0.0802031
5543,model_2,0.1245,0.15233414
5544,model_2,0.5848,0.59913516
5545,model_2,0.2432,0.22349425
5546,model_2,0.0048,0.009009784
5547,model_2,0.0705,0.06527823
5548,model_2,-0.097,-0.07451149
5549,model_2,0.074,0.08968052
5550,model_2,0.552,0.54867655
5551,model_2,0.1824,0.22653197
5552,model_2,0.7669,0.75805813
5553,model_2,0.1632,0.1820292
5554,model_2,0.2632,0.00929814
5555,model_2,0.232,0.22337042
5556,model_2,0.2834,0.3085315
5557,model_2,0.7602,0.7735126
5558,model_2,0.3011,0.31610513
5559,model_2,0.0026,-0.019046344
5560,model_2,0.0852,0.18604438
5561,model_2,0.0265,-0.082358144
5562,model_2,0.4961,0.4734504
5563,model_2,0.0437,0.07208327
5564,model_2,0.2586,0.225123
5565,model_2,0.093,0.10844134
5566,model_2,0.2223,0.17772473
5567,model_2,0.1602,0.19243923
5568,model_2,0.221,0.1914675
5569,model_2,-0.1928,-0.18479559
5570,model_2,0.3604,0.3779017
5571,model_2,-0.0163,-0.032275416
5572,model_2,0.2293,0.1771853
5573,model_2,0.0085,0.029348409
5574,model_2,0.3513,0.25857958
5575,model_2,0.0943,0.11353719
5576,model_2,0.3155,0.31871432
5577,model_2,0.2512,0.25462195
5578,model_2,0.3566,0.3705708
5579,model_2,0.1238,0.15204008
5580,model_2,0.003,0.027121471
5581,model_2,0.242,0.27558774
5582,model_2,0.1499,0.21128465
5583,model_2,0.183,0.18803322
5584,model_2,0.3344,0.28659007
5585,model_2,-0.1987,-0.114600286
5586,model_2,0.2334,0.19005494
5587,model_2,0.081,0.08570607
5588,model_2,0.1888,0.17525788
5589,model_2,0.0923,0.09273559
5590,model_2,0.1871,0.13522778
5591,model_2,0.3479,0.28084812
5592,model_2,0.6415,0.6646602
5593,model_2,0.7986,0.8118426
5594,model_2,0.591,0.56412643
5595,model_2,0.6373,0.6660231
5596,model_2,0.5626,0.5414158
5597,model_2,0.2475,0.18779433
5598,model_2,0.0807,0.059936404
5599,model_2,0.3149,0.21086925
5600,model_2,-0.004,0.003743196
5601,model_2,0.0315,-0.008986568
5602,model_2,0.6897,0.67455786
5603,model_2,0.049,0.09604327
5604,model_2,0.1863,0.0974172
5605,model_2,0.2395,0.27037427
5606,model_2,0.3684,0.36168066
5607,model_2,0.1349,0.1816633
5608,model_2,0.7558,0.6802229
5609,model_2,-0.0093,-0.014408654
5610,model_2,0.1424,0.2172236
5611,model_2,0.1914,0.17251275
5612,model_2,0.3664,0.4047828
5613,model_2,0.428,0.4169307
5614,model_2,0.3066,0.2908551
5615,model_2,0.2366,0.27943343
5616,model_2,0.0673,0.073059216
5617,model_2,0.1844,0.21160306
5618,model_2,0.3601,0.3461112
5619,model_2,0.7097,0.7188127
5620,model_2,0.1956,0.23280452
5621,model_2,0.0622,0.06931951
5622,model_2,0.1181,0.23376401
5623,model_2,0.0751,0.015615886
5624,model_2,0.0464,0.09543392
5625,model_2,0.2715,0.23327665
5626,model_2,0.1946,0.15369557
5627,model_2,-0.0171,-0.012687705
5628,model_2,0.4454,0.3880532
5629,model_2,0.1567,0.24278916
5630,model_2,0.3559,0.35541508
5631,model_2,0.1067,0.08775449
5632,model_2,0.3285,0.23085998
5633,model_2,0.0808,0.12604088
5634,model_2,-0.023,0.015822632
5635,model_2,0.4467,0.45131913
5636,model_2,-0.203,-0.14914517
5637,model_2,0.1753,0.20630832
5638,model_2,0.1239,0.11175342
5639,model_2,0.5363,0.47384623
5640,model_2,0.2086,0.1779085
5641,model_2,0.0631,0.096546166
5642,model_2,0.6107,0.5377825
5643,model_2,-0.0504,-0.028535912
5644,model_2,0.0492,0.05421058
5645,model_2,0.2865,0.35270455
5646,model_2,0.0804,0.096511975
5647,model_2,0.1995,0.2491952
5648,model_2,0.073,0.12460323
5649,model_2,0.2945,0.27806312
5650,model_2,0.8086,0.80713385
5651,model_2,0.2032,0.2094364
5652,model_2,0.1317,0.1185541
5653,model_2,0.381,0.4127431
5654,model_2,0.1685,0.3395726
5655,model_2,0.3109,0.32730272
5656,model_2,0.9031,0.86822575
5657,model_2,0.1289,0.085511714
5658,model_2,-0.1243,-0.09958248
5659,model_2,0.3541,0.36034378
5660,model_2,0.2779,0.23591445
5661,model_2,0.145,0.1570431
5662,model_2,0.2584,0.21710707
5663,model_2,0.4239,0.38427457
5664,model_2,0.1823,0.14478919
5665,model_2,0.2583,0.26644862
5666,model_2,0.2582,0.27445135
5667,model_2,-0.0728,-0.07919338
5668,model_2,0.7423,0.9015209
5669,model_2,0.0398,0.072099455
5670,model_2,0.232,0.2076649
5671,model_2,0.3535,0.26985583
5672,model_2,0.1567,0.102014974
5673,model_2,0.2001,0.17695774
5674,model_2,0.17,0.1802658
5675,model_2,0.1181,0.10557197
5676,model_2,0.2155,0.19921625
5677,model_2,0.0574,0.031538248
5678,model_2,0.2653,0.29760695
5679,model_2,0.169,0.164816
5680,model_2,0.1139,0.1182418
5681,model_2,0.4252,0.43633673
5682,model_2,-0.072,-0.0795671
5683,model_2,0.4998,0.4907737
5684,model_2,0.1014,0.076256536
5685,model_2,0.6795,0.6667021
5686,model_2,0.6253,0.60143256
5687,model_2,0.4304,0.45091107
5688,model_2,0.2564,0.23304872
5689,model_2,0.2246,0.23226397
5690,model_2,0.5075,0.5413199
5691,model_2,0.3139,0.33347946
5692,model_2,0.6472,0.64585143
5693,model_2,0.0131,0.02911417
5694,model_2,0.1693,0.18628252
5695,model_2,0.1423,0.1475635
5696,model_2,0.191,0.15510021
5697,model_2,0.2701,0.24025886
5698,model_2,0.0245,0.00856871
5699,model_2,0.8263,0.8307349
5700,model_2,0.1162,0.10064767
5701,model_2,0.2257,0.1662876
5702,model_2,0.3653,0.34772152
5703,model_2,0.1407,0.10981862
5704,model_2,0.3483,0.2530475
5705,model_2,-0.0772,-0.09407766
5706,model_2,0.3423,0.3414481
5707,model_2,0.4509,0.45257005
5708,model_2,0.0021,0.06445037
5709,model_2,-0.0953,-0.06845161
5710,model_2,0.047,0.13662499
5711,model_2,0.1074,0.10923575
5712,model_2,0.0169,0.047735535
5713,model_2,0.1411,0.09347131
5714,model_2,0.0268,0.10035558
5715,model_2,0.154,0.113862306
5716,model_2,0.0007,-0.010460483
5717,model_2,0.0192,0.015728442
5718,model_2,0.2277,0.2697344
5719,model_2,0.0527,0.048759922
5720,model_2,0.7536,0.7674737
5721,model_2,0.1427,0.11109972
5722,model_2,0.0372,0.02386585
5723,model_2,0.083,0.02498216
5724,model_2,0.692,0.68500924
5725,model_2,0.1578,0.16226645
5726,model_2,0.1449,0.084151566
5727,model_2,-0.0913,-0.032252397
5728,model_2,0.1377,0.11379345
5729,model_2,-0.0243,-0.038984895
5730,model_2,0.1316,0.13404043
5731,model_2,0.071,0.1496444
5732,model_2,0.0416,0.066361144
5733,model_2,-0.0078,0.050654374
5734,model_2,0.0587,0.053691253
5735,model_2,-0.1209,-0.06283209
5736,model_2,0.2791,0.21541862
5737,model_2,0.0006,-0.029376244
5738,model_2,-0.0347,-0.07906309
5739,model_2,-0.1586,-0.14944284
5740,model_2,0.6421,0.6185689
5741,model_2,0.4223,0.41818827
5742,model_2,-0.0554,-0.053875133
5743,model_2,-0.1465,-0.06356675
5744,model_2,0.4164,0.42489615
5745,model_2,0.9822,0.9416655
5746,model_2,0.1536,0.14678635
5747,model_2,0.1521,0.14030035
5748,model_2,0.0296,0.019919356
5749,model_2,0.481,0.52554506
5750,model_2,0.1582,0.17055976
5751,model_2,0.2649,0.23223354
5752,model_2,0.4143,0.43149462
5753,model_2,0.7998,0.7786378
5754,model_2,0.3293,0.29249433
5755,model_2,0.011,0.022913365
5756,model_2,0.2204,0.14354834
5757,model_2,0.1795,0.18541126
5758,model_2,0.2417,0.253793
5759,model_2,0.763,0.73701096
5760,model_2,0.0937,0.11715101
5761,model_2,0.5563,0.53477854
5762,model_2,0.5296,0.5076288
5763,model_2,0.7078,0.6881979
5764,model_2,0.4602,0.34866303
5765,model_2,0.1286,0.16420619
5766,model_2,0.0062,0.004344197
5767,model_2,0.4801,0.47393063
5768,model_2,0.191,0.21193926
5769,model_2,0.1877,0.1954704
5770,model_2,0.1538,0.23302017
5771,model_2,0.413,0.4139659
5772,model_2,0.2631,0.24197672
5773,model_2,0.7893,0.7296148
5774,model_2,0.5589,0.5826455
5775,model_2,0.4408,0.42802653
5776,model_2,0.1751,0.13665755
5777,model_2,0.338,0.3560184
5778,model_2,0.0389,0.04562898
5779,model_2,-0.0409,-0.05005867
5780,model_2,0.8845,0.8449145
5781,model_2,0.507,0.5228514
5782,model_2,0.5069,0.47244304
5783,model_2,0.159,0.11081906
5784,model_2,0.3403,0.22586508
5785,model_2,0.1347,0.16252254
5786,model_2,-0.0917,-0.06965756
5787,model_2,0.3132,0.31912664
5788,model_2,0.1563,0.23458378
5789,model_2,0.1634,0.15180963
5790,model_2,0.0283,0.024929674
5791,model_2,0.4156,0.36101118
5792,model_2,0.2776,0.27556917
5793,model_2,0.285,0.26481578
5794,model_2,0.0277,0.13718438
5795,model_2,0.2433,0.23124795
5796,model_2,0.0146,-0.03946664
5797,model_2,0.1401,0.11630978
5798,model_2,0.2873,0.29504022
5799,model_2,0.2748,0.24201523
5800,model_2,0.6025,0.6022995
5801,model_2,0.4643,0.4815834
5802,model_2,-0.2157,-0.0063119438
5803,model_2,0.1203,0.102046475
5804,model_2,0.0828,0.17647988
5805,model_2,0.4831,0.31196496
5806,model_2,0.2895,0.32668987
5807,model_2,-0.0352,-0.013706857
5808,model_2,0.2205,0.17415473
5809,model_2,0.0719,0.052671745
5810,model_2,0.1049,0.13017277
5811,model_2,0.1905,0.14187162
5812,model_2,0.1619,0.1507312
5813,model_2,0.3369,0.36207727
5814,model_2,0.0956,0.10418092
5815,model_2,0.2671,0.1906505
5816,model_2,0.4321,0.35947177
5817,model_2,0.968,0.94756
5818,model_2,0.2189,0.2456849
5819,model_2,0.4722,0.46292922
5820,model_2,0.104,0.13829127
5821,model_2,0.119,0.08770528
5822,model_2,0.0959,0.064749956
5823,model_2,0.1303,0.15599127
5824,model_2,0.3844,0.38451266
5825,model_2,0.0468,0.060077682
5826,model_2,0.0681,0.07723804
5827,model_2,0.1287,0.09212731
5828,model_2,-0.0123,0.045142114
5829,model_2,0.0708,0.0798587
5830,model_2,0.2627,0.20527263
5831,model_2,0.7374,0.64891386
5832,model_2,0.1087,0.15088566
5833,model_2,0.5968,0.5999791
5834,model_2,0.0077,0.02295489
5835,model_2,0.3318,0.3139985
5836,model_2,1.0182,1.0031685
5837,model_2,0.3165,0.3411086
5838,model_2,0.3294,0.3265661
5839,model_2,0.2514,0.26030645
5840,model_2,0.1323,0.14833096
5841,model_2,0.716,0.6955982
5842,model_2,0.1813,0.20667264
5843,model_2,-0.1411,-0.1655958
5844,model_2,0.3845,0.36388096
5845,model_2,0.2491,0.35703573
5846,model_2,0.3569,0.38777876
5847,model_2,0.263,0.23836343
5848,model_2,0.2614,0.27192214
5849,model_2,0.0157,-0.008333119
5850,model_2,-0.0157,-0.012779782
5851,model_2,0.2534,0.25233456
5852,model_2,0.1752,0.11693962
5853,model_2,0.3473,0.3773317
5854,model_2,0.2273,0.24389057
5855,model_2,0.1363,0.06488964
5856,model_2,0.2728,0.2697348
5857,model_2,0.0689,0.09305571
5858,model_2,0.1177,0.14157468
5859,model_2,0.2348,0.23208667
5860,model_2,0.1175,0.11836593
5861,model_2,0.3843,0.37086853
5862,model_2,-0.0015,-0.007017581
5863,model_2,0.6192,0.6086057
5864,model_2,0.4464,0.4239361
5865,model_2,0.0115,0.0009542722
5866,model_2,0.1149,0.07924313
5867,model_2,0.1727,0.15297848
5868,model_2,0.762,0.7820189
5869,model_2,0.0519,0.027060216
5870,model_2,-0.0504,-0.023249926
5871,model_2,0.5145,0.45920295
5872,model_2,0.2275,0.22187324
5873,model_2,0.3701,0.2976726
5874,model_2,0.8236,0.8064517
5875,model_2,0.105,0.1386224
5876,model_2,0.2646,0.25108734
5877,model_2,0.511,0.55463314
5878,model_2,0.7372,0.7577836
5879,model_2,0.6179,0.6355626
5880,model_2,0.2927,0.2986494
5881,model_2,0.0958,0.15381594
5882,model_2,0.2262,0.24029867
5883,model_2,0.1204,0.10934429
5884,model_2,0.444,0.43079978
5885,model_2,0.1689,0.17112918
5886,model_2,0.1055,0.107653216
5887,model_2,0.0738,0.15228125
5888,model_2,0.3141,0.28180683
5889,model_2,0.4324,0.43897602
5890,model_2,0.4149,0.4252943
5891,model_2,0.1827,0.18730627
5892,model_2,0.177,0.18369637
5893,model_2,0.4184,0.411765
5894,model_2,0.4611,0.4757856
5895,model_2,0.1411,0.11366676
5896,model_2,0.1326,0.14975135
5897,model_2,0.0674,0.059484385
5898,model_2,-0.1918,-0.18356024
5899,model_2,0.0889,0.07256821
5900,model_2,0.2759,0.33522442
5901,model_2,0.2229,0.19837828
5902,model_2,0.0286,0.038199253
5903,model_2,0.234,0.2418101
5904,model_2,0.4041,0.40740368
5905,model_2,0.55,0.5315145
5906,model_2,0.4234,0.3684511
5907,model_2,0.7192,0.6956052
5908,model_2,0.1053,0.065084875
5909,model_2,0.5756,0.514059
5910,model_2,0.6088,0.5917359
5911,model_2,0.0527,0.078559384
5912,model_2,0.0983,0.15286991
5913,model_2,0.2077,0.25241598
5914,model_2,0.4189,0.40483558
5915,model_2,0.3759,0.38016176
5916,model_2,0.0413,0.009904565
5917,model_2,0.444,0.4306779
5918,model_2,0.3499,0.3738796
5919,model_2,0.0417,0.023279523
5920,model_2,0.2727,0.2668089
5921,model_2,0.2218,0.2387092
5922,model_2,0.4209,0.48876557
5923,model_2,0.4697,0.4956582
5924,model_2,0.2169,0.08189309
5925,model_2,0.194,0.23221515
5926,model_2,0.1483,0.16808818
5927,model_2,0.0315,0.08822624
5928,model_2,0.2095,0.16762187
5929,model_2,0.1968,0.2051533
5930,model_2,0.1501,0.14566238
5931,model_2,0.0064,0.0029098745
5932,model_2,0.1139,0.08663861
5933,model_2,0.3997,0.33355007
5934,model_2,0.0137,0.027528243
5935,model_2,0.5632,0.52850133
5936,model_2,0.364,0.380034
5937,model_2,0.1252,0.13448794
5938,model_2,0.8815,0.8708973
5939,model_2,-0.1031,-0.0954961
5940,model_2,0.6519,0.6377787
5941,model_2,-0.1633,-0.1591588
5942,model_2,0.1594,0.18660025
5943,model_2,0.1353,0.15754236
5944,model_2,0.0928,0.099193595
5945,model_2,0.2394,0.25556588
5946,model_2,-0.1511,-0.13032132
5947,model_2,0.1249,0.12422307
5948,model_2,0.1967,0.22862233
5949,model_2,0.244,0.2366818
5950,model_2,0.2271,0.07749747
5951,model_2,0.0979,0.09775411
5952,model_2,0.5082,0.5071083
5953,model_2,0.0196,0.050225936
5954,model_2,0.2708,0.26231503
5955,model_2,-0.0592,-0.10891597
5956,model_2,0.1764,0.15200488
5957,model_2,0.712,0.701628
5958,model_2,0.161,0.28632975
5959,model_2,0.2217,0.18318488
5960,model_2,0.0747,0.10533367
5961,model_2,0.2956,0.24853085
5962,model_2,-0.1472,-0.12002174
5963,model_2,0.0653,0.122709975
5964,model_2,0.4054,0.4777662
5965,model_2,0.2278,0.26128045
5966,model_2,0.0893,0.08927521
5967,model_2,0.1983,0.21281664
5968,model_2,0.1475,0.1399945
5969,model_2,0.6911,0.694912
5970,model_2,0.2204,0.21834327
5971,model_2,0.1781,0.23484348
5972,model_2,0.0152,-0.0028432813
5973,model_2,0.3516,0.3379301
5974,model_2,0.3131,0.31659976
5975,model_2,0.2978,0.29494745
5976,model_2,0.5104,0.51540476
5977,model_2,0.2419,0.27593964
5978,model_2,0.1082,0.11320433
5979,model_2,0.3764,0.30380818
5980,model_2,0.2529,0.25152367
5981,model_2,0.1246,0.11808528
5982,model_2,0.1304,0.11691657
5983,model_2,-0.0045,-0.018388843
5984,model_2,0.3164,0.25660366
5985,model_2,0.1435,0.1592557
5986,model_2,0.0229,0.008055156
5987,model_2,0.0309,0.024424559
5988,model_2,0.0621,0.08979661
5989,model_2,0.0784,0.081880845
5990,model_2,0.5824,0.53867203
5991,model_2,-0.1898,-0.14820044
5992,model_2,0.06,0.029971445
5993,model_2,0.0708,0.07281996
5994,model_2,0.0177,0.0039422866
5995,model_2,0.0279,0.03260228
5996,model_2,0.1094,0.16157775
5997,model_2,0.1045,0.097258456
5998,model_2,0.0055,0.055558927
5999,model_2,0.6646,0.6633193
6000,model_2,0.0512,0.036818884
6001,model_2,0.3833,0.3431699
6002,model_2,0.5024,0.5186418
6003,model_2,0.126,0.11156766
6004,model_2,0.0858,0.19662623
6005,model_2,0.7167,0.6721559
6006,model_2,0.1458,0.08687286
6007,model_2,0.8372,0.84302634
6008,model_2,0.1658,0.11551146
6009,model_2,0.2899,0.30144048
6010,model_2,0.0753,0.05097188
6011,model_2,0.1578,0.14961462
6012,model_2,0.1004,0.040173188
6013,model_2,0.0181,0.034432746
6014,model_2,0.0246,0.027559144
6015,model_2,0.2726,0.22310196
6016,model_2,0.336,0.44915023
6017,model_2,0.2463,0.33613792
6018,model_2,-0.0199,-0.03239499
6019,model_2,0.1932,0.1652409
6020,model_2,0.3848,0.39154482
6021,model_2,0.3624,0.40536037
6022,model_2,0.224,0.2770948
6023,model_2,-0.0369,-0.013738165
6024,model_2,0.2776,0.2940155
6025,model_2,0.1372,0.14896391
6026,model_2,0.2901,0.25301537
6027,model_2,0.3244,0.3197298
6028,model_2,0.6171,0.58366305
6029,model_2,0.3473,0.37595722
6030,model_2,0.1021,0.08254415
6031,model_2,0.2893,0.32064703
6032,model_2,0.6872,0.63116026
6033,model_2,0.1537,0.06493397
6034,model_2,0.1725,0.18047142
6035,model_2,0.6856,0.69858307
6036,model_2,0.0473,0.030669453
6037,model_2,0.3468,0.33036533
6038,model_2,0.1598,0.21528484
6039,model_2,0.2828,0.074756324
6040,model_2,0.2706,0.13454802
6041,model_2,0.2465,0.2480448
6042,model_2,0.363,0.34746695
6043,model_2,0.0102,0.040360585
6044,model_2,0.1531,0.12352933
6045,model_2,0.0672,0.031100003
6046,model_2,0.4204,0.4486604
6047,model_2,0.4323,0.40483007
6048,model_2,0.0455,0.1193911
6049,model_2,0.2536,0.18058671
6050,model_2,0.2168,0.22791745
6051,model_2,0.1225,0.13609536
6052,model_2,0.2041,0.21825404
6053,model_2,0.4143,0.42461398
6054,model_2,0.133,0.13183519
6055,model_2,0.7504,0.7241599
6056,model_2,0.0793,0.09253009
6057,model_2,0.7187,0.7099225
6058,model_2,-0.0888,-0.07109031
6059,model_2,-0.0724,-0.061467037
6060,model_2,0.1755,0.16741931
6061,model_2,0.1294,0.13525951
6062,model_2,0.0995,0.114946246
6063,model_2,0.427,0.41866627
6064,model_2,0.6007,0.58399564
6065,model_2,-0.0566,-0.042875998
6066,model_2,0.1829,0.15095665
6067,model_2,0.0908,0.06110768
6068,model_2,0.0227,0.019869981
6069,model_2,0.1461,0.13487929
6070,model_2,0.4368,0.40481287
6071,model_2,0.4394,0.3783639
6072,model_2,0.1819,0.18763669
6073,model_2,0.4523,0.47533274
6074,model_2,0.2127,0.19454022
6075,model_2,0.2036,0.19231081
6076,model_2,0.1276,0.13866128
6077,model_2,0.1621,0.22440432
6078,model_2,0.1851,0.2802336
6079,model_2,0.0788,0.11730465
6080,model_2,0.5982,0.579525
6081,model_2,-0.054,-0.04425679
6082,model_2,0.4461,0.44719025
6083,model_2,0.2989,0.33833992
6084,model_2,0.0467,0.050138243
6085,model_2,0.074,0.073527455
6086,model_2,0.1703,0.16232245
6087,model_2,-0.1722,-0.14349435
6088,model_2,-0.185,-0.17214166
6089,model_2,0.0057,0.005499428
6090,model_2,0.4083,0.4115049
6091,model_2,0.0645,0.14051177
6092,model_2,-0.0974,-0.008377636
6093,model_2,0.4317,0.3926594
6094,model_2,-0.0463,0.014178393
6095,model_2,0.6555,0.6484111
6096,model_2,0.3019,0.32484868
6097,model_2,0.0058,-0.0010375362
6098,model_2,0.2217,0.22538601
6099,model_2,0.7551,0.7245192
6100,model_2,0.2415,0.21747673
6101,model_2,0.0656,0.018089445
6102,model_2,0.4595,0.4835653
6103,model_2,0.8544,0.8707187
6104,model_2,0.3717,0.40634638
6105,model_2,0.6272,0.6559107
6106,model_2,0.3022,0.3144824
6107,model_2,0.3778,0.38445994
6108,model_2,0.0287,0.051377617
6109,model_2,0.3884,0.29698697
6110,model_2,-0.0232,-0.04178173
6111,model_2,0.3837,0.37694108
6112,model_2,0.2799,0.28004584
6113,model_2,-0.0871,-0.09094877
6114,model_2,0.057,0.089658216
6115,model_2,0.8139,0.81117636
6116,model_2,0.4231,0.34139875
6117,model_2,0.579,0.54923993
6118,model_2,0.1442,0.14127862
6119,model_2,-0.0193,-0.0045805294
6120,model_2,0.3733,0.35692373
6121,model_2,0.07,0.08865419
6122,model_2,0.2267,0.2291051
6123,model_2,0.0168,0.06694232
6124,model_2,0.2955,0.2282822
6125,model_2,0.2859,0.24734502
6126,model_2,0.361,0.37859783
6127,model_2,-0.026,0.030905472
6128,model_2,0.2305,0.27333915
6129,model_2,0.3306,0.31174663
6130,model_2,0.5237,0.52420133
6131,model_2,0.1627,0.22602828
6132,model_2,0.1755,0.15278782
6133,model_2,0.3975,0.3288942
6134,model_2,0.5249,0.5011036
6135,model_2,0.2497,0.22132577
6136,model_2,0.4996,0.49740604
6137,model_2,0.1157,0.13204424
6138,model_2,0.4703,0.49523047
6139,model_2,0.239,0.28534582
6140,model_2,-0.112,-0.10215314
6141,model_2,0.5592,0.5129225
6142,model_2,-0.093,-0.08622751
6143,model_2,0.0394,0.037315227
6144,model_2,0.5545,0.53914344
6145,model_2,0.172,0.11164372
6146,model_2,0.0646,0.071180955
6147,model_2,0.2157,0.22059211
6148,model_2,-0.0403,0.09798883
6149,model_2,0.2253,0.18389809
6150,model_2,-0.0892,-0.04385215
6151,model_2,0.605,0.61066294
6152,model_2,0.1725,0.18680625
6153,model_2,0.2313,0.2486491
6154,model_2,0.4575,0.5038319
6155,model_2,0.4148,0.3740277
6156,model_2,0.7204,0.6974427
6157,model_2,0.9066,0.8868486
6158,model_2,0.02,0.034531206
6159,model_2,1.19,1.1360272
6160,model_2,0.2233,0.18319745
6161,model_2,0.0991,0.07868415
6162,model_2,0.563,0.5388457
6163,model_2,0.2097,0.17448917
6164,model_2,0.0878,0.12000431
6165,model_2,0.1536,0.11169428
6166,model_2,0.722,0.728625
6167,model_2,-0.018,-0.031593777
6168,model_2,-0.0696,-0.015424277
6169,model_2,-0.11,-0.06698879
6170,model_2,0.0869,-0.027749399
6171,model_2,0.0163,0.006327754
6172,model_2,0.195,0.15500112
6173,model_2,0.5799,0.59593076
6174,model_2,0.3821,0.38451216
6175,model_2,0.4484,0.42055812
6176,model_2,0.1293,0.15979952
6177,model_2,0.0924,0.09644093
6178,model_2,0.1134,0.2060499
6179,model_2,0.1729,0.1418908
6180,model_2,0.7514,0.7495088
6181,model_2,0.2276,0.18651566
6182,model_2,-0.0965,-0.060016416
6183,model_2,0.2775,0.2282087
6184,model_2,-0.0962,-0.1658161
6185,model_2,0.6814,0.68088037
6186,model_2,0.9367,0.9099279
6187,model_2,0.587,0.5636462
6188,model_2,0.6261,0.6170818
6189,model_2,0.8384,0.8300021
6190,model_2,-0.0616,-0.048888505
6191,model_2,0.2096,0.14931847
6192,model_2,0.1658,0.2004612
6193,model_2,0.3386,0.4224797
6194,model_2,0.2073,0.22500166
6195,model_2,0.2365,0.2273845
6196,model_2,0.4759,0.43178213
6197,model_2,0.3594,0.3561092
6198,model_2,-0.0126,0.24090515
6199,model_2,0.4295,0.40550587
6200,model_2,0.1794,0.22018096
6201,model_2,0.3426,0.33975613
6202,model_2,0.1062,0.13196449
6203,model_2,0.2959,0.26636896
6204,model_2,0.0748,0.07487563
6205,model_2,0.0739,0.0131137725
6206,model_2,0.817,0.83037883
6207,model_2,0.0618,0.016240759
6208,model_2,0.1994,0.21006414
6209,model_2,0.2399,0.285404
6210,model_2,-0.1687,-0.15355232
6211,model_2,0.3406,0.37144443
6212,model_2,0.0426,-0.055021163
6213,model_2,0.487,0.46814775
6214,model_2,0.3844,0.32720545
6215,model_2,-0.1033,-0.05615873
6216,model_2,0.1726,0.2047961
6217,model_2,-0.2251,-0.16447832
6218,model_2,-0.1563,-0.15147322
6219,model_2,-0.017,-0.012278976
6220,model_2,0.1351,0.14883353
6221,model_2,0.0298,0.060891658
6222,model_2,0.4114,0.3633358
6223,model_2,0.2823,0.30135188
6224,model_2,0.3214,0.35600376
6225,model_2,0.3173,0.3088207
6226,model_2,0.6335,0.69221836
6227,model_2,0.4386,0.4343778
6228,model_2,0.7033,0.71882313
6229,model_2,0.0961,0.08863132
6230,model_2,0.2092,0.18193604
6231,model_2,0.1515,0.1487597
6232,model_2,0.3138,0.30116293
6233,model_2,0.019,0.07808608
6234,model_2,0.0454,0.045333534
6235,model_2,0.032,0.08202808
6236,model_2,0.5434,0.450062
6237,model_2,0.2446,0.26150867
6238,model_2,0.2105,0.16803248
6239,model_2,0.2033,0.24358644
6240,model_2,0.1468,0.11192028
6241,model_2,0.0986,0.079068735
6242,model_2,0.1279,0.1910383
6243,model_2,0.0499,0.042762615
6244,model_2,0.3669,0.35733595
6245,model_2,-0.015,0.016063435
6246,model_2,-0.0886,-0.060509525
6247,model_2,0.0577,0.029087758
6248,model_2,0.1608,0.21149851
6249,model_2,0.1703,0.21239358
6250,model_2,0.3218,0.38795486
6251,model_2,-0.0403,-0.05657863
6252,model_2,0.2946,0.29114908
6253,model_2,0.4484,0.41294083
6254,model_2,0.9149,0.9109729
6255,model_2,0.1495,0.15222158
6256,model_2,0.2393,0.23368363
6257,model_2,0.2756,0.22869407
6258,model_2,0.0972,0.12015121
6259,model_2,0.2435,0.20848851
6260,model_2,0.3776,0.41974556
6261,model_2,0.3487,0.3464749
6262,model_2,0.0518,0.06736916
6263,model_2,0.1802,0.20913824
6264,model_2,-0.0121,0.05584549
6265,model_2,0.6174,0.63441306
6266,model_2,0.3866,0.40158346
6267,model_2,0.2892,0.22822644
6268,model_2,0.1315,0.19036295
6269,model_2,0.1742,0.1833175
6270,model_2,0.1037,0.14955576
6271,model_2,0.1609,0.16969994
6272,model_2,-0.0852,-0.09689178
6273,model_2,0.0135,0.018037861
6274,model_2,-0.0106,0.043949775
6275,model_2,0.4296,0.3813348
6276,model_2,0.089,0.045851782
6277,model_2,0.113,0.1385039
6278,model_2,0.1457,0.12951201
6279,model_2,-0.1112,-0.07306279
6280,model_2,0.4272,0.40068707
6281,model_2,0.0777,0.11584754
6282,model_2,0.4754,0.48074916
6283,model_2,0.0916,0.085372806
6284,model_2,0.0824,0.16480222
6285,model_2,0.1173,0.116619036
6286,model_2,0.2356,0.34343544
6287,model_2,0.0041,0.015569394
6288,model_2,0.4338,0.47089055
6289,model_2,-0.0558,-0.039323114
6290,model_2,0.1597,0.18129282
6291,model_2,0.4863,0.4128769
6292,model_2,0.81,0.8193523
6293,model_2,0.0105,-0.020664906
6294,model_2,0.7994,0.79003304
6295,model_2,0.0764,0.114329636
6296,model_2,0.3749,0.3547482
6297,model_2,0.126,0.18411091
6298,model_2,0.7243,0.7525571
6299,model_2,0.2803,0.27449661
6300,model_2,0.2326,0.25030166
6301,model_2,0.2476,0.24737005
6302,model_2,0.048,0.11263329
6303,model_2,-0.0579,-0.07951732
6304,model_2,0.2671,0.20689152
6305,model_2,0.2702,0.2007606
6306,model_2,0.0745,0.08267038
6307,model_2,-0.044,-0.04209619
6308,model_2,0.4013,0.14429249
6309,model_2,0.1741,0.11666055
6310,model_2,0.28,0.29265952
6311,model_2,0.3123,0.30571318
6312,model_2,0.2244,0.20514497
6313,model_2,-0.0724,-0.050457373
6314,model_2,-0.1737,-0.15263614
6315,model_2,0.3393,0.34808075
6316,model_2,0.1571,0.12920842
6317,model_2,0.1801,0.29066476
6318,model_2,0.5595,0.57392365
6319,model_2,0.2539,0.24987738
6320,model_2,0.1424,0.12970656
6321,model_2,0.5416,0.52675587
6322,model_2,0.6322,0.6101113
6323,model_2,0.9013,0.8640208
6324,model_2,0.2388,0.15537983
6325,model_2,0.0292,0.045830168
6326,model_2,0.2263,0.29446897
6327,model_2,-0.0301,0.08002254
6328,model_2,-0.0393,-0.03739466
6329,model_2,0.3149,0.2707496
6330,model_2,0.1496,0.13460098
6331,model_2,0.8375,0.858681
6332,model_2,0.3452,0.30802545
6333,model_2,0.0905,0.14482895
6334,model_2,0.279,0.2540029
6335,model_2,0.7465,0.76520306
6336,model_2,0.4102,0.39254805
6337,model_2,0.179,0.18340379
6338,model_2,0.342,0.3305867
6339,model_2,0.1498,0.12441538
6340,model_2,0.0013,0.069753036
6341,model_2,0.1573,0.16072918
6342,model_2,-0.0692,-0.037125193
6343,model_2,0.0915,0.14261808
6344,model_2,-0.1217,-0.102351144
6345,model_2,0.006,-0.027742604
6346,model_2,0.1602,0.17055984
6347,model_2,0.4953,0.52312785
6348,model_2,0.1028,0.07088659
6349,model_2,0.4005,0.39832714
6350,model_2,0.0468,0.049305104
6351,model_2,0.1325,0.1030453
6352,model_2,0.3984,0.3925751
6353,model_2,0.4429,0.40630165
6354,model_2,0.282,0.2415437
6355,model_2,-0.0364,0.08379677
6356,model_2,0.3952,0.39701042
6357,model_2,0.1896,0.16737337
6358,model_2,0.1409,0.12258959
6359,model_2,0.1024,0.25384417
6360,model_2,0.3351,0.3164758
6361,model_2,0.2263,0.20872967
6362,model_2,0.0505,0.034692906
6363,model_2,0.095,0.06623851
6364,model_2,0.1807,0.19824447
6365,model_2,0.4296,0.46286294
6366,model_2,0.1463,0.060897388
6367,model_2,0.5338,0.5335135
6368,model_2,0.2108,0.24891065
6369,model_2,0.4613,0.41643417
6370,model_2,0.3876,0.292185
6371,model_2,0.0306,0.12084739
6372,model_2,0.5567,0.47612908
6373,model_2,0.3687,0.38687733
6374,model_2,0.1993,0.14581634
6375,model_2,0.8394,0.81255615
6376,model_2,0.1974,0.24505605
6377,model_2,0.0667,0.07955626
6378,model_2,0.4488,0.436111
6379,model_2,0.4274,0.42763603
6380,model_2,0.2094,0.15442555
6381,model_2,0.1514,0.09107067
6382,model_2,0.3395,0.28378388
6383,model_2,-0.2121,-0.106970176
6384,model_2,0.4152,0.4159522
6385,model_2,0.2232,0.19908121
6386,model_2,0.2168,0.1311564
6387,model_2,0.3048,0.3040227
6388,model_2,0.2816,0.34874484
6389,model_2,0.2313,0.21986894
6390,model_2,0.2101,0.1856465
6391,model_2,0.2225,0.22510312
6392,model_2,0.1334,0.14385013
6393,model_2,0.4307,0.47227612
6394,model_2,0.663,0.6549132
6395,model_2,0.2275,0.19136395
6396,model_2,-0.0826,-0.034551747
6397,model_2,0.1978,0.20627104
6398,model_2,-0.0077,-0.02639326
6399,model_2,0.103,0.13947898
6400,model_2,0.3007,0.24619628
6401,model_2,0.372,0.3476241
6402,model_2,0.512,0.43947038
6403,model_2,0.2462,0.20109223
6404,model_2,-0.0971,-0.017364958
6405,model_2,0.3651,0.39807436
6406,model_2,0.0519,0.064770475
6407,model_2,0.1303,0.09969263
6408,model_2,0.3447,0.38432777
6409,model_2,0.4096,0.43245503
6410,model_2,0.3269,0.322677
6411,model_2,0.656,0.6462535
6412,model_2,0.2137,0.2004351
6413,model_2,0.4386,0.4447966
6414,model_2,0.4577,0.46387157
6415,model_2,0.1256,0.15623495
6416,model_2,0.1109,0.14634462
6417,model_2,0.0655,0.09246272
6418,model_2,0.367,0.36949864
6419,model_2,0.0729,0.03729088
6420,model_2,-0.012,-0.031631164
6421,model_2,0.2063,0.1945784
6422,model_2,0.2196,0.23043625
6423,model_2,0.202,0.18141736
6424,model_2,-0.1732,-0.190559
6425,model_2,0.4411,0.39082968
6426,model_2,0.1692,0.1657532
6427,model_2,0.3644,0.3702991
6428,model_2,0.1212,0.11271118
6429,model_2,0.42,0.42726728
6430,model_2,0.0774,0.10779765
6431,model_2,0.2859,0.14622714
6432,model_2,-0.003,-0.0062147956
6433,model_2,0.3905,0.39679465
6434,model_2,-0.1157,-0.06716321
6435,model_2,0.2236,0.22524245
6436,model_2,0.0544,0.03512285
6437,model_2,0.127,0.11211091
6438,model_2,0.388,0.41439357
6439,model_2,0.6839,0.6874577
6440,model_2,0.408,0.3449788
6441,model_2,0.2601,0.2808401
6442,model_2,0.8404,0.8529853
6443,model_2,0.2563,0.25434726
6444,model_2,0.0424,0.03518893
6445,model_2,-0.0446,-0.06898773
6446,model_2,0.1528,0.15447056
6447,model_2,0.0167,0.033497855
6448,model_2,0.06,0.09666762
6449,model_2,0.1122,0.054066457
6450,model_2,0.3215,0.3019178
6451,model_2,0.1539,0.15577452
6452,model_2,0.2696,0.24778919
6453,model_2,-0.1477,-0.1265501
6454,model_2,-0.2229,-0.16735376
6455,model_2,0.2328,0.21189229
6456,model_2,0.4605,0.36784497
6457,model_2,0.1324,0.13852666
6458,model_2,0.0226,0.011455251
6459,model_2,0.4132,0.39464194
6460,model_2,0.4318,0.38295949
6461,model_2,0.0504,0.03255236
6462,model_2,0.3072,0.2515373
6463,model_2,0.2909,0.20758913
6464,model_2,-0.1657,-0.12156541
6465,model_2,0.297,0.30600566
6466,model_2,-0.0024,0.022047756
6467,model_2,0.4383,0.40513846
6468,model_2,0.2722,0.30954546
6469,model_2,0.2476,0.259651
6470,model_2,0.0755,0.03165417
6471,model_2,0.0671,0.061251104
6472,model_2,0.1315,0.18889289
6473,model_2,0.6204,0.38446936
6474,model_2,0.0764,0.06521419
6475,model_2,0.2023,0.20695613
6476,model_2,0.068,0.06297879
6477,model_2,0.1277,0.0709431
6478,model_2,0.0902,0.060715124
6479,model_2,0.0133,-0.06135507
6480,model_2,0.1731,0.2083106
6481,model_2,0.0095,0.04821621
6482,model_2,0.0342,0.022946076
6483,model_2,0.072,0.09018503
6484,model_2,0.2915,0.27314952
6485,model_2,0.3185,0.39825308
6486,model_2,0.0266,0.2272877
6487,model_2,0.052,0.057286426
6488,model_2,0.3406,0.19262601
6489,model_2,0.0676,0.10844356
6490,model_2,-0.0062,-0.023500035
6491,model_2,-0.0165,-0.0030875895
6492,model_2,0.1178,0.11317715
6493,model_2,-0.0625,6.508641e-05
6494,model_2,0.6297,0.58530873
6495,model_2,0.3723,0.38261083
6496,model_2,0.2008,0.23733695
6497,model_2,0.1166,0.09834258
6498,model_2,0.0494,0.07408335
6499,model_2,-0.0394,-0.056929126
6500,model_2,0.4779,0.46507472
6501,model_2,0.1558,0.18936242
6502,model_2,0.7177,0.7604421
6503,model_2,0.2762,0.26073107
6504,model_2,0.3966,0.37161636
6505,model_2,0.2741,0.401047
6506,model_2,-0.0232,-0.040827066
6507,model_2,0.7848,0.7824174
6508,model_2,0.1533,0.1044604
6509,model_2,0.2418,0.21715385
6510,model_2,0.0668,0.065056995
6511,model_2,0.2878,0.3236061
6512,model_2,0.0928,0.09205806
6513,model_2,0.0987,0.07449615
6514,model_2,0.4317,0.39059922
6515,model_2,0.1778,0.17665227
6516,model_2,0.068,0.049391992
6517,model_2,0.513,0.48985353
6518,model_2,0.2727,0.36449546
6519,model_2,0.056,0.04594204
6520,model_2,0.0811,0.10463908
6521,model_2,0.7914,0.799071
6522,model_2,0.1931,0.1927697
6523,model_2,0.1981,0.15563937
6524,model_2,0.1957,0.18026713
6525,model_2,0.0694,0.11775528
6526,model_2,0.6212,0.5557478
6527,model_2,0.4761,0.5185626
6528,model_2,0.4314,0.45098302
6529,model_2,0.7991,0.79880804
6530,model_2,0.0289,0.0063784886
6531,model_2,0.1747,0.19155186
6532,model_2,-0.0269,0.046383396
6533,model_2,0.4011,0.41941342
6534,model_2,0.3967,0.39041582
6535,model_2,0.1965,0.25112158
6536,model_2,0.5402,0.5666345
6537,model_2,0.3441,0.31645915
6538,model_2,0.1463,0.19702707
6539,model_2,0.1934,0.20361364
6540,model_2,0.7412,0.7314297
6541,model_2,0.0042,0.057338275
6542,model_2,0.7054,0.7355818
6543,model_2,0.1091,0.14124672
6544,model_2,0.153,0.16749732
6545,model_2,0.4269,0.42434558
6546,model_2,-0.1313,-0.054922428
6547,model_2,0.0209,0.0029439162
6548,model_2,0.0697,0.08673547
6549,model_2,0.3623,0.3339196
6550,model_2,0.0823,0.10227023
6551,model_2,0.2128,0.34634116
6552,model_2,0.3105,0.30218297
6553,model_2,0.0689,0.1713688
6554,model_2,0.4165,0.41157752
6555,model_2,0.478,0.46499524
6556,model_2,0.515,0.50897044
6557,model_2,0.3416,0.24877854
6558,model_2,0.1077,0.1121432
6559,model_2,0.2477,0.22715579
6560,model_2,0.3338,0.3748492
6561,model_2,0.4154,0.42849898
6562,model_2,0.564,0.4965771
6563,model_2,0.1785,0.195985
6564,model_2,-0.1396,-0.16541864
6565,model_2,0.0978,0.069741994
6566,model_2,0.204,0.11709526
6567,model_2,0.111,0.116059765
6568,model_2,0.1836,0.19490896
6569,model_2,0.4433,0.44758233
6570,model_2,0.8485,0.8698048
6571,model_2,-0.0649,-0.06451441
6572,model_2,0.1367,0.13025041
6573,model_2,0.1028,0.14720754
6574,model_2,0.0518,0.047504574
6575,model_2,0.5816,0.55160815
6576,model_2,0.1789,0.17717539
6577,model_2,0.7631,0.8048362
6578,model_2,0.3558,0.36261895
6579,model_2,0.1523,0.15302207
6580,model_2,-0.0507,-0.019622462
6581,model_2,0.1702,0.16943865
6582,model_2,0.2592,0.28561294
6583,model_2,0.3172,0.30362993
6584,model_2,-0.1875,-0.15278096
6585,model_2,0.3418,0.3635451
6586,model_2,0.4076,0.44283596
6587,model_2,-0.0046,0.01433873
6588,model_2,0.3524,0.45821148
6589,model_2,0.4058,0.42268762
6590,model_2,0.0849,0.15825932
6591,model_2,0.3575,0.35024312
6592,model_2,0.1286,0.1400371
6593,model_2,0.4645,0.44912598
6594,model_2,0.2534,0.2525227
6595,model_2,0.5962,0.60282856
6596,model_2,0.09,0.08966268
6597,model_2,0.528,0.5209988
6598,model_2,0.6171,0.58914083
6599,model_2,0.826,0.70361704
6600,model_2,0.1418,0.2891572
6601,model_2,0.7059,0.63742447
6602,model_2,0.291,0.32958886
6603,model_2,0.7719,0.69032645
6604,model_2,0.4094,0.41563433
6605,model_2,0.2653,0.2677736
6606,model_2,0.0583,0.088407904
6607,model_2,0.2043,0.28512278
6608,model_2,0.1362,0.138139
6609,model_2,0.4747,0.37866995
6610,model_2,0.1026,0.035686977
6611,model_2,-0.0913,-0.072459035
6612,model_2,0.2231,0.23848264
6613,model_2,0.1426,0.1532583
6614,model_2,-0.1073,-0.10963586
6615,model_2,0.2361,0.24346589
6616,model_2,0.4424,0.4242541
6617,model_2,0.518,0.51913416
6618,model_2,0.1586,0.15481685
6619,model_2,0.238,0.26416683
6620,model_2,0.1724,0.20717417
6621,model_2,-0.1778,-0.1964487
6622,model_2,0.1317,0.14493336
6623,model_2,0.1962,0.20281784
6624,model_2,0.0172,-0.008502846
6625,model_2,0.5207,0.5453258
6626,model_2,0.1928,0.20643632
6627,model_2,0.0629,0.014790563
6628,model_2,0.5556,0.5329436
6629,model_2,0.0422,0.050680704
6630,model_2,0.5849,0.57005006
6631,model_2,0.827,0.8001582
6632,model_2,0.0768,0.08350007
6633,model_2,0.4351,0.3550423
6634,model_2,0.2702,0.24883889
6635,model_2,-0.1111,-0.05703699
6636,model_2,0.2058,0.1709788
6637,model_2,0.5358,0.53553456
6638,model_2,0.5499,0.5214077
6639,model_2,0.1161,0.17636289
6640,model_2,0.0108,0.08214218
6641,model_2,0.1671,0.119102955
6642,model_2,0.6596,0.66853696
6643,model_2,0.4266,0.43914205
6644,model_2,-0.0402,-0.013287827
6645,model_2,0.1219,0.09595008
6646,model_2,0.2061,0.18242247
6647,model_2,0.7405,0.7684199
6648,model_2,0.0663,0.051324695
6649,model_2,0.1984,0.20206411
6650,model_2,0.3698,0.45501828
6651,model_2,0.075,0.11390442
6652,model_2,0.5033,0.5399908
6653,model_2,0.036,0.024677867
6654,model_2,-0.0014,0.029860353
6655,model_2,-0.0087,-0.0053358097
6656,model_2,0.2431,0.21334653
6657,model_2,0.1045,0.09508679
6658,model_2,0.1423,0.19599585
6659,model_2,0.1301,0.14608437
6660,model_2,0.0557,0.072756365
6661,model_2,-0.0719,-0.049298584
6662,model_2,0.4321,0.44172552
6663,model_2,0.1055,0.12179704
6664,model_2,0.1593,0.19169101
6665,model_2,0.2145,0.21764924
6666,model_2,0.097,0.15083422
6667,model_2,0.3077,0.29347703
6668,model_2,0.4098,0.3241679
6669,model_2,0.2198,0.16263063
6670,model_2,-0.0694,-0.07015883
6671,model_2,-0.0986,-0.13828357
6672,model_2,-0.0015,-0.039081857
6673,model_2,-0.0828,-0.059068993
6674,model_2,0.1829,0.16665752
6675,model_2,0.0594,0.049878158
6676,model_2,-0.0483,-0.028876778
6677,model_2,-0.1731,-0.16073082
6678,model_2,0.1554,0.11324124
6679,model_2,0.7179,0.7290502
6680,model_2,0.1932,0.19530728
6681,model_2,0.4048,0.37359372
6682,model_2,0.4387,0.44176146
6683,model_2,0.1126,0.15380654
6684,model_2,-0.2122,-0.19414735
6685,model_2,0.5444,0.440195
6686,model_2,0.3127,0.35291037
6687,model_2,0.3728,0.39350414
6688,model_2,-0.0718,-0.07236025
6689,model_2,0.3851,0.37638396
6690,model_2,0.0227,0.06395084
6691,model_2,0.8755,0.8830866
6692,model_2,0.26,0.15181677
6693,model_2,0.0978,0.07807091
6694,model_2,0.1429,0.13597836
6695,model_2,0.3102,0.27248204
6696,model_2,0.1025,0.11190277
6697,model_2,0.4923,0.5294464
6698,model_2,0.1257,0.1608846
6699,model_2,0.0655,0.008681612
6700,model_2,0.1257,0.097781666
6701,model_2,0.1337,0.14693342
6702,model_2,0.0565,0.035023473
6703,model_2,0.0358,0.03749807
6704,model_2,0.219,0.26495442
6705,model_2,0.1125,0.17374349
6706,model_2,-0.1224,-0.0770095
6707,model_2,0.5175,0.5029035
6708,model_2,0.21,0.32108125
6709,model_2,0.1534,0.14439268
6710,model_2,-0.0431,0.03390397
6711,model_2,0.4648,0.34059978
6712,model_2,0.1031,0.10891855
6713,model_2,0.2858,0.2886941
6714,model_2,0.2066,0.20361637
6715,model_2,0.1097,0.15631412
6716,model_2,0.5864,0.58887637
6717,model_2,0.1359,0.1585484
6718,model_2,0.7127,0.6850466
6719,model_2,-0.0416,-0.025045408
6720,model_2,0.2753,0.21955615
6721,model_2,0.25,0.27818653
6722,model_2,0.2636,0.26284823
6723,model_2,0.1919,0.16751361
6724,model_2,1.0267,0.9622582
6725,model_2,-0.1257,-0.10183595
6726,model_2,0.168,0.20107488
6727,model_2,0.1374,0.121585146
6728,model_2,0.1609,0.099702224
6729,model_2,-0.04,0.011519482
6730,model_2,0.068,0.07585706
6731,model_2,0.4405,0.42915478
6732,model_2,0.7809,0.77556413
6733,model_2,0.409,0.42394972
6734,model_2,0.4654,0.46892992
6735,model_2,0.871,0.869772
6736,model_2,0.1976,0.18325229
6737,model_2,-0.0376,-0.042001963
6738,model_2,0.2928,0.30932182
6739,model_2,-0.2707,-0.25823137
6740,model_2,0.2829,0.29480857
6741,model_2,-0.1185,-0.073852904
6742,model_2,0.5144,0.5536305
6743,model_2,-0.1846,-0.15609439
6744,model_2,0.157,0.19419096
6745,model_2,0.0615,0.026766194
6746,model_2,-0.2221,-0.23353799
6747,model_2,0.2411,0.27986726
6748,model_2,-0.0456,-0.044886746
6749,model_2,0.282,0.2782891
6750,model_2,0.2466,0.19978654
6751,model_2,0.0492,0.07016919
6752,model_2,-0.1123,0.070907876
6753,model_2,0.7365,0.71827465
6754,model_2,0.3334,0.29825
6755,model_2,0.0794,0.021215899
6756,model_2,0.0398,0.09148418
6757,model_2,0.2452,0.27717754
6758,model_2,-0.0365,-0.0154235205
6759,model_2,0.5086,0.5164646
6760,model_2,0.2435,0.22041108
6761,model_2,0.3967,0.3933067
6762,model_2,0.3969,0.40461335
6763,model_2,0.1073,0.1017998
6764,model_2,0.1072,0.12466769
6765,model_2,0.0363,0.082601756
6766,model_2,-0.1138,-0.074064665
6767,model_2,0.0653,0.119942516
6768,model_2,-0.0295,-0.025162842
6769,model_2,0.2637,0.259493
6770,model_2,0.1072,0.13464034
6771,model_2,0.0064,0.009122549
6772,model_2,0.3785,0.3517216
6773,model_2,0.8608,0.8826909
6774,model_2,0.0772,0.14816622
6775,model_2,0.3431,0.35719457
6776,model_2,0.0949,0.094267234
6777,model_2,0.4475,0.4009496
6778,model_2,0.6001,0.5874153
6779,model_2,0.0806,0.0151548665
6780,model_2,-0.2034,-0.20939462
6781,model_2,0.4424,0.31340477
6782,model_2,0.1855,0.13155824
6783,model_2,0.0513,0.050611846
6784,model_2,0.4497,0.43307516
6785,model_2,-0.0049,0.014033759
6786,model_2,0.1728,0.16736683
6787,model_2,0.173,0.2174064
6788,model_2,0.0863,0.10262543
6789,model_2,0.5623,0.5513461
6790,model_2,-0.1634,-0.15519373
6791,model_2,0.3863,0.41163114
6792,model_2,0.2897,0.28560498
6793,model_2,0.1685,0.15240653
6794,model_2,0.1949,0.23267828
6795,model_2,0.129,0.094550565
6796,model_2,0.3091,0.32145092
6797,model_2,0.2157,0.21686845
6798,model_2,0.5034,0.5401972
6799,model_2,0.0,0.003483465
6800,model_2,0.3681,0.33423808
6801,model_2,0.1152,0.07781431
6802,model_2,0.4035,0.46637312
6803,model_2,0.1368,0.16292723
6804,model_2,0.6793,0.69862014
6805,model_2,0.0099,0.07104525
6806,model_2,0.5455,0.5416207
6807,model_2,0.1477,0.11089206
6808,model_2,0.5797,0.58933973
6809,model_2,0.7226,0.70812494
6810,model_2,0.2771,0.23369478
6811,model_2,0.2224,0.22554293
6812,model_2,0.576,0.56557816
6813,model_2,0.2533,0.22710483
6814,model_2,0.7663,0.7605987
6815,model_2,0.5658,0.5695589
6816,model_2,0.1961,0.24782799
6817,model_2,0.0764,0.065607436
6818,model_2,0.6282,0.62291884
6819,model_2,0.403,0.42194822
6820,model_2,0.1018,0.066982925
6821,model_2,0.0508,0.08106625
6822,model_2,-0.1082,-0.117394395
6823,model_2,0.0323,0.047366753
6824,model_2,0.1142,0.08138065
6825,model_2,0.176,0.20626734
6826,model_2,0.3041,0.35979483
6827,model_2,0.4644,0.19335581
6828,model_2,0.0577,0.04595854
6829,model_2,-0.127,-0.123674236
6830,model_2,0.0968,0.089048505
6831,model_2,0.1701,0.16007012
6832,model_2,0.1096,0.17165425
6833,model_2,0.777,0.75161743
6834,model_2,0.7682,0.70318365
6835,model_2,0.1178,0.14358096
6836,model_2,0.2699,0.30739382
6837,model_2,0.1092,0.15124583
6838,model_2,0.1755,0.20765233
6839,model_2,0.0341,0.07620638
6840,model_2,-0.0231,0.04827726
6841,model_2,0.0221,0.014710771
6842,model_2,0.7286,0.61534244
6843,model_2,0.0289,0.037350677
6844,model_2,0.4099,0.4854472
6845,model_2,0.6125,0.4773213
6846,model_2,0.2831,0.27762944
6847,model_2,-0.0269,-0.0073069427
6848,model_2,0.4988,0.48776183
6849,model_2,0.1505,0.2269101
6850,model_2,0.1418,0.09449637
6851,model_2,-0.1697,-0.1383312
6852,model_2,0.1139,0.10982457
6853,model_2,0.7929,0.785227
6854,model_2,0.164,0.29454404
6855,model_2,0.1965,0.21711724
6856,model_2,0.5778,0.61029464
6857,model_2,0.3423,0.3127016
6858,model_2,-0.0633,0.021864852
6859,model_2,0.2726,0.28360862
6860,model_2,0.4312,0.40505263
6861,model_2,0.2756,0.22106095
6862,model_2,0.2999,0.28518438
6863,model_2,0.1013,0.10872744
6864,model_2,0.191,0.1695082
6865,model_2,0.2435,0.18960448
6866,model_2,0.0358,0.0393575
6867,model_2,0.0788,0.09012856
6868,model_2,0.1598,0.1725132
6869,model_2,0.0266,0.09579155
6870,model_2,0.7153,0.7514306
6871,model_2,0.4987,0.5172822
6872,model_2,-0.0154,-0.010519067
6873,model_2,0.1921,0.26453528
6874,model_2,0.1822,0.1844354
6875,model_2,0.9626,0.9375431
6876,model_2,0.0815,0.107400894
6877,model_2,0.0659,0.0775854
6878,model_2,0.2713,0.24904485
6879,model_2,0.1705,0.16603003
6880,model_2,0.5863,0.56616676
6881,model_2,0.1535,0.16270499
6882,model_2,0.2765,0.26477107
6883,model_2,0.228,0.16405876
6884,model_2,0.4205,0.40341818
6885,model_2,0.1916,0.11334278
6886,model_2,0.0456,0.1976416
6887,model_2,0.2487,0.24744682
6888,model_2,0.3257,0.30655125
6889,model_2,0.1294,0.12960464
6890,model_2,0.0682,0.07339807
6891,model_2,-0.1035,-0.10452843
6892,model_2,0.5758,0.57528085
6893,model_2,0.4898,0.4453375
6894,model_2,0.3345,0.33061954
6895,model_2,0.4769,0.51447934
6896,model_2,0.0827,0.079485945
6897,model_2,0.802,0.7831484
6898,model_2,0.4964,0.44297668
6899,model_2,0.2405,0.24703239
6900,model_2,0.1567,0.25673625
6901,model_2,0.0318,-0.008026177
6902,model_2,0.0351,0.15097162
6903,model_2,0.3793,0.37996557
6904,model_2,0.711,0.6893974
6905,model_2,0.5895,0.60101575
6906,model_2,0.6604,0.6134248
6907,model_2,0.3606,0.35757715
6908,model_2,0.2429,0.4141424
6909,model_2,0.1798,0.16972317
6910,model_2,0.2549,0.2884602
6911,model_2,0.2191,0.25410378
6912,model_2,0.0669,0.10415058
6913,model_2,-0.1026,-0.10263039
6914,model_2,0.7311,0.7344238
6915,model_2,0.3295,0.3411945
6916,model_2,0.8279,0.81129426
6917,model_2,0.1074,0.095076576
6918,model_2,0.3362,0.33214775
6919,model_2,0.1393,0.065122545
6920,model_2,0.1639,0.21193925
6921,model_2,0.1715,0.1588429
6922,model_2,0.4336,0.44183603
6923,model_2,0.2806,0.2636662
6924,model_2,0.5657,0.55996025
6925,model_2,0.1233,0.10988456
6926,model_2,0.2751,0.2707918
6927,model_2,0.1444,0.14354503
6928,model_2,0.3768,0.27228245
6929,model_2,0.5754,0.5422105
6930,model_2,0.3664,0.35880592
6931,model_2,0.2502,0.2348768
6932,model_2,0.0269,0.041579917
6933,model_2,0.3812,0.3225133
6934,model_2,0.1806,0.19700433
6935,model_2,0.6819,0.6833573
6936,model_2,0.3349,0.3421556
6937,model_2,0.1962,0.18346898
6938,model_2,0.0152,0.012345454
6939,model_2,0.0635,0.06183529
6940,model_2,0.8142,0.7986662
6941,model_2,0.4701,0.33472928
6942,model_2,0.2031,0.17475909
6943,model_2,0.3565,0.38578427
6944,model_2,0.1344,0.19777429
6945,model_2,0.937,0.91765374
6946,model_2,0.0499,0.06379709
6947,model_2,0.2217,0.24172382
6948,model_2,0.1445,0.15359072
6949,model_2,0.2527,0.24177147
6950,model_2,1.067,1.0500253
6951,model_2,0.0628,0.11174123
6952,model_2,0.1884,0.12063521
6953,model_2,-0.0139,0.024963068
6954,model_2,0.0081,0.04266274
6955,model_2,0.0554,0.07257279
6956,model_2,0.3289,0.23004626
6957,model_2,0.1242,0.112100825
6958,model_2,0.8217,0.84508955
6959,model_2,0.1312,0.26304138
6960,model_2,0.2389,0.23551409
6961,model_2,0.1334,0.14995079
6962,model_2,0.7724,0.7515129
6963,model_2,0.1312,0.14218758
6964,model_2,0.0767,0.08483388
6965,model_2,-0.1716,-0.038340002
6966,model_2,0.4157,0.38832623
6967,model_2,0.2922,0.2294945
6968,model_2,0.7934,0.8010079
6969,model_2,0.1275,0.102565184
6970,model_2,0.3263,0.34896687
6971,model_2,0.098,0.08597291
6972,model_2,0.3823,0.34675953
6973,model_2,0.157,0.1699721
6974,model_2,0.3437,0.3224636
6975,model_2,0.2398,0.1779055
6976,model_2,0.0125,-0.049734175
6977,model_2,0.1507,0.12267549
6978,model_2,0.4334,0.44378844
6979,model_2,0.6487,0.64360565
6980,model_2,0.6348,0.6122049
6981,model_2,0.135,0.16304757
6982,model_2,0.1786,0.1752594
6983,model_2,0.3281,0.40535963
6984,model_2,0.1093,0.112892285
6985,model_2,0.0036,0.047421455
6986,model_2,0.1931,0.059534177
6987,model_2,0.471,0.45976934
6988,model_2,0.0758,0.12818241
6989,model_2,0.0213,-0.040185824
6990,model_2,0.196,0.18467651
6991,model_2,0.4399,0.41409656
6992,model_2,0.626,0.6111031
6993,model_2,0.275,0.33658263
6994,model_2,0.5516,0.51680785
6995,model_2,0.6373,0.6310524
6996,model_2,0.0175,-0.0110975895
6997,model_2,0.5077,0.5042526
6998,model_2,0.54,0.5141207
6999,model_2,0.0018,0.097458445
7000,model_2,-0.0803,0.03236022
7001,model_2,0.2553,0.23185532
7002,model_2,0.1294,0.16972823
7003,model_2,0.6421,0.6076692
7004,model_2,0.0453,0.026002726
7005,model_2,0.335,0.27791882
7006,model_2,0.1143,0.08345479
7007,model_2,0.481,0.5594527
7008,model_2,0.6586,0.6426297
7009,model_2,0.1196,0.1184835
7010,model_2,0.1712,0.23090188
7011,model_2,0.341,0.29760107
7012,model_2,0.2701,0.25641084
7013,model_2,0.327,0.27881736
7014,model_2,-0.1825,-0.17154889
7015,model_2,-0.187,-0.1781149
7016,model_2,0.4416,0.42698503
7017,model_2,0.1193,0.13267621
7018,model_2,0.2626,0.24424247
7019,model_2,0.329,0.34081763
7020,model_2,0.6762,0.68083227
7021,model_2,0.3858,0.2733309
7022,model_2,0.0448,0.0010160748
7023,model_2,0.0203,0.048941866
7024,model_2,0.3184,0.2804423
7025,model_2,0.4796,0.48269233
7026,model_2,0.2943,0.31049606
7027,model_2,0.4944,0.38351485
7028,model_2,0.0979,0.10163602
7029,model_2,0.5357,0.53406096
7030,model_2,0.2489,0.2149879
7031,model_2,-0.118,-0.101799056
7032,model_2,0.1726,0.1803055
7033,model_2,-0.0489,0.019300291
7034,model_2,0.4574,0.4513664
7035,model_2,0.195,0.18537568
7036,model_2,0.1011,0.06842853
7037,model_2,0.4384,0.42640635
7038,model_2,0.2277,0.22475003
7039,model_2,0.1127,0.09676111
7040,model_2,-0.0463,0.01449853
7041,model_2,0.2713,0.24808179
7042,model_2,0.2099,0.23282735
7043,model_2,0.0025,0.00596918
7044,model_2,-0.0991,-0.07364015
7045,model_2,0.6415,0.5927623
7046,model_2,0.495,0.50344414
7047,model_2,0.7198,0.6972901
7048,model_2,0.3673,0.32803604
7049,model_2,0.7941,0.8203991
7050,model_2,-0.0023,0.023454206
7051,model_2,0.2499,0.23266904
7052,model_2,0.1436,0.094344735
7053,model_2,0.1444,0.0769881
7054,model_2,0.0199,0.029509922
7055,model_2,0.6121,0.6050011
7056,model_2,0.1998,0.17726262
7057,model_2,-0.1423,-0.12137544
7058,model_2,0.347,0.2923372
7059,model_2,0.5633,0.5133971
7060,model_2,0.0296,0.032141715
7061,model_2,0.1204,0.1374123
7062,model_2,0.4313,0.3360605
7063,model_2,0.3765,0.36288628
7064,model_2,0.0391,0.051971547
7065,model_2,-0.067,-0.07131738
7066,model_2,0.8606,0.8556624
7067,model_2,0.1058,0.19750714
7068,model_2,0.4276,0.33319232
7069,model_2,0.089,0.1066798
7070,model_2,0.1363,0.19924843
7071,model_2,0.5358,0.52790374
7072,model_2,0.1226,0.1921789
7073,model_2,0.1781,0.23458274
7074,model_2,0.2071,0.2348638
7075,model_2,0.4405,0.4664447
7076,model_2,0.2105,0.24095513
7077,model_2,0.0385,0.056776382
7078,model_2,0.4772,0.49277738
7079,model_2,0.0211,-0.004354695
7080,model_2,0.5517,0.55320585
7081,model_2,0.5731,0.56839913
7082,model_2,0.5482,0.5259318
7083,model_2,0.7281,0.75669104
7084,model_2,0.1954,0.2410944
7085,model_2,0.0811,0.11204152
7086,model_2,0.3182,0.32651442
7087,model_2,0.1673,0.13231291
7088,model_2,-0.0147,-0.029814068
7089,model_2,0.2145,0.15389922
7090,model_2,0.1858,0.20578183
7091,model_2,-0.0923,-0.067358606
7092,model_2,0.1003,0.118181154
7093,model_2,0.3229,0.32438275
7094,model_2,0.1195,0.21407841
7095,model_2,0.3331,0.3357583
7096,model_2,0.2779,0.3093681
7097,model_2,0.1877,0.19537845
7098,model_2,0.4638,0.49184492
7099,model_2,0.0754,0.07541155
7100,model_2,0.241,0.19383611
7101,model_2,0.1214,0.15224324
7102,model_2,0.2916,0.25001028
7103,model_2,0.0528,0.053158738
7104,model_2,0.0737,0.086066164
7105,model_2,0.1864,0.22331199
7106,model_2,0.3521,0.3731142
7107,model_2,0.1187,0.11845185
7108,model_2,0.1116,0.13939859
7109,model_2,0.8346,0.84543407
7110,model_2,0.0753,0.091324925
7111,model_2,-0.1465,-0.10922365
7112,model_2,0.0123,0.029161582
7113,model_2,0.281,0.23673032
7114,model_2,0.6575,0.6127797
7115,model_2,0.6578,0.6657509
7116,model_2,0.0075,0.05527138
7117,model_2,0.3499,0.34383306
7118,model_2,0.1701,0.13982762
7119,model_2,-0.0616,-0.06607379
7120,model_2,0.4193,0.3054451
7121,model_2,0.3505,0.25615835
7122,model_2,0.0916,0.1379746
7123,model_2,0.3352,0.31913877
7124,model_2,0.502,0.4616199
7125,model_2,-0.0402,0.0110890325
7126,model_2,0.5411,0.5320585
7127,model_2,0.0189,0.06313775
7128,model_2,0.9025,0.89047736
7129,model_2,0.4792,0.48595324
7130,model_2,0.4359,0.43629217
7131,model_2,0.0342,0.06251081
7132,model_2,0.3376,0.4259177
7133,model_2,0.6672,0.68550676
7134,model_2,0.7365,0.77507913
7135,model_2,0.0725,0.076292865
7136,model_2,0.4256,0.42112342
7137,model_2,0.4236,0.44499162
7138,model_2,0.505,0.4825655
7139,model_2,0.0619,0.06329474
7140,model_2,0.1557,0.08982049
7141,model_2,0.6122,0.58354425
7142,model_2,0.1344,0.15835573
7143,model_2,0.5733,0.5544428
7144,model_2,0.0915,0.12284209
7145,model_2,0.2324,0.24906297
7146,model_2,0.0089,0.018959483
7147,model_2,-0.0167,0.01731236
7148,model_2,0.5369,0.5329008
7149,model_2,0.1605,0.15469936
7150,model_2,0.6034,0.5957826
7151,model_2,0.2298,0.20205013
7152,model_2,0.4036,0.4321582
7153,model_2,0.5426,0.5850807
7154,model_2,-0.0807,-0.02979468
7155,model_2,-0.0972,-0.004609531
7156,model_2,0.9831,1.0193936
7157,model_2,0.1012,0.13402699
7158,model_2,0.3333,0.2876062
7159,model_2,0.2688,0.2558198
7160,model_2,0.319,0.30590633
7161,model_2,0.3018,0.28318548
7162,model_2,0.4321,0.3884582
7163,model_2,0.0059,0.022989003
7164,model_2,0.2298,0.24975483
7165,model_2,-0.0076,0.004435608
7166,model_2,0.1878,0.2210361
7167,model_2,0.4178,0.40860984
7168,model_2,0.0843,0.2397493
7169,model_2,0.4898,0.41944286
7170,model_2,0.433,0.3689239
7171,model_2,0.3664,0.36808327
7172,model_2,0.3443,0.35905203
7173,model_2,0.1009,0.12654035
7174,model_2,-0.1764,-0.1314225
7175,model_2,-0.142,-0.110413015
7176,model_2,0.1857,0.22941048
7177,model_2,1.0556,1.0511233
7178,model_2,0.0007,0.030356226
7179,model_2,0.1214,0.08782858
7180,model_2,0.3586,0.3144393
7181,model_2,0.4514,0.459488
7182,model_2,0.345,0.32178447
7183,model_2,0.5442,0.5236024
7184,model_2,0.0526,0.06679152
7185,model_2,0.1344,0.11861816
7186,model_2,0.2313,0.24321581
7187,model_2,0.4946,0.51413786
7188,model_2,0.1379,0.10534711
7189,model_2,0.1242,0.06685503
7190,model_2,0.5859,0.5948158
7191,model_2,0.2368,0.2048888
7192,model_2,0.217,0.20147683
7193,model_2,0.1769,0.25476673
7194,model_2,-0.0167,0.052198455
7195,model_2,0.0414,0.047756866
7196,model_2,0.5049,0.47424498
7197,model_2,-0.0295,-0.045831125
7198,model_2,-0.0298,0.0050862487
7199,model_2,0.1345,0.1774971
7200,model_2,0.0585,0.07296212
7201,model_2,-0.0053,0.05876077
7202,model_2,-0.0513,-0.047817796
7203,model_2,0.2394,0.21271811
7204,model_2,0.0026,0.029084032
7205,model_2,0.1897,0.20378019
7206,model_2,0.1085,0.08568222
7207,model_2,0.4222,0.47531924
7208,model_2,-0.076,-0.053120524
7209,model_2,0.2336,0.12875645
7210,model_2,0.015,0.0045435783
7211,model_2,0.0327,0.08507139
7212,model_2,-0.0777,0.04453603
7213,model_2,0.7049,0.69255275
7214,model_2,0.0104,0.03435021
7215,model_2,0.1947,0.15021633
7216,model_2,0.2538,0.24050616
7217,model_2,0.0126,0.0326543
7218,model_2,0.4791,0.50187516
7219,model_2,0.5642,0.5401455
7220,model_2,0.154,0.18584843
7221,model_2,0.731,0.7336944
7222,model_2,0.1106,0.13651331
7223,model_2,0.2348,0.19563065
7224,model_2,0.1341,0.10564895
7225,model_2,0.3334,0.3427624
7226,model_2,0.2843,0.23543863
7227,model_2,0.0198,0.019221848
7228,model_2,0.0567,0.044728614
7229,model_2,0.625,0.6281751
7230,model_2,0.414,0.44796607
7231,model_2,0.1883,0.23480134
7232,model_2,0.0139,0.02609842
7233,model_2,0.0278,0.01382844
7234,model_2,0.2225,0.19939694
7235,model_2,0.4466,0.45379883
7236,model_2,0.017,0.03459592
7237,model_2,0.1664,0.17191327
7238,model_2,0.7497,0.7855744
7239,model_2,0.8427,0.8396211
7240,model_2,-0.124,-0.07178194
7241,model_2,0.334,0.28857106
7242,model_2,0.1582,0.17036021
7243,model_2,-0.1585,-0.16213797
7244,model_2,0.9227,0.8711174
7245,model_2,0.0718,0.09290391
7246,model_2,0.093,0.08857091
7247,model_2,0.34,0.37159404
7248,model_2,0.4915,0.48498598
7249,model_2,0.203,0.18554427
7250,model_2,0.5167,0.5360996
7251,model_2,0.0107,0.030426761
7252,model_2,0.3173,0.30526683
7253,model_2,0.2127,0.18772082
7254,model_2,0.5266,0.5201109
7255,model_2,-0.0674,-0.011572035
7256,model_2,0.2153,0.13985245
7257,model_2,0.1112,0.04004146
7258,model_2,0.2634,0.2100734
7259,model_2,0.0645,0.05604914
7260,model_2,0.245,0.2847114
7261,model_2,0.4424,0.41704795
7262,model_2,0.2736,0.26042086
7263,model_2,0.0702,0.07368149
7264,model_2,-0.1349,-0.0941214
7265,model_2,0.437,0.37886196
7266,model_2,0.1666,0.20863926
7267,model_2,0.1071,0.120232016
7268,model_2,0.5627,0.5485025
7269,model_2,0.1663,0.15462537
7270,model_2,0.3201,0.3265833
7271,model_2,0.6009,0.61993366
7272,model_2,0.1004,0.056990206
7273,model_2,0.0544,0.10172455
7274,model_2,0.125,0.16886844
7275,model_2,0.193,0.21111952
7276,model_2,-0.0252,-0.029244425
7277,model_2,-0.0153,0.017236775
7278,model_2,-0.0437,-0.040962115
7279,model_2,0.0973,0.11065738
7280,model_2,0.196,0.14618905
7281,model_2,0.1112,0.10278204
7282,model_2,-0.0243,-0.00020107254
7283,model_2,0.0278,0.06444863
7284,model_2,0.1136,0.14235497
7285,model_2,0.352,0.40933892
7286,model_2,0.8297,0.7750129
7287,model_2,0.7415,0.77749467
7288,model_2,0.3901,0.4051101
7289,model_2,0.0562,0.052897602
7290,model_2,0.4363,0.40500113
7291,model_2,0.7698,0.7021822
7292,model_2,0.6199,0.6006066
7293,model_2,0.2898,0.3147168
7294,model_2,0.3921,0.4032419
7295,model_2,-0.1219,-0.1186347
7296,model_2,0.4638,0.5074211
7297,model_2,0.2748,0.268061
7298,model_2,0.2485,0.15853739
7299,model_2,-0.0762,-0.037421413
7300,model_2,0.1625,0.10772614
7301,model_2,0.4526,0.44351742
7302,model_2,0.7691,0.74614495
7303,model_2,0.1197,0.14432
7304,model_2,0.5091,0.47128886
7305,model_2,0.1806,0.19216241
7306,model_2,0.5763,0.5441448
7307,model_2,0.3101,0.30528012
7308,model_2,0.2138,0.1405009
7309,model_2,0.3841,0.4240061
7310,model_2,0.1265,0.100468546
7311,model_2,0.4383,0.4046445
7312,model_2,0.2217,0.2571859
7313,model_2,0.2468,0.2039674
7314,model_2,0.4665,0.43224177
7315,model_2,0.1536,0.24169277
7316,model_2,-0.0673,-0.049786262
7317,model_2,0.3614,0.33870932
7318,model_2,0.0246,0.039986864
7319,model_2,0.2126,0.22948204
7320,model_2,-0.0125,-0.09377069
7321,model_2,-0.2356,-0.23212099
7322,model_2,0.0527,0.04448101
7323,model_2,0.1466,0.13323407
7324,model_2,-0.1561,-0.14186348
7325,model_2,0.1937,0.16609097
7326,model_2,-0.0225,-0.04428994
7327,model_2,0.1131,0.09454766
7328,model_2,0.201,0.19842884
7329,model_2,0.5849,0.5441336
7330,model_2,0.3454,0.43642217
7331,model_2,0.0985,0.16486269
7332,model_2,0.1893,0.29728523
7333,model_2,-0.0123,0.008965986
7334,model_2,0.1786,0.15591134
7335,model_2,0.0997,0.12662286
7336,model_2,0.5568,0.5626733
7337,model_2,0.7978,0.78342825
7338,model_2,0.1048,0.105173945
7339,model_2,0.1515,0.1543099
7340,model_2,0.3303,0.3038251
7341,model_2,0.2885,0.31277046
7342,model_2,0.4262,0.44235095
7343,model_2,0.6581,0.5741827
7344,model_2,0.1013,0.13379154
7345,model_2,0.6821,0.6966401
7346,model_2,0.2523,0.17121322
7347,model_2,-0.0366,0.17570975
7348,model_2,-0.2424,-0.03682102
7349,model_2,0.0262,0.02154464
7350,model_2,-0.0354,-0.030374201
7351,model_2,0.2123,0.21154155
7352,model_2,0.3802,0.387212
7353,model_2,0.0506,0.11804114
7354,model_2,0.3097,0.29640454
7355,model_2,0.117,0.11937754
7356,model_2,0.1017,0.11008112
7357,model_2,0.5535,0.545739
7358,model_2,0.4756,0.47234693
7359,model_2,0.184,0.17032872
7360,model_2,0.222,0.21598168
7361,model_2,0.1367,0.16484056
7362,model_2,0.0947,0.12578158
7363,model_2,0.2377,0.20709692
7364,model_2,0.027,0.09802313
7365,model_2,0.2952,0.3307203
7366,model_2,0.2216,0.2386282
7367,model_2,0.1176,0.11879371
7368,model_2,0.4472,0.43956372
7369,model_2,0.1249,0.095013425
7370,model_2,0.1594,0.19570352
7371,model_2,0.4759,0.5040458
7372,model_2,0.4621,0.42758086
7373,model_2,-0.0201,-0.06905315
7374,model_2,0.7551,0.7154799
7375,model_2,0.1711,0.151788
7376,model_2,0.153,0.17452575
7377,model_2,-0.107,-0.08916317
7378,model_2,0.2338,0.18023063
7379,model_2,0.0829,0.07040964
7380,model_2,0.308,0.30927852
7381,model_2,0.513,0.5164073
7382,model_2,0.0754,0.10206726
7383,model_2,0.0561,0.075120874
7384,model_2,0.3066,0.27298427
7385,model_2,0.1629,0.19589953
7386,model_2,0.0554,0.060079783
7387,model_2,0.163,0.17253403
7388,model_2,0.2746,0.24659668
7389,model_2,-0.0364,0.003244618
7390,model_2,0.3734,0.3618683
7391,model_2,0.0265,-0.0022979323
7392,model_2,0.2317,0.26666066
7393,model_2,0.5595,0.5741465
7394,model_2,0.486,0.4173515
7395,model_2,0.37,0.4071367
7396,model_2,-0.0227,-0.08271467
7397,model_2,0.2906,0.28989813
7398,model_2,0.0374,0.0356142
7399,model_2,0.1764,0.18060787
7400,model_2,0.2754,0.18942352
7401,model_2,0.1422,0.073937215
7402,model_2,0.0779,0.10234393
7403,model_2,0.1316,0.13990447
7404,model_2,0.061,0.09665924
7405,model_2,0.0568,0.031164149
7406,model_2,0.1312,0.1069285
7407,model_2,0.2192,0.18305616
7408,model_2,0.5499,0.5512027
7409,model_2,0.2727,0.1877432
7410,model_2,0.3238,0.31183425
7411,model_2,0.1987,0.22748195
7412,model_2,0.1043,0.12452777
7413,model_2,0.4335,0.4103814
7414,model_2,0.1903,0.14113978
7415,model_2,0.1565,0.16516225
7416,model_2,0.1464,0.20768686
7417,model_2,-0.0751,-0.0730842
7418,model_2,0.136,0.15355851
7419,model_2,0.8712,0.88846797
7420,model_2,0.2243,0.23849212
7421,model_2,0.1915,0.13345847
7422,model_2,-0.0257,-0.0336523
7423,model_2,-0.0029,0.07495178
7424,model_2,0.2691,0.27795073
7425,model_2,0.1199,0.13372256
7426,model_2,0.4632,0.45888913
7427,model_2,0.4501,0.43830413
7428,model_2,0.1384,0.083233476
7429,model_2,0.3117,0.26358446
7430,model_2,0.1667,0.18734162
7431,model_2,0.2709,0.2849538
7432,model_2,0.1377,0.12905197
7433,model_2,0.0023,-0.032814562
7434,model_2,0.1823,0.1929875
7435,model_2,0.188,0.15903528
7436,model_2,0.3083,0.26701203
7437,model_2,-0.1052,-0.061627343
7438,model_2,0.1369,0.093329154
7439,model_2,0.0508,0.079519525
7440,model_2,0.6057,0.61080074
7441,model_2,0.0298,0.0033996794
7442,model_2,0.951,0.9248068
7443,model_2,0.7364,0.7339583
7444,model_2,0.3655,0.29779816
7445,model_2,-0.0868,-0.07649192
7446,model_2,0.2912,0.33410904
7447,model_2,0.0342,0.12704204
7448,model_2,0.1011,0.053804487
7449,model_2,0.1264,0.16424602
7450,model_2,0.0728,0.14544617
7451,model_2,-0.1733,-0.16097264
7452,model_2,0.4437,0.4511692
7453,model_2,0.2847,0.28685525
7454,model_2,0.3751,0.34659356
7455,model_2,0.013,0.12815054
7456,model_2,0.0287,0.012792474
7457,model_2,0.2012,0.16458042
7458,model_2,0.1821,0.18779568
7459,model_2,0.8398,0.84581596
7460,model_2,0.021,0.030801928
7461,model_2,0.2712,0.24402659
7462,model_2,0.8266,0.82068384
7463,model_2,-0.0589,-0.055468142
7464,model_2,0.3069,0.30636853
7465,model_2,-0.1489,-0.122036785
7466,model_2,0.0577,0.051898196
7467,model_2,0.0916,0.10381341
7468,model_2,0.1588,0.13469341
7469,model_2,0.2312,0.23827074
7470,model_2,0.4346,0.4356846
7471,model_2,-0.0147,0.07117787
7472,model_2,0.4361,0.45538935
7473,model_2,-0.0712,-0.048797026
7474,model_2,-0.1863,-0.12975934
7475,model_2,0.3692,0.36982936
7476,model_2,0.7477,0.7560592
7477,model_2,0.4946,0.48070362
7478,model_2,0.0446,0.03804957
7479,model_2,0.4638,0.39925435
7480,model_2,0.2136,0.2062953
7481,model_2,-0.0187,-0.07138569
7482,model_2,0.3986,0.40477595
7483,model_2,-0.1999,-0.18441252
7484,model_2,0.1973,0.2036937
7485,model_2,-0.0583,-0.046761386
7486,model_2,-0.0068,0.021574078
7487,model_2,0.2906,0.23825322
7488,model_2,0.2122,0.23730408
7489,model_2,0.0948,0.111539304
7490,model_2,0.1063,0.16576523
7491,model_2,0.1561,0.15396819
7492,model_2,0.5132,0.509408
7493,model_2,0.4579,0.46074876
7494,model_2,-0.0445,-0.028469352
7495,model_2,0.3432,0.28324646
7496,model_2,0.0886,0.08129999
7497,model_2,0.3938,0.41168103
7498,model_2,0.0991,0.03269124
7499,model_2,0.3782,0.3333569
7500,model_2,0.3507,0.4053327
7501,model_2,0.4007,0.39574534
7502,model_2,0.4897,0.4756672
7503,model_2,0.0061,-0.020944985
7504,model_2,-0.2441,-0.062060945
7505,model_2,-0.2667,0.041404247
7506,model_2,0.3256,0.32041073
7507,model_2,0.0278,0.02338093
7508,model_2,0.522,0.55373865
7509,model_2,-0.0803,-0.09354824
7510,model_2,0.2214,0.24167587
7511,model_2,0.1195,0.14287527
7512,model_2,0.5497,0.60690695
7513,model_2,0.0584,0.066837765
7514,model_2,-0.0546,-0.009309138
7515,model_2,0.3618,0.35924694
7516,model_2,-0.0266,0.001082899
7517,model_2,0.7383,0.7516295
7518,model_2,0.4452,0.458759
7519,model_2,0.0618,-0.006747877
7520,model_2,0.3014,0.27564967
7521,model_2,0.0412,0.07384844
7522,model_2,0.0754,0.098495625
7523,model_2,0.2323,0.2077448
7524,model_2,0.129,0.100714155
7525,model_2,-0.1852,-0.1610977
7526,model_2,0.0586,0.05477321
7527,model_2,0.4307,0.30569202
7528,model_2,0.0009,0.003964832
7529,model_2,0.1341,0.11296895
7530,model_2,0.088,0.08309402
7531,model_2,0.317,0.28950033
7532,model_2,0.0333,0.04945921
7533,model_2,-0.0535,-0.01003452
7534,model_2,0.4628,0.46058214
7535,model_2,0.0758,0.11384311
7536,model_2,0.1737,0.19657359
7537,model_2,0.2798,0.25409994
7538,model_2,-0.0352,-0.0038861167
7539,model_2,0.2469,0.24590777
7540,model_2,0.4488,0.42482278
7541,model_2,0.1244,0.17262986
7542,model_2,0.3142,0.29570764
7543,model_2,0.2088,0.17858136
7544,model_2,0.1047,0.08926357
7545,model_2,0.0542,0.082378656
7546,model_2,0.594,0.59076923
7547,model_2,0.1575,0.21692814
7548,model_2,0.4553,0.42483813
7549,model_2,0.5147,0.55432135
7550,model_2,0.3859,0.40607503
7551,model_2,-0.011,0.06792487
7552,model_2,0.191,0.21915984
7553,model_2,-0.1217,-0.09160573
7554,model_2,0.0613,0.09325798
7555,model_2,0.0995,0.06248694
7556,model_2,0.17,0.15092142
7557,model_2,0.0721,0.11303058
7558,model_2,0.034,0.06481322
7559,model_2,0.4836,0.48560604
7560,model_2,0.3355,0.2765613
7561,model_2,0.2584,0.27754018
7562,model_2,0.4338,0.4042975
7563,model_2,0.3421,0.3566133
7564,model_2,0.0531,0.073485166
7565,model_2,0.1993,0.18240856
7566,model_2,0.1738,0.18698718
7567,model_2,-0.0583,-0.06903491
7568,model_2,0.3243,0.28897768
7569,model_2,0.8565,0.875601
7570,model_2,-0.052,-0.014804201
7571,model_2,0.8588,0.8287595
7572,model_2,0.0077,0.0031468328
7573,model_2,0.4212,0.39712265
7574,model_2,-0.205,-0.18855834
7575,model_2,0.7088,0.71274155
7576,model_2,0.156,0.20762223
7577,model_2,0.1977,0.12933978
7578,model_2,0.3191,0.31541365
7579,model_2,0.3547,0.38485265
7580,model_2,0.4533,0.41291425
7581,model_2,0.2233,0.2328809
7582,model_2,0.2652,0.31594688
7583,model_2,0.8498,0.83187884
7584,model_2,0.0997,0.1265773
7585,model_2,0.1391,0.22119568
7586,model_2,-0.0899,-0.09542702
7587,model_2,0.3812,0.40365914
7588,model_2,0.2053,0.17322613
7589,model_2,0.1387,0.10569106
7590,model_2,0.1988,0.23451565
7591,model_2,0.2538,0.21400546
7592,model_2,0.4954,0.4938281
7593,model_2,0.1239,0.26780227
7594,model_2,0.1201,0.109932855
7595,model_2,0.7626,0.7093524
7596,model_2,0.6754,0.69883657
7597,model_2,0.0445,0.085983686
7598,model_2,0.3562,0.35885823
7599,model_2,0.695,0.68207103
7600,model_2,0.1571,0.17480235
7601,model_2,0.3424,0.38272348
7602,model_2,0.2698,0.2869466
7603,model_2,0.0662,0.10973629
7604,model_2,0.1604,0.19007312
7605,model_2,-0.2069,-0.17116216
7606,model_2,0.0925,0.08221376
7607,model_2,0.3833,0.3416536
7608,model_2,0.0551,0.041769132
7609,model_2,0.4173,0.4474359
7610,model_2,0.1471,0.1081693
7611,model_2,0.239,0.21096134
7612,model_2,0.0615,0.1185386
7613,model_2,-0.121,-0.10333301
7614,model_2,0.508,0.4815193
7615,model_2,0.1788,0.16939314
7616,model_2,0.1813,0.1752713
7617,model_2,0.4837,0.5077431
7618,model_2,0.4034,0.4241513
7619,model_2,0.516,0.48701277
7620,model_2,0.1309,0.19538808
7621,model_2,0.1019,0.109295264
7622,model_2,0.2802,0.2980775
7623,model_2,0.5535,0.5702025
7624,model_2,0.1515,0.16902927
7625,model_2,0.0072,-0.023580978
7626,model_2,0.1939,0.27083218
7627,model_2,-0.0453,-0.015568668
7628,model_2,0.1845,0.12549555
7629,model_2,0.6,0.61478573
7630,model_2,0.7875,0.77019936
7631,model_2,0.3052,0.3203074
7632,model_2,0.0214,0.3540037
7633,model_2,-0.0389,0.043176383
7634,model_2,0.1277,0.16387014
7635,model_2,0.1638,0.11582719
7636,model_2,0.1365,0.11007713
7637,model_2,0.1018,0.07735154
7638,model_2,0.559,0.4899347
7639,model_2,0.2306,0.18651988
7640,model_2,0.1817,0.20091894
7641,model_2,0.3523,0.3163235
7642,model_2,0.1933,0.20077553
7643,model_2,0.1334,0.11294906
7644,model_2,0.3723,0.40340275
7645,model_2,0.8032,0.7944657
7646,model_2,-0.2069,-0.18038516
7647,model_2,0.0572,0.070645966
7648,model_2,-0.1588,-0.16076021
7649,model_2,0.1902,0.18021636
7650,model_2,0.2198,0.17428079
7651,model_2,0.2062,0.15889846
7652,model_2,0.2178,0.21602143
7653,model_2,0.5964,0.57006145
7654,model_2,0.6139,0.6285675
7655,model_2,0.8674,0.81692535
7656,model_2,0.1727,0.16580328
7657,model_2,0.6951,0.6991884
7658,model_2,0.0993,0.1461508
7659,model_2,0.2609,0.28080818
7660,model_2,-0.0737,-0.12156074
7661,model_2,0.1199,0.091407746
7662,model_2,0.5871,0.58085936
7663,model_2,-0.0262,-0.015019168
7664,model_2,0.0015,0.0069634523
7665,model_2,-0.0839,-0.04522177
7666,model_2,0.1463,0.11528416
7667,model_2,0.372,0.32917616
7668,model_2,-0.2334,-0.22948569
7669,model_2,0.5,0.46055374
7670,model_2,0.1008,0.08385735
7671,model_2,0.0595,0.05302585
7672,model_2,0.1666,0.13718143
7673,model_2,0.0456,0.09962204
7674,model_2,0.1695,0.1872183
7675,model_2,0.1122,0.13480602
7676,model_2,0.5221,0.5133873
7677,model_2,0.2872,0.31389138
7678,model_2,0.2908,0.2612926
7679,model_2,0.3371,0.3750688
7680,model_2,0.2536,0.27666098
7681,model_2,0.2987,0.26350835
7682,model_2,0.0344,0.001278976
7683,model_2,-0.0008,0.060558274
7684,model_2,0.3776,0.42001137
7685,model_2,0.1389,0.1493331
7686,model_2,0.5696,0.53046125
7687,model_2,0.6434,0.584747
7688,model_2,0.0497,0.055824623
7689,model_2,0.1627,0.1781283
7690,model_2,-0.0176,-0.00239061
7691,model_2,0.8162,0.8406462
7692,model_2,0.2964,0.28955308
7693,model_2,0.6381,0.6363005
7694,model_2,0.3905,0.3918205
7695,model_2,0.0912,0.0759456
7696,model_2,0.231,0.1393636
7697,model_2,0.3373,0.39952073
7698,model_2,0.2965,0.27782032
7699,model_2,0.1444,0.12224461
7700,model_2,0.4532,0.44379857
7701,model_2,0.122,0.1350167
7702,model_2,0.628,0.67220664
7703,model_2,0.2851,0.24066131
7704,model_2,0.03,0.011764763
7705,model_2,-0.0039,-0.061130546
7706,model_2,-0.0154,-0.053974964
7707,model_2,0.1912,0.14824536
7708,model_2,0.2824,0.2151787
7709,model_2,0.2118,0.2950163
7710,model_2,0.1922,0.18576178
7711,model_2,0.3824,0.22731154
7712,model_2,0.02,0.024817923
7713,model_2,0.3946,0.3849807
7714,model_2,0.0635,0.06320551
7715,model_2,-0.039,-0.027514918
7716,model_2,0.4585,0.44759896
7717,model_2,0.3243,0.27152446
7718,model_2,0.1648,0.16407911
7719,model_2,0.1987,0.1525131
7720,model_2,0.1872,0.10158816
7721,model_2,0.1378,0.1561068
7722,model_2,-0.099,-0.07437572
7723,model_2,0.2793,0.17366107
7724,model_2,0.3316,0.31357792
7725,model_2,0.1795,0.22013299
7726,model_2,0.1547,0.13701569
7727,model_2,-0.1771,-0.16410471
7728,model_2,0.0196,0.07905948
7729,model_2,0.1495,0.16632834
7730,model_2,0.3225,0.26596102
7731,model_2,0.0093,0.04216837
7732,model_2,0.1619,0.15903032
7733,model_2,0.1378,0.07355169
7734,model_2,-0.0671,-0.074963324
7735,model_2,0.0388,0.04893177
7736,model_2,0.4338,0.36268297
7737,model_2,0.1449,0.16676353
7738,model_2,0.1351,0.1851281
7739,model_2,0.2102,0.1461956
7740,model_2,0.3019,0.3030249
7741,model_2,-0.1359,-0.04142809
7742,model_2,0.0403,0.020779295
7743,model_2,0.4138,0.38721636
7744,model_2,0.196,0.24541698
7745,model_2,0.025,0.1350333
7746,model_2,0.0448,0.008352337
7747,model_2,0.1714,0.18238631
7748,model_2,0.7873,0.78980476
7749,model_2,0.0168,-0.0072541926
7750,model_2,0.3336,0.33464125
7751,model_2,-0.1008,-0.015401142
7752,model_2,0.336,0.36629382
7753,model_2,0.1174,0.115286246
7754,model_2,-0.0528,-0.013137904
7755,model_2,0.6153,0.61157876
7756,model_2,0.0935,0.12699641
7757,model_2,-0.1282,-0.1314563
7758,model_2,0.3772,0.37169817
7759,model_2,0.3381,0.33977243
7760,model_2,0.4151,0.43183434
7761,model_2,-0.1532,-0.106875144
7762,model_2,0.1122,0.07985999
7763,model_2,0.2025,0.1856493
7764,model_2,0.487,0.4680151
7765,model_2,0.2475,0.19351546
7766,model_2,0.1275,0.11552881
7767,model_2,0.2696,0.23539926
7768,model_2,0.3628,0.34397495
7769,model_2,0.4541,0.47517624
7770,model_2,-0.1636,-0.11406545
7771,model_2,0.0396,0.02955114
7772,model_2,0.0041,0.02072843
7773,model_2,-0.0169,-0.044457864
7774,model_2,0.1009,0.09480969
7775,model_2,-0.1121,-0.08445389
7776,model_2,0.3194,0.31849453
7777,model_2,0.1527,0.13623236
7778,model_2,0.7047,0.6563725
7779,model_2,0.1183,0.070825234
7780,model_2,0.2584,0.24626295
7781,model_2,-0.1028,-0.033312798
7782,model_2,0.3608,0.34053677
7783,model_2,0.0576,0.07614679
7784,model_2,0.4577,0.44111827
7785,model_2,0.4063,0.3361791
7786,model_2,0.0818,0.10667549
7787,model_2,0.2836,0.29106882
7788,model_2,0.5066,0.49661055
7789,model_2,0.4282,0.4487819
7790,model_2,0.67,0.61475575
7791,model_2,0.4959,0.49216017
7792,model_2,0.2656,0.29958346
7793,model_2,-0.0384,-0.01595104
7794,model_2,0.1246,0.098247424
7795,model_2,0.4572,0.44979867
7796,model_2,0.3305,0.2856428
7797,model_2,0.3568,0.33477047
7798,model_2,0.3911,0.37143007
7799,model_2,0.0545,0.061633356
7800,model_2,0.01,0.0030209292
7801,model_2,0.0781,0.08236605
7802,model_2,-0.1036,-0.030701157
7803,model_2,0.1,0.084090814
7804,model_2,0.6253,0.66367763
7805,model_2,0.1911,0.1969013
7806,model_2,0.3308,0.31007817
7807,model_2,0.0041,0.04619939
7808,model_2,0.1375,0.14193887
7809,model_2,0.3768,0.380247
7810,model_2,0.2134,0.1887583
7811,model_2,0.0861,0.114793405
7812,model_2,0.2894,0.27297947
7813,model_2,0.4128,0.40544006
7814,model_2,0.3812,0.3743671
7815,model_2,0.147,0.1611792
7816,model_2,0.7102,0.70513445
7817,model_2,0.4021,0.402969
7818,model_2,0.1532,0.17104964
7819,model_2,0.2071,0.4054694
7820,model_2,0.1293,0.1566851
7821,model_2,0.0626,0.06792228
7822,model_2,0.3771,0.37576845
7823,model_2,0.3758,0.30756184
7824,model_2,0.2291,0.27857503
7825,model_2,0.8525,0.84996754
7826,model_2,0.5083,0.48763266
7827,model_2,0.0404,0.09101818
7828,model_2,0.496,0.49794123
7829,model_2,0.0823,0.040864505
7830,model_2,0.0519,0.124110684
7831,model_2,0.0538,0.066536285
7832,model_2,0.7802,0.79031813
7833,model_2,0.0349,0.04639773
7834,model_2,0.5019,0.5449457
7835,model_2,0.2279,0.21768133
7836,model_2,0.5218,0.4883394
7837,model_2,0.266,0.27283388
7838,model_2,0.1681,0.19532844
7839,model_2,0.112,0.07396999
7840,model_2,0.0314,0.05324948
7841,model_2,0.2514,0.21692285
7842,model_2,0.1654,0.115499035
7843,model_2,0.2911,0.34244552
7844,model_2,0.1324,0.07343105
7845,model_2,0.1451,0.15809624
7846,model_2,0.2122,0.17269167
7847,model_2,0.4885,0.47858086
7848,model_2,0.1422,0.124504164
7849,model_2,0.893,0.8680667
7850,model_2,0.172,0.13537325
7851,model_2,0.0872,0.13641733
7852,model_2,0.3202,0.31463724
7853,model_2,0.4865,0.5060489
7854,model_2,0.3982,0.35257253
7855,model_2,0.045,0.05103866
7856,model_2,0.3512,0.3796393
7857,model_2,0.2605,0.24071996
7858,model_2,0.5737,0.6160609
7859,model_2,0.7863,0.81457514
7860,model_2,0.1633,0.21027067
7861,model_2,0.1534,0.13883738
7862,model_2,0.1058,0.13130297
7863,model_2,-0.0711,-0.10988796
7864,model_2,0.3967,0.33307996
7865,model_2,0.2556,0.31084284
7866,model_2,0.2316,0.13203363
7867,model_2,0.0237,0.043784812
7868,model_2,-0.1965,-0.12107396
7869,model_2,0.1664,0.14799602
7870,model_2,-0.044,0.0023070183
7871,model_2,0.4254,0.37601224
7872,model_2,0.5146,0.507749
7873,model_2,0.5227,0.55452734
7874,model_2,0.3813,0.35449898
7875,model_2,0.2022,0.228584
7876,model_2,0.174,0.2521648
7877,model_2,0.4442,0.44596776
7878,model_2,0.1327,0.15577352
7879,model_2,0.1344,0.11486228
7880,model_2,0.0602,0.029843347
7881,model_2,0.1259,0.14292726
7882,model_2,-0.085,-0.07084914
7883,model_2,0.6118,0.58279955
7884,model_2,0.0827,0.10404593
7885,model_2,0.468,0.43134183
7886,model_2,0.8082,0.81025046
7887,model_2,0.0236,-0.011813981
7888,model_2,0.0834,0.10838781
7889,model_2,0.0741,0.06940147
7890,model_2,-0.0312,0.008228121
7891,model_2,0.4812,0.44806752
7892,model_2,0.1985,0.15265249
7893,model_2,0.5729,0.60242325
7894,model_2,0.806,0.7738415
7895,model_2,0.0111,0.0045793485
7896,model_2,0.3479,0.3612774
7897,model_2,0.2207,0.2506902
7898,model_2,0.1676,0.21331699
7899,model_2,0.1055,0.121641606
7900,model_2,0.128,0.13918747
7901,model_2,0.0259,0.013686428
7902,model_2,0.1212,0.1940726
7903,model_2,0.1985,0.2187386
7904,model_2,0.0954,0.124532044
7905,model_2,0.5642,0.47177556
7906,model_2,0.1757,0.17371134
7907,model_2,0.1588,0.10819301
7908,model_2,0.2185,0.21062641
7909,model_2,0.0539,0.089007735
7910,model_2,0.7087,0.7034022
7911,model_2,0.1029,0.107718855
7912,model_2,-0.0829,-0.03997664
7913,model_2,0.3109,0.40020782
7914,model_2,0.3895,0.3021705
7915,model_2,-0.1633,-0.08640659
7916,model_2,0.2135,0.2384396
7917,model_2,0.1851,0.22992681
7918,model_2,0.2973,0.31556427
7919,model_2,0.0036,0.0012711398
7920,model_2,0.41,0.3576043
7921,model_2,0.0959,0.10868904
7922,model_2,0.0548,0.111974165
7923,model_2,0.0076,-0.00077305175
7924,model_2,-0.0779,-0.044293597
7925,model_2,0.08,0.07420777
7926,model_2,0.2207,0.23843966
7927,model_2,0.4413,0.42302588
7928,model_2,0.0658,0.07051001
7929,model_2,0.3493,0.338875
7930,model_2,0.2391,0.25206688
7931,model_2,0.023,0.00291349
7932,model_2,0.594,0.5870926
7933,model_2,0.3332,0.33882308
7934,model_2,0.482,0.47920147
7935,model_2,0.2071,0.17210253
7936,model_2,0.8894,0.9042841
7937,model_2,0.0461,0.014390672
7938,model_2,0.2497,0.20763892
7939,model_2,-0.2304,-0.22140607
7940,model_2,0.3956,0.3778636
7941,model_2,0.155,0.2449724
7942,model_2,0.5459,0.508701
7943,model_2,0.1457,0.14957194
7944,model_2,0.611,0.6118174
7945,model_2,-0.0513,-0.07821409
7946,model_2,0.2687,0.15241335
7947,model_2,0.0447,0.06908989
7948,model_2,0.513,0.52372116
7949,model_2,0.2302,0.41492438
7950,model_2,0.5604,0.53382266
7951,model_2,0.6187,0.6156827
7952,model_2,0.1463,0.13692205
7953,model_2,0.2603,0.20931254
7954,model_2,0.0076,0.027819375
7955,model_2,0.0315,0.008948518
7956,model_2,0.1645,0.2847072
7957,model_2,0.2143,0.2339931
7958,model_2,0.329,0.28237072
7959,model_2,-0.0139,0.0168539
7960,model_2,0.3738,0.34256664
7961,model_2,0.1203,0.104430616
7962,model_2,0.0547,0.064636126
7963,model_2,0.2056,0.22250247
7964,model_2,0.1251,0.11925635
7965,model_2,0.2334,0.17176953
7966,model_2,0.2282,0.22147094
7967,model_2,-0.0475,-0.031005243
7968,model_2,0.1753,0.14964697
7969,model_2,0.2433,0.26267934
7970,model_2,0.3039,0.3422484
7971,model_2,0.2911,0.3059996
7972,model_2,0.5312,0.48112884
7973,model_2,0.0045,-0.00072541274
7974,model_2,0.2446,0.2708952
7975,model_2,0.0783,0.08963822
7976,model_2,0.1593,0.13156088
7977,model_2,0.7371,0.7462726
7978,model_2,0.4262,0.39028838
7979,model_2,0.4948,0.49797347
7980,model_2,0.169,0.2122937
7981,model_2,0.1676,0.22970657
7982,model_2,0.2038,0.20373471
7983,model_2,0.1706,0.1854806
7984,model_2,0.4307,0.45781875
7985,model_2,0.1734,0.15990774
7986,model_2,0.2079,0.04950282
7987,model_2,0.1839,0.15884958
7988,model_2,0.2274,0.20131518
7989,model_2,0.2536,0.293483
7990,model_2,0.374,0.377471
7991,model_2,0.5417,0.56033045
7992,model_2,0.815,0.8136651
7993,model_2,0.2078,0.23761632
7994,model_2,0.1419,0.0901775
7995,model_2,0.2589,0.20846021
7996,model_2,0.281,0.35034087
7997,model_2,0.5114,0.56053203
7998,model_2,0.0358,0.07997852
7999,model_2,0.7986,0.7292324
8000,model_2,0.6542,0.6672054
8001,model_2,0.088,0.12297234
8002,model_2,0.025,0.048405513
8003,model_2,-0.0112,0.03151971
8004,model_2,0.3338,0.3422384
8005,model_2,0.2818,0.3147116
8006,model_2,0.269,0.27338168
8007,model_2,-0.0424,-0.04174278
8008,model_2,0.1803,0.1325209
8009,model_2,0.169,0.21913266
8010,model_2,0.236,0.22525652
8011,model_2,0.2198,0.28571722
8012,model_2,0.1866,0.15255578
8013,model_2,0.4248,0.45584422
8014,model_2,0.2512,0.24899285
8015,model_2,0.2158,0.19277081
8016,model_2,-0.1,-0.12147144
8017,model_2,-0.5749,0.05922921
8018,model_2,0.0946,0.13484006
8019,model_2,0.8552,0.85532135
8020,model_2,-0.1193,-0.09933158
8021,model_2,0.5345,0.57842445
8022,model_2,-0.0114,-0.043975696
8023,model_2,0.2066,0.19476296
8024,model_2,0.0119,0.0142535735
8025,model_2,-0.1535,-0.11950174
8026,model_2,0.3214,0.30357042
8027,model_2,0.3994,0.39713043
8028,model_2,0.0641,0.086371735
8029,model_2,0.4663,0.50081164
8030,model_2,-0.0225,0.061226152
8031,model_2,0.5976,0.58770716
8032,model_2,0.2496,0.2202993
8033,model_2,0.2314,0.20933451
8034,model_2,0.0476,0.058336936
8035,model_2,0.2053,0.22838779
8036,model_2,0.3204,0.33435357
8037,model_2,0.3088,0.32179525
8038,model_2,-0.142,-0.13471375
8039,model_2,0.3433,0.35913253
8040,model_2,0.252,0.20072396
8041,model_2,0.2221,0.21060078
8042,model_2,0.2191,0.1936694
8043,model_2,0.2066,0.18514912
8044,model_2,0.0754,0.02325557
8045,model_2,0.1489,0.1467358
8046,model_2,0.1556,0.03148465
8047,model_2,0.2323,0.21240045
8048,model_2,0.1005,0.124938846
8049,model_2,0.4096,0.43269655
8050,model_2,0.1339,0.14270452
8051,model_2,0.3487,0.35021213
8052,model_2,0.144,0.12525883
8053,model_2,-0.047,-0.030907385
8054,model_2,0.0231,0.0037314948
8055,model_2,0.0609,0.04893987
8056,model_2,0.929,0.9066992
8057,model_2,0.6836,0.6374093
8058,model_2,0.4013,0.33406195
8059,model_2,0.4146,0.43845937
8060,model_2,0.1216,0.08897835
8061,model_2,0.2479,0.30063063
8062,model_2,0.2411,0.35678926
8063,model_2,0.0501,0.055114925
8064,model_2,0.2792,0.29916912
8065,model_2,0.3772,0.3994058
8066,model_2,0.5453,0.5589317
8067,model_2,0.0991,0.1197868
8068,model_2,0.8317,0.8454349
8069,model_2,0.4374,0.4474773
8070,model_2,0.0686,0.06536388
8071,model_2,0.3364,0.3417954
8072,model_2,0.298,0.3356668
8073,model_2,0.1833,0.1626693
8074,model_2,0.1203,0.10932757
8075,model_2,0.4889,0.48513475
8076,model_2,0.3597,0.29344398
8077,model_2,0.1821,0.18546262
8078,model_2,0.6694,0.64195114
8079,model_2,0.386,0.37093243
8080,model_2,0.1627,0.16573194
8081,model_2,0.4063,0.3839326
8082,model_2,0.2047,0.23964395
8083,model_2,0.4378,0.41065335
8084,model_2,0.2944,0.28248277
8085,model_2,0.0882,0.11205979
8086,model_2,0.477,0.49004248
8087,model_2,0.0561,0.07187586
8088,model_2,0.2365,0.25866255
8089,model_2,0.4709,0.48586962
8090,model_2,0.3123,0.33126524
8091,model_2,0.1103,0.11992058
8092,model_2,0.5381,0.5634243
8093,model_2,-0.0282,-0.10265491
8094,model_2,-0.1078,-0.049630262
8095,model_2,0.1588,0.19812481
8096,model_2,0.312,0.31939065
8097,model_2,0.6709,0.69705737
8098,model_2,0.1096,0.15204635
8099,model_2,0.5135,0.46399733
8100,model_2,0.1184,0.118880644
8101,model_2,-0.0023,0.054210953
8102,model_2,0.4592,0.46379772
8103,model_2,0.3461,0.3457585
8104,model_2,0.7936,0.81592983
8105,model_2,0.468,0.49998638
8106,model_2,-0.0229,-0.010171052
8107,model_2,0.8707,0.89159423
8108,model_2,0.3845,0.39769587
8109,model_2,0.4534,0.47406295
8110,model_2,0.314,0.22645079
8111,model_2,0.5015,0.5001835
8112,model_2,0.3327,0.29208666
8113,model_2,0.1622,0.1947438
8114,model_2,0.1257,0.1486091
8115,model_2,0.3908,0.34342918
8116,model_2,0.108,0.11672847
8117,model_2,0.3197,0.23866068
8118,model_2,0.1599,0.04940047
8119,model_2,0.4747,0.45076475
8120,model_2,0.5028,0.4479443
8121,model_2,0.5039,0.5133442
8122,model_2,0.3143,0.28881025
8123,model_2,0.2406,0.18674454
8124,model_2,0.3679,0.3921832
8125,model_2,0.3705,0.20804895
8126,model_2,0.7953,0.79059523
8127,model_2,-0.0161,-0.023009827
8128,model_2,0.311,0.29906544
8129,model_2,0.2225,0.25258616
8130,model_2,0.4598,0.4467328
8131,model_2,0.2595,0.26661557
8132,model_2,0.4819,0.5100114
8133,model_2,0.2515,0.23659869
8134,model_2,-0.13,-0.11915631
8135,model_2,0.5165,0.5013629
8136,model_2,0.331,0.3099315
8137,model_2,0.295,0.27307048
8138,model_2,0.1406,0.16575962
8139,model_2,0.467,0.4727163
8140,model_2,0.391,0.42128623
8141,model_2,0.2831,0.26193044
8142,model_2,0.0039,0.013070749
8143,model_2,-0.1949,-0.15331161
8144,model_2,0.8661,0.8804646
8145,model_2,0.3169,0.34573236
8146,model_2,0.1683,0.20873062
8147,model_2,0.0904,0.100092694
8148,model_2,0.1558,0.124948815
8149,model_2,0.2756,0.27366027
8150,model_2,0.2354,0.26333472
8151,model_2,0.2313,0.1598039
8152,model_2,-0.2592,-0.24503458
8153,model_2,0.47,0.46254012
8154,model_2,0.3482,0.38152918
8155,model_2,0.2288,0.16986601
8156,model_2,0.1333,0.07748443
8157,model_2,0.0752,0.10420917
8158,model_2,0.5703,0.5418332
8159,model_2,0.1318,0.13445498
8160,model_2,0.4238,0.42194387
8161,model_2,0.1957,0.22140692
8162,model_2,-0.0309,-0.012245186
8163,model_2,-0.2026,-0.11382176
8164,model_2,0.1492,0.18338978
8165,model_2,0.101,0.12702091
8166,model_2,0.4566,0.4813178
8167,model_2,0.5861,0.5829336
8168,model_2,0.5031,0.44890615
8169,model_2,0.286,0.3049282
8170,model_2,-0.1244,-0.08292129
8171,model_2,-0.0963,-0.060151517
8172,model_2,0.1343,0.095321134
8173,model_2,-0.0445,-0.04102639
8174,model_2,0.3268,0.3189629
8175,model_2,0.0759,0.07452002
8176,model_2,-0.0004,0.079663396
8177,model_2,0.1804,0.1806656
8178,model_2,0.3891,0.32762098
8179,model_2,0.476,0.48137525
8180,model_2,0.1044,0.25363275
8181,model_2,0.1481,0.13739221
8182,model_2,0.2509,0.17714265
8183,model_2,-0.0014,0.024087934
8184,model_2,0.0709,0.10392073
8185,model_2,0.0406,0.042499922
8186,model_2,0.9323,0.94444793
8187,model_2,0.2264,0.198632
8188,model_2,0.0986,0.096414946
8189,model_2,0.0672,0.060872912
8190,model_2,0.0755,0.09426818
8191,model_2,0.197,0.25005904
8192,model_2,0.516,0.5100958
8193,model_2,0.2858,0.35063723
8194,model_2,0.8269,0.8090274
8195,model_2,0.9665,0.9548022
8196,model_2,0.2358,0.22936364
8197,model_2,-0.1734,-0.14412683
8198,model_2,0.4393,0.423027
8199,model_2,-0.14,-0.16090442
8200,model_2,0.5755,0.54200923
8201,model_2,0.6711,0.7295537
8202,model_2,0.2002,0.14465441
8203,model_2,0.1867,0.18994991
8204,model_2,0.3063,0.3193797
8205,model_2,0.7297,0.74273795
8206,model_2,0.1701,0.1541705
8207,model_2,0.3475,0.33295834
8208,model_2,0.0842,0.09541262
8209,model_2,-0.0014,0.001312539
8210,model_2,0.1991,0.20379211
8211,model_2,0.1758,0.22522154
8212,model_2,-0.0328,0.029120965
8213,model_2,0.1432,0.17907579
8214,model_2,0.1607,0.19690762
8215,model_2,0.0929,0.072785914
8216,model_2,0.1573,0.14046971
8217,model_2,-0.0366,-0.030886976
8218,model_2,0.1659,0.2121173
8219,model_2,0.6421,0.63812715
8220,model_2,0.1158,0.07750137
8221,model_2,0.5968,0.5632375
8222,model_2,0.4382,0.3538508
8223,model_2,-0.0089,0.031277247
8224,model_2,0.7888,0.7927472
8225,model_2,0.1321,0.19970694
8226,model_2,0.1556,0.14449061
8227,model_2,0.1571,0.16875154
8228,model_2,0.2813,0.2684014
8229,model_2,-0.0553,-0.04669001
8230,model_2,-0.0286,0.030888168
8231,model_2,0.0898,0.07279988
8232,model_2,0.256,0.28481695
8233,model_2,0.1174,0.065546446
8234,model_2,-0.1422,-0.104538314
8235,model_2,0.2153,0.24716057
8236,model_2,0.089,0.30271882
8237,model_2,0.1971,0.19952737
8238,model_2,0.1902,0.12070872
8239,model_2,0.5737,0.5751297
8240,model_2,-0.0696,-0.0056829695
8241,model_2,0.3303,0.30777028
8242,model_2,0.32,0.31583235
8243,model_2,-0.0404,-0.022989566
8244,model_2,0.0821,0.09038493
8245,model_2,0.0895,0.077628694
8246,model_2,0.3422,0.32901147
8247,model_2,0.6671,0.6563196
8248,model_2,0.1434,0.12415172
8249,model_2,0.0903,0.07542919
8250,model_2,-0.0377,-0.045136474
8251,model_2,0.2015,0.2735441
8252,model_2,-0.2146,-0.15831023
8253,model_2,0.4999,0.5057918
8254,model_2,0.1687,0.20302592
8255,model_2,0.1481,0.2045324
8256,model_2,-0.0119,-0.021811357
8257,model_2,0.1368,0.0037704334
8258,model_2,0.532,0.54835886
8259,model_2,0.1131,0.12809992
8260,model_2,0.2654,0.25972793
8261,model_2,0.5252,0.4651235
8262,model_2,0.102,0.13463275
8263,model_2,0.1438,0.09342036
8264,model_2,0.3371,0.27934113
8265,model_2,-0.1646,-0.08192326
8266,model_2,0.0757,0.038680762
8267,model_2,0.3713,0.34506348
8268,model_2,0.261,0.19855002
8269,model_2,0.4555,0.39988473
8270,model_2,0.523,0.5316769
8271,model_2,0.2208,0.25495675
8272,model_2,0.1665,0.17442176
8273,model_2,0.1519,0.18452676
8274,model_2,0.084,0.15922107
8275,model_2,0.2562,0.2884903
8276,model_2,0.1587,0.11743532
8277,model_2,0.2921,0.31145716
8278,model_2,0.346,0.39384237
8279,model_2,0.1752,0.14052515
8280,model_2,0.0576,0.07456585
8281,model_2,0.2593,0.18437918
8282,model_2,0.6237,0.6375132
8283,model_2,0.6642,0.6130597
8284,model_2,0.1626,0.1853603
8285,model_2,0.0199,0.033132583
8286,model_2,0.351,0.34539527
8287,model_2,0.1391,0.15201297
8288,model_2,0.1439,0.2509195
8289,model_2,-0.118,-0.11062786
8290,model_2,0.1575,0.15001804
8291,model_2,0.1039,0.05475747
8292,model_2,0.058,0.010147074
8293,model_2,0.3379,0.35705924
8294,model_2,0.1154,0.12666012
8295,model_2,-0.0239,0.113615185
8296,model_2,0.018,0.078892544
8297,model_2,-0.0247,-0.017927404
8298,model_2,0.0036,0.013374286
8299,model_2,0.2146,0.20576046
8300,model_2,0.8651,0.8100881
8301,model_2,0.0975,0.09175056
8302,model_2,0.203,0.1932827
8303,model_2,0.2146,0.29362458
8304,model_2,0.7202,0.63944566
8305,model_2,0.0498,0.043084383
8306,model_2,-0.0454,-0.03233426
8307,model_2,0.0339,0.009905411
8308,model_2,0.4762,0.27854803
8309,model_2,0.1491,0.26322004
8310,model_2,0.3627,0.3745126
8311,model_2,0.842,0.83186764
8312,model_2,0.2339,0.243041
8313,model_2,0.0146,-0.0309846
8314,model_2,0.1571,0.1436258
8315,model_2,-0.0455,-0.017020114
8316,model_2,0.2512,0.24808432
8317,model_2,0.1304,0.14560392
8318,model_2,0.6412,0.660826
8319,model_2,0.2924,0.25944474
8320,model_2,0.1715,0.18334611
8321,model_2,0.0157,-0.02082828
8322,model_2,0.1155,0.16029237
8323,model_2,-0.0113,0.028443461
8324,model_2,0.1165,0.07453936
8325,model_2,0.4428,0.27165252
8326,model_2,0.4851,0.60085446
8327,model_2,0.3105,0.26787472
8328,model_2,0.2339,0.23373781
8329,model_2,0.6122,0.6260052
8330,model_2,0.0809,0.12068008
8331,model_2,0.9447,0.8972995
8332,model_2,0.1303,0.13052155
8333,model_2,0.2879,0.29381764
8334,model_2,-0.0406,0.022179702
8335,model_2,0.1661,0.15676157
8336,model_2,0.4717,0.4650675
8337,model_2,0.2581,0.27838787
8338,model_2,0.2614,0.20902966
8339,model_2,0.2206,0.17823483
8340,model_2,0.4404,0.40606824
8341,model_2,-0.0225,0.017371489
8342,model_2,0.1362,0.13032551
8343,model_2,0.122,0.11856191
8344,model_2,0.2478,0.26532748
8345,model_2,0.0804,0.10283312
8346,model_2,0.0896,0.09249027
8347,model_2,0.2589,0.250127
8348,model_2,0.1241,0.11224072
8349,model_2,0.0953,0.1288258
8350,model_2,0.3806,0.32018176
8351,model_2,0.3132,0.3193377
8352,model_2,0.1667,0.21461423
8353,model_2,0.4849,0.49219677
8354,model_2,-0.0329,0.057135954
8355,model_2,0.5584,0.5079197
8356,model_2,0.0591,0.10367477
8357,model_2,0.4223,0.41722706
8358,model_2,-0.1287,-0.10338029
8359,model_2,0.2548,0.17894076
8360,model_2,0.1733,0.12550534
8361,model_2,0.0309,0.00046157464
8362,model_2,0.1838,0.105621174
8363,model_2,0.0496,0.06800297
8364,model_2,0.6049,0.6191357
8365,model_2,0.2337,0.26400515
8366,model_2,-0.163,-0.090238445
8367,model_2,0.633,0.65053004
8368,model_2,0.2357,0.17524812
8369,model_2,0.0549,0.1754572
8370,model_2,0.1392,0.17517428
8371,model_2,0.499,0.5251092
8372,model_2,0.4157,0.41314554
8373,model_2,0.3054,0.29998717
8374,model_2,0.1348,0.16428696
8375,model_2,0.1066,0.17444731
8376,model_2,0.2705,0.26102814
8377,model_2,0.2422,0.24904414
8378,model_2,0.1623,0.16993259
8379,model_2,0.1289,0.23622961
8380,model_2,0.0515,0.07418428
8381,model_2,0.3696,0.39124018
8382,model_2,0.5245,0.51793444
8383,model_2,0.1274,0.11264266
8384,model_2,0.074,0.0988121
8385,model_2,0.2207,0.21775983
8386,model_2,-0.0335,-0.017740143
8387,model_2,0.2783,0.31839588
8388,model_2,0.0534,0.06421074
8389,model_2,0.5358,0.5413249
8390,model_2,0.0646,0.06499356
8391,model_2,0.2973,0.2871854
8392,model_2,-0.2085,-0.18841071
8393,model_2,-0.0118,-0.024076412
8394,model_2,0.3737,0.39594796
8395,model_2,0.1555,0.14797519
8396,model_2,0.3779,0.38780734
8397,model_2,0.1482,0.15156926
8398,model_2,0.2755,0.25984812
8399,model_2,0.3749,0.35989594
8400,model_2,0.0899,0.10680324
8401,model_2,0.3519,0.31417462
8402,model_2,0.4123,0.37935224
8403,model_2,0.1541,0.11050524
8404,model_2,-0.0532,-0.028361421
8405,model_2,0.3114,0.3151774
8406,model_2,0.3575,0.23823075
8407,model_2,0.3541,0.4001854
8408,model_2,0.0643,0.046095707
8409,model_2,0.1829,0.18730435
8410,model_2,0.4503,0.38656214
8411,model_2,-0.1198,-0.12334153
8412,model_2,0.0585,0.06549903
8413,model_2,-0.0512,-0.026368883
8414,model_2,0.6584,0.659154
8415,model_2,0.4088,0.43301567
8416,model_2,0.3131,0.3322132
8417,model_2,0.8609,0.87985605
8418,model_2,0.3183,0.28799665
8419,model_2,0.4465,0.44747663
8420,model_2,-0.1397,-0.07981309
8421,model_2,0.1518,0.17849366
8422,model_2,0.3018,0.3294802
8423,model_2,0.2035,0.19134146
8424,model_2,0.3751,0.39273915
8425,model_2,0.1341,0.12512349
8426,model_2,0.0226,0.053478368
8427,model_2,0.2792,0.28466883
8428,model_2,0.1594,0.13228445
8429,model_2,0.1327,0.11097847
8430,model_2,0.6031,0.6054165
8431,model_2,-0.0169,-0.044611465
8432,model_2,-0.2042,-0.17669483
8433,model_2,-0.1098,-0.08487497
8434,model_2,-0.06,-0.04648326
8435,model_2,0.5641,0.5408033
8436,model_2,0.1709,0.17285883
8437,model_2,0.2249,0.17621653
8438,model_2,0.2594,0.2841865
8439,model_2,-0.2033,-0.17500038
8440,model_2,0.3997,0.3961685
8441,model_2,0.2886,0.32316443
8442,model_2,0.0537,0.06384365
8443,model_2,0.1632,0.15531667
8444,model_2,0.0502,0.13225119
8445,model_2,0.2989,0.19629714
8446,model_2,0.7463,0.7400419
8447,model_2,0.0917,0.057935506
8448,model_2,0.1228,0.09814045
8449,model_2,0.0764,0.08740758
8450,model_2,0.1997,0.21785259
8451,model_2,0.0639,0.07964261
8452,model_2,0.2147,0.21441181
8453,model_2,0.1924,0.2129887
8454,model_2,0.2336,0.25718424
8455,model_2,0.1368,0.13597874
8456,model_2,-0.0726,-0.055503562
8457,model_2,0.0723,0.07568506
8458,model_2,0.5147,0.5577478
8459,model_2,0.6486,0.66468924
8460,model_2,0.4589,0.43133903
8461,model_2,0.1824,0.13367717
8462,model_2,0.5554,0.57383734
8463,model_2,0.1301,0.14876892
8464,model_2,0.0471,0.021689182
8465,model_2,0.1604,0.23338388
8466,model_2,0.1757,0.11407536
8467,model_2,0.1223,0.11192283
8468,model_2,0.1768,0.16488652
8469,model_2,0.111,0.11128645
8470,model_2,0.1488,0.2435817
8471,model_2,0.4514,0.4372085
8472,model_2,0.0752,0.11508392
8473,model_2,0.1796,0.16857283
8474,model_2,0.1721,0.22901098
8475,model_2,0.3159,0.28731236
8476,model_2,0.0185,0.024086716
8477,model_2,0.2317,0.27545032
8478,model_2,0.839,0.8521386
8479,model_2,-0.1053,-0.10365942
8480,model_2,0.6241,0.53371036
8481,model_2,0.2437,0.27655402
8482,model_2,0.4658,0.43328387
8483,model_2,0.5296,0.5241148
8484,model_2,0.3454,0.28844556
8485,model_2,-0.0523,-0.106086664
8486,model_2,0.2367,0.24018954
8487,model_2,-0.0318,0.004188301
8488,model_2,-0.1389,-0.089876555
8489,model_2,0.4072,0.40655985
8490,model_2,0.2072,0.14702174
8491,model_2,-0.1929,-0.16483003
8492,model_2,-0.044,-0.027364189
8493,model_2,0.024,0.0069898125
8494,model_2,0.0527,0.05319345
8495,model_2,0.4268,0.39411953
8496,model_2,0.0467,0.09305177
8497,model_2,0.2166,0.22923957
8498,model_2,0.3644,0.2537339
8499,model_2,0.0742,0.12561296
8500,model_2,0.1657,0.19528435
8501,model_2,-0.0197,-0.036223248
8502,model_2,0.1168,0.12969916
8503,model_2,0.6326,0.635305
8504,model_2,0.7376,0.7021368
8505,model_2,0.0216,0.022337055
8506,model_2,0.1767,0.21044804
8507,model_2,0.1621,0.18618457
8508,model_2,0.3109,0.32391232
8509,model_2,0.1434,0.13424022
8510,model_2,0.1444,0.14602579
8511,model_2,0.3419,0.40701547
8512,model_2,-0.1969,-0.17031385
8513,model_2,0.2819,0.24182086
8514,model_2,0.1428,0.1527045
8515,model_2,0.0376,0.055740044
8516,model_2,0.074,0.06819753
8517,model_2,0.1678,0.11743455
8518,model_2,0.3727,0.36416984
8519,model_2,0.3913,0.3122975
8520,model_2,0.59,0.62014776
8521,model_2,0.2115,0.109920576
8522,model_2,0.1805,0.11867131
8523,model_2,0.297,0.2273423
8524,model_2,0.0675,0.06843224
8525,model_2,0.0249,0.04333604
8526,model_2,0.2209,0.23045354
8527,model_2,0.0484,0.016030258
8528,model_2,0.1844,0.19522126
8529,model_2,0.0703,0.028604893
8530,model_2,0.7797,0.7934091
8531,model_2,0.2194,0.24676405
8532,model_2,0.2741,0.3063014
8533,model_2,0.264,0.12813641
8534,model_2,0.089,0.16416569
8535,model_2,-0.0174,0.076742075
8536,model_2,0.3093,0.30967957
8537,model_2,0.0401,0.030201366
8538,model_2,0.0969,0.18248072
8539,model_2,0.218,0.3394277
8540,model_2,0.1445,0.15271078
8541,model_2,-0.0434,0.08572988
8542,model_2,0.0831,0.14970766
8543,model_2,0.1982,0.2649971
8544,model_2,0.4415,0.41274366
8545,model_2,0.395,0.31140426
8546,model_2,0.7228,0.69913775
8547,model_2,0.2033,0.2552982
8548,model_2,0.3381,0.21389608
8549,model_2,-1e-04,-0.017374026
8550,model_2,0.1251,0.15814951
8551,model_2,0.2526,0.22041354
8552,model_2,0.3148,0.32526323
8553,model_2,0.2407,0.257834
8554,model_2,0.5303,0.5210792
8555,model_2,0.2007,0.18698035
8556,model_2,0.3103,0.32105154
8557,model_2,0.5572,0.53681296
8558,model_2,0.1321,0.16736926
8559,model_2,0.0921,0.07396647
8560,model_2,0.1829,0.23871474
8561,model_2,0.7506,0.73929036
8562,model_2,0.1686,0.14281896
8563,model_2,0.5172,0.55242306
8564,model_2,0.04,0.021156078
8565,model_2,0.6926,0.6603071
8566,model_2,0.2028,0.19121501
8567,model_2,0.1676,0.22865741
8568,model_2,0.2867,0.22969864
8569,model_2,-0.0258,0.027809402
8570,model_2,0.6387,0.6162301
8571,model_2,0.1085,0.10664514
8572,model_2,0.167,0.18630554
8573,model_2,-0.0846,-0.0740628
8574,model_2,0.3308,0.2994595
8575,model_2,0.3568,0.39501706
8576,model_2,0.218,0.18093295
8577,model_2,0.0208,0.037176788
8578,model_2,-0.0647,-0.04197614
8579,model_2,0.1977,0.1571597
8580,model_2,0.1041,0.10716595
8581,model_2,0.9135,0.9016834
8582,model_2,-0.2031,-0.14919308
8583,model_2,0.0515,0.11025147
8584,model_2,0.0193,0.09053476
8585,model_2,0.0221,0.014777007
8586,model_2,0.1164,0.11285764
8587,model_2,-0.0303,0.00021552481
8588,model_2,0.55,0.5116239
8589,model_2,0.3811,0.37159526
8590,model_2,0.2575,0.15733474
8591,model_2,0.0269,0.000115832314
8592,model_2,0.4508,0.4579164
8593,model_2,0.0571,0.04674846
8594,model_2,0.1278,0.124633074
8595,model_2,-0.0011,-0.0062052067
8596,model_2,0.0649,0.127346
8597,model_2,0.0711,0.061504103
8598,model_2,0.375,0.42983544
8599,model_2,0.0558,0.025105292
8600,model_2,0.0616,0.06363868
8601,model_2,0.5182,0.49702308
8602,model_2,0.104,0.09238994
8603,model_2,0.444,0.3967584
8604,model_2,0.4833,0.49810806
8605,model_2,0.6148,0.6292851
8606,model_2,0.426,0.40222147
8607,model_2,0.7315,0.7161135
8608,model_2,0.3543,0.35005552
8609,model_2,0.0255,0.06274429
8610,model_2,0.6569,0.6797154
8611,model_2,0.3936,0.35373583
8612,model_2,0.2241,0.19768916
8613,model_2,0.2179,0.22029138
8614,model_2,0.302,0.29759344
8615,model_2,0.1527,0.13043986
8616,model_2,0.1559,0.14137404
8617,model_2,0.2001,0.18638472
8618,model_2,0.6468,0.59267336
8619,model_2,-0.0176,0.0145374
8620,model_2,0.1027,0.095634416
8621,model_2,0.5252,0.5136589
8622,model_2,0.4195,0.45670125
8623,model_2,0.5664,0.43956372
8624,model_2,0.1416,0.12343648
8625,model_2,0.2203,0.22800939
8626,model_2,-0.086,0.0074793305
8627,model_2,0.0932,0.085066214
8628,model_2,0.5271,0.4996383
8629,model_2,-0.013,-0.022596309
8630,model_2,0.0938,0.08723273
8631,model_2,0.206,0.15484919
8632,model_2,0.2484,0.25717288
8633,model_2,0.7504,0.73318094
8634,model_2,0.0003,0.038811117
8635,model_2,0.2637,0.22085719
8636,model_2,0.5564,0.48423442
8637,model_2,0.1587,0.12806787
8638,model_2,0.1794,0.19211522
8639,model_2,0.1351,0.2013769
8640,model_2,0.0623,0.06720705
8641,model_2,0.1824,0.3075654
8642,model_2,0.0131,-0.0009646658
8643,model_2,0.3673,0.32950643
8644,model_2,0.0234,0.013821801
8645,model_2,0.1953,0.15103784
8646,model_2,0.5578,0.5386787
8647,model_2,0.7461,0.7476117
8648,model_2,0.2784,0.30052742
8649,model_2,0.5476,0.55698603
8650,model_2,-0.0334,-0.014675623
8651,model_2,0.1289,0.10752615
8652,model_2,0.1565,0.2084101
8653,model_2,0.7226,0.6757571
8654,model_2,0.3916,0.46601442
8655,model_2,0.2194,0.22318573
8656,model_2,0.3526,0.29185182
8657,model_2,0.1283,0.067191094
8658,model_2,0.1929,0.19894174
8659,model_2,0.9727,0.9386545
8660,model_2,0.1142,0.1348679
8661,model_2,-0.1553,-0.14495747
8662,model_2,0.128,0.13185646
8663,model_2,0.3765,0.3649268
8664,model_2,0.2108,0.098922916
8665,model_2,0.217,0.21153279
8666,model_2,0.0973,0.23121504
8667,model_2,0.2432,0.21546851
8668,model_2,0.1885,0.19545965
8669,model_2,0.1057,0.08621877
8670,model_2,0.8701,0.8892254
8671,model_2,0.0011,0.0692579
8672,model_2,0.1408,0.12013048
8673,model_2,0.3124,0.31723925
8674,model_2,0.3196,0.2277532
8675,model_2,0.178,0.21726939
8676,model_2,0.0912,0.096289456
8677,model_2,0.0044,0.12060799
8678,model_2,0.0709,0.11512627
8679,model_2,0.2204,0.24339645
8680,model_2,0.379,0.39931247
8681,model_2,0.1896,0.17517854
8682,model_2,0.3547,0.3365442
8683,model_2,0.1272,0.112932965
8684,model_2,0.3462,0.3038293
8685,model_2,0.3293,0.33326456
8686,model_2,0.0992,0.16169724
8687,model_2,0.1706,0.18333693
8688,model_2,0.0812,0.07748526
8689,model_2,0.0391,0.14857207
8690,model_2,0.1354,0.06275336
8691,model_2,0.334,0.367623
8692,model_2,0.4088,0.4287009
8693,model_2,0.2823,0.24650203
8694,model_2,0.5985,0.61230224
8695,model_2,0.6831,0.71107733
8696,model_2,0.6066,0.6264593
8697,model_2,0.3036,0.33051357
8698,model_2,0.5453,0.5266437
8699,model_2,0.0505,0.0823155
8700,model_2,0.3587,0.35907182
8701,model_2,0.2416,0.19384812
8702,model_2,0.3545,0.34811613
8703,model_2,0.8793,0.91509515
8704,model_2,-0.105,-0.07887379
8705,model_2,0.8845,0.8819455
8706,model_2,-0.0169,-0.027949454
8707,model_2,-0.0828,-0.039444637
8708,model_2,0.1403,0.15218948
8709,model_2,0.1739,0.18857598
8710,model_2,0.202,0.16440412
8711,model_2,0.0943,0.08923742
8712,model_2,0.2933,0.28396878
8713,model_2,0.07,0.08708683
8714,model_2,0.0956,0.053675056
8715,model_2,0.0794,0.08153354
8716,model_2,0.5511,0.5587353
8717,model_2,1.0087,0.923197
8718,model_2,-0.0792,-0.07124726
8719,model_2,0.0412,0.041865513
8720,model_2,0.2127,0.1190944
8721,model_2,0.0715,0.05918178
8722,model_2,0.0786,0.07398131
8723,model_2,0.1993,0.20928173
8724,model_2,-0.1476,0.15397155
8725,model_2,0.4982,0.5076124
8726,model_2,0.5049,0.48939863
8727,model_2,0.3699,0.3240847
8728,model_2,0.0702,0.07725542
8729,model_2,0.1016,0.10728674
8730,model_2,0.059,0.06039487
8731,model_2,0.0585,0.029013714
8732,model_2,0.0948,0.11247246
8733,model_2,0.7572,0.7027101
8734,model_2,-0.0057,0.021605244
8735,model_2,0.6502,0.6356302
8736,model_2,0.1441,0.17214915
8737,model_2,0.5463,0.5764746
8738,model_2,0.0193,0.042176984
8739,model_2,0.5895,0.5176224
8740,model_2,-0.1888,-0.1584598
8741,model_2,0.1717,0.19715782
8742,model_2,0.0838,0.079732075
8743,model_2,0.7194,0.67042834
8744,model_2,-0.0628,0.14764304
8745,model_2,-0.1818,-0.1239837
8746,model_2,0.2796,0.28785092
8747,model_2,0.4335,0.46232882
8748,model_2,0.6846,0.67760915
8749,model_2,0.5616,0.5649325
8750,model_2,0.2364,0.2262771
8751,model_2,0.8542,0.80919677
8752,model_2,0.2339,0.18392704
8753,model_2,0.3931,0.39951646
8754,model_2,0.8486,0.77304536
8755,model_2,0.1571,0.14563139
8756,model_2,0.123,0.08699253
8757,model_2,-0.1357,-0.12170694
8758,model_2,0.314,0.2700842
8759,model_2,0.5013,0.5387196
8760,model_2,0.1815,0.21610726
8761,model_2,0.6097,0.5611737
8762,model_2,0.0008,0.016997745
8763,model_2,0.4833,0.5108331
8764,model_2,0.7169,0.72679394
8765,model_2,0.775,0.804801
8766,model_2,0.4415,0.23875348
8767,model_2,0.1374,0.12848544
8768,model_2,0.4842,0.46427915
8769,model_2,0.402,0.41223982
8770,model_2,0.0492,0.090105
8771,model_2,0.2518,0.27063265
8772,model_2,0.8606,0.8658743
8773,model_2,0.3908,0.5025466
8774,model_2,0.3168,0.32903388
8775,model_2,0.7317,0.7579047
8776,model_2,0.1058,0.16374096
8777,model_2,0.113,0.09641707
8778,model_2,0.2431,0.27040365
8779,model_2,0.2694,0.23077975
8780,model_2,0.2864,0.29991445
8781,model_2,0.3009,0.32111508
8782,model_2,0.1228,0.10770498
8783,model_2,0.0436,0.07195707
8784,model_2,0.0602,0.09099927
8785,model_2,0.2054,0.24172561
8786,model_2,0.1275,0.09848126
8787,model_2,0.1402,0.092787966
8788,model_2,0.3687,0.38658288
8789,model_2,0.1841,0.18317826
8790,model_2,0.4592,0.40892965
8791,model_2,-0.0305,0.09321568
8792,model_2,0.2515,0.32075432
8793,model_2,0.0776,0.043328926
8794,model_2,0.1262,0.13479993
8795,model_2,0.152,0.16533698
8796,model_2,0.3442,0.36217907
8797,model_2,0.4843,0.45512503
8798,model_2,0.1324,0.07519263
8799,model_2,0.4714,0.50391954
8800,model_2,0.2463,0.21916328
8801,model_2,-0.152,-0.12920222
8802,model_2,0.7393,0.7431897
8803,model_2,0.4274,0.43800685
8804,model_2,0.1693,0.20863788
8805,model_2,0.5058,0.5328806
8806,model_2,0.5043,0.54458344
8807,model_2,-0.11,-0.040053383
8808,model_2,0.0489,0.03253649
8809,model_2,-0.0029,0.005482314
8810,model_2,0.0359,0.16713454
8811,model_2,0.2133,0.14256983
8812,model_2,0.5089,0.5056653
8813,model_2,0.316,0.27197057
8814,model_2,0.2799,0.2960318
8815,model_2,0.228,0.26047826
8816,model_2,0.5807,0.62443906
8817,model_2,0.5129,0.4855496
8818,model_2,0.349,0.3910915
8819,model_2,0.1349,0.12109332
8820,model_2,0.2496,0.19510908
8821,model_2,0.0886,0.08535349
8822,model_2,0.411,0.39329758
8823,model_2,0.4205,0.44015697
8824,model_2,0.1695,0.18332519
8825,model_2,0.3467,0.30875334
8826,model_2,0.0975,0.21474414
8827,model_2,-0.0579,-0.04841529
8828,model_2,0.2092,0.22900124
8829,model_2,0.1089,0.08325047
8830,model_2,0.3131,0.2784498
8831,model_2,0.5563,0.5345226
8832,model_2,0.0166,0.09460212
8833,model_2,0.1892,0.16270974
8834,model_2,0.1586,0.16567056
8835,model_2,0.3294,0.40631667
8836,model_2,0.1983,0.25622886
8837,model_2,0.1547,0.14387791
8838,model_2,0.0751,0.024880605
8839,model_2,0.4295,0.36884502
8840,model_2,-0.0502,-0.11852351
8841,model_2,0.5133,0.5150315
8842,model_2,-0.1092,-0.09768141
8843,model_2,-0.0123,-0.055991165
8844,model_2,0.7003,0.73049223
8845,model_2,-0.0303,-0.017404595
8846,model_2,0.1254,0.13770396
8847,model_2,0.4098,0.40664008
8848,model_2,0.0535,0.005359141
8849,model_2,0.2869,0.2598491
8850,model_2,0.5128,0.4809442
8851,model_2,0.0724,0.083809204
8852,model_2,0.1794,0.17357576
8853,model_2,0.6155,0.6104567
8854,model_2,0.2079,0.13975964
8855,model_2,0.3355,0.33471042
8856,model_2,0.2043,0.19674508
8857,model_2,0.497,0.5020048
8858,model_2,0.1859,0.17664815
8859,model_2,0.1302,0.05277759
8860,model_2,0.3435,0.33995536
8861,model_2,0.0597,0.093269944
8862,model_2,0.4149,0.3850831
8863,model_2,0.1627,0.13911791
8864,model_2,0.3603,0.37837186
8865,model_2,0.259,0.27056852
8866,model_2,0.5804,0.5623007
8867,model_2,0.4961,0.49749884
8868,model_2,0.4055,0.39940873
8869,model_2,-0.1447,-0.11221722
8870,model_2,0.52,0.51280075
8871,model_2,-0.0973,-0.12127272
8872,model_2,0.1266,0.11152987
8873,model_2,-0.1773,-0.15875818
8874,model_2,0.0077,0.045533977
8875,model_2,-0.1947,-0.17242615
8876,model_2,0.1742,0.1846522
8877,model_2,0.0883,0.122510925
8878,model_2,0.1592,0.1465915
8879,model_2,0.2319,0.23857562
8880,model_2,0.0809,0.08518347
8881,model_2,-0.1656,-0.15752007
8882,model_2,0.0301,0.038749017
8883,model_2,0.8711,0.8622644
8884,model_2,0.0064,0.03760214
8885,model_2,0.7413,0.7361116
8886,model_2,0.1538,0.11712894
8887,model_2,0.126,0.15553686
8888,model_2,0.4213,0.45833778
8889,model_2,0.5487,0.51217276
8890,model_2,0.1051,0.13840902
8891,model_2,0.2526,0.17391385
8892,model_2,0.0446,0.051420897
8893,model_2,0.3029,0.26331145
8894,model_2,0.3675,0.31955996
8895,model_2,0.12,0.12464498
8896,model_2,0.3272,0.30960354
8897,model_2,0.3044,0.28939885
8898,model_2,0.6197,0.5666235
8899,model_2,-0.1249,-0.13717747
8900,model_2,0.2858,0.35061923
8901,model_2,0.0394,0.06914005
8902,model_2,0.5866,0.54556566
8903,model_2,0.1104,0.138674
8904,model_2,0.3012,0.28726223
8905,model_2,0.0195,0.020892022
8906,model_2,-0.064,-0.030822914
8907,model_2,0.3011,0.2941593
8908,model_2,0.1564,0.13060732
8909,model_2,0.2869,0.27502963
8910,model_2,0.17,0.094660595
8911,model_2,0.1081,0.10474534
8912,model_2,0.2513,0.22461434
8913,model_2,0.1134,0.12516473
8914,model_2,0.1789,0.12696621
8915,model_2,0.2225,0.20964305
8916,model_2,0.4575,0.50442344
8917,model_2,1.0372,1.0064603
8918,model_2,0.304,0.28408659
8919,model_2,0.0947,0.09951309
8920,model_2,0.0785,0.0918179
8921,model_2,0.4168,0.4278134
8922,model_2,0.1076,0.10052465
8923,model_2,0.36,0.3947136
8924,model_2,0.2679,0.24725656
8925,model_2,0.2502,0.23516671
8926,model_2,0.4212,0.3867646
8927,model_2,0.081,0.1272264
8928,model_2,0.4438,0.44980758
8929,model_2,0.1166,0.14225014
8930,model_2,0.4411,0.41643104
8931,model_2,0.1037,0.13391551
8932,model_2,0.4777,0.36993846
8933,model_2,0.7143,0.6865656
8934,model_2,0.465,0.44062865
8935,model_2,0.1431,0.1192908
8936,model_2,-0.0443,-0.034148842
8937,model_2,0.3535,0.32759956
8938,model_2,0.1989,0.24268849
8939,model_2,0.0753,0.05764824
8940,model_2,0.7543,0.7502263
8941,model_2,0.1048,0.0717936
8942,model_2,0.2423,0.22948964
8943,model_2,0.0751,0.104034126
8944,model_2,0.1811,0.20145772
8945,model_2,0.2077,0.25161377
8946,model_2,0.2644,0.23767187
8947,model_2,0.1267,0.08179213
8948,model_2,0.0905,0.14443986
8949,model_2,0.4364,0.40498018
8950,model_2,0.1593,0.20442544
8951,model_2,0.2516,0.2167411
8952,model_2,0.3078,0.28344348
8953,model_2,-0.0307,-0.0056288857
8954,model_2,0.0234,0.007852262
8955,model_2,0.1202,0.124865636
8956,model_2,0.3412,0.35306945
8957,model_2,0.1823,0.19275577
8958,model_2,0.2258,0.2030236
8959,model_2,0.1107,0.12362678
8960,model_2,0.7138,0.705924
8961,model_2,0.2787,0.27202344
8962,model_2,0.0409,0.022636747
8963,model_2,0.7057,0.7007265
8964,model_2,0.1592,0.18307738
8965,model_2,0.0628,0.018274909
8966,model_2,0.4588,0.5073608
8967,model_2,0.5756,0.57216054
8968,model_2,0.4857,0.49753812
8969,model_2,0.4057,0.34916607
8970,model_2,0.217,0.18793847
8971,model_2,0.3933,0.2896156
8972,model_2,0.4487,0.48099604
8973,model_2,0.1067,0.14643607
8974,model_2,0.1358,0.10569166
8975,model_2,0.0479,0.10013845
8976,model_2,0.3972,0.4555793
8977,model_2,0.0085,0.068731025
8978,model_2,0.5367,0.5323171
8979,model_2,0.7953,0.74674994
8980,model_2,0.1984,0.14385016
8981,model_2,0.2351,0.20603107
8982,model_2,0.5608,0.58397174
8983,model_2,0.707,0.7194241
8984,model_2,0.1896,0.2015969
8985,model_2,0.17,0.2152339
8986,model_2,0.0265,0.012347439
8987,model_2,0.4113,0.4109212
8988,model_2,0.6551,0.62078977
8989,model_2,-0.0158,-0.025990112
8990,model_2,0.2872,0.261848
8991,model_2,0.0793,0.06430432
8992,model_2,0.1652,0.22550614
8993,model_2,0.0771,0.0716154
8994,model_2,0.9234,0.8958297
8995,model_2,0.1173,0.1277697
8996,model_2,0.1833,0.17562135
8997,model_2,0.0508,0.030127378
8998,model_2,0.065,0.17409968
8999,model_2,0.6498,0.623275
9000,model_2,0.698,0.67136174
9001,model_2,0.3276,0.31670418
9002,model_2,0.6542,0.5636056
9003,model_2,0.1239,0.1267248
9004,model_2,0.4132,0.3832495
9005,model_2,0.1375,0.076445185
9006,model_2,0.2242,0.1915687
9007,model_2,0.0525,0.045762777
9008,model_2,0.193,0.1571056
9009,model_2,0.5679,0.59299856
9010,model_2,0.1618,0.16576898
9011,model_2,0.281,0.23293613
9012,model_2,0.162,0.15045239
9013,model_2,0.0726,0.1110069
9014,model_2,0.1511,0.13006957
9015,model_2,0.2536,0.21134304
9016,model_2,0.1587,0.18911478
9017,model_2,0.216,0.19003884
9018,model_2,0.3324,0.24701633
9019,model_2,0.417,0.42840853
9020,model_2,-0.1014,-0.026866326
9021,model_2,0.0412,0.13149118
9022,model_2,0.0781,0.071516395
9023,model_2,-0.0402,-0.021998886
9024,model_2,0.2982,0.28200826
9025,model_2,0.4806,0.45564798
9026,model_2,0.4612,0.49106345
9027,model_2,0.0965,0.116280824
9028,model_2,0.4105,0.4373758
9029,model_2,0.4148,0.38326442
9030,model_2,0.8205,0.80903584
9031,model_2,0.3381,0.35837647
9032,model_2,0.1551,0.16533007
9033,model_2,0.3059,0.2634648
9034,model_2,-0.1324,-0.10056849
9035,model_2,0.4211,0.38560143
9036,model_2,0.6454,0.6369475
9037,model_2,0.0274,0.07775495
9038,model_2,0.1692,0.1800066
9039,model_2,0.2795,0.24537043
9040,model_2,-0.0724,-0.03251289
9041,model_2,-0.097,-0.09110081
9042,model_2,-0.116,-0.10667987
9043,model_2,0.451,0.41741514
9044,model_2,0.6104,0.61474806
9045,model_2,0.5859,0.5735509
9046,model_2,0.4774,0.47813252
9047,model_2,0.6269,0.6336643
9048,model_2,-0.1433,-0.120263115
9049,model_2,0.1664,0.18121712
9050,model_2,0.0982,0.10178591
9051,model_2,0.2967,0.29096684
9052,model_2,0.7447,0.711372
9053,model_2,0.035,0.036935
9054,model_2,0.9396,0.9160196
9055,model_2,0.1447,0.11797133
9056,model_2,0.7369,0.74390936
9057,model_2,0.0846,0.07621378
9058,model_2,0.1836,0.16823587
9059,model_2,0.0528,0.0655899
9060,model_2,-0.0232,0.044736102
9061,model_2,0.1239,0.122816205
9062,model_2,0.1943,0.16625988
9063,model_2,0.081,0.10273658
9064,model_2,0.4332,0.4764792
9065,model_2,-0.0172,-0.019694017
9066,model_2,0.4998,0.4642353
9067,model_2,0.6995,0.7330093
9068,model_2,0.7247,0.6868785
9069,model_2,0.0497,0.10906036
9070,model_2,-0.0201,-0.0027046409
9071,model_2,0.1146,0.15531553
9072,model_2,0.1783,0.20791821
9073,model_2,0.4161,0.38372892
9074,model_2,0.2536,0.22791646
9075,model_2,0.9311,0.88607055
9076,model_2,0.2063,0.16457285
9077,model_2,0.0646,0.11312117
9078,model_2,0.3422,0.33576742
9079,model_2,0.0692,0.086156815
9080,model_2,0.2363,0.26293778
9081,model_2,0.3791,0.39280602
9082,model_2,0.5663,0.5434604
9083,model_2,0.2193,0.23707871
9084,model_2,0.2128,0.122347474
9085,model_2,0.1677,0.20364676
9086,model_2,0.3091,0.31395373
9087,model_2,0.025,0.08708678
9088,model_2,0.0123,0.025232038
9089,model_2,0.1395,0.13717277
9090,model_2,-0.0458,0.031600922
9091,model_2,0.1865,0.12471661
9092,model_2,0.0361,0.076388985
9093,model_2,0.1338,0.13200162
9094,model_2,-0.2173,-0.21109451
9095,model_2,0.1973,0.17830388
9096,model_2,-0.0599,0.022677002
9097,model_2,0.0534,0.04043761
9098,model_2,0.8197,0.794026
9099,model_2,0.1452,0.17619662
9100,model_2,0.1897,0.19876541
9101,model_2,0.1246,0.14323138
9102,model_2,0.0804,0.046815306
9103,model_2,0.3415,0.37729493
9104,model_2,0.7141,0.6821972
9105,model_2,0.6777,0.6428581
9106,model_2,0.054,0.06802409
9107,model_2,0.208,0.23914985
9108,model_2,0.0023,0.016019417
9109,model_2,0.4453,0.47584194
9110,model_2,-0.109,-0.010494331
9111,model_2,0.0352,0.012826117
9112,model_2,0.6094,0.5907134
9113,model_2,0.2276,0.25858533
9114,model_2,0.2359,0.18819317
9115,model_2,0.3483,0.33947173
9116,model_2,-0.1801,-0.11867784
9117,model_2,-0.0114,0.015674992
9118,model_2,1.089,1.1841093
9119,model_2,0.0183,0.046420567
9120,model_2,-0.1799,-0.14869672
9121,model_2,0.3473,0.30372515
9122,model_2,0.4226,0.3999788
9123,model_2,0.5643,0.5363476
9124,model_2,0.1009,0.13124217
9125,model_2,0.1775,0.20221959
9126,model_2,0.4361,0.46604082
9127,model_2,0.5251,0.5102897
9128,model_2,0.0826,0.0719546
9129,model_2,0.2221,0.14986368
9130,model_2,0.0646,0.070495754
9131,model_2,0.4224,0.3772649
9132,model_2,0.4336,0.44294006
9133,model_2,0.8245,0.8302295
9134,model_2,-0.0587,0.118959844
9135,model_2,0.0557,0.14747629
9136,model_2,0.0479,0.11185177
9137,model_2,0.146,0.19964184
9138,model_2,0.2619,0.21192501
9139,model_2,0.0273,0.11255404
9140,model_2,0.0966,0.07584168
9141,model_2,0.1323,0.13228948
9142,model_2,0.1452,0.16833465
9143,model_2,0.1664,0.19214058
9144,model_2,0.7897,0.8089145
9145,model_2,0.103,0.0953819
9146,model_2,0.4162,0.40044937
9147,model_2,0.4901,0.47420242
9148,model_2,-0.0019,-0.016160013
9149,model_2,0.3698,0.36616302
9150,model_2,0.1127,0.095458746
9151,model_2,0.1626,0.16115434
9152,model_2,0.1321,0.13111164
9153,model_2,-0.0495,-0.004105186
9154,model_2,0.0541,0.08196707
9155,model_2,-0.0178,-0.036501497
9156,model_2,0.5007,0.51029533
9157,model_2,0.6687,0.6997961
9158,model_2,-0.0479,-0.00828133
9159,model_2,-0.0499,-0.029842319
9160,model_2,0.17,0.21874118
9161,model_2,0.4782,0.40344867
9162,model_2,-0.0079,-0.03608209
9163,model_2,0.6023,0.50404006
9164,model_2,0.9052,0.87764937
9165,model_2,0.0009,-0.012237618
9166,model_2,0.1406,0.16185166
9167,model_2,0.0091,0.09644714
9168,model_2,0.1015,0.1199898
9169,model_2,-0.0035,0.016581131
9170,model_2,-0.1553,-0.15415956
9171,model_2,0.2253,0.21886636
9172,model_2,0.6501,0.63828486
9173,model_2,0.2416,0.24575664
9174,model_2,-0.0655,0.060292065
9175,model_2,0.4323,0.40548572
9176,model_2,0.9483,0.9550286
9177,model_2,0.2863,0.32107618
9178,model_2,0.1458,0.07284943
9179,model_2,0.0581,0.088789865
9180,model_2,0.1677,0.21463647
9181,model_2,0.3812,0.30437586
9182,model_2,0.3159,0.3668253
9183,model_2,0.6112,0.57905406
9184,model_2,0.6508,0.61920756
9185,model_2,0.8592,0.80643827
9186,model_2,0.6186,0.60983694
9187,model_2,0.2946,0.2770032
9188,model_2,-0.0513,-0.018618025
9189,model_2,0.1201,0.15297554
9190,model_2,-0.2098,-0.23053877
9191,model_2,0.4466,0.450466
9192,model_2,-0.155,-0.16466261
9193,model_2,0.0405,0.060462654
9194,model_2,0.1661,0.12686117
9195,model_2,-0.173,-0.1300486
9196,model_2,0.09,0.12147874
9197,model_2,0.3146,0.22640006
9198,model_2,0.5213,0.5110806
9199,model_2,0.1976,0.17266247
9200,model_2,0.202,0.21388367
9201,model_2,0.3496,0.31821972
9202,model_2,0.3103,0.24063398
9203,model_2,0.0956,0.12972201
9204,model_2,0.1671,0.113306314
9205,model_2,0.0342,0.06665574
9206,model_2,0.1086,0.07631832
9207,model_2,0.5722,0.56925434
9208,model_2,0.5164,0.39542198
9209,model_2,0.3901,0.4247996
9210,model_2,0.0555,0.061574817
9211,model_2,0.7691,0.76273805
9212,model_2,0.2969,0.1870771
9213,model_2,0.3036,0.37012014
9214,model_2,0.0139,-0.024657302
9215,model_2,-0.1405,-0.08797395
9216,model_2,0.1354,0.12660964
9217,model_2,0.1829,0.12874208
9218,model_2,-0.004,0.02952527
9219,model_2,0.0357,-0.005626669
9220,model_2,-0.0042,0.030488951
9221,model_2,0.2008,0.17741516
9222,model_2,0.3133,0.29753986
9223,model_2,0.2449,0.19719225
9224,model_2,0.0547,0.11239919
9225,model_2,0.2477,0.23912449
9226,model_2,-0.0964,-0.07621373
9227,model_2,-0.0088,0.004297314
9228,model_2,0.273,0.2512329
9229,model_2,0.0839,0.1068635
9230,model_2,0.1091,0.1246451
9231,model_2,0.4449,0.4322548
9232,model_2,0.2849,0.27548316
9233,model_2,0.2534,0.2374803
9234,model_2,0.4229,0.40585184
9235,model_2,0.2793,0.25281703
9236,model_2,0.3674,0.38676313
9237,model_2,0.3926,0.38692805
9238,model_2,0.2665,0.25425562
9239,model_2,0.3893,0.37601155
9240,model_2,0.3525,0.31971747
9241,model_2,0.0951,0.08647816
9242,model_2,0.2181,0.22395639
9243,model_2,0.1225,0.09615024
9244,model_2,0.1145,0.1045721
9245,model_2,-0.0783,-0.037982263
9246,model_2,-0.0482,-0.040253755
9247,model_2,0.3295,0.35849705
9248,model_2,0.471,0.4865032
9249,model_2,0.0731,0.026117465
9250,model_2,0.163,0.19140767
9251,model_2,0.0915,0.08274532
9252,model_2,0.0015,0.007700233
9253,model_2,0.178,0.06281181
9254,model_2,0.3283,0.26961508
9255,model_2,0.2848,0.30804253
9256,model_2,0.2433,0.08661842
9257,model_2,0.7057,0.6782028
9258,model_2,0.0876,0.14043437
9259,model_2,0.0898,0.10869895
9260,model_2,0.0695,0.054231524
9261,model_2,0.3435,0.3421666
9262,model_2,-0.1082,-0.08420385
9263,model_2,0.1046,0.127335
9264,model_2,-0.014,0.0123802405
9265,model_2,0.2636,0.2556114
9266,model_2,0.1518,0.1369293
9267,model_2,0.7739,0.74090683
9268,model_2,0.7027,0.6952304
9269,model_2,0.0533,0.03740254
9270,model_2,0.0512,0.08504464
9271,model_2,0.272,0.20548363
9272,model_2,0.4255,0.44808987
9273,model_2,-0.0029,-0.036635943
9274,model_2,-0.0823,-0.064920805
9275,model_2,0.1072,0.12440425
9276,model_2,0.1425,0.18433848
9277,model_2,0.1038,0.394824
9278,model_2,0.2698,0.22942983
9279,model_2,0.0844,0.048285984
9280,model_2,0.0576,0.0759401
9281,model_2,0.0762,0.090905085
9282,model_2,-0.1801,-0.1799836
9283,model_2,0.0106,0.08168642
9284,model_2,0.05,0.0035221856
9285,model_2,0.2834,0.29800478
9286,model_2,0.3011,0.30237582
9287,model_2,0.2428,0.18786387
9288,model_2,0.0383,0.06185203
9289,model_2,0.0639,0.08097394
9290,model_2,0.2302,0.14368309
9291,model_2,-0.0431,-0.025403658
9292,model_2,0.4013,0.31442657
9293,model_2,-0.0073,-0.03422895
9294,model_2,0.7943,0.78268737
9295,model_2,0.3901,0.35140574
9296,model_2,0.4267,0.44209316
9297,model_2,0.1293,0.19774093
9298,model_2,0.2189,0.23000799
9299,model_2,0.5944,0.59343094
9300,model_2,0.6693,0.6332156
9301,model_2,0.2613,0.25837758
9302,model_2,0.2571,0.29932746
9303,model_2,0.0608,0.066872396
9304,model_2,0.0778,0.08951678
9305,model_2,0.0823,0.11007553
9306,model_2,-0.0534,-0.038669527
9307,model_2,0.1749,0.23398493
9308,model_2,0.2962,0.2708608
9309,model_2,0.5192,0.5039465
9310,model_2,0.1508,0.12753594
9311,model_2,0.5797,0.55899036
9312,model_2,0.5159,0.53928
9313,model_2,0.2282,0.19304179
9314,model_2,-0.0267,0.0987322
9315,model_2,0.0563,0.061029233
9316,model_2,0.8457,0.8567889
9317,model_2,0.2939,0.32925907
9318,model_2,0.7397,0.7529
9319,model_2,-0.1009,-0.06553129
9320,model_2,0.3603,0.37859836
9321,model_2,-0.0011,-0.030914318
9322,model_2,-0.0047,-0.00020166114
9323,model_2,0.1114,0.065182574
9324,model_2,-0.0825,-0.041478172
9325,model_2,0.7373,0.77964646
9326,model_2,-0.081,-0.04945368
9327,model_2,0.3541,0.30769086
9328,model_2,0.0642,0.0938087
9329,model_2,0.2023,0.18541376
9330,model_2,0.3568,0.37154278
9331,model_2,0.3265,0.30264756
9332,model_2,0.2596,0.21635883
9333,model_2,0.2489,0.23355703
9334,model_2,0.6474,0.6774901
9335,model_2,0.1249,0.11672628
9336,model_2,0.2951,0.34709194
9337,model_2,0.196,0.20564234
9338,model_2,0.7194,0.68540514
9339,model_2,0.4165,0.40264413
9340,model_2,0.2483,0.25183025
9341,model_2,0.0259,0.017990066
9342,model_2,0.2035,0.21027298
9343,model_2,1.1005,1.0386535
9344,model_2,0.1838,0.19525586
9345,model_2,0.8401,0.84608823
9346,model_2,0.2459,0.24206124
9347,model_2,0.58,0.61856824
9348,model_2,0.2526,0.33160856
9349,model_2,0.6513,0.63909787
9350,model_2,0.0607,0.030538438
9351,model_2,0.1071,0.101267084
9352,model_2,0.3834,0.39221635
9353,model_2,0.5966,0.5766614
9354,model_2,0.2624,0.25573224
9355,model_2,0.1243,0.116326705
9356,model_2,0.045,0.035460077
9357,model_2,-0.0433,-0.0014187712
9358,model_2,0.0725,0.09345906
9359,model_2,-0.011,0.1202925
9360,model_2,0.1207,0.12245938
9361,model_2,0.409,0.3872036
9362,model_2,0.0618,0.07917125
9363,model_2,-0.0679,-0.03646353
9364,model_2,0.1566,0.18634212
9365,model_2,-0.1904,-0.17855969
9366,model_2,-0.084,-0.08937904
9367,model_2,0.0609,0.059755936
9368,model_2,0.5172,0.52730066
9369,model_2,0.0232,0.005543774
9370,model_2,0.0828,0.08267108
9371,model_2,0.1113,0.15190475
9372,model_2,0.5179,0.47496995
9373,model_2,0.2514,0.27960905
9374,model_2,0.0332,-0.008139454
9375,model_2,0.1674,0.15527882
9376,model_2,0.1602,0.20830895
9377,model_2,0.0589,0.06983767
9378,model_2,0.1073,0.1747634
9379,model_2,0.3232,0.2338977
9380,model_2,0.0338,0.060644627
9381,model_2,0.4093,0.41292426
9382,model_2,0.1483,0.0221692
9383,model_2,0.4418,0.4836103
9384,model_2,1.0954,1.0773177
9385,model_2,0.0752,0.033986874
9386,model_2,0.2606,0.2807957
9387,model_2,0.2895,0.29181913
9388,model_2,0.2589,0.24520026
9389,model_2,0.2065,0.23298426
9390,model_2,0.2511,0.27305013
9391,model_2,0.4819,0.44919088
9392,model_2,-0.1398,-0.08120123
9393,model_2,0.1893,0.09801461
9394,model_2,0.1587,0.12146488
9395,model_2,-0.1323,-0.1288485
9396,model_2,0.7995,0.8009922
9397,model_2,0.7259,0.71095484
9398,model_2,0.1705,0.13056166
9399,model_2,0.2732,0.25242224
9400,model_2,0.3708,0.3797873
9401,model_2,0.7018,0.6655744
9402,model_2,0.6136,0.58537304
9403,model_2,0.2571,0.24897842
9404,model_2,0.2058,0.19180885
9405,model_2,0.2577,0.23919518
9406,model_2,0.4679,0.4679562
9407,model_2,0.0634,0.09266296
9408,model_2,0.0534,0.058356144
9409,model_2,0.021,0.009061275
9410,model_2,0.1929,0.16249588
9411,model_2,0.1163,0.13219787
9412,model_2,0.0669,0.038187735
9413,model_2,0.6328,0.6299109
9414,model_2,0.1073,0.17474082
9415,model_2,0.889,0.8775868
9416,model_2,0.1308,0.13721575
9417,model_2,0.1337,0.11696197
9418,model_2,0.705,0.6879222
9419,model_2,0.499,0.4914678
9420,model_2,0.048,0.049749874
9421,model_2,0.1035,0.10228896
9422,model_2,0.2256,0.21722086
9423,model_2,0.9365,0.9331842
9424,model_2,0.0043,0.028523458
9425,model_2,0.5362,0.516983
9426,model_2,0.2929,0.30314663
9427,model_2,0.1385,0.117320225
9428,model_2,0.1338,0.10153277
9429,model_2,0.3848,0.34387538
9430,model_2,0.2528,0.29857957
9431,model_2,0.1061,0.09143379
9432,model_2,-0.2122,-0.14058541
9433,model_2,0.6565,0.67348677
9434,model_2,0.8133,0.7941081
9435,model_2,0.2406,0.19119091
9436,model_2,0.3441,0.36435616
9437,model_2,0.5085,0.5234439
9438,model_2,0.1014,0.0809746
9439,model_2,0.3993,0.39171466
9440,model_2,0.3459,0.25962982
9441,model_2,0.1441,0.14957161
9442,model_2,0.3608,0.3618298
9443,model_2,0.0445,0.05514478
9444,model_2,0.2572,0.26030117
9445,model_2,0.0788,0.011178488
9446,model_2,0.358,0.38460508
9447,model_2,0.6667,0.6531094
9448,model_2,0.4349,0.4365667
9449,model_2,0.2612,0.28279963
9450,model_2,0.3301,0.31504437
9451,model_2,0.0541,0.06315699
9452,model_2,-0.0493,-0.06252249
9453,model_2,0.1598,0.10342957
9454,model_2,0.263,0.21658807
9455,model_2,0.2538,0.21419966
9456,model_2,0.9651,0.9452231
9457,model_2,0.2936,0.31559142
9458,model_2,0.2095,0.18082832
9459,model_2,0.1488,0.17860109
9460,model_2,0.1007,0.097867504
9461,model_2,0.2958,0.29200515
9462,model_2,0.3264,0.24271472
9463,model_2,0.5824,0.60017043
9464,model_2,0.4068,0.3329047
9465,model_2,0.2807,0.28364858
9466,model_2,0.1024,0.10549356
9467,model_2,0.0433,0.04288347
9468,model_2,0.2497,0.22242303
9469,model_2,0.6191,0.5845142
9470,model_2,0.0401,0.05062402
9471,model_2,0.1287,0.1772228
9472,model_2,0.129,0.14991982
9473,model_2,0.7099,0.7029258
9474,model_2,0.3591,0.21686696
9475,model_2,0.1385,0.1515917
9476,model_2,0.4733,0.50434566
9477,model_2,0.1108,0.20508313
9478,model_2,0.8355,0.74387085
9479,model_2,0.419,0.3900813
9480,model_2,0.7787,0.774975
9481,model_2,0.0843,0.09803083
9482,model_2,0.2513,0.3058435
9483,model_2,0.0007,0.021340286
9484,model_2,0.1305,0.17533475
9485,model_2,0.0379,0.07473233
9486,model_2,0.0179,0.009973684
9487,model_2,0.0682,0.058556072
9488,model_2,0.4679,0.4462714
9489,model_2,0.0004,-0.009479811
9490,model_2,0.1013,0.08392719
9491,model_2,0.3108,0.39876541
9492,model_2,0.0511,0.14764924
9493,model_2,0.0347,0.034559876
9494,model_2,0.2153,0.20506194
9495,model_2,0.2857,0.18074994
9496,model_2,0.1179,0.13856973
9497,model_2,0.0575,-0.0043903403
9498,model_2,0.2357,0.23588924
9499,model_2,0.1558,0.1319301
9500,model_2,0.4699,0.5446092
9501,model_2,0.126,0.18170603
9502,model_2,0.1459,0.19698222
9503,model_2,0.1339,0.14168507
9504,model_2,-0.0823,-0.06882144
9505,model_2,0.1218,0.1194344
9506,model_2,0.295,0.3022227
9507,model_2,0.0451,0.09505011
9508,model_2,-0.1382,-0.09993555
9509,model_2,0.7228,0.72397125
9510,model_2,0.0411,0.035866655
9511,model_2,-0.0503,0.086419575
9512,model_2,0.1809,0.2073033
9513,model_2,-0.0743,-0.06333034
9514,model_2,0.1692,0.118722856
9515,model_2,-0.0187,-0.071743645
9516,model_2,0.061,0.051075593
9517,model_2,0.0334,0.051037446
9518,model_2,0.148,0.08157262
9519,model_2,0.4291,0.40608245
9520,model_2,0.1265,0.13263115
9521,model_2,0.1887,0.14856996
9522,model_2,0.1974,0.06467326
9523,model_2,0.2446,0.24754967
9524,model_2,0.0241,0.055602342
9525,model_2,0.7444,0.7669929
9526,model_2,0.1523,0.19692324
9527,model_2,0.4218,0.38813034
9528,model_2,0.2543,0.30311465
9529,model_2,0.2455,0.28752643
9530,model_2,0.0283,0.009795187
9531,model_2,0.0755,0.09278911
9532,model_2,0.5331,0.56043303
9533,model_2,0.0446,0.066412054
9534,model_2,0.1312,0.15824692
9535,model_2,0.129,0.08561203
9536,model_2,0.9347,0.9207812
9537,model_2,-0.2161,-0.18251038
9538,model_2,0.9059,0.9110715
9539,model_2,0.311,0.23956506
9540,model_2,0.8458,0.8034224
9541,model_2,0.127,0.046140447
9542,model_2,0.3697,0.33066657
9543,model_2,0.0532,0.04445134
9544,model_2,0.6292,0.60377383
9545,model_2,0.2438,0.23416133
9546,model_2,0.4411,0.4363681
9547,model_2,0.3951,0.29278037
9548,model_2,0.1836,0.12193985
9549,model_2,0.2106,0.27649713
9550,model_2,0.5017,0.5533875
9551,model_2,0.3235,0.33952266
9552,model_2,0.3573,0.32864678
9553,model_2,-0.0465,-0.009172248
9554,model_2,0.3984,0.35920775
9555,model_2,0.0441,0.10117395
9556,model_2,0.154,0.16809528
9557,model_2,0.0318,0.064078614
9558,model_2,0.3471,0.37587434
9559,model_2,0.2321,0.14141816
9560,model_2,0.2519,0.20764707
9561,model_2,0.1683,0.123500004
9562,model_2,0.6905,0.7169755
9563,model_2,0.7929,0.7997326
9564,model_2,0.2021,0.09922898
9565,model_2,0.202,0.17541848
9566,model_2,0.5684,0.6018181
9567,model_2,0.0214,0.014864618
9568,model_2,0.3543,0.39514127
9569,model_2,0.071,0.1407291
9570,model_2,0.8694,0.8782628
9571,model_2,0.1517,0.15859826
9572,model_2,0.1276,0.13098198
9573,model_2,0.127,0.1008507
9574,model_2,0.0044,0.010963326
9575,model_2,0.3768,0.31181213
9576,model_2,0.5024,0.4589441
9577,model_2,0.1176,0.12431066
9578,model_2,0.0666,-0.011332301
9579,model_2,0.1956,0.18641436
9580,model_2,0.5414,0.5312277
9581,model_2,0.1355,0.1157103
9582,model_2,0.1167,0.058984183
9583,model_2,0.0611,0.03191629
9584,model_2,0.307,0.33552483
9585,model_2,0.0512,0.028182155
9586,model_2,0.295,0.2916346
9587,model_2,0.1039,0.12656496
9588,model_2,0.7086,0.7024526
9589,model_2,0.1651,0.1510496
9590,model_2,0.1642,0.20696762
9591,model_2,0.1388,0.17634411
9592,model_2,-0.0022,0.008749327
9593,model_2,0.4457,0.44634953
9594,model_2,-0.0297,0.02554456
9595,model_2,0.2719,0.24151586
9596,model_2,-0.0966,-0.13669327
9597,model_2,0.1048,0.0991339
9598,model_2,0.4069,0.3823771
9599,model_2,0.1997,0.117053896
9600,model_2,-0.0116,0.060089886
9601,model_2,0.2078,0.24049248
9602,model_2,0.4836,0.50368375
9603,model_2,0.1863,0.15201437
9604,model_2,0.362,0.40535066
9605,model_2,0.2268,0.21597223
9606,model_2,0.249,0.21863239
9607,model_2,0.4932,0.4674308
9608,model_2,0.292,0.27613518
9609,model_2,0.1233,0.1310908
9610,model_2,0.0517,0.044123203
9611,model_2,0.751,0.75170714
9612,model_2,0.1522,0.11781433
9613,model_2,0.1936,0.20523225
9614,model_2,-0.0445,-0.026012668
9615,model_2,0.5298,0.5207833
9616,model_2,0.3741,0.41168657
9617,model_2,0.3903,0.2191269
9618,model_2,0.3642,0.37645
9619,model_2,0.8593,0.8850489
9620,model_2,-0.048,-0.013122018
9621,model_2,-0.0667,-0.05043055
9622,model_2,0.2688,0.28430542
9623,model_2,0.2375,0.22548677
9624,model_2,0.1418,0.092937775
9625,model_2,0.4094,0.43878493
9626,model_2,0.3228,0.35899353
9627,model_2,0.2364,0.27089486
9628,model_2,0.3392,0.3445392
9629,model_2,0.1583,0.12503272
9630,model_2,0.0374,0.01928419
9631,model_2,0.006,-0.04097248
9632,model_2,0.628,0.6363506
9633,model_2,0.277,0.27892694
9634,model_2,0.3404,0.179195
9635,model_2,0.0868,0.07964215
9636,model_2,0.1473,0.17089936
9637,model_2,0.1708,0.1608378
9638,model_2,0.2602,0.29980198
9639,model_2,0.6417,0.6097215
9640,model_2,0.2694,0.25431344
9641,model_2,0.2062,0.19673376
9642,model_2,0.2356,0.1611036
9643,model_2,0.4068,0.43087038
9644,model_2,0.5324,0.5061763
9645,model_2,0.4149,0.42831412
9646,model_2,0.1489,0.17006339
9647,model_2,0.5229,0.49727312
9648,model_2,0.2194,0.23422186
9649,model_2,0.0457,0.062449962
9650,model_2,0.421,0.5391518
9651,model_2,-0.2134,-0.20537789
9652,model_2,0.0274,0.01022142
9653,model_2,0.2479,0.25676358
9654,model_2,0.2126,0.25486574
9655,model_2,0.261,0.28403
9656,model_2,0.0767,0.10441202
9657,model_2,0.1906,0.14996852
9658,model_2,0.907,0.81988996
9659,model_2,0.3348,0.4111971
9660,model_2,0.0981,0.15219732
9661,model_2,0.0503,0.07233285
9662,model_2,0.0637,0.08284129
9663,model_2,0.0812,0.09175685
9664,model_2,0.2677,0.257386
9665,model_2,0.2157,0.18664716
9666,model_2,0.476,0.34933975
9667,model_2,0.0915,0.11929901
9668,model_2,0.2307,0.18615897
9669,model_2,0.4413,0.44080162
9670,model_2,0.4538,0.45888674
9671,model_2,0.1267,0.19462277
9672,model_2,0.0969,0.14418536
9673,model_2,0.5879,0.56680816
9674,model_2,0.3947,0.3679591
9675,model_2,0.8101,0.80801934
9676,model_2,0.0612,0.08905915
9677,model_2,0.0486,0.094365105
9678,model_2,0.1424,0.13637821
9679,model_2,0.4787,0.47752264
9680,model_2,0.1137,0.10379082
9681,model_2,-0.0505,-0.08543369
9682,model_2,0.1446,0.14742078
9683,model_2,0.1384,0.14282419
9684,model_2,0.2114,0.1840692
9685,model_2,0.0085,-0.025663072
9686,model_2,-0.1217,-0.10353011
9687,model_2,0.211,0.16075304
9688,model_2,0.2418,0.22808413
9689,model_2,0.3499,0.33347556
9690,model_2,0.2659,0.30645204
9691,model_2,0.4139,0.43240696
9692,model_2,0.2004,0.16033931
9693,model_2,0.1268,0.08792653
9694,model_2,0.4527,0.4657733
9695,model_2,0.0998,0.12504555
9696,model_2,-0.2078,-0.121809945
9697,model_2,0.0751,0.11963837
9698,model_2,0.9662,0.88218874
9699,model_2,0.1911,0.17796965
9700,model_2,-0.0199,-0.01306773
9701,model_2,-0.0262,-0.00067172386
9702,model_2,0.1911,0.1920965
9703,model_2,0.1331,0.14207609
9704,model_2,0.2628,0.27685317
9705,model_2,0.4328,0.48328164
9706,model_2,0.1921,0.15335111
9707,model_2,0.317,0.3712217
9708,model_2,0.4629,0.42572346
9709,model_2,0.198,0.19836505
9710,model_2,0.4372,0.45969558
9711,model_2,-0.0902,-0.08129523
9712,model_2,0.2551,0.2042792
9713,model_2,0.5555,0.5333103
9714,model_2,0.8958,0.87065583
9715,model_2,0.1444,0.14706583
9716,model_2,0.1311,0.06437528
9717,model_2,0.3125,0.3259205
9718,model_2,0.4089,0.33752453
9719,model_2,0.077,0.06652944
9720,model_2,0.8549,0.85150754
9721,model_2,0.657,0.7232737
9722,model_2,0.2998,0.32727984
9723,model_2,0.0915,0.13396272
9724,model_2,-0.0765,-0.062216662
9725,model_2,0.0437,0.034515284
9726,model_2,-0.1632,-0.13207462
9727,model_2,0.2769,0.29141513
9728,model_2,0.1088,0.13733883
9729,model_2,0.4198,0.41392362
9730,model_2,0.1674,0.14157425
9731,model_2,0.3163,0.22939982
9732,model_2,0.2986,0.29410428
9733,model_2,0.0935,0.123696014
9734,model_2,0.1892,0.1849898
9735,model_2,0.8698,0.8597035
9736,model_2,0.2915,0.32236058
9737,model_2,0.035,0.038248323
9738,model_2,0.3009,0.18544531
9739,model_2,0.5048,0.5247386
9740,model_2,0.0179,-0.0138665475
9741,model_2,0.0901,0.10676567
9742,model_2,0.6144,0.6197701
9743,model_2,-0.1085,-0.103001
9744,model_2,-0.1185,-0.08841112
9745,model_2,0.1697,0.15186152
9746,model_2,0.0187,0.06461058
9747,model_2,0.4266,0.43904024
9748,model_2,0.4312,0.4153733
9749,model_2,0.7237,0.67821
9750,model_2,0.0761,0.04838591
9751,model_2,0.043,0.03590811
9752,model_2,0.2649,0.33899602
9753,model_2,-0.0154,-0.054979846
9754,model_2,0.083,0.07052241
9755,model_2,0.0286,0.004016582
9756,model_2,0.01,0.035068728
9757,model_2,0.2822,0.29879946
9758,model_2,0.6996,0.7335596
9759,model_2,0.7837,0.74967605
9760,model_2,0.1525,0.19253476
9761,model_2,-0.0255,0.0036194157
9762,model_2,0.3336,0.35068834
9763,model_2,0.3572,0.34439057
9764,model_2,0.0421,0.07058369
9765,model_2,0.3091,0.38857454
9766,model_2,0.1278,0.12755768
9767,model_2,0.0406,0.07358602
9768,model_2,-0.0026,0.09865083
9769,model_2,0.7285,0.69585913
9770,model_2,-0.0418,0.10547666
9771,model_2,0.4164,0.45388457
9772,model_2,0.2772,0.2705509
9773,model_2,-0.0162,-0.02341896
9774,model_2,0.4035,0.39564157
9775,model_2,0.5042,0.47433043
9776,model_2,0.4648,0.48674443
9777,model_2,0.2604,0.2675176
9778,model_2,0.1491,0.13349849
9779,model_2,0.012,-0.0001422558
9780,model_2,0.2225,0.27680233
9781,model_2,0.2312,0.0030606054
9782,model_2,0.6449,0.5952068
9783,model_2,0.259,0.23572995
9784,model_2,0.1399,0.1269948
9785,model_2,0.4947,0.5213333
9786,model_2,0.0802,0.07470378
9787,model_2,0.0975,0.13515837
9788,model_2,0.1282,0.15554751
9789,model_2,-0.0397,0.008448666
9790,model_2,0.1034,0.1419585
9791,model_2,-0.0912,-0.08155942
9792,model_2,0.1344,0.09620346
9793,model_2,0.1877,0.12427132
9794,model_2,0.1106,0.17744456
9795,model_2,0.0884,0.06979234
9796,model_2,0.2197,0.19506432
9797,model_2,-0.0719,-0.07237116
9798,model_2,-0.0219,-0.01534264
9799,model_2,0.2138,0.19372445
9800,model_2,-0.0576,-0.08930127
9801,model_2,0.5599,0.52179486
9802,model_2,0.235,0.2767757
9803,model_2,0.0638,0.02529314
9804,model_2,0.1023,0.09631469
9805,model_2,0.4621,0.44223222
9806,model_2,0.1566,0.15273139
9807,model_2,-0.0475,-0.06330279
9808,model_2,0.2673,0.22818537
9809,model_2,0.0987,0.25035432
9810,model_2,0.3588,0.37566313
9811,model_2,-0.0981,-0.0810299
9812,model_2,0.2204,0.25195462
9813,model_2,0.3277,0.3389296
9814,model_2,0.0259,0.038317256
9815,model_2,0.0245,-0.004477123
9816,model_2,0.0752,0.10042006
9817,model_2,-0.2074,-0.21526572
9818,model_2,0.1601,0.13174812
9819,model_2,0.3877,0.40627947
9820,model_2,0.3747,0.36047444
9821,model_2,0.0725,0.06789332
9822,model_2,0.3704,0.3658164
9823,model_2,-0.0659,-0.011184778
9824,model_2,0.3402,0.26892343
9825,model_2,0.4117,0.41689274
9826,model_2,0.2663,0.30885416
9827,model_2,0.7291,0.7181324
9828,model_2,-0.0922,-0.101045534
9829,model_2,0.1399,0.12252115
9830,model_2,0.221,0.21199925
9831,model_2,0.415,0.43745193
9832,model_2,0.0691,0.0636717
9833,model_2,0.0356,0.023272352
9834,model_2,0.418,0.38129756
9835,model_2,0.3318,0.37841508
9836,model_2,0.1023,0.17319301
9837,model_2,0.6491,0.6692342
9838,model_2,0.203,0.15882513
9839,model_2,0.2804,0.30050054
9840,model_2,0.3307,0.5116218
9841,model_2,0.3233,0.31714004
9842,model_2,0.1961,0.14128025
9843,model_2,0.0142,-0.035653308
9844,model_2,0.3291,0.31020108
9845,model_2,0.2404,0.2713261
9846,model_2,0.2357,0.22933392
9847,model_2,0.4767,0.4692314
9848,model_2,-0.0691,-0.016131695
9849,model_2,0.1162,0.114069566
9850,model_2,0.0803,0.0451798
9851,model_2,0.1129,0.092268854
9852,model_2,0.348,0.36626583
9853,model_2,0.8981,0.9512896
9854,model_2,0.1843,0.19655773
9855,model_2,0.194,0.1713085
9856,model_2,0.1941,0.061945356
9857,model_2,0.5945,0.59342396
9858,model_2,0.3253,0.3681259
9859,model_2,0.7907,0.8097137
9860,model_2,0.5632,0.519381
9861,model_2,0.2268,0.21848175
9862,model_2,0.0569,0.053823724
9863,model_2,0.0205,0.06401193
9864,model_2,0.4199,0.44016862
9865,model_2,0.147,0.14519855
9866,model_2,0.0188,0.08542974
9867,model_2,-0.1539,-0.12765063
9868,model_2,0.1318,0.14096923
9869,model_2,0.1675,0.2757588
9870,model_2,-0.2495,-0.22465487
9871,model_2,0.3716,0.33524057
9872,model_2,0.1775,0.14611776
9873,model_2,0.417,0.4221578
9874,model_2,0.4731,0.51621145
9875,model_2,-0.0632,-0.081211254
9876,model_2,-0.0378,-0.07020136
9877,model_2,0.1285,0.111096725
9878,model_2,0.5484,0.5840021
9879,model_2,0.5413,0.55535024
9880,model_2,0.3591,0.37366953
9881,model_2,0.2468,0.2572367
9882,model_2,0.6208,0.6002075
9883,model_2,0.2782,0.29770386
9884,model_2,0.4231,0.3453329
9885,model_2,0.1098,0.10321109
9886,model_2,0.1322,0.15807427
9887,model_2,-0.0513,0.051109746
9888,model_2,0.3671,0.36189732
9889,model_2,0.1984,0.20286067
9890,model_2,0.4609,0.44690797
9891,model_2,0.2129,0.18635082
9892,model_2,0.3308,0.33218288
9893,model_2,0.5332,0.4935899
9894,model_2,0.1051,0.06892706
9895,model_2,0.1219,0.13370274
9896,model_2,0.3184,0.28838167
9897,model_2,0.5127,0.5391369
9898,model_2,-0.0418,0.048283294
9899,model_2,0.2453,0.2121781
9900,model_2,-0.0526,0.017878802
9901,model_2,0.2302,0.18313374
9902,model_2,0.2048,0.2143551
9903,model_2,0.5012,0.4933286
9904,model_2,0.0247,0.036851406
9905,model_2,0.3498,0.31880987
9906,model_2,0.2581,0.25948256
9907,model_2,0.2902,0.27035323
9908,model_2,0.127,0.11747016
9909,model_2,0.1738,0.1904571
9910,model_2,0.3216,0.2733535
9911,model_2,0.2038,0.22931059
9912,model_2,0.3106,0.2932869
9913,model_2,0.2261,0.22559714
9914,model_2,0.119,0.09083103
9915,model_2,0.6291,0.5855728
9916,model_2,0.1265,0.10965519
9917,model_2,0.6135,0.6100741
9918,model_2,0.2088,0.3176004
9919,model_2,0.6576,0.6605045
9920,model_2,0.2223,0.255133
9921,model_2,0.1441,0.14268051
9922,model_2,0.1135,0.14793757
9923,model_2,0.1723,0.15512405
9924,model_2,0.0413,0.108712345
9925,model_2,0.0305,-0.010316862
9926,model_2,0.2661,0.25113294
9927,model_2,-0.2272,-0.16407147
9928,model_2,0.1897,0.19966416
9929,model_2,0.1463,0.06608373
9930,model_2,0.0954,0.16281171
9931,model_2,0.1637,0.1760623
9932,model_2,-0.0082,0.02324058
9933,model_2,0.0324,0.074634045
9934,model_2,0.1432,0.11733222
9935,model_2,0.6276,0.6022448
9936,model_2,0.5317,0.5395614
9937,model_2,0.3003,0.28975934
9938,model_2,0.4644,0.47089157
9939,model_2,0.6357,0.6716353
9940,model_2,0.1275,0.10783428
9941,model_2,0.0118,0.030688597
9942,model_2,-0.0672,-0.07946851
9943,model_2,0.6828,0.6417134
9944,model_2,0.2908,0.2445942
9945,model_2,0.4486,0.42245826
9946,model_2,0.035,0.005843276
9947,model_2,0.1286,0.17362912
9948,model_2,0.3044,0.29528645
9949,model_2,0.3054,0.29665992
9950,model_2,0.0887,0.07859072
9951,model_2,0.303,0.30593547
9952,model_2,0.0947,0.1066176
9953,model_2,0.3285,0.34786043
9954,model_2,0.1502,0.13163854
9955,model_2,0.6467,0.6394164
9956,model_2,0.1569,0.18040867
9957,model_2,0.3489,0.24258451
9958,model_2,0.2395,0.2002687
9959,model_2,0.0002,0.06336941
9960,model_2,0.1714,0.1493852
9961,model_2,0.1372,0.17621772
9962,model_2,0.551,0.54420906
9963,model_2,0.245,0.22723989
9964,model_2,0.1127,0.055573516
9965,model_2,0.0346,0.050868712
9966,model_2,1.0469,1.0476171
9967,model_2,0.1668,0.179781
9968,model_2,-0.0004,0.0060996544
9969,model_2,0.0281,0.05940187
9970,model_2,0.2422,0.26781043
9971,model_2,0.0906,0.123221025
9972,model_2,0.6866,0.6809773
9973,model_2,0.2193,0.22756664
9974,model_2,0.2241,0.24993835
9975,model_2,0.1189,0.07420476
9976,model_2,0.0681,0.063595116
9977,model_2,0.1981,0.1800616
9978,model_2,0.7888,0.801232
9979,model_2,-0.1117,-0.11234638
9980,model_2,0.3695,0.30664298
9981,model_2,0.2163,0.22649728
9982,model_2,-0.0374,0.040984742
9983,model_2,0.3276,0.281532
9984,model_2,0.2161,0.21168385
9985,model_2,-0.0338,0.2039858
9986,model_2,0.1964,0.23136811
9987,model_2,0.2197,0.20935233
9988,model_2,0.0488,0.020867338
9989,model_2,-0.0139,0.0016390514
9990,model_2,0.358,0.32886046
9991,model_2,0.0146,0.037259333
9992,model_2,0.1459,0.17690176
9993,model_2,0.0515,0.08201641
9994,model_2,-0.191,-0.16004258
9995,model_2,0.0064,0.032430768
9996,model_2,0.2378,0.2334146
9997,model_2,0.0804,0.026495567
9998,model_2,0.5507,0.55551976
9999,model_2,-0.1189,-0.08845897
10000,model_2,0.1737,0.17149724
10001,model_2,0.1549,0.1496012
10002,model_2,-0.1279,0.010404369
10003,model_2,0.1672,0.1741281
10004,model_2,0.191,0.18266876
10005,model_2,0.0489,0.11332491
10006,model_2,0.2186,0.23201667
10007,model_2,0.4036,0.44614998
10008,model_2,0.1032,0.07721307
10009,model_2,0.3471,0.35562226
10010,model_2,0.1593,0.19736214
10011,model_2,0.2669,0.18404378
10012,model_2,0.1294,0.16753817
10013,model_2,0.7793,0.78766966
10014,model_2,0.4005,0.34750068
10015,model_2,0.9503,0.95721203
10016,model_2,0.0115,0.12842676
10017,model_2,0.1465,0.14306135
10018,model_2,0.121,0.15058643
10019,model_2,0.2244,0.34669605
10020,model_2,0.7301,0.7141754
10021,model_2,0.0773,0.06608349
10022,model_2,0.1666,0.17691498
10023,model_2,0.4267,0.45904797
10024,model_2,0.2615,0.37596202
10025,model_2,0.0818,0.12909792
10026,model_2,0.1295,0.13322118
10027,model_2,0.3442,0.37434405
10028,model_2,0.3666,0.42190138
10029,model_2,0.396,0.41977435
10030,model_2,0.7715,0.7632566
10031,model_2,0.4563,0.41901088
10032,model_2,0.7455,0.7397899
10033,model_2,0.1853,0.15609054
10034,model_2,1.0633,1.0381937
10035,model_2,0.2337,0.21504264
10036,model_2,-0.0135,0.033132754
10037,model_2,0.1296,0.1609971
10038,model_2,0.1512,0.14039807
10039,model_2,0.0931,0.08840582
10040,model_2,0.0005,0.011814902
10041,model_2,0.3708,0.3414165
10042,model_2,0.3079,0.38864523
10043,model_2,-0.042,-0.008352041
10044,model_2,0.627,0.66350543
10045,model_2,0.2661,0.27267596
10046,model_2,0.0493,0.10344142
10047,model_2,0.4473,0.38868913
10048,model_2,0.0444,0.016828032
10049,model_2,0.4475,0.40072054
10050,model_2,0.1068,0.10441339
10051,model_2,0.0387,0.039573655
10052,model_2,0.8357,0.76948076
10053,model_2,0.1957,0.18462615
10054,model_2,0.1534,0.20464204
10055,model_2,0.1778,0.13589524
10056,model_2,0.082,0.13306195
10057,model_2,0.0983,0.085526064
10058,model_2,0.1909,0.24437527
10059,model_2,-0.1421,-0.104705974
10060,model_2,0.3538,0.34999546
10061,model_2,0.0383,0.06399506
10062,model_2,0.1273,0.20194139
10063,model_2,0.229,0.17913692
10064,model_2,0.7005,0.68914396
10065,model_2,0.2638,0.27118382
10066,model_2,0.2175,0.19549389
10067,model_2,0.2979,0.3148197
10068,model_2,0.0459,0.060745724
10069,model_2,0.0454,0.005293211
10070,model_2,-0.0247,-0.017929943
10071,model_2,-0.0405,-0.04884339
10072,model_2,0.8188,0.8295066
10073,model_2,0.0055,-0.001277646
10074,model_2,0.3056,0.30268383
10075,model_2,0.1291,0.21397409
10076,model_2,0.1137,0.13495363
10077,model_2,0.1191,0.12311797
10078,model_2,0.5019,0.5160913
10079,model_2,0.4398,0.42473543
10080,model_2,0.0995,0.21790853
10081,model_2,0.4024,0.415411
10082,model_2,-0.0104,-0.021473365
10083,model_2,0.0802,0.10797547
10084,model_2,0.243,0.22712915
10085,model_2,0.3213,0.41586328
10086,model_2,0.1324,0.11075652
10087,model_2,0.0276,0.11148827
10088,model_2,0.1115,0.13130353
10089,model_2,0.2279,0.2520363
10090,model_2,0.1277,0.09188683
10091,model_2,0.1345,0.16983894
10092,model_2,0.6448,0.64733684
10093,model_2,0.0634,0.15542106
10094,model_2,0.1931,0.19268076
10095,model_2,-0.0443,-0.021405375
10096,model_2,0.5976,0.59870905
10097,model_2,0.4237,0.41707316
10098,model_2,0.4184,0.3817695
10099,model_2,0.2369,0.20249654
10100,model_2,0.3262,0.3181964
10101,model_2,0.1064,0.15007311
10102,model_2,0.2266,0.23335494
10103,model_2,0.3056,0.29708236
10104,model_2,0.1059,0.07774567
10105,model_2,0.1512,0.23078401
10106,model_2,0.6412,0.6068613
10107,model_2,-0.1093,-0.093596116
10108,model_2,0.197,0.19741838
10109,model_2,0.2793,0.23966835
10110,model_2,0.0949,0.071058795
10111,model_2,0.0941,0.14653258
10112,model_2,0.2681,0.19159065
10113,model_2,0.1506,0.17361796
10114,model_2,0.541,0.55089295
10115,model_2,-0.197,-0.1507457
10116,model_2,0.0207,0.018947931
10117,model_2,0.1612,0.14534259
10118,model_2,0.2976,0.2687272
10119,model_2,0.1053,0.071986936
10120,model_2,0.0605,0.04227847
10121,model_2,0.203,0.22536226
10122,model_2,0.5301,0.52350163
10123,model_2,0.0644,0.08035064
10124,model_2,0.0101,0.14900343
10125,model_2,0.0735,0.09745991
10126,model_2,0.2993,0.50142187
10127,model_2,0.2165,0.13466854
10128,model_2,0.1326,0.10697211
10129,model_2,0.2096,0.24784015
10130,model_2,0.2176,0.22573993
10131,model_2,0.0781,0.11444627
10132,model_2,0.5963,0.6046862
10133,model_2,0.4866,0.48118344
10134,model_2,0.0308,0.033832744
10135,model_2,0.1031,0.12708043
10136,model_2,0.5107,0.50121236
10137,model_2,0.1572,0.1353
10138,model_2,0.0631,0.0983873
10139,model_2,0.0194,0.035850734
10140,model_2,0.2488,0.2294695
10141,model_2,0.3295,0.3916662
10142,model_2,0.0123,0.053568825
10143,model_2,0.3926,0.37380967
10144,model_2,0.494,0.47597298
10145,model_2,-0.0401,-0.048485875
10146,model_2,0.4773,0.12805821
10147,model_2,0.3363,0.3431835
10148,model_2,0.0693,0.06081965
10149,model_2,0.095,0.13672842
10150,model_2,-0.0204,-0.0028576348
10151,model_2,0.4606,0.43049318
10152,model_2,0.2732,0.21160682
10153,model_2,-0.221,-0.013146168
10154,model_2,0.2259,0.17037478
10155,model_2,0.1978,0.19815242
10156,model_2,0.8971,0.8924681
10157,model_2,0.3388,0.3924579
10158,model_2,0.0889,0.085726276
10159,model_2,0.3391,0.40607283
10160,model_2,0.347,0.33786735
10161,model_2,-0.0311,0.0029773992
10162,model_2,0.0086,-0.008799894
10163,model_2,0.2081,0.27027372
10164,model_2,0.3199,0.303691
10165,model_2,0.3753,0.35108843
10166,model_2,0.571,0.5397647
10167,model_2,0.2248,0.22093855
10168,model_2,0.4147,0.383451
10169,model_2,0.0817,0.1440296
10170,model_2,0.1542,0.16932082
10171,model_2,0.3194,0.3192134
10172,model_2,0.1097,0.114666164
10173,model_2,0.1974,0.17640743
10174,model_2,0.1406,0.065983936
10175,model_2,0.3283,0.36694828
10176,model_2,-0.0121,0.037197165
10177,model_2,0.816,0.8659458
10178,model_2,0.0789,0.07701912
10179,model_2,-0.0363,-0.006856894
10180,model_2,0.1535,0.113557085
10181,model_2,0.3245,0.32896844
10182,model_2,0.005,0.0109442305
10183,model_2,0.079,0.116464585
10184,model_2,0.2828,0.3081313
10185,model_2,0.6512,0.638649
10186,model_2,0.0492,0.0650077
10187,model_2,0.3056,0.30247846
10188,model_2,0.1809,0.18648149
10189,model_2,0.1179,0.15955791
10190,model_2,0.3913,0.38519487
10191,model_2,0.3729,0.39137587
10192,model_2,0.1774,0.096144296
10193,model_2,0.078,0.031314984
10194,model_2,0.0252,0.05234801
10195,model_2,0.1526,0.1296271
10196,model_2,0.0115,0.0551465
10197,model_2,0.9149,0.9078757
10198,model_2,0.2847,0.25517914
10199,model_2,0.2467,0.17214908
10200,model_2,0.2093,0.13376406
10201,model_2,0.1879,0.13670664
10202,model_2,0.1796,0.15767993
10203,model_2,0.2218,0.21071163
10204,model_2,0.5081,0.51186836
10205,model_2,0.0782,0.12216221
10206,model_2,0.1901,0.20814632
10207,model_2,0.6441,0.6558225
10208,model_2,0.0603,0.09239574
10209,model_2,0.0707,0.022089252
10210,model_2,-0.0354,-0.04088032
10211,model_2,0.1585,0.21320207
10212,model_2,0.0387,0.05029179
10213,model_2,0.0831,0.09352249
10214,model_2,0.2568,0.18323627
10215,model_2,0.0097,0.01805533
10216,model_2,0.3818,0.38062605
10217,model_2,0.316,0.32622406
10218,model_2,-0.1671,-0.15917383
10219,model_2,-0.2004,-0.21039595
10220,model_2,0.0032,0.008657383
10221,model_2,0.1909,0.18611188
10222,model_2,0.0881,0.096167125
10223,model_2,0.3561,0.23766266
10224,model_2,0.0406,0.022093182
10225,model_2,0.3386,0.33859852
10226,model_2,0.4512,0.39037022
10227,model_2,0.3188,0.30565205
10228,model_2,-0.0581,-0.022880929
10229,model_2,0.1224,0.09062772
10230,model_2,0.2503,0.18294665
10231,model_2,0.3742,0.35626242
10232,model_2,0.2559,0.22054218
10233,model_2,0.251,0.24435441
10234,model_2,0.8897,0.8799884
10235,model_2,0.2299,0.26397365
10236,model_2,0.3352,0.3558836
10237,model_2,0.2725,0.19840309
10238,model_2,-0.0393,0.050712556
10239,model_2,0.341,0.2668364
10240,model_2,-0.1158,0.017800828
10241,model_2,0.1794,0.16072302
10242,model_2,0.6834,0.7196922
10243,model_2,0.0123,0.010740636
10244,model_2,0.0318,0.03658524
10245,model_2,0.4215,0.38404182
10246,model_2,0.1461,0.1665797
10247,model_2,0.4939,0.5543211
10248,model_2,0.2,0.28885475
10249,model_2,-0.0005,-0.00035273843
10250,model_2,0.2523,0.18965594
10251,model_2,0.3581,0.33363184
10252,model_2,0.0932,0.09875908
10253,model_2,0.3157,0.2684499
10254,model_2,0.3824,0.38801846
10255,model_2,0.2338,0.36687908
10256,model_2,0.7108,0.71629363
10257,model_2,0.273,0.15444049
10258,model_2,0.7293,0.71300775
10259,model_2,0.0767,0.10485901
10260,model_2,0.2564,0.25880712
10261,model_2,0.2476,0.21992896
10262,model_2,0.2067,0.21156465
10263,model_2,0.1913,0.1923189
10264,model_2,0.0675,0.09260998
10265,model_2,-0.0054,-0.04743883
10266,model_2,0.2115,0.189977
10267,model_2,0.13,0.13370337
10268,model_2,0.4002,0.38409045
10269,model_2,0.2019,0.16609086
10270,model_2,0.2081,0.19178243
10271,model_2,0.1041,0.09550948
10272,model_2,0.2262,0.23207705
10273,model_2,0.2419,0.26181424
10274,model_2,0.1488,0.120917484
10275,model_2,0.4167,0.4127128
10276,model_2,0.3476,0.35712978
10277,model_2,0.1692,0.13239554
10278,model_2,0.0908,0.088934585
10279,model_2,0.4398,0.40002424
10280,model_2,0.1441,0.14924383
10281,model_2,-0.151,-0.1546455
10282,model_2,0.2805,0.20200995
10283,model_2,0.0563,0.067491
10284,model_2,-0.0013,0.05190081
10285,model_2,0.3462,0.32234877
10286,model_2,0.1595,0.16484417
10287,model_2,0.1481,0.127229
10288,model_2,0.1656,0.20577623
10289,model_2,0.882,0.9122298
10290,model_2,0.4558,0.44550762
10291,model_2,-0.0536,-0.05568301
10292,model_2,0.1436,0.15911171
10293,model_2,0.1817,0.20994097
10294,model_2,0.1295,0.12099327
10295,model_2,0.0757,0.077318974
10296,model_2,0.1167,0.067585655
10297,model_2,0.0541,0.10609032
10298,model_2,0.0337,0.0051657427
10299,model_2,0.6602,0.67009884
10300,model_2,0.0268,0.027789658
10301,model_2,0.0422,0.039171487
10302,model_2,0.1782,0.22107466
10303,model_2,0.4441,0.39591768
10304,model_2,0.0323,0.052679375
10305,model_2,0.6639,0.6037592
10306,model_2,0.0376,-0.012026349
10307,model_2,0.5638,0.5570802
10308,model_2,0.2352,0.23175071
10309,model_2,0.0876,0.08383257
10310,model_2,-0.1387,-0.122528486
10311,model_2,0.5722,0.56899124
10312,model_2,0.2226,0.2580352
10313,model_2,0.8884,0.90141016
10314,model_2,0.227,0.21705788
10315,model_2,0.2463,0.3306822
10316,model_2,0.5207,0.50369793
10317,model_2,0.3029,0.3307323
10318,model_2,0.2458,0.24367656
10319,model_2,0.0555,0.03006112
10320,model_2,0.2703,0.2536671
10321,model_2,0.1372,0.16871339
10322,model_2,-0.076,-0.027714105
10323,model_2,0.2013,0.17139356
10324,model_2,0.1571,0.12398578
10325,model_2,0.2774,0.302508
10326,model_2,0.7497,0.72838384
10327,model_2,0.3513,0.25433785
10328,model_2,0.1974,0.23419403
10329,model_2,0.0347,0.024448046
10330,model_2,-0.1634,-0.13148986
10331,model_2,0.0919,0.103914216
10332,model_2,0.2581,0.27546325
10333,model_2,0.2677,0.28335038
10334,model_2,0.6615,0.6462689
10335,model_2,0.2844,0.30760944
10336,model_2,0.2768,0.26690146
10337,model_2,0.0322,0.033072792
10338,model_2,0.4114,0.39168766
10339,model_2,0.2891,0.2129714
10340,model_2,-0.1213,-0.09917912
10341,model_2,0.0137,0.020103456
10342,model_2,0.4425,0.45492396
10343,model_2,0.171,0.22648697
10344,model_2,-0.1109,-0.15482073
10345,model_2,0.3187,0.29494044
10346,model_2,0.034,0.07054506
10347,model_2,0.0391,0.08352128
10348,model_2,0.278,0.25464883
10349,model_2,-0.0065,-0.04863505
10350,model_2,0.0317,0.07221517
10351,model_2,0.2692,0.25424966
10352,model_2,0.3194,0.30695704
10353,model_2,0.0552,0.048537165
10354,model_2,0.1209,0.10737671
10355,model_2,0.2694,0.28247038
10356,model_2,0.2114,0.23945136
10357,model_2,0.0968,0.08491382
10358,model_2,0.2243,0.17578137
10359,model_2,0.1315,0.12409592
10360,model_2,0.4578,0.46634576
10361,model_2,0.7186,0.7106156
10362,model_2,0.7336,0.7042656
10363,model_2,0.2202,0.24355422
10364,model_2,0.2336,0.2395903
10365,model_2,0.1791,0.1470208
10366,model_2,0.5939,0.6241513
10367,model_2,0.4736,0.51996857
10368,model_2,0.6839,0.7269215
10369,model_2,0.4972,0.4631761
10370,model_2,0.0961,0.109776065
10371,model_2,0.0988,0.0762936
10372,model_2,0.3287,0.36979935
10373,model_2,0.3233,0.29812127
10374,model_2,-0.0581,0.041030794
10375,model_2,0.0896,0.12672745
10376,model_2,0.6775,0.6851681
10377,model_2,0.3069,0.29759946
10378,model_2,-0.0195,-0.034018435
10379,model_2,0.0418,0.021427168
10380,model_2,0.1425,0.21892777
10381,model_2,-0.1394,-0.17286693
10382,model_2,0.5988,0.5954141
10383,model_2,-0.047,-0.0300754
10384,model_2,0.0816,0.067629546
10385,model_2,0.2695,0.21770947
10386,model_2,0.1244,0.13160397
10387,model_2,0.1779,0.1980537
10388,model_2,0.6033,0.5585703
10389,model_2,0.1064,0.086233124
10390,model_2,0.046,0.09893544
10391,model_2,0.1202,0.11445658
10392,model_2,0.5019,0.5164485
10393,model_2,0.0017,0.014544973
10394,model_2,0.3738,0.37728283
10395,model_2,0.0798,0.059758596
10396,model_2,0.3139,0.36092946
10397,model_2,0.2962,0.25507846
10398,model_2,0.4756,0.47811797
10399,model_2,0.1559,0.11826445
10400,model_2,0.8671,0.83113533
10401,model_2,0.0357,0.07967917
10402,model_2,0.0232,0.04857465
10403,model_2,0.2867,0.22483873
10404,model_2,0.2936,0.27210134
10405,model_2,0.3752,0.25209236
10406,model_2,0.3892,0.31827125
10407,model_2,0.0857,0.063188165
10408,model_2,-0.1297,-0.07671535
10409,model_2,0.3019,0.3459783
10410,model_2,0.0906,0.074919894
10411,model_2,0.0705,0.10287464
10412,model_2,0.0892,0.10226543
10413,model_2,0.0534,0.11006428
10414,model_2,0.3242,0.30090266
10415,model_2,0.4617,0.4283591
10416,model_2,-0.1094,-0.07203826
10417,model_2,0.2628,0.2551179
10418,model_2,0.4246,0.31367293
10419,model_2,0.3841,0.32152703
10420,model_2,0.0125,0.020116957
10421,model_2,0.2735,0.23811592
10422,model_2,0.3603,0.37200028
10423,model_2,0.7488,0.62036633
10424,model_2,0.3669,0.28526706
10425,model_2,0.4798,0.48749867
10426,model_2,0.2088,0.23631482
10427,model_2,0.2065,0.19144866
10428,model_2,0.4067,0.42847958
10429,model_2,0.4177,0.25169167
10430,model_2,0.05,0.053044125
10431,model_2,-0.0858,-0.08933259
10432,model_2,0.3011,0.25781313
10433,model_2,0.0367,0.06396145
10434,model_2,0.1726,0.11571507
10435,model_2,0.2722,0.2704318
10436,model_2,0.007,-0.01471786
10437,model_2,0.1991,0.19324236
10438,model_2,0.1447,0.12335692
10439,model_2,0.9204,0.9313812
10440,model_2,0.1682,0.20911036
10441,model_2,0.3648,0.26969275
10442,model_2,0.0616,0.08635398
10443,model_2,0.9915,0.9792585
10444,model_2,-0.013,0.00019237585
10445,model_2,0.4678,0.45550126
10446,model_2,0.4732,0.3958504
10447,model_2,0.1624,0.22379054
10448,model_2,0.0874,-0.028620487
10449,model_2,0.2213,0.13414584
10450,model_2,0.1921,0.1621567
10451,model_2,0.6105,0.62251025
10452,model_2,0.2677,0.28552783
10453,model_2,0.0104,0.016001401
10454,model_2,0.2394,0.20283727
10455,model_2,0.2982,0.22280313
10456,model_2,0.0512,0.05396185
10457,model_2,0.4783,0.49475577
10458,model_2,-0.0343,-0.046412747
10459,model_2,-0.0991,-0.06419373
10460,model_2,-0.1123,-0.070442066
10461,model_2,0.2391,0.25750077
10462,model_2,0.5738,0.4609257
10463,model_2,0.2239,0.24300449
10464,model_2,0.051,0.044698335
10465,model_2,-0.1367,-0.11873214
10466,model_2,0.3705,0.34545723
10467,model_2,0.1093,0.14415918
10468,model_2,0.1749,0.12792897
10469,model_2,0.1765,0.18057005
10470,model_2,0.0555,0.10304585
10471,model_2,0.2369,0.23719557
10472,model_2,0.0737,0.11810006
10473,model_2,0.0739,0.1330885
10474,model_2,0.0349,0.1801684
10475,model_2,0.1911,0.15962683
10476,model_2,0.4731,0.4774303
10477,model_2,0.6034,0.61159515
10478,model_2,0.1201,0.117718056
10479,model_2,0.4201,0.4195854
10480,model_2,0.0998,0.18312664
10481,model_2,0.3019,0.34858832
10482,model_2,0.2721,0.33688694
10483,model_2,0.5276,0.5197108
10484,model_2,-0.1083,-0.05713331
10485,model_2,0.2696,0.23754679
10486,model_2,-0.0311,0.051817402
10487,model_2,0.2508,0.23328485
10488,model_2,0.3039,0.1969097
10489,model_2,-0.0314,-0.0119726695
10490,model_2,0.3863,0.42436084
10491,model_2,0.1919,0.23157959
10492,model_2,-0.0266,-0.03962019
10493,model_2,-0.0687,-0.09099524
10494,model_2,0.3339,0.29471526
10495,model_2,0.0969,0.109865695
10496,model_2,0.7938,0.7516286
10497,model_2,0.5657,0.55278265
10498,model_2,0.1286,0.16275871
10499,model_2,0.3885,0.38735393
10500,model_2,-0.0489,-0.07948419
10501,model_2,0.255,0.23098285
10502,model_2,0.0386,0.07708901
10503,model_2,0.5836,0.47320202
10504,model_2,0.3233,0.2563778
10505,model_2,0.4311,0.36545947
10506,model_2,0.0128,-0.010747416
10507,model_2,0.0126,-0.00035420433
10508,model_2,0.2527,0.3324515
10509,model_2,0.0752,0.09751712
10510,model_2,0.334,0.35015902
10511,model_2,0.0758,0.08796996
10512,model_2,0.3366,0.3334554
10513,model_2,0.1089,0.07663524
10514,model_2,0.1692,0.12328081
10515,model_2,0.2228,0.25553635
10516,model_2,0.0287,-0.0021757204
10517,model_2,0.4356,0.44429278
10518,model_2,0.0859,0.12278932
10519,model_2,0.6341,0.62415844
10520,model_2,0.0561,0.041988283
10521,model_2,0.0566,0.100881174
10522,model_2,0.1331,0.13700996
10523,model_2,0.066,0.08429046
10524,model_2,0.0936,0.096303806
10525,model_2,0.2449,0.22345828
10526,model_2,-0.0098,-0.047681786
10527,model_2,0.1675,0.20371991
10528,model_2,0.4185,0.48784485
10529,model_2,0.1566,0.1678179
10530,model_2,0.3762,0.2907358
10531,model_2,-0.0079,-0.05100348
10532,model_2,0.0353,0.005579889
10533,model_2,0.1644,0.14902286
10534,model_2,0.0658,0.10333778
10535,model_2,0.3621,0.30191645
10536,model_2,0.1763,0.23003559
10537,model_2,0.2067,0.20844564
10538,model_2,0.3036,0.23336463
10539,model_2,0.1705,0.15314299
10540,model_2,0.0643,0.048711456
10541,model_2,0.2181,0.2235124
10542,model_2,0.359,0.33180597
10543,model_2,0.7038,0.6880042
10544,model_2,0.0609,0.070200354
10545,model_2,-0.0449,-0.047427453
10546,model_2,0.1028,0.064410836
10547,model_2,0.1165,0.1086462
10548,model_2,0.1325,0.15482701
10549,model_2,0.4258,0.4510832
10550,model_2,0.113,0.102936715
10551,model_2,0.2893,0.29896763
10552,model_2,0.0332,0.00015600212
10553,model_2,0.417,0.42198667
10554,model_2,0.0296,0.047372013
10555,model_2,0.3096,0.31065682
10556,model_2,0.4775,0.41360936
10557,model_2,0.0254,0.020108996
10558,model_2,-0.0355,-0.023493195
10559,model_2,0.1213,0.12222804
10560,model_2,0.1306,0.12551819
10561,model_2,0.0947,0.1158966
10562,model_2,0.0422,0.041109294
10563,model_2,-0.1869,-0.17833796
10564,model_2,0.0338,0.09761953
10565,model_2,0.093,0.074088514
10566,model_2,0.4244,0.3921
10567,model_2,0.146,0.185014
10568,model_2,0.2625,0.24555407
10569,model_2,0.6186,0.70752305
10570,model_2,0.6094,0.5798021
10571,model_2,-0.155,-0.09161795
10572,model_2,-0.0334,0.04182663
10573,model_2,0.1951,0.14874937
10574,model_2,0.2711,0.31508043
10575,model_2,0.0548,0.037996754
10576,model_2,0.754,0.7520458
10577,model_2,-0.0088,-0.004522981
10578,model_2,0.353,0.32672128
10579,model_2,0.2414,0.24100427
10580,model_2,0.2154,0.26516807
10581,model_2,0.0493,0.058777623
10582,model_2,0.3207,0.29533336
10583,model_2,0.1382,0.15730542
10584,model_2,-0.1783,-0.14794508
10585,model_2,0.8257,0.7983214
10586,model_2,0.4864,0.47610065
10587,model_2,0.6914,0.7184881
10588,model_2,0.1373,0.25662032
10589,model_2,0.2125,0.25791475
10590,model_2,0.2492,0.21887065
10591,model_2,0.5314,0.5417131
10592,model_2,0.4265,0.44482344
10593,model_2,0.3585,0.3699728
10594,model_2,-0.0642,-0.091315836
10595,model_2,0.102,0.15653586
10596,model_2,0.8595,0.8289937
10597,model_2,0.2612,0.20308019
10598,model_2,0.4236,0.4611033
10599,model_2,0.1992,0.190693
10600,model_2,0.4507,0.475531
10601,model_2,0.7115,0.69305724
10602,model_2,-0.1164,-0.104991294
10603,model_2,0.195,0.14327045
10604,model_2,-0.0374,-0.03252446
10605,model_2,0.2711,0.26209444
10606,model_2,-0.0186,-0.01665167
10607,model_2,0.2629,0.21062534
10608,model_2,0.0375,-0.003786901
10609,model_2,-0.0356,0.057738394
10610,model_2,0.1238,0.08427954
10611,model_2,-0.0333,-0.002666453
10612,model_2,0.3234,0.2940735
10613,model_2,0.1518,0.097499326
10614,model_2,0.2643,0.25233766
10615,model_2,0.1736,0.13698028
10616,model_2,0.5562,0.50871915
10617,model_2,0.6766,0.65261537
10618,model_2,0.8419,0.83209044
10619,model_2,0.387,0.36715367
10620,model_2,0.8076,0.8473223
10621,model_2,0.1448,0.15692042
10622,model_2,-0.0785,-0.06488873
10623,model_2,0.6639,0.6344424
10624,model_2,0.0613,0.10609409
10625,model_2,-0.0464,-0.02454829
10626,model_2,0.3354,0.3000655
10627,model_2,0.2963,0.2509217
10628,model_2,0.2019,0.20503955
10629,model_2,0.1824,0.17661873
10630,model_2,0.1763,0.12524067
10631,model_2,0.2625,0.23845647
10632,model_2,-0.0045,0.050116375
10633,model_2,0.1073,0.10250667
10634,model_2,0.187,0.13160352
10635,model_2,0.0886,0.1996901
10636,model_2,-0.0699,-0.052368943
10637,model_2,0.1262,0.07093628
10638,model_2,0.4338,0.45353815
10639,model_2,0.4657,0.42880198
10640,model_2,0.6045,0.5774792
10641,model_2,-0.0867,-0.08351711
10642,model_2,0.3523,0.28864035
10643,model_2,-0.0355,0.007273428
10644,model_2,0.318,0.3398184
10645,model_2,0.2709,0.30841646
10646,model_2,0.3761,0.38009003
10647,model_2,-0.1246,-0.11683814
10648,model_2,0.1193,0.13603765
10649,model_2,0.1881,0.19974424
10650,model_2,0.3726,0.32799068
10651,model_2,0.6418,0.64493245
10652,model_2,0.256,0.22279622
10653,model_2,0.2293,0.18931435
10654,model_2,0.115,0.15249372
10655,model_2,0.7218,0.7460181
10656,model_2,0.1697,0.19063805
10657,model_2,0.375,0.37683958
10658,model_2,0.4355,0.44877693
10659,model_2,0.1799,0.18227631
10660,model_2,0.1048,0.12650459
10661,model_2,0.2793,0.2531331
10662,model_2,0.0345,0.0040114485
10663,model_2,-0.0262,-0.008704379
10664,model_2,0.0416,0.03035404
10665,model_2,1.0144,0.99665827
10666,model_2,0.2524,0.24381821
10667,model_2,-0.0124,0.0008749403
10668,model_2,-0.1637,-0.15799163
10669,model_2,0.1381,0.1623434
10670,model_2,0.6514,0.6422403
10671,model_2,-0.0627,-0.014595977
10672,model_2,0.4353,0.42337218
10673,model_2,0.1745,0.14945577
10674,model_2,0.122,0.16814324
10675,model_2,0.2754,0.27717045
10676,model_2,0.111,0.082611084
10677,model_2,0.4005,0.42634517
10678,model_2,0.475,0.44251755
10679,model_2,0.3676,0.35554034
10680,model_2,0.0766,0.12563007
10681,model_2,0.6857,0.7498475
10682,model_2,0.6249,0.6163128
10683,model_2,0.2694,0.19726232
10684,model_2,0.233,0.2079981
10685,model_2,0.353,0.35864815
10686,model_2,-0.0391,0.0738477
10687,model_2,0.1883,0.19781892
10688,model_2,0.2604,0.22385274
10689,model_2,0.2336,0.21119599
10690,model_2,0.6381,0.6248124
10691,model_2,0.0683,0.071330026
10692,model_2,0.0146,0.18994762
10693,model_2,-0.0181,-0.09120204
10694,model_2,0.1454,0.14133875
10695,model_2,-0.0251,0.0047279056
10696,model_2,-0.1216,-0.11014564
10697,model_2,0.2582,0.2518054
10698,model_2,0.1739,0.24691145
10699,model_2,0.1532,0.17233187
10700,model_2,0.2166,0.23298483
10701,model_2,0.1988,0.18435508
10702,model_2,0.1604,0.21174058
10703,model_2,0.724,0.7173291
10704,model_2,0.0657,0.07322729
10705,model_2,0.5618,0.5802288
10706,model_2,-0.0271,-0.029383937
10707,model_2,0.1773,0.24463467
10708,model_2,0.3252,0.3215526
10709,model_2,0.198,0.1829099
10710,model_2,-0.0942,0.0030449647
10711,model_2,0.6169,0.6309628
10712,model_2,0.0827,0.074589014
10713,model_2,0.4194,0.37067327
10714,model_2,0.1056,0.037047997
10715,model_2,-0.016,-0.0047511887
10716,model_2,-0.0152,0.05870086
10717,model_2,0.1894,0.16718538
10718,model_2,0.5376,0.52363175
10719,model_2,0.4014,0.3783826
10720,model_2,0.8186,0.81300235
10721,model_2,-0.0249,-0.028616989
10722,model_2,-0.0612,-0.053076107
10723,model_2,-0.206,-0.17239673
10724,model_2,0.5272,0.5280665
10725,model_2,0.2488,0.18166207
10726,model_2,0.1423,0.12605979
10727,model_2,-0.0698,-0.06222038
10728,model_2,0.1052,0.14247967
10729,model_2,0.0292,0.03272575
10730,model_2,0.0857,0.0561696
10731,model_2,0.2841,0.3070859
10732,model_2,0.1528,0.14342037
10733,model_2,0.4868,0.43337074
10734,model_2,0.0453,0.02863009
10735,model_2,0.5002,0.5143312
10736,model_2,0.2072,0.2085362
10737,model_2,0.1822,0.22262938
10738,model_2,0.2111,0.23648812
10739,model_2,0.2864,0.3211309
10740,model_2,0.0528,0.06866674
10741,model_2,0.3802,0.32798776
10742,model_2,0.5333,0.50142497
10743,model_2,0.2706,0.2855805
10744,model_2,-0.1413,-0.15665907
10745,model_2,0.1266,0.14488031
10746,model_2,0.1285,0.11801998
10747,model_2,0.3442,0.37898687
10748,model_2,0.3737,0.34015068
10749,model_2,0.2735,0.28203526
10750,model_2,0.362,0.36924168
10751,model_2,0.0378,0.09654988
10752,model_2,0.3053,0.47946534
10753,model_2,0.2755,0.2780653
10754,model_2,0.2456,0.26977494
10755,model_2,0.2428,0.2285255
10756,model_2,0.4214,0.4320046
10757,model_2,-0.0668,-0.09396738
10758,model_2,0.072,0.032516852
10759,model_2,0.4906,0.5384659
10760,model_2,0.7962,0.80107814
10761,model_2,0.1824,0.205824
10762,model_2,0.0267,0.0043945517
10763,model_2,-0.0807,-0.063282445
10764,model_2,0.2998,0.2477244
10765,model_2,0.7914,0.8062461
10766,model_2,0.5554,0.58380646
10767,model_2,0.6613,0.64189297
10768,model_2,0.1391,0.13500775
10769,model_2,0.0907,0.10829255
10770,model_2,0.4981,0.45064652
10771,model_2,0.1138,0.15689762
10772,model_2,0.2464,0.18728667
10773,model_2,0.1193,0.21569853
10774,model_2,0.1552,0.17587799
10775,model_2,0.1722,0.14622843
10776,model_2,0.4893,0.43539038
10777,model_2,0.4786,0.5416234
10778,model_2,0.5731,0.6217638
10779,model_2,0.3182,0.3754432
10780,model_2,0.1024,0.09463497
10781,model_2,0.834,0.7866427
10782,model_2,0.0119,0.013551278
10783,model_2,-0.0682,-0.030513475
10784,model_2,0.2639,0.2965369
10785,model_2,0.0865,0.084281325
10786,model_2,0.3875,0.38893494
10787,model_2,0.6545,0.66072
10788,model_2,-0.0593,-0.08519624
10789,model_2,0.5307,0.5483689
10790,model_2,0.4603,0.46009788
10791,model_2,0.3729,0.31947383
10792,model_2,0.3442,0.32556054
10793,model_2,0.2174,0.18606383
10794,model_2,0.1505,0.14052571
10795,model_2,0.4155,0.38203898
10796,model_2,-0.1341,-0.09009836
10797,model_2,0.3035,0.40745902
10798,model_2,0.2483,0.2115504
10799,model_2,0.3472,0.30792204
10800,model_2,0.4148,0.4180722
10801,model_2,0.074,0.10757841
10802,model_2,0.1852,0.17335881
10803,model_2,0.0474,0.08792463
10804,model_2,-0.2197,-0.22060227
10805,model_2,0.2903,0.30536819
10806,model_2,0.0917,0.10091229
10807,model_2,0.0484,0.11947958
10808,model_2,0.1054,0.12618215
10809,model_2,0.1959,0.20645396
10810,model_2,0.2398,0.24234591
10811,model_2,0.0737,0.06534554
10812,model_2,0.2692,0.35472903
10813,model_2,0.3841,0.36934116
10814,model_2,0.6215,0.63511866
10815,model_2,0.0801,0.10195699
10816,model_2,0.0483,0.036166675
10817,model_2,0.3929,0.37109497
10818,model_2,0.1631,0.18138921
10819,model_2,0.0222,0.038997665
10820,model_2,0.4742,0.43452314
10821,model_2,0.2134,0.20905842
10822,model_2,0.1285,0.105786696
10823,model_2,0.2461,0.2468688
10824,model_2,0.6245,0.61193305
10825,model_2,0.0083,0.023714108
10826,model_2,0.2612,0.27613512
10827,model_2,0.2475,0.2666673
10828,model_2,0.0566,0.05414454
10829,model_2,0.2895,0.27685097
10830,model_2,0.3308,0.35499835
10831,model_2,0.2631,0.28311428
10832,model_2,-0.2061,-0.21440694
10833,model_2,0.1494,0.18108238
10834,model_2,-0.0297,0.022794293
10835,model_2,0.1774,0.14677995
10836,model_2,0.0808,0.25911757
10837,model_2,0.114,0.12829198
10838,model_2,0.0987,0.103267
10839,model_2,-0.0136,-0.08512353
10840,model_2,0.1174,0.1221997
10841,model_2,0.3768,0.3938983
10842,model_2,0.2963,0.3076968
10843,model_2,0.1514,0.14554696
10844,model_2,0.2605,0.2649746
10845,model_2,0.1416,0.10360025
10846,model_2,0.0,0.034175023
10847,model_2,0.2481,0.18768568
10848,model_2,0.4925,0.522417
10849,model_2,0.4123,0.40311977
10850,model_2,0.2293,0.23457335
10851,model_2,0.1969,0.24777912
10852,model_2,0.5025,0.4653473
10853,model_2,0.0838,0.15320058
10854,model_2,0.103,0.12483314
10855,model_2,0.3434,0.27493402
10856,model_2,0.2999,0.2782261
10857,model_2,-0.2141,-0.13348415
10858,model_2,0.0386,0.04189317
10859,model_2,0.2813,0.3085064
10860,model_2,0.3179,0.3022358
10861,model_2,0.1665,0.17125203
10862,model_2,0.068,0.08789816
10863,model_2,0.1639,0.1751789
10864,model_2,0.1427,0.118453905
10865,model_2,0.352,0.36359948
10866,model_2,0.3143,0.30832335
10867,model_2,0.4993,0.48309484
10868,model_2,0.1926,0.21766865
10869,model_2,0.2297,0.26373878
10870,model_2,0.0957,0.11484556
10871,model_2,0.0873,0.10928643
10872,model_2,0.2542,0.28492364
10873,model_2,0.3934,0.3824692
10874,model_2,0.4205,0.4087259
10875,model_2,0.2097,0.1960402
10876,model_2,-0.0093,-0.02692392
10877,model_2,-0.064,0.015345914
10878,model_2,-0.0638,-0.047014803
10879,model_2,0.5304,0.4928302
10880,model_2,0.1782,0.1472685
10881,model_2,0.0668,0.06366057
10882,model_2,-0.0223,0.034927122
10883,model_2,0.0224,0.01395805
10884,model_2,0.0633,0.08341044
10885,model_2,0.1513,0.15028626
10886,model_2,0.1875,0.17741925
10887,model_2,0.2298,0.21746299
10888,model_2,0.5945,0.6239516
10889,model_2,0.405,0.4591974
10890,model_2,0.1843,0.19223052
10891,model_2,0.2151,0.22844614
10892,model_2,0.4072,0.42745587
10893,model_2,1.0229,1.0727239
10894,model_2,0.2465,0.2169424
10895,model_2,0.3792,0.3238295
10896,model_2,0.1214,0.20674154
10897,model_2,0.2769,0.28164622
10898,model_2,0.4407,0.46071896
10899,model_2,0.005,0.024467325
10900,model_2,0.136,0.14119427
10901,model_2,0.3105,0.28172758
10902,model_2,0.205,0.15610047
10903,model_2,0.3226,0.3251892
10904,model_2,0.2561,0.21483658
10905,model_2,0.2626,0.20123528
10906,model_2,0.0762,0.26186013
10907,model_2,0.3176,0.33294886
10908,model_2,0.1217,0.11666787
10909,model_2,0.3185,0.30795845
10910,model_2,0.3052,0.24249895
10911,model_2,0.3909,0.3840982
10912,model_2,0.7971,0.7908556
10913,model_2,0.299,0.3408433
10914,model_2,0.4135,0.43407488
10915,model_2,0.0792,0.03532695
10916,model_2,0.9226,0.95798683
10917,model_2,0.1958,0.24186309
10918,model_2,0.1063,0.09142624
10919,model_2,0.156,0.19063018
10920,model_2,0.5999,0.41550848
10921,model_2,0.558,0.45437112
10922,model_2,0.2627,0.20714957
10923,model_2,0.351,0.32001725
10924,model_2,0.1938,0.18550463
10925,model_2,0.4099,0.34276783
10926,model_2,0.0478,0.09347014
10927,model_2,0.0251,0.00546878
10928,model_2,0.1263,0.16542736
10929,model_2,0.2461,0.21787463
10930,model_2,0.3564,0.34269306
10931,model_2,0.4621,0.38942865
10932,model_2,0.2537,0.2935677
10933,model_2,0.3808,0.35554266
10934,model_2,0.0143,0.040725738
10935,model_2,0.3736,0.369281
10936,model_2,0.2683,0.25667647
10937,model_2,0.1603,0.16198988
10938,model_2,0.3838,0.3855223
10939,model_2,0.2206,0.17115426
10940,model_2,0.3103,0.32190526
10941,model_2,0.1545,0.15014209
10942,model_2,0.2975,0.26590726
10943,model_2,0.0213,0.020869495
10944,model_2,0.139,0.14133523
10945,model_2,-0.1196,-0.16439806
10946,model_2,0.427,0.4000639
10947,model_2,0.1902,0.13862184
10948,model_2,0.088,0.0773813
10949,model_2,0.1175,0.1323107
10950,model_2,0.2849,0.21312162
10951,model_2,0.1405,0.18281193
10952,model_2,0.7506,0.7966401
10953,model_2,0.3688,0.4073265
10954,model_2,0.3629,0.40664694
10955,model_2,0.3063,0.26762262
10956,model_2,0.0852,0.09593516
10957,model_2,0.3637,0.33729056
10958,model_2,0.0919,0.040613525
10959,model_2,0.0236,0.07786403
10960,model_2,0.7146,0.7164788
10961,model_2,0.173,0.23323666
10962,model_2,0.2916,0.31524703
10963,model_2,0.586,0.5488922
10964,model_2,0.0704,0.095661215
10965,model_2,0.3744,0.36577514
10966,model_2,0.0507,0.05545827
10967,model_2,0.0398,0.12838127
10968,model_2,0.1713,0.15985155
10969,model_2,0.0504,0.10054396
10970,model_2,0.1171,0.12652883
10971,model_2,0.0365,0.007843001
10972,model_2,0.1831,0.16599749
10973,model_2,0.4958,0.4767892
10974,model_2,0.3801,0.42274413
10975,model_2,0.4758,0.4876105
10976,model_2,0.1422,0.1126485
10977,model_2,-0.0055,-0.01946547
10978,model_2,0.228,0.25902808
10979,model_2,0.1197,0.13170496
10980,model_2,0.3709,0.301916
10981,model_2,0.4927,0.50947857
10982,model_2,0.3543,0.37300193
10983,model_2,0.1241,0.124437064
10984,model_2,0.7845,0.7711763
10985,model_2,0.0084,0.085687384
10986,model_2,0.2433,0.20016985
10987,model_2,0.3002,0.20108755
10988,model_2,-0.045,-0.006645033
10989,model_2,0.809,0.7999256
10990,model_2,-0.1874,-0.14226294
10991,model_2,0.0954,0.09057267
10992,model_2,0.0649,0.1613173
10993,model_2,0.0488,0.05836808
10994,model_2,0.0999,0.120957136
10995,model_2,0.4613,0.45575356
10996,model_2,0.2215,0.21025233
10997,model_2,0.0279,0.09416352
10998,model_2,0.0804,0.07611669
10999,model_2,0.6824,0.7347525
11000,model_2,0.1438,0.08791156
11001,model_2,0.3329,0.38147736
11002,model_2,-0.1231,-0.11773571
11003,model_2,0.4077,0.39008838
11004,model_2,0.098,0.07433063
11005,model_2,0.1445,0.14545447
11006,model_2,0.0494,0.06414121
11007,model_2,0.029,0.013092084
11008,model_2,0.4666,0.41876295
11009,model_2,0.236,0.2651478
11010,model_2,0.2067,0.24383773
11011,model_2,0.1138,0.10691224
11012,model_2,0.0908,0.04798892
11013,model_2,0.0632,0.041230015
11014,model_2,0.2981,0.31005335
11015,model_2,0.3582,0.3522589
11016,model_2,0.0888,0.08952126
11017,model_2,0.0949,0.109636664
11018,model_2,0.5858,0.5802377
11019,model_2,0.0634,0.05625073
11020,model_2,-0.0264,-0.047207646
11021,model_2,0.1495,0.195567
11022,model_2,-0.1293,-0.058588676
11023,model_2,0.2242,0.15180357
11024,model_2,0.1476,0.1306109
11025,model_2,-0.1992,-0.15537168
11026,model_2,0.1129,0.06545213
11027,model_2,0.0901,0.17143463
11028,model_2,0.1168,0.0872408
11029,model_2,0.3422,0.23277642
11030,model_2,0.3234,0.27084514
11031,model_2,0.1595,0.14691028
11032,model_2,0.4481,0.4458957
11033,model_2,0.0839,0.07822933
11034,model_2,0.266,0.29673845
11035,model_2,0.3038,0.30789924
11036,model_2,0.0618,0.057470024
11037,model_2,-0.0563,0.011121644
11038,model_2,-0.0696,0.06704171
11039,model_2,0.2162,0.16851725
11040,model_2,0.3247,0.3510369
11041,model_2,0.1945,0.21298084
11042,model_2,0.195,0.19108844
11043,model_2,0.0707,0.097176716
11044,model_2,0.0883,0.0880183
11045,model_2,0.6459,0.62613136
11046,model_2,0.752,0.7585264
11047,model_2,0.0805,0.12370618
11048,model_2,0.4072,0.36926764
11049,model_2,0.1375,0.18517783
11050,model_2,0.1063,0.12593453
11051,model_2,0.017,0.07802936
11052,model_2,0.2834,0.29110628
11053,model_2,0.1295,0.11129509
11054,model_2,0.1867,0.16758265
11055,model_2,0.2553,0.21403004
11056,model_2,0.1714,0.15090007
11057,model_2,0.0848,0.030510904
11058,model_2,0.2484,0.25198814
11059,model_2,0.567,0.60945225
11060,model_2,0.3208,0.34513322
11061,model_2,0.1699,0.17848074
11062,model_2,0.0792,0.032325402
11063,model_2,-0.0587,-0.044455923
11064,model_2,0.32,0.44047746
11065,model_2,0.0676,0.08874224
11066,model_2,0.1869,0.18723916
11067,model_2,0.3516,0.22314236
11068,model_2,0.2406,0.23834442
11069,model_2,0.2365,0.25478542
11070,model_2,0.7883,0.7043573
11071,model_2,0.0477,0.085504964
11072,model_2,-0.0058,-0.035353124
11073,model_2,0.0904,0.06180574
11074,model_2,0.216,0.2339466
11075,model_2,0.3624,0.33638754
11076,model_2,0.4707,0.48203942
11077,model_2,0.4918,0.5204687
11078,model_2,0.5266,0.55164224
11079,model_2,0.0428,0.08339575
11080,model_2,0.0559,0.05071944
11081,model_2,0.0011,-0.0027545039
11082,model_2,0.3292,0.35669938
11083,model_2,0.6414,0.65540844
11084,model_2,0.0649,0.027819095
11085,model_2,0.2356,0.20189689
11086,model_2,0.2241,0.21680744
11087,model_2,-0.0184,0.1286641
11088,model_2,0.8583,0.8192975
11089,model_2,0.0865,0.0915427
11090,model_2,0.2614,0.29801512
11091,model_2,0.0702,0.1100461
11092,model_2,0.0818,0.064583525
11093,model_2,0.1874,0.18261625
11094,model_2,0.148,0.18017629
11095,model_2,0.5617,0.5764466
11096,model_2,-0.1217,-0.09235964
11097,model_2,0.3277,0.33908007
11098,model_2,0.13,0.13904281
11099,model_2,0.0293,0.042889073
11100,model_2,0.0576,0.041164905
11101,model_2,0.4101,0.37169948
11102,model_2,0.4201,0.45147482
11103,model_2,0.1497,0.096585184
11104,model_2,0.4107,0.43695894
11105,model_2,0.6921,0.6235596
11106,model_2,0.3037,0.27975973
11107,model_2,0.319,0.2945731
11108,model_2,-0.035,-0.025677102
11109,model_2,0.1777,0.16131887
11110,model_2,-0.0038,-0.0052600075
11111,model_2,0.2415,0.2730404
11112,model_2,-0.0784,-0.070368886
11113,model_2,-0.1111,-0.07754675
11114,model_2,0.1459,0.1928567
11115,model_2,0.3786,0.3703666
11116,model_2,0.3347,0.35755682
11117,model_2,0.1828,0.21596597
11118,model_2,0.2818,0.27051607
11119,model_2,0.0881,0.07583986
11120,model_2,0.2557,0.23082541
11121,model_2,0.2929,0.28053883
11122,model_2,0.1651,0.21934307
11123,model_2,0.2267,0.2790307
11124,model_2,0.1507,0.15155996
11125,model_2,0.2934,0.2356637
11126,model_2,0.1462,0.11365165
11127,model_2,0.2023,0.194093
11128,model_2,0.1702,0.16163956
11129,model_2,0.6418,0.6849229
11130,model_2,0.158,0.19673572
11131,model_2,0.2057,0.13994367
11132,model_2,0.0459,0.016727174
11133,model_2,0.6986,0.71085066
11134,model_2,0.2051,0.22588673
11135,model_2,0.3447,0.39547074
11136,model_2,0.0844,0.120059446
11137,model_2,0.1006,0.12540995
11138,model_2,0.4047,0.34232438
11139,model_2,0.0489,0.09481513
11140,model_2,0.5458,0.57945794
11141,model_2,0.3245,0.33622792
11142,model_2,0.1788,0.18993439
11143,model_2,0.0417,0.06533134
11144,model_2,0.0326,0.0028310101
11145,model_2,0.3791,0.40783337
11146,model_2,0.2594,0.28959277
11147,model_2,0.4771,0.45248476
11148,model_2,0.192,0.1952488
11149,model_2,0.5103,0.5087829
11150,model_2,0.3477,0.37700042
11151,model_2,0.5277,0.48941824
11152,model_2,0.4144,0.37623426
11153,model_2,0.2183,0.12700537
11154,model_2,0.1394,0.1622663
11155,model_2,0.6138,0.5741672
11156,model_2,0.2474,0.19445454
11157,model_2,0.4536,0.4757466
11158,model_2,0.1421,0.16427252
11159,model_2,0.2981,0.19272988
11160,model_2,0.9825,0.9995416
11161,model_2,0.9298,0.89486116
11162,model_2,0.6964,0.7148873
11163,model_2,0.3255,0.34199253
11164,model_2,0.3058,0.29667524
11165,model_2,-0.0787,-0.07164417
11166,model_2,0.7815,0.77723724
11167,model_2,0.5367,0.54182184
11168,model_2,0.2829,0.330395
11169,model_2,0.1477,0.18289003
11170,model_2,0.2789,0.24119876
11171,model_2,0.1075,0.1338402
11172,model_2,0.1685,0.18536307
11173,model_2,-0.2613,0.60377365
11174,model_2,-0.0404,-0.04926978
11175,model_2,0.3044,0.3055131
11176,model_2,0.1926,0.24379386
11177,model_2,0.1838,0.2616537
11178,model_2,0.4107,0.3455837
11179,model_2,0.3862,0.40546975
11180,model_2,0.2354,0.18927652
11181,model_2,0.2961,0.29580778
11182,model_2,0.0942,0.10127778
11183,model_2,0.1184,0.15896063
11184,model_2,0.0921,0.12537532
11185,model_2,0.4291,0.38274708
11186,model_2,0.7201,0.67709726
11187,model_2,0.5858,0.56120926
11188,model_2,0.3869,0.38679412
11189,model_2,0.6304,0.652842
11190,model_2,0.4408,0.45434093
11191,model_2,0.1854,0.2281646
11192,model_2,-0.0117,0.058496185
11193,model_2,0.7519,0.7719428
11194,model_2,0.1042,0.15371777
11195,model_2,0.3924,0.41480646
11196,model_2,0.431,0.44568163
11197,model_2,0.1218,0.22557494
11198,model_2,0.3164,0.25803497
11199,model_2,0.1226,0.1493289
11200,model_2,-0.0902,-0.104564585
11201,model_2,0.2505,0.18906231
11202,model_2,0.413,0.35038605
11203,model_2,0.1704,0.14754911
11204,model_2,-0.1821,-0.14238767
11205,model_2,0.401,0.34605774
11206,model_2,0.5054,0.49727914
11207,model_2,0.1048,0.0732027
11208,model_2,0.3487,0.35242417
11209,model_2,0.0807,0.10867642
11210,model_2,0.2676,0.24599938
11211,model_2,0.0371,0.11518434
11212,model_2,0.3336,0.19487198
11213,model_2,0.2569,0.24823047
11214,model_2,0.348,0.23382567
11215,model_2,0.5071,0.5395084
11216,model_2,0.0782,0.1174676
11217,model_2,0.4709,0.41337097
11218,model_2,-0.0239,0.0059194397
11219,model_2,0.1928,0.23790409
11220,model_2,0.0225,0.017806416
11221,model_2,-0.0389,-0.039526552
11222,model_2,0.4735,0.49200138
11223,model_2,0.1408,0.17312565
11224,model_2,0.8831,0.87463444
11225,model_2,0.037,0.010328287
11226,model_2,0.3199,0.30551633
11227,model_2,0.0834,0.07256956
11228,model_2,0.2327,0.19484816
11229,model_2,0.9058,0.9023623
11230,model_2,0.3432,0.33130798
11231,model_2,0.5666,0.57119364
11232,model_2,0.2939,0.2506973
11233,model_2,0.1295,0.112784535
11234,model_2,0.0317,0.014174735
11235,model_2,0.3671,0.39073363
11236,model_2,0.1248,0.11320008
11237,model_2,0.6174,0.6224462
11238,model_2,0.0598,0.07495193
11239,model_2,0.1877,0.23056017
11240,model_2,0.105,0.16544251
11241,model_2,0.4395,0.43286142
11242,model_2,0.0908,0.09804741
11243,model_2,0.3508,0.3500069
11244,model_2,0.3978,0.40868357
11245,model_2,-0.1665,-0.07928682
11246,model_2,0.31,0.31045148
11247,model_2,0.4222,0.41451174
11248,model_2,0.1232,0.15687683
11249,model_2,0.3391,0.28332254
11250,model_2,0.549,0.53709716
11251,model_2,0.1009,0.17157975
11252,model_2,-0.0518,-0.052219644
11253,model_2,-0.0276,0.032258376
11254,model_2,0.2821,0.29109928
11255,model_2,0.7468,0.7709407
11256,model_2,-0.0742,-0.07463002
11257,model_2,0.1005,0.0759445
11258,model_2,0.1921,0.22579797
11259,model_2,0.8607,0.8582185
11260,model_2,0.7758,0.7834963
11261,model_2,0.2861,0.2930931
11262,model_2,0.2767,0.26659647
11263,model_2,0.0951,0.0956206
11264,model_2,0.5097,0.4881417
11265,model_2,0.0357,0.04388188
11266,model_2,-0.0165,0.05756706
11267,model_2,-0.1478,-0.17207363
11268,model_2,0.1299,0.121039376
11269,model_2,0.2679,0.29030636
11270,model_2,0.0111,0.021728275
11271,model_2,-0.0681,-0.035630673
11272,model_2,0.1707,0.20077722
11273,model_2,0.3304,0.24934314
11274,model_2,0.3407,0.30110937
11275,model_2,0.398,0.39028537
11276,model_2,0.1057,0.088818155
11277,model_2,0.259,0.2864023
11278,model_2,0.3918,0.39942786
11279,model_2,0.4796,0.48317423
11280,model_2,0.0013,0.13714674
11281,model_2,0.1598,0.13907526
11282,model_2,0.5673,0.582581
11283,model_2,-0.0845,-0.08204165
11284,model_2,0.188,0.14771011
11285,model_2,0.5427,0.5452195
11286,model_2,-0.1603,-0.1657039
11287,model_2,0.4978,0.49288246
11288,model_2,0.1261,0.0980246
11289,model_2,1.1149,1.1716614
11290,model_2,-0.1663,-0.0992887
11291,model_2,-0.0119,0.008815518
11292,model_2,-0.0326,-0.01663897
11293,model_2,0.3459,0.35415503
11294,model_2,0.0157,0.006839277
11295,model_2,0.4001,0.37592724
11296,model_2,-0.0279,-0.04533279
11297,model_2,0.4198,0.42925295
11298,model_2,0.2493,0.20958374
11299,model_2,0.1426,0.15283398
11300,model_2,0.0584,0.038830727
11301,model_2,0.4356,0.4282368
11302,model_2,0.1632,0.1747901
11303,model_2,0.3685,0.3841813
11304,model_2,0.0774,0.08549356
11305,model_2,0.103,0.04319325
11306,model_2,0.091,0.12279545
11307,model_2,0.4157,0.37800738
11308,model_2,0.4915,0.46455458
11309,model_2,0.3208,0.33493242
11310,model_2,-0.0642,-0.003018098
11311,model_2,0.3818,0.36789796
11312,model_2,0.3244,0.31306913
11313,model_2,0.3363,0.44940794
11314,model_2,0.3247,0.27750894
11315,model_2,0.5227,0.51678526
11316,model_2,0.0922,0.11813678
11317,model_2,-0.0668,0.13693963
11318,model_2,0.0966,0.12094127
11319,model_2,0.0583,0.04223182
11320,model_2,0.6074,0.6325984
11321,model_2,0.0248,0.055836774
11322,model_2,0.5441,0.5433536
11323,model_2,0.3205,0.30896643
11324,model_2,0.3632,0.27223787
11325,model_2,0.0903,0.13926421
11326,model_2,0.3414,0.30908355
11327,model_2,0.289,0.31508723
11328,model_2,0.1289,0.1958459
11329,model_2,0.2957,0.19480981
11330,model_2,0.1742,0.16228189
11331,model_2,0.3178,0.35846546
11332,model_2,0.1158,0.10861726
11333,model_2,0.1374,0.108610466
11334,model_2,0.159,0.19524288
11335,model_2,0.3305,0.41033196
11336,model_2,-0.199,-0.11464201
11337,model_2,0.5141,0.40335932
11338,model_2,-0.0726,0.0023584533
11339,model_2,0.9068,0.87332624
11340,model_2,0.431,0.3317584
11341,model_2,0.2753,0.29285827
11342,model_2,0.5012,0.5055918
11343,model_2,0.1876,0.21424809
11344,model_2,0.2049,0.24424355
11345,model_2,0.2423,0.18050845
11346,model_2,0.0304,0.070143715
11347,model_2,0.0448,0.05746673
11348,model_2,-0.001,-0.018526262
11349,model_2,0.2764,0.21427217
11350,model_2,0.2038,0.17798881
11351,model_2,0.3635,0.22278127
11352,model_2,0.1029,0.13230823
11353,model_2,-0.149,-0.12516683
11354,model_2,0.2571,0.33359626
11355,model_2,0.378,0.38566193
11356,model_2,-0.001,0.07071458
11357,model_2,0.3118,0.3529267
11358,model_2,-0.0163,-0.013040809
11359,model_2,0.3748,0.38336053
11360,model_2,0.4103,0.44600788
11361,model_2,0.1265,0.18563478
11362,model_2,0.1366,0.065661594
11363,model_2,0.1944,0.14037056
11364,model_2,-0.0655,-0.07839796
11365,model_2,0.1574,0.172623
11366,model_2,0.6748,0.657604
11367,model_2,0.3382,0.3091596
11368,model_2,0.0865,0.11217485
11369,model_2,0.0168,0.20377418
11370,model_2,-0.0505,-0.042973332
11371,model_2,0.3118,0.32003513
11372,model_2,0.4521,0.41477254
11373,model_2,0.19,0.20238473
11374,model_2,0.2891,0.25691387
11375,model_2,0.6117,0.63623554
11376,model_2,0.8619,0.853969
11377,model_2,-0.1676,-0.17077069
11378,model_2,0.1286,0.1373291
11379,model_2,0.3544,0.4047165
11380,model_2,0.214,0.17807613
11381,model_2,0.1411,0.1386647
11382,model_2,0.0737,0.05231157
11383,model_2,0.241,0.18495017
11384,model_2,0.0041,0.048355497
11385,model_2,0.1638,0.20816337
11386,model_2,0.1557,0.15589564
11387,model_2,0.6845,0.6872067
11388,model_2,0.005,-0.014134621
11389,model_2,-0.1989,-0.15215023
11390,model_2,0.1107,0.11578439
11391,model_2,0.2336,0.10209665
11392,model_2,0.1182,0.10435791
11393,model_2,0.2438,0.2310503
11394,model_2,0.355,0.36432162
11395,model_2,0.2675,0.2207605
11396,model_2,0.6704,0.6547161
11397,model_2,0.8743,0.84955883
11398,model_2,-0.0202,0.11662178
11399,model_2,0.7464,0.73436147
11400,model_2,-0.0334,0.054117873
11401,model_2,0.6194,0.62716335
11402,model_2,0.2175,0.12903301
11403,model_2,0.4729,0.4967458
11404,model_2,0.2485,0.2563897
11405,model_2,0.3097,0.31001854
11406,model_2,0.162,0.1462739
11407,model_2,0.1052,0.12440404
11408,model_2,0.206,0.2421145
11409,model_2,0.2191,0.20327581
11410,model_2,0.1877,0.2027271
11411,model_2,0.006,0.091346614
11412,model_2,0.4585,0.4490895
11413,model_2,-0.0777,-0.08390135
11414,model_2,0.1722,0.22174709
11415,model_2,0.1772,0.17510192
11416,model_2,0.022,0.03462264
11417,model_2,0.0057,-0.00049272366
11418,model_2,0.6311,0.60767967
11419,model_2,0.2829,0.27045694
11420,model_2,0.1227,0.2227671
11421,model_2,0.1707,0.14033867
11422,model_2,0.42,0.41396987
11423,model_2,0.0278,-0.04018817
11424,model_2,0.2645,0.23470427
11425,model_2,0.0886,0.030888474
11426,model_2,0.4786,0.54127365
11427,model_2,0.2481,0.19140755
11428,model_2,0.9944,0.98112637
11429,model_2,0.7653,0.7682303
11430,model_2,0.9508,0.93310827
11431,model_2,0.1723,0.12949112
11432,model_2,0.6396,0.59538394
11433,model_2,0.6683,0.6592997
11434,model_2,0.0043,-0.007760098
11435,model_2,-0.0599,-0.024871763
11436,model_2,0.2165,0.21811788
11437,model_2,0.1348,0.078500584
11438,model_2,0.3933,0.4159207
11439,model_2,0.1752,0.17727341
11440,model_2,0.0134,0.024627095
11441,model_2,0.5965,0.56830126
11442,model_2,0.2806,0.22485618
11443,model_2,-0.2259,-0.23584603
11444,model_2,0.3369,0.27624002
11445,model_2,-0.1075,-0.09345804
11446,model_2,0.0716,0.10218014
11447,model_2,0.2196,0.2452796
11448,model_2,0.5954,0.554918
11449,model_2,0.4503,0.4260721
11450,model_2,0.4573,0.443072
11451,model_2,-0.114,-0.17114504
11452,model_2,0.4692,0.4749084
11453,model_2,0.4236,0.4425777
11454,model_2,0.1654,0.14979391
11455,model_2,0.5159,0.50987047
11456,model_2,-0.0773,-0.084237866
11457,model_2,0.2111,0.23977117
11458,model_2,0.2347,0.26439068
11459,model_2,0.399,0.38071287
11460,model_2,0.0505,0.10893403
11461,model_2,0.2536,0.26473224
11462,model_2,0.1721,0.21016446
11463,model_2,0.2293,0.22086194
11464,model_2,0.3645,0.3975372
11465,model_2,-0.2013,-0.18276823
11466,model_2,0.4368,0.26429155
11467,model_2,0.5238,0.46859226
11468,model_2,0.6141,0.5999746
11469,model_2,0.0623,0.063424595
11470,model_2,-0.0022,-0.018048564
11471,model_2,0.0771,0.065481775
11472,model_2,0.3603,0.333712
11473,model_2,0.776,0.7386405
11474,model_2,0.2837,0.2591633
11475,model_2,0.162,0.16767557
11476,model_2,0.4903,0.5015859
11477,model_2,0.096,0.10540375
11478,model_2,-0.0188,-0.012984889
11479,model_2,0.0193,0.012248939
11480,model_2,0.1454,0.1450527
11481,model_2,0.2203,0.16238774
11482,model_2,0.3782,0.3989785
11483,model_2,0.1081,0.07003406
11484,model_2,-0.0662,-0.10304968
11485,model_2,0.6191,0.65448993
11486,model_2,-0.0491,0.020297168
11487,model_2,0.1175,0.17585868
11488,model_2,0.4576,0.45517007
11489,model_2,0.2655,0.16245319
11490,model_2,0.271,0.22141929
11491,model_2,0.2974,0.26109406
11492,model_2,0.1548,0.12682152
11493,model_2,0.1891,0.22670059
11494,model_2,0.8132,0.78846633
11495,model_2,0.3302,0.37616238
11496,model_2,-0.0447,-0.020836504
11497,model_2,0.1673,0.18816222
11498,model_2,0.2428,0.25073436
11499,model_2,0.0579,0.120736
11500,model_2,0.6647,0.66585785
11501,model_2,0.051,0.07427026
11502,model_2,0.2837,0.23865543
11503,model_2,-0.0534,-0.0050985683
11504,model_2,-0.2682,-0.29822114
11505,model_2,0.1501,0.1366582
11506,model_2,0.2098,0.19833763
11507,model_2,0.1311,0.18512897
11508,model_2,0.3802,0.38837573
11509,model_2,0.5262,0.5133689
11510,model_2,0.4179,0.4120939
11511,model_2,0.0619,0.07790202
11512,model_2,0.1194,0.1381924
11513,model_2,0.215,0.14434472
11514,model_2,0.0761,0.09451206
11515,model_2,0.0706,0.0702315
11516,model_2,0.0537,0.03420686
11517,model_2,0.1886,0.22803707
11518,model_2,0.5257,0.48150852
11519,model_2,0.6605,0.62190896
11520,model_2,0.1618,0.17448126
11521,model_2,0.0333,0.028542945
11522,model_2,0.1143,0.15068246
11523,model_2,0.0272,0.04441206
11524,model_2,0.5085,0.51173013
11525,model_2,0.3091,0.33031815
11526,model_2,0.3816,0.39325443
11527,model_2,0.4603,0.41849712
11528,model_2,0.157,0.14528327
11529,model_2,0.527,0.50383884
11530,model_2,0.0384,-0.05783885
11531,model_2,0.7046,0.7019147
11532,model_2,-0.0417,-0.022447804
11533,model_2,0.2511,0.29189363
11534,model_2,0.3258,0.30250236
11535,model_2,0.2083,0.23356478
11536,model_2,0.2428,0.23549546
11537,model_2,0.1319,0.042511016
11538,model_2,-0.0217,-0.03427577
11539,model_2,0.5947,0.57313496
11540,model_2,0.3167,0.29897943
11541,model_2,0.1356,0.1432409
11542,model_2,0.1559,0.14499922
11543,model_2,0.37,0.40532014
11544,model_2,0.2728,0.27238262
11545,model_2,0.0136,0.04125712
11546,model_2,-0.0551,-0.07655836
11547,model_2,0.2897,0.2855359
11548,model_2,0.1699,0.18935868
11549,model_2,0.4788,0.4597556
11550,model_2,0.2873,0.24787693
11551,model_2,0.0919,0.114752546
11552,model_2,0.4234,0.4005516
11553,model_2,0.4921,0.5739811
11554,model_2,0.1038,0.09555425
11555,model_2,0.0676,0.048126094
11556,model_2,0.1953,0.18903759
11557,model_2,0.7143,0.691739
11558,model_2,0.3217,0.37391287
11559,model_2,0.0417,0.051158004
11560,model_2,0.2364,0.2304432
11561,model_2,0.0036,0.027204571
11562,model_2,0.7117,0.6763572
11563,model_2,0.1059,0.1261603
11564,model_2,-0.0234,-0.028827967
11565,model_2,0.3358,0.3543066
11566,model_2,0.2895,0.28675833
11567,model_2,0.4581,0.38946196
11568,model_2,0.065,0.066543534
11569,model_2,0.114,0.050302178
11570,model_2,0.048,0.031603023
11571,model_2,0.1708,0.16989698
11572,model_2,0.1106,0.08640927
11573,model_2,0.529,0.5042095
11574,model_2,0.0318,0.002757134
11575,model_2,0.3154,0.25229084
11576,model_2,0.1019,0.10093801
11577,model_2,0.1684,0.12902157
11578,model_2,0.3117,0.33247063
11579,model_2,0.2291,0.20009123
11580,model_2,0.6071,0.59249246
11581,model_2,0.1696,0.23142229
11582,model_2,0.2293,0.23007776
11583,model_2,0.1625,0.1750175
11584,model_2,0.4524,0.44851676
11585,model_2,0.1709,0.16920926
11586,model_2,-0.1447,-0.11221647
11587,model_2,0.1709,0.1853501
11588,model_2,0.113,0.12093945
11589,model_2,0.1158,0.067007266
11590,model_2,0.467,0.47292972
11591,model_2,0.2428,0.18544297
11592,model_2,0.7755,0.7923426
11593,model_2,0.3484,0.35326335
11594,model_2,0.9593,0.98133177
11595,model_2,0.0991,0.11886996
11596,model_2,0.303,0.31906757
11597,model_2,0.4121,0.3368158
11598,model_2,0.0886,0.094017856
11599,model_2,0.2694,0.23221128
11600,model_2,0.125,0.1586578
11601,model_2,0.0156,0.00595342
11602,model_2,0.1642,0.19974768
11603,model_2,0.2791,0.29384157
11604,model_2,0.0876,0.09084086
11605,model_2,0.2815,0.18878348
11606,model_2,0.0485,0.07836865
11607,model_2,0.3775,0.35829207
11608,model_2,0.1896,0.17335308
11609,model_2,-0.0798,-0.058155604
11610,model_2,0.9095,0.91976774
11611,model_2,0.0975,0.11753066
11612,model_2,0.1048,0.085394636
11613,model_2,0.1603,0.15419434
11614,model_2,0.1898,0.22488196
11615,model_2,0.3441,0.34865552
11616,model_2,0.1022,0.07978775
11617,model_2,0.6464,0.6526607
11618,model_2,0.3675,0.3677989
11619,model_2,0.1349,0.1196142
11620,model_2,0.216,0.21191958
11621,model_2,0.475,0.45931104
11622,model_2,0.3702,0.3809128
11623,model_2,0.3929,0.38367355
11624,model_2,0.0533,0.053354494
11625,model_2,0.5746,0.6129016
11626,model_2,0.17,0.17803864
11627,model_2,0.2161,0.24188618
11628,model_2,0.0725,0.07791847
11629,model_2,0.003,-0.008532265
11630,model_2,0.319,0.33635706
11631,model_2,0.1522,0.09988893
11632,model_2,0.4052,0.4532468
11633,model_2,0.0293,0.031604268
11634,model_2,0.3751,0.39937785
11635,model_2,0.3787,0.37269798
11636,model_2,-0.1232,-0.117775306
11637,model_2,0.1062,0.121263534
11638,model_2,-0.0854,-0.055388242
11639,model_2,0.2235,0.17966568
11640,model_2,0.3085,0.31311393
11641,model_2,0.2658,0.24771653
11642,model_2,0.4202,0.3803489
11643,model_2,0.2486,0.25153676
11644,model_2,-0.1036,-0.028436834
11645,model_2,0.0603,0.06433438
11646,model_2,0.0417,0.020744579
11647,model_2,0.1595,0.11504196
11648,model_2,0.1782,0.16027358
11649,model_2,0.153,0.13194616
11650,model_2,0.149,0.13768439
11651,model_2,0.0873,0.023612013
11652,model_2,0.0858,0.13264157
11653,model_2,0.2409,0.25724182
11654,model_2,-0.0398,-0.032319255
11655,model_2,0.3925,0.3542015
11656,model_2,0.2143,0.25440776
11657,model_2,-0.1957,-0.17766848
11658,model_2,0.0472,0.020688681
11659,model_2,0.6488,0.61783534
11660,model_2,0.0998,0.13529691
11661,model_2,0.2083,0.20071337
11662,model_2,0.6853,0.65502983
11663,model_2,0.4074,0.33897427
11664,model_2,0.4462,0.4376811
11665,model_2,0.0999,0.099118546
11666,model_2,0.2391,0.058584757
11667,model_2,0.2243,0.22804119
11668,model_2,0.3835,0.36764154
11669,model_2,0.1917,0.19482668
11670,model_2,0.4574,0.45934084
11671,model_2,0.8432,0.8672025
11672,model_2,0.4905,0.427865
11673,model_2,0.0273,0.050367102
11674,model_2,0.1601,0.19432604
11675,model_2,0.3144,0.2916993
11676,model_2,0.3617,0.36922398
11677,model_2,0.1558,0.15322505
11678,model_2,0.0412,0.06503053
11679,model_2,0.3156,0.3269907
11680,model_2,0.1165,0.10206601
11681,model_2,-0.1168,-0.08198824
11682,model_2,0.1257,0.11264105
11683,model_2,0.3255,0.20826705
11684,model_2,0.3503,0.4075458
11685,model_2,0.6876,0.6759766
11686,model_2,-0.0813,-0.008156573
11687,model_2,0.0711,0.054250553
11688,model_2,0.7033,0.68384
11689,model_2,0.0917,0.10001279
11690,model_2,0.8238,0.84260315
11691,model_2,0.3047,0.32140937
11692,model_2,0.1768,0.15983345
11693,model_2,0.3666,0.39087698
11694,model_2,0.3013,0.27088124
11695,model_2,0.1511,0.13103263
11696,model_2,-0.0287,0.023038512
11697,model_2,0.3471,0.33083683
11698,model_2,0.321,0.3067756
11699,model_2,0.0147,0.08108947
11700,model_2,0.4653,0.45018464
11701,model_2,0.1572,0.17420675
11702,model_2,0.0295,0.016881647
11703,model_2,-0.159,-0.11536
11704,model_2,0.5776,0.53442913
11705,model_2,0.0433,0.027710931
11706,model_2,0.3461,0.39414242
11707,model_2,0.0217,0.042805225
11708,model_2,0.2392,0.21028423
11709,model_2,0.2279,0.26029426
11710,model_2,0.2365,0.32582355
11711,model_2,0.2869,0.2511526
11712,model_2,0.005,-0.007951045
11713,model_2,0.2857,0.3148319
11714,model_2,0.4109,0.46299404
11715,model_2,0.0718,0.08040878
11716,model_2,-0.0082,0.011863625
11717,model_2,0.4885,0.3865712
11718,model_2,0.2314,0.25395843
11719,model_2,0.0997,0.11563118
11720,model_2,0.4104,0.37512472
11721,model_2,-0.0849,-0.04859349
11722,model_2,0.5418,0.56205314
11723,model_2,0.1985,0.20067091
11724,model_2,-0.023,-0.01985939
11725,model_2,0.2228,0.090031855
11726,model_2,0.4315,0.3733407
11727,model_2,0.3684,0.41277996
11728,model_2,-0.0106,0.23776202
11729,model_2,0.0958,0.09879166
11730,model_2,0.4557,0.45626792
11731,model_2,0.593,0.61355406
11732,model_2,0.251,0.27968058
11733,model_2,0.2243,0.1941253
11734,model_2,0.0353,0.024099654
11735,model_2,0.0268,0.05351544
11736,model_2,0.0337,0.087768555
11737,model_2,0.0592,0.054788344
11738,model_2,0.1011,0.09201155
11739,model_2,0.0995,0.10777815
11740,model_2,0.365,0.36953104
11741,model_2,0.1736,0.20061556
11742,model_2,0.0602,0.07110081
11743,model_2,0.0903,0.07598657
11744,model_2,-0.0102,0.0048788767
11745,model_2,0.3178,0.33004442
11746,model_2,0.512,0.56053036
11747,model_2,0.1552,0.14262389
11748,model_2,0.4109,0.4602103
11749,model_2,0.7805,0.79030895
11750,model_2,0.4164,0.43390456
11751,model_2,0.0548,0.034507826
11752,model_2,0.0408,0.07032126
11753,model_2,0.1394,0.107172415
11754,model_2,0.2527,0.2521438
11755,model_2,0.0668,0.085633814
11756,model_2,0.7044,0.6376386
11757,model_2,0.1543,0.11482678
11758,model_2,-0.046,-0.065545835
11759,model_2,0.0436,0.043172784
11760,model_2,0.0826,0.09118596
11761,model_2,0.1611,0.1558548
11762,model_2,0.0491,0.049352318
11763,model_2,0.0986,0.074365795
11764,model_2,0.1751,0.13372986
11765,model_2,-0.0325,-0.008314459
11766,model_2,0.312,0.2322856
11767,model_2,0.3171,0.2975541
11768,model_2,-1e-04,0.046525486
11769,model_2,0.3182,0.2916577
11770,model_2,0.7026,0.6978114
11771,model_2,0.0734,0.11348732
11772,model_2,0.9063,0.9373665
11773,model_2,-0.0336,-0.05680787
11774,model_2,0.5062,-0.1412742
11775,model_2,0.3705,0.24269067
11776,model_2,0.3183,0.2941506
11777,model_2,0.1873,0.13223694
11778,model_2,0.3317,0.28592998
11779,model_2,0.0357,0.03673069
11780,model_2,-0.1047,-0.0585161
11781,model_2,0.1237,0.15120962
11782,model_2,1.0423,1.019847
11783,model_2,0.9443,0.91885114
11784,model_2,0.7544,0.7408413
11785,model_2,0.5172,0.50773317
11786,model_2,0.1602,0.1461113
11787,model_2,0.116,0.11286691
11788,model_2,0.4788,0.38840267
11789,model_2,0.1521,0.19569175
11790,model_2,0.3555,0.34494987
11791,model_2,-0.1877,-0.20760006
11792,model_2,0.1146,0.13701425
11793,model_2,0.6791,0.65508777
11794,model_2,0.2011,0.19524965
11795,model_2,0.2658,0.24210231
11796,model_2,0.3303,0.3972426
11797,model_2,0.2502,0.26383272
11798,model_2,0.3003,0.21109974
11799,model_2,0.1146,0.15059565
11800,model_2,0.3595,0.33250841
11801,model_2,0.1464,0.17298889
11802,model_2,0.0922,0.08713211
11803,model_2,0.7619,0.72283
11804,model_2,0.0861,0.15759128
11805,model_2,0.306,0.33282405
11806,model_2,0.062,0.106900126
11807,model_2,0.183,0.21810673
11808,model_2,0.2923,0.17326577
11809,model_2,0.608,0.58370304
11810,model_2,0.2762,0.27283892
11811,model_2,0.5089,0.5311968
11812,model_2,0.2848,0.22753267
11813,model_2,0.4641,0.44209588
11814,model_2,0.0877,0.10505752
11815,model_2,0.233,0.18080825
11816,model_2,0.2356,0.25435808
11817,model_2,0.2723,0.27009273
11818,model_2,0.0371,0.03521554
11819,model_2,0.0948,0.1264728
11820,model_2,0.1558,0.11408988
11821,model_2,0.2235,0.14688037
11822,model_2,0.0767,0.073375836
11823,model_2,0.1009,0.086302675
11824,model_2,0.0842,0.06901424
11825,model_2,0.2114,0.19481474
11826,model_2,0.4335,0.4090096
11827,model_2,0.3325,0.37320438
11828,model_2,0.9521,0.9800709
11829,model_2,0.0018,-0.015790038
11830,model_2,0.1956,0.15179954
11831,model_2,0.1691,0.1016445
11832,model_2,-0.0383,-0.05769021
11833,model_2,0.037,0.02558527
11834,model_2,0.2242,0.23702936
11835,model_2,0.1952,0.17799969
11836,model_2,0.465,0.4095926
11837,model_2,0.7616,0.732384
11838,model_2,0.534,0.5494855
11839,model_2,0.2078,0.17203909
11840,model_2,0.0984,0.12142821
11841,model_2,0.5467,0.50341624
11842,model_2,0.7601,0.77513975
11843,model_2,0.2498,0.28479144
11844,model_2,0.1477,0.19756441
11845,model_2,0.0578,0.039825574
11846,model_2,0.1773,0.16209035
11847,model_2,0.1059,0.14143763
11848,model_2,0.9553,0.9303487
11849,model_2,0.2169,0.16889866
11850,model_2,0.4745,0.4484252
11851,model_2,-0.0708,-1.0507181e-05
11852,model_2,0.2137,0.18977295
11853,model_2,-0.0833,-0.028447555
11854,model_2,0.2997,0.26494855
11855,model_2,0.1491,0.18346925
11856,model_2,0.507,0.53978413
11857,model_2,0.0628,0.061169468
11858,model_2,-0.2071,-0.20322476
11859,model_2,0.0451,0.069537014
11860,model_2,0.295,0.33594805
11861,model_2,-0.0022,0.001885606
11862,model_2,0.0125,0.0061071087
11863,model_2,0.2333,0.19070585
11864,model_2,0.0809,0.07391723
11865,model_2,0.2365,0.1755182
11866,model_2,0.108,0.12116535
11867,model_2,0.3838,0.37779644
11868,model_2,0.4012,0.37722233
11869,model_2,0.5127,0.5068653
11870,model_2,0.127,0.12680326
11871,model_2,0.0713,0.09457473
11872,model_2,-0.0928,-0.060394518
11873,model_2,0.1757,0.07278096
11874,model_2,0.1351,0.122575015
11875,model_2,0.9771,1.0186046
11876,model_2,0.1313,0.13652702
11877,model_2,0.2147,0.20596467
11878,model_2,0.2093,0.20315863
11879,model_2,0.4627,0.47048724
11880,model_2,-0.1959,-0.16355349
11881,model_2,-0.1146,-0.1042427
11882,model_2,0.5569,0.5962081
11883,model_2,0.7598,0.69378895
11884,model_2,0.137,0.110492975
11885,model_2,0.1325,0.1580645
11886,model_2,0.1731,0.21050873
11887,model_2,-0.1352,-0.1157739
11888,model_2,0.3547,0.24833272
11889,model_2,0.727,0.7096624
11890,model_2,0.3951,0.3841923
11891,model_2,0.3512,0.3266843
11892,model_2,0.5255,0.5104604
11893,model_2,0.2186,0.23050807
11894,model_2,0.3345,0.3572374
11895,model_2,-0.0339,-0.013033088
11896,model_2,0.1597,0.16926542
11897,model_2,0.2647,0.3025187
11898,model_2,0.2557,0.23106124
11899,model_2,0.0686,0.07309764
11900,model_2,0.1508,0.14101239
11901,model_2,0.1913,0.258253
11902,model_2,0.3069,0.33372292
11903,model_2,0.0586,0.07668248
11904,model_2,0.0413,0.020776121
11905,model_2,0.7071,0.68971187
11906,model_2,0.6158,0.60836655
11907,model_2,0.0511,0.0743321
11908,model_2,0.153,0.13094892
11909,model_2,0.3946,0.3918676
11910,model_2,0.1342,0.149048
11911,model_2,0.3712,0.3692316
11912,model_2,0.1076,0.07749744
11913,model_2,0.3683,0.37507626
11914,model_2,0.3326,0.35813138
11915,model_2,0.2097,0.22496463
11916,model_2,0.3543,0.3664717
11917,model_2,-0.0182,0.03679256
11918,model_2,0.314,0.3007165
11919,model_2,0.26,0.21912487
11920,model_2,0.0417,0.08781788
11921,model_2,0.9621,0.9872833
11922,model_2,0.1104,0.1205904
11923,model_2,0.0868,0.07817899
11924,model_2,0.2733,0.32245097
11925,model_2,0.1143,0.11932564
11926,model_2,0.2761,0.2489494
11927,model_2,-0.0071,0.0453623
11928,model_2,-0.0521,-0.018240107
11929,model_2,0.0374,0.058482297
11930,model_2,0.0691,0.13640293
11931,model_2,0.3538,0.36901623
11932,model_2,0.0748,0.10262576
11933,model_2,0.3632,0.3775024
11934,model_2,0.4813,0.48222294
11935,model_2,0.03,0.010967603
11936,model_2,0.343,0.37351787
11937,model_2,0.0804,0.12122263
11938,model_2,0.5401,0.5310417
11939,model_2,0.0466,0.043030307
11940,model_2,-0.1724,-0.1745681
11941,model_2,0.5453,0.55422837
11942,model_2,0.8049,0.74721867
11943,model_2,0.0429,0.06599045
11944,model_2,0.2047,0.21361226
11945,model_2,0.0531,0.08346474
11946,model_2,0.1167,0.12474698
11947,model_2,0.3222,0.25659847
11948,model_2,0.8294,0.8274365
11949,model_2,0.3726,0.3744445
11950,model_2,0.077,0.12302847
11951,model_2,0.0653,0.026258303
11952,model_2,0.3871,0.36695316
11953,model_2,0.3854,0.38057464
11954,model_2,0.3677,0.38610443
11955,model_2,0.1539,0.16843417
11956,model_2,0.0157,0.038767427
11957,model_2,0.0494,0.05003134
11958,model_2,0.3474,0.34000435
11959,model_2,-0.0826,-0.086458765
11960,model_2,0.3704,0.36765018
11961,model_2,0.2125,0.18136947
11962,model_2,0.0805,0.06303533
11963,model_2,0.2033,0.4130714
11964,model_2,0.0865,0.07789354
11965,model_2,0.0505,0.06391664
11966,model_2,0.0158,-0.015379624
11967,model_2,0.2868,0.37129477
11968,model_2,0.5765,0.5871442
11969,model_2,0.4482,0.46103403
11970,model_2,0.1104,0.13876775
11971,model_2,0.0525,0.05517122
11972,model_2,0.257,0.20633365
11973,model_2,-0.0257,-0.06950875
11974,model_2,0.4437,0.51236755
11975,model_2,0.0862,0.16327177
11976,model_2,-0.0631,0.0347915
11977,model_2,0.1411,0.1470854
11978,model_2,0.2443,0.33619806
11979,model_2,0.1559,0.12352435
11980,model_2,0.0694,0.11379886
11981,model_2,0.1802,0.18665497
11982,model_2,0.1957,0.19977191
11983,model_2,0.6495,0.6394371
11984,model_2,0.0289,0.01623259
11985,model_2,-0.0381,-0.008741625
11986,model_2,0.7517,0.73776126
11987,model_2,0.1402,0.16216864
11988,model_2,0.1915,0.14464243
11989,model_2,0.1314,0.124873206
11990,model_2,0.6158,0.62187195
11991,model_2,0.1766,0.110372156
11992,model_2,0.3239,0.36045834
11993,model_2,0.4011,0.41922948
11994,model_2,0.3023,0.29622677
11995,model_2,0.0257,0.0516717
11996,model_2,0.1641,0.12421554
11997,model_2,0.1688,0.17388633
11998,model_2,0.1972,0.17537619
11999,model_2,0.3209,0.25045046
12000,model_2,0.0824,0.12238516
12001,model_2,-0.2574,-0.32425812
12002,model_2,0.2357,0.41546622
12003,model_2,-0.0537,0.029181676
12004,model_2,0.1384,0.08606021
12005,model_2,0.2704,0.27730516
12006,model_2,0.0492,0.019081427
12007,model_2,0.4292,0.42095628
12008,model_2,0.0561,0.05749782
12009,model_2,0.422,0.4239696
12010,model_2,0.1621,0.13965254
12011,model_2,0.4694,0.45683637
12012,model_2,0.6701,0.66638124
12013,model_2,0.2897,0.33910748
12014,model_2,0.0851,0.05109723
12015,model_2,0.444,0.4607705
12016,model_2,0.1751,0.24208267
12017,model_2,0.2739,0.15362541
12018,model_2,0.2062,0.22088021
12019,model_2,0.3186,0.33429947
12020,model_2,0.4658,0.39342424
12021,model_2,0.1108,0.12564336
12022,model_2,0.3058,0.28380814
12023,model_2,0.0073,0.031829976
12024,model_2,0.1669,0.08630732
12025,model_2,0.1436,0.08692503
12026,model_2,0.1688,0.16881773
12027,model_2,0.5488,0.56697357
12028,model_2,0.1483,0.15155956
12029,model_2,0.1801,0.18630983
12030,model_2,0.2856,0.31496954
12031,model_2,0.1723,0.1536129
12032,model_2,-0.003,0.037022404
12033,model_2,0.0877,0.12681879
12034,model_2,0.5325,0.33502457
12035,model_2,0.4467,0.4118938
12036,model_2,0.2161,0.22179462
12037,model_2,0.0731,0.041816697
12038,model_2,0.324,0.34498653
12039,model_2,0.5059,0.53151774
12040,model_2,0.3098,0.29941338
12041,model_2,0.6702,0.629343
12042,model_2,0.4454,0.45922986
12043,model_2,0.482,0.48390117
12044,model_2,0.1827,0.22371778
12045,model_2,0.2382,0.27287135
12046,model_2,0.062,0.082058005
12047,model_2,0.0764,0.10413776
12048,model_2,0.9909,0.9433692
12049,model_2,0.0017,0.047845267
12050,model_2,0.0725,0.082177676
12051,model_2,0.6986,0.6871849
12052,model_2,0.1026,0.15108584
12053,model_2,0.2602,0.29338
12054,model_2,0.1597,0.21556585
12055,model_2,0.0999,0.078642525
12056,model_2,0.105,0.09165293
12057,model_2,0.1339,0.21495134
12058,model_2,0.7248,0.70447844
12059,model_2,0.3623,0.31581113
12060,model_2,-0.0926,-0.03164822
12061,model_2,0.5097,0.50911224
12062,model_2,0.6611,0.68815076
12063,model_2,0.1565,0.1449726
12064,model_2,0.2494,0.2581214
12065,model_2,0.4328,0.39479193
12066,model_2,0.0906,0.13988979
12067,model_2,0.2333,0.22145465
12068,model_2,0.4523,0.4194964
12069,model_2,0.4513,0.42066458
12070,model_2,-0.0806,0.09841088
12071,model_2,0.2082,0.20228098
12072,model_2,0.0444,0.050569728
12073,model_2,0.0515,0.12798433
12074,model_2,0.1515,0.10051189
12075,model_2,0.1362,0.16165528
12076,model_2,0.2108,0.21331464
12077,model_2,0.5363,0.4776692
12078,model_2,-0.0176,0.010680592
12079,model_2,-0.0186,-0.0110151
12080,model_2,0.232,0.26770875
12081,model_2,0.1942,0.19971547
12082,model_2,-0.0013,0.115706384
12083,model_2,0.7549,0.7646047
12084,model_2,0.3891,0.42489585
12085,model_2,-0.041,-0.14544444
12086,model_2,0.3095,0.3528321
12087,model_2,0.1665,0.1938464
12088,model_2,0.5498,0.5401512
12089,model_2,0.0528,0.022878317
12090,model_2,0.1209,0.14385559
12091,model_2,0.9988,1.0049347
12092,model_2,0.3377,0.32883728
12093,model_2,0.1862,0.1766509
12094,model_2,0.0614,0.0656923
12095,model_2,0.3948,0.4105486
12096,model_2,0.6397,0.6565313
12097,model_2,0.321,0.44186983
12098,model_2,0.6869,0.69840753
12099,model_2,0.4119,0.43193486
12100,model_2,0.4386,0.43292838
12101,model_2,-0.0079,0.009985862
12102,model_2,0.0023,-0.05476663
12103,model_2,0.1769,0.1955655
12104,model_2,0.356,0.30790845
12105,model_2,0.4449,0.33634087
12106,model_2,0.1678,0.14947973
12107,model_2,0.1169,0.152958
12108,model_2,0.4938,0.4814072
12109,model_2,0.6969,0.6881951
12110,model_2,0.1261,0.15813585
12111,model_2,0.4533,0.43937048
12112,model_2,0.0178,0.040306695
12113,model_2,0.5146,0.5273208
12114,model_2,0.2465,0.22191986
12115,model_2,0.2617,0.1986313
12116,model_2,0.1071,0.10345884
12117,model_2,0.0194,-0.036988787
12118,model_2,-0.0767,-0.061732493
12119,model_2,0.3278,0.2834997
12120,model_2,0.3123,0.20817931
12121,model_2,0.245,0.18025906
12122,model_2,0.0665,0.080055304
12123,model_2,-0.0257,-0.0053923
12124,model_2,0.0631,0.030476948
12125,model_2,0.3602,0.3912376
12126,model_2,0.0649,0.016764583
12127,model_2,0.3413,0.23635475
12128,model_2,0.2721,0.26547933
12129,model_2,0.1052,0.1590429
12130,model_2,0.1647,0.14125195
12131,model_2,0.0129,-0.0017437786
12132,model_2,0.0821,0.13329522
12133,model_2,0.9447,0.92862827
12134,model_2,0.3237,0.32973772
12135,model_2,0.2409,0.25749257
12136,model_2,-0.0645,-0.059004247
12137,model_2,0.1196,0.11106433
12138,model_2,-0.0008,-0.040916376
12139,model_2,0.1626,0.16125828
12140,model_2,0.2777,-0.0023439843
12141,model_2,0.1176,0.14127634
12142,model_2,0.0325,0.0031714514
12143,model_2,0.1183,0.14236198
12144,model_2,0.0764,0.05964119
12145,model_2,0.0641,0.1139576
12146,model_2,0.0812,0.16054471
12147,model_2,0.1039,0.053930655
12148,model_2,0.2007,0.14433391
12149,model_2,0.5081,0.5121656
12150,model_2,0.642,0.6452821
12151,model_2,0.0237,0.07893671
12152,model_2,0.0803,0.08511065
12153,model_2,0.2485,0.2024559
12154,model_2,0.0893,0.06389615
12155,model_2,0.0782,0.09511054
12156,model_2,0.3216,0.2667139
12157,model_2,0.2341,0.23667966
12158,model_2,0.0152,0.002663143
12159,model_2,0.3037,0.23662247
12160,model_2,-0.0442,-0.034207016
12161,model_2,0.3209,0.3327438
12162,model_2,0.128,0.14032377
12163,model_2,0.1038,0.1089956
12164,model_2,0.1089,0.077411994
12165,model_2,0.1399,0.16192915
12166,model_2,0.6823,0.7001458
12167,model_2,0.7385,0.7337745
12168,model_2,0.3429,0.36079642
12169,model_2,0.2529,0.2055523
12170,model_2,0.3689,0.34643763
12171,model_2,0.5257,0.5206478
12172,model_2,0.0012,-0.0030575562
12173,model_2,0.8678,0.8765846
12174,model_2,0.1774,0.18842639
12175,model_2,0.2203,0.22816242
12176,model_2,-0.0972,-0.12128242
12177,model_2,0.3152,0.2571843
12178,model_2,0.1818,0.11363292
12179,model_2,0.5364,0.56168145
12180,model_2,0.7901,0.7748554
12181,model_2,0.0785,0.029291933
12182,model_2,0.1997,0.20710942
12183,model_2,0.2815,0.26367852
12184,model_2,0.2452,0.16990545
12185,model_2,0.1275,0.16894858
12186,model_2,0.3963,0.39821714
12187,model_2,0.089,0.092622794
12188,model_2,0.0624,0.028624563
12189,model_2,0.0776,0.055717766
12190,model_2,0.3946,0.39645785
12191,model_2,0.403,0.36408094
12192,model_2,0.0627,0.09514101
12193,model_2,-0.0737,-0.014887242
12194,model_2,0.8804,0.8912751
12195,model_2,0.298,0.22382091
12196,model_2,-0.0083,-0.019127032
12197,model_2,0.1106,0.13985021
12198,model_2,0.4197,0.4008799
12199,model_2,-0.021,-0.024566295
12200,model_2,0.191,0.14221163
12201,model_2,-0.0004,0.07793937
12202,model_2,0.1601,0.124124154
12203,model_2,0.0154,0.01739121
12204,model_2,0.0235,-0.0018365607
12205,model_2,0.7121,0.6578891
12206,model_2,0.6052,0.6097017
12207,model_2,0.3601,0.3908074
12208,model_2,0.3501,0.44370002
12209,model_2,0.4112,0.40278876
12210,model_2,0.1825,0.19314654
12211,model_2,0.4484,0.441564
12212,model_2,0.234,0.24748649
12213,model_2,0.2976,0.19643632
12214,model_2,0.2147,0.22385915
12215,model_2,0.439,0.43650147
12216,model_2,0.1585,0.1650519
12217,model_2,0.2821,0.31840232
12218,model_2,0.1454,0.21047032
12219,model_2,0.4025,0.41949967
12220,model_2,0.3501,0.29281262
12221,model_2,-0.0383,-0.03686618
12222,model_2,0.1922,0.16380166
12223,model_2,0.2171,0.23521401
12224,model_2,0.5988,0.5850664
12225,model_2,0.0137,0.10949828
12226,model_2,0.4819,0.4145918
12227,model_2,0.0926,0.076462284
12228,model_2,0.1254,0.145656
12229,model_2,0.8625,0.83351374
12230,model_2,0.1567,0.14938883
12231,model_2,0.6133,0.6132272
12232,model_2,0.0246,0.040150657
12233,model_2,0.1009,0.07673797
12234,model_2,0.4123,0.4071861
12235,model_2,0.3014,0.26869026
12236,model_2,0.3082,0.24870585
12237,model_2,0.8376,0.8605707
12238,model_2,0.1774,0.24453439
12239,model_2,0.6211,0.63772535
12240,model_2,0.2409,0.24927132
12241,model_2,-0.0716,-0.06643285
12242,model_2,-0.0724,0.26152465
12243,model_2,0.3842,0.35308763
12244,model_2,0.3266,0.2881469
12245,model_2,0.0744,0.115797386
12246,model_2,0.6124,0.6133111
12247,model_2,0.1175,0.12737474
12248,model_2,0.1588,0.12888804
12249,model_2,-0.1069,0.0028968956
12250,model_2,0.0678,0.09939009
12251,model_2,-0.0896,-0.10715692
12252,model_2,0.7713,0.7745118
12253,model_2,0.0351,0.042417735
12254,model_2,0.1707,0.1839755
12255,model_2,0.2714,0.26498827
12256,model_2,0.0278,0.044950172
12257,model_2,0.0846,0.11017537
12258,model_2,-0.0503,-0.027748398
12259,model_2,-0.0389,0.023989117
12260,model_2,-0.0311,-0.03819094
12261,model_2,0.6206,0.5764309
12262,model_2,0.2605,0.17293276
12263,model_2,0.3653,0.35167006
12264,model_2,0.2205,0.24716274
12265,model_2,-0.0438,0.008396184
12266,model_2,0.4235,0.41461182
12267,model_2,0.121,0.080191925
12268,model_2,0.3362,0.31591514
12269,model_2,-0.1321,-0.08336967
12270,model_2,0.0314,0.033241928
12271,model_2,0.1679,0.07901201
12272,model_2,0.3675,0.3459604
12273,model_2,0.2304,0.18198813
12274,model_2,0.167,0.12396617
12275,model_2,0.1969,0.17991175
12276,model_2,0.023,0.056169152
12277,model_2,0.2442,0.23929669
12278,model_2,0.2335,0.27637663
12279,model_2,0.0371,0.069533095
12280,model_2,0.4213,0.32918355
12281,model_2,0.5258,0.3765379
12282,model_2,-0.2644,-0.23094134
12283,model_2,0.0224,0.0469326
12284,model_2,0.0563,0.07585958
12285,model_2,0.2866,0.3001664
12286,model_2,0.0647,0.11503306
12287,model_2,0.1334,0.13840708
12288,model_2,0.0877,0.13086706
12289,model_2,0.2819,0.31800976
12290,model_2,0.2393,0.24379732
12291,model_2,0.0375,0.068240896
12292,model_2,0.1944,0.15997444
12293,model_2,0.5885,0.57144547
12294,model_2,-0.0723,-0.16702704
12295,model_2,0.6856,0.6704261
12296,model_2,0.3233,0.31493524
12297,model_2,0.0515,0.08700664
12298,model_2,0.183,0.2675709
12299,model_2,0.9575,0.97473913
12300,model_2,-0.0373,-0.03624943
12301,model_2,0.0326,0.005711889
12302,model_2,0.1989,0.21571393
12303,model_2,0.7656,0.7222254
12304,model_2,0.102,0.11414063
12305,model_2,-0.2391,-0.098966636
12306,model_2,0.3455,0.3239896
12307,model_2,0.2932,0.30027956
12308,model_2,0.451,0.44501215
12309,model_2,0.8838,0.83874184
12310,model_2,0.2518,0.25038418
12311,model_2,0.0905,0.0735122
12312,model_2,0.2021,0.18422793
12313,model_2,0.2407,0.25355974
12314,model_2,0.2092,0.21233092
12315,model_2,0.7049,0.6854779
12316,model_2,0.0254,0.06238146
12317,model_2,0.1278,0.13173993
12318,model_2,0.3201,0.30561242
12319,model_2,0.0056,0.088382006
12320,model_2,0.2916,0.2822982
12321,model_2,0.3702,0.37033522
12322,model_2,0.1984,0.26393652
12323,model_2,0.1083,0.075725496
12324,model_2,0.003,0.023836976
12325,model_2,0.2616,0.2559035
12326,model_2,0.2619,0.2769737
12327,model_2,0.5927,0.53306514
12328,model_2,0.2018,0.27185562
12329,model_2,0.221,0.2062472
12330,model_2,0.0315,0.010411004
12331,model_2,-0.0022,-0.0031029154
12332,model_2,0.4317,0.40357336
12333,model_2,0.5453,0.52671033
12334,model_2,0.4226,0.4366823
12335,model_2,0.1121,0.09918911
12336,model_2,0.2813,0.26051036
12337,model_2,0.3219,0.33657628
12338,model_2,1.0694,0.9972778
12339,model_2,0.1168,0.094615914
12340,model_2,0.0884,0.07994233
12341,model_2,0.3383,0.24598669
12342,model_2,0.1106,0.13728829
12343,model_2,0.0705,0.09196561
12344,model_2,0.132,0.14000593
12345,model_2,0.362,0.30439514
12346,model_2,0.0863,0.07624548
12347,model_2,0.0917,0.09566714
12348,model_2,0.4727,0.500196
12349,model_2,0.1261,0.14161073
12350,model_2,-0.1833,-0.13736917
12351,model_2,0.3651,0.33207652
12352,model_2,0.0955,0.086426154
12353,model_2,0.1457,0.10582739
12354,model_2,-0.0158,-0.0067185108
12355,model_2,-0.0288,-0.024304032
12356,model_2,0.4866,0.510277
12357,model_2,0.2488,0.25271752
12358,model_2,0.2733,0.28381953
12359,model_2,0.0703,0.07835449
12360,model_2,0.6585,0.6187946
12361,model_2,0.3023,0.28065225
12362,model_2,0.1064,0.086552195
12363,model_2,0.1608,0.20135117
12364,model_2,0.2236,0.25056127
12365,model_2,0.1278,0.16442485
12366,model_2,0.5283,0.5147766
12367,model_2,-0.0622,-0.015921148
12368,model_2,0.3666,0.33951047
12369,model_2,0.4571,0.24557482
12370,model_2,0.1839,0.24227543
12371,model_2,0.1012,0.08066645
12372,model_2,0.1767,0.1702101
12373,model_2,0.129,0.14216174
12374,model_2,1.0084,0.9966287
12375,model_2,0.1126,0.102142185
12376,model_2,0.2273,0.21942054
12377,model_2,0.1495,0.18895526
12378,model_2,0.4172,0.37845677
12379,model_2,0.0618,0.09869194
12380,model_2,0.2271,0.1863076
12381,model_2,0.3056,0.36464843
12382,model_2,0.0586,0.13263278
12383,model_2,0.2231,0.22079898
12384,model_2,0.0123,-0.016669651
12385,model_2,0.1047,0.1297599
12386,model_2,0.0093,0.047381163
12387,model_2,0.028,0.018035209
12388,model_2,0.0982,0.057989687
12389,model_2,0.3204,0.30469525
12390,model_2,0.3326,0.2824562
12391,model_2,0.0743,0.06001977
12392,model_2,0.1978,0.2200404
12393,model_2,0.1617,0.19669633
12394,model_2,0.2357,0.088430196
12395,model_2,0.2791,0.25350097
12396,model_2,0.437,0.4327062
12397,model_2,0.0417,0.023811432
12398,model_2,0.1199,0.12975731
12399,model_2,0.2938,0.25079814
12400,model_2,0.0197,0.031854026
12401,model_2,0.3909,0.325466
12402,model_2,0.0758,0.079240225
12403,model_2,0.302,0.33014885
12404,model_2,0.5343,0.5175888
12405,model_2,0.5045,0.5026893
12406,model_2,0.0099,0.028616948
12407,model_2,0.2024,0.11200936
12408,model_2,-0.0409,-0.00037454255
12409,model_2,0.0624,0.16928218
12410,model_2,0.1756,0.15773632
12411,model_2,0.5883,0.5776086
12412,model_2,0.1992,0.20404918
12413,model_2,-0.0463,-0.024038816
12414,model_2,0.3596,0.33475944
12415,model_2,-0.1507,-0.047254965
12416,model_2,0.2598,0.25564995
12417,model_2,0.6846,0.6590136
12418,model_2,-0.0717,-0.07034355
12419,model_2,0.0229,0.013135718
12420,model_2,-0.059,-0.045500502
12421,model_2,0.0616,0.08393339
12422,model_2,0.5577,0.5880981
12423,model_2,-0.2074,-0.2150494
12424,model_2,0.9935,1.0201236
12425,model_2,0.042,0.01113875
12426,model_2,0.3986,0.42887837
12427,model_2,0.0273,-0.00015572831
12428,model_2,0.7775,0.7986695
12429,model_2,0.1545,0.10211323
12430,model_2,0.461,0.4941251
12431,model_2,0.3274,0.33800086
12432,model_2,0.16,0.1010562
12433,model_2,0.3145,0.17223233
12434,model_2,0.4777,0.48407546
12435,model_2,0.4208,0.41407916
12436,model_2,0.0288,0.013481149
12437,model_2,0.0535,0.034335032
12438,model_2,0.2877,0.23324983
12439,model_2,0.2275,0.21859245
12440,model_2,-0.191,-0.16029455
12441,model_2,0.4734,0.43941662
12442,model_2,0.1687,0.22762407
12443,model_2,0.6685,0.6340471
12444,model_2,0.0595,0.055008084
12445,model_2,0.1041,0.09760592
12446,model_2,0.2558,0.30968037
12447,model_2,0.2774,0.29324272
12448,model_2,0.1777,0.16769026
12449,model_2,0.1203,0.105366886
12450,model_2,0.2357,0.15012914
12451,model_2,0.0812,0.06385147
12452,model_2,0.0905,0.08767417
12453,model_2,-0.0528,-0.013154959
12454,model_2,-0.0019,0.045907542
12455,model_2,-0.0341,-0.0038982946
12456,model_2,0.0679,0.10003734
12457,model_2,0.2223,0.24538778
12458,model_2,0.231,0.24750565
12459,model_2,0.0884,0.103873536
12460,model_2,0.3931,0.352289
12461,model_2,0.1375,0.12037869
12462,model_2,-0.0795,-0.06360813
12463,model_2,0.7355,0.7855142
12464,model_2,0.3339,0.33570075
12465,model_2,-0.2144,-0.18734019
12466,model_2,0.118,0.11989744
12467,model_2,0.0296,0.14600718
12468,model_2,0.6286,0.60317546
12469,model_2,0.4091,0.3528186
12470,model_2,0.131,0.12995869
12471,model_2,-0.115,-0.13786846
12472,model_2,0.1049,0.1114303
12473,model_2,0.1711,0.2213943
12474,model_2,0.1577,0.20952229
12475,model_2,0.2978,0.21536003
12476,model_2,0.0488,0.18814348
12477,model_2,0.2989,0.3236249
12478,model_2,0.215,0.20862807
12479,model_2,0.128,0.1251039
12480,model_2,0.0637,0.075464934
12481,model_2,0.1858,0.23931606
12482,model_2,0.0393,0.036715187
12483,model_2,0.434,0.43150747
12484,model_2,0.3888,0.352355
12485,model_2,0.0395,0.04102572
12486,model_2,0.1581,0.088100076
12487,model_2,-0.03,-0.087955385
12488,model_2,0.0291,0.026297955
12489,model_2,0.1399,0.20086664
12490,model_2,0.0173,-0.008567556
12491,model_2,0.1282,0.20579171
12492,model_2,0.2572,0.28414717
12493,model_2,0.435,0.46641973
12494,model_2,0.2802,0.1732214
12495,model_2,0.2689,0.29596674
12496,model_2,0.0468,0.056994475
12497,model_2,0.1025,0.08061043
12498,model_2,-0.05,0.007976646
12499,model_2,-0.1592,-0.13056195
12500,model_2,0.1687,0.15855765
12501,model_2,0.4928,0.516701
12502,model_2,-0.0636,-0.09402047
12503,model_2,0.1068,0.14349066
12504,model_2,0.0931,0.089759156
12505,model_2,0.3282,0.3643815
12506,model_2,0.1573,0.12053919
12507,model_2,0.1287,0.11200991
12508,model_2,0.4604,0.44821593
12509,model_2,0.1201,0.16582103
12510,model_2,0.3361,0.36845672
12511,model_2,0.0621,0.09708917
12512,model_2,-0.1847,-0.20374614
12513,model_2,0.0485,0.027429936
12514,model_2,0.4567,0.5060333
12515,model_2,-0.1292,-0.05861508
12516,model_2,0.7675,0.7478247
12517,model_2,0.3149,0.26944292
12518,model_2,-0.083,-0.054666102
12519,model_2,0.2395,0.26910588
12520,model_2,0.2051,0.139219
12521,model_2,0.1324,0.13854943
12522,model_2,0.3537,0.37725145
12523,model_2,0.0982,0.12161149
12524,model_2,0.1095,0.111034065
12525,model_2,-0.2217,-0.109116144
12526,model_2,0.1526,0.16159488
12527,model_2,0.232,0.2461104
12528,model_2,-0.0158,-0.010671092
12529,model_2,0.0166,0.050157666
12530,model_2,0.1155,0.12825118
12531,model_2,0.2733,0.34857568
12532,model_2,0.13,0.16138834
12533,model_2,0.3311,0.26171362
12534,model_2,0.1182,0.13861509
12535,model_2,0.3592,0.3017868
12536,model_2,0.3111,0.20600763
12537,model_2,0.0415,0.004001638
12538,model_2,0.1187,0.06891832
12539,model_2,0.7772,0.81799763
12540,model_2,0.2588,0.30363557
12541,model_2,0.735,0.7088486
12542,model_2,0.041,0.09295
12543,model_2,0.2724,0.297976
12544,model_2,0.2566,0.28012973
12545,model_2,-0.1324,-0.10332975
12546,model_2,0.3071,0.36994705
12547,model_2,0.5916,0.6093358
12548,model_2,0.0077,0.01214469
12549,model_2,0.5662,0.55526
12550,model_2,0.2165,0.20688234
12551,model_2,0.5293,0.53837484
12552,model_2,0.1005,0.12685299
12553,model_2,0.8876,0.8724496
12554,model_2,0.173,0.20994994
12555,model_2,0.0714,0.120725974
12556,model_2,0.0339,0.02430301
12557,model_2,0.1482,0.11741668
12558,model_2,0.3772,0.42544863
12559,model_2,0.034,0.009793075
12560,model_2,0.567,0.48005852
12561,model_2,0.0107,0.008244937
12562,model_2,0.3303,0.32380864
12563,model_2,0.0591,0.058679543
12564,model_2,0.6132,0.54870164
12565,model_2,-0.0429,-0.0045941137
12566,model_2,0.2831,0.267014
12567,model_2,-0.2733,-0.2191336
12568,model_2,0.226,0.21109824
12569,model_2,0.8807,0.8510174
12570,model_2,0.241,0.23413448
12571,model_2,0.0381,0.051491223
12572,model_2,-0.0338,-0.018338742
12573,model_2,0.4345,0.4237944
12574,model_2,0.0364,0.16353719
12575,model_2,0.4064,0.37597102
12576,model_2,0.412,0.370908
12577,model_2,0.2817,0.269021
12578,model_2,0.1879,0.15742974
12579,model_2,-0.0113,-0.0243402
12580,model_2,-0.0236,0.004743276
12581,model_2,0.3069,0.29229763
12582,model_2,-0.0439,-0.016566409
12583,model_2,0.2801,0.24644046
12584,model_2,0.2033,0.21167217
12585,model_2,0.3744,0.37723252
12586,model_2,0.1066,0.16177945
12587,model_2,0.0532,0.06254342
12588,model_2,0.1265,0.11719634
12589,model_2,0.086,0.09608262
12590,model_2,0.1606,0.14804818
12591,model_2,0.1982,0.17761673
12592,model_2,0.1505,0.19665687
12593,model_2,0.1731,0.23852645
12594,model_2,-0.0235,0.009890763
12595,model_2,-0.052,-0.023303984
12596,model_2,0.147,0.16722597
12597,model_2,0.0409,0.016074283
12598,model_2,0.1544,0.16603686
12599,model_2,0.0369,0.063303724
12600,model_2,-0.0288,-0.04401031
12601,model_2,0.1176,0.13997157
12602,model_2,0.3555,0.33159634
12603,model_2,0.0783,0.11497727
12604,model_2,0.3068,0.3036904
12605,model_2,0.0297,0.018690316
12606,model_2,0.0715,0.055149853
12607,model_2,0.349,0.33848932
12608,model_2,-0.0808,-0.06980006
12609,model_2,0.1447,0.09659349
12610,model_2,0.1368,0.14345568
12611,model_2,0.3513,0.27246162
12612,model_2,0.2381,0.26994988
12613,model_2,0.1751,0.18384352
12614,model_2,0.5688,0.59313583
12615,model_2,0.0665,0.059625067
12616,model_2,-0.0838,-0.08883229
12617,model_2,0.2989,0.2726458
12618,model_2,0.2179,0.23622541
12619,model_2,0.076,0.09335318
12620,model_2,-0.0258,0.04225666
12621,model_2,0.4251,0.4189332
12622,model_2,0.0705,0.048034623
12623,model_2,0.106,0.11632387
12624,model_2,-0.0074,0.027959345
12625,model_2,0.3835,0.60072666
12626,model_2,0.5912,0.5987342
12627,model_2,0.0357,0.108381614
12628,model_2,0.0207,0.0674989
12629,model_2,0.0784,0.08921559
12630,model_2,0.6486,0.67803025
12631,model_2,0.1986,0.31774026
12632,model_2,0.0171,0.0639448
12633,model_2,0.1963,0.20488642
12634,model_2,0.1965,0.21833679
12635,model_2,0.9418,0.9329401
12636,model_2,0.5196,0.5076814
12637,model_2,0.8232,0.8348095
12638,model_2,0.1177,0.113879934
12639,model_2,0.721,0.68647045
12640,model_2,0.0585,0.06781996
12641,model_2,0.5093,0.49597564
12642,model_2,0.0556,0.073637255
12643,model_2,0.1981,0.21246257
12644,model_2,0.0863,0.076458156
12645,model_2,0.2411,0.24889089
12646,model_2,0.0484,0.06743802
12647,model_2,-0.0212,-0.048971884
12648,model_2,0.5165,0.49089375
12649,model_2,0.2213,0.24579816
12650,model_2,0.0019,-0.028251829
12651,model_2,0.4825,0.4962493
12652,model_2,0.1377,0.14283201
12653,model_2,0.5618,0.554007
12654,model_2,-0.0784,0.0618746
12655,model_2,0.4283,0.37135684
12656,model_2,0.2691,0.20279719
12657,model_2,0.1053,0.15705158
12658,model_2,0.2661,0.21751405
12659,model_2,0.1647,0.13865288
12660,model_2,0.4259,0.41761002
12661,model_2,0.0386,0.05065819
12662,model_2,0.566,0.56637114
12663,model_2,-0.0127,0.082034886
12664,model_2,0.1307,0.1831617
12665,model_2,0.3116,0.27955222
12666,model_2,0.4665,0.49161193
12667,model_2,0.6543,0.6582766
12668,model_2,0.2602,0.22748862
12669,model_2,0.6845,0.68758124
12670,model_2,-0.0589,-0.06417014
12671,model_2,0.079,0.03504943
12672,model_2,0.1539,0.17440178
12673,model_2,0.2943,0.27773148
12674,model_2,0.4917,0.48147294
12675,model_2,0.1384,0.036594175
12676,model_2,0.0702,0.110165685
12677,model_2,0.2235,0.21763329
12678,model_2,0.2114,0.22010566
12679,model_2,-0.0125,0.00054137595
12680,model_2,0.1483,0.16400048
12681,model_2,0.1852,0.1718138
12682,model_2,0.0538,0.048949435
12683,model_2,0.0913,0.063423775
12684,model_2,0.1581,0.16613908
12685,model_2,0.1462,0.112488165
12686,model_2,0.6081,0.62928146
12687,model_2,0.4326,0.42047733
12688,model_2,0.1595,0.12654595
12689,model_2,0.2902,0.2882757
12690,model_2,0.2738,0.27701497
12691,model_2,0.2637,0.16358162
12692,model_2,0.4687,0.30092606
12693,model_2,0.2605,0.25587413
12694,model_2,-0.0042,-0.05067627
12695,model_2,0.9086,0.88039464
12696,model_2,0.3124,0.37429488
12697,model_2,0.3717,0.38190508
12698,model_2,0.1081,0.15051155
12699,model_2,-0.0283,-0.05030345
12700,model_2,0.1601,0.14514662
12701,model_2,0.1652,0.2398163
12702,model_2,0.1156,0.19357404
12703,model_2,0.3286,0.31697342
12704,model_2,0.1283,0.117383346
12705,model_2,-0.0328,0.11169653
12706,model_2,0.6685,0.68816084
12707,model_2,0.2951,0.3026293
12708,model_2,0.2457,0.3182073
12709,model_2,-0.0024,0.012295732
12710,model_2,0.5856,0.6119235
12711,model_2,0.572,0.5393891
12712,model_2,-0.0592,-0.06416596
12713,model_2,0.2104,0.24760716
12714,model_2,0.6566,0.5968265
12715,model_2,0.2643,0.16780226
12716,model_2,0.3508,0.34952506
12717,model_2,0.4756,0.47974846
12718,model_2,0.488,0.50576
12719,model_2,0.5584,0.5149485
12720,model_2,0.0054,0.13003029
12721,model_2,0.5034,0.4878129
12722,model_2,0.0406,0.037812814
12723,model_2,0.1352,0.14323455
12724,model_2,0.0801,0.1100042
12725,model_2,0.065,0.07041624
12726,model_2,0.6081,0.62008744
12727,model_2,0.369,0.4433011
12728,model_2,0.0143,0.01281344
12729,model_2,0.8946,0.8636944
12730,model_2,0.3761,0.45850864
12731,model_2,0.1528,0.13721475
12732,model_2,0.0422,0.07264123
12733,model_2,0.2115,0.24089222
12734,model_2,0.8827,0.84098727
12735,model_2,0.2545,0.24542747
12736,model_2,0.206,0.18989213
12737,model_2,0.0591,0.07476067
12738,model_2,0.3763,0.30930528
12739,model_2,0.255,0.2602787
12740,model_2,0.4148,0.37712803
12741,model_2,0.2358,0.22265984
12742,model_2,-0.0634,-0.05743511
12743,model_2,0.1779,0.16375394
12744,model_2,0.166,0.17239252
12745,model_2,0.038,0.10144572
12746,model_2,0.0982,0.10953654
12747,model_2,0.0641,0.07353775
12748,model_2,0.4112,0.3064841
12749,model_2,0.092,0.11588663
12750,model_2,0.0035,-0.029276205
12751,model_2,0.2008,0.22601707
12752,model_2,0.0663,0.09577195
12753,model_2,0.5619,0.5355186
12754,model_2,0.0997,0.15389742
12755,model_2,0.1647,0.17346847
12756,model_2,0.1373,0.15202132
12757,model_2,0.3361,0.32242075
12758,model_2,0.0937,0.13168415
12759,model_2,0.563,0.56249166
12760,model_2,0.3155,0.26446423
12761,model_2,0.0261,0.025117612
12762,model_2,0.049,-0.000390118
12763,model_2,0.245,0.25854382
12764,model_2,0.3956,0.41884974
12765,model_2,0.2245,0.24843045
12766,model_2,0.1731,0.17343642
12767,model_2,0.0217,0.03665033
12768,model_2,0.2011,0.20488356
12769,model_2,0.3439,0.3262397
12770,model_2,0.3255,0.27029547
12771,model_2,0.2361,0.2201448
12772,model_2,0.0736,0.11837463
12773,model_2,0.0804,0.10555622
12774,model_2,0.5891,0.5754165
12775,model_2,0.2558,0.13719313
12776,model_2,0.1678,0.17408715
12777,model_2,-0.2197,-0.22078787
12778,model_2,0.1938,0.18689254
12779,model_2,0.0716,0.11918013
12780,model_2,0.2957,0.3172567
12781,model_2,0.2004,0.20841767
12782,model_2,0.0797,0.08513366
12783,model_2,-0.046,0.011075238
12784,model_2,0.1148,0.09812616
12785,model_2,0.0891,0.081134796
12786,model_2,0.2601,0.28921193
12787,model_2,-0.1399,-0.12896127
12788,model_2,0.0176,0.024861177
12789,model_2,0.0248,0.05353356
12790,model_2,0.6591,0.66238767
12791,model_2,0.3234,0.24057661
12792,model_2,0.1256,0.1503378
12793,model_2,0.3433,0.33061317
12794,model_2,0.5293,0.52767307
12795,model_2,0.1142,0.055292577
12796,model_2,0.3092,0.30256316
12797,model_2,0.039,0.10264668
12798,model_2,0.1734,0.17795192
12799,model_2,-0.1775,-0.16365378
12800,model_2,0.2009,0.216976
12801,model_2,0.4088,0.3149653
12802,model_2,0.1724,0.15068369
12803,model_2,0.5123,0.52040577
12804,model_2,-0.0811,-0.07506407
12805,model_2,-0.0817,-0.11523834
12806,model_2,0.2125,0.16417214
12807,model_2,-0.1993,-0.17915423
12808,model_2,0.2165,0.21286519
12809,model_2,-0.165,-0.12072738
12810,model_2,-0.1462,-0.12827167
12811,model_2,0.0796,0.05325611
12812,model_2,0.3886,0.38866124
12813,model_2,0.0652,0.15984385
12814,model_2,0.0194,0.025722703
12815,model_2,0.3042,0.23693533
12816,model_2,0.1018,0.2533554
12817,model_2,0.4397,0.34394005
12818,model_2,0.0723,0.069496945
12819,model_2,0.1931,0.17081122
12820,model_2,0.4281,0.39976856
12821,model_2,0.1722,0.22432958
12822,model_2,-0.0123,-0.049660705
12823,model_2,0.1324,0.15483715
12824,model_2,0.4355,0.43092307
12825,model_2,0.5291,0.52580583
12826,model_2,0.6363,0.64846176
12827,model_2,0.1514,0.1914562
12828,model_2,0.1863,0.283232
12829,model_2,0.4414,0.4087488
12830,model_2,0.3719,0.36924914
12831,model_2,0.0158,0.053897515
12832,model_2,0.5778,0.59156805
12833,model_2,0.1629,0.26592785
12834,model_2,0.4192,0.38249132
12835,model_2,0.1708,0.096560314
12836,model_2,0.2558,0.27377847
12837,model_2,0.0917,0.075452104
12838,model_2,0.3537,0.3593796
12839,model_2,-0.0368,0.017854704
12840,model_2,0.7761,0.7371203
12841,model_2,0.0891,0.07323936
12842,model_2,-0.0881,-0.09601441
12843,model_2,0.1764,0.18443736
12844,model_2,-0.052,-0.030935863
12845,model_2,0.1426,0.19317295
12846,model_2,0.391,0.23284446
12847,model_2,0.2517,0.19418226
12848,model_2,0.157,0.14136563
12849,model_2,0.1531,0.12154873
12850,model_2,0.2734,0.30983636
12851,model_2,-0.066,-0.065967456
12852,model_2,-0.0146,0.084065
12853,model_2,0.2261,0.228902
12854,model_2,0.3354,0.2969229
12855,model_2,0.7219,0.695201
12856,model_2,0.4346,0.41091165
12857,model_2,0.2178,0.1804868
12858,model_2,-0.0181,0.010014338
12859,model_2,0.1517,0.110794395
12860,model_2,-0.1776,-0.16381083
12861,model_2,0.2588,0.2270682
12862,model_2,0.0411,0.05391504
12863,model_2,0.1639,0.2539783
12864,model_2,0.2243,0.18620041
12865,model_2,0.5976,0.611938
12866,model_2,-0.1045,-0.062778085
12867,model_2,-0.0606,-0.004966313
12868,model_2,0.1491,0.15871145
12869,model_2,0.3917,0.37657344
12870,model_2,0.1045,0.11720364
12871,model_2,0.1386,0.131521
12872,model_2,0.1509,0.120541126
12873,model_2,0.0829,0.11671734
12874,model_2,0.8336,0.8425874
12875,model_2,0.1276,0.16193728
12876,model_2,0.0321,0.06012447
12877,model_2,0.5333,0.46481863
12878,model_2,-0.0972,-0.071383685
12879,model_2,0.1745,0.19794673
12880,model_2,0.4804,0.44812217
12881,model_2,0.4611,0.4466484
12882,model_2,-0.0286,0.06362927
12883,model_2,0.1235,0.08846174
12884,model_2,0.8562,0.8256225
12885,model_2,0.1649,0.13247372
12886,model_2,0.0255,0.04295838
12887,model_2,-0.0389,-0.07168335
12888,model_2,-0.1821,-0.15293847
12889,model_2,0.0078,0.0046044197
12890,model_2,0.0857,0.0571346
12891,model_2,0.2202,0.12143093
12892,model_2,0.3746,0.2893779
12893,model_2,0.9284,0.8827831
12894,model_2,0.5441,0.5433782
12895,model_2,0.0203,0.0062190127
12896,model_2,0.099,0.14383538
12897,model_2,0.3893,0.44183132
12898,model_2,0.03,-0.00038535334
12899,model_2,-0.0803,-0.13822807
12900,model_2,0.5742,0.55516344
12901,model_2,0.2608,0.2854894
12902,model_2,0.3424,0.30387124
12903,model_2,0.7563,0.75830084
12904,model_2,0.5924,0.5611771
12905,model_2,0.451,0.44901505
12906,model_2,0.3,0.3045019
12907,model_2,0.1947,0.2065439
12908,model_2,-0.0702,-0.08072426
12909,model_2,0.342,0.29703948
12910,model_2,0.3785,0.40519178
12911,model_2,0.2008,0.24380936
12912,model_2,0.67,0.709402
12913,model_2,0.0135,0.013047459
12914,model_2,0.6326,0.64660424
12915,model_2,0.1651,0.16105638
12916,model_2,-0.0075,0.041046783
12917,model_2,0.3243,0.3155885
12918,model_2,0.3912,0.4004332
12919,model_2,0.0343,0.045859925
12920,model_2,0.1206,0.1388358
12921,model_2,0.1135,0.11052127
12922,model_2,-0.1125,-0.070892684
12923,model_2,0.3516,0.284817
12924,model_2,0.293,0.30156967
12925,model_2,0.2027,0.21837951
12926,model_2,0.2425,0.27074093
12927,model_2,0.0284,-0.0009186622
12928,model_2,0.28,0.3071649
12929,model_2,-0.1329,-0.14458859
12930,model_2,-0.1792,-0.19817145
12931,model_2,0.0496,0.018203346
12932,model_2,0.0071,0.071201615
12933,model_2,0.3846,0.33107314
12934,model_2,-0.0135,-0.03220678
12935,model_2,0.4117,0.35179752
12936,model_2,0.4377,0.44131482
12937,model_2,0.2263,0.21728283
12938,model_2,0.5533,0.54265726
12939,model_2,0.0284,0.016692301
12940,model_2,0.1983,0.17859057
12941,model_2,0.4829,0.5206464
12942,model_2,0.9129,0.8972487
12943,model_2,0.2616,0.28162664
12944,model_2,0.1055,0.10793434
12945,model_2,0.0399,0.049593873
12946,model_2,0.7594,0.7329721
12947,model_2,0.1042,0.1135426
12948,model_2,0.1463,0.109293774
12949,model_2,-0.0073,-0.004670607
12950,model_2,0.1361,0.10568307
12951,model_2,-0.0054,0.009333519
12952,model_2,0.0832,0.07153973
12953,model_2,0.1179,0.094539404
12954,model_2,0.1619,0.15743719
12955,model_2,0.2164,0.123322636
12956,model_2,0.5985,0.6115858
12957,model_2,-0.2122,-0.14002678
12958,model_2,0.6985,0.7367169
12959,model_2,0.5042,0.4791769
12960,model_2,0.7343,0.75343573
12961,model_2,0.6019,0.5615162
12962,model_2,1.1122,1.1494793
12963,model_2,0.0971,0.1153771
12964,model_2,0.3718,0.39758828
12965,model_2,-0.0553,-0.12739371
12966,model_2,0.0426,0.049973056
12967,model_2,0.35,0.29550916
12968,model_2,0.1098,0.1346683
12969,model_2,0.4064,0.4065694
12970,model_2,0.2813,0.30825868
12971,model_2,0.4188,0.44231388
12972,model_2,0.1664,0.17059554
12973,model_2,0.1342,0.09867691
12974,model_2,0.0433,0.055942416
12975,model_2,0.0848,0.09876825
12976,model_2,-0.0383,0.0027219784
12977,model_2,0.4807,0.46880564
12978,model_2,0.5837,0.492044
12979,model_2,0.0805,0.10154912
12980,model_2,0.3234,0.21995574
12981,model_2,0.2488,0.25695732
12982,model_2,0.1852,0.25130603
12983,model_2,0.1338,0.1410041
12984,model_2,0.1576,0.18757328
12985,model_2,0.5512,0.54142994
12986,model_2,0.4166,0.3939558
12987,model_2,0.2141,0.1753905
12988,model_2,0.8555,0.8125166
12989,model_2,0.4522,0.45040902
12990,model_2,0.3551,0.23790754
12991,model_2,0.2276,0.20242573
12992,model_2,0.1845,0.26693282
12993,model_2,0.3565,0.30997062
12994,model_2,0.5087,0.52542996
12995,model_2,0.0695,0.09148668
12996,model_2,0.1732,0.28316757
12997,model_2,-0.0577,0.0082736
12998,model_2,0.1981,0.16986026
12999,model_2,-0.1917,-0.21037474
13000,model_2,0.2953,0.27519733
13001,model_2,0.296,0.30130216
13002,model_2,0.487,0.4302983
13003,model_2,0.2441,0.2442183
13004,model_2,0.0522,0.12011483
13005,model_2,0.0191,0.14864141
13006,model_2,-0.0034,0.0109121185
13007,model_2,0.0962,0.10922007
13008,model_2,-0.0496,-0.053076975
13009,model_2,0.0264,-0.053955145
13010,model_2,0.3547,0.33971366
13011,model_2,0.2352,0.23356162
13012,model_2,0.3528,0.37174624
13013,model_2,-0.0739,-0.07354341
13014,model_2,0.9373,0.88769644
13015,model_2,0.6157,0.56848514
13016,model_2,-0.1214,-0.09724681
13017,model_2,0.2627,0.25608283
13018,model_2,0.4245,0.41837826
13019,model_2,0.4759,0.47880033
13020,model_2,0.3899,0.31614757
13021,model_2,0.284,0.2548509
13022,model_2,0.1183,0.10820496
13023,model_2,0.137,0.1522637
13024,model_2,0.0825,0.05611507
13025,model_2,0.291,0.32565492
13026,model_2,0.5936,0.6206817
13027,model_2,0.2891,0.28068408
13028,model_2,0.1963,0.17535624
13029,model_2,0.0478,0.04689665
13030,model_2,-0.2112,-0.16954543
13031,model_2,0.429,0.29979923
13032,model_2,0.4055,0.30044773
13033,model_2,0.0052,0.030461146
13034,model_2,0.11,0.122176066
13035,model_2,0.5224,0.5556119
13036,model_2,0.2109,0.19829528
13037,model_2,0.0963,0.08626289
13038,model_2,0.0973,0.060236774
13039,model_2,0.3659,0.36020014
13040,model_2,-0.0723,-0.04894089
13041,model_2,0.1341,0.1321542
13042,model_2,0.1894,0.20531455
13043,model_2,0.0907,0.0894364
13044,model_2,-0.0892,-0.043362543
13045,model_2,0.6345,0.64151025
13046,model_2,0.7779,0.79192865
13047,model_2,0.1558,0.13686165
13048,model_2,0.2271,0.2527385
13049,model_2,0.1716,0.18958952
13050,model_2,0.2336,0.30302185
13051,model_2,0.1207,0.092357814
13052,model_2,0.9467,0.9253915
13053,model_2,0.7206,0.7581524
13054,model_2,0.2789,0.25587454
13055,model_2,0.3348,0.34772325
13056,model_2,0.1485,0.15926395
13057,model_2,0.1808,0.14705881
13058,model_2,0.2877,0.19407533
13059,model_2,0.4756,0.45397413
13060,model_2,0.2724,0.3415221
13061,model_2,0.142,0.1278405
13062,model_2,-0.0088,0.010510026
13063,model_2,0.1715,0.1617045
13064,model_2,0.5349,0.51529706
13065,model_2,0.1872,0.15079841
13066,model_2,0.0341,0.06395392
13067,model_2,0.5408,0.56289333
13068,model_2,0.46,0.43002677
13069,model_2,0.1282,0.09796463
13070,model_2,0.0597,0.047161788
13071,model_2,0.0547,0.14713533
13072,model_2,0.2546,0.2728624
13073,model_2,0.0538,0.029481826
13074,model_2,0.2136,0.23457451
13075,model_2,0.2111,0.17954798
13076,model_2,0.3971,0.37806177
13077,model_2,0.3892,0.38606754
13078,model_2,0.1469,0.13793425
13079,model_2,0.2855,0.34659433
13080,model_2,0.065,0.09440731
13081,model_2,0.1539,0.17957944
13082,model_2,0.0312,0.06364262
13083,model_2,0.8707,0.89505017
13084,model_2,0.2785,0.22938757
13085,model_2,0.2351,0.3257565
13086,model_2,-0.0285,-0.07176391
13087,model_2,0.3096,0.336098
13088,model_2,0.0264,0.10257529
13089,model_2,0.0795,0.020908793
13090,model_2,0.0566,0.076325744
13091,model_2,0.2144,0.20626469
13092,model_2,0.4176,0.43022755
13093,model_2,0.3137,0.29163888
13094,model_2,0.154,0.17301126
13095,model_2,-0.0804,-0.06150657
13096,model_2,0.0441,0.07271073
13097,model_2,0.0269,0.03474778
13098,model_2,0.0114,0.069371775
13099,model_2,0.0689,-0.00977076
13100,model_2,0.3162,0.31297582
13101,model_2,0.3555,0.3449161
13102,model_2,-0.0222,-0.03275484
13103,model_2,0.1238,0.12697335
13104,model_2,0.1071,0.119332805
13105,model_2,0.2458,0.21180268
13106,model_2,0.2583,0.24629141
13107,model_2,0.1056,0.076115154
13108,model_2,0.2645,0.23857109
13109,model_2,0.211,0.17854883
13110,model_2,0.5544,0.5544001
13111,model_2,0.0287,0.064139746
13112,model_2,0.072,0.057699785
13113,model_2,0.452,0.4478462
13114,model_2,0.1095,0.1315085
13115,model_2,0.8376,0.7755287
13116,model_2,0.5036,0.47726956
13117,model_2,0.3726,0.37572047
13118,model_2,0.1951,0.20073943
13119,model_2,0.2187,0.22028391
13120,model_2,0.3652,0.3893454
13121,model_2,0.327,0.33957097
13122,model_2,0.0355,0.079720415
13123,model_2,0.5786,0.58094305
13124,model_2,0.2727,0.2795923
13125,model_2,0.1646,0.11355211
13126,model_2,0.1424,0.22886811
13127,model_2,0.2931,0.3031188
13128,model_2,0.1301,0.09885353
13129,model_2,0.3108,0.27523234
13130,model_2,0.1729,0.09786524
13131,model_2,-0.2126,-0.14302735
13132,model_2,0.3504,0.14860965
13133,model_2,-0.0529,0.09907015
13134,model_2,0.5158,0.5547309
13135,model_2,0.6658,0.68384504
13136,model_2,0.2048,0.15645812
13137,model_2,0.0162,0.0011076387
13138,model_2,0.0962,0.04210554
13139,model_2,0.3612,0.35065925
13140,model_2,0.1472,0.15818293
13141,model_2,0.782,0.77949244
13142,model_2,0.1146,0.114511415
13143,model_2,0.1863,0.15499245
13144,model_2,0.5125,0.5587381
13145,model_2,0.1419,0.13812071
13146,model_2,0.1435,0.11832909
13147,model_2,0.2646,0.25377196
13148,model_2,0.7454,0.7649269
13149,model_2,0.9861,0.95996255
13150,model_2,0.1417,0.18878457
13151,model_2,0.4211,0.42836747
13152,model_2,0.1873,0.35736156
13153,model_2,0.0253,-0.023438195
13154,model_2,0.1456,0.17331557
13155,model_2,0.2658,0.28745466
13156,model_2,0.0329,0.016904337
13157,model_2,0.0307,0.056325845
13158,model_2,0.5141,0.45922104
13159,model_2,0.1393,0.13513434
13160,model_2,0.9072,0.89656323
13161,model_2,-0.0024,0.036611877
13162,model_2,0.3241,0.33021557
13163,model_2,0.4579,0.42655143
13164,model_2,0.2838,0.2340421
13165,model_2,0.1896,0.2173931
13166,model_2,0.2833,0.34031057
13167,model_2,0.1595,0.20343484
13168,model_2,0.0519,0.14782727
13169,model_2,0.0289,0.1096414
13170,model_2,0.0332,0.060255684
13171,model_2,0.365,0.38395467
13172,model_2,1e-04,0.07298071
13173,model_2,0.5036,0.46363506
13174,model_2,0.4386,0.43844938
13175,model_2,0.1015,0.071091965
13176,model_2,0.1862,0.20561557
13177,model_2,0.0048,-0.008158548
13178,model_2,-0.0113,0.004664762
13179,model_2,0.5677,0.5692194
13180,model_2,0.314,0.2961435
13181,model_2,0.197,0.2111899
13182,model_2,0.2981,0.20732667
13183,model_2,0.385,0.3728967
13184,model_2,0.0922,0.07599395
13185,model_2,0.1423,0.18416937
13186,model_2,0.2113,0.2106692
13187,model_2,0.8454,0.8762665
13188,model_2,0.4754,0.41756395
13189,model_2,0.0502,0.18533117
13190,model_2,0.1413,0.17138968
13191,model_2,-0.0554,-0.036405284
13192,model_2,0.1681,0.16705725
13193,model_2,0.4217,0.4725144
13194,model_2,0.1583,0.14033289
13195,model_2,0.2031,0.25943655
13196,model_2,0.4481,0.36229908
13197,model_2,0.591,0.60706943
13198,model_2,0.3445,0.35453144
13199,model_2,0.2028,0.1709878
13200,model_2,0.3105,0.3311672
13201,model_2,0.0532,0.1274444
13202,model_2,0.1011,0.09256414
13203,model_2,0.0554,0.043397248
13204,model_2,0.3909,0.4171823
13205,model_2,0.6055,0.57853454
13206,model_2,-0.0279,-0.034537382
13207,model_2,0.1032,0.1255233
13208,model_2,0.0946,0.17405768
13209,model_2,0.0314,0.008109717
13210,model_2,-0.0354,-0.024115397
13211,model_2,0.4957,0.49293616
13212,model_2,0.0657,0.04552391
13213,model_2,0.1778,0.18587826
13214,model_2,0.2782,0.32792455
13215,model_2,0.2589,0.25009486
13216,model_2,0.452,0.4033487
13217,model_2,0.0613,0.047805622
13218,model_2,0.0072,0.0023258012
13219,model_2,1.1488,1.1495637
13220,model_2,0.7791,0.7620811
13221,model_2,0.773,0.7977002
13222,model_2,0.0352,0.06287793
13223,model_2,0.2377,0.27805072
13224,model_2,0.0594,0.05811003
13225,model_2,0.0983,0.08879787
13226,model_2,0.1972,0.17020093
13227,model_2,0.517,0.50167656
13228,model_2,-0.0333,-0.05772742
13229,model_2,0.0014,0.015235124
13230,model_2,0.0082,0.015208779
13231,model_2,0.1248,0.19844651
13232,model_2,0.3919,0.43140027
13233,model_2,0.7631,0.7625713
13234,model_2,0.1827,0.1644071
13235,model_2,0.457,0.4404183
13236,model_2,0.0033,0.021908524
13237,model_2,0.0113,-0.04303366
13238,model_2,0.1388,0.137507
13239,model_2,-0.0542,-0.027037295
13240,model_2,0.7521,0.7603523
13241,model_2,-0.0126,-0.029547011
13242,model_2,0.9116,0.9089863
13243,model_2,0.4736,0.48618266
13244,model_2,0.9467,0.91945106
13245,model_2,0.8626,0.8469655
13246,model_2,0.4525,0.22492014
13247,model_2,0.4805,0.37680393
13248,model_2,0.2294,0.21897213
13249,model_2,0.2109,0.20972933
13250,model_2,0.3895,0.37001768
13251,model_2,0.6194,0.60853046
13252,model_2,0.336,0.24313585
13253,model_2,0.3508,0.29552582
13254,model_2,0.1063,0.12137672
13255,model_2,0.3209,0.24659543
13256,model_2,-0.1305,0.00845707
13257,model_2,0.1308,0.10230814
13258,model_2,0.2332,0.22170307
13259,model_2,0.0262,0.08728781
13260,model_2,0.4121,0.43535665
13261,model_2,0.5795,0.59392697
13262,model_2,-0.2184,-0.16039664
13263,model_2,0.1944,0.18679078
13264,model_2,0.3266,0.34079483
13265,model_2,0.7498,0.7556866
13266,model_2,0.0748,0.10631943
13267,model_2,0.2608,0.21707217
13268,model_2,0.6066,0.641332
13269,model_2,-0.049,-0.04358812
13270,model_2,0.4533,0.41300377
13271,model_2,0.0489,0.019124428
13272,model_2,-0.0524,-0.056126438
13273,model_2,0.1214,0.10544364
13274,model_2,0.1349,0.11922346
13275,model_2,0.5979,0.5929302
13276,model_2,0.0872,0.049589097
13277,model_2,0.318,0.31773838
13278,model_2,0.2653,0.32689965
13279,model_2,0.0808,0.06859137
13280,model_2,0.1323,0.10961108
13281,model_2,0.096,0.13515812
13282,model_2,0.299,0.2936997
13283,model_2,0.0033,0.0055309217
13284,model_2,-0.0092,0.031089926
13285,model_2,0.272,0.2844285
13286,model_2,0.4508,0.46130317
13287,model_2,0.2634,0.21444839
13288,model_2,0.1633,0.15784465
13289,model_2,0.1333,0.09914993
13290,model_2,0.3495,0.36304608
13291,model_2,0.1048,0.07260236
13292,model_2,0.1198,0.10843189
13293,model_2,-0.0043,-0.010022664
13294,model_2,0.4489,0.2591982
13295,model_2,0.1631,0.1633743
13296,model_2,0.9563,0.94100416
13297,model_2,0.4738,0.46349454
13298,model_2,0.0725,0.10774316
13299,model_2,0.4155,0.44921902
13300,model_2,0.1499,0.13356571
13301,model_2,0.0688,0.086512946
13302,model_2,0.0381,0.067372024
13303,model_2,0.3569,0.3043299
13304,model_2,0.7972,0.7759105
13305,model_2,0.2212,0.262854
13306,model_2,0.355,0.27212012
13307,model_2,0.336,0.33543295
13308,model_2,0.5555,0.5657538
13309,model_2,0.4603,0.39925185
13310,model_2,0.7141,0.69563967
13311,model_2,0.265,0.25813553
13312,model_2,-0.1181,-0.09137698
13313,model_2,0.0851,0.1264696
13314,model_2,0.385,0.45847055
13315,model_2,0.1071,0.09493224
13316,model_2,-0.0117,-0.01456693
13317,model_2,0.1963,0.1731333
13318,model_2,0.1242,-0.023566348
13319,model_2,0.4865,0.50184745
13320,model_2,-0.1261,-0.11461441
13321,model_2,0.2501,0.2513316
13322,model_2,0.4312,0.42258814
13323,model_2,0.2962,0.29902282
13324,model_2,0.218,0.20890948
13325,model_2,0.3698,0.36536202
13326,model_2,0.7461,0.7486393
13327,model_2,0.194,0.2254663
13328,model_2,0.1808,0.17105676
13329,model_2,0.4745,0.44952795
13330,model_2,0.3008,0.3324574
13331,model_2,0.2046,0.17402859
13332,model_2,0.1094,0.15041946
13333,model_2,-0.2134,-0.15859082
13334,model_2,0.5296,0.5403128
13335,model_2,0.1539,0.17473127
13336,model_2,0.0766,0.07102652
13337,model_2,0.6032,0.63784903
13338,model_2,0.2886,0.26697162
13339,model_2,0.7923,0.75360674
13340,model_2,0.5686,0.5851645
13341,model_2,0.2972,0.3139816
13342,model_2,0.3508,0.33284357
13343,model_2,0.3847,0.3122095
13344,model_2,0.4299,0.41820452
13345,model_2,0.2939,0.27682784
13346,model_2,0.1845,0.22390135
13347,model_2,-0.0479,0.018754711
13348,model_2,0.172,0.19784479
13349,model_2,0.1248,0.10385162
13350,model_2,0.5103,0.5134412
13351,model_2,0.1977,0.11355592
13352,model_2,0.1619,0.15404677
13353,model_2,0.2296,0.1748423
13354,model_2,0.1099,0.11746791
13355,model_2,-0.0637,-0.05641505
13356,model_2,0.8403,0.81944996
13357,model_2,0.0637,0.04460253
13358,model_2,0.2041,0.17237367
13359,model_2,0.0465,0.051296152
13360,model_2,0.0101,0.02796893
13361,model_2,0.2409,0.25881657
13362,model_2,0.0093,0.0070464984
13363,model_2,0.4028,0.40880755
13364,model_2,0.2084,0.15981807
13365,model_2,0.1163,0.10939552
13366,model_2,0.5024,0.5181988
13367,model_2,0.2284,0.16175054
13368,model_2,0.8808,0.89245284
13369,model_2,0.2597,0.2855051
13370,model_2,0.072,0.11100201
13371,model_2,0.1738,0.17065959
13372,model_2,0.4511,0.47984096
13373,model_2,0.052,0.081682235
13374,model_2,-0.0326,-0.029711785
13375,model_2,0.4512,0.5112826
13376,model_2,0.3017,0.30441657
13377,model_2,0.1598,0.15014999
13378,model_2,0.1222,0.14180759
13379,model_2,0.0635,0.049755976
13380,model_2,0.6543,0.64171416
13381,model_2,0.4857,0.4840187
13382,model_2,0.1966,0.26831928
13383,model_2,0.5113,0.47264817
13384,model_2,0.1198,0.1448424
13385,model_2,0.0328,0.022306835
13386,model_2,0.0196,0.044936284
13387,model_2,0.0331,0.08103286
13388,model_2,0.4467,0.45630017
13389,model_2,-0.0102,0.038181596
13390,model_2,0.058,0.098115355
13391,model_2,0.2564,0.2840455
13392,model_2,0.6732,0.68972176
13393,model_2,0.4332,0.39856675
13394,model_2,0.0675,0.07488236
13395,model_2,0.6779,0.6654362
13396,model_2,0.7647,0.74160355
13397,model_2,-0.0555,-0.032576717
13398,model_2,0.373,0.37153995
13399,model_2,0.0998,0.061007246
13400,model_2,0.1463,0.17142537
13401,model_2,-0.0189,0.004964901
13402,model_2,0.0831,0.057321116
13403,model_2,0.1446,0.14806257
13404,model_2,0.638,0.62181693
13405,model_2,0.6596,0.63037044
13406,model_2,0.2615,0.21402171
13407,model_2,-0.0527,-0.048929937
13408,model_2,0.1305,0.10817172
13409,model_2,0.479,0.3661027
13410,model_2,-0.0128,-0.025279753
13411,model_2,0.2885,0.29951897
13412,model_2,0.8212,0.83029133
13413,model_2,0.9306,0.78466696
13414,model_2,0.254,0.29116437
13415,model_2,0.166,0.2536302
13416,model_2,0.4765,0.46911356
13417,model_2,0.1633,0.15616629
13418,model_2,0.1265,0.114736244
13419,model_2,0.1724,0.14473696
13420,model_2,0.4079,0.39527294
13421,model_2,0.6684,0.7112028
13422,model_2,0.1849,0.1921746
13423,model_2,-0.0953,-0.068491735
13424,model_2,0.5769,0.5585243
13425,model_2,0.3919,0.4127328
13426,model_2,0.4085,0.4047199
13427,model_2,0.144,0.1465662
13428,model_2,0.2652,0.29384974
13429,model_2,0.1924,0.17017344
13430,model_2,0.9163,0.9506485
13431,model_2,0.1918,0.095572524
13432,model_2,0.7624,0.65060145
13433,model_2,0.485,0.49089912
13434,model_2,0.0751,0.108104125
13435,model_2,-0.05,0.06095679
13436,model_2,0.2362,0.19212164
13437,model_2,0.348,0.34585944
13438,model_2,0.5385,0.5341545
13439,model_2,0.3454,0.20462199
13440,model_2,0.1225,0.11408433
13441,model_2,0.0754,0.078920424
13442,model_2,0.6634,0.69436884
13443,model_2,0.1094,0.03656037
13444,model_2,0.1368,0.074269004
13445,model_2,0.2327,0.1765969
13446,model_2,0.4911,0.47304317
13447,model_2,0.2826,0.23053761
13448,model_2,0.1687,0.33920166
13449,model_2,0.0848,0.10525893
13450,model_2,-0.176,-0.13360874
13451,model_2,0.0121,-0.025763601
13452,model_2,0.6249,0.6208987
13453,model_2,0.4349,0.34977257
13454,model_2,0.4019,0.43852532
13455,model_2,0.1304,0.091435894
13456,model_2,0.2117,0.20293973
13457,model_2,0.0995,0.1745247
13458,model_2,0.4471,0.43693453
13459,model_2,0.203,0.16955905
13460,model_2,0.033,-0.00755783
13461,model_2,-0.152,-0.12896155
13462,model_2,-0.0279,0.044737116
13463,model_2,0.6791,0.68955624
13464,model_2,-0.0085,0.017576693
13465,model_2,0.2231,0.2560754
13466,model_2,0.6359,0.6613167
13467,model_2,0.7664,0.73748773
13468,model_2,0.4791,0.52797395
13469,model_2,0.2057,0.19425933
13470,model_2,0.0699,0.084472276
13471,model_2,0.1294,0.10484934
13472,model_2,0.3033,0.23363312
13473,model_2,0.1264,0.11788292
13474,model_2,0.2875,0.25081322
13475,model_2,0.6002,0.61494046
13476,model_2,0.4248,0.42572364
13477,model_2,0.4448,0.5150134
13478,model_2,0.1347,0.12824124
13479,model_2,0.3252,0.31869352
13480,model_2,0.2669,0.4700012
13481,model_2,0.3598,0.40605262
13482,model_2,-0.0156,-0.03772728
13483,model_2,0.4737,0.49758342
13484,model_2,0.0403,0.070365414
13485,model_2,0.5694,0.55977917
13486,model_2,0.4045,0.44758096
13487,model_2,0.009,0.016164614
13488,model_2,0.1342,0.1344636
13489,model_2,0.7054,0.6762591
13490,model_2,0.3168,0.32285193
13491,model_2,0.1717,0.19694956
13492,model_2,0.2772,0.3154411
13493,model_2,0.8242,0.77536017
13494,model_2,0.2709,0.20467952
13495,model_2,0.0393,0.043127373
13496,model_2,0.147,0.12045492
13497,model_2,0.3942,0.39737675
13498,model_2,0.1524,0.09586224
13499,model_2,0.2367,0.18924339
13500,model_2,0.2284,0.20573191
13501,model_2,-0.1283,-0.13473341
13502,model_2,0.6358,0.61181957
13503,model_2,0.0786,0.05968266
13504,model_2,0.5718,0.53838474
13505,model_2,0.066,0.25540644
13506,model_2,0.2079,0.2052512
13507,model_2,0.0708,0.106932685
13508,model_2,-0.054,-0.08696003
13509,model_2,0.1035,0.06894942
13510,model_2,0.108,0.051240563
13511,model_2,0.3439,0.2831473
13512,model_2,0.0384,0.023980794
13513,model_2,0.2795,0.31566277
13514,model_2,-0.1262,-0.10344164
13515,model_2,0.438,0.4617318
13516,model_2,0.3907,0.37607375
13517,model_2,-0.0814,-0.09011883
13518,model_2,0.1678,0.20349325
13519,model_2,0.0802,0.07821932
13520,model_2,0.1455,0.16724755
13521,model_2,0.2875,0.27254128
13522,model_2,0.0117,0.08412856
13523,model_2,0.4269,0.44332054
13524,model_2,0.1911,0.18464868
13525,model_2,0.0549,0.05839088
13526,model_2,0.2011,0.2511157
13527,model_2,0.5978,0.60705394
13528,model_2,0.0324,-0.011749854
13529,model_2,0.2864,0.30020663
13530,model_2,0.1105,0.16495194
13531,model_2,-0.1103,-0.08720334
13532,model_2,0.4346,0.41899517
13533,model_2,0.2428,0.4346997
13534,model_2,0.0361,0.04198744
13535,model_2,0.2358,0.23786877
13536,model_2,-0.0825,-0.034481302
13537,model_2,0.0403,0.08125891
13538,model_2,0.1929,0.17601267
13539,model_2,0.244,0.26917675
13540,model_2,0.3449,0.29964653
13541,model_2,0.2486,0.274864
13542,model_2,0.0712,0.29861528
13543,model_2,-0.103,-0.104013726
13544,model_2,0.3753,0.27419427
13545,model_2,0.0006,0.012659332
13546,model_2,0.044,0.072633155
13547,model_2,0.1785,0.15654804
13548,model_2,0.4131,0.4546645
13549,model_2,0.2087,0.15091147
13550,model_2,0.3613,0.37807217
13551,model_2,0.0645,0.078416646
13552,model_2,0.0967,0.11810665
13553,model_2,0.6455,0.65419126
13554,model_2,0.1528,0.13620411
13555,model_2,1.0079,1.0088207
13556,model_2,0.6653,0.59817
13557,model_2,0.0932,0.09603581
13558,model_2,-0.0429,-0.04079041
13559,model_2,0.0913,0.12206058
13560,model_2,0.6575,0.68073624
13561,model_2,0.8496,0.83599013
13562,model_2,0.2605,0.24392526
13563,model_2,0.3398,0.31053022
13564,model_2,0.2501,0.30627164
13565,model_2,0.271,0.2524507
13566,model_2,-0.061,-0.031138007
13567,model_2,0.4203,0.3381267
13568,model_2,-0.0005,0.03491708
13569,model_2,0.1558,0.22523473
13570,model_2,0.3335,0.3405414
13571,model_2,-0.0132,-0.01869786
13572,model_2,-0.1693,-0.16823454
13573,model_2,0.165,0.16403203
13574,model_2,0.1295,0.11940475
13575,model_2,0.175,0.1829496
13576,model_2,-0.0299,0.0043823477
13577,model_2,0.0498,0.08497533
13578,model_2,0.216,0.1934862
13579,model_2,0.7059,0.7339607
13580,model_2,0.3241,0.30300364
13581,model_2,0.2366,0.26255974
13582,model_2,0.131,0.10883728
13583,model_2,0.3216,0.26768482
13584,model_2,0.5217,0.5698844
13585,model_2,0.0427,0.027857399
13586,model_2,0.2335,0.17701297
13587,model_2,0.1227,0.136658
13588,model_2,0.1921,0.23409443
13589,model_2,-0.1265,-0.0850257
13590,model_2,0.0169,0.0379012
13591,model_2,0.1836,0.14574583
13592,model_2,0.4508,0.39795133
13593,model_2,0.2019,0.15903528
13594,model_2,0.2379,0.23929341
13595,model_2,0.308,0.30284202
13596,model_2,0.4073,0.43953308
13597,model_2,0.221,0.18282636
13598,model_2,0.1163,0.15164135
13599,model_2,0.0952,0.09605579
13600,model_2,0.4853,0.49378207
13601,model_2,0.1418,0.1653465
13602,model_2,0.6652,0.6472046
13603,model_2,0.0419,0.05680749
13604,model_2,0.1895,0.19914417
13605,model_2,-0.0431,-0.025927639
13606,model_2,-0.0173,-0.015624912
13607,model_2,0.5333,0.46022573
13608,model_2,0.8141,0.81279045
13609,model_2,0.454,0.48935208
13610,model_2,0.0665,0.112985566
13611,model_2,0.1774,0.19029665
13612,model_2,0.1839,0.16864769
13613,model_2,0.1469,0.14727023
13614,model_2,-0.5033,0.20186885
13615,model_2,0.3018,0.3364354
13616,model_2,0.1145,0.06332869
13617,model_2,0.0179,-0.002431592
13618,model_2,0.6383,0.6492843
13619,model_2,0.36,0.11008912
13620,model_2,0.0825,0.10137841
13621,model_2,0.6585,0.63463455
13622,model_2,0.2583,0.28100517
13623,model_2,0.1623,0.13516234
13624,model_2,-0.1698,-0.13242859
13625,model_2,0.1941,0.21793273
13626,model_2,0.3273,0.35272667
13627,model_2,0.1749,0.2123937
13628,model_2,0.3254,0.3028222
13629,model_2,0.0251,0.12573253
13630,model_2,0.0766,0.05419582
13631,model_2,-0.016,-0.036197886
13632,model_2,0.3858,0.41177225
13633,model_2,-0.0388,0.046344623
13634,model_2,0.3729,0.35173753
13635,model_2,0.1852,0.18853278
13636,model_2,0.6184,0.63269037
13637,model_2,0.3669,0.25299662
13638,model_2,0.1481,0.14613518
13639,model_2,0.0361,0.037233315
13640,model_2,0.3179,0.37158975
13641,model_2,0.223,0.13717726
13642,model_2,0.0428,0.022050833
13643,model_2,0.1823,0.18385385
13644,model_2,0.1405,0.12864473
13645,model_2,0.0957,0.10895975
13646,model_2,0.5819,0.601164
13647,model_2,-0.1337,-0.08436502
13648,model_2,0.2142,0.121527344
13649,model_2,-0.0016,0.004774524
13650,model_2,0.5373,0.5194164
13651,model_2,0.1383,0.1252275
13652,model_2,0.3459,0.3938662
13653,model_2,0.1608,0.16988656
13654,model_2,0.8387,0.8002609
13655,model_2,0.1567,0.17405659
13656,model_2,0.0416,0.007570008
13657,model_2,0.1188,0.102711454
13658,model_2,0.3047,0.3643268
13659,model_2,0.1303,0.10214141
13660,model_2,-0.085,0.0079598855
13661,model_2,-0.0164,-0.027038874
13662,model_2,0.1152,0.11077608
13663,model_2,-0.0169,0.03190355
13664,model_2,0.1036,0.14943124
13665,model_2,0.5212,0.45316085
13666,model_2,0.3666,0.4058629
13667,model_2,-0.098,-0.09688817
13668,model_2,0.1084,0.17133893
13669,model_2,0.8723,0.842471
13670,model_2,0.1322,0.13274
13671,model_2,0.1147,-0.06428272
13672,model_2,0.1247,0.18742321
13673,model_2,-0.1924,-0.15215723
13674,model_2,0.449,0.485396
13675,model_2,0.3894,0.40992206
13676,model_2,0.5257,0.5659185
13677,model_2,0.1153,0.13004492
13678,model_2,0.0533,0.07913536
13679,model_2,0.1737,0.17514457
13680,model_2,0.03,0.012613708
13681,model_2,-0.0147,-0.018723182
13682,model_2,0.2641,0.15026627
13683,model_2,0.4854,0.49052683
13684,model_2,0.3445,0.35230842
13685,model_2,0.4229,0.40094218
13686,model_2,0.0477,0.05091615
13687,model_2,0.1157,0.16244851
13688,model_2,0.441,0.45247784
13689,model_2,0.1002,0.12964647
13690,model_2,0.8973,0.91502684
13691,model_2,-0.0655,-0.08177859
13692,model_2,0.3526,0.37394843
13693,model_2,0.4466,0.42061323
13694,model_2,0.0852,0.06424607
13695,model_2,0.7809,0.7948943
13696,model_2,0.0133,0.027191179
13697,model_2,0.4147,0.407167
13698,model_2,0.0922,0.07145293
13699,model_2,0.1637,0.13091125
13700,model_2,0.2647,0.23463897
13701,model_2,0.2417,0.22426967
13702,model_2,0.1029,0.15793037
13703,model_2,0.2201,0.2624742
13704,model_2,0.0164,0.01103822
13705,model_2,0.6812,0.6631093
13706,model_2,0.0405,0.06166236
13707,model_2,0.5053,0.4357538
13708,model_2,0.2447,0.24060549
13709,model_2,0.4093,0.39124247
13710,model_2,0.0639,0.077543184
13711,model_2,0.0072,-0.041879997
13712,model_2,0.5435,0.6004577
13713,model_2,0.2698,0.28778198
13714,model_2,0.3711,0.3419735
13715,model_2,0.2884,0.29077378
13716,model_2,0.1866,0.09586874
13717,model_2,0.9287,0.8793413
13718,model_2,0.175,0.15478392
13719,model_2,-0.0025,0.00011049211
13720,model_2,0.1725,0.18594791
13721,model_2,0.6452,0.5847103
13722,model_2,0.3289,0.23606859
13723,model_2,0.5133,0.4917386
13724,model_2,0.3051,0.23401271
13725,model_2,0.8136,0.81774133
13726,model_2,0.2089,0.16987072
13727,model_2,0.8454,0.8652292
13728,model_2,0.7122,0.7164845
13729,model_2,0.1855,0.1111473
13730,model_2,0.4717,0.48504522
13731,model_2,0.4186,0.4177363
13732,model_2,0.5399,0.5389687
13733,model_2,0.1329,0.36214927
13734,model_2,0.1832,0.1795933
13735,model_2,0.169,0.2961093
13736,model_2,-0.0272,-0.004127862
13737,model_2,0.0991,0.041206643
13738,model_2,0.7323,0.7357369
