,model,truevals,predvals
0,XGBoost,0.1742,0.17612517
1,XGBoost,0.3472,0.2683633
2,XGBoost,0.2622,0.20300525
3,XGBoost,0.0902,0.14814147
4,XGBoost,0.2579,0.21014833
5,XGBoost,0.2599,0.27619794
6,XGBoost,0.0246,0.08550552
7,XGBoost,0.2669,0.24689534
8,XGBoost,0.1207,0.15208264
9,XGBoost,0.0055,0.08822396
10,XGBoost,0.5098,0.31311336
11,XGBoost,-0.012,-0.00088541926
12,XGBoost,0.7691,0.8210075
13,XGBoost,0.5229,0.53853476
14,XGBoost,0.3393,0.3066926
15,XGBoost,0.1309,0.1093432
16,XGBoost,0.172,0.14855605
17,XGBoost,0.0511,0.09049513
18,XGBoost,-0.0566,-0.06509358
19,XGBoost,0.6193,0.5952758
20,XGBoost,0.2788,0.1980712
21,XGBoost,0.3404,0.22190635
22,XGBoost,0.018,0.052672364
23,XGBoost,0.109,0.2581336
24,XGBoost,0.5985,0.64515716
25,XGBoost,0.216,0.28594384
26,XGBoost,0.0461,-0.002346688
27,XGBoost,0.4293,0.21094935
28,XGBoost,0.3765,0.32745212
29,XGBoost,0.7156,0.78762966
30,XGBoost,0.1617,0.17246759
31,XGBoost,0.0708,0.114520594
32,XGBoost,0.0481,0.04704887
33,XGBoost,0.452,0.34349158
34,XGBoost,-0.0023,-0.0120134745
35,XGBoost,0.5507,0.25851005
36,XGBoost,0.1282,0.08671178
37,XGBoost,0.082,0.09594021
38,XGBoost,0.4076,0.24131633
39,XGBoost,-0.0092,0.17588313
40,XGBoost,-0.1556,-0.20824511
41,XGBoost,0.7308,0.7937225
42,XGBoost,0.2341,0.15653269
43,XGBoost,0.679,-0.060723044
44,XGBoost,0.2077,0.27206054
45,XGBoost,0.5919,0.58249646
46,XGBoost,0.1955,0.14867517
47,XGBoost,0.4366,0.27768493
48,XGBoost,0.1824,0.13578784
49,XGBoost,0.3717,0.24814752
50,XGBoost,0.0313,0.15983988
51,XGBoost,-0.0219,0.017924612
52,XGBoost,0.0104,0.05019341
53,XGBoost,-0.032,-0.037219774
54,XGBoost,-0.0008,0.08596329
55,XGBoost,0.1056,0.15896496
56,XGBoost,0.9643,0.8544627
57,XGBoost,0.4371,0.4157285
58,XGBoost,0.4938,0.5231549
59,XGBoost,0.6281,0.41874424
60,XGBoost,0.2727,0.21135655
61,XGBoost,0.5963,0.5733987
62,XGBoost,0.4225,0.3743638
63,XGBoost,0.142,0.18245119
64,XGBoost,0.1854,0.21768883
65,XGBoost,0.0249,0.012220309
66,XGBoost,0.2698,0.09697419
67,XGBoost,0.4806,0.46388766
68,XGBoost,0.6473,0.74508643
69,XGBoost,0.0937,0.1254257
70,XGBoost,0.2429,0.18308248
71,XGBoost,0.1974,0.108792745
72,XGBoost,0.2327,0.26508287
73,XGBoost,0.0672,0.10907408
74,XGBoost,0.7554,0.6974632
75,XGBoost,0.4633,0.31178635
76,XGBoost,0.5518,0.5867878
77,XGBoost,0.2451,0.46161598
78,XGBoost,0.4036,0.24190493
79,XGBoost,0.2338,0.15888824
80,XGBoost,0.0979,0.07583744
81,XGBoost,0.1907,0.15180817
82,XGBoost,0.0072,-0.04481786
83,XGBoost,0.2432,0.250777
84,XGBoost,0.2318,0.0743932
85,XGBoost,-0.0746,0.006284682
86,XGBoost,0.4221,0.45287964
87,XGBoost,0.1755,0.15649885
88,XGBoost,0.2446,0.1690595
89,XGBoost,0.0904,0.16210447
90,XGBoost,0.0879,0.086595066
91,XGBoost,0.6955,0.7122369
92,XGBoost,0.0591,0.16067243
93,XGBoost,0.6959,0.69379556
94,XGBoost,-0.1278,-0.13781747
95,XGBoost,0.0624,0.09483837
96,XGBoost,0.0442,0.035964277
97,XGBoost,0.6297,0.5923202
98,XGBoost,0.2852,0.2814942
99,XGBoost,0.0936,0.07694211
100,XGBoost,0.0606,0.017511109
101,XGBoost,0.1987,0.22115773
102,XGBoost,0.09,0.032497812
103,XGBoost,0.2364,0.26551226
104,XGBoost,0.4779,0.38583192
105,XGBoost,0.1909,0.19190264
106,XGBoost,0.1822,0.22544113
107,XGBoost,0.69,0.6274655
108,XGBoost,0.2662,0.22729011
109,XGBoost,0.1372,0.12947422
110,XGBoost,0.1736,0.1568421
111,XGBoost,0.696,0.6859447
112,XGBoost,0.2744,0.3671456
113,XGBoost,0.1972,0.14080375
114,XGBoost,0.2457,0.21744514
115,XGBoost,0.1107,0.08721451
116,XGBoost,0.3896,0.2159579
117,XGBoost,0.2898,0.15343513
118,XGBoost,-0.0475,0.07830389
119,XGBoost,-0.1115,-0.06392061
120,XGBoost,0.0938,0.24663249
121,XGBoost,0.1639,0.16684955
122,XGBoost,0.6244,0.5048794
123,XGBoost,0.2373,0.2737903
124,XGBoost,0.3146,0.32117498
125,XGBoost,0.2164,0.17101958
126,XGBoost,0.1153,0.1656725
127,XGBoost,0.2167,0.25861514
128,XGBoost,-0.0591,0.006793858
129,XGBoost,0.1402,0.09272769
130,XGBoost,0.1971,0.26314571
131,XGBoost,0.3754,0.43418518
132,XGBoost,0.3665,0.3958525
133,XGBoost,0.7798,0.6179016
134,XGBoost,0.3074,0.2953183
135,XGBoost,0.4226,0.32797098
136,XGBoost,0.0883,0.1141425
137,XGBoost,0.4308,0.47268176
138,XGBoost,0.3496,0.33342713
139,XGBoost,0.8872,0.81089467
140,XGBoost,0.0269,0.13307975
141,XGBoost,0.0201,0.12892127
142,XGBoost,0.0545,0.090521865
143,XGBoost,0.408,0.3835966
144,XGBoost,0.4498,0.38138807
145,XGBoost,0.5567,0.6144762
146,XGBoost,0.1679,0.23990281
147,XGBoost,0.3179,0.23137309
148,XGBoost,0.2809,0.27599552
149,XGBoost,0.0747,0.0774128
150,XGBoost,0.407,0.4235992
151,XGBoost,0.8929,0.7561222
152,XGBoost,0.2375,0.2548447
153,XGBoost,0.0772,0.1403876
154,XGBoost,-0.0934,-0.06480063
155,XGBoost,0.5798,0.49606794
156,XGBoost,0.0314,0.00022364629
157,XGBoost,0.2242,0.28877228
158,XGBoost,0.0061,0.11489708
159,XGBoost,0.3947,0.34396112
160,XGBoost,0.0621,0.09803784
161,XGBoost,0.3024,0.25001392
162,XGBoost,-0.0431,0.038111728
163,XGBoost,0.1099,0.047787078
164,XGBoost,0.1365,0.07964093
165,XGBoost,0.0725,0.11116245
166,XGBoost,-0.0899,-0.088240564
167,XGBoost,0.0829,0.13841784
168,XGBoost,0.1587,0.015549451
169,XGBoost,-0.1932,-0.15428978
170,XGBoost,0.3215,0.34034497
171,XGBoost,0.2174,0.23965059
172,XGBoost,0.1512,0.11757188
173,XGBoost,0.2669,0.33300585
174,XGBoost,0.8352,0.830318
175,XGBoost,0.892,0.7974412
176,XGBoost,-0.0143,0.07057714
177,XGBoost,0.1767,0.17688447
178,XGBoost,0.1139,0.13645053
179,XGBoost,0.6466,0.6373871
180,XGBoost,-0.0505,0.018039862
181,XGBoost,0.7133,0.64947027
182,XGBoost,0.0452,0.0733038
183,XGBoost,-0.1859,-0.09555472
184,XGBoost,0.2571,0.31868973
185,XGBoost,0.2027,0.22501351
186,XGBoost,0.4073,0.32626066
187,XGBoost,0.5139,0.43341464
188,XGBoost,-0.0494,0.03529373
189,XGBoost,0.112,0.14661914
190,XGBoost,0.4012,0.36155984
191,XGBoost,0.3709,0.24487764
192,XGBoost,-0.0446,0.038768034
193,XGBoost,0.6359,0.6181634
194,XGBoost,0.2515,0.18259697
195,XGBoost,0.037,-0.036231752
196,XGBoost,0.1999,0.22369154
197,XGBoost,0.3295,0.24778791
198,XGBoost,0.0831,0.14769368
199,XGBoost,0.0657,0.044608895
200,XGBoost,-0.0492,0.029237783
201,XGBoost,0.1556,0.19599265
202,XGBoost,0.2235,0.27400872
203,XGBoost,0.4035,0.28896293
204,XGBoost,-0.2038,-0.03163317
205,XGBoost,0.3139,0.32648823
206,XGBoost,0.6596,0.6597712
207,XGBoost,0.4091,0.27895528
208,XGBoost,0.0072,0.017885756
209,XGBoost,0.0985,0.17866579
210,XGBoost,-0.0895,0.30432132
211,XGBoost,0.0799,0.22001089
212,XGBoost,0.5198,0.5961399
213,XGBoost,0.1625,0.21779808
214,XGBoost,0.0867,0.21650192
215,XGBoost,0.0994,0.10928289
216,XGBoost,0.3815,0.39655384
217,XGBoost,0.5326,0.5116936
218,XGBoost,0.621,0.45010155
219,XGBoost,0.2191,0.30247644
220,XGBoost,0.1298,0.27802214
221,XGBoost,0.2678,0.1566607
222,XGBoost,0.0903,0.14888349
223,XGBoost,0.3403,0.29588407
224,XGBoost,1.0553,0.96754766
225,XGBoost,0.1953,0.14561793
226,XGBoost,0.4376,0.29569352
227,XGBoost,0.2136,0.13411781
228,XGBoost,0.7193,0.7276051
229,XGBoost,0.5463,0.57896143
230,XGBoost,0.1313,0.030394144
231,XGBoost,0.2144,0.3105463
232,XGBoost,0.0857,0.13484219
233,XGBoost,0.1052,0.14969853
234,XGBoost,0.0242,0.13127844
235,XGBoost,0.1174,0.0952758
236,XGBoost,0.0628,0.23754144
237,XGBoost,0.1227,0.20810586
238,XGBoost,0.068,0.108190745
239,XGBoost,0.4677,0.31523195
240,XGBoost,0.0784,0.22190635
241,XGBoost,0.0617,0.04114241
242,XGBoost,0.0255,0.05104576
243,XGBoost,0.3808,0.4537348
244,XGBoost,0.2358,0.25097343
245,XGBoost,-0.1035,-0.020888714
246,XGBoost,-0.0109,0.1537106
247,XGBoost,0.1382,0.16611385
248,XGBoost,0.2491,0.23923905
249,XGBoost,0.31,0.25783518
250,XGBoost,0.331,0.30306134
251,XGBoost,0.0336,0.014940028
252,XGBoost,0.3975,0.32029834
253,XGBoost,0.3994,0.1864504
254,XGBoost,0.0091,0.097132936
255,XGBoost,0.1408,0.11794664
256,XGBoost,0.4389,0.35124257
257,XGBoost,-0.0265,0.154814
258,XGBoost,0.0209,0.019269975
259,XGBoost,0.1397,0.2034758
260,XGBoost,0.2075,0.18073405
261,XGBoost,0.0072,0.08393694
262,XGBoost,0.1147,0.023739303
263,XGBoost,0.1494,0.08777976
264,XGBoost,0.8995,0.8135866
265,XGBoost,0.4714,0.5154252
266,XGBoost,0.1718,0.12912714
267,XGBoost,0.128,0.014373216
268,XGBoost,0.222,0.22697522
269,XGBoost,0.2756,0.34975633
270,XGBoost,0.7367,0.6671846
271,XGBoost,0.0059,0.08678848
272,XGBoost,0.2641,0.33540753
273,XGBoost,0.2558,0.15438277
274,XGBoost,0.3925,0.37830448
275,XGBoost,0.09,0.25714177
276,XGBoost,0.3312,0.32691997
277,XGBoost,0.0923,0.18724379
278,XGBoost,0.74,0.8058769
279,XGBoost,0.4446,0.45359054
280,XGBoost,0.3847,0.38395533
281,XGBoost,0.1489,0.16830985
282,XGBoost,0.1605,0.19448784
283,XGBoost,0.3687,0.27615315
284,XGBoost,0.2024,0.14182223
285,XGBoost,0.1016,0.1717913
286,XGBoost,0.3067,0.35463738
287,XGBoost,0.2185,0.21545525
288,XGBoost,0.3781,0.30926535
289,XGBoost,0.1113,0.13607144
290,XGBoost,-0.0748,0.06703138
291,XGBoost,0.0462,0.03641593
292,XGBoost,0.1681,0.16997942
293,XGBoost,0.1543,0.20340903
294,XGBoost,0.8037,0.7120561
295,XGBoost,0.395,0.34728187
296,XGBoost,0.8889,0.7314267
297,XGBoost,0.2505,0.27203107
298,XGBoost,0.1992,0.22975844
299,XGBoost,0.2787,0.254703
300,XGBoost,0.1438,0.060458947
301,XGBoost,0.502,0.3393522
302,XGBoost,0.8745,0.73704857
303,XGBoost,0.4289,0.2756517
304,XGBoost,0.0447,0.019350275
305,XGBoost,-0.0261,-0.0050134873
306,XGBoost,0.1399,0.1364761
307,XGBoost,-0.1683,-0.29253092
308,XGBoost,0.0411,0.21153684
309,XGBoost,0.1003,0.10656033
310,XGBoost,0.0585,0.071740456
311,XGBoost,0.1376,0.17047893
312,XGBoost,0.0391,0.08233943
313,XGBoost,0.2753,0.24669847
314,XGBoost,0.0601,0.06376301
315,XGBoost,0.1261,0.06276411
316,XGBoost,0.2749,0.21829362
317,XGBoost,0.1857,0.18515404
318,XGBoost,0.0964,0.17010896
319,XGBoost,0.4942,0.3366563
320,XGBoost,0.2662,0.2925415
321,XGBoost,0.3008,0.2825807
322,XGBoost,0.0856,0.005092735
323,XGBoost,0.1389,0.18299858
324,XGBoost,0.3661,0.33714497
325,XGBoost,0.0594,0.1310731
326,XGBoost,0.3458,0.39511964
327,XGBoost,0.0687,0.08172801
328,XGBoost,0.3593,0.2555624
329,XGBoost,0.137,0.14135182
330,XGBoost,0.1341,0.14937009
331,XGBoost,0.151,0.25002128
332,XGBoost,0.1554,0.21265867
333,XGBoost,0.5598,0.73240465
334,XGBoost,-0.0274,0.24217524
335,XGBoost,0.6533,0.49158528
336,XGBoost,0.2517,0.023468656
337,XGBoost,0.0926,0.11295505
338,XGBoost,-0.0574,0.03420105
339,XGBoost,0.2857,0.2838832
340,XGBoost,0.0515,0.09327799
341,XGBoost,0.3514,0.30296713
342,XGBoost,0.252,0.23243241
343,XGBoost,0.1008,0.12887838
344,XGBoost,0.0225,0.12886292
345,XGBoost,0.0394,0.007198709
346,XGBoost,0.0743,0.10480142
347,XGBoost,0.187,0.15203866
348,XGBoost,-0.0037,-0.02427779
349,XGBoost,0.0697,0.15441784
350,XGBoost,0.0024,0.15511392
351,XGBoost,0.7582,0.7681622
352,XGBoost,-0.0397,0.017660404
353,XGBoost,0.0431,0.39334002
354,XGBoost,0.5601,0.58853906
355,XGBoost,0.2331,0.17031647
356,XGBoost,0.4086,0.35491487
357,XGBoost,0.0462,0.11901019
358,XGBoost,0.6001,0.54462034
359,XGBoost,0.1585,0.19811428
360,XGBoost,0.0796,0.13555901
361,XGBoost,0.172,0.2078555
362,XGBoost,0.1548,0.27069843
363,XGBoost,-0.0393,0.038476426
364,XGBoost,0.1352,0.14551547
365,XGBoost,0.0435,0.026139135
366,XGBoost,0.1,0.15070124
367,XGBoost,0.1049,0.0948192
368,XGBoost,0.1261,0.1110243
369,XGBoost,0.6819,0.6370972
370,XGBoost,0.7945,0.8310276
371,XGBoost,0.3399,0.31551743
372,XGBoost,0.2338,0.21958297
373,XGBoost,0.2269,0.29478645
374,XGBoost,0.5148,0.4909427
375,XGBoost,0.0329,0.056874145
376,XGBoost,0.3382,0.3558603
377,XGBoost,0.1607,0.2441113
378,XGBoost,0.0783,0.11773019
379,XGBoost,0.4299,0.42938796
380,XGBoost,0.3417,0.2617518
381,XGBoost,0.0644,0.07938174
382,XGBoost,0.1874,0.36488366
383,XGBoost,0.4444,0.4274779
384,XGBoost,0.1076,0.1231486
385,XGBoost,0.7568,0.6175685
386,XGBoost,0.7964,0.89357924
387,XGBoost,0.1392,0.104105115
388,XGBoost,0.1921,0.17705135
389,XGBoost,0.4004,0.35541716
390,XGBoost,0.5228,0.5196736
391,XGBoost,0.2043,0.13118309
392,XGBoost,0.0782,0.036130775
393,XGBoost,0.3981,0.2863426
394,XGBoost,0.0923,0.12823996
395,XGBoost,0.1557,0.22275226
396,XGBoost,0.1577,0.2699203
397,XGBoost,0.3898,0.22185126
398,XGBoost,0.4326,0.5355709
399,XGBoost,0.2068,0.2855722
400,XGBoost,-0.0641,-0.06359303
401,XGBoost,0.2673,0.25413236
402,XGBoost,0.2614,0.20360261
403,XGBoost,0.4236,0.48527107
404,XGBoost,0.4216,0.17974298
405,XGBoost,0.0039,-0.03187681
406,XGBoost,0.2115,0.2504676
407,XGBoost,0.3192,0.27449307
408,XGBoost,0.1936,0.14666536
409,XGBoost,0.1521,0.09588668
410,XGBoost,0.9456,0.8774232
411,XGBoost,0.1815,0.035670288
412,XGBoost,0.038,0.08418741
413,XGBoost,0.2374,0.24969742
414,XGBoost,0.1278,0.10766649
415,XGBoost,0.2961,0.17264636
416,XGBoost,0.3698,0.40686852
417,XGBoost,0.0429,-0.023930382
418,XGBoost,0.1916,0.203889
419,XGBoost,0.7071,0.70380497
420,XGBoost,0.1587,0.21238454
421,XGBoost,0.0935,0.097732924
422,XGBoost,0.3822,0.42355725
423,XGBoost,0.4384,0.2576476
424,XGBoost,0.2496,0.26768878
425,XGBoost,0.0946,0.0726853
426,XGBoost,0.1308,0.061280686
427,XGBoost,-0.0099,0.055880502
428,XGBoost,0.1972,0.1968748
429,XGBoost,0.157,0.18159795
430,XGBoost,0.2671,0.12485643
431,XGBoost,0.1013,0.04935926
432,XGBoost,0.0989,0.24049643
433,XGBoost,0.0766,0.2499752
434,XGBoost,0.1012,0.11474846
435,XGBoost,0.2133,0.21570748
436,XGBoost,0.0708,0.043409593
437,XGBoost,0.0181,0.076181136
438,XGBoost,0.0122,0.091906786
439,XGBoost,0.2103,0.24213666
440,XGBoost,0.1885,0.23431273
441,XGBoost,-0.0396,-0.04359839
442,XGBoost,0.0187,0.029970335
443,XGBoost,0.1929,0.09438719
444,XGBoost,0.1387,0.11208664
445,XGBoost,0.0165,0.046056967
446,XGBoost,0.2901,0.27299958
447,XGBoost,0.0601,0.086766586
448,XGBoost,0.5366,0.4072081
449,XGBoost,0.1732,0.1665966
450,XGBoost,0.0193,0.0102613615
451,XGBoost,-0.1786,-0.0783374
452,XGBoost,0.2832,0.17363968
453,XGBoost,0.4806,0.40730056
454,XGBoost,0.6522,0.7149709
455,XGBoost,0.1207,0.18200819
456,XGBoost,0.3049,0.24987113
457,XGBoost,0.2049,0.2666827
458,XGBoost,0.1401,0.10362424
459,XGBoost,0.683,0.6424194
460,XGBoost,0.0571,0.09809044
461,XGBoost,0.6791,0.7082952
462,XGBoost,0.0824,0.15543081
463,XGBoost,0.0552,0.06829031
464,XGBoost,-0.0671,0.01652676
465,XGBoost,0.0288,0.07483167
466,XGBoost,0.1335,0.11989544
467,XGBoost,0.0382,0.08191229
468,XGBoost,0.4276,0.36043325
469,XGBoost,-0.0289,0.1242157
470,XGBoost,0.2181,0.19800796
471,XGBoost,0.0106,0.02675075
472,XGBoost,-0.1842,-0.12444891
473,XGBoost,0.01,0.058453713
474,XGBoost,0.2519,0.2743318
475,XGBoost,0.5574,0.43673638
476,XGBoost,0.471,0.38358584
477,XGBoost,0.5793,0.571653
478,XGBoost,0.0751,0.072149925
479,XGBoost,0.0549,0.04607484
480,XGBoost,-0.1231,-0.08027502
481,XGBoost,0.3804,0.31589156
482,XGBoost,0.2664,0.3268729
483,XGBoost,0.031,0.13544732
484,XGBoost,0.0874,0.08632062
485,XGBoost,0.3037,0.37641686
486,XGBoost,0.3791,0.26293632
487,XGBoost,0.2324,0.23802355
488,XGBoost,0.3635,0.36563924
489,XGBoost,0.395,0.4186665
490,XGBoost,0.0645,0.07058608
491,XGBoost,0.0271,0.15027165
492,XGBoost,0.2627,0.24392162
493,XGBoost,0.0887,0.19636776
494,XGBoost,0.2047,0.091479205
495,XGBoost,0.034,0.01412651
496,XGBoost,0.3421,0.30183595
497,XGBoost,0.3269,0.33190677
498,XGBoost,-0.006,-0.020421648
499,XGBoost,0.2316,0.24023552
500,XGBoost,0.2071,0.21371615
501,XGBoost,0.5018,0.34596896
502,XGBoost,0.3524,0.4301041
503,XGBoost,0.451,0.37654236
504,XGBoost,0.4261,0.33879519
505,XGBoost,0.1756,0.12982021
506,XGBoost,0.2647,0.10317248
507,XGBoost,0.3887,0.37202185
508,XGBoost,0.1819,0.22117357
509,XGBoost,0.2084,0.11458544
510,XGBoost,-0.0771,0.029714273
511,XGBoost,0.0167,0.04392874
512,XGBoost,0.1493,0.12040828
513,XGBoost,0.1321,0.21191391
514,XGBoost,0.2606,0.22584176
515,XGBoost,0.3859,0.327868
516,XGBoost,0.3265,0.2999762
517,XGBoost,0.1341,0.140779
518,XGBoost,0.0887,0.1331523
519,XGBoost,0.3338,0.2788367
520,XGBoost,0.1151,0.13823514
521,XGBoost,0.1444,0.22177702
522,XGBoost,0.1779,0.17534608
523,XGBoost,-0.0053,0.061871853
524,XGBoost,0.3247,0.24604541
525,XGBoost,0.8948,0.92469126
526,XGBoost,0.2932,0.22226195
527,XGBoost,0.0862,0.20481321
528,XGBoost,0.5758,0.66395617
529,XGBoost,0.0271,0.08170261
530,XGBoost,0.1548,0.13097088
531,XGBoost,0.1415,0.30497867
532,XGBoost,0.1234,0.073754996
533,XGBoost,0.1187,0.049600482
534,XGBoost,0.0769,0.13742433
535,XGBoost,0.0464,0.040221553
536,XGBoost,0.1216,0.118665665
537,XGBoost,0.3501,0.34527135
538,XGBoost,0.216,0.20961577
539,XGBoost,0.439,0.4228767
540,XGBoost,0.307,0.26165363
541,XGBoost,0.3651,0.3778673
542,XGBoost,0.3807,0.42863402
543,XGBoost,-0.1916,-0.14973982
544,XGBoost,0.1908,0.18383747
545,XGBoost,-0.0462,0.07855801
546,XGBoost,-0.0505,0.06008201
547,XGBoost,0.4435,0.42864966
548,XGBoost,0.5313,0.39204746
549,XGBoost,0.0167,0.07760842
550,XGBoost,0.0434,0.025220403
551,XGBoost,0.1337,0.10842103
552,XGBoost,0.969,0.74131906
553,XGBoost,0.2204,0.20199877
554,XGBoost,0.1229,0.18885362
555,XGBoost,-0.0462,-0.021744642
556,XGBoost,0.0578,0.09474644
557,XGBoost,0.3519,0.28075567
558,XGBoost,0.9655,0.93136406
559,XGBoost,-0.0981,-0.04738252
560,XGBoost,0.1246,0.103279464
561,XGBoost,0.7556,0.7602487
562,XGBoost,0.4195,0.43355107
563,XGBoost,-0.0871,-0.07917336
564,XGBoost,0.2512,0.2184146
565,XGBoost,0.1583,0.099054694
566,XGBoost,0.3908,0.39299864
567,XGBoost,0.2208,0.2695094
568,XGBoost,0.0368,0.10878051
569,XGBoost,0.3757,0.39169332
570,XGBoost,0.0815,0.1597891
571,XGBoost,0.1276,0.07570309
572,XGBoost,0.3034,0.28619626
573,XGBoost,0.6166,0.6115148
574,XGBoost,0.0655,0.09747098
575,XGBoost,0.0029,0.025930548
576,XGBoost,0.4797,0.2902563
577,XGBoost,0.2118,0.16326146
578,XGBoost,0.1921,0.2710405
579,XGBoost,0.332,0.26793173
580,XGBoost,0.4133,0.33339986
581,XGBoost,0.7797,0.7557974
582,XGBoost,0.1041,0.09950999
583,XGBoost,0.2709,0.22173542
584,XGBoost,-0.0555,-0.056028716
585,XGBoost,0.1385,0.16631728
586,XGBoost,0.0562,0.08983267
587,XGBoost,0.2844,0.23839547
588,XGBoost,0.2881,0.2709356
589,XGBoost,0.1092,0.07742353
590,XGBoost,0.5503,0.514169
591,XGBoost,0.2216,0.21908621
592,XGBoost,0.2046,0.13019224
593,XGBoost,0.406,0.3336019
594,XGBoost,0.7724,0.7707095
595,XGBoost,0.1091,0.09817508
596,XGBoost,0.6962,0.66376114
597,XGBoost,-0.0485,0.029223604
598,XGBoost,-0.0599,0.06538161
599,XGBoost,-0.076,0.1736445
600,XGBoost,0.1179,0.103396654
601,XGBoost,0.5081,0.465423
602,XGBoost,0.3315,0.29169917
603,XGBoost,0.2623,0.24424957
604,XGBoost,0.1938,0.2126486
605,XGBoost,0.314,0.33130822
606,XGBoost,-0.0801,-0.16930321
607,XGBoost,0.1009,0.0055105137
608,XGBoost,0.3551,0.45274422
609,XGBoost,0.153,0.094953746
610,XGBoost,0.2559,0.26336363
611,XGBoost,0.2024,0.214263
612,XGBoost,0.03,0.12153462
613,XGBoost,0.2319,0.20308065
614,XGBoost,0.0034,0.034178592
615,XGBoost,0.0206,0.10255829
616,XGBoost,0.1494,0.16517669
617,XGBoost,0.8532,0.7798272
618,XGBoost,-0.0564,0.034460697
619,XGBoost,-0.0499,-0.015960809
620,XGBoost,1.1149,0.9326024
621,XGBoost,-0.0019,0.13754939
622,XGBoost,0.3064,0.25864968
623,XGBoost,-0.0339,0.013275651
624,XGBoost,0.3182,0.30699012
625,XGBoost,0.2744,0.23760162
626,XGBoost,0.4154,0.38251853
627,XGBoost,0.1947,0.21367705
628,XGBoost,0.0489,0.12155265
629,XGBoost,0.0224,-0.052711505
630,XGBoost,0.0982,0.116971366
631,XGBoost,0.0544,0.104872815
632,XGBoost,0.2342,0.23213825
633,XGBoost,0.4862,0.57400453
634,XGBoost,0.3874,0.420004
635,XGBoost,0.0772,0.16101868
636,XGBoost,0.0587,0.124474935
637,XGBoost,0.5955,0.57004803
638,XGBoost,0.1503,0.07455463
639,XGBoost,0.172,0.04042783
640,XGBoost,0.0931,0.13202925
641,XGBoost,0.2157,0.20958905
642,XGBoost,0.2849,0.2883913
643,XGBoost,0.4719,0.5506471
644,XGBoost,0.4176,0.26688296
645,XGBoost,0.4579,0.42257977
646,XGBoost,0.4159,0.41763654
647,XGBoost,0.8342,0.83669317
648,XGBoost,0.0905,0.1218511
649,XGBoost,0.6247,0.5349064
650,XGBoost,0.3393,0.2985439
651,XGBoost,0.6266,0.6302445
652,XGBoost,0.5577,0.48776373
653,XGBoost,0.2399,0.23592162
654,XGBoost,0.2094,0.24601415
655,XGBoost,0.1543,0.19632386
656,XGBoost,0.7775,0.8851035
657,XGBoost,0.2499,0.22076227
658,XGBoost,-0.0878,-0.12696517
659,XGBoost,0.4701,0.38700166
660,XGBoost,0.4016,0.27318195
661,XGBoost,0.0427,0.0436521
662,XGBoost,-0.1047,0.04797142
663,XGBoost,0.2577,0.13527112
664,XGBoost,0.4925,0.48692003
665,XGBoost,0.1066,0.13117094
666,XGBoost,0.3636,0.23349118
667,XGBoost,-0.0344,0.27681196
668,XGBoost,0.1362,0.28204837
669,XGBoost,0.2301,0.28772193
670,XGBoost,0.7444,0.6586648
671,XGBoost,0.2985,0.27685985
672,XGBoost,0.5036,0.46756604
673,XGBoost,-0.0446,0.17411287
674,XGBoost,0.2211,0.23306796
675,XGBoost,0.2122,0.22986649
676,XGBoost,0.3038,0.36592415
677,XGBoost,0.2825,0.148123
678,XGBoost,0.169,0.15135695
679,XGBoost,0.3098,0.31857264
680,XGBoost,0.1704,0.17730364
681,XGBoost,0.2319,0.24620134
682,XGBoost,0.0874,0.14222133
683,XGBoost,0.4624,0.36359635
684,XGBoost,0.0298,0.07341404
685,XGBoost,0.1836,0.14912097
686,XGBoost,0.2052,0.19554287
687,XGBoost,0.3052,0.22007695
688,XGBoost,0.0353,0.008592709
689,XGBoost,0.3946,0.28150317
690,XGBoost,0.1838,0.10674709
691,XGBoost,-0.0284,0.08461075
692,XGBoost,0.1889,0.2272276
693,XGBoost,0.2465,0.23778544
694,XGBoost,0.3971,0.34831628
695,XGBoost,-0.0124,0.06145542
696,XGBoost,0.1483,0.11300607
697,XGBoost,0.3929,0.43220785
698,XGBoost,0.0385,0.025889741
699,XGBoost,0.7409,0.7204248
700,XGBoost,0.4319,0.33560497
701,XGBoost,0.3547,0.2677361
702,XGBoost,0.4181,0.1521465
703,XGBoost,0.0931,0.1884649
704,XGBoost,0.2301,0.24040435
705,XGBoost,0.5099,0.47206172
706,XGBoost,0.1069,0.21241097
707,XGBoost,0.1407,0.234237
708,XGBoost,0.0037,0.06105129
709,XGBoost,0.4797,0.5091906
710,XGBoost,0.3761,0.24895957
711,XGBoost,0.2996,0.19909328
712,XGBoost,0.7375,0.69380206
713,XGBoost,0.0485,0.1174822
714,XGBoost,0.4683,0.26785392
715,XGBoost,0.3488,0.26100445
716,XGBoost,0.1223,0.19012056
717,XGBoost,0.0192,0.025923295
718,XGBoost,0.1933,0.1492394
719,XGBoost,0.2714,0.31855646
720,XGBoost,0.2649,0.23967499
721,XGBoost,0.0531,0.018686043
722,XGBoost,0.6831,0.69086605
723,XGBoost,0.2859,0.15361646
724,XGBoost,0.6383,0.5797791
725,XGBoost,0.6986,0.6916598
726,XGBoost,0.1041,0.05601912
727,XGBoost,0.8284,0.72521055
728,XGBoost,0.2697,0.32905835
729,XGBoost,-0.0009,0.0017771609
730,XGBoost,0.6451,0.61698407
731,XGBoost,0.284,0.2978
732,XGBoost,0.128,0.17780976
733,XGBoost,0.2157,0.24489462
734,XGBoost,0.0139,-0.04086566
735,XGBoost,-0.0144,0.070638
736,XGBoost,0.3147,0.23418796
737,XGBoost,0.4315,0.2783878
738,XGBoost,0.2161,0.23946846
739,XGBoost,0.3573,0.23566405
740,XGBoost,0.796,0.87937075
741,XGBoost,0.2933,0.33306983
742,XGBoost,-0.0881,-0.093402915
743,XGBoost,0.1768,0.12717515
744,XGBoost,0.7058,0.6692321
745,XGBoost,0.2011,0.1572864
746,XGBoost,-0.0115,0.016022699
747,XGBoost,0.2119,0.1669075
748,XGBoost,0.4586,0.30418876
749,XGBoost,0.0233,0.011501812
750,XGBoost,0.0122,0.1033435
751,XGBoost,0.0983,0.20005527
752,XGBoost,0.2722,0.30483195
753,XGBoost,0.2299,0.1704823
754,XGBoost,0.4251,0.3138073
755,XGBoost,0.0889,0.12814344
756,XGBoost,0.5073,0.50531745
757,XGBoost,-0.046,-0.063528456
758,XGBoost,0.1097,0.11373782
759,XGBoost,0.2813,0.2884077
760,XGBoost,0.0009,0.10900435
761,XGBoost,0.42,0.29892877
762,XGBoost,0.1115,0.12788285
763,XGBoost,0.0718,0.1656426
764,XGBoost,0.354,0.38356838
765,XGBoost,0.0613,0.018893026
766,XGBoost,0.2332,0.2142252
767,XGBoost,0.1617,0.13237879
768,XGBoost,0.1241,-0.001217478
769,XGBoost,0.2725,0.3373716
770,XGBoost,-0.0938,0.0052182763
771,XGBoost,0.1787,0.1888586
772,XGBoost,0.0769,0.11349994
773,XGBoost,0.6247,0.4785854
774,XGBoost,0.6025,0.4985909
775,XGBoost,0.2224,0.24167827
776,XGBoost,0.221,0.21143146
777,XGBoost,-0.0957,-0.01758036
778,XGBoost,0.6228,0.5461891
779,XGBoost,0.1402,0.22653496
780,XGBoost,0.0785,0.072309874
781,XGBoost,0.4649,0.38295203
782,XGBoost,0.0534,0.11028223
783,XGBoost,0.0432,0.021548271
784,XGBoost,0.0857,0.11323584
785,XGBoost,0.1494,0.22418821
786,XGBoost,0.1702,0.21338722
787,XGBoost,0.0555,0.08168604
788,XGBoost,0.5607,0.48077005
789,XGBoost,0.2211,0.27601153
790,XGBoost,0.1829,0.18162268
791,XGBoost,0.0828,0.09685135
792,XGBoost,0.1185,0.16156264
793,XGBoost,0.4689,0.39335498
794,XGBoost,-0.0693,0.06233659
795,XGBoost,0.2431,0.30730832
796,XGBoost,0.33,0.32341203
797,XGBoost,0.24,0.29296792
798,XGBoost,0.4048,0.35369724
799,XGBoost,0.2911,0.19743456
800,XGBoost,0.3472,0.3114754
801,XGBoost,0.5212,0.48258165
802,XGBoost,-0.1166,-0.10656826
803,XGBoost,0.4418,0.35238716
804,XGBoost,0.6453,0.5668803
805,XGBoost,1.0596,1.0130733
806,XGBoost,0.0343,0.0144651765
807,XGBoost,-0.0838,-0.049729515
808,XGBoost,0.5552,0.49951133
809,XGBoost,0.3621,0.46954498
810,XGBoost,0.4155,0.31820714
811,XGBoost,0.038,0.034841888
812,XGBoost,0.1143,0.14445843
813,XGBoost,0.2364,0.21131149
814,XGBoost,0.0131,0.03897658
815,XGBoost,0.0897,0.07889784
816,XGBoost,-0.1081,0.24233902
817,XGBoost,-0.1038,0.050433822
818,XGBoost,0.116,0.14575817
819,XGBoost,-0.0411,0.08152447
820,XGBoost,0.466,0.3556583
821,XGBoost,0.2888,0.27401778
822,XGBoost,-0.0303,-0.01495894
823,XGBoost,-0.0305,-0.0038875025
824,XGBoost,0.2728,0.2486347
825,XGBoost,0.1741,0.15324885
826,XGBoost,0.0994,0.05232999
827,XGBoost,0.2165,0.3083093
828,XGBoost,0.007,0.028032467
829,XGBoost,0.0392,0.19006175
830,XGBoost,-0.1455,-0.094316356
831,XGBoost,0.0619,0.13511226
832,XGBoost,0.0353,0.055271503
833,XGBoost,0.5533,0.5370394
834,XGBoost,-0.1663,-0.1811183
835,XGBoost,0.6809,0.63010484
836,XGBoost,0.2929,0.20335552
837,XGBoost,-0.0058,-0.046502367
838,XGBoost,0.0898,0.15207782
839,XGBoost,0.145,0.13868997
840,XGBoost,0.2094,0.22182658
841,XGBoost,0.2704,0.25302956
842,XGBoost,0.1188,0.16811265
843,XGBoost,0.6314,0.5622204
844,XGBoost,0.1406,0.12177668
845,XGBoost,0.2022,0.24887526
846,XGBoost,0.7652,0.620559
847,XGBoost,0.1621,0.3130321
848,XGBoost,0.2178,0.20887503
849,XGBoost,0.2726,0.32434723
850,XGBoost,0.2363,0.25308502
851,XGBoost,0.4139,0.35782194
852,XGBoost,0.1825,0.2946094
853,XGBoost,0.5016,0.47097746
854,XGBoost,0.6347,0.5968332
855,XGBoost,0.7554,0.68761086
856,XGBoost,0.1027,0.093084395
857,XGBoost,-0.1094,-0.124893844
858,XGBoost,0.3547,0.3001503
859,XGBoost,0.1812,0.26292595
860,XGBoost,0.0262,-0.046097245
861,XGBoost,0.0849,0.02982615
862,XGBoost,0.1437,0.106913686
863,XGBoost,0.6159,0.48768947
864,XGBoost,0.0411,0.1077297
865,XGBoost,0.2955,0.31303924
866,XGBoost,-0.1151,-0.040388223
867,XGBoost,-0.0708,-0.036444988
868,XGBoost,0.114,0.14553714
869,XGBoost,0.0524,0.072739854
870,XGBoost,0.5501,0.34293655
871,XGBoost,0.4371,0.42401436
872,XGBoost,0.317,0.3498734
873,XGBoost,0.0996,0.18052325
874,XGBoost,0.1167,0.021865517
875,XGBoost,0.1268,0.096849315
876,XGBoost,-0.0176,0.027312132
877,XGBoost,0.1506,0.30330676
878,XGBoost,0.3276,0.37078273
879,XGBoost,0.0706,0.09819028
880,XGBoost,0.1064,0.19368799
881,XGBoost,0.1381,0.14656936
882,XGBoost,0.131,0.07056457
883,XGBoost,0.4821,0.4712711
884,XGBoost,0.9283,0.81883097
885,XGBoost,0.1891,0.20564538
886,XGBoost,0.6693,0.6388074
887,XGBoost,0.2743,0.25362143
888,XGBoost,0.3777,0.28925097
889,XGBoost,0.2924,0.1863442
890,XGBoost,0.4658,0.49689972
891,XGBoost,0.1288,0.20182471
892,XGBoost,0.2396,0.2222286
893,XGBoost,0.2653,0.19102006
894,XGBoost,0.5545,0.49069542
895,XGBoost,0.0018,0.011876403
896,XGBoost,0.6518,0.6118904
897,XGBoost,0.0395,0.09396649
898,XGBoost,0.0265,0.12047361
899,XGBoost,0.3094,0.29011405
900,XGBoost,-0.0164,0.15250103
901,XGBoost,-0.034,0.22561654
902,XGBoost,0.5405,0.5952627
903,XGBoost,0.2763,0.24350972
904,XGBoost,0.3355,0.32516378
905,XGBoost,0.0487,0.22626817
906,XGBoost,0.0896,0.15173532
907,XGBoost,0.1681,0.23853627
908,XGBoost,0.0166,0.09232024
909,XGBoost,-0.0155,0.11021164
910,XGBoost,0.2346,0.17578425
911,XGBoost,0.1132,0.019451266
912,XGBoost,0.1397,0.16249545
913,XGBoost,0.1894,0.2015107
914,XGBoost,0.3475,0.27888954
915,XGBoost,1.0591,0.89217794
916,XGBoost,0.4116,0.3854337
917,XGBoost,-0.1343,-0.08301116
918,XGBoost,0.439,0.39339572
919,XGBoost,0.3957,0.36006376
920,XGBoost,0.1604,0.062498048
921,XGBoost,0.0968,0.026471812
922,XGBoost,0.0297,0.19328478
923,XGBoost,-0.0063,-0.003686696
924,XGBoost,0.6647,0.5155432
925,XGBoost,0.0672,0.13500275
926,XGBoost,0.1363,0.21773432
927,XGBoost,0.1498,0.2941657
928,XGBoost,0.3098,0.25217137
929,XGBoost,0.2873,0.29986158
930,XGBoost,0.616,0.6218691
931,XGBoost,0.443,0.38310584
932,XGBoost,0.0946,0.2520298
933,XGBoost,0.5633,0.6230794
934,XGBoost,0.4075,0.47745964
935,XGBoost,0.2196,0.25669384
936,XGBoost,0.9663,0.99535525
937,XGBoost,0.2389,0.20727025
938,XGBoost,0.4569,0.53760314
939,XGBoost,-0.1852,-0.1004645
940,XGBoost,0.371,0.4403173
941,XGBoost,0.121,0.048553377
942,XGBoost,0.0422,0.08132065
943,XGBoost,0.1244,0.17634623
944,XGBoost,0.1458,0.12160257
945,XGBoost,0.1452,0.15305194
946,XGBoost,0.844,0.817017
947,XGBoost,0.7141,0.71975946
948,XGBoost,0.2651,0.25681406
949,XGBoost,0.2086,0.20232022
950,XGBoost,0.0579,0.17258923
951,XGBoost,0.8904,1.0332704
952,XGBoost,0.7091,0.68832505
953,XGBoost,0.2084,0.16851969
954,XGBoost,0.3998,0.33664587
955,XGBoost,0.386,0.35410604
956,XGBoost,0.4518,0.42798916
957,XGBoost,0.1744,0.15057075
958,XGBoost,0.2014,0.16292672
959,XGBoost,0.2316,0.15538175
960,XGBoost,0.0691,0.08555269
961,XGBoost,0.1996,0.21108222
962,XGBoost,0.9073,0.78696424
963,XGBoost,-0.1141,-0.12930518
964,XGBoost,0.253,0.39960772
965,XGBoost,0.0579,0.13226442
966,XGBoost,0.1161,0.084922746
967,XGBoost,-0.0969,-0.009167135
968,XGBoost,0.1143,0.15255925
969,XGBoost,0.1262,0.087051705
970,XGBoost,-0.0383,-0.043167997
971,XGBoost,0.1223,0.099830404
972,XGBoost,0.298,0.2751811
973,XGBoost,0.0674,0.095096916
974,XGBoost,0.3549,0.42267898
975,XGBoost,-0.0195,0.052521598
976,XGBoost,0.0172,0.042360965
977,XGBoost,0.4372,0.31924215
978,XGBoost,0.3388,0.32100654
979,XGBoost,-0.0483,0.004877004
980,XGBoost,0.3049,0.29610422
981,XGBoost,0.1893,0.26858628
982,XGBoost,0.0767,0.20084229
983,XGBoost,0.4799,0.35765168
984,XGBoost,0.1223,0.12103627
985,XGBoost,0.1656,0.098876074
986,XGBoost,0.1588,0.24631521
987,XGBoost,0.266,0.29215026
988,XGBoost,-0.0093,0.020108387
989,XGBoost,0.1792,0.1959586
990,XGBoost,0.3388,0.31420416
991,XGBoost,0.2381,0.23668127
992,XGBoost,0.1068,0.06163059
993,XGBoost,0.2227,0.20181191
994,XGBoost,0.0028,0.0059926547
995,XGBoost,0.7794,0.62586546
996,XGBoost,0.1259,0.2753483
997,XGBoost,0.5181,0.39870295
998,XGBoost,-0.155,0.0168131
999,XGBoost,0.5012,0.44602633
1000,XGBoost,-0.082,0.055967007
1001,XGBoost,0.4359,0.31343758
1002,XGBoost,0.0782,0.21308918
1003,XGBoost,0.3166,0.2762393
1004,XGBoost,0.0438,0.10386775
1005,XGBoost,0.0168,0.0981579
1006,XGBoost,0.1866,0.20427531
1007,XGBoost,0.7808,0.69397795
1008,XGBoost,0.0075,0.09363209
1009,XGBoost,0.2561,0.22921515
1010,XGBoost,0.2236,0.20138563
1011,XGBoost,0.2032,0.16996783
1012,XGBoost,0.4011,0.33991867
1013,XGBoost,0.6913,0.71987015
1014,XGBoost,0.2652,0.28188902
1015,XGBoost,0.1145,0.091067985
1016,XGBoost,0.1038,0.23065294
1017,XGBoost,-0.0875,-0.050131947
1018,XGBoost,0.1116,0.21388565
1019,XGBoost,0.1014,0.1909362
1020,XGBoost,0.2098,0.14343838
1021,XGBoost,0.1581,0.06571595
1022,XGBoost,0.1712,0.21683508
1023,XGBoost,0.0893,0.11210999
1024,XGBoost,0.0047,-0.03591363
1025,XGBoost,0.4016,0.33904037
1026,XGBoost,0.4488,0.32638103
1027,XGBoost,0.0774,0.13158697
1028,XGBoost,0.2832,0.22620893
1029,XGBoost,0.173,0.13502471
1030,XGBoost,0.0761,0.05265266
1031,XGBoost,0.2816,0.21830441
1032,XGBoost,0.0556,0.093950324
1033,XGBoost,0.8688,0.8592339
1034,XGBoost,0.1271,0.12444845
1035,XGBoost,0.4983,0.2435023
1036,XGBoost,0.372,0.40902153
1037,XGBoost,0.1145,0.1337844
1038,XGBoost,0.4987,0.48526755
1039,XGBoost,0.1133,0.11305167
1040,XGBoost,0.1513,0.19711463
1041,XGBoost,-0.0058,0.15469864
1042,XGBoost,0.3633,0.35501093
1043,XGBoost,0.2643,0.28076243
1044,XGBoost,0.3065,0.37023643
1045,XGBoost,-0.0597,-0.08520747
1046,XGBoost,0.4448,0.53183174
1047,XGBoost,0.0615,0.075967155
1048,XGBoost,0.3144,0.24914387
1049,XGBoost,-0.0334,-0.014588471
1050,XGBoost,0.1378,0.16589122
1051,XGBoost,0.2105,0.16748233
1052,XGBoost,0.0373,0.11082492
1053,XGBoost,-0.0061,0.019906783
1054,XGBoost,0.4638,0.51242906
1055,XGBoost,0.6294,0.54848486
1056,XGBoost,0.2137,0.2537658
1057,XGBoost,0.249,0.12607041
1058,XGBoost,0.0932,0.22795968
1059,XGBoost,0.0339,0.049141493
1060,XGBoost,0.5246,0.5107462
1061,XGBoost,0.1461,0.17095794
1062,XGBoost,0.0516,0.22330415
1063,XGBoost,0.4704,0.5161422
1064,XGBoost,0.2172,0.15071756
1065,XGBoost,0.2744,0.22131437
1066,XGBoost,0.3777,0.38781792
1067,XGBoost,0.2621,0.24181874
1068,XGBoost,0.25,0.28975096
1069,XGBoost,0.811,0.7923824
1070,XGBoost,0.0445,0.012925138
1071,XGBoost,0.0928,0.116911225
1072,XGBoost,0.3761,0.27596116
1073,XGBoost,0.1505,0.1339203
1074,XGBoost,0.2054,0.17606887
1075,XGBoost,0.0767,0.2584621
1076,XGBoost,0.0926,0.1397719
1077,XGBoost,0.6509,0.6265146
1078,XGBoost,0.3879,0.31349793
1079,XGBoost,0.2715,0.229639
1080,XGBoost,-0.0178,-0.021771824
1081,XGBoost,-0.0297,0.13364369
1082,XGBoost,0.4434,0.31721795
1083,XGBoost,0.6381,0.77654696
1084,XGBoost,0.266,0.21532139
1085,XGBoost,0.0539,0.066788286
1086,XGBoost,0.267,0.22932743
1087,XGBoost,0.387,0.28355256
1088,XGBoost,0.0643,0.14762089
1089,XGBoost,0.113,0.14908127
1090,XGBoost,0.1309,0.16913655
1091,XGBoost,0.3078,0.26282933
1092,XGBoost,0.4422,0.5631167
1093,XGBoost,0.5726,0.5615757
1094,XGBoost,0.1851,0.17076245
1095,XGBoost,0.2508,0.1799062
1096,XGBoost,0.7067,0.70419985
1097,XGBoost,0.377,0.4219596
1098,XGBoost,0.0665,0.16312385
1099,XGBoost,0.0864,0.063511394
1100,XGBoost,0.3752,0.282688
1101,XGBoost,0.1174,0.15798046
1102,XGBoost,-0.0892,-0.030279132
1103,XGBoost,0.1482,0.06314871
1104,XGBoost,0.3293,0.266557
1105,XGBoost,0.3416,0.37582922
1106,XGBoost,0.7663,0.7008048
1107,XGBoost,0.1877,0.07687959
1108,XGBoost,-0.0216,-0.071599744
1109,XGBoost,0.5266,0.43204513
1110,XGBoost,0.3317,0.22788845
1111,XGBoost,0.2592,0.24079235
1112,XGBoost,0.284,0.40195873
1113,XGBoost,0.0741,0.043905765
1114,XGBoost,0.4244,0.4385384
1115,XGBoost,0.4211,0.34011802
1116,XGBoost,0.1605,0.15430726
1117,XGBoost,0.1354,0.18639234
1118,XGBoost,0.2365,0.15584546
1119,XGBoost,0.0594,0.0727235
1120,XGBoost,0.1491,0.121858835
1121,XGBoost,0.0486,0.0063317125
1122,XGBoost,0.4665,0.4158265
1123,XGBoost,0.4216,0.3742678
1124,XGBoost,0.1512,0.19416767
1125,XGBoost,0.2881,0.11662917
1126,XGBoost,0.4316,0.46217027
1127,XGBoost,-0.026,-0.065477066
1128,XGBoost,0.164,0.19091254
1129,XGBoost,0.3508,0.2740306
1130,XGBoost,0.3872,0.33110553
1131,XGBoost,0.0432,0.026625661
1132,XGBoost,0.4527,0.29887918
1133,XGBoost,0.0721,0.17020686
1134,XGBoost,0.3224,0.28960446
1135,XGBoost,0.1676,0.23502423
1136,XGBoost,0.7518,0.7288134
1137,XGBoost,0.7299,0.6138033
1138,XGBoost,0.0862,0.07497434
1139,XGBoost,0.2962,0.20130423
1140,XGBoost,0.1888,0.18977664
1141,XGBoost,0.3804,0.4258517
1142,XGBoost,0.3493,0.16551286
1143,XGBoost,-0.0889,-0.05547972
1144,XGBoost,0.1579,0.21768294
1145,XGBoost,0.3786,0.25333068
1146,XGBoost,0.5189,0.42757502
1147,XGBoost,0.6179,0.6370009
1148,XGBoost,0.0252,0.152816
1149,XGBoost,0.1112,0.06560557
1150,XGBoost,0.139,0.09153019
1151,XGBoost,0.8558,0.8416342
1152,XGBoost,0.081,0.11989914
1153,XGBoost,0.3493,0.27442417
1154,XGBoost,0.8516,0.81453097
1155,XGBoost,0.0794,0.14065212
1156,XGBoost,0.1922,0.16852756
1157,XGBoost,0.275,0.15027416
1158,XGBoost,0.4077,0.329449
1159,XGBoost,0.2581,0.27086672
1160,XGBoost,0.7871,0.44006905
1161,XGBoost,0.8143,0.8081573
1162,XGBoost,0.452,0.4395972
1163,XGBoost,0.2987,0.21114388
1164,XGBoost,0.6108,0.5623684
1165,XGBoost,0.1683,0.12502031
1166,XGBoost,0.1671,0.1675332
1167,XGBoost,0.2967,0.32412633
1168,XGBoost,0.2954,0.25738916
1169,XGBoost,0.3643,0.37248045
1170,XGBoost,0.2669,0.22099835
1171,XGBoost,0.0164,0.10570371
1172,XGBoost,0.5046,0.55065817
1173,XGBoost,0.2705,0.272768
1174,XGBoost,0.3407,0.29566026
1175,XGBoost,0.1184,0.10232475
1176,XGBoost,0.4211,0.4021819
1177,XGBoost,0.4884,0.5779392
1178,XGBoost,0.0235,0.12632374
1179,XGBoost,0.1446,0.09618312
1180,XGBoost,0.331,0.30213103
1181,XGBoost,-0.0537,0.06560751
1182,XGBoost,0.2296,0.467937
1183,XGBoost,0.7096,0.5655973
1184,XGBoost,0.2244,0.27180177
1185,XGBoost,0.0437,0.07002094
1186,XGBoost,0.1183,0.18961865
1187,XGBoost,0.8615,0.740782
1188,XGBoost,0.0187,0.06309124
1189,XGBoost,0.0837,0.20992434
1190,XGBoost,0.3883,0.37244472
1191,XGBoost,0.8648,0.7841858
1192,XGBoost,0.0502,0.24398375
1193,XGBoost,0.7576,0.61823946
1194,XGBoost,0.4708,0.37032208
1195,XGBoost,0.4046,0.37478188
1196,XGBoost,0.2957,0.28462303
1197,XGBoost,0.0517,0.0929672
1198,XGBoost,0.4288,0.31986105
1199,XGBoost,0.6246,0.63735694
1200,XGBoost,0.5726,0.58942765
1201,XGBoost,-0.0682,-0.016666096
1202,XGBoost,0.128,0.09748257
1203,XGBoost,0.1531,0.14531544
1204,XGBoost,0.2597,0.31653836
1205,XGBoost,0.3983,0.39683515
1206,XGBoost,0.1204,0.16017383
1207,XGBoost,0.2511,0.24127269
1208,XGBoost,0.0046,0.097039975
1209,XGBoost,0.1621,0.18218613
1210,XGBoost,0.3951,0.2973182
1211,XGBoost,0.3392,0.2916909
1212,XGBoost,0.2839,0.1142731
1213,XGBoost,0.4702,0.28728682
1214,XGBoost,0.2057,0.21520767
1215,XGBoost,0.733,0.860757
1216,XGBoost,0.0915,0.054452382
1217,XGBoost,0.4428,0.3993361
1218,XGBoost,0.0252,0.025819818
1219,XGBoost,-0.0284,0.12695393
1220,XGBoost,-0.1457,0.16451457
1221,XGBoost,0.9885,0.91313475
1222,XGBoost,0.1666,0.23118855
1223,XGBoost,0.3253,0.30875066
1224,XGBoost,0.2986,0.12643395
1225,XGBoost,0.3714,0.35464182
1226,XGBoost,0.1453,0.16852723
1227,XGBoost,0.0136,0.17346539
1228,XGBoost,0.2185,0.14618342
1229,XGBoost,0.2394,0.2784538
1230,XGBoost,0.5437,0.53031385
1231,XGBoost,0.1958,0.16484717
1232,XGBoost,0.9442,1.1454831
1233,XGBoost,0.207,0.19146174
1234,XGBoost,0.0225,-0.01152565
1235,XGBoost,0.0066,0.0766495
1236,XGBoost,0.6326,0.6552569
1237,XGBoost,0.0028,0.020612925
1238,XGBoost,0.7214,0.6625843
1239,XGBoost,0.1686,0.15188764
1240,XGBoost,0.0032,0.095501386
1241,XGBoost,0.1772,0.22542028
1242,XGBoost,0.5219,0.49324057
1243,XGBoost,0.4118,0.37544486
1244,XGBoost,-0.0206,-0.0059613637
1245,XGBoost,0.2712,0.26516083
1246,XGBoost,0.1563,0.15585962
1247,XGBoost,0.1224,0.21912563
1248,XGBoost,0.0169,0.026611941
1249,XGBoost,0.2257,0.11035172
1250,XGBoost,0.5804,0.55223596
1251,XGBoost,0.0259,0.067818895
1252,XGBoost,1.0002,0.8564102
1253,XGBoost,0.2518,0.28261337
1254,XGBoost,-0.0857,-0.09318359
1255,XGBoost,0.4011,0.24578662
1256,XGBoost,0.1463,0.30679563
1257,XGBoost,-0.0271,-0.03070008
1258,XGBoost,0.3721,0.34772748
1259,XGBoost,0.2038,0.20003186
1260,XGBoost,0.2173,0.14752343
1261,XGBoost,0.0687,-0.0024136289
1262,XGBoost,0.4037,0.28846604
1263,XGBoost,0.2368,0.30322084
1264,XGBoost,0.1524,0.23652364
1265,XGBoost,0.3606,0.24045213
1266,XGBoost,0.4923,0.4949297
1267,XGBoost,0.2687,0.29173484
1268,XGBoost,0.4663,0.46691188
1269,XGBoost,0.0836,0.15849052
1270,XGBoost,0.1212,0.120355
1271,XGBoost,0.363,0.27559468
1272,XGBoost,0.2771,0.335861
1273,XGBoost,0.1134,0.0773464
1274,XGBoost,0.2849,0.2493418
1275,XGBoost,0.239,0.2241612
1276,XGBoost,0.1354,0.14137861
1277,XGBoost,0.7932,0.6624304
1278,XGBoost,0.2004,0.2447815
1279,XGBoost,0.0815,0.14322536
1280,XGBoost,-0.1216,0.041915406
1281,XGBoost,0.3319,0.22579971
1282,XGBoost,0.4251,0.3286319
1283,XGBoost,0.1852,0.12202752
1284,XGBoost,0.3385,0.2710924
1285,XGBoost,0.1645,0.17909615
1286,XGBoost,0.485,0.41191575
1287,XGBoost,0.3649,0.22624394
1288,XGBoost,0.0918,0.10361254
1289,XGBoost,0.4026,0.32423097
1290,XGBoost,-0.0156,0.006287952
1291,XGBoost,0.3266,0.24477355
1292,XGBoost,0.121,0.15886292
1293,XGBoost,0.9379,0.85687816
1294,XGBoost,0.5696,0.56719714
1295,XGBoost,0.1513,0.10963361
1296,XGBoost,0.2901,0.24938749
1297,XGBoost,-0.0379,0.030662704
1298,XGBoost,0.4771,0.31707934
1299,XGBoost,0.2526,0.2329268
1300,XGBoost,0.051,0.0351294
1301,XGBoost,0.3097,0.29115728
1302,XGBoost,0.1041,0.10594081
1303,XGBoost,0.4887,0.41933152
1304,XGBoost,0.2168,0.23461257
1305,XGBoost,0.1689,0.20242454
1306,XGBoost,0.2043,0.24727447
1307,XGBoost,-0.0244,-0.045659408
1308,XGBoost,0.8821,0.81509537
1309,XGBoost,0.1,0.02797221
1310,XGBoost,0.0855,0.1074424
1311,XGBoost,0.894,0.79755133
1312,XGBoost,0.2926,0.15721174
1313,XGBoost,0.202,0.2588434
1314,XGBoost,0.2287,0.27622956
1315,XGBoost,0.2719,0.33287045
1316,XGBoost,0.296,0.2353813
1317,XGBoost,0.1188,0.14843217
1318,XGBoost,-0.076,-0.1454719
1319,XGBoost,0.1009,0.11918939
1320,XGBoost,0.1446,0.1857884
1321,XGBoost,0.659,0.69909936
1322,XGBoost,0.6385,0.54774535
1323,XGBoost,0.127,0.17286591
1324,XGBoost,0.4269,0.41044623
1325,XGBoost,0.2321,0.15548742
1326,XGBoost,0.1289,0.21635737
1327,XGBoost,0.0382,0.049268093
1328,XGBoost,0.3862,0.24126256
1329,XGBoost,0.1085,0.14361243
1330,XGBoost,0.3612,0.3657968
1331,XGBoost,-0.0885,-0.09566563
1332,XGBoost,0.2871,0.25524577
1333,XGBoost,0.0419,0.05734163
1334,XGBoost,0.5384,0.6181241
1335,XGBoost,0.3856,0.29318714
1336,XGBoost,0.1902,0.15556419
1337,XGBoost,0.1022,0.031504948
1338,XGBoost,0.7441,0.6409282
1339,XGBoost,0.0705,0.05770684
1340,XGBoost,0.6007,0.63017976
1341,XGBoost,0.1348,0.15763812
1342,XGBoost,0.1103,0.13281618
1343,XGBoost,0.7021,0.69146395
1344,XGBoost,0.074,0.05844346
1345,XGBoost,0.0788,0.1485871
1346,XGBoost,-0.1229,0.0051118834
1347,XGBoost,0.0484,0.0080181025
1348,XGBoost,0.8553,0.83690894
1349,XGBoost,0.4497,0.5059661
1350,XGBoost,0.5083,0.49945906
1351,XGBoost,0.1052,0.1300218
1352,XGBoost,0.4082,0.30403125
1353,XGBoost,0.9611,0.92181605
1354,XGBoost,0.28,0.33510157
1355,XGBoost,0.4931,0.47597218
1356,XGBoost,0.0609,0.04252424
1357,XGBoost,0.128,0.14036429
1358,XGBoost,0.0474,0.082844004
1359,XGBoost,0.712,0.6371031
1360,XGBoost,0.1954,0.04942421
1361,XGBoost,0.4323,0.44387653
1362,XGBoost,0.2065,0.22766972
1363,XGBoost,0.7595,0.67745847
1364,XGBoost,0.2318,0.2782152
1365,XGBoost,0.0774,0.1185996
1366,XGBoost,0.1822,0.08882558
1367,XGBoost,0.5433,0.593509
1368,XGBoost,0.0952,0.20367698
1369,XGBoost,0.1016,0.14640221
1370,XGBoost,0.0262,0.11384066
1371,XGBoost,0.2433,0.11815068
1372,XGBoost,0.0483,0.015922735
1373,XGBoost,0.5242,0.4558676
1374,XGBoost,-0.1087,0.012159618
1375,XGBoost,0.2239,0.2234447
1376,XGBoost,0.3461,0.33142632
1377,XGBoost,0.4016,0.28291124
1378,XGBoost,-0.0201,-0.006634187
1379,XGBoost,0.045,0.12572508
1380,XGBoost,0.2294,0.24763429
1381,XGBoost,0.0726,0.17570992
1382,XGBoost,0.0807,0.09032138
1383,XGBoost,0.5967,0.4707681
1384,XGBoost,-0.0893,-0.052180436
1385,XGBoost,0.045,0.09599379
1386,XGBoost,0.5699,0.5122369
1387,XGBoost,0.0373,0.022673659
1388,XGBoost,0.0688,0.1147599
1389,XGBoost,0.2832,0.24485855
1390,XGBoost,0.8389,0.8495263
1391,XGBoost,0.4384,0.49804026
1392,XGBoost,0.4822,0.55620503
1393,XGBoost,0.3306,0.23166823
1394,XGBoost,0.4004,0.39412275
1395,XGBoost,0.2589,0.31640017
1396,XGBoost,0.0812,0.17194176
1397,XGBoost,0.2753,0.32470548
1398,XGBoost,0.109,0.033941537
1399,XGBoost,0.5434,0.561514
1400,XGBoost,0.4242,0.3312504
1401,XGBoost,0.323,0.048393026
1402,XGBoost,0.016,0.015696187
1403,XGBoost,0.0412,0.14886491
1404,XGBoost,0.5476,0.442532
1405,XGBoost,0.0174,0.041509453
1406,XGBoost,0.1614,0.144244
1407,XGBoost,0.4072,0.47113475
1408,XGBoost,0.174,0.12918015
1409,XGBoost,0.3129,0.32703602
1410,XGBoost,0.6434,0.65469104
1411,XGBoost,0.353,0.49223825
1412,XGBoost,0.1901,0.15066119
1413,XGBoost,0.1591,0.17614557
1414,XGBoost,-0.0801,-0.04540149
1415,XGBoost,0.0749,0.076166786
1416,XGBoost,0.3967,0.4032642
1417,XGBoost,0.5244,0.54540145
1418,XGBoost,0.0868,0.12496082
1419,XGBoost,0.2047,0.18022698
1420,XGBoost,0.4198,0.4169242
1421,XGBoost,0.192,0.1422605
1422,XGBoost,0.4675,0.42653963
1423,XGBoost,0.1132,0.2671018
1424,XGBoost,0.4264,0.38892883
1425,XGBoost,0.4949,0.53488183
1426,XGBoost,-0.0949,-0.023081979
1427,XGBoost,0.3015,0.25579506
1428,XGBoost,0.1283,0.16613516
1429,XGBoost,0.2633,0.29731718
1430,XGBoost,0.0581,0.11565071
1431,XGBoost,0.1345,0.13286676
1432,XGBoost,0.5338,0.52048224
1433,XGBoost,0.7718,0.8915912
1434,XGBoost,0.3358,0.20260678
1435,XGBoost,0.6037,0.5736552
1436,XGBoost,0.0834,0.10646909
1437,XGBoost,0.172,0.26570234
1438,XGBoost,0.5371,0.58481044
1439,XGBoost,0.355,0.3584005
1440,XGBoost,-0.2004,-0.21622676
1441,XGBoost,0.6343,0.57378906
1442,XGBoost,0.3031,0.24834417
1443,XGBoost,0.6922,0.69537693
1444,XGBoost,0.7961,0.7438357
1445,XGBoost,0.2935,0.25675774
1446,XGBoost,-0.2648,-0.24110194
1447,XGBoost,0.1624,0.20268622
1448,XGBoost,0.0556,0.08673887
1449,XGBoost,-0.0297,-0.04223816
1450,XGBoost,0.4203,0.3600227
1451,XGBoost,0.3153,0.13529229
1452,XGBoost,0.1,0.14935884
1453,XGBoost,0.3418,0.34006488
1454,XGBoost,0.1252,0.1599244
1455,XGBoost,0.2916,0.2983449
1456,XGBoost,0.1667,0.19843006
1457,XGBoost,0.4856,0.45205566
1458,XGBoost,0.0735,0.078158885
1459,XGBoost,0.1372,0.105190836
1460,XGBoost,0.023,0.0633674
1461,XGBoost,0.1408,0.15720806
1462,XGBoost,0.2185,0.13616486
1463,XGBoost,0.498,0.4052048
1464,XGBoost,-0.0696,0.12590101
1465,XGBoost,0.2467,0.2006823
1466,XGBoost,0.1299,0.08259708
1467,XGBoost,0.4576,0.31627935
1468,XGBoost,0.0613,0.09659212
1469,XGBoost,0.3672,0.35529396
1470,XGBoost,0.1562,0.15087081
1471,XGBoost,0.1586,0.21513695
1472,XGBoost,0.3902,0.30174822
1473,XGBoost,0.2529,0.2034123
1474,XGBoost,0.1726,0.16816553
1475,XGBoost,0.1948,0.2550317
1476,XGBoost,0.0098,0.09258763
1477,XGBoost,0.7789,0.6145098
1478,XGBoost,0.648,0.64045733
1479,XGBoost,0.2284,0.28255713
1480,XGBoost,0.0087,0.074096486
1481,XGBoost,0.2845,0.25753334
1482,XGBoost,0.3304,0.25678754
1483,XGBoost,0.4893,0.52470744
1484,XGBoost,0.048,0.11916938
1485,XGBoost,0.6718,0.60634524
1486,XGBoost,0.1002,0.23561363
1487,XGBoost,0.1434,0.2415691
1488,XGBoost,0.1834,0.18303852
1489,XGBoost,0.1037,0.1249722
1490,XGBoost,-0.0082,0.05402875
1491,XGBoost,0.3348,0.20771517
1492,XGBoost,0.2168,0.24233642
1493,XGBoost,0.4355,0.42447558
1494,XGBoost,0.0145,0.07690485
1495,XGBoost,0.4228,0.43186352
1496,XGBoost,0.2779,0.19231126
1497,XGBoost,0.2288,0.17136885
1498,XGBoost,0.0642,0.06688845
1499,XGBoost,0.2263,0.19488482
1500,XGBoost,0.7852,0.7498465
1501,XGBoost,0.3982,-0.055533644
1502,XGBoost,0.9495,0.9541102
1503,XGBoost,-0.0938,0.030908601
1504,XGBoost,0.3349,0.28405213
1505,XGBoost,0.2672,0.24530733
1506,XGBoost,0.4324,0.4371691
1507,XGBoost,0.2398,0.15315026
1508,XGBoost,-0.1674,0.019991333
1509,XGBoost,0.5187,0.535198
1510,XGBoost,0.1452,0.20961078
1511,XGBoost,0.2014,0.13923651
1512,XGBoost,-0.0286,0.030436069
1513,XGBoost,0.1816,0.15913357
1514,XGBoost,0.0767,0.034904625
1515,XGBoost,0.2175,0.26634803
1516,XGBoost,0.132,0.099195406
1517,XGBoost,0.2706,0.13700387
1518,XGBoost,0.0277,0.07139286
1519,XGBoost,0.4534,0.3755342
1520,XGBoost,0.3538,0.41726193
1521,XGBoost,0.1621,0.1787527
1522,XGBoost,0.0063,0.07505036
1523,XGBoost,0.117,0.1541552
1524,XGBoost,-0.1019,-0.09711675
1525,XGBoost,0.2197,0.3343458
1526,XGBoost,-0.0081,0.004607858
1527,XGBoost,0.066,0.01886136
1528,XGBoost,0.1397,0.1182422
1529,XGBoost,0.0073,0.00028853954
1530,XGBoost,0.2529,0.2119278
1531,XGBoost,0.434,0.30723393
1532,XGBoost,0.605,0.40425682
1533,XGBoost,-0.0574,-0.045879643
1534,XGBoost,0.0662,0.16260031
1535,XGBoost,0.3678,0.2625009
1536,XGBoost,0.1628,0.15556355
1537,XGBoost,0.0918,0.099803925
1538,XGBoost,0.0988,0.11078576
1539,XGBoost,0.6383,0.6878825
1540,XGBoost,0.2081,0.26200664
1541,XGBoost,0.4511,0.40122917
1542,XGBoost,0.1065,0.1820715
1543,XGBoost,0.34,0.30233514
1544,XGBoost,-0.0052,0.02708105
1545,XGBoost,0.0551,0.14750484
1546,XGBoost,0.164,0.20866247
1547,XGBoost,0.3621,0.4825675
1548,XGBoost,0.4879,0.4565559
1549,XGBoost,-0.1169,-0.03298646
1550,XGBoost,0.2803,0.24427712
1551,XGBoost,0.8699,0.8433761
1552,XGBoost,0.3602,0.28214473
1553,XGBoost,0.1378,0.19315262
1554,XGBoost,0.2207,0.23502383
1555,XGBoost,-0.0334,-0.013884216
1556,XGBoost,0.2138,0.21802759
1557,XGBoost,0.1619,0.13737217
1558,XGBoost,0.039,0.07841817
1559,XGBoost,0.2642,0.14196531
1560,XGBoost,0.3946,0.3304873
1561,XGBoost,0.0083,-0.016837737
1562,XGBoost,0.2892,0.23398827
1563,XGBoost,0.0761,0.15254182
1564,XGBoost,0.3018,0.14225335
1565,XGBoost,0.2253,0.14124095
1566,XGBoost,-0.0009,0.05587386
1567,XGBoost,-0.0714,-0.07029743
1568,XGBoost,0.1869,0.19610965
1569,XGBoost,0.0231,0.055102136
1570,XGBoost,0.0105,0.031901684
1571,XGBoost,0.4806,0.5161547
1572,XGBoost,-0.0421,0.18053688
1573,XGBoost,0.3995,0.36886096
1574,XGBoost,0.0902,0.06991442
1575,XGBoost,0.4672,0.46457487
1576,XGBoost,0.0382,0.1042374
1577,XGBoost,0.656,0.6602482
1578,XGBoost,0.6017,0.53416955
1579,XGBoost,0.0696,0.09733445
1580,XGBoost,0.6041,0.6612859
1581,XGBoost,0.4106,0.44887048
1582,XGBoost,-0.013,0.04996162
1583,XGBoost,0.1931,0.05715247
1584,XGBoost,0.2395,0.21499236
1585,XGBoost,0.0829,0.1429274
1586,XGBoost,0.0043,0.07724438
1587,XGBoost,0.2099,0.21893862
1588,XGBoost,0.144,0.14882073
1589,XGBoost,0.4955,0.39171112
1590,XGBoost,0.4884,0.40799755
1591,XGBoost,0.0286,0.08824572
1592,XGBoost,-0.1019,0.03444224
1593,XGBoost,0.8831,0.83324254
1594,XGBoost,0.4587,0.4386596
1595,XGBoost,0.5585,0.55156076
1596,XGBoost,0.0828,0.09457193
1597,XGBoost,0.1533,0.2706621
1598,XGBoost,0.401,0.23604295
1599,XGBoost,0.5687,0.541512
1600,XGBoost,0.3737,0.2784165
1601,XGBoost,0.1339,0.17486264
1602,XGBoost,0.0519,0.08073548
1603,XGBoost,0.0746,0.1728148
1604,XGBoost,0.3242,0.29516378
1605,XGBoost,0.201,0.19414714
1606,XGBoost,0.2091,0.34884316
1607,XGBoost,0.0201,0.12990437
1608,XGBoost,0.2523,0.27725375
1609,XGBoost,0.2701,0.21415691
1610,XGBoost,0.0578,0.095121175
1611,XGBoost,0.5242,0.115348704
1612,XGBoost,0.2849,0.18995167
1613,XGBoost,0.525,0.5368628
1614,XGBoost,0.0624,0.04781703
1615,XGBoost,-0.0258,-0.11538226
1616,XGBoost,0.0856,0.08079935
1617,XGBoost,0.3833,0.2366664
1618,XGBoost,0.4687,0.3664247
1619,XGBoost,0.4492,0.34509143
1620,XGBoost,0.8282,0.79726
1621,XGBoost,0.1193,0.11157673
1622,XGBoost,0.0064,0.06047541
1623,XGBoost,0.3604,0.28039047
1624,XGBoost,0.008,0.037009165
1625,XGBoost,0.3353,0.30161893
1626,XGBoost,0.0042,0.051504776
1627,XGBoost,0.1365,0.1163444
1628,XGBoost,0.3151,0.3096411
1629,XGBoost,0.1198,0.14968647
1630,XGBoost,0.5394,0.49491704
1631,XGBoost,0.2255,0.29095787
1632,XGBoost,0.3169,0.2823007
1633,XGBoost,0.5033,0.50916874
1634,XGBoost,0.9488,0.74760807
1635,XGBoost,0.4708,0.3273199
1636,XGBoost,0.7247,0.67487884
1637,XGBoost,0.2032,0.23456328
1638,XGBoost,0.438,0.44009447
1639,XGBoost,0.1759,0.23099974
1640,XGBoost,0.2296,0.29395768
1641,XGBoost,0.1175,0.174707
1642,XGBoost,0.2992,0.20095573
1643,XGBoost,0.0234,0.041694447
1644,XGBoost,0.3993,0.31309113
1645,XGBoost,0.3803,0.3844971
1646,XGBoost,0.2357,0.30001935
1647,XGBoost,-0.0527,-0.00045409965
1648,XGBoost,-0.0915,-0.17586792
1649,XGBoost,0.5176,0.4364676
1650,XGBoost,0.1467,0.1629357
1651,XGBoost,-0.133,-0.12127314
1652,XGBoost,0.0511,0.13835032
1653,XGBoost,0.1258,0.1723397
1654,XGBoost,0.0692,0.17473172
1655,XGBoost,0.139,0.3036161
1656,XGBoost,0.1957,0.20099618
1657,XGBoost,0.0205,0.08661489
1658,XGBoost,0.6028,0.6778183
1659,XGBoost,0.5247,0.6231166
1660,XGBoost,0.1614,0.23740943
1661,XGBoost,-0.0481,-0.01248152
1662,XGBoost,0.5875,0.4773346
1663,XGBoost,0.4738,0.31288877
1664,XGBoost,0.8464,0.7156562
1665,XGBoost,0.6334,0.51208663
1666,XGBoost,0.3396,0.20684966
1667,XGBoost,0.3223,0.2698013
1668,XGBoost,0.6003,0.6341889
1669,XGBoost,0.2804,0.16171312
1670,XGBoost,0.0225,0.10114537
1671,XGBoost,0.0531,0.0633888
1672,XGBoost,0.245,0.14224052
1673,XGBoost,0.4695,0.25483105
1674,XGBoost,-0.0107,-0.07065283
1675,XGBoost,0.2829,0.21240705
1676,XGBoost,0.0489,0.21145837
1677,XGBoost,-0.0258,0.016330838
1678,XGBoost,0.8012,0.7358264
1679,XGBoost,0.0384,0.09763234
1680,XGBoost,0.2667,0.27484015
1681,XGBoost,0.1086,0.086517625
1682,XGBoost,0.3154,0.35970435
1683,XGBoost,0.214,0.291849
1684,XGBoost,-0.037,-0.010910405
1685,XGBoost,0.1524,0.22457659
1686,XGBoost,0.3186,0.2783572
1687,XGBoost,0.0777,0.14798741
1688,XGBoost,0.5081,0.4509241
1689,XGBoost,0.6181,0.6592395
1690,XGBoost,0.0082,0.17927165
1691,XGBoost,0.5186,0.552782
1692,XGBoost,0.2533,0.25579554
1693,XGBoost,0.3952,0.35963708
1694,XGBoost,-0.1906,-0.14187092
1695,XGBoost,0.3783,0.35808873
1696,XGBoost,0.2886,0.31276134
1697,XGBoost,0.0722,0.108167216
1698,XGBoost,0.1924,0.128964
1699,XGBoost,0.3348,0.3406599
1700,XGBoost,0.2935,0.22286938
1701,XGBoost,0.1346,0.16366537
1702,XGBoost,0.6805,0.7887895
1703,XGBoost,0.1677,0.1216706
1704,XGBoost,0.2878,0.2430851
1705,XGBoost,-0.0727,-0.08084944
1706,XGBoost,0.4103,0.4941683
1707,XGBoost,0.0445,0.014404421
1708,XGBoost,0.1129,0.12702642
1709,XGBoost,0.3854,0.25529125
1710,XGBoost,0.4533,0.37600693
1711,XGBoost,0.1451,0.17870413
1712,XGBoost,0.3657,0.30341718
1713,XGBoost,0.8949,0.84769386
1714,XGBoost,0.0641,0.052308746
1715,XGBoost,-0.1158,-0.15081379
1716,XGBoost,0.0198,0.050630726
1717,XGBoost,0.2413,0.26403898
1718,XGBoost,0.3937,0.26697657
1719,XGBoost,0.05,0.10098847
1720,XGBoost,0.5014,0.46655694
1721,XGBoost,0.3544,0.36919057
1722,XGBoost,0.2476,0.2248082
1723,XGBoost,-0.0343,-0.0028498888
1724,XGBoost,0.3808,0.2565607
1725,XGBoost,0.0194,0.03431673
1726,XGBoost,-0.0461,0.122893944
1727,XGBoost,0.0669,0.04109129
1728,XGBoost,0.1581,0.1948586
1729,XGBoost,0.2801,0.31835616
1730,XGBoost,0.0341,0.025571948
1731,XGBoost,-0.1354,-0.1057982
1732,XGBoost,0.132,0.23984388
1733,XGBoost,0.1124,0.21934341
1734,XGBoost,0.1666,0.2324759
1735,XGBoost,0.1271,0.25046086
1736,XGBoost,0.4308,0.4304903
1737,XGBoost,0.0201,0.046881225
1738,XGBoost,0.0281,0.053429935
1739,XGBoost,0.2822,0.3093657
1740,XGBoost,0.0986,0.17764434
1741,XGBoost,0.8733,0.73159
1742,XGBoost,0.0548,0.12884566
1743,XGBoost,0.1067,0.16534089
1744,XGBoost,0.3802,0.4400091
1745,XGBoost,0.3047,0.29145437
1746,XGBoost,0.6382,0.81312543
1747,XGBoost,0.3718,0.28214842
1748,XGBoost,0.3056,0.28660226
1749,XGBoost,0.2556,0.18715537
1750,XGBoost,0.5619,0.5425819
1751,XGBoost,0.0554,0.051083136
1752,XGBoost,0.0526,0.2147215
1753,XGBoost,0.0515,0.08153118
1754,XGBoost,0.4371,0.53505075
1755,XGBoost,0.2883,0.29741997
1756,XGBoost,0.7762,0.78199685
1757,XGBoost,0.0073,-0.0071192775
1758,XGBoost,0.2442,0.26536483
1759,XGBoost,0.078,0.08980134
1760,XGBoost,0.169,0.20299931
1761,XGBoost,0.4511,0.45937002
1762,XGBoost,0.831,0.71138644
1763,XGBoost,0.4813,0.49394056
1764,XGBoost,0.0632,0.29265943
1765,XGBoost,0.0151,0.021548271
1766,XGBoost,0.0302,0.08060858
1767,XGBoost,0.5441,0.5830122
1768,XGBoost,-0.1412,-0.16537575
1769,XGBoost,0.5619,0.34952265
1770,XGBoost,0.1997,0.23654781
1771,XGBoost,0.4214,0.424265
1772,XGBoost,0.2085,0.19757688
1773,XGBoost,0.6903,0.71350485
1774,XGBoost,0.4486,0.4806015
1775,XGBoost,0.555,0.32059303
1776,XGBoost,0.1447,0.18997796
1777,XGBoost,0.6261,0.56635934
1778,XGBoost,0.0973,0.12458208
1779,XGBoost,0.2029,0.23292466
1780,XGBoost,0.7223,0.65414846
1781,XGBoost,0.9309,0.77393717
1782,XGBoost,0.1465,0.25797042
1783,XGBoost,0.0253,0.2595271
1784,XGBoost,0.6973,0.68107903
1785,XGBoost,0.0793,0.12142798
1786,XGBoost,0.1702,0.14998876
1787,XGBoost,0.188,0.26848114
1788,XGBoost,0.9724,0.89013743
1789,XGBoost,0.1568,0.15369199
1790,XGBoost,0.307,0.2547994
1791,XGBoost,0.0096,-0.0595685
1792,XGBoost,0.007,0.23897673
1793,XGBoost,0.1113,0.13539724
1794,XGBoost,-0.0937,-0.055512697
1795,XGBoost,0.2435,0.30186093
1796,XGBoost,-0.0739,-0.0072522108
1797,XGBoost,0.0121,-0.0068157045
1798,XGBoost,0.0693,0.14633773
1799,XGBoost,0.3114,0.303652
1800,XGBoost,0.2436,0.3500308
1801,XGBoost,0.0941,0.11334006
1802,XGBoost,0.0944,0.19923088
1803,XGBoost,0.3392,0.29029852
1804,XGBoost,0.4291,0.34762314
1805,XGBoost,0.2061,0.20045885
1806,XGBoost,0.2823,0.22823912
1807,XGBoost,0.6386,0.55995095
1808,XGBoost,0.4165,0.29424757
1809,XGBoost,0.4307,0.375027
1810,XGBoost,0.0637,0.1414315
1811,XGBoost,0.5743,0.5684443
1812,XGBoost,0.2989,0.28606313
1813,XGBoost,-0.0153,-0.0063347304
1814,XGBoost,0.1732,0.15918528
1815,XGBoost,0.3582,0.3522166
1816,XGBoost,0.2253,0.23834471
1817,XGBoost,0.329,0.2974789
1818,XGBoost,0.0924,0.1949495
1819,XGBoost,0.323,0.288552
1820,XGBoost,0.24,0.24113584
1821,XGBoost,-0.0496,-0.0064930767
1822,XGBoost,0.1813,0.22577666
1823,XGBoost,0.3167,0.14920145
1824,XGBoost,-0.1995,0.0073759146
1825,XGBoost,0.4691,0.3703854
1826,XGBoost,0.204,0.21028288
1827,XGBoost,0.0108,-0.0060762037
1828,XGBoost,0.2334,0.17218252
1829,XGBoost,0.1063,0.061662227
1830,XGBoost,0.1541,0.2908286
1831,XGBoost,0.0982,0.17424282
1832,XGBoost,0.1991,0.24431853
1833,XGBoost,0.21,0.18570048
1834,XGBoost,0.3,0.2740478
1835,XGBoost,0.1882,0.16856231
1836,XGBoost,0.2656,0.20436956
1837,XGBoost,0.0093,-0.058185667
1838,XGBoost,0.128,0.19547874
1839,XGBoost,0.0912,0.06441743
1840,XGBoost,0.2234,0.22849919
1841,XGBoost,0.2809,0.3290187
1842,XGBoost,0.2623,0.30849692
1843,XGBoost,0.1523,0.03814902
1844,XGBoost,-0.0061,0.07672382
1845,XGBoost,0.1342,0.10052146
1846,XGBoost,0.1935,0.27551934
1847,XGBoost,0.2143,0.19941697
1848,XGBoost,0.5605,0.40577495
1849,XGBoost,0.7351,0.6862861
1850,XGBoost,0.2722,0.19731818
1851,XGBoost,0.0339,0.08301626
1852,XGBoost,-0.0714,-0.05074513
1853,XGBoost,0.1998,0.057294466
1854,XGBoost,0.1146,0.16847323
1855,XGBoost,0.1568,0.13489924
1856,XGBoost,0.3448,0.31069332
1857,XGBoost,-0.1529,-0.07184383
1858,XGBoost,0.1486,0.15373856
1859,XGBoost,0.3611,0.3420572
1860,XGBoost,0.0948,0.06777122
1861,XGBoost,0.5173,0.49389148
1862,XGBoost,0.0495,0.15762183
1863,XGBoost,0.445,0.28320834
1864,XGBoost,0.3841,0.27160564
1865,XGBoost,0.4339,0.3763876
1866,XGBoost,0.1102,0.0016352586
1867,XGBoost,0.5015,0.42972985
1868,XGBoost,0.4173,0.30401263
1869,XGBoost,-0.067,-0.026977371
1870,XGBoost,-0.0166,0.005837267
1871,XGBoost,-0.0258,0.039882418
1872,XGBoost,0.2449,0.22003478
1873,XGBoost,0.1174,0.2640463
1874,XGBoost,0.162,0.16017601
1875,XGBoost,0.2381,0.14756487
1876,XGBoost,0.2539,0.32906407
1877,XGBoost,0.0735,0.067163244
1878,XGBoost,0.9806,0.93624914
1879,XGBoost,0.4407,0.37051088
1880,XGBoost,0.2269,0.17188253
1881,XGBoost,-0.0766,-0.097766675
1882,XGBoost,0.0796,0.11797528
1883,XGBoost,0.6003,0.4438512
1884,XGBoost,0.719,0.601233
1885,XGBoost,0.6339,0.6331274
1886,XGBoost,0.0301,0.00038725612
1887,XGBoost,0.0793,0.057979535
1888,XGBoost,0.1956,0.18401282
1889,XGBoost,0.8536,0.8361132
1890,XGBoost,0.165,0.23832834
1891,XGBoost,0.3517,0.25227383
1892,XGBoost,0.2038,0.24708657
1893,XGBoost,-0.0053,0.038481385
1894,XGBoost,0.0542,0.11187179
1895,XGBoost,0.8258,0.74430233
1896,XGBoost,0.353,0.265545
1897,XGBoost,0.1711,0.12829722
1898,XGBoost,0.4296,0.43425965
1899,XGBoost,0.2038,0.20805506
1900,XGBoost,0.3169,0.23614112
1901,XGBoost,0.3385,0.2783308
1902,XGBoost,0.0409,-0.0061301473
1903,XGBoost,0.0625,0.1390776
1904,XGBoost,0.7462,0.6533856
1905,XGBoost,0.0599,0.10719335
1906,XGBoost,0.1386,0.20734514
1907,XGBoost,0.0468,0.025375554
1908,XGBoost,0.0625,0.06153704
1909,XGBoost,0.2048,0.18850443
1910,XGBoost,0.6842,0.6668978
1911,XGBoost,0.0614,0.13024676
1912,XGBoost,0.6128,0.4474326
1913,XGBoost,0.1058,0.15527415
1914,XGBoost,0.9099,0.8631508
1915,XGBoost,0.2142,0.27327064
1916,XGBoost,0.0273,0.0498723
1917,XGBoost,0.4871,0.26216635
1918,XGBoost,-0.0276,0.046504892
1919,XGBoost,0.401,0.35391617
1920,XGBoost,0.8835,0.9263328
1921,XGBoost,0.2694,0.26296446
1922,XGBoost,0.6094,0.6246305
1923,XGBoost,0.021,-0.014721842
1924,XGBoost,0.1737,0.23085462
1925,XGBoost,0.0308,0.06634889
1926,XGBoost,0.2844,0.24732295
1927,XGBoost,0.606,0.4477575
1928,XGBoost,0.0895,0.17530781
1929,XGBoost,0.1664,0.12806292
1930,XGBoost,0.6168,0.7288189
1931,XGBoost,0.0302,0.10088458
1932,XGBoost,0.0513,0.0767138
1933,XGBoost,0.0782,0.11745962
1934,XGBoost,0.0632,0.027471848
1935,XGBoost,0.2951,0.27579647
1936,XGBoost,0.7142,0.72144604
1937,XGBoost,0.3243,0.43479133
1938,XGBoost,0.7871,0.67373997
1939,XGBoost,0.8224,0.7390666
1940,XGBoost,0.6999,0.6274762
1941,XGBoost,0.1011,0.13513312
1942,XGBoost,0.3801,0.36844373
1943,XGBoost,0.4836,0.44286755
1944,XGBoost,0.3291,0.26995966
1945,XGBoost,0.5715,0.57345796
1946,XGBoost,0.4445,0.4330113
1947,XGBoost,0.1746,0.2053801
1948,XGBoost,0.0899,0.1430939
1949,XGBoost,0.0089,0.07631795
1950,XGBoost,0.0246,0.053992886
1951,XGBoost,0.1195,0.1594276
1952,XGBoost,0.1596,0.103426404
1953,XGBoost,0.2312,0.23166919
1954,XGBoost,0.2667,0.17745067
1955,XGBoost,0.0707,0.120500155
1956,XGBoost,0.1318,0.13983575
1957,XGBoost,0.1511,0.17930892
1958,XGBoost,0.0559,0.061163627
1959,XGBoost,0.35,0.38577864
1960,XGBoost,0.1918,0.21112327
1961,XGBoost,0.0747,0.11495755
1962,XGBoost,0.3402,0.19996575
1963,XGBoost,0.3088,0.069041535
1964,XGBoost,0.5206,0.29650474
1965,XGBoost,0.1642,0.15807846
1966,XGBoost,0.2613,0.12948294
1967,XGBoost,0.5009,0.49091882
1968,XGBoost,0.0954,0.045096364
1969,XGBoost,0.1135,0.03941788
1970,XGBoost,0.2908,0.33431596
1971,XGBoost,-0.0937,-0.055141594
1972,XGBoost,0.0664,0.09074976
1973,XGBoost,0.2706,0.21850362
1974,XGBoost,0.2689,0.2516013
1975,XGBoost,0.4498,0.3617531
1976,XGBoost,0.3073,0.29475948
1977,XGBoost,0.1672,0.17968802
1978,XGBoost,0.0486,0.04047787
1979,XGBoost,-0.0287,0.061720423
1980,XGBoost,0.2684,0.18109596
1981,XGBoost,0.1404,0.13010147
1982,XGBoost,0.4732,0.3255415
1983,XGBoost,0.2759,0.24750963
1984,XGBoost,0.4503,0.4587389
1985,XGBoost,0.1115,0.127762
1986,XGBoost,-0.0236,0.09227386
1987,XGBoost,0.2721,0.2002537
1988,XGBoost,0.1952,0.124911405
1989,XGBoost,-0.0048,0.07450511
1990,XGBoost,0.0365,0.09971594
1991,XGBoost,0.1785,0.123131245
1992,XGBoost,0.1792,0.14097998
1993,XGBoost,-0.0119,0.06190892
1994,XGBoost,0.2714,0.24581821
1995,XGBoost,0.4866,0.5996085
1996,XGBoost,0.0556,0.08527725
1997,XGBoost,-0.0301,0.008209874
1998,XGBoost,0.1028,0.13102941
1999,XGBoost,0.175,0.114981145
2000,XGBoost,0.2137,0.10027324
2001,XGBoost,0.3126,0.27633417
2002,XGBoost,0.0038,0.060936183
2003,XGBoost,0.1805,0.12496994
2004,XGBoost,0.4573,0.44712552
2005,XGBoost,0.4347,0.11411371
2006,XGBoost,-0.0041,0.066644974
2007,XGBoost,0.4414,0.37547243
2008,XGBoost,0.6146,0.6833353
2009,XGBoost,0.3626,0.29352412
2010,XGBoost,0.3797,0.30224425
2011,XGBoost,0.0649,0.1001026
2012,XGBoost,0.1213,0.17024675
2013,XGBoost,0.5278,0.4809038
2014,XGBoost,0.3688,0.3733556
2015,XGBoost,0.5026,0.36677
2016,XGBoost,0.5161,0.44493964
2017,XGBoost,0.11,0.2657336
2018,XGBoost,0.0692,0.09495478
2019,XGBoost,0.0205,0.101732045
2020,XGBoost,0.4743,0.49763203
2021,XGBoost,0.0569,0.09753023
2022,XGBoost,0.2556,0.22025427
2023,XGBoost,0.1831,0.17906994
2024,XGBoost,-0.0558,-0.17047317
2025,XGBoost,0.241,0.2725953
2026,XGBoost,0.0528,0.0447597
2027,XGBoost,0.3011,0.25162438
2028,XGBoost,0.1446,0.0851072
2029,XGBoost,0.3441,0.3615397
2030,XGBoost,0.1989,0.18774414
2031,XGBoost,0.2735,0.20040935
2032,XGBoost,0.6811,0.45982006
2033,XGBoost,0.4909,0.47907177
2034,XGBoost,0.3854,0.1937921
2035,XGBoost,0.009,0.055372912
2036,XGBoost,0.0029,0.030194217
2037,XGBoost,0.6713,0.6374316
2038,XGBoost,0.6935,0.6319199
2039,XGBoost,0.0239,0.04835103
2040,XGBoost,0.0817,0.1709257
2041,XGBoost,0.1259,0.17196368
2042,XGBoost,0.1235,0.13484181
2043,XGBoost,0.3109,0.23306601
2044,XGBoost,0.1534,0.15099649
2045,XGBoost,0.0552,0.22338443
2046,XGBoost,0.3115,0.29298142
2047,XGBoost,0.4089,0.44574514
2048,XGBoost,0.4448,0.5194478
2049,XGBoost,0.0684,0.18737553
2050,XGBoost,0.1937,0.19652857
2051,XGBoost,0.752,0.68369126
2052,XGBoost,0.0642,0.059070844
2053,XGBoost,0.1313,0.055722527
2054,XGBoost,-0.0088,0.12666838
2055,XGBoost,0.4224,0.36312437
2056,XGBoost,0.0218,0.003546194
2057,XGBoost,0.2253,0.24191399
2058,XGBoost,0.2724,0.32146844
2059,XGBoost,0.0298,0.09762611
2060,XGBoost,0.3521,0.31375143
2061,XGBoost,0.6579,0.6024653
2062,XGBoost,0.6915,0.74237394
2063,XGBoost,0.2314,0.21363501
2064,XGBoost,0.5072,0.4030617
2065,XGBoost,0.0961,0.18121882
2066,XGBoost,0.4058,0.28150353
2067,XGBoost,0.7405,0.7518236
2068,XGBoost,0.5511,0.40105894
2069,XGBoost,0.4924,0.50382185
2070,XGBoost,0.0959,0.10791829
2071,XGBoost,0.1305,0.2648125
2072,XGBoost,0.2622,0.22623265
2073,XGBoost,0.2659,0.28744224
2074,XGBoost,0.1033,0.062761724
2075,XGBoost,0.0842,0.03815696
2076,XGBoost,0.2871,0.26015958
2077,XGBoost,0.7466,0.72536886
2078,XGBoost,0.091,0.13682733
2079,XGBoost,0.083,0.12020077
2080,XGBoost,0.3376,0.27472258
2081,XGBoost,0.1339,0.1657992
2082,XGBoost,0.6286,0.6376156
2083,XGBoost,0.2948,0.32110178
2084,XGBoost,0.4536,0.32040247
2085,XGBoost,0.1133,0.11840262
2086,XGBoost,0.3551,0.34582815
2087,XGBoost,0.0929,0.11899782
2088,XGBoost,0.4251,0.34950024
2089,XGBoost,0.2704,0.13494323
2090,XGBoost,0.2401,0.22284175
2091,XGBoost,0.665,0.6672038
2092,XGBoost,-0.0031,0.16057363
2093,XGBoost,0.7409,0.74987954
2094,XGBoost,-0.0025,0.1320649
2095,XGBoost,0.0433,0.12458099
2096,XGBoost,0.7209,0.6678155
2097,XGBoost,0.0943,0.059559546
2098,XGBoost,0.0329,0.14244862
2099,XGBoost,0.1474,0.10368829
2100,XGBoost,0.1706,0.22032693
2101,XGBoost,-0.0493,-0.05164718
2102,XGBoost,-0.0868,0.1398746
2103,XGBoost,0.3644,0.21337953
2104,XGBoost,0.5647,0.60621697
2105,XGBoost,0.1776,0.15813573
2106,XGBoost,0.0648,0.07462626
2107,XGBoost,0.0696,-0.016287796
2108,XGBoost,0.0711,0.11768915
2109,XGBoost,-0.0556,0.095382415
2110,XGBoost,0.2539,0.22048391
2111,XGBoost,0.4092,0.3040716
2112,XGBoost,0.1373,0.20815325
2113,XGBoost,0.1552,0.11603205
2114,XGBoost,0.3984,0.38360402
2115,XGBoost,0.3301,0.3515963
2116,XGBoost,0.3196,0.21344768
2117,XGBoost,0.4281,0.3666858
2118,XGBoost,0.771,0.8087369
2119,XGBoost,0.4661,0.35650676
2120,XGBoost,0.2645,0.23099127
2121,XGBoost,-0.0593,-0.089921966
2122,XGBoost,0.1294,0.13582315
2123,XGBoost,0.1354,0.20146848
2124,XGBoost,0.4814,0.38308504
2125,XGBoost,0.1428,0.118896954
2126,XGBoost,0.4471,0.32244584
2127,XGBoost,0.2941,0.27602804
2128,XGBoost,0.5149,0.43135634
2129,XGBoost,0.0519,0.14315538
2130,XGBoost,0.1621,0.13093297
2131,XGBoost,0.0542,0.04514082
2132,XGBoost,0.2082,0.18115161
2133,XGBoost,0.246,0.08616207
2134,XGBoost,0.0346,0.09126945
2135,XGBoost,0.283,0.3121183
2136,XGBoost,0.0914,0.064839974
2137,XGBoost,0.2275,0.28554597
2138,XGBoost,0.7836,0.7771488
2139,XGBoost,0.2079,0.15981428
2140,XGBoost,0.1466,0.14815995
2141,XGBoost,-0.1392,-0.12240715
2142,XGBoost,-0.0122,0.11246092
2143,XGBoost,0.2164,0.19247466
2144,XGBoost,0.1646,0.17168933
2145,XGBoost,0.0769,0.099728025
2146,XGBoost,0.8451,0.6853014
2147,XGBoost,0.2269,0.1305382
2148,XGBoost,0.0412,0.1407488
2149,XGBoost,0.0971,0.1870184
2150,XGBoost,0.0746,0.10521244
2151,XGBoost,0.1097,0.13973176
2152,XGBoost,0.2956,0.33799878
2153,XGBoost,0.1064,0.18343012
2154,XGBoost,0.3524,0.31599292
2155,XGBoost,0.4511,0.38507655
2156,XGBoost,0.1325,0.1283387
2157,XGBoost,-0.0461,0.030636549
2158,XGBoost,0.2438,0.24991119
2159,XGBoost,0.2596,0.21022122
2160,XGBoost,-0.0488,0.05252573
2161,XGBoost,0.4558,0.36962405
2162,XGBoost,0.1508,0.21389794
2163,XGBoost,0.2979,0.28800374
2164,XGBoost,0.0906,0.06247399
2165,XGBoost,0.0853,-0.09424232
2166,XGBoost,0.4304,0.43152484
2167,XGBoost,0.2698,0.26968217
2168,XGBoost,0.1653,0.17662783
2169,XGBoost,0.3457,0.28006873
2170,XGBoost,0.4683,0.4376112
2171,XGBoost,0.1184,0.13425662
2172,XGBoost,0.2151,0.1428324
2173,XGBoost,0.1276,0.16418721
2174,XGBoost,-0.0285,-0.07265785
2175,XGBoost,0.1653,0.02516461
2176,XGBoost,0.8356,0.59662473
2177,XGBoost,0.2983,0.37469238
2178,XGBoost,0.5258,0.3981703
2179,XGBoost,0.1113,0.18650703
2180,XGBoost,0.8023,0.7676068
2181,XGBoost,0.1225,0.14844118
2182,XGBoost,-0.0278,0.0066338726
2183,XGBoost,0.011,0.08310346
2184,XGBoost,0.1858,0.17409943
2185,XGBoost,-0.0655,0.024213554
2186,XGBoost,0.0168,0.08174436
2187,XGBoost,0.2855,0.26529247
2188,XGBoost,0.0363,0.067514054
2189,XGBoost,0.1185,0.116920486
2190,XGBoost,0.5853,0.60462093
2191,XGBoost,0.1985,0.1234669
2192,XGBoost,-0.0767,-0.0013450508
2193,XGBoost,0.0865,0.09893458
2194,XGBoost,0.1367,0.16510747
2195,XGBoost,0.4171,0.222907
2196,XGBoost,0.0302,0.07050308
2197,XGBoost,0.2236,0.17517982
2198,XGBoost,0.081,0.0002799979
2199,XGBoost,-0.0656,-0.016116133
2200,XGBoost,0.0539,0.10385024
2201,XGBoost,-0.1132,-0.11103709
2202,XGBoost,-0.0558,-0.040296674
2203,XGBoost,0.1718,0.1676837
2204,XGBoost,0.3226,0.31248522
2205,XGBoost,0.4012,0.3422563
2206,XGBoost,0.1964,0.19276384
2207,XGBoost,0.5025,0.30817804
2208,XGBoost,0.1479,0.18537
2209,XGBoost,0.2188,0.27850598
2210,XGBoost,0.7906,0.73613733
2211,XGBoost,-0.0018,0.0350897
2212,XGBoost,0.0094,0.103934
2213,XGBoost,-0.0241,0.11189895
2214,XGBoost,0.133,0.1379732
2215,XGBoost,0.1703,0.13408226
2216,XGBoost,0.3239,0.3208564
2217,XGBoost,0.6986,0.61109453
2218,XGBoost,0.4268,0.41008464
2219,XGBoost,0.1748,0.28379825
2220,XGBoost,0.6091,0.6342598
2221,XGBoost,0.2514,0.33283216
2222,XGBoost,0.1115,0.076064244
2223,XGBoost,0.0825,0.079103604
2224,XGBoost,0.1045,0.19793351
2225,XGBoost,0.0228,0.056730133
2226,XGBoost,0.2188,0.19740146
2227,XGBoost,0.488,0.2226941
2228,XGBoost,0.2498,0.23762919
2229,XGBoost,0.4969,0.55582273
2230,XGBoost,0.0161,0.029326906
2231,XGBoost,0.2558,0.17835122
2232,XGBoost,0.0944,0.06398778
2233,XGBoost,0.1596,0.27376926
2234,XGBoost,0.0603,0.1490497
2235,XGBoost,0.427,0.42635313
2236,XGBoost,-0.0324,0.025402933
2237,XGBoost,0.0983,0.2411498
2238,XGBoost,0.9195,0.89947313
2239,XGBoost,-0.0046,0.10027119
2240,XGBoost,0.4353,0.47784984
2241,XGBoost,0.4979,0.5437132
2242,XGBoost,0.2926,0.19045617
2243,XGBoost,0.3598,0.2058876
2244,XGBoost,0.5293,0.49021193
2245,XGBoost,0.6086,0.5396093
2246,XGBoost,0.1407,0.12221935
2247,XGBoost,0.2129,0.24038485
2248,XGBoost,-0.0813,0.019073674
2249,XGBoost,-0.0861,-0.072512046
2250,XGBoost,0.3607,-0.048554998
2251,XGBoost,0.0736,0.0714495
2252,XGBoost,0.4956,0.45157376
2253,XGBoost,-0.0069,0.01787152
2254,XGBoost,-0.0042,0.060740024
2255,XGBoost,0.3008,0.34028488
2256,XGBoost,0.5262,0.48477203
2257,XGBoost,0.5154,0.42249486
2258,XGBoost,0.5462,0.4662569
2259,XGBoost,0.2079,0.20829853
2260,XGBoost,0.1106,0.11242805
2261,XGBoost,0.4812,0.4738569
2262,XGBoost,0.306,0.31420404
2263,XGBoost,0.1829,0.012488557
2264,XGBoost,0.4184,0.29995778
2265,XGBoost,0.0843,0.1300757
2266,XGBoost,0.2674,0.35701132
2267,XGBoost,0.3302,0.10185526
2268,XGBoost,0.0586,0.08585856
2269,XGBoost,0.5998,0.4893098
2270,XGBoost,0.145,0.21329772
2271,XGBoost,-0.1423,-0.15475434
2272,XGBoost,0.0996,0.06989571
2273,XGBoost,0.1298,0.16154633
2274,XGBoost,0.2488,0.3771645
2275,XGBoost,0.3637,0.31893167
2276,XGBoost,0.0805,0.18584055
2277,XGBoost,0.4003,0.33177987
2278,XGBoost,0.2231,0.25846586
2279,XGBoost,0.1833,0.27671543
2280,XGBoost,-0.0799,-0.04190016
2281,XGBoost,-0.1773,-0.23262838
2282,XGBoost,0.6467,0.6018889
2283,XGBoost,0.0156,0.075340606
2284,XGBoost,0.6895,0.59906375
2285,XGBoost,0.3761,0.23359196
2286,XGBoost,0.5106,0.26372567
2287,XGBoost,0.0337,0.045522373
2288,XGBoost,-0.0027,0.0075055133
2289,XGBoost,0.346,0.50075835
2290,XGBoost,0.2623,0.24758925
2291,XGBoost,0.2178,0.14724946
2292,XGBoost,0.9141,0.90238965
2293,XGBoost,-0.0143,0.078687266
2294,XGBoost,0.4648,0.3621805
2295,XGBoost,0.095,0.21219672
2296,XGBoost,0.2232,0.20836341
2297,XGBoost,0.4625,0.2554481
2298,XGBoost,0.3511,0.25896284
2299,XGBoost,0.4746,0.43570703
2300,XGBoost,0.1545,0.051663987
2301,XGBoost,1.0283,1.042271
2302,XGBoost,0.2753,0.28758278
2303,XGBoost,0.0433,0.029334374
2304,XGBoost,0.1429,0.14326063
2305,XGBoost,0.3277,0.23092997
2306,XGBoost,0.126,0.22961275
2307,XGBoost,0.8278,0.5894189
2308,XGBoost,-0.0626,0.022965442
2309,XGBoost,0.2406,0.16265126
2310,XGBoost,0.1607,0.18962322
2311,XGBoost,0.2547,0.33342516
2312,XGBoost,0.2051,0.20522042
2313,XGBoost,0.1338,0.15099955
2314,XGBoost,0.3423,0.34881502
2315,XGBoost,0.1036,0.020029522
2316,XGBoost,0.0942,0.13556822
2317,XGBoost,0.3219,0.30756393
2318,XGBoost,0.0404,0.077504545
2319,XGBoost,0.5314,0.42352504
2320,XGBoost,-0.0495,0.0077089486
2321,XGBoost,0.2012,0.14184408
2322,XGBoost,0.0395,0.041093767
2323,XGBoost,-0.0871,-0.08038265
2324,XGBoost,0.3962,0.36890927
2325,XGBoost,0.0128,0.079586506
2326,XGBoost,0.6109,0.53189784
2327,XGBoost,-0.0456,-0.019425359
2328,XGBoost,0.191,0.16019502
2329,XGBoost,0.0226,0.13469364
2330,XGBoost,0.1018,0.04217138
2331,XGBoost,0.0441,0.18484974
2332,XGBoost,0.3571,0.39155412
2333,XGBoost,0.1164,0.16373819
2334,XGBoost,0.3579,0.3278067
2335,XGBoost,0.3431,0.33298218
2336,XGBoost,0.0919,0.15684825
2337,XGBoost,0.0966,0.057074394
2338,XGBoost,0.0786,0.1806005
2339,XGBoost,0.2287,0.374957
2340,XGBoost,-0.0612,-0.005768526
2341,XGBoost,0.7831,0.85043997
2342,XGBoost,0.0844,0.18342167
2343,XGBoost,0.0551,0.13610414
2344,XGBoost,0.2589,0.23218097
2345,XGBoost,0.3022,0.2431842
2346,XGBoost,0.0914,0.14619221
2347,XGBoost,0.2766,0.30415335
2348,XGBoost,0.2123,0.24463527
2349,XGBoost,0.0611,0.2208616
2350,XGBoost,0.1277,0.14228107
2351,XGBoost,0.3579,0.31017798
2352,XGBoost,0.5922,0.5606468
2353,XGBoost,0.4146,0.45523134
2354,XGBoost,0.1249,0.26647207
2355,XGBoost,0.225,0.11436458
2356,XGBoost,0.1307,0.12849797
2357,XGBoost,0.2502,0.23389572
2358,XGBoost,0.0479,0.08512975
2359,XGBoost,0.0683,0.1473476
2360,XGBoost,0.1091,0.19426224
2361,XGBoost,0.0273,0.040831145
2362,XGBoost,0.3553,0.40490323
2363,XGBoost,-0.0426,-0.048157483
2364,XGBoost,0.0502,-0.026492866
2365,XGBoost,0.3118,0.24482358
2366,XGBoost,0.1987,0.26664954
2367,XGBoost,0.385,0.4273818
2368,XGBoost,-0.0992,0.032055404
2369,XGBoost,0.4363,0.46187374
2370,XGBoost,-0.1531,-0.14721046
2371,XGBoost,0.1138,0.18680198
2372,XGBoost,0.3308,0.28070667
2373,XGBoost,0.3607,0.363959
2374,XGBoost,0.2634,0.21233027
2375,XGBoost,0.1535,0.107526205
2376,XGBoost,0.0753,0.073241815
2377,XGBoost,0.5317,0.4142904
2378,XGBoost,0.1409,0.09395967
2379,XGBoost,0.0704,0.09716178
2380,XGBoost,0.2197,0.23358275
2381,XGBoost,0.922,0.6936161
2382,XGBoost,0.3426,0.23813714
2383,XGBoost,0.2733,0.20126265
2384,XGBoost,0.1191,0.25198442
2385,XGBoost,0.0177,0.0844062
2386,XGBoost,0.1661,0.3370737
2387,XGBoost,0.0241,0.10960371
2388,XGBoost,0.4024,0.32837972
2389,XGBoost,-0.043,0.084130004
2390,XGBoost,-0.0965,-0.097016856
2391,XGBoost,0.5143,0.23430225
2392,XGBoost,-0.0147,0.021493811
2393,XGBoost,0.1855,0.22331914
2394,XGBoost,-0.1254,-0.13556665
2395,XGBoost,0.1937,0.19072461
2396,XGBoost,0.0672,0.009040289
2397,XGBoost,0.1045,0.11503058
2398,XGBoost,0.0468,0.13788061
2399,XGBoost,0.2008,0.2096044
2400,XGBoost,0.0697,0.087088436
2401,XGBoost,0.0472,0.06849833
2402,XGBoost,0.7333,0.78638536
2403,XGBoost,0.0066,0.13070258
2404,XGBoost,0.2445,0.23916882
2405,XGBoost,0.3397,0.30717823
2406,XGBoost,0.2334,0.19346206
2407,XGBoost,0.125,0.16943803
2408,XGBoost,0.3493,0.19012728
2409,XGBoost,0.0261,0.035828575
2410,XGBoost,0.2084,0.21230328
2411,XGBoost,0.414,0.3973117
2412,XGBoost,0.3211,0.30408964
2413,XGBoost,0.1561,0.19607624
2414,XGBoost,-0.0465,0.14071909
2415,XGBoost,-0.1737,-0.17928208
2416,XGBoost,0.7037,0.74148667
2417,XGBoost,-0.0949,-0.020583639
2418,XGBoost,0.0636,0.19302273
2419,XGBoost,-0.0622,-0.022809943
2420,XGBoost,0.0604,0.105291516
2421,XGBoost,0.2381,0.1778046
2422,XGBoost,-0.0401,0.34216395
2423,XGBoost,0.2792,0.34233564
2424,XGBoost,0.0646,0.16484296
2425,XGBoost,0.5045,0.28528175
2426,XGBoost,-0.1945,-0.11676864
2427,XGBoost,0.0937,0.18168604
2428,XGBoost,-0.1968,-0.15473077
2429,XGBoost,-0.0879,0.010442113
2430,XGBoost,0.4961,0.34824917
2431,XGBoost,-0.0307,0.080062576
2432,XGBoost,0.2957,0.20670187
2433,XGBoost,0.197,0.21962114
2434,XGBoost,0.4483,0.39920297
2435,XGBoost,0.1704,0.18083163
2436,XGBoost,0.1531,0.14405885
2437,XGBoost,0.0805,0.08293742
2438,XGBoost,0.2078,0.17956723
2439,XGBoost,0.0391,0.060766086
2440,XGBoost,0.0785,0.1892045
2441,XGBoost,0.1768,0.2065958
2442,XGBoost,0.086,0.17487739
2443,XGBoost,-0.178,-0.103573434
2444,XGBoost,0.0338,0.19354896
2445,XGBoost,0.0736,0.14709544
2446,XGBoost,0.2707,0.06613387
2447,XGBoost,0.5197,0.5082109
2448,XGBoost,0.2642,0.30680728
2449,XGBoost,0.3548,0.38233784
2450,XGBoost,0.3396,0.27447918
2451,XGBoost,-0.048,0.12261642
2452,XGBoost,0.3061,0.2004161
2453,XGBoost,-0.0196,0.07368612
2454,XGBoost,0.5351,0.5382262
2455,XGBoost,0.1002,0.09931612
2456,XGBoost,-0.0815,-0.09876099
2457,XGBoost,0.0846,0.092197984
2458,XGBoost,0.2176,0.24621986
2459,XGBoost,0.6511,0.54985493
2460,XGBoost,-0.1873,-0.010523593
2461,XGBoost,0.2092,0.16191405
2462,XGBoost,-0.11,-0.07061766
2463,XGBoost,0.4118,0.38206837
2464,XGBoost,0.0125,0.13055238
2465,XGBoost,0.3009,0.22087887
2466,XGBoost,0.4287,0.31349298
2467,XGBoost,0.0551,0.10041492
2468,XGBoost,0.834,0.7777838
2469,XGBoost,-0.0629,-0.030666787
2470,XGBoost,-0.038,0.05351452
2471,XGBoost,0.4538,0.42723548
2472,XGBoost,0.1704,0.14976911
2473,XGBoost,0.4131,0.3092515
2474,XGBoost,0.2959,0.2738541
2475,XGBoost,0.0551,-0.0068766223
2476,XGBoost,0.0596,0.1265795
2477,XGBoost,-0.1162,-0.10841077
2478,XGBoost,0.5159,0.44992924
2479,XGBoost,0.4329,0.38829258
2480,XGBoost,0.1717,0.12060096
2481,XGBoost,0.3216,-0.09132742
2482,XGBoost,0.2397,0.23770231
2483,XGBoost,0.8918,0.7452037
2484,XGBoost,0.3256,0.2376845
2485,XGBoost,0.636,0.6338409
2486,XGBoost,0.2361,0.1453968
2487,XGBoost,0.267,0.25807968
2488,XGBoost,0.5361,0.6270319
2489,XGBoost,0.1518,0.12819445
2490,XGBoost,0.0232,-0.0046045687
2491,XGBoost,0.2436,0.21979576
2492,XGBoost,0.2046,0.23941228
2493,XGBoost,0.1929,0.20309034
2494,XGBoost,0.0415,-0.0046294294
2495,XGBoost,0.087,0.11710574
2496,XGBoost,-0.049,0.017622741
2497,XGBoost,0.2735,0.24302687
2498,XGBoost,0.3099,0.24378334
2499,XGBoost,0.5557,0.23760949
2500,XGBoost,-0.0168,0.02290775
2501,XGBoost,0.1962,0.24066435
2502,XGBoost,0.128,0.11436
2503,XGBoost,0.5142,0.48701352
2504,XGBoost,0.0515,0.054820053
2505,XGBoost,0.1594,0.35038695
2506,XGBoost,0.2551,0.2314537
2507,XGBoost,0.2396,0.24580842
2508,XGBoost,0.3163,0.3365395
2509,XGBoost,0.2979,0.24776107
2510,XGBoost,0.2351,0.23556276
2511,XGBoost,0.2938,0.24044839
2512,XGBoost,0.4776,0.5379742
2513,XGBoost,0.1903,0.20163961
2514,XGBoost,0.8565,0.6867806
2515,XGBoost,0.5138,0.46427947
2516,XGBoost,0.6757,0.6430101
2517,XGBoost,0.3403,0.33652312
2518,XGBoost,0.137,0.10917812
2519,XGBoost,0.1746,0.14953758
2520,XGBoost,0.1493,0.13904482
2521,XGBoost,-0.0492,0.044731
2522,XGBoost,0.4227,0.3186985
2523,XGBoost,0.4245,0.4628451
2524,XGBoost,0.6463,0.661269
2525,XGBoost,0.1008,0.101001725
2526,XGBoost,0.4314,0.41035235
2527,XGBoost,0.4532,0.56157744
2528,XGBoost,0.291,0.26279372
2529,XGBoost,0.1376,0.12148156
2530,XGBoost,0.5847,0.2645437
2531,XGBoost,0.4638,0.49506044
2532,XGBoost,0.1733,0.11336447
2533,XGBoost,0.3214,0.29827872
2534,XGBoost,-0.0151,0.0015091843
2535,XGBoost,0.1374,0.14101888
2536,XGBoost,0.4054,0.43570957
2537,XGBoost,0.2734,0.20713101
2538,XGBoost,0.0193,0.20053273
2539,XGBoost,0.2894,0.20939669
2540,XGBoost,1.0078,0.94367677
2541,XGBoost,0.4983,0.46533653
2542,XGBoost,0.0486,0.056076523
2543,XGBoost,0.2746,0.24614258
2544,XGBoost,0.1106,0.12253542
2545,XGBoost,0.0978,0.21985605
2546,XGBoost,0.0907,0.09037142
2547,XGBoost,0.8122,0.7295506
2548,XGBoost,-0.023,0.052854747
2549,XGBoost,0.0733,0.025466023
2550,XGBoost,0.5258,0.45333228
2551,XGBoost,0.1525,0.139001
2552,XGBoost,0.768,0.59651375
2553,XGBoost,0.0506,0.13077089
2554,XGBoost,0.313,0.32687247
2555,XGBoost,0.1369,0.17858788
2556,XGBoost,0.3134,0.34687528
2557,XGBoost,0.2892,0.2981108
2558,XGBoost,0.2155,0.1168142
2559,XGBoost,0.1167,0.13759343
2560,XGBoost,0.1557,0.14975221
2561,XGBoost,-0.0525,-0.002704108
2562,XGBoost,0.1108,0.14750746
2563,XGBoost,0.3512,0.2524555
2564,XGBoost,0.7159,0.6472295
2565,XGBoost,0.0628,0.060961906
2566,XGBoost,0.8403,0.71996003
2567,XGBoost,0.3443,0.20442986
2568,XGBoost,0.1947,0.14052154
2569,XGBoost,0.1618,0.26325437
2570,XGBoost,0.0141,0.07886852
2571,XGBoost,0.5061,0.3266909
2572,XGBoost,0.3179,0.35444704
2573,XGBoost,0.2998,0.1648571
2574,XGBoost,0.4863,0.5896398
2575,XGBoost,0.1439,0.20552705
2576,XGBoost,0.4728,0.3195399
2577,XGBoost,0.116,0.25490978
2578,XGBoost,0.381,0.39571664
2579,XGBoost,-0.1074,-0.00040326093
2580,XGBoost,0.1181,0.357953
2581,XGBoost,0.477,0.5170216
2582,XGBoost,0.5098,0.4604678
2583,XGBoost,0.3188,0.080143064
2584,XGBoost,0.5059,0.3065732
2585,XGBoost,0.0844,0.124470174
2586,XGBoost,0.1045,0.09588913
2587,XGBoost,0.1494,0.11169754
2588,XGBoost,0.0213,0.22876264
2589,XGBoost,0.2679,0.27370963
2590,XGBoost,0.1921,0.12464709
2591,XGBoost,0.4574,0.5109785
2592,XGBoost,0.0495,0.21378024
2593,XGBoost,-0.199,-0.22794813
2594,XGBoost,0.2485,0.27165487
2595,XGBoost,0.1158,0.17974254
2596,XGBoost,0.2572,0.30853236
2597,XGBoost,-0.0152,-0.030020824
2598,XGBoost,0.6111,0.5635717
2599,XGBoost,0.2669,0.2463376
2600,XGBoost,0.1268,0.085881315
2601,XGBoost,0.3886,0.19188404
2602,XGBoost,0.187,0.23091765
2603,XGBoost,-0.0063,0.033887684
2604,XGBoost,0.1124,0.14792453
2605,XGBoost,0.5441,0.5820056
2606,XGBoost,0.1208,0.21284734
2607,XGBoost,0.0166,0.045595054
2608,XGBoost,0.1085,0.057132095
2609,XGBoost,0.1971,0.3010781
2610,XGBoost,0.1604,0.11049416
2611,XGBoost,0.2465,0.22228067
2612,XGBoost,0.012,0.09401097
2613,XGBoost,0.4643,0.328959
2614,XGBoost,0.22,0.26466763
2615,XGBoost,0.4975,0.41616923
2616,XGBoost,0.1846,0.18694232
2617,XGBoost,0.4857,0.42779195
2618,XGBoost,0.0707,0.16471817
2619,XGBoost,0.1119,0.102806725
2620,XGBoost,0.2441,0.29814282
2621,XGBoost,0.144,0.10590265
2622,XGBoost,0.4107,0.32358363
2623,XGBoost,0.5787,0.47621942
2624,XGBoost,0.1498,0.22469634
2625,XGBoost,0.0684,0.12321073
2626,XGBoost,0.173,0.115039684
2627,XGBoost,0.179,0.20774923
2628,XGBoost,-0.0701,0.12310796
2629,XGBoost,0.1104,0.11932985
2630,XGBoost,0.2888,0.24623509
2631,XGBoost,-0.0609,0.10666821
2632,XGBoost,0.1403,0.112682395
2633,XGBoost,-0.1751,-0.13070324
2634,XGBoost,0.7206,0.712006
2635,XGBoost,0.6308,0.5561462
2636,XGBoost,0.4534,0.41824353
2637,XGBoost,0.4743,0.30747738
2638,XGBoost,0.152,0.09741779
2639,XGBoost,0.0171,-0.01803703
2640,XGBoost,0.711,0.5898403
2641,XGBoost,-0.0394,0.0750625
2642,XGBoost,0.301,0.24961618
2643,XGBoost,0.9379,0.8089671
2644,XGBoost,0.2645,0.15453243
2645,XGBoost,0.1274,0.09454932
2646,XGBoost,0.1756,0.16847013
2647,XGBoost,0.0605,0.07718779
2648,XGBoost,0.3481,0.348873
2649,XGBoost,0.1336,0.11215155
2650,XGBoost,0.1011,0.034210358
2651,XGBoost,-0.008,-0.011859639
2652,XGBoost,0.0706,0.080785565
2653,XGBoost,0.1649,0.1714125
2654,XGBoost,0.1702,0.11777573
2655,XGBoost,0.4097,0.37346777
2656,XGBoost,-0.088,-0.063147515
2657,XGBoost,0.04,0.060423
2658,XGBoost,0.3692,0.356803
2659,XGBoost,0.1376,0.16956772
2660,XGBoost,0.4638,0.355946
2661,XGBoost,0.5813,0.47488675
2662,XGBoost,0.2439,0.22297585
2663,XGBoost,0.4032,0.3332846
2664,XGBoost,0.2606,0.23098883
2665,XGBoost,0.0893,0.08891294
2666,XGBoost,-0.1402,-0.1620456
2667,XGBoost,0.2795,0.25106913
2668,XGBoost,0.4434,0.4078445
2669,XGBoost,0.2694,0.1970399
2670,XGBoost,0.362,0.4038287
2671,XGBoost,0.4093,0.42842308
2672,XGBoost,0.4058,0.35310027
2673,XGBoost,0.3144,0.1702514
2674,XGBoost,-0.004,0.026353976
2675,XGBoost,0.0647,0.097269565
2676,XGBoost,0.0591,0.06884882
2677,XGBoost,-0.0967,0.011235514
2678,XGBoost,-0.0669,0.22435161
2679,XGBoost,0.0572,0.12821652
2680,XGBoost,0.0566,-0.004027933
2681,XGBoost,0.1546,0.06906403
2682,XGBoost,0.4367,0.4905059
2683,XGBoost,0.0801,0.17085901
2684,XGBoost,-0.0431,0.05363426
2685,XGBoost,0.2057,0.23427828
2686,XGBoost,0.0793,0.15705642
2687,XGBoost,0.2068,0.17832482
2688,XGBoost,0.4708,0.5138648
2689,XGBoost,0.0485,0.054329976
2690,XGBoost,0.183,0.19456361
2691,XGBoost,0.0672,0.12365386
2692,XGBoost,0.0733,0.08389608
2693,XGBoost,0.1141,0.13415161
2694,XGBoost,0.295,0.28687224
2695,XGBoost,0.4157,0.36148402
2696,XGBoost,0.0603,0.13211411
2697,XGBoost,0.0512,0.13286917
2698,XGBoost,0.5054,0.39373285
2699,XGBoost,0.0788,0.078226455
2700,XGBoost,-0.1578,-0.21640514
2701,XGBoost,0.4295,0.3238417
2702,XGBoost,0.0835,0.15241535
2703,XGBoost,0.1894,0.19460928
2704,XGBoost,0.2404,0.19565606
2705,XGBoost,0.1741,0.15421812
2706,XGBoost,0.3223,0.3707278
2707,XGBoost,0.0523,0.19405134
2708,XGBoost,0.3088,0.12490095
2709,XGBoost,0.5778,0.5294023
2710,XGBoost,-0.0242,0.09887133
2711,XGBoost,0.1516,0.10998335
2712,XGBoost,0.3212,0.223701
2713,XGBoost,0.081,0.085908964
2714,XGBoost,0.0695,0.03797488
2715,XGBoost,0.1831,0.10573863
2716,XGBoost,0.5478,0.5097027
2717,XGBoost,1.1613,1.006401
2718,XGBoost,-0.0134,0.065629095
2719,XGBoost,0.4061,0.29483977
2720,XGBoost,0.2026,0.23396829
2721,XGBoost,-0.059,-0.059391316
2722,XGBoost,0.1121,0.18721405
2723,XGBoost,0.2821,0.23906149
2724,XGBoost,-0.1552,-0.22808929
2725,XGBoost,0.8197,0.77241737
2726,XGBoost,-0.0421,0.0008468165
2727,XGBoost,0.4188,0.42288485
2728,XGBoost,0.1104,0.20340805
2729,XGBoost,0.1979,0.31587923
2730,XGBoost,0.0696,0.11438647
2731,XGBoost,-0.113,-0.099215426
2732,XGBoost,0.4122,0.41814402
2733,XGBoost,0.0738,0.3159399
2734,XGBoost,-0.0634,-0.006536967
2735,XGBoost,0.3446,0.38612756
2736,XGBoost,0.365,0.38277122
2737,XGBoost,0.6248,0.6163616
2738,XGBoost,0.4825,0.49480328
2739,XGBoost,0.7402,0.74373645
2740,XGBoost,0.3751,0.3341271
2741,XGBoost,0.7701,0.76193494
2742,XGBoost,0.0874,0.19419195
2743,XGBoost,0.198,0.14797059
2744,XGBoost,-0.0457,0.008741947
2745,XGBoost,0.3826,0.38658068
2746,XGBoost,-0.0204,0.05930059
2747,XGBoost,0.2721,0.2550496
2748,XGBoost,-0.1113,0.004574935
2749,XGBoost,0.1288,0.11695573
2750,XGBoost,0.7548,0.6365087
2751,XGBoost,0.2201,0.16650201
2752,XGBoost,0.202,0.3291183
2753,XGBoost,0.4803,0.56249374
2754,XGBoost,0.0207,0.048011314
2755,XGBoost,0.255,0.2505062
2756,XGBoost,-0.1476,-0.003805103
2757,XGBoost,0.3636,0.41744557
2758,XGBoost,-0.2053,-0.15906058
2759,XGBoost,0.6387,0.70215654
2760,XGBoost,0.0142,-0.009859552
2761,XGBoost,0.2466,0.2400819
2762,XGBoost,0.0913,0.07624544
2763,XGBoost,0.0021,0.03326881
2764,XGBoost,0.5609,0.63411975
2765,XGBoost,-0.0314,-0.10053535
2766,XGBoost,0.533,0.42443386
2767,XGBoost,-0.0139,0.15980946
2768,XGBoost,0.3253,0.32318625
2769,XGBoost,0.0541,0.088656664
2770,XGBoost,-0.121,-0.10095977
2771,XGBoost,0.0941,0.037151527
2772,XGBoost,-0.0379,-0.0059171626
2773,XGBoost,0.1564,0.16255744
2774,XGBoost,0.0291,0.020211075
2775,XGBoost,0.0497,0.09688295
2776,XGBoost,0.2115,0.19503188
2777,XGBoost,0.1558,0.084052145
2778,XGBoost,0.229,0.21415955
2779,XGBoost,0.4195,0.3141474
2780,XGBoost,0.1375,0.23439448
2781,XGBoost,0.1183,0.19090547
2782,XGBoost,0.2866,0.35730717
2783,XGBoost,0.072,0.08784346
2784,XGBoost,0.1293,0.11980143
2785,XGBoost,0.2,0.2508127
2786,XGBoost,0.9549,0.9767852
2787,XGBoost,0.1836,0.23500365
2788,XGBoost,-0.1808,-0.16376522
2789,XGBoost,0.5419,0.4764777
2790,XGBoost,0.7448,0.84657454
2791,XGBoost,0.9199,0.8918452
2792,XGBoost,0.2716,0.22276068
2793,XGBoost,0.129,0.12638003
2794,XGBoost,0.2663,0.25396946
2795,XGBoost,0.1831,0.098326884
2796,XGBoost,0.1104,0.083020926
2797,XGBoost,0.2008,0.13977431
2798,XGBoost,0.1213,0.08440687
2799,XGBoost,0.1551,0.12982835
2800,XGBoost,0.1768,0.23605286
2801,XGBoost,0.2214,0.1972052
2802,XGBoost,0.0654,0.18327585
2803,XGBoost,0.712,0.66640997
2804,XGBoost,-0.0287,0.11347278
2805,XGBoost,0.0894,0.11805761
2806,XGBoost,0.4599,0.38773486
2807,XGBoost,0.1651,0.19465128
2808,XGBoost,-0.0718,-0.04447054
2809,XGBoost,0.0238,0.00071361964
2810,XGBoost,0.1011,0.15611708
2811,XGBoost,0.1144,0.23009147
2812,XGBoost,0.572,0.58974284
2813,XGBoost,0.4166,0.45843434
2814,XGBoost,0.3491,0.28329125
2815,XGBoost,0.0615,0.027212067
2816,XGBoost,0.1096,0.2182181
2817,XGBoost,0.2829,0.2423881
2818,XGBoost,0.0008,0.21228638
2819,XGBoost,0.1525,0.09045143
2820,XGBoost,0.4546,0.33026555
2821,XGBoost,0.1334,0.21239816
2822,XGBoost,0.2839,0.19528931
2823,XGBoost,0.1906,0.1713713
2824,XGBoost,0.213,0.18789975
2825,XGBoost,0.1827,0.16868325
2826,XGBoost,0.0978,0.091447055
2827,XGBoost,0.4653,0.40969574
2828,XGBoost,0.2917,0.37875965
2829,XGBoost,0.11,0.19427064
2830,XGBoost,-0.0511,0.111335896
2831,XGBoost,0.0439,0.121592
2832,XGBoost,0.5813,0.5173437
2833,XGBoost,0.9559,0.8310204
2834,XGBoost,0.5317,0.56021404
2835,XGBoost,0.0793,0.13495098
2836,XGBoost,0.2812,0.23470668
2837,XGBoost,0.3936,0.2606591
2838,XGBoost,0.2717,0.21417066
2839,XGBoost,0.1414,0.1518669
2840,XGBoost,-0.0268,-0.028785441
2841,XGBoost,0.2783,0.25425944
2842,XGBoost,0.0123,0.039413698
2843,XGBoost,0.2159,0.2097609
2844,XGBoost,0.3469,0.33234456
2845,XGBoost,0.3581,0.33535355
2846,XGBoost,0.2815,0.14419347
2847,XGBoost,0.7182,0.78254026
2848,XGBoost,0.2981,0.116978206
2849,XGBoost,0.8081,0.7710106
2850,XGBoost,0.2227,0.29382053
2851,XGBoost,0.3392,0.35359287
2852,XGBoost,0.4283,0.29078093
2853,XGBoost,0.1231,0.1407284
2854,XGBoost,-0.1411,-0.088118434
2855,XGBoost,0.0618,0.18085091
2856,XGBoost,-0.0746,-0.08729762
2857,XGBoost,0.2387,0.17303482
2858,XGBoost,0.1575,0.1852644
2859,XGBoost,-0.0002,0.03555883
2860,XGBoost,-0.1061,-0.04709006
2861,XGBoost,0.0181,0.08538531
2862,XGBoost,0.0531,0.05757343
2863,XGBoost,0.0097,0.026353568
2864,XGBoost,0.3695,0.39331314
2865,XGBoost,0.133,0.15422493
2866,XGBoost,0.1619,0.15518098
2867,XGBoost,0.0965,0.08613132
2868,XGBoost,0.1873,0.2156949
2869,XGBoost,0.0996,0.18412806
2870,XGBoost,0.2355,0.25689164
2871,XGBoost,0.6972,0.73897934
2872,XGBoost,0.6764,0.66386086
2873,XGBoost,0.162,0.14708522
2874,XGBoost,0.2932,0.22555695
2875,XGBoost,0.708,0.77379024
2876,XGBoost,0.0376,0.040996183
2877,XGBoost,0.5975,0.6313137
2878,XGBoost,0.2726,0.23313005
2879,XGBoost,0.343,0.26183918
2880,XGBoost,-0.0864,-0.19137134
2881,XGBoost,0.1737,0.14606726
2882,XGBoost,0.0168,0.09030765
2883,XGBoost,0.7592,0.7679171
2884,XGBoost,0.069,0.062846765
2885,XGBoost,-0.0097,0.045673188
2886,XGBoost,0.1976,0.2627826
2887,XGBoost,0.0327,0.10816777
2888,XGBoost,0.2297,0.1782565
2889,XGBoost,-0.11,-0.11351555
2890,XGBoost,0.3816,0.24742222
2891,XGBoost,-0.0654,0.04651332
2892,XGBoost,0.1343,0.15755054
2893,XGBoost,0.2299,0.28139442
2894,XGBoost,0.0747,0.13776617
2895,XGBoost,0.2501,0.24743494
2896,XGBoost,0.3993,0.2689568
2897,XGBoost,0.5603,0.5260177
2898,XGBoost,0.0661,0.20512202
2899,XGBoost,-0.0478,0.02051975
2900,XGBoost,-0.0151,0.056701418
2901,XGBoost,-0.0039,0.10544377
2902,XGBoost,0.0683,0.032836773
2903,XGBoost,0.317,0.29431015
2904,XGBoost,-0.0525,0.09413902
2905,XGBoost,0.0731,0.13045178
2906,XGBoost,0.1575,0.24122629
2907,XGBoost,0.1224,0.1358655
2908,XGBoost,0.6519,0.58352286
2909,XGBoost,0.2109,0.19408669
2910,XGBoost,0.2305,0.11408226
2911,XGBoost,0.4973,0.53530645
2912,XGBoost,0.0522,0.028457498
2913,XGBoost,0.1025,0.07903345
2914,XGBoost,0.494,0.4122406
2915,XGBoost,0.3771,0.27581063
2916,XGBoost,0.0532,0.056289483
2917,XGBoost,-0.0039,-0.034751777
2918,XGBoost,-0.0468,-0.08174006
2919,XGBoost,0.3474,0.39663196
2920,XGBoost,0.3348,0.3527161
2921,XGBoost,0.096,0.13591717
2922,XGBoost,0.2047,0.29691365
2923,XGBoost,0.1487,0.31278142
2924,XGBoost,0.3968,0.36191043
2925,XGBoost,0.1393,0.099055514
2926,XGBoost,0.0373,0.061990418
2927,XGBoost,0.0595,0.021287203
2928,XGBoost,0.1507,0.24620724
2929,XGBoost,0.3371,0.40074483
2930,XGBoost,0.0646,0.17481679
2931,XGBoost,0.2739,0.24183571
2932,XGBoost,0.1617,0.14099722
2933,XGBoost,0.0773,0.06845594
2934,XGBoost,0.5016,0.38220087
2935,XGBoost,0.7514,0.650923
2936,XGBoost,0.3941,0.48166138
2937,XGBoost,0.0639,-0.010501465
2938,XGBoost,0.1032,0.1667822
2939,XGBoost,0.034,0.06201559
2940,XGBoost,0.4648,0.50705576
2941,XGBoost,0.1292,0.23572679
2942,XGBoost,0.0748,0.059976395
2943,XGBoost,0.5571,0.38082036
2944,XGBoost,0.3841,0.19730087
2945,XGBoost,0.7342,0.74785864
2946,XGBoost,0.2777,0.2700238
2947,XGBoost,0.1518,0.15299381
2948,XGBoost,0.2754,0.18112239
2949,XGBoost,0.351,0.2364779
2950,XGBoost,0.1627,0.107141376
2951,XGBoost,0.0476,0.17710307
2952,XGBoost,0.1803,0.25156337
2953,XGBoost,0.001,-0.05049053
2954,XGBoost,0.2471,0.19859408
2955,XGBoost,-0.0259,0.098913595
2956,XGBoost,0.3038,0.3384959
2957,XGBoost,0.3526,0.40660855
2958,XGBoost,0.4114,0.28687
2959,XGBoost,0.8326,0.83293027
2960,XGBoost,0.5686,0.50976247
2961,XGBoost,0.3817,0.37873656
2962,XGBoost,0.2909,0.1402916
2963,XGBoost,-0.0004,-0.003650867
2964,XGBoost,0.4612,0.26314571
2965,XGBoost,0.1945,0.18752448
2966,XGBoost,-0.0064,0.067005955
2967,XGBoost,-0.1578,-0.157688
2968,XGBoost,0.1332,0.109737664
2969,XGBoost,-0.2225,-0.26577327
2970,XGBoost,0.1706,0.11904362
2971,XGBoost,0.1249,0.18994398
2972,XGBoost,0.3952,0.38805377
2973,XGBoost,0.0501,0.064409465
2974,XGBoost,-0.0417,-0.008256943
2975,XGBoost,0.2336,0.25352105
2976,XGBoost,-0.0104,0.014076485
2977,XGBoost,0.0423,0.10050233
2978,XGBoost,0.2468,0.23001963
2979,XGBoost,0.7972,0.7354073
2980,XGBoost,-0.0754,-0.09917616
2981,XGBoost,0.1768,0.08239328
2982,XGBoost,0.0331,0.1304721
2983,XGBoost,0.349,0.33884826
2984,XGBoost,0.1351,0.20320547
2985,XGBoost,-0.0318,0.0063414588
2986,XGBoost,0.3173,0.33981958
2987,XGBoost,0.6903,0.61698854
2988,XGBoost,1.0198,0.95312977
2989,XGBoost,0.6015,0.5514602
2990,XGBoost,0.2088,0.18853214
2991,XGBoost,0.1859,0.08722639
2992,XGBoost,0.1461,0.061619457
2993,XGBoost,0.3376,0.1697342
2994,XGBoost,0.1203,0.17479189
2995,XGBoost,0.3384,0.34909225
2996,XGBoost,0.3399,0.22281577
2997,XGBoost,0.1993,0.14185245
2998,XGBoost,0.0457,0.13397494
2999,XGBoost,-0.072,0.029491046
3000,XGBoost,0.3183,0.24024637
3001,XGBoost,0.1977,0.22615072
3002,XGBoost,0.3407,0.19650608
3003,XGBoost,0.0959,0.11123379
3004,XGBoost,0.1344,0.15100014
3005,XGBoost,1.116,0.97091997
3006,XGBoost,0.0012,0.22761117
3007,XGBoost,-0.032,-0.05105354
3008,XGBoost,0.0125,0.06386537
3009,XGBoost,0.0428,0.057171702
3010,XGBoost,-0.0225,0.039481625
3011,XGBoost,0.2641,0.30354717
3012,XGBoost,0.0665,0.036304742
3013,XGBoost,0.812,0.6985087
3014,XGBoost,0.4073,0.3219416
3015,XGBoost,0.3601,0.27813292
3016,XGBoost,0.1684,0.17782824
3017,XGBoost,0.0668,0.076297544
3018,XGBoost,0.0622,0.08603899
3019,XGBoost,0.1732,0.18808566
3020,XGBoost,0.6512,0.71170837
3021,XGBoost,0.0296,0.02259627
3022,XGBoost,0.4594,0.4145547
3023,XGBoost,-0.0529,0.023211747
3024,XGBoost,-0.1511,-0.062489033
3025,XGBoost,0.1905,0.29102433
3026,XGBoost,0.4529,0.4152429
3027,XGBoost,0.065,0.12024566
3028,XGBoost,0.0903,0.11363805
3029,XGBoost,0.567,0.50528467
3030,XGBoost,0.1446,0.16306847
3031,XGBoost,-0.1101,-0.018725947
3032,XGBoost,0.2391,0.2510935
3033,XGBoost,0.3111,0.25941053
3034,XGBoost,0.3564,0.29630187
3035,XGBoost,0.1524,0.18894531
3036,XGBoost,0.3037,0.3211004
3037,XGBoost,0.2039,0.2761741
3038,XGBoost,0.1688,0.16392945
3039,XGBoost,0.0667,0.15580888
3040,XGBoost,0.065,0.052455373
3041,XGBoost,0.4168,0.297743
3042,XGBoost,0.2504,0.21760108
3043,XGBoost,0.3378,0.34918833
3044,XGBoost,0.2383,0.15758738
3045,XGBoost,0.4149,0.35300064
3046,XGBoost,0.2233,0.22435743
3047,XGBoost,0.1489,0.24849173
3048,XGBoost,-0.1265,0.018671207
3049,XGBoost,0.1119,0.16866304
3050,XGBoost,0.2301,0.25677192
3051,XGBoost,0.4027,0.20395055
3052,XGBoost,0.1859,0.19338565
3053,XGBoost,0.1359,0.15935327
3054,XGBoost,0.2019,0.15771292
3055,XGBoost,0.473,0.39214456
3056,XGBoost,0.373,0.15323201
3057,XGBoost,0.7679,0.85702336
3058,XGBoost,0.7296,0.56692415
3059,XGBoost,0.525,0.391432
3060,XGBoost,0.0748,0.10177901
3061,XGBoost,0.1301,0.13884126
3062,XGBoost,0.1936,0.2270023
3063,XGBoost,0.1093,0.19758847
3064,XGBoost,0.1363,0.10822916
3065,XGBoost,0.7056,0.69688267
3066,XGBoost,0.1997,0.40932083
3067,XGBoost,-0.0066,0.057492398
3068,XGBoost,0.2679,0.21806467
3069,XGBoost,0.109,0.1291242
3070,XGBoost,0.2212,0.26590055
3071,XGBoost,0.8021,0.686671
3072,XGBoost,0.3986,0.30350438
3073,XGBoost,0.2138,0.1300321
3074,XGBoost,0.6021,0.5699314
3075,XGBoost,0.0557,0.092327066
3076,XGBoost,0.643,0.6753965
3077,XGBoost,0.1144,0.25224715
3078,XGBoost,0.5098,0.54681104
3079,XGBoost,0.0597,0.1146011
3080,XGBoost,0.4467,0.42150122
3081,XGBoost,0.3538,0.3120698
3082,XGBoost,0.253,0.23261039
3083,XGBoost,0.4904,0.5414745
3084,XGBoost,0.1567,0.17160709
3085,XGBoost,0.536,0.48829252
3086,XGBoost,0.3107,0.38059133
3087,XGBoost,0.3635,0.41012225
3088,XGBoost,0.1915,0.42430416
3089,XGBoost,0.2688,0.30213377
3090,XGBoost,0.4026,0.16944063
3091,XGBoost,-0.1449,-0.19744572
3092,XGBoost,0.2329,0.20514229
3093,XGBoost,0.2307,0.2865793
3094,XGBoost,0.1961,0.20784011
3095,XGBoost,0.4937,0.47149613
3096,XGBoost,0.5188,0.44568577
3097,XGBoost,0.1087,0.11523236
3098,XGBoost,0.2592,0.21317339
3099,XGBoost,-0.0001,0.07571415
3100,XGBoost,0.5164,0.48526907
3101,XGBoost,0.2575,0.16321635
3102,XGBoost,0.7767,0.61349434
3103,XGBoost,0.2654,0.3054393
3104,XGBoost,0.8086,0.7312723
3105,XGBoost,0.2012,0.2946891
3106,XGBoost,0.4143,0.27175507
3107,XGBoost,0.4287,0.45659164
3108,XGBoost,0.3068,0.2834237
3109,XGBoost,0.1004,0.123585574
3110,XGBoost,0.0432,0.055243745
3111,XGBoost,0.0026,-0.06891946
3112,XGBoost,0.4618,0.3706083
3113,XGBoost,-0.0379,0.062448185
3114,XGBoost,0.16,0.11937285
3115,XGBoost,0.1129,0.23008388
3116,XGBoost,0.0983,0.11255603
3117,XGBoost,0.2667,0.2593974
3118,XGBoost,0.3638,0.27063835
3119,XGBoost,0.188,0.23840728
3120,XGBoost,0.0731,0.10791068
3121,XGBoost,0.237,0.2810102
3122,XGBoost,0.8496,0.76205164
3123,XGBoost,0.1039,0.10967989
3124,XGBoost,0.077,0.22731943
3125,XGBoost,0.1919,0.17270356
3126,XGBoost,0.1334,0.15468198
3127,XGBoost,0.5913,0.5425079
3128,XGBoost,0.2739,0.27859145
3129,XGBoost,-0.0012,0.038237784
3130,XGBoost,0.3474,0.39921096
3131,XGBoost,0.1156,0.14243658
3132,XGBoost,0.181,0.22635256
3133,XGBoost,0.3708,0.21977371
3134,XGBoost,0.5903,0.60457695
3135,XGBoost,0.1406,0.18419507
3136,XGBoost,0.052,0.07554662
3137,XGBoost,0.4092,0.29297793
3138,XGBoost,0.7462,0.6920729
3139,XGBoost,0.1965,0.21316968
3140,XGBoost,0.134,0.104761556
3141,XGBoost,-0.0432,-0.02071445
3142,XGBoost,0.7668,0.714939
3143,XGBoost,0.1089,0.14148515
3144,XGBoost,0.0966,0.16966914
3145,XGBoost,-0.0281,-0.05275955
3146,XGBoost,0.2637,0.1936842
3147,XGBoost,0.2676,0.26924786
3148,XGBoost,0.0641,0.04614739
3149,XGBoost,0.3679,0.3789678
3150,XGBoost,0.1104,0.16531791
3151,XGBoost,0.3658,0.35276383
3152,XGBoost,-0.0219,0.030407112
3153,XGBoost,0.3275,0.25504026
3154,XGBoost,0.1682,0.32695487
3155,XGBoost,0.6757,0.7035183
3156,XGBoost,0.132,0.083799966
3157,XGBoost,0.094,0.17576079
3158,XGBoost,0.2696,0.20033185
3159,XGBoost,0.8463,0.7512551
3160,XGBoost,0.7415,0.7054781
3161,XGBoost,0.4011,0.27513614
3162,XGBoost,-0.0832,0.055272985
3163,XGBoost,0.5934,0.5229489
3164,XGBoost,0.2312,0.1455427
3165,XGBoost,0.3181,0.31331182
3166,XGBoost,0.2114,0.24004948
3167,XGBoost,0.2494,0.2974713
3168,XGBoost,0.4243,0.4861733
3169,XGBoost,0.1994,0.13109507
3170,XGBoost,0.0444,0.11702932
3171,XGBoost,-0.0306,0.08225243
3172,XGBoost,0.1191,0.04523501
3173,XGBoost,-0.0247,-0.036898773
3174,XGBoost,0.1284,0.11610901
3175,XGBoost,0.0439,0.2647514
3176,XGBoost,0.6146,0.65709746
3177,XGBoost,-0.1272,-0.13503903
3178,XGBoost,0.011,0.021924697
3179,XGBoost,0.1329,0.13182233
3180,XGBoost,0.3416,0.24254477
3181,XGBoost,0.0102,0.21950324
3182,XGBoost,0.2188,0.19514126
3183,XGBoost,0.3535,0.35132593
3184,XGBoost,0.0208,0.038732767
3185,XGBoost,-0.0226,0.09850899
3186,XGBoost,0.4674,0.38061562
3187,XGBoost,0.4476,0.36426476
3188,XGBoost,0.0496,0.058702387
3189,XGBoost,0.0699,-0.01341819
3190,XGBoost,0.5009,0.5058405
3191,XGBoost,0.383,0.3905284
3192,XGBoost,0.1534,0.07302719
3193,XGBoost,0.0933,0.14586423
3194,XGBoost,0.0568,0.09462632
3195,XGBoost,0.0991,0.011019416
3196,XGBoost,0.0701,0.16078408
3197,XGBoost,0.1787,0.30253384
3198,XGBoost,0.3846,0.2515886
3199,XGBoost,-0.1014,-0.09620563
3200,XGBoost,0.5025,0.48791832
3201,XGBoost,0.1353,0.16887416
3202,XGBoost,0.4225,0.36725184
3203,XGBoost,0.096,0.03918245
3204,XGBoost,0.1939,0.1236465
3205,XGBoost,-0.1599,-0.17123322
3206,XGBoost,0.1196,0.19185072
3207,XGBoost,-0.0186,0.0030295139
3208,XGBoost,0.3634,0.37236837
3209,XGBoost,0.2477,0.21971786
3210,XGBoost,0.0576,0.090392664
3211,XGBoost,0.0585,0.03807543
3212,XGBoost,0.2514,0.15624897
3213,XGBoost,0.18,0.24984983
3214,XGBoost,0.2688,0.18022496
3215,XGBoost,0.3999,0.28741968
3216,XGBoost,0.3508,0.27045378
3217,XGBoost,0.2449,0.2045589
3218,XGBoost,0.9078,0.8888746
3219,XGBoost,0.3642,0.30840012
3220,XGBoost,0.2055,0.12311825
3221,XGBoost,0.2434,0.17135134
3222,XGBoost,0.0596,0.1466421
3223,XGBoost,0.142,0.21475862
3224,XGBoost,0.2461,0.19858971
3225,XGBoost,0.2262,0.1750713
3226,XGBoost,0.2009,0.23964226
3227,XGBoost,0.1282,0.075732954
3228,XGBoost,0.0832,0.094476596
3229,XGBoost,0.1574,0.08198163
3230,XGBoost,0.602,0.6610599
3231,XGBoost,0.1021,0.13418555
3232,XGBoost,0.1541,0.13563168
3233,XGBoost,-0.0436,0.28892943
3234,XGBoost,0.0549,0.037885353
3235,XGBoost,0.4987,0.41916603
3236,XGBoost,0.4339,0.38294935
3237,XGBoost,0.3403,0.37001225
3238,XGBoost,0.1667,0.119231135
3239,XGBoost,0.2684,0.30904272
3240,XGBoost,0.1164,0.050149333
3241,XGBoost,0.8516,0.6782689
3242,XGBoost,0.0576,0.08685258
3243,XGBoost,0.1006,0.02577783
3244,XGBoost,0.16,0.25098497
3245,XGBoost,0.1729,0.121366456
3246,XGBoost,0.1221,0.13477835
3247,XGBoost,-0.0683,-0.05460572
3248,XGBoost,0.0299,0.011548723
3249,XGBoost,0.072,0.13787039
3250,XGBoost,0.327,0.37172338
3251,XGBoost,-0.0099,0.025822446
3252,XGBoost,0.5201,0.2927114
3253,XGBoost,0.0754,0.13128036
3254,XGBoost,0.1612,0.20185688
3255,XGBoost,0.2095,0.21663907
3256,XGBoost,0.1619,0.1313473
3257,XGBoost,0.1429,0.12643416
3258,XGBoost,0.7818,0.7323498
3259,XGBoost,0.2033,0.168844
3260,XGBoost,0.5158,0.07730009
3261,XGBoost,0.442,0.33823267
3262,XGBoost,0.2076,0.16611953
3263,XGBoost,0.2299,0.04752266
3264,XGBoost,-0.1343,-0.017371815
3265,XGBoost,0.3973,0.24365768
3266,XGBoost,0.3604,0.3461017
3267,XGBoost,0.4247,0.40491587
3268,XGBoost,0.2449,0.22167592
3269,XGBoost,0.2551,0.23942544
3270,XGBoost,0.4912,0.25878412
3271,XGBoost,0.079,0.16791116
3272,XGBoost,-0.0562,0.039979417
3273,XGBoost,0.1278,0.2052607
3274,XGBoost,0.0876,0.108431615
3275,XGBoost,0.0201,0.09401214
3276,XGBoost,0.1311,0.16665861
3277,XGBoost,0.1661,0.16132756
3278,XGBoost,0.0573,0.12599261
3279,XGBoost,-0.0154,-0.0746761
3280,XGBoost,-0.1227,-0.050695922
3281,XGBoost,0.1431,0.27119377
3282,XGBoost,0.1698,0.22831614
3283,XGBoost,0.28,0.2955373
3284,XGBoost,0.0619,-0.0067193946
3285,XGBoost,0.0299,0.11655326
3286,XGBoost,-0.118,0.048933394
3287,XGBoost,-0.1557,-0.06821792
3288,XGBoost,0.558,0.53611714
3289,XGBoost,0.5502,0.47973484
3290,XGBoost,0.2097,0.17914985
3291,XGBoost,0.0531,0.11923356
3292,XGBoost,-0.138,-0.07011146
3293,XGBoost,0.1359,0.18701164
3294,XGBoost,0.1406,0.1383876
3295,XGBoost,0.0288,0.032098096
3296,XGBoost,0.1586,0.045899633
3297,XGBoost,-0.0963,-0.08530483
3298,XGBoost,0.2686,0.15457368
3299,XGBoost,0.7435,0.6525355
3300,XGBoost,-0.0387,-0.031626176
3301,XGBoost,0.1107,0.116238035
3302,XGBoost,0.8116,0.69434
3303,XGBoost,0.2259,0.26578888
3304,XGBoost,0.8793,0.8271203
3305,XGBoost,0.0675,0.051498655
3306,XGBoost,0.091,0.10580816
3307,XGBoost,0.1391,0.34665203
3308,XGBoost,0.1889,0.12429952
3309,XGBoost,0.0667,0.11772546
3310,XGBoost,0.1976,0.22736263
3311,XGBoost,0.0444,0.03675387
3312,XGBoost,0.1462,0.122210234
3313,XGBoost,0.2989,0.2855628
3314,XGBoost,0.016,0.0013486691
3315,XGBoost,0.152,0.091686
3316,XGBoost,0.0268,-0.0051572574
3317,XGBoost,0.2714,0.17746012
3318,XGBoost,0.1718,0.16073139
3319,XGBoost,0.0326,0.070290685
3320,XGBoost,0.1275,0.23657857
3321,XGBoost,0.2503,0.29093114
3322,XGBoost,0.0235,0.0663241
3323,XGBoost,0.2183,0.25212014
3324,XGBoost,0.4182,0.44449604
3325,XGBoost,0.1785,0.16626967
3326,XGBoost,0.1968,0.1668715
3327,XGBoost,-0.0389,-0.031408016
3328,XGBoost,-0.0369,0.02157952
3329,XGBoost,0.1474,0.14776105
3330,XGBoost,0.0826,0.11196792
3331,XGBoost,0.2632,0.22671975
3332,XGBoost,0.6335,0.5479707
3333,XGBoost,0.4473,0.3636266
3334,XGBoost,0.0067,0.10569243
3335,XGBoost,0.3347,0.2311726
3336,XGBoost,0.1941,0.0663694
3337,XGBoost,0.2748,0.21804297
3338,XGBoost,0.2408,0.2504829
3339,XGBoost,0.1541,0.1643993
3340,XGBoost,0.9762,0.85066336
3341,XGBoost,0.2449,0.1492218
3342,XGBoost,0.3096,0.12054404
3343,XGBoost,0.4709,0.43378252
3344,XGBoost,0.0738,0.14669614
3345,XGBoost,0.3729,0.36293057
3346,XGBoost,0.2929,0.24106196
3347,XGBoost,0.2724,0.21699345
3348,XGBoost,0.5796,0.5529261
3349,XGBoost,-0.0205,-0.011615701
3350,XGBoost,0.0404,0.12766165
3351,XGBoost,0.2824,0.25168374
3352,XGBoost,-0.0174,0.10046652
3353,XGBoost,0.6115,0.52767766
3354,XGBoost,0.4432,0.30740213
3355,XGBoost,0.095,0.14388204
3356,XGBoost,-0.0051,0.0739175
3357,XGBoost,-0.0358,-0.01678347
3358,XGBoost,0.8023,0.83837795
3359,XGBoost,0.4203,0.33242738
3360,XGBoost,0.2752,0.30331495
3361,XGBoost,0.3164,0.23835167
3362,XGBoost,0.3154,0.28833368
3363,XGBoost,0.4061,0.35675743
3364,XGBoost,0.0607,0.03368524
3365,XGBoost,0.1046,0.17969511
3366,XGBoost,-0.0606,0.1663235
3367,XGBoost,0.3355,0.25513306
3368,XGBoost,0.2311,0.24221972
3369,XGBoost,0.2858,0.22447844
3370,XGBoost,0.1502,0.12826203
3371,XGBoost,0.0859,0.14307494
3372,XGBoost,0.0155,-0.030144723
3373,XGBoost,0.2385,0.23929814
3374,XGBoost,0.099,0.116154395
3375,XGBoost,-0.2022,-0.076718375
3376,XGBoost,0.1593,0.24897638
3377,XGBoost,-0.022,0.022324294
3378,XGBoost,0.0459,0.055839624
3379,XGBoost,0.209,0.24599817
3380,XGBoost,0.1435,0.10987736
3381,XGBoost,0.0837,0.14579949
3382,XGBoost,-0.051,-0.05072095
3383,XGBoost,0.1602,0.19232036
3384,XGBoost,0.773,0.7569657
3385,XGBoost,0.2552,0.06896443
3386,XGBoost,0.0781,0.11994421
3387,XGBoost,0.2485,0.26349336
3388,XGBoost,0.3259,0.21168597
3389,XGBoost,0.2573,0.27627563
3390,XGBoost,0.0783,0.077969626
3391,XGBoost,0.0179,0.11676264
3392,XGBoost,0.3722,0.25389406
3393,XGBoost,-0.0088,0.086022526
3394,XGBoost,0.5566,0.4735944
3395,XGBoost,0.1077,0.043870818
3396,XGBoost,-0.0944,-0.06405915
3397,XGBoost,0.3302,0.5893474
3398,XGBoost,0.2083,0.42048708
3399,XGBoost,0.105,0.07484086
3400,XGBoost,-0.0116,0.06404769
3401,XGBoost,0.2101,0.24073999
3402,XGBoost,-0.1705,-0.20056652
3403,XGBoost,0.1465,0.1319011
3404,XGBoost,0.011,0.05918221
3405,XGBoost,0.5119,0.5375622
3406,XGBoost,0.1776,0.35608894
3407,XGBoost,0.0397,0.048059877
3408,XGBoost,0.3828,0.39579555
3409,XGBoost,0.3046,0.27464944
3410,XGBoost,-0.066,-0.004767682
3411,XGBoost,0.0972,0.37166038
3412,XGBoost,0.5548,0.2978658
3413,XGBoost,0.5673,0.55720556
3414,XGBoost,0.097,0.10443688
3415,XGBoost,0.303,0.22220899
3416,XGBoost,0.3407,0.31453568
3417,XGBoost,0.5083,0.4361883
3418,XGBoost,0.3753,0.21869008
3419,XGBoost,0.0729,0.10333668
3420,XGBoost,0.5045,0.4377406
3421,XGBoost,0.244,0.29406875
3422,XGBoost,0.1226,0.2898416
3423,XGBoost,0.0804,0.25217494
3424,XGBoost,0.7252,0.61807984
3425,XGBoost,0.2695,0.24416849
3426,XGBoost,0.2169,0.25602266
3427,XGBoost,0.2102,0.30607924
3428,XGBoost,0.974,0.87906736
3429,XGBoost,0.0688,-0.021582082
3430,XGBoost,0.1366,0.15986194
3431,XGBoost,0.1717,0.15523082
3432,XGBoost,0.0191,0.08341933
3433,XGBoost,0.538,0.48099962
3434,XGBoost,0.4075,0.30924845
3435,XGBoost,0.1275,0.042080455
3436,XGBoost,0.0501,0.037687276
3437,XGBoost,0.2563,0.2049847
3438,XGBoost,0.9826,0.8362706
3439,XGBoost,0.0246,0.06091744
3440,XGBoost,-0.0682,-0.077738315
3441,XGBoost,-0.0277,0.0759269
3442,XGBoost,0.0376,0.22996539
3443,XGBoost,0.1666,0.15576121
3444,XGBoost,0.1399,0.12510136
3445,XGBoost,1.0274,0.5761411
3446,XGBoost,0.1428,0.1921517
3447,XGBoost,0.0236,0.10777502
3448,XGBoost,0.064,0.049760133
3449,XGBoost,0.4233,0.44252688
3450,XGBoost,0.6393,0.5596001
3451,XGBoost,0.3216,0.27854815
3452,XGBoost,-0.0694,-0.06629368
3453,XGBoost,0.0635,0.03376532
3454,XGBoost,0.2211,0.3354806
3455,XGBoost,0.2503,0.20364057
3456,XGBoost,0.3391,0.3698005
3457,XGBoost,0.0717,0.12071347
3458,XGBoost,0.5521,0.46765703
3459,XGBoost,0.0696,0.09272058
3460,XGBoost,-0.0872,-0.038651187
3461,XGBoost,0.0945,0.17793007
3462,XGBoost,0.2557,0.25694993
3463,XGBoost,0.2183,0.36200303
3464,XGBoost,0.3217,0.45512718
3465,XGBoost,0.4158,0.39793116
3466,XGBoost,0.2957,0.3311917
3467,XGBoost,0.2495,0.26915526
3468,XGBoost,0.2327,0.14804102
3469,XGBoost,0.6501,0.55997336
3470,XGBoost,0.1581,0.102121934
3471,XGBoost,-0.0835,-0.0753269
3472,XGBoost,0.0654,0.012881016
3473,XGBoost,0.197,0.14670205
3474,XGBoost,0.3412,0.22401208
3475,XGBoost,0.1847,0.1646752
3476,XGBoost,0.3729,0.34990326
3477,XGBoost,0.0323,0.033952072
3478,XGBoost,0.0401,0.09525906
3479,XGBoost,0.1231,0.1188275
3480,XGBoost,0.1799,0.15559776
3481,XGBoost,0.0995,0.17734413
3482,XGBoost,0.2019,0.21743327
3483,XGBoost,0.1524,0.16536178
3484,XGBoost,0.431,0.44087505
3485,XGBoost,0.1017,0.06631758
3486,XGBoost,0.7398,0.73374575
3487,XGBoost,0.1535,0.16870376
3488,XGBoost,0.0207,0.097816534
3489,XGBoost,0.4505,0.41898245
3490,XGBoost,0.3056,0.24177441
3491,XGBoost,-0.0474,-0.042204518
3492,XGBoost,0.1515,0.12752405
3493,XGBoost,0.0776,0.109710164
3494,XGBoost,0.1822,0.2062793
3495,XGBoost,0.0526,0.18915923
3496,XGBoost,0.1324,0.097248375
3497,XGBoost,0.4235,0.392346
3498,XGBoost,0.0804,0.06746683
3499,XGBoost,0.4589,0.46691635
3500,XGBoost,0.0891,0.027482662
3501,XGBoost,0.5389,0.51436836
3502,XGBoost,0.1798,0.16842362
3503,XGBoost,0.4174,0.34536752
3504,XGBoost,0.2342,0.14176053
3505,XGBoost,0.1806,0.13090451
3506,XGBoost,0.276,0.31782013
3507,XGBoost,0.1507,0.18064797
3508,XGBoost,0.166,0.074531145
3509,XGBoost,0.3293,0.24618864
3510,XGBoost,0.3523,0.3473472
3511,XGBoost,0.2044,0.21762797
3512,XGBoost,0.3894,0.4040497
3513,XGBoost,0.2867,0.33131278
3514,XGBoost,0.1079,0.07448245
3515,XGBoost,0.5068,0.46289834
3516,XGBoost,0.751,0.6923472
3517,XGBoost,0.4098,0.3895146
3518,XGBoost,0.3285,0.27225843
3519,XGBoost,-0.0824,0.061608493
3520,XGBoost,0.3485,0.33790568
3521,XGBoost,0.6974,0.68241477
3522,XGBoost,0.1694,0.090668574
3523,XGBoost,-0.3119,0.09545092
3524,XGBoost,-0.0031,0.036506183
3525,XGBoost,0.2454,0.29155058
3526,XGBoost,0.7885,0.81229013
3527,XGBoost,0.5902,0.66481346
3528,XGBoost,0.5612,0.3895242
3529,XGBoost,0.1329,0.08997531
3530,XGBoost,0.3072,0.19481985
3531,XGBoost,0.7062,0.51656485
3532,XGBoost,0.3474,0.27653673
3533,XGBoost,0.2665,0.33622476
3534,XGBoost,0.4367,0.35959116
3535,XGBoost,0.1662,0.17635801
3536,XGBoost,0.0353,0.025280464
3537,XGBoost,-0.1818,-0.0855359
3538,XGBoost,0.3656,0.27982613
3539,XGBoost,0.1932,0.213696
3540,XGBoost,0.058,0.10324874
3541,XGBoost,0.09,0.07389336
3542,XGBoost,0.0503,0.05686209
3543,XGBoost,0.4023,0.26425508
3544,XGBoost,-0.0064,0.080300055
3545,XGBoost,0.553,0.50082994
3546,XGBoost,0.504,0.49106255
3547,XGBoost,0.8109,0.68171453
3548,XGBoost,0.1264,0.28968272
3549,XGBoost,0.1614,0.11288102
3550,XGBoost,0.4891,0.50284094
3551,XGBoost,0.0395,0.07521709
3552,XGBoost,-0.1119,-0.052832406
3553,XGBoost,0.1622,0.15369196
3554,XGBoost,0.5764,0.45431224
3555,XGBoost,-0.0684,0.0015731978
3556,XGBoost,0.1454,0.18913218
3557,XGBoost,0.0799,-0.0072436747
3558,XGBoost,0.2497,0.19306526
3559,XGBoost,0.1818,0.22793774
3560,XGBoost,0.284,0.16623257
3561,XGBoost,-0.1644,0.013748685
3562,XGBoost,0.1897,0.19039923
3563,XGBoost,0.3775,0.28205386
3564,XGBoost,0.1648,0.2047748
3565,XGBoost,0.7259,0.6438653
3566,XGBoost,0.1479,0.14005905
3567,XGBoost,0.5309,0.40882927
3568,XGBoost,0.1578,0.07838487
3569,XGBoost,0.3226,0.3752087
3570,XGBoost,0.268,0.29066184
3571,XGBoost,0.1174,0.14364111
3572,XGBoost,0.2919,0.35324475
3573,XGBoost,0.0138,0.12377493
3574,XGBoost,0.3971,0.3070009
3575,XGBoost,0.2218,0.08583384
3576,XGBoost,0.138,0.10790978
3577,XGBoost,0.5182,0.56514156
3578,XGBoost,0.2542,0.30287793
3579,XGBoost,0.1709,0.13559736
3580,XGBoost,0.6848,0.575334
3581,XGBoost,0.141,0.21041378
3582,XGBoost,0.2384,0.2594586
3583,XGBoost,0.2414,0.21338369
3584,XGBoost,0.36,0.41663203
3585,XGBoost,-0.0427,0.031139694
3586,XGBoost,0.07,0.092366666
3587,XGBoost,0.3388,0.30507734
3588,XGBoost,0.1658,0.12978728
3589,XGBoost,0.0475,0.15706658
3590,XGBoost,0.5908,0.52243847
3591,XGBoost,-0.1709,-0.1945082
3592,XGBoost,0.1691,0.07139583
3593,XGBoost,0.1656,0.08746369
3594,XGBoost,0.1224,0.0966215
3595,XGBoost,0.1994,0.18477623
3596,XGBoost,0.1669,0.22142649
3597,XGBoost,-0.0821,-0.037381895
3598,XGBoost,0.6186,0.53467894
3599,XGBoost,0.0179,0.08796
3600,XGBoost,0.1375,0.21333294
3601,XGBoost,0.5903,0.4916537
3602,XGBoost,0.3467,0.27556372
3603,XGBoost,-0.0263,0.01667494
3604,XGBoost,0.4109,0.3612775
3605,XGBoost,0.6916,0.7255695
3606,XGBoost,0.416,0.28060266
3607,XGBoost,0.3132,0.2484554
3608,XGBoost,-0.0458,-0.007674351
3609,XGBoost,0.4565,0.21578917
3610,XGBoost,0.0065,0.054404836
3611,XGBoost,0.0602,0.03174003
3612,XGBoost,0.1123,0.16102004
3613,XGBoost,0.4229,0.33618256
3614,XGBoost,0.0637,0.08570696
3615,XGBoost,0.4661,0.48474926
3616,XGBoost,0.1544,0.14924484
3617,XGBoost,0.2668,0.23543096
3618,XGBoost,0.078,0.08867819
3619,XGBoost,0.5381,0.49984503
3620,XGBoost,0.2018,0.13955389
3621,XGBoost,0.419,0.39029175
3622,XGBoost,0.7334,0.5684581
3623,XGBoost,0.2755,0.21047388
3624,XGBoost,0.2632,0.22531891
3625,XGBoost,0.1449,0.14509931
3626,XGBoost,0.0531,0.2124363
3627,XGBoost,0.3051,0.38504332
3628,XGBoost,0.2991,0.26774135
3629,XGBoost,-0.0328,-0.067631416
3630,XGBoost,0.1456,0.14380002
3631,XGBoost,0.9045,0.8350033
3632,XGBoost,0.046,0.11337124
3633,XGBoost,0.3297,0.20253602
3634,XGBoost,0.0507,0.068597846
3635,XGBoost,0.1903,0.23193397
3636,XGBoost,0.305,0.28949183
3637,XGBoost,0.2131,0.22453605
3638,XGBoost,0.9545,0.79136693
3639,XGBoost,0.2816,0.35227838
3640,XGBoost,0.2306,0.21824315
3641,XGBoost,0.3441,0.3920611
3642,XGBoost,0.2367,0.19974767
3643,XGBoost,0.2614,0.17244717
3644,XGBoost,0.1789,0.24252479
3645,XGBoost,0.2887,0.27850953
3646,XGBoost,-0.0046,0.07602385
3647,XGBoost,0.0095,0.013838711
3648,XGBoost,0.4523,0.26035082
3649,XGBoost,0.3158,0.18418582
3650,XGBoost,0.0769,0.07399216
3651,XGBoost,0.169,0.26068974
3652,XGBoost,0.0997,0.17986499
3653,XGBoost,0.0174,0.1283358
3654,XGBoost,0.3583,0.39309022
3655,XGBoost,0.0927,0.10783498
3656,XGBoost,0.4224,0.39646763
3657,XGBoost,0.0782,0.14952655
3658,XGBoost,-0.0229,-0.06861354
3659,XGBoost,0.0466,0.12673563
3660,XGBoost,0.5079,0.4810789
3661,XGBoost,0.1812,0.18569183
3662,XGBoost,0.3764,0.3106579
3663,XGBoost,0.3031,0.31113154
3664,XGBoost,0.4124,0.42622304
3665,XGBoost,0.0257,0.083325855
3666,XGBoost,0.2553,0.18715124
3667,XGBoost,0.7995,0.8530729
3668,XGBoost,-0.0158,0.11142317
3669,XGBoost,0.2759,0.28201404
3670,XGBoost,0.0193,0.022898987
3671,XGBoost,0.0859,0.18813027
3672,XGBoost,0.0331,0.09328524
3673,XGBoost,-0.0519,-0.06764449
3674,XGBoost,0.8559,0.799576
3675,XGBoost,0.1119,0.13016784
3676,XGBoost,0.2068,0.14088506
3677,XGBoost,0.2854,0.198086
3678,XGBoost,0.3019,0.23431648
3679,XGBoost,0.5524,0.5497319
3680,XGBoost,0.0293,0.012325217
3681,XGBoost,0.2448,0.30856192
3682,XGBoost,0.2051,0.16566448
3683,XGBoost,0.3151,0.35884467
3684,XGBoost,-0.0376,0.07842401
3685,XGBoost,0.3825,0.40080574
3686,XGBoost,0.0664,0.30045566
3687,XGBoost,0.4325,0.11819927
3688,XGBoost,0.6083,0.65839756
3689,XGBoost,0.1179,0.124384254
3690,XGBoost,0.5172,0.50078875
3691,XGBoost,0.2364,0.18933235
3692,XGBoost,0.2215,0.18348764
3693,XGBoost,0.4638,0.44775623
3694,XGBoost,0.7501,0.82876647
3695,XGBoost,-0.0333,-0.012223106
3696,XGBoost,0.4086,0.47494927
3697,XGBoost,0.4016,0.42941508
3698,XGBoost,0.1283,0.12775816
3699,XGBoost,0.3067,0.2588054
3700,XGBoost,0.286,0.33331126
3701,XGBoost,0.1674,0.17074895
3702,XGBoost,0.1877,0.19265756
3703,XGBoost,-0.1442,-0.13833599
3704,XGBoost,0.3073,0.1323459
3705,XGBoost,0.1844,0.22176614
3706,XGBoost,0.2551,0.26755458
3707,XGBoost,-0.0947,-0.11262473
3708,XGBoost,0.1855,0.16629148
3709,XGBoost,-0.0191,-0.020890074
3710,XGBoost,0.4872,0.4907156
3711,XGBoost,0.1302,0.12300636
3712,XGBoost,0.0342,0.13141835
3713,XGBoost,0.3516,0.27796778
3714,XGBoost,0.2912,0.1995822
3715,XGBoost,0.0398,0.17506625
3716,XGBoost,0.0433,0.087999664
3717,XGBoost,0.1345,0.058757033
3718,XGBoost,0.2355,0.24173132
3719,XGBoost,0.5646,0.5951902
3720,XGBoost,0.3734,0.31655794
3721,XGBoost,-0.1017,-0.04498581
3722,XGBoost,0.1619,0.077421956
3723,XGBoost,0.4155,0.35276797
3724,XGBoost,-0.1369,0.0377368
3725,XGBoost,-0.1773,0.029704522
3726,XGBoost,0.256,0.13819441
3727,XGBoost,0.2411,0.16792561
3728,XGBoost,0.1399,0.10862023
3729,XGBoost,0.3377,0.2802984
3730,XGBoost,0.4026,0.27091005
3731,XGBoost,0.1185,0.09670092
3732,XGBoost,0.0412,0.06923564
3733,XGBoost,0.4743,0.48320314
3734,XGBoost,-0.0943,-0.052285008
3735,XGBoost,0.5602,0.55034816
3736,XGBoost,0.6414,0.54190457
3737,XGBoost,0.025,0.10593026
3738,XGBoost,0.4345,0.46848986
3739,XGBoost,0.2413,0.14786182
3740,XGBoost,0.1842,0.23572308
3741,XGBoost,0.1482,0.041327782
3742,XGBoost,0.2116,0.17396322
3743,XGBoost,0.1809,0.05084517
3744,XGBoost,0.0008,-0.036945153
3745,XGBoost,0.2981,0.25866014
3746,XGBoost,0.2653,0.27878028
3747,XGBoost,0.2644,0.2044965
3748,XGBoost,-0.1238,-0.049828753
3749,XGBoost,0.5212,0.5033544
3750,XGBoost,0.1893,0.14919852
3751,XGBoost,0.1744,0.19134937
3752,XGBoost,0.1177,0.16250956
3753,XGBoost,0.0587,0.047044657
3754,XGBoost,1.0595,1.0965959
3755,XGBoost,0.6588,0.5860818
3756,XGBoost,0.1134,0.07814391
3757,XGBoost,0.1998,0.12859052
3758,XGBoost,0.3285,0.2849345
3759,XGBoost,0.1102,0.12647727
3760,XGBoost,0.4175,0.3587309
3761,XGBoost,0.251,0.13827533
3762,XGBoost,0.0609,0.08580113
3763,XGBoost,0.1804,0.18811446
3764,XGBoost,0.106,0.058865264
3765,XGBoost,0.1712,0.18761809
3766,XGBoost,0.187,0.20221102
3767,XGBoost,0.0654,0.06373129
3768,XGBoost,0.3935,0.3353318
3769,XGBoost,0.0958,0.029650837
3770,XGBoost,0.0533,0.08026808
3771,XGBoost,0.0653,0.10010723
3772,XGBoost,0.3742,0.44976264
3773,XGBoost,1.0304,0.7979779
3774,XGBoost,0.1741,0.0697344
3775,XGBoost,0.5572,0.5582841
3776,XGBoost,0.2254,0.19679102
3777,XGBoost,-0.0512,-0.012206663
3778,XGBoost,-0.2296,-0.23607239
3779,XGBoost,0.4832,0.4832484
3780,XGBoost,-0.1329,-0.03338498
3781,XGBoost,0.4785,0.36434096
3782,XGBoost,0.3743,0.33414444
3783,XGBoost,-0.0072,0.0706066
3784,XGBoost,0.1332,0.24070422
3785,XGBoost,0.3787,0.4305613
3786,XGBoost,0.3253,0.32324114
3787,XGBoost,0.2476,0.159869
3788,XGBoost,-0.0354,-0.021189932
3789,XGBoost,0.32,0.33568567
3790,XGBoost,0.1484,0.14162819
3791,XGBoost,-0.0343,0.06888228
3792,XGBoost,0.277,0.2585484
3793,XGBoost,0.2425,0.25962192
3794,XGBoost,-0.0985,-0.07085567
3795,XGBoost,0.2451,0.17380357
3796,XGBoost,0.134,-0.045634914
3797,XGBoost,0.074,0.11924984
3798,XGBoost,0.0589,0.112583436
3799,XGBoost,0.1314,0.1183246
3800,XGBoost,0.0602,0.0728368
3801,XGBoost,0.3729,0.35156918
3802,XGBoost,0.253,0.19954257
3803,XGBoost,0.219,0.23050058
3804,XGBoost,0.0739,0.086230926
3805,XGBoost,0.1459,0.20168805
3806,XGBoost,0.1405,0.10798596
3807,XGBoost,0.7486,0.6674085
3808,XGBoost,0.1717,0.27729514
3809,XGBoost,0.1838,0.1458607
3810,XGBoost,0.2001,0.15212509
3811,XGBoost,0.7292,0.7071119
3812,XGBoost,0.3412,0.23420282
3813,XGBoost,-0.0155,0.11894985
3814,XGBoost,1.1252,1.1365689
3815,XGBoost,0.0705,0.09082077
3816,XGBoost,0.0418,0.03226263
3817,XGBoost,-0.1063,-0.02205683
3818,XGBoost,0.2312,0.22947904
3819,XGBoost,0.7003,0.7071401
3820,XGBoost,0.1056,0.0692097
3821,XGBoost,0.3689,0.30192304
3822,XGBoost,-0.1143,0.012813604
3823,XGBoost,0.1096,0.1545191
3824,XGBoost,0.0644,0.0951168
3825,XGBoost,0.6392,0.6105281
3826,XGBoost,0.0918,0.08776308
3827,XGBoost,0.0655,0.0105960565
3828,XGBoost,0.3044,0.33315426
3829,XGBoost,0.3341,0.28131604
3830,XGBoost,0.0544,0.11363941
3831,XGBoost,0.3984,0.3753906
3832,XGBoost,0.0921,0.10362878
3833,XGBoost,0.6543,0.55054605
3834,XGBoost,0.4395,0.4773872
3835,XGBoost,0.0618,0.053698923
3836,XGBoost,0.2641,0.17865041
3837,XGBoost,0.1596,0.13394442
3838,XGBoost,0.4902,0.4740305
3839,XGBoost,0.4631,0.32999086
3840,XGBoost,0.3601,0.35768422
3841,XGBoost,0.0105,0.06982567
3842,XGBoost,0.0005,0.06567623
3843,XGBoost,-0.1412,-0.08020426
3844,XGBoost,0.1391,0.16356525
3845,XGBoost,0.0419,-0.0092131235
3846,XGBoost,0.1369,0.114949174
3847,XGBoost,0.2581,0.22029687
3848,XGBoost,0.1817,0.23619574
3849,XGBoost,0.2312,0.25646693
3850,XGBoost,0.2055,0.21284913
3851,XGBoost,0.1994,0.24014628
3852,XGBoost,0.5643,0.4598722
3853,XGBoost,0.4813,0.37673834
3854,XGBoost,0.0856,0.050840598
3855,XGBoost,0.1119,0.12177965
3856,XGBoost,-0.011,-0.018570513
3857,XGBoost,0.6037,0.48741683
3858,XGBoost,0.1687,0.24151829
3859,XGBoost,0.2807,0.19903585
3860,XGBoost,0.3666,0.43061298
3861,XGBoost,0.3727,0.25634202
3862,XGBoost,0.9155,0.6545429
3863,XGBoost,0.3328,0.27316195
3864,XGBoost,-0.0481,-0.03392421
3865,XGBoost,0.0562,0.062121592
3866,XGBoost,0.3227,0.28413388
3867,XGBoost,0.3441,0.3463795
3868,XGBoost,0.109,0.09333343
3869,XGBoost,0.1845,0.192527
3870,XGBoost,0.8216,0.794361
3871,XGBoost,0.192,0.1945046
3872,XGBoost,0.1581,0.11251689
3873,XGBoost,0.0141,0.35445148
3874,XGBoost,0.2245,0.24932356
3875,XGBoost,0.1141,0.23733227
3876,XGBoost,0.6332,0.6479703
3877,XGBoost,0.3853,0.37269473
3878,XGBoost,0.3859,0.33698466
3879,XGBoost,0.0067,0.099729486
3880,XGBoost,0.1439,0.15815303
3881,XGBoost,0.1776,0.1779825
3882,XGBoost,0.5041,0.48982692
3883,XGBoost,0.0134,0.23312208
3884,XGBoost,0.2035,0.16536854
3885,XGBoost,0.2006,0.25565183
3886,XGBoost,0.2101,0.20973636
3887,XGBoost,0.2382,0.2411798
3888,XGBoost,0.4777,0.46061727
3889,XGBoost,0.612,0.541648
3890,XGBoost,0.2098,0.24305536
3891,XGBoost,0.0809,0.15074338
3892,XGBoost,0.0901,0.09139702
3893,XGBoost,0.1981,0.2366269
3894,XGBoost,0.174,0.2336129
3895,XGBoost,0.3087,0.20884715
3896,XGBoost,-0.0632,0.15405051
3897,XGBoost,0.3858,0.3204611
3898,XGBoost,0.0589,0.040635478
3899,XGBoost,0.3656,0.16945615
3900,XGBoost,0.2931,0.1261631
3901,XGBoost,0.2546,0.19229428
3902,XGBoost,0.1835,0.18860824
3903,XGBoost,-0.0613,0.16992263
3904,XGBoost,0.1331,0.40373015
3905,XGBoost,0.3016,0.27673087
3906,XGBoost,0.2408,0.28837645
3907,XGBoost,0.275,0.26948005
3908,XGBoost,0.616,0.5721154
3909,XGBoost,0.6724,0.5933794
3910,XGBoost,0.1178,0.14289586
3911,XGBoost,0.1716,0.13893709
3912,XGBoost,0.6781,0.7441527
3913,XGBoost,0.1301,0.15490082
3914,XGBoost,0.4894,0.45843688
3915,XGBoost,0.3506,0.3030855
3916,XGBoost,0.3536,0.30261993
3917,XGBoost,0.3403,0.28876752
3918,XGBoost,0.5063,0.24560532
3919,XGBoost,0.4601,0.57280815
3920,XGBoost,0.0225,0.083781786
3921,XGBoost,0.792,0.71151245
3922,XGBoost,0.7097,0.75385904
3923,XGBoost,0.3095,0.31995365
3924,XGBoost,0.3484,0.21618487
3925,XGBoost,0.2324,0.18932882
3926,XGBoost,0.2337,0.2187538
3927,XGBoost,0.1111,0.084608115
3928,XGBoost,0.2707,0.19631042
3929,XGBoost,0.1897,0.13991392
3930,XGBoost,0.8078,0.8290932
3931,XGBoost,0.086,0.036341473
3932,XGBoost,0.5331,0.5680449
3933,XGBoost,-0.0477,-0.04294088
3934,XGBoost,0.215,0.28186533
3935,XGBoost,0.0252,0.033063177
3936,XGBoost,0.2596,0.25775474
3937,XGBoost,-0.1229,0.10383168
3938,XGBoost,0.2592,0.27048403
3939,XGBoost,0.4042,0.29346377
3940,XGBoost,0.498,0.41283122
3941,XGBoost,0.2869,0.3516997
3942,XGBoost,0.9065,0.8281902
3943,XGBoost,0.0242,0.03498798
3944,XGBoost,0.2392,0.2089501
3945,XGBoost,0.2679,0.2248652
3946,XGBoost,0.0129,0.08975782
3947,XGBoost,0.3067,0.33061492
3948,XGBoost,0.3272,0.31414583
3949,XGBoost,0.2139,0.1765731
3950,XGBoost,0.2653,0.4415011
3951,XGBoost,0.0787,0.098428234
3952,XGBoost,0.4143,0.3763111
3953,XGBoost,0.1181,0.2728348
3954,XGBoost,-0.0286,0.039700855
3955,XGBoost,-0.0295,0.1530074
3956,XGBoost,0.4011,0.36818546
3957,XGBoost,0.3036,0.36302564
3958,XGBoost,0.5759,0.71186197
3959,XGBoost,0.0457,0.06392364
3960,XGBoost,0.1588,0.21478602
3961,XGBoost,0.4304,0.2832769
3962,XGBoost,0.1268,0.2588717
3963,XGBoost,0.3052,0.27671754
3964,XGBoost,0.1262,0.12770098
3965,XGBoost,0.0774,0.0042943694
3966,XGBoost,0.1436,0.06273365
3967,XGBoost,0.0964,0.069725476
3968,XGBoost,0.1654,0.1834417
3969,XGBoost,0.0685,0.17405677
3970,XGBoost,-0.0696,-0.068351746
3971,XGBoost,0.4064,0.42407516
3972,XGBoost,0.1709,0.14940752
3973,XGBoost,0.5629,0.4735383
3974,XGBoost,0.0048,0.0052470556
3975,XGBoost,0.4967,0.47505277
3976,XGBoost,0.1974,0.19758235
3977,XGBoost,0.1781,0.19938536
3978,XGBoost,0.2431,0.38204238
3979,XGBoost,0.536,0.44533592
3980,XGBoost,0.4795,0.46866357
3981,XGBoost,0.3696,0.15816613
3982,XGBoost,0.3802,0.4262092
3983,XGBoost,-0.0416,-0.06820479
3984,XGBoost,0.2533,0.13819441
3985,XGBoost,0.0302,0.054600976
3986,XGBoost,0.619,0.7174844
3987,XGBoost,0.3451,0.35918647
3988,XGBoost,0.3273,0.2694708
3989,XGBoost,0.0885,0.060282882
3990,XGBoost,0.2026,0.20019357
3991,XGBoost,-0.1207,-0.11871867
3992,XGBoost,0.1663,0.25537008
3993,XGBoost,0.0246,0.06392446
3994,XGBoost,0.5322,0.434616
3995,XGBoost,-0.026,0.051552422
3996,XGBoost,0.249,0.33454996
3997,XGBoost,0.2708,0.25845918
3998,XGBoost,0.0096,0.08972646
3999,XGBoost,0.3603,0.33729917
4000,XGBoost,0.0613,0.073483415
4001,XGBoost,0.0927,0.11683626
4002,XGBoost,0.0623,0.009543034
4003,XGBoost,0.3399,0.29326782
4004,XGBoost,0.2349,0.14091957
4005,XGBoost,-0.1054,-0.030113202
4006,XGBoost,0.1305,0.14674632
4007,XGBoost,0.4299,0.40677795
4008,XGBoost,0.1967,0.21215665
4009,XGBoost,0.1221,0.165023
4010,XGBoost,-0.0196,-0.003041527
4011,XGBoost,0.3235,0.31307986
4012,XGBoost,0.1107,0.12189979
4013,XGBoost,-0.0428,0.18298328
4014,XGBoost,0.2556,0.24235368
4015,XGBoost,-0.0811,0.14001001
4016,XGBoost,0.0188,0.07058711
4017,XGBoost,0.1388,0.29353443
4018,XGBoost,0.2929,0.31118208
4019,XGBoost,-0.1993,-0.03546048
4020,XGBoost,-0.0737,0.00093419413
4021,XGBoost,0.2381,0.26542303
4022,XGBoost,0.321,0.22687294
4023,XGBoost,0.0623,0.074244514
4024,XGBoost,0.0993,0.09949279
4025,XGBoost,0.3033,0.29971632
4026,XGBoost,0.3624,0.4614212
4027,XGBoost,-0.1902,-0.1395057
4028,XGBoost,0.1821,0.19200394
4029,XGBoost,0.1224,0.15235937
4030,XGBoost,0.6434,0.54856575
4031,XGBoost,0.0816,0.06496217
4032,XGBoost,0.2563,0.36561662
4033,XGBoost,-0.0809,0.03398005
4034,XGBoost,0.1272,0.10798961
4035,XGBoost,0.761,0.61296177
4036,XGBoost,0.9782,0.99918175
4037,XGBoost,0.7346,0.62680304
4038,XGBoost,-0.2718,-0.23320928
4039,XGBoost,0.099,0.08120699
4040,XGBoost,0.1593,0.14401877
4041,XGBoost,0.8308,0.822951
4042,XGBoost,0.2463,0.32563108
4043,XGBoost,-0.1469,-0.13814205
4044,XGBoost,0.0716,0.048094664
4045,XGBoost,0.2307,0.27430725
4046,XGBoost,0.2786,0.18986343
4047,XGBoost,0.1573,0.15521008
4048,XGBoost,-0.1255,-0.11489563
4049,XGBoost,0.083,0.08136554
4050,XGBoost,0.6141,0.5590561
4051,XGBoost,0.272,0.24485967
4052,XGBoost,0.3738,0.31728855
4053,XGBoost,0.0771,0.11712711
4054,XGBoost,-0.1552,-0.12009503
4055,XGBoost,0.0225,0.08311061
4056,XGBoost,0.1476,0.21808057
4057,XGBoost,0.2274,0.18320344
4058,XGBoost,0.2079,0.14808531
4059,XGBoost,0.2457,0.14675984
4060,XGBoost,0.2735,0.2664912
4061,XGBoost,0.1978,0.15117858
4062,XGBoost,0.08,0.16460563
4063,XGBoost,-0.0209,0.10787095
4064,XGBoost,0.2118,0.07525926
4065,XGBoost,0.3023,0.26394355
4066,XGBoost,0.2539,0.2805412
4067,XGBoost,0.0707,0.07406904
4068,XGBoost,0.136,0.14374271
4069,XGBoost,0.1599,0.18592538
4070,XGBoost,0.6111,0.6617078
4071,XGBoost,0.3944,0.34015942
4072,XGBoost,0.0551,0.07519067
4073,XGBoost,0.4049,0.2902373
4074,XGBoost,0.2101,0.10397834
4075,XGBoost,0.4686,0.41876808
4076,XGBoost,-0.0418,0.0006585239
4077,XGBoost,0.0298,0.049483523
4078,XGBoost,-0.0136,-0.059495147
4079,XGBoost,0.1846,0.2691813
4080,XGBoost,0.0284,0.10602275
4081,XGBoost,0.1338,0.13129023
4082,XGBoost,0.1026,0.210949
4083,XGBoost,0.8321,0.8060199
4084,XGBoost,0.2663,0.22254933
4085,XGBoost,0.4497,0.29289168
4086,XGBoost,0.4376,0.44331014
4087,XGBoost,0.0306,-0.04421869
4088,XGBoost,0.0394,0.10058578
4089,XGBoost,-0.203,-0.23299153
4090,XGBoost,0.2541,0.3091726
4091,XGBoost,0.1894,0.20709659
4092,XGBoost,0.0872,0.13354093
4093,XGBoost,0.4771,0.42882907
4094,XGBoost,0.0681,0.17821832
4095,XGBoost,-0.0103,-0.016440839
4096,XGBoost,0.1096,0.19317794
4097,XGBoost,0.2077,0.14042906
4098,XGBoost,0.154,0.14694738
4099,XGBoost,0.2812,0.19603558
4100,XGBoost,0.5548,0.5357504
4101,XGBoost,0.1924,0.15300667
4102,XGBoost,-0.0031,-0.0047850246
4103,XGBoost,-0.0004,0.028560035
4104,XGBoost,0.1871,0.25589544
4105,XGBoost,0.1293,0.07553508
4106,XGBoost,0.6502,0.7035998
4107,XGBoost,0.9013,0.8433664
4108,XGBoost,-0.0305,0.03119623
4109,XGBoost,0.319,0.40832826
4110,XGBoost,-0.1308,-0.103337854
4111,XGBoost,0.5404,0.49313062
4112,XGBoost,-0.0398,0.007934798
4113,XGBoost,0.2239,0.22340845
4114,XGBoost,0.2115,0.21853217
4115,XGBoost,0.1766,0.1341351
4116,XGBoost,0.1843,0.19545564
4117,XGBoost,0.0917,0.15030915
4118,XGBoost,0.1568,0.19933546
4119,XGBoost,0.4647,0.3120289
4120,XGBoost,0.4308,0.4053596
4121,XGBoost,0.2275,0.16788821
4122,XGBoost,0.4214,0.34924746
4123,XGBoost,0.2582,0.31380582
4124,XGBoost,0.1072,0.19083887
4125,XGBoost,0.3005,0.26621687
4126,XGBoost,0.1624,0.20270342
4127,XGBoost,0.1631,0.13248342
4128,XGBoost,0.1303,0.13043621
4129,XGBoost,0.1131,0.16852692
4130,XGBoost,0.3484,0.31105584
4131,XGBoost,0.4595,0.46822217
4132,XGBoost,0.2166,0.16178963
4133,XGBoost,0.0623,0.09374774
4134,XGBoost,0.065,0.06517036
4135,XGBoost,0.1526,0.16086358
4136,XGBoost,0.0158,-0.091080375
4137,XGBoost,0.0356,0.086242944
4138,XGBoost,0.059,0.17027302
4139,XGBoost,0.0938,0.15641558
4140,XGBoost,0.9534,0.8563279
4141,XGBoost,0.1901,0.19525926
4142,XGBoost,0.5813,0.53859085
4143,XGBoost,0.1318,0.08220942
4144,XGBoost,-0.1775,-0.11407975
4145,XGBoost,0.1606,0.21676344
4146,XGBoost,0.0563,0.066384606
4147,XGBoost,0.1307,0.17924306
4148,XGBoost,0.2226,0.233593
4149,XGBoost,0.7866,0.47858864
4150,XGBoost,0.2205,0.19569068
4151,XGBoost,0.4451,0.4537905
4152,XGBoost,0.156,0.16886315
4153,XGBoost,-0.1083,-0.030771613
4154,XGBoost,0.0564,0.15458028
4155,XGBoost,0.4211,0.36789206
4156,XGBoost,0.146,0.17915037
4157,XGBoost,-0.0181,-0.03158537
4158,XGBoost,0.5689,0.65751904
4159,XGBoost,0.2777,0.2661074
4160,XGBoost,0.1707,0.12630858
4161,XGBoost,0.1485,0.1774068
4162,XGBoost,0.2455,0.23112221
4163,XGBoost,-0.0107,0.100870796
4164,XGBoost,-0.0609,0.020627538
4165,XGBoost,0.4845,0.5506823
4166,XGBoost,-0.0678,-0.11735416
4167,XGBoost,0.149,0.39003247
4168,XGBoost,0.2615,0.27500886
4169,XGBoost,0.4463,0.41009054
4170,XGBoost,-0.1842,-0.112371735
4171,XGBoost,-0.0281,-0.0597756
4172,XGBoost,0.0583,0.04756047
4173,XGBoost,0.9045,0.85039365
4174,XGBoost,0.4643,0.36839843
4175,XGBoost,0.3083,0.3520211
4176,XGBoost,0.3324,0.28494447
4177,XGBoost,0.72,0.7594701
4178,XGBoost,0.6579,0.59603053
4179,XGBoost,0.1855,0.19658172
4180,XGBoost,0.2354,0.17642193
4181,XGBoost,0.3258,0.26930735
4182,XGBoost,0.0164,0.018451042
4183,XGBoost,1.0375,0.39444622
4184,XGBoost,0.316,0.34456533
4185,XGBoost,-0.0123,0.064613454
4186,XGBoost,0.15,0.18918376
4187,XGBoost,0.3945,0.35040104
4188,XGBoost,0.0588,0.10617462
4189,XGBoost,0.703,0.7915353
4190,XGBoost,0.7689,0.6103068
4191,XGBoost,0.0864,0.11094325
4192,XGBoost,0.1213,0.09176226
4193,XGBoost,0.0583,0.06939989
4194,XGBoost,0.1236,0.157312
4195,XGBoost,0.1675,0.23918119
4196,XGBoost,0.1384,0.18567027
4197,XGBoost,0.0729,0.08082291
4198,XGBoost,0.3622,0.29669085
4199,XGBoost,0.0907,0.13622288
4200,XGBoost,0.8115,0.7298158
4201,XGBoost,-0.094,0.06215111
4202,XGBoost,0.2585,0.20185971
4203,XGBoost,0.1499,0.12107346
4204,XGBoost,0.1691,0.17738356
4205,XGBoost,0.662,0.49654904
4206,XGBoost,-0.0127,0.095197216
4207,XGBoost,0.6682,0.73953974
4208,XGBoost,0.099,0.12893954
4209,XGBoost,0.3809,0.4045201
4210,XGBoost,0.5435,0.44393432
4211,XGBoost,-0.0243,-0.00039911346
4212,XGBoost,-0.0053,0.13108478
4213,XGBoost,0.3056,0.22613797
4214,XGBoost,0.0373,0.056146167
4215,XGBoost,0.8759,0.8768838
4216,XGBoost,0.2478,0.24134834
4217,XGBoost,0.2162,0.20551057
4218,XGBoost,0.0773,0.0855199
4219,XGBoost,0.3395,0.35042727
4220,XGBoost,0.9355,0.8353309
4221,XGBoost,0.613,0.26170817
4222,XGBoost,-0.1075,-0.026295828
4223,XGBoost,0.0822,0.10857623
4224,XGBoost,0.0108,0.091775134
4225,XGBoost,0.259,0.2547478
4226,XGBoost,0.5039,0.433474
4227,XGBoost,0.3222,0.2815085
4228,XGBoost,0.0214,0.076220945
4229,XGBoost,0.0952,0.062184945
4230,XGBoost,0.081,0.1522793
4231,XGBoost,-0.0042,0.03387732
4232,XGBoost,0.4702,0.4756733
4233,XGBoost,0.554,0.5873045
4234,XGBoost,-0.0034,0.032834273
4235,XGBoost,-0.0684,-0.04740716
4236,XGBoost,0.39,0.34137103
4237,XGBoost,0.2728,0.2795988
4238,XGBoost,0.0363,0.135888
4239,XGBoost,0.1011,0.17392342
4240,XGBoost,0.7641,0.76957923
4241,XGBoost,0.0253,0.0006026882
4242,XGBoost,0.9953,0.94623953
4243,XGBoost,0.0248,0.06513794
4244,XGBoost,0.8611,0.73769796
4245,XGBoost,0.0561,0.04842759
4246,XGBoost,-0.0583,-0.0041968366
4247,XGBoost,0.2976,0.26836592
4248,XGBoost,0.4372,0.42135337
4249,XGBoost,0.3029,0.21098953
4250,XGBoost,-0.0356,0.06825817
4251,XGBoost,0.1042,0.09190571
4252,XGBoost,0.0965,0.20530137
4253,XGBoost,0.4579,0.34855345
4254,XGBoost,0.2938,0.1857627
4255,XGBoost,0.2888,0.28542525
4256,XGBoost,0.171,0.21434812
4257,XGBoost,0.119,0.030374955
4258,XGBoost,0.0013,-0.03885829
4259,XGBoost,0.2895,0.2441281
4260,XGBoost,0.1301,0.15525146
4261,XGBoost,0.2691,0.28356385
4262,XGBoost,-0.0018,0.09206117
4263,XGBoost,-0.0533,0.0027183073
4264,XGBoost,-0.0197,-0.0019743387
4265,XGBoost,-0.1484,-0.11810602
4266,XGBoost,0.1951,0.21883172
4267,XGBoost,0.4055,0.36251178
4268,XGBoost,0.1106,0.10195782
4269,XGBoost,0.0583,0.049280524
4270,XGBoost,0.3938,0.25412473
4271,XGBoost,0.3675,0.31080276
4272,XGBoost,0.226,0.17566293
4273,XGBoost,0.1813,0.13373125
4274,XGBoost,0.3399,0.33131537
4275,XGBoost,0.5554,0.49009293
4276,XGBoost,0.3334,0.31737486
4277,XGBoost,0.188,0.23074391
4278,XGBoost,0.4514,0.39892578
4279,XGBoost,0.7766,0.54414296
4280,XGBoost,0.014,0.124773465
4281,XGBoost,0.5141,0.46291897
4282,XGBoost,0.6249,0.6306013
4283,XGBoost,-0.0204,0.1475082
4284,XGBoost,-0.0292,0.019225935
4285,XGBoost,-0.0013,0.003484248
4286,XGBoost,0.521,0.3813155
4287,XGBoost,0.0204,0.12535596
4288,XGBoost,0.1793,0.11846428
4289,XGBoost,0.1437,0.1551423
4290,XGBoost,0.3305,0.26161042
4291,XGBoost,0.2216,0.24883133
4292,XGBoost,0.143,0.22212584
4293,XGBoost,0.1599,0.11607007
4294,XGBoost,0.4018,0.19672458
4295,XGBoost,0.3214,0.18832278
4296,XGBoost,-0.0285,0.089473344
4297,XGBoost,0.4932,0.4866797
4298,XGBoost,0.0513,0.077581175
4299,XGBoost,0.2945,0.29219812
4300,XGBoost,0.5139,0.55224097
4301,XGBoost,0.0032,-0.022293603
4302,XGBoost,-0.0776,0.20138747
4303,XGBoost,0.7907,0.686767
4304,XGBoost,0.0768,0.13798836
4305,XGBoost,0.3617,0.39329538
4306,XGBoost,-0.0198,-0.030076422
4307,XGBoost,0.6612,0.6137364
4308,XGBoost,0.1361,0.11444204
4309,XGBoost,0.5632,0.6551177
4310,XGBoost,0.9331,0.8551586
4311,XGBoost,0.0125,-0.061670948
4312,XGBoost,0.0072,0.027580103
4313,XGBoost,0.7001,0.322513
4314,XGBoost,0.034,0.09212319
4315,XGBoost,0.4225,0.44345966
4316,XGBoost,0.1126,0.14434215
4317,XGBoost,0.0721,0.18166007
4318,XGBoost,0.1665,0.18223253
4319,XGBoost,0.078,0.11550323
4320,XGBoost,0.06,0.23848407
4321,XGBoost,0.1683,0.28032902
4322,XGBoost,0.096,0.11368339
4323,XGBoost,0.4518,0.29708794
4324,XGBoost,0.0037,0.0030393035
4325,XGBoost,0.2332,0.20457692
4326,XGBoost,0.2451,0.23828238
4327,XGBoost,0.1306,0.10038406
4328,XGBoost,0.4912,0.34029314
4329,XGBoost,0.438,0.4487179
4330,XGBoost,0.3898,0.38758492
4331,XGBoost,0.3649,0.41362807
4332,XGBoost,0.3244,0.3465127
4333,XGBoost,0.3028,0.2672681
4334,XGBoost,-0.187,-0.05629754
4335,XGBoost,0.1084,0.06987614
4336,XGBoost,0.5668,0.5254615
4337,XGBoost,-0.1221,-0.042440545
4338,XGBoost,0.085,0.22406547
4339,XGBoost,0.063,0.0642607
4340,XGBoost,0.4078,0.27221486
4341,XGBoost,0.2179,0.23198102
4342,XGBoost,0.1821,0.21810429
4343,XGBoost,0.933,0.89053065
4344,XGBoost,0.5797,0.42748004
4345,XGBoost,0.1825,0.2178697
4346,XGBoost,0.8254,0.83266956
4347,XGBoost,0.2645,0.301698
4348,XGBoost,-0.0714,0.036509063
4349,XGBoost,-0.0069,0.09611117
4350,XGBoost,0.0945,0.2667877
4351,XGBoost,0.3143,0.33574432
4352,XGBoost,-0.1018,-0.05035354
4353,XGBoost,0.6001,0.4577207
4354,XGBoost,0.1164,0.02175138
4355,XGBoost,0.095,0.14831676
4356,XGBoost,-0.0098,0.039392613
4357,XGBoost,0.8549,0.7703181
4358,XGBoost,0.2036,0.088461615
4359,XGBoost,0.2435,0.26676923
4360,XGBoost,0.1837,0.18276593
4361,XGBoost,0.0951,0.1169196
4362,XGBoost,0.516,0.49210852
4363,XGBoost,0.1125,0.18723585
4364,XGBoost,0.1863,0.20175244
4365,XGBoost,0.2154,0.21452095
4366,XGBoost,0.1181,0.1481168
4367,XGBoost,0.2475,0.2511709
4368,XGBoost,0.067,0.15688577
4369,XGBoost,0.852,0.7527177
4370,XGBoost,0.0897,0.073064625
4371,XGBoost,0.4416,0.3984379
4372,XGBoost,0.5557,0.56922066
4373,XGBoost,0.2298,0.18546106
4374,XGBoost,-0.1654,-0.0535335
4375,XGBoost,0.0125,0.11960446
4376,XGBoost,0.0092,0.043646
4377,XGBoost,-0.0897,0.004478823
4378,XGBoost,0.3822,0.31670406
4379,XGBoost,0.5789,0.5354325
4380,XGBoost,0.4113,0.38728294
4381,XGBoost,-0.1034,-0.002627207
4382,XGBoost,0.1985,0.124282636
4383,XGBoost,0.8832,0.7451935
4384,XGBoost,0.1488,0.18844974
4385,XGBoost,0.2965,0.3178135
4386,XGBoost,0.6032,0.5991171
4387,XGBoost,-0.0282,-0.0003541254
4388,XGBoost,0.0569,0.16221026
4389,XGBoost,0.093,0.13882686
4390,XGBoost,-0.0459,0.0230822
4391,XGBoost,0.2319,0.27811557
4392,XGBoost,0.2506,0.41711876
4393,XGBoost,0.4566,0.4817912
4394,XGBoost,0.1457,0.23271193
4395,XGBoost,-0.0914,-0.085541666
4396,XGBoost,0.2942,0.1925116
4397,XGBoost,0.5262,0.6610223
4398,XGBoost,0.0416,0.023420746
4399,XGBoost,0.7257,0.694696
4400,XGBoost,0.6308,0.5784767
4401,XGBoost,0.2491,0.24664897
4402,XGBoost,-0.0274,0.06986411
4403,XGBoost,0.2292,0.21125956
4404,XGBoost,0.3416,0.3349273
4405,XGBoost,0.3634,0.2205002
4406,XGBoost,0.3837,0.29961976
4407,XGBoost,0.1869,0.20861365
4408,XGBoost,0.364,0.25667158
4409,XGBoost,0.2319,0.23851329
4410,XGBoost,0.626,0.55143446
4411,XGBoost,0.0966,0.13686703
4412,XGBoost,0.2582,0.33202434
4413,XGBoost,0.1185,0.1324055
4414,XGBoost,-0.0204,0.060790893
4415,XGBoost,0.4945,0.5607092
4416,XGBoost,0.7915,0.7130738
4417,XGBoost,0.1871,0.15028091
4418,XGBoost,0.4433,0.38299397
4419,XGBoost,0.5355,0.30530164
4420,XGBoost,0.2359,0.085491754
4421,XGBoost,-0.1723,-0.16662405
4422,XGBoost,0.7331,0.6618476
4423,XGBoost,0.017,0.1208554
4424,XGBoost,0.0468,0.052182112
4425,XGBoost,0.1081,0.100984514
4426,XGBoost,0.5169,0.50429535
4427,XGBoost,0.1581,0.2110667
4428,XGBoost,0.2716,0.18357842
4429,XGBoost,-0.0091,0.1555254
4430,XGBoost,0.2845,0.15448391
4431,XGBoost,0.1614,0.15226588
4432,XGBoost,0.2325,0.3014116
4433,XGBoost,0.2657,0.31845373
4434,XGBoost,0.3382,0.32617334
4435,XGBoost,0.0557,0.096089534
4436,XGBoost,0.0353,0.08120635
4437,XGBoost,0.4631,0.33029732
4438,XGBoost,0.2054,0.23507565
4439,XGBoost,0.2047,0.27103412
4440,XGBoost,0.2656,0.066466734
4441,XGBoost,0.4777,0.54214287
4442,XGBoost,0.4064,0.38314536
4443,XGBoost,0.0242,0.043981213
4444,XGBoost,0.4592,0.36006662
4445,XGBoost,0.3243,0.2819593
4446,XGBoost,0.1352,0.2553018
4447,XGBoost,0.0255,-0.009208913
4448,XGBoost,0.763,0.6680442
4449,XGBoost,0.3208,0.30616596
4450,XGBoost,0.263,0.13934219
4451,XGBoost,-0.1737,-0.09634626
4452,XGBoost,0.06,0.04941943
4453,XGBoost,0.1509,0.118229985
4454,XGBoost,0.0046,0.014889771
4455,XGBoost,0.1508,0.26062307
4456,XGBoost,0.4075,0.40026894
4457,XGBoost,-0.0958,0.14243421
4458,XGBoost,0.6353,0.6233835
4459,XGBoost,0.0677,0.06929209
4460,XGBoost,0.0777,0.13974048
4461,XGBoost,0.3265,0.27827695
4462,XGBoost,0.4886,0.37439778
4463,XGBoost,0.3461,0.38399065
4464,XGBoost,0.2767,0.33804485
4465,XGBoost,0.028,0.18625543
4466,XGBoost,-0.0594,0.017801631
4467,XGBoost,0.2676,0.2772982
4468,XGBoost,0.6202,0.6858617
4469,XGBoost,0.6222,0.5569152
4470,XGBoost,0.2337,0.068958215
4471,XGBoost,0.0217,0.04252782
4472,XGBoost,0.0808,0.08169158
4473,XGBoost,0.6454,0.64620996
4474,XGBoost,0.2006,0.19185446
4475,XGBoost,0.0439,0.053795848
4476,XGBoost,0.0938,0.08983831
4477,XGBoost,0.1716,0.093308166
4478,XGBoost,0.3675,0.34598032
4479,XGBoost,0.0772,0.0705005
4480,XGBoost,0.0081,0.1204903
4481,XGBoost,0.3238,0.28316364
4482,XGBoost,0.2074,0.21176429
4483,XGBoost,-0.1353,-0.14353648
4484,XGBoost,0.1654,0.14676997
4485,XGBoost,0.138,0.18199685
4486,XGBoost,0.1193,0.09739143
4487,XGBoost,0.3876,0.35909045
4488,XGBoost,0.2061,0.19985099
4489,XGBoost,0.1914,0.16110411
4490,XGBoost,0.1146,0.13912676
4491,XGBoost,0.3428,0.41072404
4492,XGBoost,0.2016,0.21720037
4493,XGBoost,0.004,0.072199
4494,XGBoost,-0.0615,-0.06889188
4495,XGBoost,0.0115,0.04554087
4496,XGBoost,0.3994,0.3673352
4497,XGBoost,0.3747,0.3165305
4498,XGBoost,-0.0404,-0.089333735
4499,XGBoost,0.1129,0.18576542
4500,XGBoost,0.0254,0.15156668
4501,XGBoost,0.3359,0.21800925
4502,XGBoost,0.3289,0.36145037
4503,XGBoost,0.2501,0.22724108
4504,XGBoost,0.0667,0.0406604
4505,XGBoost,0.376,0.17062606
4506,XGBoost,0.2322,0.20783265
4507,XGBoost,0.6713,0.66148925
4508,XGBoost,0.2583,0.30892298
4509,XGBoost,-0.1739,-0.16107877
4510,XGBoost,0.4033,0.32841238
4511,XGBoost,0.3128,0.21022157
4512,XGBoost,0.225,0.31282568
4513,XGBoost,0.4413,0.4003618
4514,XGBoost,0.5502,0.4355556
4515,XGBoost,-0.1033,-0.0910011
4516,XGBoost,0.4696,0.5040599
4517,XGBoost,0.1569,0.2371102
4518,XGBoost,0.7745,0.70754975
4519,XGBoost,0.0668,0.013359871
4520,XGBoost,0.2269,0.25349978
4521,XGBoost,0.319,0.35608003
4522,XGBoost,0.7016,0.6774865
4523,XGBoost,0.4465,0.35990906
4524,XGBoost,0.7297,0.80005026
4525,XGBoost,0.1823,0.22035909
4526,XGBoost,0.0871,0.045500543
4527,XGBoost,0.9148,0.8005084
4528,XGBoost,0.3055,0.22110458
4529,XGBoost,0.1637,0.1317055
4530,XGBoost,0.043,0.15380488
4531,XGBoost,0.4691,0.40035188
4532,XGBoost,-0.0116,0.069024295
4533,XGBoost,0.0677,0.10246963
4534,XGBoost,1.0351,0.9439027
4535,XGBoost,0.2866,0.25206935
4536,XGBoost,0.5892,0.6509788
4537,XGBoost,0.2871,0.26742387
4538,XGBoost,0.3392,0.3530112
4539,XGBoost,0.1945,0.20491637
4540,XGBoost,-0.0428,0.08703893
4541,XGBoost,0.1463,0.15305398
4542,XGBoost,0.4978,0.38305524
4543,XGBoost,0.0223,0.107530266
4544,XGBoost,-0.2064,-0.169941
4545,XGBoost,0.132,0.2291174
4546,XGBoost,0.4167,0.33354142
4547,XGBoost,0.2501,0.1923191
4548,XGBoost,0.2171,0.21923919
4549,XGBoost,0.1105,0.12947242
4550,XGBoost,0.0503,0.040049627
4551,XGBoost,0.2735,0.2084063
4552,XGBoost,0.0873,0.10647152
4553,XGBoost,0.5796,0.5383336
4554,XGBoost,0.0003,0.09669348
4555,XGBoost,-0.0934,-0.0558405
4556,XGBoost,0.1482,0.1871134
4557,XGBoost,0.0249,-0.006179087
4558,XGBoost,0.4947,0.5434232
4559,XGBoost,0.0184,0.08560912
4560,XGBoost,0.0993,0.12385672
4561,XGBoost,0.187,0.23194772
4562,XGBoost,0.0136,0.16701703
4563,XGBoost,0.1294,0.18188253
4564,XGBoost,0.6397,0.559941
4565,XGBoost,0.1758,0.12377801
4566,XGBoost,0.8494,0.79979026
4567,XGBoost,0.281,0.26881102
4568,XGBoost,0.3135,0.25156733
4569,XGBoost,0.1963,0.30270594
4570,XGBoost,0.1392,0.18893316
4571,XGBoost,0.0709,0.19810504
4572,XGBoost,0.2538,0.11235827
4573,XGBoost,0.3353,0.35749474
4574,XGBoost,0.1278,0.20852786
4575,XGBoost,0.0601,0.18003637
4576,XGBoost,0.3528,0.30130333
4577,XGBoost,-0.0167,0.029932784
4578,XGBoost,0.0699,0.119526014
4579,XGBoost,0.3068,0.30618748
4580,XGBoost,0.1487,0.08537133
4581,XGBoost,0.0721,0.12228759
4582,XGBoost,0.0948,0.11997333
4583,XGBoost,0.2498,0.33325338
4584,XGBoost,-0.0045,0.10245556
4585,XGBoost,0.3489,0.2821128
4586,XGBoost,0.1775,0.14405786
4587,XGBoost,0.9593,0.94315124
4588,XGBoost,0.5318,0.59582365
4589,XGBoost,0.1328,0.117408864
4590,XGBoost,0.8902,0.87306905
4591,XGBoost,0.8085,0.8093032
4592,XGBoost,0.2134,0.2988996
4593,XGBoost,0.0409,0.08909596
4594,XGBoost,0.0493,0.16997926
4595,XGBoost,0.2674,0.29725808
4596,XGBoost,-0.0119,0.013544815
4597,XGBoost,0.0361,0.13533789
4598,XGBoost,0.1232,0.16318522
4599,XGBoost,0.1429,0.17089924
4600,XGBoost,0.2992,0.25362164
4601,XGBoost,0.3465,0.3302536
4602,XGBoost,0.2316,0.08477393
4603,XGBoost,0.1824,0.3021664
4604,XGBoost,0.0313,-0.0119061405
4605,XGBoost,0.0511,0.027428802
4606,XGBoost,0.0657,0.047639657
4607,XGBoost,0.085,0.1625099
4608,XGBoost,0.0969,-0.028894117
4609,XGBoost,0.3266,0.26271388
4610,XGBoost,0.3937,0.29274452
4611,XGBoost,0.2028,0.30152985
4612,XGBoost,0.6593,0.6219265
4613,XGBoost,0.1117,0.047503855
4614,XGBoost,0.1911,0.19809236
4615,XGBoost,0.5376,0.4819829
4616,XGBoost,0.254,0.20456491
4617,XGBoost,0.2467,0.30020323
4618,XGBoost,0.8268,0.72350365
4619,XGBoost,-0.0075,0.05900348
4620,XGBoost,0.4988,0.4787477
4621,XGBoost,0.1429,0.03777757
4622,XGBoost,0.2088,0.23718734
4623,XGBoost,-0.1882,-0.13521723
4624,XGBoost,0.1047,0.071719915
4625,XGBoost,0.3921,0.38725522
4626,XGBoost,0.5848,0.5411166
4627,XGBoost,0.062,0.12058998
4628,XGBoost,0.4068,0.41763556
4629,XGBoost,0.9933,0.9512537
4630,XGBoost,-0.0668,-0.0038887223
4631,XGBoost,-0.0142,0.019479375
4632,XGBoost,0.485,0.34136918
4633,XGBoost,0.1266,0.22665465
4634,XGBoost,0.1583,0.2521854
4635,XGBoost,0.0387,0.19494918
4636,XGBoost,-0.0162,0.27681813
4637,XGBoost,0.528,0.33510435
4638,XGBoost,0.5823,0.48373988
4639,XGBoost,0.459,0.47521335
4640,XGBoost,0.3517,0.35442913
4641,XGBoost,-0.0328,0.16853467
4642,XGBoost,0.8001,0.8666694
4643,XGBoost,0.1329,0.19077577
4644,XGBoost,0.5207,0.47254184
4645,XGBoost,-0.075,-0.08701181
4646,XGBoost,0.193,0.21332721
4647,XGBoost,0.368,0.33090007
4648,XGBoost,-0.0779,0.1619977
4649,XGBoost,0.1726,0.14223324
4650,XGBoost,0.1804,0.13612601
4651,XGBoost,-0.2896,0.007938433
4652,XGBoost,0.1925,0.13603717
4653,XGBoost,0.1245,0.07176232
4654,XGBoost,0.0381,0.14508416
4655,XGBoost,0.4929,0.33862415
4656,XGBoost,0.0014,0.038308557
4657,XGBoost,0.3769,0.33190212
4658,XGBoost,0.3143,0.20808454
4659,XGBoost,-0.2217,-0.08516796
4660,XGBoost,0.6451,0.72610736
4661,XGBoost,0.6323,0.6324893
4662,XGBoost,0.071,0.097460665
4663,XGBoost,0.408,0.40300947
4664,XGBoost,-0.1016,-0.07288909
4665,XGBoost,0.22,0.27163684
4666,XGBoost,0.0412,0.099525884
4667,XGBoost,0.2994,0.18057474
4668,XGBoost,-0.1873,-0.048013717
4669,XGBoost,0.1714,0.21162859
4670,XGBoost,0.3895,0.40079847
4671,XGBoost,0.0051,0.11599543
4672,XGBoost,-0.1487,0.14653772
4673,XGBoost,0.0377,0.012927238
4674,XGBoost,0.1726,0.043955725
4675,XGBoost,0.356,0.35552692
4676,XGBoost,0.6026,0.65468895
4677,XGBoost,0.9037,0.8736986
4678,XGBoost,0.0507,0.008880198
4679,XGBoost,0.2412,0.22330004
4680,XGBoost,0.4222,0.38871178
4681,XGBoost,0.1543,0.1619665
4682,XGBoost,-0.1577,-0.2744863
4683,XGBoost,0.2097,0.289371
4684,XGBoost,0.051,-0.025728032
4685,XGBoost,0.2453,0.31665412
4686,XGBoost,0.214,0.22613169
4687,XGBoost,-0.0804,-0.12012896
4688,XGBoost,0.4263,0.37023568
4689,XGBoost,0.0379,0.08925524
4690,XGBoost,0.6786,0.7078729
4691,XGBoost,0.4221,0.35601625
4692,XGBoost,0.0802,0.08949122
4693,XGBoost,0.563,0.58824074
4694,XGBoost,0.1303,0.1540679
4695,XGBoost,0.0919,-0.032828644
4696,XGBoost,0.3505,0.25502697
4697,XGBoost,0.242,0.25095573
4698,XGBoost,-0.0975,-0.08361889
4699,XGBoost,0.0942,0.23910071
4700,XGBoost,0.1172,0.13914275
4701,XGBoost,0.6905,0.7846274
4702,XGBoost,0.371,0.39118376
4703,XGBoost,0.4858,0.46477702
4704,XGBoost,0.5706,0.45651785
4705,XGBoost,-0.1253,-0.14849494
4706,XGBoost,0.0834,0.12498519
4707,XGBoost,0.6273,0.59070426
4708,XGBoost,0.3577,0.3283461
4709,XGBoost,0.0899,0.16896135
4710,XGBoost,0.0335,0.072402574
4711,XGBoost,0.0625,0.09974171
4712,XGBoost,0.0213,0.16865765
4713,XGBoost,0.1919,0.22484481
4714,XGBoost,0.4724,0.5253993
4715,XGBoost,0.0326,0.10676259
4716,XGBoost,0.1128,0.18736668
4717,XGBoost,0.1315,0.11500422
4718,XGBoost,0.1653,0.17215458
4719,XGBoost,-0.0728,-0.02902574
4720,XGBoost,-0.114,-0.06624486
4721,XGBoost,0.2735,0.35116845
4722,XGBoost,0.8884,0.8773579
4723,XGBoost,0.2722,0.2610812
4724,XGBoost,0.3004,0.29066154
4725,XGBoost,0.7474,0.67638844
4726,XGBoost,0.2589,0.21432129
4727,XGBoost,0.0447,0.03835002
4728,XGBoost,0.2061,0.2301205
4729,XGBoost,0.0291,-0.0023837571
4730,XGBoost,0.2104,0.21091293
4731,XGBoost,0.0187,0.1709409
4732,XGBoost,-0.0462,-0.021486504
4733,XGBoost,0.1764,0.18387333
4734,XGBoost,-0.0138,0.11578667
4735,XGBoost,0.2155,0.13593628
4736,XGBoost,0.5185,0.44535235
4737,XGBoost,0.2074,0.14066787
4738,XGBoost,0.0837,0.04919935
4739,XGBoost,0.1443,0.14278077
4740,XGBoost,0.2864,0.057809725
4741,XGBoost,0.3394,0.37524083
4742,XGBoost,0.0454,0.0690668
4743,XGBoost,0.1845,0.18148884
4744,XGBoost,0.9124,0.9261273
4745,XGBoost,0.2136,0.22000298
4746,XGBoost,0.2462,0.30245107
4747,XGBoost,0.4199,0.31758618
4748,XGBoost,-0.1537,-0.045811936
4749,XGBoost,0.1152,0.14052473
4750,XGBoost,0.1232,0.14188196
4751,XGBoost,0.2091,0.19744067
4752,XGBoost,0.4248,0.3630777
4753,XGBoost,0.6352,0.5331109
4754,XGBoost,-0.1385,-0.11479836
4755,XGBoost,0.4064,0.40901718
4756,XGBoost,-0.0552,0.032272454
4757,XGBoost,-0.0939,0.14209479
4758,XGBoost,0.4104,0.3599323
4759,XGBoost,-0.0073,0.079359375
4760,XGBoost,0.9148,0.6570979
4761,XGBoost,0.0083,-0.008463818
4762,XGBoost,0.0857,0.17032757
4763,XGBoost,-0.0063,0.16231062
4764,XGBoost,0.2967,0.31694266
4765,XGBoost,-0.0607,-0.04806192
4766,XGBoost,0.2138,0.22564277
4767,XGBoost,0.4736,0.38927263
4768,XGBoost,0.1533,0.22448154
4769,XGBoost,0.4513,0.40484008
4770,XGBoost,0.3395,0.29839176
4771,XGBoost,-0.0189,0.010195847
4772,XGBoost,0.8791,0.6435109
4773,XGBoost,0.1473,0.18321426
4774,XGBoost,0.1698,0.23404105
4775,XGBoost,0.1831,0.17154184
4776,XGBoost,0.7353,0.7046757
4777,XGBoost,0.4847,0.5179843
4778,XGBoost,-0.0254,-0.04471035
4779,XGBoost,0.2209,0.2405661
4780,XGBoost,0.7515,0.79190505
4781,XGBoost,-0.0264,0.040915716
4782,XGBoost,0.5082,0.41708288
4783,XGBoost,0.3588,0.33447123
4784,XGBoost,0.5204,0.5209937
4785,XGBoost,0.3167,0.28727096
4786,XGBoost,0.1102,0.17954239
4787,XGBoost,0.1073,0.14379546
4788,XGBoost,1.1103,0.93793505
4789,XGBoost,0.549,0.6086796
4790,XGBoost,0.762,0.80244726
4791,XGBoost,-0.0115,-0.03633572
4792,XGBoost,0.1339,0.24502502
4793,XGBoost,0.0819,0.24732484
4794,XGBoost,0.2188,0.22876532
4795,XGBoost,0.1068,0.22913632
4796,XGBoost,0.1457,0.14855154
4797,XGBoost,0.7235,0.67775095
4798,XGBoost,0.39,0.4728649
4799,XGBoost,0.3256,0.38946244
4800,XGBoost,0.3115,0.27703923
4801,XGBoost,-0.1716,-0.12959102
4802,XGBoost,0.1155,0.14105222
4803,XGBoost,0.007,0.061018463
4804,XGBoost,0.3953,0.37452117
4805,XGBoost,0.072,0.20048577
4806,XGBoost,0.3808,0.36929938
4807,XGBoost,0.5663,0.45743424
4808,XGBoost,0.1624,0.23098183
4809,XGBoost,0.0368,0.12802145
4810,XGBoost,0.5683,0.4559361
4811,XGBoost,-0.0079,0.08866693
4812,XGBoost,0.3517,0.35863084
4813,XGBoost,0.6082,0.4856028
4814,XGBoost,0.7429,0.74314976
4815,XGBoost,0.0105,0.22124113
4816,XGBoost,0.2693,0.25987214
4817,XGBoost,0.517,0.52602977
4818,XGBoost,0.5673,0.51196414
4819,XGBoost,0.1328,0.17301393
4820,XGBoost,0.6668,0.7832631
4821,XGBoost,0.2226,0.22288778
4822,XGBoost,0.7032,0.6996377
4823,XGBoost,-0.1635,-0.12037867
4824,XGBoost,0.181,0.24334306
4825,XGBoost,-0.0199,-0.031062022
4826,XGBoost,0.3274,0.2660738
4827,XGBoost,0.3624,0.2612836
4828,XGBoost,0.1316,0.14052865
4829,XGBoost,0.8579,0.7352832
4830,XGBoost,0.7141,0.59559107
4831,XGBoost,-0.0444,0.028148314
4832,XGBoost,0.3701,0.33159807
4833,XGBoost,0.5904,0.6109723
4834,XGBoost,0.3652,-0.06262986
4835,XGBoost,0.2804,0.29660958
4836,XGBoost,0.5209,0.604043
4837,XGBoost,0.1839,0.22779131
4838,XGBoost,0.5547,0.59528744
4839,XGBoost,0.5531,0.7493137
4840,XGBoost,-0.2216,-0.21251042
4841,XGBoost,0.0871,0.1124972
4842,XGBoost,0.4264,0.43322742
4843,XGBoost,0.1815,0.18878928
4844,XGBoost,0.4096,0.43090585
4845,XGBoost,0.0911,0.090303764
4846,XGBoost,0.5758,0.56144
4847,XGBoost,-0.1048,-0.010666051
4848,XGBoost,0.8405,0.84184146
4849,XGBoost,0.2663,0.25172096
4850,XGBoost,0.1075,0.1324337
4851,XGBoost,0.2118,0.10909384
4852,XGBoost,0.2455,0.22182944
4853,XGBoost,0.4032,0.46429902
4854,XGBoost,0.3312,0.24272944
4855,XGBoost,0.1881,0.08405469
4856,XGBoost,-0.0618,0.018045887
4857,XGBoost,0.1864,0.21816526
4858,XGBoost,0.2852,0.2086945
4859,XGBoost,0.2788,0.26793674
4860,XGBoost,0.2227,0.26199985
4861,XGBoost,0.4475,0.35156876
4862,XGBoost,0.312,0.20229447
4863,XGBoost,0.0203,0.079685435
4864,XGBoost,0.5141,0.467532
4865,XGBoost,0.1486,0.3001961
4866,XGBoost,0.4324,0.39322272
4867,XGBoost,0.1087,0.12818873
4868,XGBoost,-0.0272,0.0009463427
4869,XGBoost,0.4206,0.36013913
4870,XGBoost,0.1171,0.10895336
4871,XGBoost,-0.0024,0.058130886
4872,XGBoost,0.2331,0.19727218
4873,XGBoost,0.6584,0.6183914
4874,XGBoost,0.5306,0.47344673
4875,XGBoost,0.058,0.05434807
4876,XGBoost,0.1694,0.27740625
4877,XGBoost,0.2488,0.3351492
4878,XGBoost,0.7782,0.69925046
4879,XGBoost,0.7301,0.64081514
4880,XGBoost,0.4872,0.3523189
4881,XGBoost,0.3047,0.25785083
4882,XGBoost,0.4026,0.36253324
4883,XGBoost,0.2868,0.3058303
4884,XGBoost,0.2601,0.25986135
4885,XGBoost,0.2864,0.3096786
4886,XGBoost,-0.0737,-0.024930812
4887,XGBoost,-0.1567,-0.16923283
4888,XGBoost,0.3182,0.29556352
4889,XGBoost,0.1043,0.2522682
4890,XGBoost,0.0549,0.06356653
4891,XGBoost,0.0428,0.09401534
4892,XGBoost,0.1419,0.14126216
4893,XGBoost,0.239,0.26926363
4894,XGBoost,0.0778,0.11130976
4895,XGBoost,0.0979,0.102923885
4896,XGBoost,0.2467,0.30011126
4897,XGBoost,0.2936,0.14514957
4898,XGBoost,0.0184,-0.005765244
4899,XGBoost,0.5433,0.4775517
4900,XGBoost,0.1661,0.2364377
4901,XGBoost,0.0102,0.008625561
4902,XGBoost,0.328,0.411776
4903,XGBoost,0.3012,0.39137846
4904,XGBoost,0.3961,0.4037057
4905,XGBoost,-0.046,0.055224087
4906,XGBoost,0.4209,0.41024315
4907,XGBoost,-0.0298,0.05058243
4908,XGBoost,0.4238,0.31938082
4909,XGBoost,0.7708,0.73692954
4910,XGBoost,0.2092,0.2453643
4911,XGBoost,0.2682,0.3199438
4912,XGBoost,0.2112,0.27529097
4913,XGBoost,0.0722,0.20162734
4914,XGBoost,0.4688,0.47511154
4915,XGBoost,1.2481,0.84252703
4916,XGBoost,0.0095,0.070673004
4917,XGBoost,-0.0358,0.018596612
4918,XGBoost,0.0479,0.027021643
4919,XGBoost,0.288,0.29047492
4920,XGBoost,0.1683,0.2741401
4921,XGBoost,0.1172,0.108136036
4922,XGBoost,0.4266,0.32494342
4923,XGBoost,0.3837,0.27712053
4924,XGBoost,0.488,0.46936983
4925,XGBoost,0.6812,0.5702342
4926,XGBoost,0.0646,0.106986366
4927,XGBoost,0.4051,0.36097845
4928,XGBoost,0.2185,0.22118779
4929,XGBoost,0.0046,0.25270098
4930,XGBoost,-0.0587,0.068985365
4931,XGBoost,-0.119,-0.08680598
4932,XGBoost,0.2613,0.32735223
4933,XGBoost,-0.1103,-0.12479985
4934,XGBoost,0.3013,0.2790751
4935,XGBoost,0.0802,0.17038251
4936,XGBoost,0.0919,0.10090646
4937,XGBoost,0.0734,0.09396128
4938,XGBoost,0.2036,0.1822771
4939,XGBoost,0.1758,0.11370575
4940,XGBoost,0.4952,0.39781895
4941,XGBoost,0.0146,0.073060684
4942,XGBoost,0.0189,0.1077862
4943,XGBoost,0.1586,0.15314892
4944,XGBoost,0.1125,0.24398242
4945,XGBoost,0.0615,0.14925927
4946,XGBoost,0.3706,0.32057336
4947,XGBoost,0.3743,0.32592344
4948,XGBoost,0.2905,0.20114388
4949,XGBoost,0.0613,0.16456169
4950,XGBoost,0.3826,0.35002503
4951,XGBoost,0.0788,0.16071059
4952,XGBoost,0.1944,0.1317284
4953,XGBoost,0.149,0.16874766
4954,XGBoost,0.0361,0.0507973
4955,XGBoost,-0.0545,-0.07081469
4956,XGBoost,0.2269,0.19761464
4957,XGBoost,0.1526,0.10147156
4958,XGBoost,0.5136,0.55988264
4959,XGBoost,0.0685,0.057509676
4960,XGBoost,0.1305,0.110556655
4961,XGBoost,-0.0875,-0.108849734
4962,XGBoost,0.236,0.13465868
4963,XGBoost,0.1842,0.15785445
4964,XGBoost,0.233,0.2698568
4965,XGBoost,-0.0317,-0.01834807
4966,XGBoost,0.4095,0.3215493
4967,XGBoost,0.1546,0.211216
4968,XGBoost,0.037,0.018551147
4969,XGBoost,0.4872,0.35205278
4970,XGBoost,-0.0565,-0.071883135
4971,XGBoost,0.2253,0.19846326
4972,XGBoost,0.26,0.29795587
4973,XGBoost,0.1591,0.14820538
4974,XGBoost,0.6129,0.56928056
4975,XGBoost,0.2105,0.15128662
4976,XGBoost,0.1873,0.21702863
4977,XGBoost,0.0934,0.15586174
4978,XGBoost,0.0877,0.0385964
4979,XGBoost,0.0442,-0.016622206
4980,XGBoost,0.1154,0.18328111
4981,XGBoost,0.0082,0.02336578
4982,XGBoost,0.1121,0.105573565
4983,XGBoost,-0.0619,0.0050540282
4984,XGBoost,0.0969,0.06098994
4985,XGBoost,0.6493,0.63123614
4986,XGBoost,-0.0399,0.066717416
4987,XGBoost,0.3642,0.2332142
4988,XGBoost,0.172,0.15627651
4989,XGBoost,0.2563,0.22758837
4990,XGBoost,0.0851,0.08733152
4991,XGBoost,0.2932,0.2337425
4992,XGBoost,0.5883,0.5442677
4993,XGBoost,0.986,0.9723367
4994,XGBoost,0.1693,0.20505068
4995,XGBoost,-0.081,-0.13336526
4996,XGBoost,0.0795,0.04779795
4997,XGBoost,0.598,0.5399169
4998,XGBoost,-0.1057,-0.13830315
4999,XGBoost,0.0401,0.024366908
5000,XGBoost,-0.026,0.13621522
5001,XGBoost,0.1695,0.15692465
5002,XGBoost,0.1457,0.23201776
5003,XGBoost,0.048,0.091694005
5004,XGBoost,0.4423,0.45625246
5005,XGBoost,-0.1047,-0.071473755
5006,XGBoost,0.1764,0.19605702
5007,XGBoost,0.4468,0.41349393
5008,XGBoost,0.2157,0.28890225
5009,XGBoost,0.7374,0.7791788
5010,XGBoost,0.2831,0.30714706
5011,XGBoost,-0.0106,0.13457994
5012,XGBoost,0.5457,0.42763245
5013,XGBoost,0.38,0.4172736
5014,XGBoost,0.2253,0.13481712
5015,XGBoost,0.0221,0.038398765
5016,XGBoost,0.1607,0.18491103
5017,XGBoost,0.1264,0.13356559
5018,XGBoost,0.2704,0.16261424
5019,XGBoost,0.1481,0.19097671
5020,XGBoost,0.0985,0.08368611
5021,XGBoost,-0.1075,-0.020920666
5022,XGBoost,0.2548,0.27977258
5023,XGBoost,0.7477,0.69988126
5024,XGBoost,0.0613,0.17044331
5025,XGBoost,0.2074,0.17412923
5026,XGBoost,0.171,0.12427498
5027,XGBoost,0.3925,0.30773792
5028,XGBoost,0.1038,0.08989332
5029,XGBoost,0.1708,0.21104197
5030,XGBoost,0.1756,0.21879765
5031,XGBoost,0.268,0.1824676
5032,XGBoost,0.0115,0.043242868
5033,XGBoost,0.1498,0.09646934
5034,XGBoost,0.1774,0.2708378
5035,XGBoost,0.2834,0.19366369
5036,XGBoost,0.4366,0.4305249
5037,XGBoost,-0.1291,0.061680816
5038,XGBoost,0.0543,0.054591075
5039,XGBoost,0.166,0.14208394
5040,XGBoost,-0.0198,0.08873573
5041,XGBoost,0.5217,0.47398478
5042,XGBoost,0.4974,0.53909844
5043,XGBoost,0.8018,0.87620103
5044,XGBoost,0.001,0.03797591
5045,XGBoost,0.0906,0.1930837
5046,XGBoost,0.08,0.11409734
5047,XGBoost,0.2989,0.29211214
5048,XGBoost,0.5271,0.50679773
5049,XGBoost,0.0527,0.11477884
5050,XGBoost,0.1759,0.08947322
5051,XGBoost,-0.005,-0.013747565
5052,XGBoost,0.1326,0.22190543
5053,XGBoost,0.4503,0.5630335
5054,XGBoost,0.8067,0.85397345
5055,XGBoost,0.2021,0.23264584
5056,XGBoost,0.0948,0.122907355
5057,XGBoost,0.6697,0.7752887
5058,XGBoost,0.0943,0.16602173
5059,XGBoost,-0.0418,0.0988298
5060,XGBoost,-0.1715,-0.1152708
5061,XGBoost,0.4907,0.4056689
5062,XGBoost,0.3563,0.33512878
5063,XGBoost,0.273,0.22132729
5064,XGBoost,0.0497,0.2757614
5065,XGBoost,0.1157,0.17409062
5066,XGBoost,0.0683,0.07784278
5067,XGBoost,0.4462,0.4104775
5068,XGBoost,0.4586,0.40889508
5069,XGBoost,0.105,0.12694268
5070,XGBoost,-0.0482,0.055630047
5071,XGBoost,0.0722,0.08735343
5072,XGBoost,0.2229,0.22610523
5073,XGBoost,-0.097,-0.045731697
5074,XGBoost,-0.0745,-0.05910928
5075,XGBoost,0.1814,0.11588275
5076,XGBoost,0.151,0.120289
5077,XGBoost,0.4199,0.35417753
5078,XGBoost,0.3911,0.35610875
5079,XGBoost,0.2598,0.30168128
5080,XGBoost,0.205,0.1768591
5081,XGBoost,0.8629,0.71974903
5082,XGBoost,0.2017,0.25423288
5083,XGBoost,0.2738,0.2031601
5084,XGBoost,0.2729,0.20587441
5085,XGBoost,0.1047,0.109279245
5086,XGBoost,0.2687,0.25926426
5087,XGBoost,0.4552,0.37246773
5088,XGBoost,0.0912,0.11828218
5089,XGBoost,0.2364,0.017514855
5090,XGBoost,0.3752,0.27770865
5091,XGBoost,-0.0452,0.040259738
5092,XGBoost,0.0379,-0.032112345
5093,XGBoost,0.2634,0.20619404
5094,XGBoost,0.2613,0.33285373
5095,XGBoost,0.5924,0.51098424
5096,XGBoost,0.4075,0.41184413
5097,XGBoost,0.2985,0.23401614
5098,XGBoost,0.0114,0.05220104
5099,XGBoost,0.1721,0.10736749
5100,XGBoost,0.7463,0.63592774
5101,XGBoost,0.822,0.733526
5102,XGBoost,0.092,0.21049252
5103,XGBoost,0.5429,0.55613697
5104,XGBoost,0.0645,0.1282969
5105,XGBoost,0.8555,0.80632323
5106,XGBoost,0.5486,0.33915952
5107,XGBoost,0.0234,0.1535926
5108,XGBoost,0.7415,0.6427337
5109,XGBoost,0.1729,0.092724636
5110,XGBoost,0.5305,0.62256193
5111,XGBoost,0.1403,0.1987592
5112,XGBoost,0.1661,0.14400412
5113,XGBoost,0.3813,0.31603983
5114,XGBoost,0.2974,0.20531377
5115,XGBoost,0.1201,0.15157789
5116,XGBoost,0.4217,0.36499232
5117,XGBoost,0.6828,0.73809826
5118,XGBoost,0.0717,0.09651679
5119,XGBoost,0.1757,0.17222887
5120,XGBoost,0.1569,0.100880794
5121,XGBoost,0.6365,0.56197757
5122,XGBoost,0.2178,0.25589398
5123,XGBoost,0.0698,0.12997769
5124,XGBoost,0.344,0.3008301
5125,XGBoost,0.0696,0.076060444
5126,XGBoost,0.451,0.5333345
5127,XGBoost,0.1572,0.16554072
5128,XGBoost,0.3793,0.22837748
5129,XGBoost,-0.028,-0.06352067
5130,XGBoost,1.0119,0.5930775
5131,XGBoost,0.1828,0.23609713
5132,XGBoost,0.1722,0.23209654
5133,XGBoost,0.1229,0.18525244
5134,XGBoost,0.4359,0.230553
5135,XGBoost,0.292,0.20196635
5136,XGBoost,0.2342,0.21391818
5137,XGBoost,0.1199,0.08208658
5138,XGBoost,0.585,0.49396574
5139,XGBoost,0.1999,0.29074538
5140,XGBoost,0.1048,0.06103791
5141,XGBoost,0.1235,0.23638959
5142,XGBoost,0.1082,0.13412602
5143,XGBoost,0.0133,0.05666252
5144,XGBoost,0.3418,0.36598203
5145,XGBoost,0.0902,0.16857824
5146,XGBoost,0.8834,0.8171012
5147,XGBoost,0.3075,0.2478697
5148,XGBoost,-0.0527,0.2196167
5149,XGBoost,0.4192,0.44422367
5150,XGBoost,0.6504,0.63749194
5151,XGBoost,0.0907,0.17155515
5152,XGBoost,0.4827,0.4765893
5153,XGBoost,-0.059,0.043994125
5154,XGBoost,0.0586,0.097259745
5155,XGBoost,0.312,0.34870115
5156,XGBoost,0.2348,0.16439234
5157,XGBoost,0.0987,0.24099828
5158,XGBoost,-0.0676,-0.045632817
5159,XGBoost,0.1012,0.10357655
5160,XGBoost,0.2383,0.19181395
5161,XGBoost,0.1328,0.22138657
5162,XGBoost,0.0704,0.2813853
5163,XGBoost,-0.0616,-0.0369086
5164,XGBoost,0.1936,0.123302095
5165,XGBoost,0.0435,0.1231143
5166,XGBoost,0.3252,0.2647629
5167,XGBoost,0.3996,0.39259905
5168,XGBoost,0.1641,0.21819182
5169,XGBoost,-0.0151,-0.01069564
5170,XGBoost,0.4111,0.35847247
5171,XGBoost,0.492,0.28624067
5172,XGBoost,-0.1004,-0.07305699
5173,XGBoost,0.0652,0.111887194
5174,XGBoost,0.0,0.061635993
5175,XGBoost,0.3253,0.3185635
5176,XGBoost,0.1351,0.19313687
5177,XGBoost,0.3643,0.35065338
5178,XGBoost,0.292,0.3003343
5179,XGBoost,0.3349,0.3079043
5180,XGBoost,0.2678,0.29422817
5181,XGBoost,0.2469,0.32015744
5182,XGBoost,0.5129,0.39687508
5183,XGBoost,0.0552,0.1343737
5184,XGBoost,0.1143,0.13716953
5185,XGBoost,0.8039,0.7432366
5186,XGBoost,0.3607,0.36738223
5187,XGBoost,0.2068,0.27033198
5188,XGBoost,0.1913,0.15518656
5189,XGBoost,0.125,0.15057208
5190,XGBoost,0.1663,0.20364551
5191,XGBoost,0.076,0.18253176
5192,XGBoost,0.5044,0.51544076
5193,XGBoost,0.6423,0.5994811
5194,XGBoost,0.2791,0.2747742
5195,XGBoost,0.7579,0.78435785
5196,XGBoost,0.0767,0.10254505
5197,XGBoost,0.9146,0.7814945
5198,XGBoost,0.1719,0.1711773
5199,XGBoost,0.1753,0.14011583
5200,XGBoost,0.0097,0.053902697
5201,XGBoost,0.4714,0.43613818
5202,XGBoost,0.0081,-0.0020269349
5203,XGBoost,0.0169,0.10438256
5204,XGBoost,0.6104,0.60373926
5205,XGBoost,0.112,0.22197862
5206,XGBoost,-0.1231,-0.11288277
5207,XGBoost,0.0399,0.25670177
5208,XGBoost,0.3282,0.31501502
5209,XGBoost,0.9108,0.81179917
5210,XGBoost,0.5306,0.5007946
5211,XGBoost,0.1133,0.11377197
5212,XGBoost,0.0486,0.13492985
5213,XGBoost,0.2478,0.21356913
5214,XGBoost,0.278,0.27341795
5215,XGBoost,0.4901,0.44808522
5216,XGBoost,0.1069,0.25506598
5217,XGBoost,0.2455,0.26341194
5218,XGBoost,0.6483,0.614048
5219,XGBoost,0.2966,0.313924
5220,XGBoost,0.3215,0.27237657
5221,XGBoost,0.1231,0.1917149
5222,XGBoost,0.7772,0.7708244
5223,XGBoost,0.4355,0.42825696
5224,XGBoost,0.2655,0.285079
5225,XGBoost,0.1822,0.3706692
5226,XGBoost,0.6091,0.47503445
5227,XGBoost,0.6985,0.65273017
5228,XGBoost,0.4363,0.1854496
5229,XGBoost,0.2766,0.27605844
5230,XGBoost,0.2286,0.20752798
5231,XGBoost,0.1054,0.045950804
5232,XGBoost,0.0642,0.14870688
5233,XGBoost,0.4255,0.35939476
5234,XGBoost,0.1174,0.1446332
5235,XGBoost,0.1026,0.09618312
5236,XGBoost,0.0051,0.13458802
5237,XGBoost,0.2015,0.22751357
5238,XGBoost,0.2918,0.27784336
5239,XGBoost,0.0296,0.04362775
5240,XGBoost,0.1481,0.15536425
5241,XGBoost,0.2316,0.14301313
5242,XGBoost,0.5369,0.49219027
5243,XGBoost,0.4383,0.4025333
5244,XGBoost,0.4534,0.36169225
5245,XGBoost,0.1349,0.15513268
5246,XGBoost,0.0524,0.09347279
5247,XGBoost,0.4313,0.42937443
5248,XGBoost,0.2227,0.18280984
5249,XGBoost,0.4021,0.2666639
5250,XGBoost,-0.0014,0.11260286
5251,XGBoost,-0.0802,0.17219178
5252,XGBoost,-0.0308,0.013200718
5253,XGBoost,0.104,0.23855282
5254,XGBoost,0.2357,0.15134586
5255,XGBoost,0.8637,0.8156367
5256,XGBoost,-0.0106,0.16271274
5257,XGBoost,0.7437,0.72142935
5258,XGBoost,-0.0017,0.09961251
5259,XGBoost,-0.0048,0.056715492
5260,XGBoost,0.186,0.16413324
5261,XGBoost,0.062,0.12427863
5262,XGBoost,-0.0208,0.027119635
5263,XGBoost,0.2101,0.19455183
5264,XGBoost,0.2054,0.19668643
5265,XGBoost,0.2591,0.23981306
5266,XGBoost,-0.1055,-0.068292834
5267,XGBoost,0.3345,0.3498379
5268,XGBoost,-0.1211,-0.06612667
5269,XGBoost,0.108,0.08625063
5270,XGBoost,0.1811,0.3506203
5271,XGBoost,0.0623,0.24924304
5272,XGBoost,0.2292,0.26543957
5273,XGBoost,0.4991,0.5894771
5274,XGBoost,-0.0437,-0.073758215
5275,XGBoost,0.1702,0.0819039
5276,XGBoost,0.0618,0.090249516
5277,XGBoost,-0.0174,0.047353916
5278,XGBoost,0.3816,0.3118732
5279,XGBoost,0.4849,0.72517467
5280,XGBoost,0.1649,0.1660343
5281,XGBoost,0.2951,0.2487124
5282,XGBoost,0.7788,0.5705874
5283,XGBoost,0.1948,0.19706485
5284,XGBoost,0.5949,0.20497279
5285,XGBoost,0.1477,0.1499974
5286,XGBoost,0.0767,0.16750339
5287,XGBoost,0.148,0.16293538
5288,XGBoost,0.4527,0.46717197
5289,XGBoost,0.145,0.21258715
5290,XGBoost,0.5468,0.54759765
5291,XGBoost,-0.1215,-0.077664495
5292,XGBoost,0.1514,0.13497865
5293,XGBoost,0.0015,-0.0018842559
5294,XGBoost,0.2853,0.27232152
5295,XGBoost,0.1283,0.12035224
5296,XGBoost,0.0971,0.2179512
5297,XGBoost,0.2893,0.39923292
5298,XGBoost,0.0128,0.082129516
5299,XGBoost,-0.0164,0.03788131
5300,XGBoost,-0.0008,0.08232854
5301,XGBoost,0.0161,0.07692458
5302,XGBoost,0.3446,0.26780242
5303,XGBoost,0.3514,0.1598349
5304,XGBoost,0.1152,0.15832211
5305,XGBoost,0.3169,0.26940694
5306,XGBoost,0.1738,0.18465938
5307,XGBoost,0.3424,0.40059546
5308,XGBoost,0.7908,0.73035645
5309,XGBoost,0.7925,0.80086464
5310,XGBoost,0.4727,0.50470304
5311,XGBoost,0.2617,0.27869552
5312,XGBoost,0.2404,0.279411
5313,XGBoost,0.1501,0.2558098
5314,XGBoost,0.1248,0.19628079
5315,XGBoost,0.3621,0.31463188
5316,XGBoost,0.4909,0.3260361
5317,XGBoost,0.7419,0.72160834
5318,XGBoost,0.1008,0.1164568
5319,XGBoost,0.3442,0.39378393
5320,XGBoost,0.0637,0.06107645
5321,XGBoost,0.514,0.5220456
5322,XGBoost,0.2619,0.29006827
5323,XGBoost,0.0658,0.14393985
5324,XGBoost,0.3037,0.3449577
5325,XGBoost,0.074,0.13491043
5326,XGBoost,0.1871,0.16442443
5327,XGBoost,0.2134,0.19853367
5328,XGBoost,0.5407,0.5359428
5329,XGBoost,0.4332,0.3250539
5330,XGBoost,0.1229,0.1298569
5331,XGBoost,0.2493,0.13075802
5332,XGBoost,0.234,0.36265585
5333,XGBoost,0.2104,0.24467725
5334,XGBoost,0.1519,0.24966332
5335,XGBoost,-0.0452,0.18973042
5336,XGBoost,0.3647,0.3388678
5337,XGBoost,0.2672,0.29044503
5338,XGBoost,0.1208,0.052427392
5339,XGBoost,0.0202,0.052142173
5340,XGBoost,-0.131,0.010935673
5341,XGBoost,-0.1225,-0.14473915
5342,XGBoost,0.5242,0.6238758
5343,XGBoost,-0.1262,-0.06636114
5344,XGBoost,0.272,0.1786522
5345,XGBoost,0.1245,0.153664
5346,XGBoost,0.0872,0.0942514
5347,XGBoost,0.0483,0.095396414
5348,XGBoost,0.1939,0.1138103
5349,XGBoost,0.1929,0.17696911
5350,XGBoost,0.2222,0.17139968
5351,XGBoost,0.007,0.05408476
5352,XGBoost,0.9202,0.82321113
5353,XGBoost,0.5872,0.5989243
5354,XGBoost,0.6958,0.66759217
5355,XGBoost,0.2428,0.2338843
5356,XGBoost,0.0403,0.005467833
5357,XGBoost,0.0289,0.13913177
5358,XGBoost,0.2927,0.33124223
5359,XGBoost,0.3093,0.27509013
5360,XGBoost,0.1965,0.10121957
5361,XGBoost,0.0879,0.08914249
5362,XGBoost,0.2427,0.19354147
5363,XGBoost,0.025,0.32162514
5364,XGBoost,-0.0065,0.06943548
5365,XGBoost,0.1457,0.10590661
5366,XGBoost,0.1703,0.189049
5367,XGBoost,0.8967,0.9462452
5368,XGBoost,0.0136,-0.00046795403
5369,XGBoost,0.2048,0.2295421
5370,XGBoost,0.3492,0.41980413
5371,XGBoost,0.5395,0.59413624
5372,XGBoost,0.6908,0.41294697
5373,XGBoost,0.1034,0.097427614
5374,XGBoost,0.4113,0.32143873
5375,XGBoost,-0.1202,-0.03816193
5376,XGBoost,0.3691,0.33025175
5377,XGBoost,0.59,0.61084443
5378,XGBoost,-0.0194,-0.050158948
5379,XGBoost,0.771,0.77788293
5380,XGBoost,0.3835,0.26495993
5381,XGBoost,0.0076,0.008485636
5382,XGBoost,0.1287,0.14942731
5383,XGBoost,0.2237,0.2834714
5384,XGBoost,-0.0237,0.056633346
5385,XGBoost,0.2143,0.1442043
5386,XGBoost,0.2354,0.21037331
5387,XGBoost,0.7498,0.6920286
5388,XGBoost,0.1198,0.10849767
5389,XGBoost,0.3478,0.28388414
5390,XGBoost,0.1248,0.18905754
5391,XGBoost,0.2719,0.33301657
5392,XGBoost,0.1084,0.10255856
5393,XGBoost,-0.0069,0.11143337
5394,XGBoost,0.1264,0.04836423
5395,XGBoost,0.2027,0.1607707
5396,XGBoost,0.1449,0.1532237
5397,XGBoost,-0.0061,-0.043079168
5398,XGBoost,0.1818,0.10484706
5399,XGBoost,0.2253,0.2724244
5400,XGBoost,0.0039,0.112129144
5401,XGBoost,0.9996,0.8223228
5402,XGBoost,-0.023,-0.0027339412
5403,XGBoost,0.1997,0.13938838
5404,XGBoost,0.1243,0.16284506
5405,XGBoost,0.1921,0.18849434
5406,XGBoost,0.0066,0.016503058
5407,XGBoost,0.2046,0.24218647
5408,XGBoost,0.1105,0.15268259
5409,XGBoost,0.3123,0.3360104
5410,XGBoost,0.0193,0.030503301
5411,XGBoost,0.0075,0.08959311
5412,XGBoost,0.5058,0.4425156
5413,XGBoost,0.2169,0.32279974
5414,XGBoost,0.7022,0.64223903
5415,XGBoost,-0.1831,-0.17419292
5416,XGBoost,0.2124,0.20259875
5417,XGBoost,-0.0942,-0.012968471
5418,XGBoost,0.8283,0.72201824
5419,XGBoost,0.8757,0.8940687
5420,XGBoost,-0.1128,-0.080329664
5421,XGBoost,0.2324,0.20566458
5422,XGBoost,0.459,0.33183172
5423,XGBoost,0.2739,0.27661288
5424,XGBoost,0.1547,0.23660521
5425,XGBoost,0.2858,0.28359997
5426,XGBoost,0.1958,0.2972098
5427,XGBoost,0.3291,0.2751712
5428,XGBoost,0.6847,0.6048369
5429,XGBoost,0.2337,0.2519001
5430,XGBoost,0.109,0.14915097
5431,XGBoost,0.5931,0.46694657
5432,XGBoost,0.2046,0.22149248
5433,XGBoost,0.5625,0.58498347
5434,XGBoost,0.3109,0.3521026
5435,XGBoost,0.1674,0.1480166
5436,XGBoost,0.6159,0.5191761
5437,XGBoost,0.2298,0.2761041
5438,XGBoost,0.2206,0.17667872
5439,XGBoost,0.2208,0.19350344
5440,XGBoost,0.3857,0.2823657
5441,XGBoost,0.1792,0.12871124
5442,XGBoost,0.019,0.080311954
5443,XGBoost,0.1989,0.18524696
5444,XGBoost,0.2141,0.30353552
5445,XGBoost,0.376,0.34699312
5446,XGBoost,0.1498,0.23343705
5447,XGBoost,0.0335,0.0899736
5448,XGBoost,0.2547,0.3288178
5449,XGBoost,0.4235,0.26965958
5450,XGBoost,0.369,0.35967594
5451,XGBoost,0.2347,0.21811977
5452,XGBoost,0.5132,0.5463482
5453,XGBoost,0.6813,0.7990087
5454,XGBoost,0.2096,0.24406636
5455,XGBoost,0.1504,0.116416946
5456,XGBoost,0.1654,0.17983225
5457,XGBoost,0.2655,0.24767917
5458,XGBoost,-0.0196,0.027122479
5459,XGBoost,0.1818,0.27502245
5460,XGBoost,0.2355,0.19138916
5461,XGBoost,0.1627,0.20145077
5462,XGBoost,0.1224,0.20703849
5463,XGBoost,0.3277,0.17893766
5464,XGBoost,0.0593,0.15709761
5465,XGBoost,0.0822,0.092676125
5466,XGBoost,0.5582,0.56113106
5467,XGBoost,0.2101,0.25490978
5468,XGBoost,0.1047,0.083858065
5469,XGBoost,0.4698,0.33958384
5470,XGBoost,0.2846,0.2844057
5471,XGBoost,0.2647,0.24660288
5472,XGBoost,-0.0009,-0.1167106
5473,XGBoost,0.1054,0.14393044
5474,XGBoost,0.0786,0.12146822
5475,XGBoost,0.3096,0.37024716
5476,XGBoost,0.1641,0.04867915
5477,XGBoost,0.0942,0.32742983
5478,XGBoost,0.0136,0.08125269
5479,XGBoost,0.0959,0.08212329
5480,XGBoost,0.8027,0.75079226
5481,XGBoost,0.2329,0.18957174
5482,XGBoost,0.3372,0.37437037
5483,XGBoost,0.0099,0.062229212
5484,XGBoost,0.6129,0.5566844
5485,XGBoost,0.0818,0.14006685
5486,XGBoost,0.0712,0.08508459
5487,XGBoost,0.3624,0.24900052
5488,XGBoost,0.1103,0.18218361
5489,XGBoost,0.2026,0.20741409
5490,XGBoost,0.4474,0.41827068
5491,XGBoost,0.1322,0.087161385
5492,XGBoost,0.3091,0.25989577
5493,XGBoost,0.0551,0.073161274
5494,XGBoost,0.1049,0.2080216
5495,XGBoost,0.263,0.21091877
5496,XGBoost,0.421,0.47662643
5497,XGBoost,0.1589,0.20024388
5498,XGBoost,0.5941,0.5803574
5499,XGBoost,0.4142,0.4718047
5500,XGBoost,0.1854,0.1848745
5501,XGBoost,0.2463,0.21169461
5502,XGBoost,0.159,0.13665757
5503,XGBoost,0.5008,0.4748558
5504,XGBoost,0.5742,0.7390566
5505,XGBoost,0.3216,0.32037404
5506,XGBoost,0.3896,0.23802628
5507,XGBoost,0.2792,0.20701452
5508,XGBoost,0.0589,0.12946975
5509,XGBoost,0.16,0.15132987
5510,XGBoost,0.2734,0.16483541
5511,XGBoost,0.4223,0.38101196
5512,XGBoost,0.067,0.110666454
5513,XGBoost,0.364,0.33095655
5514,XGBoost,0.3601,0.3265706
5515,XGBoost,0.0247,0.10691943
5516,XGBoost,0.3551,0.13964127
5517,XGBoost,0.3334,0.24747181
5518,XGBoost,0.5679,0.5326066
5519,XGBoost,0.4679,0.42866826
5520,XGBoost,0.1459,0.09296223
5521,XGBoost,0.1602,0.17731783
5522,XGBoost,-0.0661,0.018837554
5523,XGBoost,-0.055,-0.007855244
5524,XGBoost,0.2047,0.2668769
5525,XGBoost,0.2421,0.17128739
5526,XGBoost,0.2256,0.2850085
5527,XGBoost,0.0069,0.08347892
5528,XGBoost,0.7612,0.50369114
5529,XGBoost,0.7587,0.7078727
5530,XGBoost,0.8633,0.86651474
5531,XGBoost,0.0844,0.14585122
5532,XGBoost,0.8313,0.79992664
5533,XGBoost,0.2207,0.19513896
5534,XGBoost,0.1869,0.22569306
5535,XGBoost,0.2115,0.13366984
5536,XGBoost,0.0609,0.072760865
5537,XGBoost,0.192,0.34560972
5538,XGBoost,0.2797,0.17812535
5539,XGBoost,0.1371,0.13098279
5540,XGBoost,0.3043,0.20091906
5541,XGBoost,0.0394,0.06745355
5542,XGBoost,0.1216,0.05139909
5543,XGBoost,0.1245,0.11467642
5544,XGBoost,0.5848,0.6631569
5545,XGBoost,0.2432,0.2203563
5546,XGBoost,0.0048,0.05162544
5547,XGBoost,0.0705,0.056953806
5548,XGBoost,-0.097,-0.051445156
5549,XGBoost,0.074,0.08188008
5550,XGBoost,0.552,0.5696223
5551,XGBoost,0.1824,0.17869397
5552,XGBoost,0.7669,0.7719069
5553,XGBoost,0.1632,0.22306362
5554,XGBoost,0.2632,0.11073046
5555,XGBoost,0.232,0.24981691
5556,XGBoost,0.2834,0.33433896
5557,XGBoost,0.7602,0.6996292
5558,XGBoost,0.3011,0.29124102
5559,XGBoost,0.0026,0.10236657
5560,XGBoost,0.0852,0.18242669
5561,XGBoost,0.0265,0.15804566
5562,XGBoost,0.4961,0.37795466
5563,XGBoost,0.0437,0.04820466
5564,XGBoost,0.2586,0.2307974
5565,XGBoost,0.093,0.20152812
5566,XGBoost,0.2223,0.16539922
5567,XGBoost,0.1602,0.14098936
5568,XGBoost,0.221,0.29211065
5569,XGBoost,-0.1928,-0.006678119
5570,XGBoost,0.3604,0.24842551
5571,XGBoost,-0.0163,-0.026617268
5572,XGBoost,0.2293,0.20858969
5573,XGBoost,0.0085,0.028175713
5574,XGBoost,0.3513,0.13520913
5575,XGBoost,0.0943,0.10997775
5576,XGBoost,0.3155,0.22576572
5577,XGBoost,0.2512,0.22875206
5578,XGBoost,0.3566,0.4169499
5579,XGBoost,0.1238,0.13342303
5580,XGBoost,0.003,0.16121848
5581,XGBoost,0.242,0.23514543
5582,XGBoost,0.1499,0.22411749
5583,XGBoost,0.183,0.29186222
5584,XGBoost,0.3344,0.3586892
5585,XGBoost,-0.1987,-0.10584147
5586,XGBoost,0.2334,0.19745842
5587,XGBoost,0.081,0.040448852
5588,XGBoost,0.1888,0.23776238
5589,XGBoost,0.0923,0.08784988
5590,XGBoost,0.1871,0.14205946
5591,XGBoost,0.3479,0.16445486
5592,XGBoost,0.6415,0.7421314
5593,XGBoost,0.7986,0.7030502
5594,XGBoost,0.591,0.46317467
5595,XGBoost,0.6373,0.6730219
5596,XGBoost,0.5626,0.617801
5597,XGBoost,0.2475,0.19061556
5598,XGBoost,0.0807,0.1634358
5599,XGBoost,0.3149,0.24921256
5600,XGBoost,-0.004,0.031399284
5601,XGBoost,0.0315,0.076046646
5602,XGBoost,0.6897,0.6336007
5603,XGBoost,0.049,-0.009070573
5604,XGBoost,0.1863,0.123354435
5605,XGBoost,0.2395,0.2239697
5606,XGBoost,0.3684,0.25121757
5607,XGBoost,0.1349,0.22111367
5608,XGBoost,0.7558,0.71494997
5609,XGBoost,-0.0093,0.037919845
5610,XGBoost,0.1424,0.23655894
5611,XGBoost,0.1914,0.20969415
5612,XGBoost,0.3664,0.34106275
5613,XGBoost,0.428,0.38752276
5614,XGBoost,0.3066,0.24989499
5615,XGBoost,0.2366,0.26333654
5616,XGBoost,0.0673,0.1735128
5617,XGBoost,0.1844,0.22937576
5618,XGBoost,0.3601,0.29397756
5619,XGBoost,0.7097,0.6816692
5620,XGBoost,0.1956,0.13680644
5621,XGBoost,0.0622,0.13241434
5622,XGBoost,0.1181,0.2162018
5623,XGBoost,0.0751,0.016563233
5624,XGBoost,0.0464,0.09822305
5625,XGBoost,0.2715,0.26917568
5626,XGBoost,0.1946,0.15998682
5627,XGBoost,-0.0171,-0.025761764
5628,XGBoost,0.4454,0.3915272
5629,XGBoost,0.1567,0.18853718
5630,XGBoost,0.3559,0.4062784
5631,XGBoost,0.1067,0.110624716
5632,XGBoost,0.3285,0.21623138
5633,XGBoost,0.0808,0.14522642
5634,XGBoost,-0.023,0.15301844
5635,XGBoost,0.4467,0.22212052
5636,XGBoost,-0.203,-0.12385948
5637,XGBoost,0.1753,0.13038653
5638,XGBoost,0.1239,0.13733815
5639,XGBoost,0.5363,0.4485078
5640,XGBoost,0.2086,0.1651493
5641,XGBoost,0.0631,0.050283793
5642,XGBoost,0.6107,0.49536413
5643,XGBoost,-0.0504,0.058253687
5644,XGBoost,0.0492,0.0299903
5645,XGBoost,0.2865,0.2866931
5646,XGBoost,0.0804,0.19606595
5647,XGBoost,0.1995,0.29627946
5648,XGBoost,0.073,0.23820512
5649,XGBoost,0.2945,0.18677345
5650,XGBoost,0.8086,0.6844829
5651,XGBoost,0.2032,0.16861658
5652,XGBoost,0.1317,0.07373906
5653,XGBoost,0.381,0.43501827
5654,XGBoost,0.1685,0.43890727
5655,XGBoost,0.3109,0.32689202
5656,XGBoost,0.9031,0.78007835
5657,XGBoost,0.1289,0.21339521
5658,XGBoost,-0.1243,-0.14086437
5659,XGBoost,0.3541,0.42077005
5660,XGBoost,0.2779,0.26332194
5661,XGBoost,0.145,0.18378249
5662,XGBoost,0.2584,0.22245237
5663,XGBoost,0.4239,0.46728376
5664,XGBoost,0.1823,0.18347847
5665,XGBoost,0.2583,0.26983726
5666,XGBoost,0.2582,0.2722753
5667,XGBoost,-0.0728,-0.03224214
5668,XGBoost,0.7423,0.8810441
5669,XGBoost,0.0398,0.069182046
5670,XGBoost,0.232,0.19425273
5671,XGBoost,0.3535,0.24328397
5672,XGBoost,0.1567,0.1257025
5673,XGBoost,0.2001,0.20218964
5674,XGBoost,0.17,0.17444497
5675,XGBoost,0.1181,0.11364573
5676,XGBoost,0.2155,0.2591876
5677,XGBoost,0.0574,0.029721253
5678,XGBoost,0.2653,0.29475886
5679,XGBoost,0.169,0.20132248
5680,XGBoost,0.1139,0.16302648
5681,XGBoost,0.4252,0.42864612
5682,XGBoost,-0.072,-0.06751637
5683,XGBoost,0.4998,0.5101488
5684,XGBoost,0.1014,0.02377371
5685,XGBoost,0.6795,0.64717966
5686,XGBoost,0.6253,0.47123206
5687,XGBoost,0.4304,0.48481578
5688,XGBoost,0.2564,0.21564601
5689,XGBoost,0.2246,0.19642551
5690,XGBoost,0.5075,0.5750195
5691,XGBoost,0.3139,0.31683642
5692,XGBoost,0.6472,0.6277333
5693,XGBoost,0.0131,0.0021241999
5694,XGBoost,0.1693,0.19498129
5695,XGBoost,0.1423,0.15552895
5696,XGBoost,0.191,0.15660056
5697,XGBoost,0.2701,0.26073045
5698,XGBoost,0.0245,0.0060672173
5699,XGBoost,0.8263,0.7380794
5700,XGBoost,0.1162,0.051549055
5701,XGBoost,0.2257,0.13006271
5702,XGBoost,0.3653,0.3174458
5703,XGBoost,0.1407,0.08862759
5704,XGBoost,0.3483,0.3167455
5705,XGBoost,-0.0772,-0.09370995
5706,XGBoost,0.3423,0.10036945
5707,XGBoost,0.4509,0.28226587
5708,XGBoost,0.0021,0.2010269
5709,XGBoost,-0.0953,-0.06855738
5710,XGBoost,0.047,0.1890593
5711,XGBoost,0.1074,0.13864116
5712,XGBoost,0.0169,0.06273489
5713,XGBoost,0.1411,0.1981994
5714,XGBoost,0.0268,0.20041509
5715,XGBoost,0.154,0.0733891
5716,XGBoost,0.0007,-0.04388671
5717,XGBoost,0.0192,0.05215729
5718,XGBoost,0.2277,0.27447987
5719,XGBoost,0.0527,0.05915684
5720,XGBoost,0.7536,0.6444771
5721,XGBoost,0.1427,0.06928849
5722,XGBoost,0.0372,0.123088695
5723,XGBoost,0.083,0.018719545
5724,XGBoost,0.692,0.7800518
5725,XGBoost,0.1578,0.08290552
5726,XGBoost,0.1449,0.08261269
5727,XGBoost,-0.0913,-0.028837895
5728,XGBoost,0.1377,0.16762401
5729,XGBoost,-0.0243,0.14667495
5730,XGBoost,0.1316,0.15982449
5731,XGBoost,0.071,0.08131092
5732,XGBoost,0.0416,0.0067489143
5733,XGBoost,-0.0078,0.17561617
5734,XGBoost,0.0587,0.039237835
5735,XGBoost,-0.1209,-0.06642764
5736,XGBoost,0.2791,0.2733272
5737,XGBoost,0.0006,-0.08056443
5738,XGBoost,-0.0347,-0.040609244
5739,XGBoost,-0.1586,-0.10741371
5740,XGBoost,0.6421,0.6652016
5741,XGBoost,0.4223,0.4320302
5742,XGBoost,-0.0554,0.01961017
5743,XGBoost,-0.1465,-0.07981693
5744,XGBoost,0.4164,0.29292428
5745,XGBoost,0.9822,0.89949554
5746,XGBoost,0.1536,0.1903854
5747,XGBoost,0.1521,0.077769525
5748,XGBoost,0.0296,0.046616945
5749,XGBoost,0.481,0.4351122
5750,XGBoost,0.1582,0.13568217
5751,XGBoost,0.2649,0.299393
5752,XGBoost,0.4143,0.25747836
5753,XGBoost,0.7998,0.6776859
5754,XGBoost,0.3293,0.22634432
5755,XGBoost,0.011,-0.0119068315
5756,XGBoost,0.2204,0.13340789
5757,XGBoost,0.1795,0.24316472
5758,XGBoost,0.2417,0.25906947
5759,XGBoost,0.763,0.7359224
5760,XGBoost,0.0937,0.13484292
5761,XGBoost,0.5563,0.44410503
5762,XGBoost,0.5296,0.26924503
5763,XGBoost,0.7078,0.68529296
5764,XGBoost,0.4602,0.31432673
5765,XGBoost,0.1286,0.16554639
5766,XGBoost,0.0062,0.059853576
5767,XGBoost,0.4801,0.5334719
5768,XGBoost,0.191,0.22622813
5769,XGBoost,0.1877,0.22372074
5770,XGBoost,0.1538,0.13933171
5771,XGBoost,0.413,0.34833473
5772,XGBoost,0.2631,0.2594665
5773,XGBoost,0.7893,0.580612
5774,XGBoost,0.5589,0.4256312
5775,XGBoost,0.4408,0.40943918
5776,XGBoost,0.1751,0.16822933
5777,XGBoost,0.338,0.33629033
5778,XGBoost,0.0389,0.1021901
5779,XGBoost,-0.0409,0.03455738
5780,XGBoost,0.8845,0.8511875
5781,XGBoost,0.507,0.5026168
5782,XGBoost,0.5069,0.3646509
5783,XGBoost,0.159,0.18074721
5784,XGBoost,0.3403,0.24703638
5785,XGBoost,0.1347,0.12736715
5786,XGBoost,-0.0917,-0.045879718
5787,XGBoost,0.3132,0.33344084
5788,XGBoost,0.1563,0.27103227
5789,XGBoost,0.1634,0.13146007
5790,XGBoost,0.0283,0.010042993
5791,XGBoost,0.4156,0.32335296
5792,XGBoost,0.2776,0.25579244
5793,XGBoost,0.285,0.36557725
5794,XGBoost,0.0277,0.07893351
5795,XGBoost,0.2433,0.17208406
5796,XGBoost,0.0146,0.17340386
5797,XGBoost,0.1401,0.16207425
5798,XGBoost,0.2873,0.24410032
5799,XGBoost,0.2748,0.27382368
5800,XGBoost,0.6025,0.6119901
5801,XGBoost,0.4643,0.41043422
5802,XGBoost,-0.2157,-0.022805205
5803,XGBoost,0.1203,0.030998684
5804,XGBoost,0.0828,0.22994614
5805,XGBoost,0.4831,0.29721048
5806,XGBoost,0.2895,0.30233857
5807,XGBoost,-0.0352,0.121392034
5808,XGBoost,0.2205,0.14887168
5809,XGBoost,0.0719,0.0350478
5810,XGBoost,0.1049,0.12142943
5811,XGBoost,0.1905,0.14367366
5812,XGBoost,0.1619,0.16402715
5813,XGBoost,0.3369,0.31466052
5814,XGBoost,0.0956,0.14855282
5815,XGBoost,0.2671,0.15712984
5816,XGBoost,0.4321,0.34129155
5817,XGBoost,0.968,0.92825174
5818,XGBoost,0.2189,0.29949066
5819,XGBoost,0.4722,0.3853011
5820,XGBoost,0.104,0.16722071
5821,XGBoost,0.119,0.07201326
5822,XGBoost,0.0959,0.095566764
5823,XGBoost,0.1303,0.14134036
5824,XGBoost,0.3844,0.2624552
5825,XGBoost,0.0468,-0.00027217614
5826,XGBoost,0.0681,0.103836514
5827,XGBoost,0.1287,0.10292866
5828,XGBoost,-0.0123,0.12701592
5829,XGBoost,0.0708,0.06061936
5830,XGBoost,0.2627,0.2308576
5831,XGBoost,0.7374,0.687654
5832,XGBoost,0.1087,0.15297781
5833,XGBoost,0.5968,0.6558723
5834,XGBoost,0.0077,0.0067282096
5835,XGBoost,0.3318,0.32480243
5836,XGBoost,1.0182,1.0528955
5837,XGBoost,0.3165,0.25232115
5838,XGBoost,0.3294,0.35654616
5839,XGBoost,0.2514,0.21635112
5840,XGBoost,0.1323,0.29910496
5841,XGBoost,0.716,0.69107765
5842,XGBoost,0.1813,0.19204786
5843,XGBoost,-0.1411,-0.13150644
5844,XGBoost,0.3845,0.33016884
5845,XGBoost,0.2491,0.21986097
5846,XGBoost,0.3569,0.4025029
5847,XGBoost,0.263,0.2233949
5848,XGBoost,0.2614,0.26589385
5849,XGBoost,0.0157,0.07442795
5850,XGBoost,-0.0157,-0.008359746
5851,XGBoost,0.2534,0.19002175
5852,XGBoost,0.1752,0.16548495
5853,XGBoost,0.3473,0.36110094
5854,XGBoost,0.2273,0.21321008
5855,XGBoost,0.1363,0.10590067
5856,XGBoost,0.2728,0.30019018
5857,XGBoost,0.0689,0.1349992
5858,XGBoost,0.1177,0.14973342
5859,XGBoost,0.2348,0.07076962
5860,XGBoost,0.1175,0.15674616
5861,XGBoost,0.3843,0.37254354
5862,XGBoost,-0.0015,0.1005327
5863,XGBoost,0.6192,0.62598664
5864,XGBoost,0.4464,0.38179472
5865,XGBoost,0.0115,-0.001445537
5866,XGBoost,0.1149,0.09187162
5867,XGBoost,0.1727,0.11363758
5868,XGBoost,0.762,0.54622215
5869,XGBoost,0.0519,0.06186375
5870,XGBoost,-0.0504,0.20985855
5871,XGBoost,0.5145,0.16956949
5872,XGBoost,0.2275,0.12203385
5873,XGBoost,0.3701,0.27399075
5874,XGBoost,0.8236,0.8520609
5875,XGBoost,0.105,0.13356493
5876,XGBoost,0.2646,0.20194754
5877,XGBoost,0.511,0.5236273
5878,XGBoost,0.7372,0.75190634
5879,XGBoost,0.6179,0.5990953
5880,XGBoost,0.2927,0.34221876
5881,XGBoost,0.0958,0.16364002
5882,XGBoost,0.2262,0.17204086
5883,XGBoost,0.1204,0.097504064
5884,XGBoost,0.444,0.48708454
5885,XGBoost,0.1689,0.15457642
5886,XGBoost,0.1055,0.08720898
5887,XGBoost,0.0738,0.18613084
5888,XGBoost,0.3141,0.22017126
5889,XGBoost,0.4324,0.3286081
5890,XGBoost,0.4149,0.4450392
5891,XGBoost,0.1827,0.08096812
5892,XGBoost,0.177,0.121751115
5893,XGBoost,0.4184,0.2673777
5894,XGBoost,0.4611,0.40234047
5895,XGBoost,0.1411,0.11011145
5896,XGBoost,0.1326,0.12503633
5897,XGBoost,0.0674,0.053185374
5898,XGBoost,-0.1918,-0.13594063
5899,XGBoost,0.0889,0.10785475
5900,XGBoost,0.2759,0.22157405
5901,XGBoost,0.2229,0.15906887
5902,XGBoost,0.0286,0.061692018
5903,XGBoost,0.234,0.2458843
5904,XGBoost,0.4041,0.3577239
5905,XGBoost,0.55,0.511242
5906,XGBoost,0.4234,0.3970663
5907,XGBoost,0.7192,0.64536685
5908,XGBoost,0.1053,0.15699401
5909,XGBoost,0.5756,0.48371315
5910,XGBoost,0.6088,0.61186266
5911,XGBoost,0.0527,0.1269247
5912,XGBoost,0.0983,0.1766514
5913,XGBoost,0.2077,0.24698435
5914,XGBoost,0.4189,0.4013015
5915,XGBoost,0.3759,0.3964019
5916,XGBoost,0.0413,0.09396335
5917,XGBoost,0.444,0.4630977
5918,XGBoost,0.3499,0.21992496
5919,XGBoost,0.0417,0.091595694
5920,XGBoost,0.2727,0.25358778
5921,XGBoost,0.2218,0.20483561
5922,XGBoost,0.4209,0.4170592
5923,XGBoost,0.4697,0.3836887
5924,XGBoost,0.2169,0.18514517
5925,XGBoost,0.194,0.29630312
5926,XGBoost,0.1483,0.14521644
5927,XGBoost,0.0315,0.10198339
5928,XGBoost,0.2095,0.24713835
5929,XGBoost,0.1968,0.19402081
5930,XGBoost,0.1501,0.116064884
5931,XGBoost,0.0064,-0.03309655
5932,XGBoost,0.1139,0.081471644
5933,XGBoost,0.3997,0.3789428
5934,XGBoost,0.0137,0.12941042
5935,XGBoost,0.5632,0.27425298
5936,XGBoost,0.364,0.36949247
5937,XGBoost,0.1252,0.17886731
5938,XGBoost,0.8815,0.82217675
5939,XGBoost,-0.1031,-0.008912542
5940,XGBoost,0.6519,0.5317173
5941,XGBoost,-0.1633,-0.13153735
5942,XGBoost,0.1594,0.27669728
5943,XGBoost,0.1353,0.097502545
5944,XGBoost,0.0928,0.13244328
5945,XGBoost,0.2394,0.17417236
5946,XGBoost,-0.1511,-0.12788068
5947,XGBoost,0.1249,0.12665176
5948,XGBoost,0.1967,0.22947471
5949,XGBoost,0.244,0.22235581
5950,XGBoost,0.2271,0.0419098
5951,XGBoost,0.0979,0.14342529
5952,XGBoost,0.5082,0.36179915
5953,XGBoost,0.0196,0.050495103
5954,XGBoost,0.2708,0.2705615
5955,XGBoost,-0.0592,-0.054203656
5956,XGBoost,0.1764,0.29355207
5957,XGBoost,0.712,0.7218579
5958,XGBoost,0.161,0.33270475
5959,XGBoost,0.2217,0.13638884
5960,XGBoost,0.0747,0.12192579
5961,XGBoost,0.2956,0.2205556
5962,XGBoost,-0.1472,-0.15616569
5963,XGBoost,0.0653,0.1555511
5964,XGBoost,0.4054,0.33932507
5965,XGBoost,0.2278,0.22604342
5966,XGBoost,0.0893,0.11798004
5967,XGBoost,0.1983,0.17579447
5968,XGBoost,0.1475,0.13355495
5969,XGBoost,0.6911,0.5782579
5970,XGBoost,0.2204,0.16999489
5971,XGBoost,0.1781,0.19064075
5972,XGBoost,0.0152,0.02960439
5973,XGBoost,0.3516,0.24998668
5974,XGBoost,0.3131,0.2346714
5975,XGBoost,0.2978,0.26143727
5976,XGBoost,0.5104,0.45746776
5977,XGBoost,0.2419,0.24098507
5978,XGBoost,0.1082,0.1655498
5979,XGBoost,0.3764,-0.01727433
5980,XGBoost,0.2529,0.2888095
5981,XGBoost,0.1246,0.008048698
5982,XGBoost,0.1304,0.022297414
5983,XGBoost,-0.0045,-0.058193605
5984,XGBoost,0.3164,0.3092219
5985,XGBoost,0.1435,0.07780225
5986,XGBoost,0.0229,-0.043879144
5987,XGBoost,0.0309,0.044410504
5988,XGBoost,0.0621,0.1963217
5989,XGBoost,0.0784,0.04750615
5990,XGBoost,0.5824,0.47204852
5991,XGBoost,-0.1898,-0.1270586
5992,XGBoost,0.06,0.09763862
5993,XGBoost,0.0708,0.18691166
5994,XGBoost,0.0177,0.07176249
5995,XGBoost,0.0279,0.06935501
5996,XGBoost,0.1094,0.1382173
5997,XGBoost,0.1045,0.10492365
5998,XGBoost,0.0055,0.04801149
5999,XGBoost,0.6646,0.60564715
6000,XGBoost,0.0512,0.06732256
6001,XGBoost,0.3833,0.45866746
6002,XGBoost,0.5024,0.42889363
6003,XGBoost,0.126,0.15124084
6004,XGBoost,0.0858,0.22148532
6005,XGBoost,0.7167,0.59618336
6006,XGBoost,0.1458,0.07904941
6007,XGBoost,0.8372,0.73794764
6008,XGBoost,0.1658,0.11769948
6009,XGBoost,0.2899,0.25723016
6010,XGBoost,0.0753,0.13508926
6011,XGBoost,0.1578,0.18265231
6012,XGBoost,0.1004,0.048924286
6013,XGBoost,0.0181,0.053117983
6014,XGBoost,0.0246,0.06322003
6015,XGBoost,0.2726,0.22437099
6016,XGBoost,0.336,0.31631714
6017,XGBoost,0.2463,0.2911633
6018,XGBoost,-0.0199,0.06209007
6019,XGBoost,0.1932,0.18438317
6020,XGBoost,0.3848,0.27662772
6021,XGBoost,0.3624,0.41022223
6022,XGBoost,0.224,0.18303467
6023,XGBoost,-0.0369,-0.057477858
6024,XGBoost,0.2776,0.29325914
6025,XGBoost,0.1372,0.14461999
6026,XGBoost,0.2901,0.31285155
6027,XGBoost,0.3244,0.2647035
6028,XGBoost,0.6171,0.55358887
6029,XGBoost,0.3473,0.31193823
6030,XGBoost,0.1021,0.041868877
6031,XGBoost,0.2893,0.23060206
6032,XGBoost,0.6872,0.6605698
6033,XGBoost,0.1537,0.28975776
6034,XGBoost,0.1725,0.19388114
6035,XGBoost,0.6856,0.66475827
6036,XGBoost,0.0473,0.113969676
6037,XGBoost,0.3468,0.32080784
6038,XGBoost,0.1598,0.20398685
6039,XGBoost,0.2828,0.14873259
6040,XGBoost,0.2706,0.1834288
6041,XGBoost,0.2465,0.33760163
6042,XGBoost,0.363,0.35577264
6043,XGBoost,0.0102,0.13895771
6044,XGBoost,0.1531,0.14896111
6045,XGBoost,0.0672,0.096551836
6046,XGBoost,0.4204,0.43992677
6047,XGBoost,0.4323,0.41502267
6048,XGBoost,0.0455,0.121321425
6049,XGBoost,0.2536,0.16098467
6050,XGBoost,0.2168,0.21870847
6051,XGBoost,0.1225,0.18435138
6052,XGBoost,0.2041,0.0908257
6053,XGBoost,0.4143,0.31348082
6054,XGBoost,0.133,0.18193348
6055,XGBoost,0.7504,0.6587536
6056,XGBoost,0.0793,0.103121065
6057,XGBoost,0.7187,0.68270034
6058,XGBoost,-0.0888,-0.09833947
6059,XGBoost,-0.0724,-0.10659652
6060,XGBoost,0.1755,0.20928532
6061,XGBoost,0.1294,0.049730133
6062,XGBoost,0.0995,0.13555892
6063,XGBoost,0.427,0.38361296
6064,XGBoost,0.6007,0.51352143
6065,XGBoost,-0.0566,0.043929514
6066,XGBoost,0.1829,0.1744348
6067,XGBoost,0.0908,0.09399264
6068,XGBoost,0.0227,0.037461665
6069,XGBoost,0.1461,0.11816639
6070,XGBoost,0.4368,0.41997704
6071,XGBoost,0.4394,0.2819078
6072,XGBoost,0.1819,0.14488591
6073,XGBoost,0.4523,0.5071769
6074,XGBoost,0.2127,0.23547292
6075,XGBoost,0.2036,0.18800975
6076,XGBoost,0.1276,0.10229641
6077,XGBoost,0.1621,0.28009957
6078,XGBoost,0.1851,0.26570517
6079,XGBoost,0.0788,0.06783442
6080,XGBoost,0.5982,0.5850699
6081,XGBoost,-0.054,-0.051694494
6082,XGBoost,0.4461,0.40144444
6083,XGBoost,0.2989,0.23133402
6084,XGBoost,0.0467,0.15335636
6085,XGBoost,0.074,0.11738919
6086,XGBoost,0.1703,0.20103188
6087,XGBoost,-0.1722,-0.15786539
6088,XGBoost,-0.185,-0.033551864
6089,XGBoost,0.0057,0.002546724
6090,XGBoost,0.4083,0.43715277
6091,XGBoost,0.0645,0.12957816
6092,XGBoost,-0.0974,-0.062151033
6093,XGBoost,0.4317,0.42774487
6094,XGBoost,-0.0463,-0.057178598
6095,XGBoost,0.6555,0.7020546
6096,XGBoost,0.3019,0.32167482
6097,XGBoost,0.0058,0.16008107
6098,XGBoost,0.2217,0.24425848
6099,XGBoost,0.7551,0.7396073
6100,XGBoost,0.2415,0.17941178
6101,XGBoost,0.0656,0.042364627
6102,XGBoost,0.4595,0.37712067
6103,XGBoost,0.8544,0.8955648
6104,XGBoost,0.3717,0.39231828
6105,XGBoost,0.6272,0.6981199
6106,XGBoost,0.3022,0.35008812
6107,XGBoost,0.3778,0.40896213
6108,XGBoost,0.0287,-0.020774206
6109,XGBoost,0.3884,0.2966086
6110,XGBoost,-0.0232,-0.023336649
6111,XGBoost,0.3837,0.23202725
6112,XGBoost,0.2799,0.24059072
6113,XGBoost,-0.0871,-0.037479
6114,XGBoost,0.057,0.12086744
6115,XGBoost,0.8139,0.74441415
6116,XGBoost,0.4231,0.35525185
6117,XGBoost,0.579,0.37647924
6118,XGBoost,0.1442,0.039115854
6119,XGBoost,-0.0193,-0.007768036
6120,XGBoost,0.3733,0.35561764
6121,XGBoost,0.07,0.16720644
6122,XGBoost,0.2267,0.23734948
6123,XGBoost,0.0168,0.053119596
6124,XGBoost,0.2955,0.20250322
6125,XGBoost,0.2859,0.25937235
6126,XGBoost,0.361,0.19743422
6127,XGBoost,-0.026,0.15632404
6128,XGBoost,0.2305,0.2569112
6129,XGBoost,0.3306,0.2372163
6130,XGBoost,0.5237,0.52704984
6131,XGBoost,0.1627,0.2205325
6132,XGBoost,0.1755,0.06301911
6133,XGBoost,0.3975,0.31988937
6134,XGBoost,0.5249,0.43192592
6135,XGBoost,0.2497,0.20192105
6136,XGBoost,0.4996,0.51117176
6137,XGBoost,0.1157,0.17477752
6138,XGBoost,0.4703,0.40304995
6139,XGBoost,0.239,0.26732042
6140,XGBoost,-0.112,-0.10645046
6141,XGBoost,0.5592,0.5121833
6142,XGBoost,-0.093,-0.13545662
6143,XGBoost,0.0394,0.10149381
6144,XGBoost,0.5545,0.5633512
6145,XGBoost,0.172,0.102226354
6146,XGBoost,0.0646,0.15555952
6147,XGBoost,0.2157,0.19116098
6148,XGBoost,-0.0403,0.001629989
6149,XGBoost,0.2253,0.16520204
6150,XGBoost,-0.0892,-0.14796399
6151,XGBoost,0.605,0.52352846
6152,XGBoost,0.1725,0.20938282
6153,XGBoost,0.2313,0.18858995
6154,XGBoost,0.4575,0.5020171
6155,XGBoost,0.4148,0.2562779
6156,XGBoost,0.7204,0.5770725
6157,XGBoost,0.9066,0.91666174
6158,XGBoost,0.02,0.06769981
6159,XGBoost,1.19,1.1499571
6160,XGBoost,0.2233,0.22231326
6161,XGBoost,0.0991,0.17893144
6162,XGBoost,0.563,0.548214
6163,XGBoost,0.2097,0.21053278
6164,XGBoost,0.0878,0.14172265
6165,XGBoost,0.1536,0.15740773
6166,XGBoost,0.722,0.74018073
6167,XGBoost,-0.018,-0.02403865
6168,XGBoost,-0.0696,0.005827234
6169,XGBoost,-0.11,-0.052547555
6170,XGBoost,0.0869,0.09913801
6171,XGBoost,0.0163,0.055313624
6172,XGBoost,0.195,0.22065166
6173,XGBoost,0.5799,0.6203861
6174,XGBoost,0.3821,0.33293486
6175,XGBoost,0.4484,0.3488081
6176,XGBoost,0.1293,0.16990978
6177,XGBoost,0.0924,0.120150186
6178,XGBoost,0.1134,0.16336885
6179,XGBoost,0.1729,0.23029554
6180,XGBoost,0.7514,0.6554181
6181,XGBoost,0.2276,0.12994258
6182,XGBoost,-0.0965,-0.07557394
6183,XGBoost,0.2775,0.28795898
6184,XGBoost,-0.0962,-0.113348804
6185,XGBoost,0.6814,0.7296059
6186,XGBoost,0.9367,0.95305085
6187,XGBoost,0.587,0.5603222
6188,XGBoost,0.6261,0.5549907
6189,XGBoost,0.8384,0.72024995
6190,XGBoost,-0.0616,0.14077196
6191,XGBoost,0.2096,0.19669555
6192,XGBoost,0.1658,0.17237806
6193,XGBoost,0.3386,0.32905304
6194,XGBoost,0.2073,0.22228552
6195,XGBoost,0.2365,0.2291607
6196,XGBoost,0.4759,0.4884411
6197,XGBoost,0.3594,0.31675154
6198,XGBoost,-0.0126,0.17407396
6199,XGBoost,0.4295,0.31741503
6200,XGBoost,0.1794,0.21048707
6201,XGBoost,0.3426,0.46165904
6202,XGBoost,0.1062,0.06475685
6203,XGBoost,0.2959,0.2593492
6204,XGBoost,0.0748,0.18813223
6205,XGBoost,0.0739,0.14642549
6206,XGBoost,0.817,0.71518904
6207,XGBoost,0.0618,0.08696379
6208,XGBoost,0.1994,0.11220039
6209,XGBoost,0.2399,0.31992754
6210,XGBoost,-0.1687,-0.22745714
6211,XGBoost,0.3406,0.31784576
6212,XGBoost,0.0426,-0.036818672
6213,XGBoost,0.487,0.42426923
6214,XGBoost,0.3844,0.3245334
6215,XGBoost,-0.1033,-0.034706622
6216,XGBoost,0.1726,-0.11523117
6217,XGBoost,-0.2251,-0.031116024
6218,XGBoost,-0.1563,-0.11103325
6219,XGBoost,-0.017,0.01379211
6220,XGBoost,0.1351,0.1817223
6221,XGBoost,0.0298,0.06949443
6222,XGBoost,0.4114,0.2811365
6223,XGBoost,0.2823,0.2848934
6224,XGBoost,0.3214,0.28762692
6225,XGBoost,0.3173,0.3145146
6226,XGBoost,0.6335,0.608119
6227,XGBoost,0.4386,0.3092202
6228,XGBoost,0.7033,0.54909
6229,XGBoost,0.0961,0.048291888
6230,XGBoost,0.2092,0.2259075
6231,XGBoost,0.1515,0.10082724
6232,XGBoost,0.3138,0.27118525
6233,XGBoost,0.019,0.020543445
6234,XGBoost,0.0454,0.050616156
6235,XGBoost,0.032,0.10534163
6236,XGBoost,0.5434,0.4225903
6237,XGBoost,0.2446,0.20435826
6238,XGBoost,0.2105,0.18255308
6239,XGBoost,0.2033,0.21907385
6240,XGBoost,0.1468,0.1312604
6241,XGBoost,0.0986,0.07933776
6242,XGBoost,0.1279,0.123638004
6243,XGBoost,0.0499,0.06044836
6244,XGBoost,0.3669,0.35970324
6245,XGBoost,-0.015,0.013504481
6246,XGBoost,-0.0886,-0.08007245
6247,XGBoost,0.0577,0.05984041
6248,XGBoost,0.1608,0.21209879
6249,XGBoost,0.1703,0.14728405
6250,XGBoost,0.3218,0.33108416
6251,XGBoost,-0.0403,0.036300667
6252,XGBoost,0.2946,0.25731343
6253,XGBoost,0.4484,0.44874296
6254,XGBoost,0.9149,0.8490192
6255,XGBoost,0.1495,0.17306286
6256,XGBoost,0.2393,0.24859677
6257,XGBoost,0.2756,0.21676736
6258,XGBoost,0.0972,0.07730216
6259,XGBoost,0.2435,0.28547305
6260,XGBoost,0.3776,0.37358865
6261,XGBoost,0.3487,0.22902818
6262,XGBoost,0.0518,0.0036382321
6263,XGBoost,0.1802,0.15430927
6264,XGBoost,-0.0121,0.038175274
6265,XGBoost,0.6174,0.5762109
6266,XGBoost,0.3866,0.38544545
6267,XGBoost,0.2892,0.12681398
6268,XGBoost,0.1315,0.16345885
6269,XGBoost,0.1742,0.18874946
6270,XGBoost,0.1037,0.06883129
6271,XGBoost,0.1609,0.20574747
6272,XGBoost,-0.0852,-0.11801226
6273,XGBoost,0.0135,0.022073688
6274,XGBoost,-0.0106,0.050338328
6275,XGBoost,0.4296,0.2419209
6276,XGBoost,0.089,0.13059935
6277,XGBoost,0.113,0.16516149
6278,XGBoost,0.1457,0.17460662
6279,XGBoost,-0.1112,0.055560872
6280,XGBoost,0.4272,0.40278614
6281,XGBoost,0.0777,0.12902382
6282,XGBoost,0.4754,0.598311
6283,XGBoost,0.0916,0.038401704
6284,XGBoost,0.0824,0.1410048
6285,XGBoost,0.1173,0.14388719
6286,XGBoost,0.2356,0.2804754
6287,XGBoost,0.0041,-0.028840056
6288,XGBoost,0.4338,0.4386489
6289,XGBoost,-0.0558,-0.068454005
6290,XGBoost,0.1597,0.144307
6291,XGBoost,0.4863,0.30201137
6292,XGBoost,0.81,0.81696266
6293,XGBoost,0.0105,-0.00997092
6294,XGBoost,0.7994,0.8112113
6295,XGBoost,0.0764,0.0496347
6296,XGBoost,0.3749,0.28662726
6297,XGBoost,0.126,0.1700544
6298,XGBoost,0.7243,0.55358464
6299,XGBoost,0.2803,0.20582305
6300,XGBoost,0.2326,0.24906413
6301,XGBoost,0.2476,0.26109713
6302,XGBoost,0.048,0.09407701
6303,XGBoost,-0.0579,-0.1377134
6304,XGBoost,0.2671,0.22911121
6305,XGBoost,0.2702,0.21429944
6306,XGBoost,0.0745,0.085038655
6307,XGBoost,-0.044,-0.05801916
6308,XGBoost,0.4013,0.1841874
6309,XGBoost,0.1741,0.13416493
6310,XGBoost,0.28,0.28322345
6311,XGBoost,0.3123,0.31956974
6312,XGBoost,0.2244,0.23413458
6313,XGBoost,-0.0724,0.06521273
6314,XGBoost,-0.1737,-0.13135065
6315,XGBoost,0.3393,0.3147277
6316,XGBoost,0.1571,0.18538237
6317,XGBoost,0.1801,0.2871853
6318,XGBoost,0.5595,0.36020583
6319,XGBoost,0.2539,0.19034047
6320,XGBoost,0.1424,0.16330661
6321,XGBoost,0.5416,0.68447953
6322,XGBoost,0.6322,0.72761136
6323,XGBoost,0.9013,0.8302424
6324,XGBoost,0.2388,0.13314925
6325,XGBoost,0.0292,0.06547682
6326,XGBoost,0.2263,0.3735681
6327,XGBoost,-0.0301,0.21179613
6328,XGBoost,-0.0393,-0.0064123683
6329,XGBoost,0.3149,0.2445239
6330,XGBoost,0.1496,0.20369463
6331,XGBoost,0.8375,0.7789959
6332,XGBoost,0.3452,0.25960281
6333,XGBoost,0.0905,0.17206801
6334,XGBoost,0.279,0.2637567
6335,XGBoost,0.7465,0.78299683
6336,XGBoost,0.4102,0.33226585
6337,XGBoost,0.179,0.16814734
6338,XGBoost,0.342,0.27507553
6339,XGBoost,0.1498,0.1397859
6340,XGBoost,0.0013,0.15686904
6341,XGBoost,0.1573,0.18298791
6342,XGBoost,-0.0692,0.018243695
6343,XGBoost,0.0915,0.14966245
6344,XGBoost,-0.1217,-0.11768107
6345,XGBoost,0.006,-0.024707759
6346,XGBoost,0.1602,0.15203458
6347,XGBoost,0.4953,0.4362313
6348,XGBoost,0.1028,0.07859831
6349,XGBoost,0.4005,0.4170916
6350,XGBoost,0.0468,0.22752999
6351,XGBoost,0.1325,0.11025871
6352,XGBoost,0.3984,0.43779668
6353,XGBoost,0.4429,0.43535075
6354,XGBoost,0.282,0.21162654
6355,XGBoost,-0.0364,0.12207011
6356,XGBoost,0.3952,0.37096262
6357,XGBoost,0.1896,0.17015395
6358,XGBoost,0.1409,0.13858703
6359,XGBoost,0.1024,0.29380897
6360,XGBoost,0.3351,0.3370419
6361,XGBoost,0.2263,0.17452559
6362,XGBoost,0.0505,0.05945904
6363,XGBoost,0.095,0.07565454
6364,XGBoost,0.1807,0.25920653
6365,XGBoost,0.4296,0.1570182
6366,XGBoost,0.1463,0.21993189
6367,XGBoost,0.5338,0.4035708
6368,XGBoost,0.2108,0.18408209
6369,XGBoost,0.4613,0.47942522
6370,XGBoost,0.3876,0.3533379
6371,XGBoost,0.0306,0.09936458
6372,XGBoost,0.5567,0.58312786
6373,XGBoost,0.3687,0.36709023
6374,XGBoost,0.1993,0.20761688
6375,XGBoost,0.8394,0.76039433
6376,XGBoost,0.1974,0.19439639
6377,XGBoost,0.0667,0.20834848
6378,XGBoost,0.4488,0.4628654
6379,XGBoost,0.4274,0.4768816
6380,XGBoost,0.2094,0.22440134
6381,XGBoost,0.1514,-0.0123198135
6382,XGBoost,0.3395,0.29135272
6383,XGBoost,-0.2121,-0.19156224
6384,XGBoost,0.4152,0.3301886
6385,XGBoost,0.2232,0.2451147
6386,XGBoost,0.2168,0.0577181
6387,XGBoost,0.3048,0.26395932
6388,XGBoost,0.2816,0.3214279
6389,XGBoost,0.2313,0.20287341
6390,XGBoost,0.2101,0.19982558
6391,XGBoost,0.2225,0.26312828
6392,XGBoost,0.1334,0.10175356
6393,XGBoost,0.4307,0.39919925
6394,XGBoost,0.663,0.61897445
6395,XGBoost,0.2275,0.15348628
6396,XGBoost,-0.0826,-0.06349681
6397,XGBoost,0.1978,0.19630447
6398,XGBoost,-0.0077,-0.07786653
6399,XGBoost,0.103,0.18041398
6400,XGBoost,0.3007,0.26320598
6401,XGBoost,0.372,0.37737906
6402,XGBoost,0.512,0.4836005
6403,XGBoost,0.2462,0.24297804
6404,XGBoost,-0.0971,0.2918483
6405,XGBoost,0.3651,0.35109806
6406,XGBoost,0.0519,0.02400546
6407,XGBoost,0.1303,0.19099721
6408,XGBoost,0.3447,0.42846262
6409,XGBoost,0.4096,0.45911947
6410,XGBoost,0.3269,0.32870355
6411,XGBoost,0.656,0.48689845
6412,XGBoost,0.2137,0.13750765
6413,XGBoost,0.4386,0.4234507
6414,XGBoost,0.4577,0.42843488
6415,XGBoost,0.1256,0.12813379
6416,XGBoost,0.1109,0.13770926
6417,XGBoost,0.0655,0.14061199
6418,XGBoost,0.367,0.30972895
6419,XGBoost,0.0729,0.09607304
6420,XGBoost,-0.012,-0.0879747
6421,XGBoost,0.2063,0.113396555
6422,XGBoost,0.2196,0.1774785
6423,XGBoost,0.202,0.2530012
6424,XGBoost,-0.1732,-0.1766348
6425,XGBoost,0.4411,0.38380012
6426,XGBoost,0.1692,0.18947871
6427,XGBoost,0.3644,0.30190694
6428,XGBoost,0.1212,0.23476362
6429,XGBoost,0.42,0.46569836
6430,XGBoost,0.0774,0.14232957
6431,XGBoost,0.2859,0.24442856
6432,XGBoost,-0.003,0.010489537
6433,XGBoost,0.3905,0.34525615
6434,XGBoost,-0.1157,-0.15463834
6435,XGBoost,0.2236,0.20504619
6436,XGBoost,0.0544,0.17635344
6437,XGBoost,0.127,0.13744648
6438,XGBoost,0.388,0.3840669
6439,XGBoost,0.6839,0.6692178
6440,XGBoost,0.408,0.31200978
6441,XGBoost,0.2601,0.2628512
6442,XGBoost,0.8404,0.842964
6443,XGBoost,0.2563,0.27127317
6444,XGBoost,0.0424,0.046630226
6445,XGBoost,-0.0446,-0.061832562
6446,XGBoost,0.1528,0.07228321
6447,XGBoost,0.0167,0.09739463
6448,XGBoost,0.06,0.13411908
6449,XGBoost,0.1122,0.12488105
6450,XGBoost,0.3215,0.24048673
6451,XGBoost,0.1539,0.15648179
6452,XGBoost,0.2696,0.28356186
6453,XGBoost,-0.1477,-0.14327724
6454,XGBoost,-0.2229,-0.15675013
6455,XGBoost,0.2328,0.21106146
6456,XGBoost,0.4605,0.3439644
6457,XGBoost,0.1324,0.2539297
6458,XGBoost,0.0226,0.07138133
6459,XGBoost,0.4132,0.45406544
6460,XGBoost,0.4318,0.27883458
6461,XGBoost,0.0504,0.03000477
6462,XGBoost,0.3072,0.19354685
6463,XGBoost,0.2909,0.25890905
6464,XGBoost,-0.1657,-0.09406085
6465,XGBoost,0.297,0.24578926
6466,XGBoost,-0.0024,-0.008793493
6467,XGBoost,0.4383,0.3363127
6468,XGBoost,0.2722,0.23294263
6469,XGBoost,0.2476,0.26507363
6470,XGBoost,0.0755,0.01843372
6471,XGBoost,0.0671,0.15381373
6472,XGBoost,0.1315,0.16364966
6473,XGBoost,0.6204,0.4286094
6474,XGBoost,0.0764,0.07173496
6475,XGBoost,0.2023,0.18608853
6476,XGBoost,0.068,0.097877845
6477,XGBoost,0.1277,0.0896552
6478,XGBoost,0.0902,0.020203752
6479,XGBoost,0.0133,0.0418994
6480,XGBoost,0.1731,0.18368086
6481,XGBoost,0.0095,0.014385591
6482,XGBoost,0.0342,-0.06564533
6483,XGBoost,0.072,0.11506215
6484,XGBoost,0.2915,0.33204773
6485,XGBoost,0.3185,0.35444692
6486,XGBoost,0.0266,0.20125456
6487,XGBoost,0.052,0.11506254
6488,XGBoost,0.3406,0.22599125
6489,XGBoost,0.0676,0.06976917
6490,XGBoost,-0.0062,-0.0034408337
6491,XGBoost,-0.0165,-0.073109396
6492,XGBoost,0.1178,0.17388335
6493,XGBoost,-0.0625,-0.048554063
6494,XGBoost,0.6297,0.44665983
6495,XGBoost,0.3723,0.31425712
6496,XGBoost,0.2008,0.13512045
6497,XGBoost,0.1166,0.030859012
6498,XGBoost,0.0494,0.035585254
6499,XGBoost,-0.0394,-0.028586747
6500,XGBoost,0.4779,0.31998727
6501,XGBoost,0.1558,0.10251074
6502,XGBoost,0.7177,0.7464458
6503,XGBoost,0.2762,0.18452223
6504,XGBoost,0.3966,0.3076677
6505,XGBoost,0.2741,0.35050315
6506,XGBoost,-0.0232,0.036799528
6507,XGBoost,0.7848,0.68958044
6508,XGBoost,0.1533,0.13223936
6509,XGBoost,0.2418,0.25618118
6510,XGBoost,0.0668,0.08679345
6511,XGBoost,0.2878,0.2634026
6512,XGBoost,0.0928,0.14333609
6513,XGBoost,0.0987,0.09028932
6514,XGBoost,0.4317,0.29310772
6515,XGBoost,0.1778,0.15562826
6516,XGBoost,0.068,0.06636456
6517,XGBoost,0.513,0.567368
6518,XGBoost,0.2727,0.26995245
6519,XGBoost,0.056,0.25750193
6520,XGBoost,0.0811,0.21980713
6521,XGBoost,0.7914,0.7062306
6522,XGBoost,0.1931,0.22004263
6523,XGBoost,0.1981,0.115775794
6524,XGBoost,0.1957,0.21830688
6525,XGBoost,0.0694,0.1519852
6526,XGBoost,0.6212,0.51372486
6527,XGBoost,0.4761,0.48287833
6528,XGBoost,0.4314,0.36339828
6529,XGBoost,0.7991,0.7946917
6530,XGBoost,0.0289,0.055821702
6531,XGBoost,0.1747,0.20576571
6532,XGBoost,-0.0269,0.07228357
6533,XGBoost,0.4011,0.33455318
6534,XGBoost,0.3967,0.34777412
6535,XGBoost,0.1965,0.29779413
6536,XGBoost,0.5402,0.4137656
6537,XGBoost,0.3441,0.37305418
6538,XGBoost,0.1463,0.22659786
6539,XGBoost,0.1934,0.32713285
6540,XGBoost,0.7412,0.6327306
6541,XGBoost,0.0042,0.044324912
6542,XGBoost,0.7054,0.7334616
6543,XGBoost,0.1091,0.12921682
6544,XGBoost,0.153,0.115383975
6545,XGBoost,0.4269,0.42808312
6546,XGBoost,-0.1313,0.06428384
6547,XGBoost,0.0209,0.037834533
6548,XGBoost,0.0697,0.10602828
6549,XGBoost,0.3623,0.30325183
6550,XGBoost,0.0823,0.20033464
6551,XGBoost,0.2128,0.08939635
6552,XGBoost,0.3105,0.2545794
6553,XGBoost,0.0689,0.23620133
6554,XGBoost,0.4165,0.42313635
6555,XGBoost,0.478,0.39445361
6556,XGBoost,0.515,0.42972574
6557,XGBoost,0.3416,0.2607159
6558,XGBoost,0.1077,0.17071602
6559,XGBoost,0.2477,0.2110839
6560,XGBoost,0.3338,0.2836175
6561,XGBoost,0.4154,0.36008134
6562,XGBoost,0.564,0.5585965
6563,XGBoost,0.1785,0.18033846
6564,XGBoost,-0.1396,-0.18158464
6565,XGBoost,0.0978,0.21209732
6566,XGBoost,0.204,0.10988145
6567,XGBoost,0.111,0.060042094
6568,XGBoost,0.1836,0.16867577
6569,XGBoost,0.4433,0.39728063
6570,XGBoost,0.8485,0.853541
6571,XGBoost,-0.0649,-0.0023861628
6572,XGBoost,0.1367,0.21969625
6573,XGBoost,0.1028,0.13359505
6574,XGBoost,0.0518,0.16315916
6575,XGBoost,0.5816,0.5074831
6576,XGBoost,0.1789,0.3261458
6577,XGBoost,0.7631,0.655896
6578,XGBoost,0.3558,0.27277237
6579,XGBoost,0.1523,0.15581207
6580,XGBoost,-0.0507,0.079040855
6581,XGBoost,0.1702,0.22897723
6582,XGBoost,0.2592,0.18674329
6583,XGBoost,0.3172,0.23179974
6584,XGBoost,-0.1875,-0.18132168
6585,XGBoost,0.3418,0.32539493
6586,XGBoost,0.4076,0.3706476
6587,XGBoost,-0.0046,0.11258132
6588,XGBoost,0.3524,0.12392351
6589,XGBoost,0.4058,0.32441646
6590,XGBoost,0.0849,0.124654666
6591,XGBoost,0.3575,0.31600156
6592,XGBoost,0.1286,0.25228265
6593,XGBoost,0.4645,0.34394974
6594,XGBoost,0.2534,0.19866133
6595,XGBoost,0.5962,0.6975681
6596,XGBoost,0.09,0.12734702
6597,XGBoost,0.528,0.42739692
6598,XGBoost,0.6171,0.62471133
6599,XGBoost,0.826,0.67687416
6600,XGBoost,0.1418,0.3338848
6601,XGBoost,0.7059,0.689477
6602,XGBoost,0.291,0.22265424
6603,XGBoost,0.7719,0.59599096
6604,XGBoost,0.4094,0.36906934
6605,XGBoost,0.2653,0.25184008
6606,XGBoost,0.0583,0.07370376
6607,XGBoost,0.2043,0.19152433
6608,XGBoost,0.1362,0.097510725
6609,XGBoost,0.4747,0.16445582
6610,XGBoost,0.1026,0.048743714
6611,XGBoost,-0.0913,0.0069172853
6612,XGBoost,0.2231,0.23026538
6613,XGBoost,0.1426,0.33717018
6614,XGBoost,-0.1073,0.023839014
6615,XGBoost,0.2361,0.2464175
6616,XGBoost,0.4424,0.41626114
6617,XGBoost,0.518,0.5113084
6618,XGBoost,0.1586,0.101036474
6619,XGBoost,0.238,0.24864607
6620,XGBoost,0.1724,0.28655922
6621,XGBoost,-0.1778,-0.14716382
6622,XGBoost,0.1317,0.19904327
6623,XGBoost,0.1962,0.21940151
6624,XGBoost,0.0172,-0.099781275
6625,XGBoost,0.5207,0.55188435
6626,XGBoost,0.1928,0.14570075
6627,XGBoost,0.0629,0.102892704
6628,XGBoost,0.5556,0.6442475
6629,XGBoost,0.0422,0.015613454
6630,XGBoost,0.5849,0.5215138
6631,XGBoost,0.827,0.77509636
6632,XGBoost,0.0768,0.1620192
6633,XGBoost,0.4351,0.31872565
6634,XGBoost,0.2702,0.23763976
6635,XGBoost,-0.1111,-0.06144991
6636,XGBoost,0.2058,0.14972025
6637,XGBoost,0.5358,0.6146923
6638,XGBoost,0.5499,0.5281738
6639,XGBoost,0.1161,0.18208696
6640,XGBoost,0.0108,0.12721102
6641,XGBoost,0.1671,0.18547788
6642,XGBoost,0.6596,0.6104907
6643,XGBoost,0.4266,0.42909276
6644,XGBoost,-0.0402,-0.058481656
6645,XGBoost,0.1219,0.1591432
6646,XGBoost,0.2061,0.19430123
6647,XGBoost,0.7405,0.8552312
6648,XGBoost,0.0663,0.25793177
6649,XGBoost,0.1984,0.14173928
6650,XGBoost,0.3698,0.43117318
6651,XGBoost,0.075,0.06758727
6652,XGBoost,0.5033,0.36857942
6653,XGBoost,0.036,0.1280976
6654,XGBoost,-0.0014,0.014541121
6655,XGBoost,-0.0087,0.030923214
6656,XGBoost,0.2431,0.09730035
6657,XGBoost,0.1045,0.15493089
6658,XGBoost,0.1423,0.21917096
6659,XGBoost,0.1301,0.1465978
6660,XGBoost,0.0557,0.12507527
6661,XGBoost,-0.0719,-0.06780822
6662,XGBoost,0.4321,0.3485547
6663,XGBoost,0.1055,0.13060135
6664,XGBoost,0.1593,0.19480877
6665,XGBoost,0.2145,0.18783316
6666,XGBoost,0.097,0.13229917
6667,XGBoost,0.3077,0.10043988
6668,XGBoost,0.4098,0.30922046
6669,XGBoost,0.2198,0.20794132
6670,XGBoost,-0.0694,0.06464724
6671,XGBoost,-0.0986,-0.13076113
6672,XGBoost,-0.0015,0.13644032
6673,XGBoost,-0.0828,-0.03491402
6674,XGBoost,0.1829,0.092150375
6675,XGBoost,0.0594,0.03409988
6676,XGBoost,-0.0483,-0.01456156
6677,XGBoost,-0.1731,-0.19788861
6678,XGBoost,0.1554,0.12147079
6679,XGBoost,0.7179,0.6229107
6680,XGBoost,0.1932,0.25578055
6681,XGBoost,0.4048,0.21055877
6682,XGBoost,0.4387,0.4270989
6683,XGBoost,0.1126,0.16534412
6684,XGBoost,-0.2122,-0.22527935
6685,XGBoost,0.5444,0.44142067
6686,XGBoost,0.3127,0.323523
6687,XGBoost,0.3728,0.4226157
6688,XGBoost,-0.0718,-0.03960862
6689,XGBoost,0.3851,0.3815413
6690,XGBoost,0.0227,0.21650286
6691,XGBoost,0.8755,0.9029293
6692,XGBoost,0.26,0.13510044
6693,XGBoost,0.0978,0.11597448
6694,XGBoost,0.1429,0.14198226
6695,XGBoost,0.3102,0.28987113
6696,XGBoost,0.1025,0.14171468
6697,XGBoost,0.4923,0.47999495
6698,XGBoost,0.1257,0.16487804
6699,XGBoost,0.0655,0.20903121
6700,XGBoost,0.1257,0.14144047
6701,XGBoost,0.1337,0.24680915
6702,XGBoost,0.0565,0.086613625
6703,XGBoost,0.0358,0.108378775
6704,XGBoost,0.219,0.31630623
6705,XGBoost,0.1125,0.2178651
6706,XGBoost,-0.1224,-0.01019235
6707,XGBoost,0.5175,0.522395
6708,XGBoost,0.21,0.21146043
6709,XGBoost,0.1534,0.09488157
6710,XGBoost,-0.0431,0.16456343
6711,XGBoost,0.4648,0.29132295
6712,XGBoost,0.1031,0.035746306
6713,XGBoost,0.2858,0.22931443
6714,XGBoost,0.2066,0.212356
6715,XGBoost,0.1097,0.20393871
6716,XGBoost,0.5864,0.5613715
6717,XGBoost,0.1359,0.24578069
6718,XGBoost,0.7127,0.65351415
6719,XGBoost,-0.0416,0.14277773
6720,XGBoost,0.2753,0.22226019
6721,XGBoost,0.25,0.2326841
6722,XGBoost,0.2636,0.24991792
6723,XGBoost,0.1919,0.18355826
6724,XGBoost,1.0267,0.9656572
6725,XGBoost,-0.1257,-0.12575603
6726,XGBoost,0.168,0.17357056
6727,XGBoost,0.1374,0.1115878
6728,XGBoost,0.1609,0.11554995
6729,XGBoost,-0.04,0.07686105
6730,XGBoost,0.068,0.09942907
6731,XGBoost,0.4405,0.42063555
6732,XGBoost,0.7809,0.6996537
6733,XGBoost,0.409,0.39968258
6734,XGBoost,0.4654,0.4277505
6735,XGBoost,0.871,0.89459604
6736,XGBoost,0.1976,0.23953232
6737,XGBoost,-0.0376,0.02296592
6738,XGBoost,0.2928,0.251393
6739,XGBoost,-0.2707,-0.17296858
6740,XGBoost,0.2829,0.2913662
6741,XGBoost,-0.1185,-0.015489015
6742,XGBoost,0.5144,0.5434397
6743,XGBoost,-0.1846,-0.2023474
6744,XGBoost,0.157,0.18643104
6745,XGBoost,0.0615,0.078580104
6746,XGBoost,-0.2221,-0.2596575
6747,XGBoost,0.2411,0.2942976
6748,XGBoost,-0.0456,0.01330401
6749,XGBoost,0.282,0.22887696
6750,XGBoost,0.2466,0.15250134
6751,XGBoost,0.0492,0.018239802
6752,XGBoost,-0.1123,0.17388165
6753,XGBoost,0.7365,0.6910109
6754,XGBoost,0.3334,0.3114306
6755,XGBoost,0.0794,0.078138806
6756,XGBoost,0.0398,0.12580088
6757,XGBoost,0.2452,0.17994978
6758,XGBoost,-0.0365,0.06974088
6759,XGBoost,0.5086,0.4680405
6760,XGBoost,0.2435,0.23192704
6761,XGBoost,0.3967,0.35616586
6762,XGBoost,0.3969,0.44725192
6763,XGBoost,0.1073,0.10044232
6764,XGBoost,0.1072,0.14441471
6765,XGBoost,0.0363,0.105701834
6766,XGBoost,-0.1138,-0.04651772
6767,XGBoost,0.0653,0.08843946
6768,XGBoost,-0.0295,0.07756549
6769,XGBoost,0.2637,0.2311013
6770,XGBoost,0.1072,0.10305039
6771,XGBoost,0.0064,0.03362525
6772,XGBoost,0.3785,0.40021887
6773,XGBoost,0.8608,0.860088
6774,XGBoost,0.0772,0.15733904
6775,XGBoost,0.3431,0.36099124
6776,XGBoost,0.0949,0.14861408
6777,XGBoost,0.4475,0.38948628
6778,XGBoost,0.6001,0.60755885
6779,XGBoost,0.0806,0.029156005
6780,XGBoost,-0.2034,-0.21754667
6781,XGBoost,0.4424,0.27517667
6782,XGBoost,0.1855,0.21185307
6783,XGBoost,0.0513,0.13524859
6784,XGBoost,0.4497,0.40976027
6785,XGBoost,-0.0049,-0.014911535
6786,XGBoost,0.1728,0.11111497
6787,XGBoost,0.173,0.15968741
6788,XGBoost,0.0863,0.17661698
6789,XGBoost,0.5623,0.4748124
6790,XGBoost,-0.1634,-0.124408066
6791,XGBoost,0.3863,0.38754362
6792,XGBoost,0.2897,0.30486473
6793,XGBoost,0.1685,0.17382136
6794,XGBoost,0.1949,0.20804909
6795,XGBoost,0.129,0.1695019
6796,XGBoost,0.3091,0.26340744
6797,XGBoost,0.2157,0.20547797
6798,XGBoost,0.5034,0.5726523
6799,XGBoost,0.0,-0.0017477643
6800,XGBoost,0.3681,0.2840994
6801,XGBoost,0.1152,0.09232792
6802,XGBoost,0.4035,0.381656
6803,XGBoost,0.1368,0.18027249
6804,XGBoost,0.6793,0.6531815
6805,XGBoost,0.0099,0.08746862
6806,XGBoost,0.5455,0.5588007
6807,XGBoost,0.1477,0.15396142
6808,XGBoost,0.5797,0.5586402
6809,XGBoost,0.7226,0.69749343
6810,XGBoost,0.2771,0.36162114
6811,XGBoost,0.2224,0.21484973
6812,XGBoost,0.576,0.5315223
6813,XGBoost,0.2533,0.18787135
6814,XGBoost,0.7663,0.82872826
6815,XGBoost,0.5658,0.6098058
6816,XGBoost,0.1961,0.19126487
6817,XGBoost,0.0764,0.09430137
6818,XGBoost,0.6282,0.6049046
6819,XGBoost,0.403,0.43983793
6820,XGBoost,0.1018,0.05679996
6821,XGBoost,0.0508,0.08809957
6822,XGBoost,-0.1082,-0.08506957
6823,XGBoost,0.0323,0.2966582
6824,XGBoost,0.1142,0.11518745
6825,XGBoost,0.176,0.19956064
6826,XGBoost,0.3041,0.34362444
6827,XGBoost,0.4644,0.273861
6828,XGBoost,0.0577,0.030128172
6829,XGBoost,-0.127,-0.10613249
6830,XGBoost,0.0968,0.10085836
6831,XGBoost,0.1701,0.14517125
6832,XGBoost,0.1096,0.23199782
6833,XGBoost,0.777,0.7428821
6834,XGBoost,0.7682,0.33997124
6835,XGBoost,0.1178,0.18642876
6836,XGBoost,0.2699,0.26636514
6837,XGBoost,0.1092,0.1714386
6838,XGBoost,0.1755,0.20220663
6839,XGBoost,0.0341,0.12140694
6840,XGBoost,-0.0231,0.04645017
6841,XGBoost,0.0221,0.03232178
6842,XGBoost,0.7286,0.41218057
6843,XGBoost,0.0289,0.015273244
6844,XGBoost,0.4099,0.35382813
6845,XGBoost,0.6125,0.39251232
6846,XGBoost,0.2831,0.22885151
6847,XGBoost,-0.0269,0.031314857
6848,XGBoost,0.4988,0.47650647
6849,XGBoost,0.1505,0.22865358
6850,XGBoost,0.1418,0.16842413
6851,XGBoost,-0.1697,-0.11476216
6852,XGBoost,0.1139,0.13980697
6853,XGBoost,0.7929,0.90019584
6854,XGBoost,0.164,0.3234468
6855,XGBoost,0.1965,0.2559417
6856,XGBoost,0.5778,0.46627653
6857,XGBoost,0.3423,0.18449578
6858,XGBoost,-0.0633,-0.1302887
6859,XGBoost,0.2726,0.30967042
6860,XGBoost,0.4312,0.38467476
6861,XGBoost,0.2756,0.35941586
6862,XGBoost,0.2999,0.24841091
6863,XGBoost,0.1013,0.071318574
6864,XGBoost,0.191,0.22825767
6865,XGBoost,0.2435,0.22018816
6866,XGBoost,0.0358,0.053301588
6867,XGBoost,0.0788,0.07049096
6868,XGBoost,0.1598,0.18976319
6869,XGBoost,0.0266,0.1886166
6870,XGBoost,0.7153,0.6591568
6871,XGBoost,0.4987,0.44700405
6872,XGBoost,-0.0154,0.06757819
6873,XGBoost,0.1921,0.28628632
6874,XGBoost,0.1822,0.16578843
6875,XGBoost,0.9626,0.84473354
6876,XGBoost,0.0815,0.09254321
6877,XGBoost,0.0659,0.096485995
6878,XGBoost,0.2713,0.22308949
6879,XGBoost,0.1705,0.22297092
6880,XGBoost,0.5863,0.54382336
6881,XGBoost,0.1535,0.20692554
6882,XGBoost,0.2765,0.2534522
6883,XGBoost,0.228,0.16661777
6884,XGBoost,0.4205,0.4521835
6885,XGBoost,0.1916,0.17747526
6886,XGBoost,0.0456,0.12704287
6887,XGBoost,0.2487,0.4043961
6888,XGBoost,0.3257,0.26206902
6889,XGBoost,0.1294,0.094711356
6890,XGBoost,0.0682,0.11429451
6891,XGBoost,-0.1035,-0.08523087
6892,XGBoost,0.5758,0.5930099
6893,XGBoost,0.4898,0.37683764
6894,XGBoost,0.3345,0.33748323
6895,XGBoost,0.4769,0.304679
6896,XGBoost,0.0827,0.061076783
6897,XGBoost,0.802,0.78882337
6898,XGBoost,0.4964,0.36680144
6899,XGBoost,0.2405,0.24513184
6900,XGBoost,0.1567,0.20112768
6901,XGBoost,0.0318,0.040199902
6902,XGBoost,0.0351,0.19428897
6903,XGBoost,0.3793,0.41856647
6904,XGBoost,0.711,0.76308554
6905,XGBoost,0.5895,0.5692238
6906,XGBoost,0.6604,0.5582459
6907,XGBoost,0.3606,0.2625844
6908,XGBoost,0.2429,0.22783522
6909,XGBoost,0.1798,0.2495084
6910,XGBoost,0.2549,0.22386912
6911,XGBoost,0.2191,0.41642386
6912,XGBoost,0.0669,0.13006729
6913,XGBoost,-0.1026,-0.16438168
6914,XGBoost,0.7311,0.6982142
6915,XGBoost,0.3295,0.3132444
6916,XGBoost,0.8279,0.80442995
6917,XGBoost,0.1074,0.050105948
6918,XGBoost,0.3362,0.4434654
6919,XGBoost,0.1393,0.15265454
6920,XGBoost,0.1639,0.19093512
6921,XGBoost,0.1715,0.17855518
6922,XGBoost,0.4336,0.38166702
6923,XGBoost,0.2806,0.23458709
6924,XGBoost,0.5657,0.5716805
6925,XGBoost,0.1233,0.09150391
6926,XGBoost,0.2751,0.31943616
6927,XGBoost,0.1444,0.25453743
6928,XGBoost,0.3768,0.33377883
6929,XGBoost,0.5754,0.5927579
6930,XGBoost,0.3664,0.44356495
6931,XGBoost,0.2502,0.17646301
6932,XGBoost,0.0269,0.1029113
6933,XGBoost,0.3812,0.36816224
6934,XGBoost,0.1806,0.19819959
6935,XGBoost,0.6819,0.6776511
6936,XGBoost,0.3349,0.33565527
6937,XGBoost,0.1962,0.24902435
6938,XGBoost,0.0152,0.06556032
6939,XGBoost,0.0635,0.10762082
6940,XGBoost,0.8142,0.8911066
6941,XGBoost,0.4701,0.3104095
6942,XGBoost,0.2031,0.26089445
6943,XGBoost,0.3565,0.24878475
6944,XGBoost,0.1344,0.18540023
6945,XGBoost,0.937,0.93048716
6946,XGBoost,0.0499,0.090050794
6947,XGBoost,0.2217,0.24848294
6948,XGBoost,0.1445,0.15218955
6949,XGBoost,0.2527,0.26575166
6950,XGBoost,1.067,0.8600732
6951,XGBoost,0.0628,0.1892589
6952,XGBoost,0.1884,0.13218427
6953,XGBoost,-0.0139,0.07512084
6954,XGBoost,0.0081,0.101602584
6955,XGBoost,0.0554,0.1368682
6956,XGBoost,0.3289,0.24892808
6957,XGBoost,0.1242,0.05764288
6958,XGBoost,0.8217,0.90792215
6959,XGBoost,0.1312,0.14022051
6960,XGBoost,0.2389,0.27130136
6961,XGBoost,0.1334,0.08775754
6962,XGBoost,0.7724,0.67303157
6963,XGBoost,0.1312,0.15531485
6964,XGBoost,0.0767,0.045304697
6965,XGBoost,-0.1716,-0.019438582
6966,XGBoost,0.4157,0.34155476
6967,XGBoost,0.2922,0.16242975
6968,XGBoost,0.7934,0.8538327
6969,XGBoost,0.1275,0.086100794
6970,XGBoost,0.3263,0.26467064
6971,XGBoost,0.098,0.043214556
6972,XGBoost,0.3823,0.3823368
6973,XGBoost,0.157,0.12679018
6974,XGBoost,0.3437,0.2841865
6975,XGBoost,0.2398,0.1921942
6976,XGBoost,0.0125,-0.049481176
6977,XGBoost,0.1507,0.13280097
6978,XGBoost,0.4334,0.3717001
6979,XGBoost,0.6487,0.7015177
6980,XGBoost,0.6348,0.5373195
6981,XGBoost,0.135,0.1238362
6982,XGBoost,0.1786,0.19338214
6983,XGBoost,0.3281,0.43072668
6984,XGBoost,0.1093,0.091756724
6985,XGBoost,0.0036,0.0786323
6986,XGBoost,0.1931,0.09140483
6987,XGBoost,0.471,0.4502361
6988,XGBoost,0.0758,0.10113365
6989,XGBoost,0.0213,0.021183597
6990,XGBoost,0.196,0.17104638
6991,XGBoost,0.4399,0.41095084
6992,XGBoost,0.626,0.6897381
6993,XGBoost,0.275,0.33446455
6994,XGBoost,0.5516,0.4556356
6995,XGBoost,0.6373,0.60346055
6996,XGBoost,0.0175,-0.013461387
6997,XGBoost,0.5077,0.5220581
6998,XGBoost,0.54,0.4629819
6999,XGBoost,0.0018,0.07228357
7000,XGBoost,-0.0803,-0.050055753
7001,XGBoost,0.2553,0.19508106
7002,XGBoost,0.1294,0.13863349
7003,XGBoost,0.6421,0.37875938
7004,XGBoost,0.0453,0.023038652
7005,XGBoost,0.335,0.29627994
7006,XGBoost,0.1143,0.11170519
7007,XGBoost,0.481,0.2008358
7008,XGBoost,0.6586,0.5798272
7009,XGBoost,0.1196,0.121485844
7010,XGBoost,0.1712,0.22900239
7011,XGBoost,0.341,0.32223034
7012,XGBoost,0.2701,0.1618657
7013,XGBoost,0.327,0.26942575
7014,XGBoost,-0.1825,-0.18803898
7015,XGBoost,-0.187,-0.12520519
7016,XGBoost,0.4416,0.32312194
7017,XGBoost,0.1193,0.12040738
7018,XGBoost,0.2626,0.20806237
7019,XGBoost,0.329,0.2937062
7020,XGBoost,0.6762,0.67757386
7021,XGBoost,0.3858,0.27717596
7022,XGBoost,0.0448,0.09622825
7023,XGBoost,0.0203,0.051682092
7024,XGBoost,0.3184,0.19402406
7025,XGBoost,0.4796,0.4281351
7026,XGBoost,0.2943,0.27164644
7027,XGBoost,0.4944,0.34110537
7028,XGBoost,0.0979,0.13214548
7029,XGBoost,0.5357,0.51011163
7030,XGBoost,0.2489,0.19626701
7031,XGBoost,-0.118,-0.09808967
7032,XGBoost,0.1726,0.12829977
7033,XGBoost,-0.0489,0.08310043
7034,XGBoost,0.4574,0.44470748
7035,XGBoost,0.195,0.19280528
7036,XGBoost,0.1011,0.059476405
7037,XGBoost,0.4384,0.3479317
7038,XGBoost,0.2277,0.2095731
7039,XGBoost,0.1127,0.14688475
7040,XGBoost,-0.0463,-0.08288504
7041,XGBoost,0.2713,0.21940586
7042,XGBoost,0.2099,0.25026804
7043,XGBoost,0.0025,0.08047247
7044,XGBoost,-0.0991,-0.12359966
7045,XGBoost,0.6415,0.63019687
7046,XGBoost,0.495,0.4146302
7047,XGBoost,0.7198,0.73068327
7048,XGBoost,0.3673,0.2939789
7049,XGBoost,0.7941,0.7710267
7050,XGBoost,-0.0023,0.060769632
7051,XGBoost,0.2499,0.20021793
7052,XGBoost,0.1436,0.12851559
7053,XGBoost,0.1444,0.051942263
7054,XGBoost,0.0199,0.05398912
7055,XGBoost,0.6121,0.6397727
7056,XGBoost,0.1998,0.18324016
7057,XGBoost,-0.1423,-0.13181414
7058,XGBoost,0.347,0.30407184
7059,XGBoost,0.5633,0.54716367
7060,XGBoost,0.0296,0.074067846
7061,XGBoost,0.1204,0.180059
7062,XGBoost,0.4313,0.303334
7063,XGBoost,0.3765,0.3887757
7064,XGBoost,0.0391,0.048303016
7065,XGBoost,-0.067,-0.0765079
7066,XGBoost,0.8606,0.8881358
7067,XGBoost,0.1058,0.18412332
7068,XGBoost,0.4276,0.37249368
7069,XGBoost,0.089,0.15289284
7070,XGBoost,0.1363,0.2464234
7071,XGBoost,0.5358,0.4236376
7072,XGBoost,0.1226,0.2003133
7073,XGBoost,0.1781,0.22737221
7074,XGBoost,0.2071,0.25088954
7075,XGBoost,0.4405,0.50106
7076,XGBoost,0.2105,0.2066898
7077,XGBoost,0.0385,0.12638779
7078,XGBoost,0.4772,0.38925067
7079,XGBoost,0.0211,0.08204266
7080,XGBoost,0.5517,0.533094
7081,XGBoost,0.5731,0.48292336
7082,XGBoost,0.5482,0.4531799
7083,XGBoost,0.7281,0.7269196
7084,XGBoost,0.1954,0.2234876
7085,XGBoost,0.0811,0.12901592
7086,XGBoost,0.3182,0.27577844
7087,XGBoost,0.1673,0.1544332
7088,XGBoost,-0.0147,0.15270776
7089,XGBoost,0.2145,0.2104068
7090,XGBoost,0.1858,0.070332214
7091,XGBoost,-0.0923,-0.026707958
7092,XGBoost,0.1003,0.11769779
7093,XGBoost,0.3229,0.29918566
7094,XGBoost,0.1195,0.22474197
7095,XGBoost,0.3331,0.28111902
7096,XGBoost,0.2779,0.244672
7097,XGBoost,0.1877,0.16823636
7098,XGBoost,0.4638,0.39292288
7099,XGBoost,0.0754,0.14664404
7100,XGBoost,0.241,0.21973258
7101,XGBoost,0.1214,0.12897487
7102,XGBoost,0.2916,0.12738149
7103,XGBoost,0.0528,0.05907
7104,XGBoost,0.0737,0.048015207
7105,XGBoost,0.1864,0.17508203
7106,XGBoost,0.3521,0.3097958
7107,XGBoost,0.1187,0.15820254
7108,XGBoost,0.1116,0.10800741
7109,XGBoost,0.8346,0.8333809
7110,XGBoost,0.0753,0.19786955
7111,XGBoost,-0.1465,-0.02234746
7112,XGBoost,0.0123,0.03801899
7113,XGBoost,0.281,0.23827389
7114,XGBoost,0.6575,0.64553714
7115,XGBoost,0.6578,0.6191014
7116,XGBoost,0.0075,0.085259385
7117,XGBoost,0.3499,0.28449586
7118,XGBoost,0.1701,0.16410473
7119,XGBoost,-0.0616,0.017968528
7120,XGBoost,0.4193,0.18541063
7121,XGBoost,0.3505,0.24254648
7122,XGBoost,0.0916,0.15377507
7123,XGBoost,0.3352,0.2930024
7124,XGBoost,0.502,0.34469008
7125,XGBoost,-0.0402,0.1729903
7126,XGBoost,0.5411,0.40444347
7127,XGBoost,0.0189,0.085380666
7128,XGBoost,0.9025,0.76877487
7129,XGBoost,0.4792,0.47992772
7130,XGBoost,0.4359,0.49068493
7131,XGBoost,0.0342,0.092476316
7132,XGBoost,0.3376,0.37355226
7133,XGBoost,0.6672,0.7812078
7134,XGBoost,0.7365,0.7300169
7135,XGBoost,0.0725,0.02049403
7136,XGBoost,0.4256,0.41716805
7137,XGBoost,0.4236,0.31799307
7138,XGBoost,0.505,0.50806856
7139,XGBoost,0.0619,0.054405365
7140,XGBoost,0.1557,0.2534436
7141,XGBoost,0.6122,0.5906638
7142,XGBoost,0.1344,0.13991491
7143,XGBoost,0.5733,0.54119027
7144,XGBoost,0.0915,0.044090603
7145,XGBoost,0.2324,0.18707281
7146,XGBoost,0.0089,0.061092235
7147,XGBoost,-0.0167,0.035136778
7148,XGBoost,0.5369,0.43993345
7149,XGBoost,0.1605,0.19280162
7150,XGBoost,0.6034,0.5417611
7151,XGBoost,0.2298,0.22339444
7152,XGBoost,0.4036,0.37858874
7153,XGBoost,0.5426,0.3901835
7154,XGBoost,-0.0807,0.049544428
7155,XGBoost,-0.0972,0.077889875
7156,XGBoost,0.9831,0.9366772
7157,XGBoost,0.1012,0.123849764
7158,XGBoost,0.3333,0.36081073
7159,XGBoost,0.2688,0.26112497
7160,XGBoost,0.319,0.29579243
7161,XGBoost,0.3018,0.3257694
7162,XGBoost,0.4321,0.1834924
7163,XGBoost,0.0059,0.045667265
7164,XGBoost,0.2298,0.18773009
7165,XGBoost,-0.0076,0.0047137477
7166,XGBoost,0.1878,0.20829424
7167,XGBoost,0.4178,0.40301585
7168,XGBoost,0.0843,0.2418876
7169,XGBoost,0.4898,0.3661009
7170,XGBoost,0.433,0.4042921
7171,XGBoost,0.3664,0.3521672
7172,XGBoost,0.3443,0.29331088
7173,XGBoost,0.1009,0.15924764
7174,XGBoost,-0.1764,-0.096293055
7175,XGBoost,-0.142,-0.1121168
7176,XGBoost,0.1857,0.20708887
7177,XGBoost,1.0556,1.044448
7178,XGBoost,0.0007,0.03259298
7179,XGBoost,0.1214,0.087923005
7180,XGBoost,0.3586,0.22368035
7181,XGBoost,0.4514,0.43090448
7182,XGBoost,0.345,0.25809836
7183,XGBoost,0.5442,0.38220257
7184,XGBoost,0.0526,0.081367806
7185,XGBoost,0.1344,0.12808728
7186,XGBoost,0.2313,0.15335223
7187,XGBoost,0.4946,0.5419942
7188,XGBoost,0.1379,0.15911849
7189,XGBoost,0.1242,0.058549374
7190,XGBoost,0.5859,0.47841004
7191,XGBoost,0.2368,0.25543204
7192,XGBoost,0.217,0.2506789
7193,XGBoost,0.1769,0.28796533
7194,XGBoost,-0.0167,0.091755
7195,XGBoost,0.0414,0.040289536
7196,XGBoost,0.5049,0.41329312
7197,XGBoost,-0.0295,0.03627013
7198,XGBoost,-0.0298,0.014858447
7199,XGBoost,0.1345,0.10189772
7200,XGBoost,0.0585,0.04855872
7201,XGBoost,-0.0053,0.056588475
7202,XGBoost,-0.0513,-0.06815878
7203,XGBoost,0.2394,0.19820747
7204,XGBoost,0.0026,0.018861962
7205,XGBoost,0.1897,0.21287902
7206,XGBoost,0.1085,0.1537665
7207,XGBoost,0.4222,0.4704136
7208,XGBoost,-0.076,0.07807908
7209,XGBoost,0.2336,0.2013283
7210,XGBoost,0.015,0.005564665
7211,XGBoost,0.0327,0.07341146
7212,XGBoost,-0.0777,0.09896682
7213,XGBoost,0.7049,0.66251713
7214,XGBoost,0.0104,0.06048879
7215,XGBoost,0.1947,0.24104074
7216,XGBoost,0.2538,0.22789608
7217,XGBoost,0.0126,0.101011366
7218,XGBoost,0.4791,0.5479443
7219,XGBoost,0.5642,0.5272821
7220,XGBoost,0.154,0.13257954
7221,XGBoost,0.731,0.69077975
7222,XGBoost,0.1106,0.08163095
7223,XGBoost,0.2348,0.1680203
7224,XGBoost,0.1341,0.16419831
7225,XGBoost,0.3334,0.2854603
7226,XGBoost,0.2843,0.27493256
7227,XGBoost,0.0198,0.06878793
7228,XGBoost,0.0567,0.06756557
7229,XGBoost,0.625,0.6392817
7230,XGBoost,0.414,0.53294563
7231,XGBoost,0.1883,0.27225843
7232,XGBoost,0.0139,0.12368304
7233,XGBoost,0.0278,0.3436142
7234,XGBoost,0.2225,0.25030428
7235,XGBoost,0.4466,0.39998078
7236,XGBoost,0.017,0.03362447
7237,XGBoost,0.1664,0.23393841
7238,XGBoost,0.7497,0.6521438
7239,XGBoost,0.8427,0.827161
7240,XGBoost,-0.124,-0.19903402
7241,XGBoost,0.334,0.2976457
7242,XGBoost,0.1582,0.19745702
7243,XGBoost,-0.1585,-0.16883104
7244,XGBoost,0.9227,0.8752336
7245,XGBoost,0.0718,0.12828283
7246,XGBoost,0.093,0.06882726
7247,XGBoost,0.34,0.2504153
7248,XGBoost,0.4915,0.5413007
7249,XGBoost,0.203,0.27474624
7250,XGBoost,0.5167,0.30525973
7251,XGBoost,0.0107,0.012926196
7252,XGBoost,0.3173,0.28735507
7253,XGBoost,0.2127,0.14270164
7254,XGBoost,0.5266,0.41681007
7255,XGBoost,-0.0674,0.020378277
7256,XGBoost,0.2153,0.1868774
7257,XGBoost,0.1112,0.06284611
7258,XGBoost,0.2634,0.24146652
7259,XGBoost,0.0645,0.07598833
7260,XGBoost,0.245,0.2998085
7261,XGBoost,0.4424,0.5395229
7262,XGBoost,0.2736,0.3057225
7263,XGBoost,0.0702,0.047419064
7264,XGBoost,-0.1349,-0.06624257
7265,XGBoost,0.437,0.30379772
7266,XGBoost,0.1666,0.17717858
7267,XGBoost,0.1071,0.06644944
7268,XGBoost,0.5627,0.55788094
7269,XGBoost,0.1663,0.22036365
7270,XGBoost,0.3201,0.23412302
7271,XGBoost,0.6009,0.40633085
7272,XGBoost,0.1004,0.13613042
7273,XGBoost,0.0544,0.061834563
7274,XGBoost,0.125,0.17304973
7275,XGBoost,0.193,0.17407231
7276,XGBoost,-0.0252,0.011796625
7277,XGBoost,-0.0153,0.05164896
7278,XGBoost,-0.0437,0.0872422
7279,XGBoost,0.0973,0.089076236
7280,XGBoost,0.196,0.16697463
7281,XGBoost,0.1112,0.15539818
7282,XGBoost,-0.0243,-0.023463776
7283,XGBoost,0.0278,0.12929884
7284,XGBoost,0.1136,0.12625699
7285,XGBoost,0.352,0.3151508
7286,XGBoost,0.8297,0.7707354
7287,XGBoost,0.7415,0.70111
7288,XGBoost,0.3901,0.31149334
7289,XGBoost,0.0562,0.18906184
7290,XGBoost,0.4363,0.420272
7291,XGBoost,0.7698,0.6367255
7292,XGBoost,0.6199,0.65159196
7293,XGBoost,0.2898,0.20046087
7294,XGBoost,0.3921,0.4251392
7295,XGBoost,-0.1219,-0.064463966
7296,XGBoost,0.4638,0.45884556
7297,XGBoost,0.2748,0.29700965
7298,XGBoost,0.2485,0.17029417
7299,XGBoost,-0.0762,-0.01990532
7300,XGBoost,0.1625,0.14750554
7301,XGBoost,0.4526,0.40938804
7302,XGBoost,0.7691,0.7376982
7303,XGBoost,0.1197,0.13496228
7304,XGBoost,0.5091,0.33384317
7305,XGBoost,0.1806,0.08169868
7306,XGBoost,0.5763,0.41014883
7307,XGBoost,0.3101,0.16462561
7308,XGBoost,0.2138,0.14222114
7309,XGBoost,0.3841,0.30217683
7310,XGBoost,0.1265,0.19786747
7311,XGBoost,0.4383,0.4724826
7312,XGBoost,0.2217,0.28179502
7313,XGBoost,0.2468,0.2639752
7314,XGBoost,0.4665,0.548945
7315,XGBoost,0.1536,0.1638137
7316,XGBoost,-0.0673,0.2624932
7317,XGBoost,0.3614,0.3869276
7318,XGBoost,0.0246,0.0622762
7319,XGBoost,0.2126,0.28043035
7320,XGBoost,-0.0125,-0.16863924
7321,XGBoost,-0.2356,-0.18791229
7322,XGBoost,0.0527,0.12717323
7323,XGBoost,0.1466,0.12483012
7324,XGBoost,-0.1561,-0.1313842
7325,XGBoost,0.1937,0.24556622
7326,XGBoost,-0.0225,0.04633787
7327,XGBoost,0.1131,0.110574976
7328,XGBoost,0.201,0.2309378
7329,XGBoost,0.5849,0.5304538
7330,XGBoost,0.3454,0.42438754
7331,XGBoost,0.0985,0.15209933
7332,XGBoost,0.1893,0.29443246
7333,XGBoost,-0.0123,0.103366904
7334,XGBoost,0.1786,0.20266062
7335,XGBoost,0.0997,0.11275863
7336,XGBoost,0.5568,0.5608305
7337,XGBoost,0.7978,0.8550266
7338,XGBoost,0.1048,0.10388692
7339,XGBoost,0.1515,0.28069833
7340,XGBoost,0.3303,0.29718655
7341,XGBoost,0.2885,0.25473657
7342,XGBoost,0.4262,0.32994738
7343,XGBoost,0.6581,0.43939245
7344,XGBoost,0.1013,0.07997506
7345,XGBoost,0.6821,0.7197265
7346,XGBoost,0.2523,0.24105936
7347,XGBoost,-0.0366,0.15342836
7348,XGBoost,-0.2424,0.015934719
7349,XGBoost,0.0262,0.11624081
7350,XGBoost,-0.0354,0.021079388
7351,XGBoost,0.2123,0.20149273
7352,XGBoost,0.3802,0.42693666
7353,XGBoost,0.0506,0.07106121
7354,XGBoost,0.3097,0.2919948
7355,XGBoost,0.117,0.15901928
7356,XGBoost,0.1017,0.20441824
7357,XGBoost,0.5535,0.4808835
7358,XGBoost,0.4756,0.5636728
7359,XGBoost,0.184,0.18477884
7360,XGBoost,0.222,0.18169522
7361,XGBoost,0.1367,0.14152741
7362,XGBoost,0.0947,0.07326395
7363,XGBoost,0.2377,0.17617276
7364,XGBoost,0.027,0.041142378
7365,XGBoost,0.2952,0.22422412
7366,XGBoost,0.2216,0.17647061
7367,XGBoost,0.1176,0.09860703
7368,XGBoost,0.4472,0.35203296
7369,XGBoost,0.1249,0.0971493
7370,XGBoost,0.1594,0.1743297
7371,XGBoost,0.4759,0.45865482
7372,XGBoost,0.4621,0.34079307
7373,XGBoost,-0.0201,-0.029151583
7374,XGBoost,0.7551,0.72099787
7375,XGBoost,0.1711,0.19143234
7376,XGBoost,0.153,0.23055132
7377,XGBoost,-0.107,-0.013389541
7378,XGBoost,0.2338,0.2600173
7379,XGBoost,0.0829,0.097116925
7380,XGBoost,0.308,0.2688868
7381,XGBoost,0.513,0.55333364
7382,XGBoost,0.0754,0.06737932
7383,XGBoost,0.0561,0.11745526
7384,XGBoost,0.3066,0.22652258
7385,XGBoost,0.1629,0.16901246
7386,XGBoost,0.0554,0.048495
7387,XGBoost,0.163,0.2187494
7388,XGBoost,0.2746,0.24402222
7389,XGBoost,-0.0364,0.04245014
7390,XGBoost,0.3734,0.32270232
7391,XGBoost,0.0265,0.08431393
7392,XGBoost,0.2317,0.3022185
7393,XGBoost,0.5595,0.71394414
7394,XGBoost,0.486,0.352753
7395,XGBoost,0.37,0.33801052
7396,XGBoost,-0.0227,-0.029727457
7397,XGBoost,0.2906,0.26193097
7398,XGBoost,0.0374,0.07244446
7399,XGBoost,0.1764,0.12589811
7400,XGBoost,0.2754,0.14570682
7401,XGBoost,0.1422,0.12209702
7402,XGBoost,0.0779,0.14108789
7403,XGBoost,0.1316,0.14281096
7404,XGBoost,0.061,0.038514316
7405,XGBoost,0.0568,0.1440681
7406,XGBoost,0.1312,0.10796303
7407,XGBoost,0.2192,0.18113707
7408,XGBoost,0.5499,0.35427195
7409,XGBoost,0.2727,0.25201103
7410,XGBoost,0.3238,0.28512213
7411,XGBoost,0.1987,0.3063899
7412,XGBoost,0.1043,0.085362345
7413,XGBoost,0.4335,0.34015048
7414,XGBoost,0.1903,0.20927827
7415,XGBoost,0.1565,0.21648917
7416,XGBoost,0.1464,0.22531883
7417,XGBoost,-0.0751,-0.012022479
7418,XGBoost,0.136,0.22662486
7419,XGBoost,0.8712,0.7843453
7420,XGBoost,0.2243,0.22323416
7421,XGBoost,0.1915,0.1638471
7422,XGBoost,-0.0257,-0.056737684
7423,XGBoost,-0.0029,0.16311812
7424,XGBoost,0.2691,0.17199078
7425,XGBoost,0.1199,0.1286789
7426,XGBoost,0.4632,0.4177756
7427,XGBoost,0.4501,0.4649697
7428,XGBoost,0.1384,0.23696178
7429,XGBoost,0.3117,0.22728291
7430,XGBoost,0.1667,0.11601443
7431,XGBoost,0.2709,0.24625051
7432,XGBoost,0.1377,0.09900513
7433,XGBoost,0.0023,0.07281759
7434,XGBoost,0.1823,0.19833024
7435,XGBoost,0.188,0.18802258
7436,XGBoost,0.3083,0.25861746
7437,XGBoost,-0.1052,0.069556676
7438,XGBoost,0.1369,0.1382419
7439,XGBoost,0.0508,0.032630306
7440,XGBoost,0.6057,0.55294204
7441,XGBoost,0.0298,0.05541406
7442,XGBoost,0.951,0.9329532
7443,XGBoost,0.7364,0.7441464
7444,XGBoost,0.3655,0.26139587
7445,XGBoost,-0.0868,0.091098346
7446,XGBoost,0.2912,0.2761494
7447,XGBoost,0.0342,0.17321509
7448,XGBoost,0.1011,0.08221087
7449,XGBoost,0.1264,0.17941418
7450,XGBoost,0.0728,0.14242111
7451,XGBoost,-0.1733,-0.2077336
7452,XGBoost,0.4437,0.4512147
7453,XGBoost,0.2847,0.24784768
7454,XGBoost,0.3751,0.34485933
7455,XGBoost,0.013,0.15942822
7456,XGBoost,0.0287,0.15782513
7457,XGBoost,0.2012,0.16747673
7458,XGBoost,0.1821,0.30024582
7459,XGBoost,0.8398,0.80351347
7460,XGBoost,0.021,0.07050308
7461,XGBoost,0.2712,0.19274464
7462,XGBoost,0.8266,0.8128684
7463,XGBoost,-0.0589,-0.09881471
7464,XGBoost,0.3069,0.30367473
7465,XGBoost,-0.1489,-0.1624729
7466,XGBoost,0.0577,0.07083029
7467,XGBoost,0.0916,0.13712467
7468,XGBoost,0.1588,0.16273317
7469,XGBoost,0.2312,0.25518
7470,XGBoost,0.4346,0.35492104
7471,XGBoost,-0.0147,0.1072971
7472,XGBoost,0.4361,0.36060974
7473,XGBoost,-0.0712,0.024817152
7474,XGBoost,-0.1863,-0.14226311
7475,XGBoost,0.3692,0.3345777
7476,XGBoost,0.7477,0.706856
7477,XGBoost,0.4946,0.43901944
7478,XGBoost,0.0446,0.044654593
7479,XGBoost,0.4638,0.48986828
7480,XGBoost,0.2136,0.27197972
7481,XGBoost,-0.0187,-0.035839014
7482,XGBoost,0.3986,0.33574724
7483,XGBoost,-0.1999,-0.2016038
7484,XGBoost,0.1973,0.21202326
7485,XGBoost,-0.0583,-0.018009214
7486,XGBoost,-0.0068,-0.023863807
7487,XGBoost,0.2906,0.20059192
7488,XGBoost,0.2122,0.25773644
7489,XGBoost,0.0948,0.13715939
7490,XGBoost,0.1063,0.18569231
7491,XGBoost,0.1561,0.17341362
7492,XGBoost,0.5132,0.41036344
7493,XGBoost,0.4579,0.37719473
7494,XGBoost,-0.0445,-0.0033242763
7495,XGBoost,0.3432,0.25530317
7496,XGBoost,0.0886,0.19038546
7497,XGBoost,0.3938,0.35156852
7498,XGBoost,0.0991,0.04312578
7499,XGBoost,0.3782,0.34009442
7500,XGBoost,0.3507,0.35130653
7501,XGBoost,0.4007,0.38633975
7502,XGBoost,0.4897,0.43327114
7503,XGBoost,0.0061,-0.03239195
7504,XGBoost,-0.2441,0.04559458
7505,XGBoost,-0.2667,0.13866046
7506,XGBoost,0.3256,0.20930961
7507,XGBoost,0.0278,0.016948715
7508,XGBoost,0.522,0.5480432
7509,XGBoost,-0.0803,-0.13040268
7510,XGBoost,0.2214,0.17706923
7511,XGBoost,0.1195,0.11187663
7512,XGBoost,0.5497,0.483508
7513,XGBoost,0.0584,0.09188712
7514,XGBoost,-0.0546,0.041875828
7515,XGBoost,0.3618,0.3943713
7516,XGBoost,-0.0266,0.033954926
7517,XGBoost,0.7383,0.5388333
7518,XGBoost,0.4452,0.3901373
7519,XGBoost,0.0618,0.0625658
7520,XGBoost,0.3014,0.27472436
7521,XGBoost,0.0412,0.046173096
7522,XGBoost,0.0754,0.14678527
7523,XGBoost,0.2323,0.21884412
7524,XGBoost,0.129,0.15534519
7525,XGBoost,-0.1852,-0.155404
7526,XGBoost,0.0586,0.036804646
7527,XGBoost,0.4307,0.39007562
7528,XGBoost,0.0009,0.12281901
7529,XGBoost,0.1341,0.09003857
7530,XGBoost,0.088,0.060923014
7531,XGBoost,0.317,0.2973954
7532,XGBoost,0.0333,0.13883327
7533,XGBoost,-0.0535,0.06257591
7534,XGBoost,0.4628,0.34030974
7535,XGBoost,0.0758,0.02650681
7536,XGBoost,0.1737,0.21658617
7537,XGBoost,0.2798,0.20930369
7538,XGBoost,-0.0352,-0.022605473
7539,XGBoost,0.2469,0.2786865
7540,XGBoost,0.4488,0.3574256
7541,XGBoost,0.1244,0.14943314
7542,XGBoost,0.3142,0.2778749
7543,XGBoost,0.2088,0.0436169
7544,XGBoost,0.1047,0.03027743
7545,XGBoost,0.0542,0.0066949474
7546,XGBoost,0.594,0.56952465
7547,XGBoost,0.1575,0.17162652
7548,XGBoost,0.4553,0.35107058
7549,XGBoost,0.5147,0.329564
7550,XGBoost,0.3859,0.29402393
7551,XGBoost,-0.011,0.05406999
7552,XGBoost,0.191,0.27021816
7553,XGBoost,-0.1217,-0.050587423
7554,XGBoost,0.0613,0.14571217
7555,XGBoost,0.0995,0.13248213
7556,XGBoost,0.17,0.22632693
7557,XGBoost,0.0721,0.109520465
7558,XGBoost,0.034,0.15617861
7559,XGBoost,0.4836,0.4313784
7560,XGBoost,0.3355,0.34223217
7561,XGBoost,0.2584,0.35260215
7562,XGBoost,0.4338,0.33900988
7563,XGBoost,0.3421,0.32057667
7564,XGBoost,0.0531,0.086790964
7565,XGBoost,0.1993,0.19405636
7566,XGBoost,0.1738,0.1477086
7567,XGBoost,-0.0583,-0.12726298
7568,XGBoost,0.3243,0.3225202
7569,XGBoost,0.8565,0.7111174
7570,XGBoost,-0.052,0.17790593
7571,XGBoost,0.8588,0.5759341
7572,XGBoost,0.0077,0.06418388
7573,XGBoost,0.4212,0.3661361
7574,XGBoost,-0.205,0.0020499115
7575,XGBoost,0.7088,0.61042917
7576,XGBoost,0.156,0.2178058
7577,XGBoost,0.1977,0.15535541
7578,XGBoost,0.3191,0.28865746
7579,XGBoost,0.3547,0.29479077
7580,XGBoost,0.4533,0.36208826
7581,XGBoost,0.2233,0.22060563
7582,XGBoost,0.2652,0.25388622
7583,XGBoost,0.8498,0.787593
7584,XGBoost,0.0997,0.08328249
7585,XGBoost,0.1391,0.2039113
7586,XGBoost,-0.0899,-0.0014844268
7587,XGBoost,0.3812,0.22113934
7588,XGBoost,0.2053,0.16981545
7589,XGBoost,0.1387,0.14998288
7590,XGBoost,0.1988,0.22447373
7591,XGBoost,0.2538,0.20488873
7592,XGBoost,0.4954,0.41146788
7593,XGBoost,0.1239,0.19616273
7594,XGBoost,0.1201,0.17036924
7595,XGBoost,0.7626,0.72020674
7596,XGBoost,0.6754,0.64116204
7597,XGBoost,0.0445,0.33050492
7598,XGBoost,0.3562,0.2681932
7599,XGBoost,0.695,0.62341136
7600,XGBoost,0.1571,0.19301452
7601,XGBoost,0.3424,0.35543954
7602,XGBoost,0.2698,0.23060465
7603,XGBoost,0.0662,0.15551779
7604,XGBoost,0.1604,0.23300141
7605,XGBoost,-0.2069,-0.14604785
7606,XGBoost,0.0925,0.0578511
7607,XGBoost,0.3833,0.29807958
7608,XGBoost,0.0551,0.036461134
7609,XGBoost,0.4173,0.44734153
7610,XGBoost,0.1471,0.2662793
7611,XGBoost,0.239,0.16687325
7612,XGBoost,0.0615,0.12989017
7613,XGBoost,-0.121,-0.12180003
7614,XGBoost,0.508,0.5300369
7615,XGBoost,0.1788,0.1280155
7616,XGBoost,0.1813,0.24032249
7617,XGBoost,0.4837,0.43700626
7618,XGBoost,0.4034,0.45082206
7619,XGBoost,0.516,0.3677719
7620,XGBoost,0.1309,0.18339653
7621,XGBoost,0.1019,0.09273795
7622,XGBoost,0.2802,0.2984274
7623,XGBoost,0.5535,0.4495979
7624,XGBoost,0.1515,0.17329687
7625,XGBoost,0.0072,-0.002473828
7626,XGBoost,0.1939,0.24402684
7627,XGBoost,-0.0453,0.00076877646
7628,XGBoost,0.1845,0.049867555
7629,XGBoost,0.6,0.52940595
7630,XGBoost,0.7875,0.7037586
7631,XGBoost,0.3052,0.25666142
7632,XGBoost,0.0214,0.31652486
7633,XGBoost,-0.0389,0.102704816
7634,XGBoost,0.1277,0.14767587
7635,XGBoost,0.1638,0.12102144
7636,XGBoost,0.1365,0.16350965
7637,XGBoost,0.1018,0.16560344
7638,XGBoost,0.559,0.5516116
7639,XGBoost,0.2306,0.028368153
7640,XGBoost,0.1817,0.29646578
7641,XGBoost,0.3523,0.326094
7642,XGBoost,0.1933,0.2737276
7643,XGBoost,0.1334,0.08918355
7644,XGBoost,0.3723,0.39813188
7645,XGBoost,0.8032,0.7063588
7646,XGBoost,-0.2069,-0.15225723
7647,XGBoost,0.0572,0.07936435
7648,XGBoost,-0.1588,-0.135253
7649,XGBoost,0.1902,0.14242196
7650,XGBoost,0.2198,0.20121628
7651,XGBoost,0.2062,0.2249472
7652,XGBoost,0.2178,0.18642147
7653,XGBoost,0.5964,0.53505844
7654,XGBoost,0.6139,0.5610841
7655,XGBoost,0.8674,0.81131804
7656,XGBoost,0.1727,0.16746722
7657,XGBoost,0.6951,0.6696751
7658,XGBoost,0.0993,0.09345227
7659,XGBoost,0.2609,0.30684695
7660,XGBoost,-0.0737,-0.14720726
7661,XGBoost,0.1199,0.087635174
7662,XGBoost,0.5871,0.44682455
7663,XGBoost,-0.0262,-0.04147628
7664,XGBoost,0.0015,0.0067344015
7665,XGBoost,-0.0839,0.05139248
7666,XGBoost,0.1463,0.18296729
7667,XGBoost,0.372,0.24969783
7668,XGBoost,-0.2334,-0.07422704
7669,XGBoost,0.5,0.39235514
7670,XGBoost,0.1008,0.120384544
7671,XGBoost,0.0595,0.061336342
7672,XGBoost,0.1666,0.1357192
7673,XGBoost,0.0456,0.02688399
7674,XGBoost,0.1695,0.20290193
7675,XGBoost,0.1122,0.07111183
7676,XGBoost,0.5221,0.387881
7677,XGBoost,0.2872,0.20873275
7678,XGBoost,0.2908,0.2244035
7679,XGBoost,0.3371,0.38909963
7680,XGBoost,0.2536,0.2252954
7681,XGBoost,0.2987,0.33744872
7682,XGBoost,0.0344,0.015275563
7683,XGBoost,-0.0008,0.117049165
7684,XGBoost,0.3776,0.37620622
7685,XGBoost,0.1389,0.28308272
7686,XGBoost,0.5696,0.5201857
7687,XGBoost,0.6434,0.652532
7688,XGBoost,0.0497,0.027522897
7689,XGBoost,0.1627,0.14458856
7690,XGBoost,-0.0176,0.28581423
7691,XGBoost,0.8162,0.86480707
7692,XGBoost,0.2964,0.2629313
7693,XGBoost,0.6381,0.6864092
7694,XGBoost,0.3905,0.393211
7695,XGBoost,0.0912,0.19304918
7696,XGBoost,0.231,0.17921336
7697,XGBoost,0.3373,0.24149169
7698,XGBoost,0.2965,0.3138814
7699,XGBoost,0.1444,0.13270302
7700,XGBoost,0.4532,0.44773185
7701,XGBoost,0.122,0.116625525
7702,XGBoost,0.628,0.5724077
7703,XGBoost,0.2851,0.26627097
7704,XGBoost,0.03,0.09786664
7705,XGBoost,-0.0039,-0.07113406
7706,XGBoost,-0.0154,-0.028875852
7707,XGBoost,0.1912,0.2522989
7708,XGBoost,0.2824,0.26191705
7709,XGBoost,0.2118,0.25658557
7710,XGBoost,0.1922,0.25005198
7711,XGBoost,0.3824,0.25633243
7712,XGBoost,0.02,0.0727031
7713,XGBoost,0.3946,0.47361565
7714,XGBoost,0.0635,0.16063479
7715,XGBoost,-0.039,0.007841897
7716,XGBoost,0.4585,0.36676633
7717,XGBoost,0.3243,0.27052903
7718,XGBoost,0.1648,0.12802066
7719,XGBoost,0.1987,0.16355288
7720,XGBoost,0.1872,0.15366715
7721,XGBoost,0.1378,0.08084215
7722,XGBoost,-0.099,-0.07076848
7723,XGBoost,0.2793,0.16705222
7724,XGBoost,0.3316,0.31071898
7725,XGBoost,0.1795,0.23518057
7726,XGBoost,0.1547,0.22705173
7727,XGBoost,-0.1771,-0.27089867
7728,XGBoost,0.0196,0.029634137
7729,XGBoost,0.1495,0.23335704
7730,XGBoost,0.3225,0.3072913
7731,XGBoost,0.0093,0.05803279
7732,XGBoost,0.1619,0.17035446
7733,XGBoost,0.1378,0.06968338
7734,XGBoost,-0.0671,0.00018695527
7735,XGBoost,0.0388,0.06991719
7736,XGBoost,0.4338,0.4163055
7737,XGBoost,0.1449,0.14840935
7738,XGBoost,0.1351,0.22392096
7739,XGBoost,0.2102,0.15410869
7740,XGBoost,0.3019,0.32517174
7741,XGBoost,-0.1359,-0.09970861
7742,XGBoost,0.0403,0.10770781
7743,XGBoost,0.4138,0.41292492
7744,XGBoost,0.196,0.14322479
7745,XGBoost,0.025,0.16073015
7746,XGBoost,0.0448,0.11996964
7747,XGBoost,0.1714,0.15338807
7748,XGBoost,0.7873,0.7237884
7749,XGBoost,0.0168,0.0023117918
7750,XGBoost,0.3336,0.3367495
7751,XGBoost,-0.1008,0.0070478376
7752,XGBoost,0.336,0.32307953
7753,XGBoost,0.1174,0.059041187
7754,XGBoost,-0.0528,0.022978976
7755,XGBoost,0.6153,0.6595955
7756,XGBoost,0.0935,0.11527355
7757,XGBoost,-0.1282,0.047503054
7758,XGBoost,0.3772,0.23397484
7759,XGBoost,0.3381,0.28348327
7760,XGBoost,0.4151,0.32205173
7761,XGBoost,-0.1532,-0.20683432
7762,XGBoost,0.1122,0.1918989
7763,XGBoost,0.2025,0.26094005
7764,XGBoost,0.487,0.5086582
7765,XGBoost,0.2475,0.24255715
7766,XGBoost,0.1275,0.22313799
7767,XGBoost,0.2696,0.30441308
7768,XGBoost,0.3628,0.33233774
7769,XGBoost,0.4541,0.39706898
7770,XGBoost,-0.1636,-0.15070443
7771,XGBoost,0.0396,0.07139415
7772,XGBoost,0.0041,0.050178014
7773,XGBoost,-0.0169,0.004607949
7774,XGBoost,0.1009,0.13819064
7775,XGBoost,-0.1121,-0.10270347
7776,XGBoost,0.3194,0.1796825
7777,XGBoost,0.1527,0.14737321
7778,XGBoost,0.7047,0.63856477
7779,XGBoost,0.1183,0.10212482
7780,XGBoost,0.2584,0.2668724
7781,XGBoost,-0.1028,-0.043664325
7782,XGBoost,0.3608,0.31194255
7783,XGBoost,0.0576,0.07797559
7784,XGBoost,0.4577,0.21437629
7785,XGBoost,0.4063,0.29223981
7786,XGBoost,0.0818,0.24673198
7787,XGBoost,0.2836,0.3727108
7788,XGBoost,0.5066,0.42030194
7789,XGBoost,0.4282,0.32457128
7790,XGBoost,0.67,0.5113141
7791,XGBoost,0.4959,0.40531614
7792,XGBoost,0.2656,0.22391409
7793,XGBoost,-0.0384,0.017979246
7794,XGBoost,0.1246,0.22828807
7795,XGBoost,0.4572,0.44897208
7796,XGBoost,0.3305,0.24888915
7797,XGBoost,0.3568,0.33463228
7798,XGBoost,0.3911,0.38704425
7799,XGBoost,0.0545,0.07712946
7800,XGBoost,0.01,0.06765564
7801,XGBoost,0.0781,0.054651666
7802,XGBoost,-0.1036,-0.04008953
7803,XGBoost,0.1,0.17473088
7804,XGBoost,0.6253,0.7080636
7805,XGBoost,0.1911,0.2269036
7806,XGBoost,0.3308,0.2864142
7807,XGBoost,0.0041,0.035078615
7808,XGBoost,0.1375,0.27848724
7809,XGBoost,0.3768,0.3973516
7810,XGBoost,0.2134,0.17024316
7811,XGBoost,0.0861,0.11344495
7812,XGBoost,0.2894,0.25749642
7813,XGBoost,0.4128,0.46475512
7814,XGBoost,0.3812,0.43583646
7815,XGBoost,0.147,0.21980655
7816,XGBoost,0.7102,0.650099
7817,XGBoost,0.4021,0.3743587
7818,XGBoost,0.1532,0.24885488
7819,XGBoost,0.2071,0.18879588
7820,XGBoost,0.1293,0.18213174
7821,XGBoost,0.0626,0.097897746
7822,XGBoost,0.3771,0.3338078
7823,XGBoost,0.3758,0.3048206
7824,XGBoost,0.2291,0.31539172
7825,XGBoost,0.8525,0.66732496
7826,XGBoost,0.5083,0.5592088
7827,XGBoost,0.0404,0.20558225
7828,XGBoost,0.496,0.5398202
7829,XGBoost,0.0823,0.08282015
7830,XGBoost,0.0519,0.11087359
7831,XGBoost,0.0538,0.06514917
7832,XGBoost,0.7802,0.45347217
7833,XGBoost,0.0349,0.05199349
7834,XGBoost,0.5019,0.39302006
7835,XGBoost,0.2279,0.27099475
7836,XGBoost,0.5218,0.30832928
7837,XGBoost,0.266,0.27645946
7838,XGBoost,0.1681,0.31492114
7839,XGBoost,0.112,0.16524583
7840,XGBoost,0.0314,0.10806949
7841,XGBoost,0.2514,0.27436626
7842,XGBoost,0.1654,0.092626795
7843,XGBoost,0.2911,0.22417861
7844,XGBoost,0.1324,0.041428972
7845,XGBoost,0.1451,0.21304888
7846,XGBoost,0.2122,0.13920799
7847,XGBoost,0.4885,0.48308608
7848,XGBoost,0.1422,0.13769549
7849,XGBoost,0.893,0.94988114
7850,XGBoost,0.172,0.1850811
7851,XGBoost,0.0872,0.09726733
7852,XGBoost,0.3202,0.14113542
7853,XGBoost,0.4865,0.55831844
7854,XGBoost,0.3982,0.38524473
7855,XGBoost,0.045,0.14892234
7856,XGBoost,0.3512,0.28068444
7857,XGBoost,0.2605,0.26329333
7858,XGBoost,0.5737,0.5523029
7859,XGBoost,0.7863,0.96781486
7860,XGBoost,0.1633,0.16856995
7861,XGBoost,0.1534,0.2230054
7862,XGBoost,0.1058,0.115846425
7863,XGBoost,-0.0711,-0.036844555
7864,XGBoost,0.3967,0.28073996
7865,XGBoost,0.2556,0.20673595
7866,XGBoost,0.2316,0.16802411
7867,XGBoost,0.0237,0.18517815
7868,XGBoost,-0.1965,-0.079357415
7869,XGBoost,0.1664,0.1785465
7870,XGBoost,-0.044,0.29310355
7871,XGBoost,0.4254,0.42237416
7872,XGBoost,0.5146,0.51695627
7873,XGBoost,0.5227,0.56194365
7874,XGBoost,0.3813,0.28643876
7875,XGBoost,0.2022,0.2143861
7876,XGBoost,0.174,0.17474677
7877,XGBoost,0.4442,0.3779227
7878,XGBoost,0.1327,0.1624513
7879,XGBoost,0.1344,0.13338883
7880,XGBoost,0.0602,0.065523885
7881,XGBoost,0.1259,0.15057075
7882,XGBoost,-0.085,-0.046435386
7883,XGBoost,0.6118,0.55655515
7884,XGBoost,0.0827,0.10727608
7885,XGBoost,0.468,0.52119255
7886,XGBoost,0.8082,0.67955345
7887,XGBoost,0.0236,-0.013672001
7888,XGBoost,0.0834,0.13629285
7889,XGBoost,0.0741,0.09436879
7890,XGBoost,-0.0312,-0.020938538
7891,XGBoost,0.4812,0.32109317
7892,XGBoost,0.1985,0.22354312
7893,XGBoost,0.5729,0.5802876
7894,XGBoost,0.806,0.7683159
7895,XGBoost,0.0111,-0.019460084
7896,XGBoost,0.3479,0.3059211
7897,XGBoost,0.2207,0.22794397
7898,XGBoost,0.1676,0.21653326
7899,XGBoost,0.1055,0.090483926
7900,XGBoost,0.128,0.18241228
7901,XGBoost,0.0259,-0.06712343
7902,XGBoost,0.1212,0.14448288
7903,XGBoost,0.1985,0.14142114
7904,XGBoost,0.0954,0.11567713
7905,XGBoost,0.5642,0.1739647
7906,XGBoost,0.1757,0.19908209
7907,XGBoost,0.1588,0.10432554
7908,XGBoost,0.2185,0.23490497
7909,XGBoost,0.0539,0.07204668
7910,XGBoost,0.7087,0.6600283
7911,XGBoost,0.1029,0.14330782
7912,XGBoost,-0.0829,0.009890095
7913,XGBoost,0.3109,0.34149185
7914,XGBoost,0.3895,0.2508552
7915,XGBoost,-0.1633,0.047662128
7916,XGBoost,0.2135,0.122171186
7917,XGBoost,0.1851,0.12868606
7918,XGBoost,0.2973,0.35546282
7919,XGBoost,0.0036,0.14453547
7920,XGBoost,0.41,0.4314277
7921,XGBoost,0.0959,0.16385515
7922,XGBoost,0.0548,0.10690964
7923,XGBoost,0.0076,0.1502104
7924,XGBoost,-0.0779,-0.071502484
7925,XGBoost,0.08,0.15344149
7926,XGBoost,0.2207,0.24661897
7927,XGBoost,0.4413,0.41993546
7928,XGBoost,0.0658,0.08538615
7929,XGBoost,0.3493,0.28910828
7930,XGBoost,0.2391,0.23412126
7931,XGBoost,0.023,-0.01883967
7932,XGBoost,0.594,0.68518305
7933,XGBoost,0.3332,0.30124068
7934,XGBoost,0.482,0.41192007
7935,XGBoost,0.2071,0.23312218
7936,XGBoost,0.8894,0.86925256
7937,XGBoost,0.0461,0.19073372
7938,XGBoost,0.2497,0.20972799
7939,XGBoost,-0.2304,-0.2538888
7940,XGBoost,0.3956,0.37335274
7941,XGBoost,0.155,0.37265798
7942,XGBoost,0.5459,0.4066374
7943,XGBoost,0.1457,0.1455794
7944,XGBoost,0.611,0.607945
7945,XGBoost,-0.0513,0.058741122
7946,XGBoost,0.2687,0.17409566
7947,XGBoost,0.0447,0.00544875
7948,XGBoost,0.513,0.38304833
7949,XGBoost,0.2302,0.3023829
7950,XGBoost,0.5604,0.52831024
7951,XGBoost,0.6187,0.6023715
7952,XGBoost,0.1463,0.10756659
7953,XGBoost,0.2603,0.23513761
7954,XGBoost,0.0076,0.18512824
7955,XGBoost,0.0315,0.05062048
7956,XGBoost,0.1645,0.43053466
7957,XGBoost,0.2143,0.23053753
7958,XGBoost,0.329,0.34418672
7959,XGBoost,-0.0139,-0.020951603
7960,XGBoost,0.3738,0.35480708
7961,XGBoost,0.1203,0.0969377
7962,XGBoost,0.0547,0.20442812
7963,XGBoost,0.2056,0.21890734
7964,XGBoost,0.1251,0.14878805
7965,XGBoost,0.2334,0.18908568
7966,XGBoost,0.2282,0.09988457
7967,XGBoost,-0.0475,-0.06808045
7968,XGBoost,0.1753,0.13795234
7969,XGBoost,0.2433,0.2241099
7970,XGBoost,0.3039,0.33877856
7971,XGBoost,0.2911,0.23793311
7972,XGBoost,0.5312,0.50821686
7973,XGBoost,0.0045,-0.025243923
7974,XGBoost,0.2446,0.25941557
7975,XGBoost,0.0783,0.1329504
7976,XGBoost,0.1593,0.15835819
7977,XGBoost,0.7371,0.7107063
7978,XGBoost,0.4262,0.4195993
7979,XGBoost,0.4948,0.36585587
7980,XGBoost,0.169,0.16357444
7981,XGBoost,0.1676,0.2477597
7982,XGBoost,0.2038,0.23297083
7983,XGBoost,0.1706,0.12871394
7984,XGBoost,0.4307,0.52319765
7985,XGBoost,0.1734,0.17122391
7986,XGBoost,0.2079,0.14015634
7987,XGBoost,0.1839,0.15816595
7988,XGBoost,0.2274,0.1518189
7989,XGBoost,0.2536,0.28248242
7990,XGBoost,0.374,0.3844454
7991,XGBoost,0.5417,0.44949964
7992,XGBoost,0.815,0.79360914
7993,XGBoost,0.2078,0.23355342
7994,XGBoost,0.1419,0.19712457
7995,XGBoost,0.2589,0.23334949
7996,XGBoost,0.281,0.25437132
7997,XGBoost,0.5114,0.3743082
7998,XGBoost,0.0358,0.05805126
7999,XGBoost,0.7986,0.7221775
8000,XGBoost,0.6542,0.70815694
8001,XGBoost,0.088,0.09894873
8002,XGBoost,0.025,0.0042394674
8003,XGBoost,-0.0112,0.031489782
8004,XGBoost,0.3338,0.3192102
8005,XGBoost,0.2818,0.303996
8006,XGBoost,0.269,0.2163279
8007,XGBoost,-0.0424,-0.054402262
8008,XGBoost,0.1803,0.1718737
8009,XGBoost,0.169,0.07069467
8010,XGBoost,0.236,0.24813803
8011,XGBoost,0.2198,0.23551038
8012,XGBoost,0.1866,0.18069331
8013,XGBoost,0.4248,0.3101293
8014,XGBoost,0.2512,0.2599191
8015,XGBoost,0.2158,0.18300492
8016,XGBoost,-0.1,-0.10208528
8017,XGBoost,-0.5749,0.11511506
8018,XGBoost,0.0946,0.19279467
8019,XGBoost,0.8552,0.63216054
8020,XGBoost,-0.1193,0.10053257
8021,XGBoost,0.5345,0.4845232
8022,XGBoost,-0.0114,-0.024023902
8023,XGBoost,0.2066,0.1837986
8024,XGBoost,0.0119,0.022842139
8025,XGBoost,-0.1535,-0.12597144
8026,XGBoost,0.3214,0.2669857
8027,XGBoost,0.3994,0.35725105
8028,XGBoost,0.0641,0.12212716
8029,XGBoost,0.4663,0.41470134
8030,XGBoost,-0.0225,0.12880547
8031,XGBoost,0.5976,0.57093763
8032,XGBoost,0.2496,0.20771696
8033,XGBoost,0.2314,0.18760593
8034,XGBoost,0.0476,0.090487026
8035,XGBoost,0.2053,0.22286412
8036,XGBoost,0.3204,0.29533127
8037,XGBoost,0.3088,0.21452016
8038,XGBoost,-0.142,-0.050368115
8039,XGBoost,0.3433,0.2890708
8040,XGBoost,0.252,0.20375931
8041,XGBoost,0.2221,0.20075071
8042,XGBoost,0.2191,0.17354102
8043,XGBoost,0.2066,0.20634024
8044,XGBoost,0.0754,0.015576671
8045,XGBoost,0.1489,0.19274919
8046,XGBoost,0.1556,0.13025701
8047,XGBoost,0.2323,0.2359717
8048,XGBoost,0.1005,0.10753347
8049,XGBoost,0.4096,0.4598576
8050,XGBoost,0.1339,0.20336244
8051,XGBoost,0.3487,0.44114643
8052,XGBoost,0.144,0.043574076
8053,XGBoost,-0.047,0.07255911
8054,XGBoost,0.0231,-0.041662935
8055,XGBoost,0.0609,0.12378732
8056,XGBoost,0.929,0.90093726
8057,XGBoost,0.6836,0.68290555
8058,XGBoost,0.4013,0.2145395
8059,XGBoost,0.4146,0.39824846
8060,XGBoost,0.1216,0.095188536
8061,XGBoost,0.2479,0.26735002
8062,XGBoost,0.2411,0.16741025
8063,XGBoost,0.0501,0.096411824
8064,XGBoost,0.2792,0.3176761
8065,XGBoost,0.3772,0.40113708
8066,XGBoost,0.5453,0.44552746
8067,XGBoost,0.0991,0.1855547
8068,XGBoost,0.8317,0.71839315
8069,XGBoost,0.4374,0.41383913
8070,XGBoost,0.0686,0.09665458
8071,XGBoost,0.3364,0.21833901
8072,XGBoost,0.298,0.25085133
8073,XGBoost,0.1833,0.23678963
8074,XGBoost,0.1203,0.15966924
8075,XGBoost,0.4889,0.48679596
8076,XGBoost,0.3597,0.3918904
8077,XGBoost,0.1821,0.19255018
8078,XGBoost,0.6694,0.6672529
8079,XGBoost,0.386,0.33120865
8080,XGBoost,0.1627,0.15701349
8081,XGBoost,0.4063,0.2642279
8082,XGBoost,0.2047,0.24333432
8083,XGBoost,0.4378,0.36383197
8084,XGBoost,0.2944,0.29786068
8085,XGBoost,0.0882,0.12808652
8086,XGBoost,0.477,0.42769417
8087,XGBoost,0.0561,0.06242738
8088,XGBoost,0.2365,0.17016512
8089,XGBoost,0.4709,0.43896437
8090,XGBoost,0.3123,0.31844172
8091,XGBoost,0.1103,0.03190345
8092,XGBoost,0.5381,0.26682255
8093,XGBoost,-0.0282,0.08230591
8094,XGBoost,-0.1078,0.017444558
8095,XGBoost,0.1588,0.14235525
8096,XGBoost,0.312,0.16136804
8097,XGBoost,0.6709,0.6028001
8098,XGBoost,0.1096,0.15620752
8099,XGBoost,0.5135,0.5522858
8100,XGBoost,0.1184,0.21911253
8101,XGBoost,-0.0023,0.0886118
8102,XGBoost,0.4592,0.43253884
8103,XGBoost,0.3461,0.32803532
8104,XGBoost,0.7936,0.7743691
8105,XGBoost,0.468,0.5373859
8106,XGBoost,-0.0229,-0.061513837
8107,XGBoost,0.8707,0.66401976
8108,XGBoost,0.3845,0.40969482
8109,XGBoost,0.4534,0.5334572
8110,XGBoost,0.314,0.20962372
8111,XGBoost,0.5015,0.43843183
8112,XGBoost,0.3327,0.2641917
8113,XGBoost,0.1622,0.27915972
8114,XGBoost,0.1257,0.16994575
8115,XGBoost,0.3908,0.34774205
8116,XGBoost,0.108,0.20381041
8117,XGBoost,0.3197,0.22092275
8118,XGBoost,0.1599,0.17448634
8119,XGBoost,0.4747,0.26768968
8120,XGBoost,0.5028,0.44459787
8121,XGBoost,0.5039,0.4387485
8122,XGBoost,0.3143,0.10502511
8123,XGBoost,0.2406,0.17031991
8124,XGBoost,0.3679,0.31537387
8125,XGBoost,0.3705,0.17853662
8126,XGBoost,0.7953,0.63936585
8127,XGBoost,-0.0161,0.0220048
8128,XGBoost,0.311,0.24519457
8129,XGBoost,0.2225,0.31340775
8130,XGBoost,0.4598,0.4379572
8131,XGBoost,0.2595,0.25678948
8132,XGBoost,0.4819,0.46391788
8133,XGBoost,0.2515,0.2249491
8134,XGBoost,-0.13,0.0010275362
8135,XGBoost,0.5165,0.40219158
8136,XGBoost,0.331,0.29237434
8137,XGBoost,0.295,0.23328565
8138,XGBoost,0.1406,0.11467927
8139,XGBoost,0.467,0.40775836
8140,XGBoost,0.391,0.44748166
8141,XGBoost,0.2831,0.2491496
8142,XGBoost,0.0039,0.08101685
8143,XGBoost,-0.1949,0.107426986
8144,XGBoost,0.8661,0.8506465
8145,XGBoost,0.3169,0.1850615
8146,XGBoost,0.1683,0.14770457
8147,XGBoost,0.0904,0.12521303
8148,XGBoost,0.1558,0.13377987
8149,XGBoost,0.2756,0.31156552
8150,XGBoost,0.2354,0.27387363
8151,XGBoost,0.2313,0.2969321
8152,XGBoost,-0.2592,-0.13579354
8153,XGBoost,0.47,0.47965363
8154,XGBoost,0.3482,0.27121815
8155,XGBoost,0.2288,0.21936516
8156,XGBoost,0.1333,0.09843661
8157,XGBoost,0.0752,0.048448
8158,XGBoost,0.5703,0.5554179
8159,XGBoost,0.1318,0.18938479
8160,XGBoost,0.4238,0.40405607
8161,XGBoost,0.1957,0.26832208
8162,XGBoost,-0.0309,0.17979749
8163,XGBoost,-0.2026,-0.07098116
8164,XGBoost,0.1492,0.11298598
8165,XGBoost,0.101,0.16950752
8166,XGBoost,0.4566,0.45472202
8167,XGBoost,0.5861,0.6603406
8168,XGBoost,0.5031,0.4863267
8169,XGBoost,0.286,0.23176704
8170,XGBoost,-0.1244,0.02108029
8171,XGBoost,-0.0963,0.1648205
8172,XGBoost,0.1343,0.083335266
8173,XGBoost,-0.0445,0.040480606
8174,XGBoost,0.3268,0.19000274
8175,XGBoost,0.0759,0.05018849
8176,XGBoost,-0.0004,0.068205096
8177,XGBoost,0.1804,0.2677839
8178,XGBoost,0.3891,0.3914135
8179,XGBoost,0.476,0.36629114
8180,XGBoost,0.1044,0.37249616
8181,XGBoost,0.1481,0.17269371
8182,XGBoost,0.2509,0.21046703
8183,XGBoost,-0.0014,0.032289274
8184,XGBoost,0.0709,0.10789227
8185,XGBoost,0.0406,0.016706126
8186,XGBoost,0.9323,0.8695981
8187,XGBoost,0.2264,0.25699702
8188,XGBoost,0.0986,-0.004653615
8189,XGBoost,0.0672,0.11002442
8190,XGBoost,0.0755,0.044881362
8191,XGBoost,0.197,0.21988465
8192,XGBoost,0.516,0.5229968
8193,XGBoost,0.2858,0.29628232
8194,XGBoost,0.8269,0.7512272
8195,XGBoost,0.9665,0.85923576
8196,XGBoost,0.2358,0.1875752
8197,XGBoost,-0.1734,-0.1367058
8198,XGBoost,0.4393,0.25438812
8199,XGBoost,-0.14,-0.13068621
8200,XGBoost,0.5755,0.5929595
8201,XGBoost,0.6711,-0.022271048
8202,XGBoost,0.2002,0.2233417
8203,XGBoost,0.1867,0.2078363
8204,XGBoost,0.3063,0.282761
8205,XGBoost,0.7297,0.77164656
8206,XGBoost,0.1701,0.109292254
8207,XGBoost,0.3475,0.3462793
8208,XGBoost,0.0842,0.078873806
8209,XGBoost,-0.0014,0.09308889
8210,XGBoost,0.1991,0.04457366
8211,XGBoost,0.1758,0.19598967
8212,XGBoost,-0.0328,0.052210815
8213,XGBoost,0.1432,0.19622242
8214,XGBoost,0.1607,0.23635106
8215,XGBoost,0.0929,0.08332256
8216,XGBoost,0.1573,0.18940128
8217,XGBoost,-0.0366,-0.036939643
8218,XGBoost,0.1659,0.21633089
8219,XGBoost,0.6421,0.6176596
8220,XGBoost,0.1158,0.08442684
8221,XGBoost,0.5968,0.5952847
8222,XGBoost,0.4382,0.344193
8223,XGBoost,-0.0089,0.07116077
8224,XGBoost,0.7888,0.6868157
8225,XGBoost,0.1321,0.19848625
8226,XGBoost,0.1556,0.22382532
8227,XGBoost,0.1571,0.15711142
8228,XGBoost,0.2813,0.23374406
8229,XGBoost,-0.0553,0.036035422
8230,XGBoost,-0.0286,0.032649618
8231,XGBoost,0.0898,0.15008576
8232,XGBoost,0.256,0.3069498
8233,XGBoost,0.1174,0.03615936
8234,XGBoost,-0.1422,-0.08568104
8235,XGBoost,0.2153,0.26168
8236,XGBoost,0.089,0.26101643
8237,XGBoost,0.1971,0.2383496
8238,XGBoost,0.1902,0.15263006
8239,XGBoost,0.5737,0.43852988
8240,XGBoost,-0.0696,0.11442318
8241,XGBoost,0.3303,0.37050998
8242,XGBoost,0.32,0.29608905
8243,XGBoost,-0.0404,0.02033121
8244,XGBoost,0.0821,0.049458332
8245,XGBoost,0.0895,0.2026059
8246,XGBoost,0.3422,0.116903864
8247,XGBoost,0.6671,0.68003345
8248,XGBoost,0.1434,0.17604278
8249,XGBoost,0.0903,0.10059978
8250,XGBoost,-0.0377,0.03443248
8251,XGBoost,0.2015,0.27327418
8252,XGBoost,-0.2146,-0.116086565
8253,XGBoost,0.4999,0.45232993
8254,XGBoost,0.1687,0.1723913
8255,XGBoost,0.1481,0.20516977
8256,XGBoost,-0.0119,0.12588184
8257,XGBoost,0.1368,0.29817462
8258,XGBoost,0.532,0.5128251
8259,XGBoost,0.1131,0.32482105
8260,XGBoost,0.2654,0.22415252
8261,XGBoost,0.5252,0.4480184
8262,XGBoost,0.102,0.15932292
8263,XGBoost,0.1438,0.14008361
8264,XGBoost,0.3371,0.33311474
8265,XGBoost,-0.1646,-0.05789692
8266,XGBoost,0.0757,0.1480054
8267,XGBoost,0.3713,0.28824976
8268,XGBoost,0.261,0.24953036
8269,XGBoost,0.4555,0.33004197
8270,XGBoost,0.523,0.64723843
8271,XGBoost,0.2208,0.17910045
8272,XGBoost,0.1665,0.15201454
8273,XGBoost,0.1519,0.16792844
8274,XGBoost,0.084,0.21017331
8275,XGBoost,0.2562,0.20838268
8276,XGBoost,0.1587,0.06883745
8277,XGBoost,0.2921,0.2682314
8278,XGBoost,0.346,0.3615818
8279,XGBoost,0.1752,0.14784016
8280,XGBoost,0.0576,0.06558931
8281,XGBoost,0.2593,0.21240944
8282,XGBoost,0.6237,0.53103083
8283,XGBoost,0.6642,0.60441613
8284,XGBoost,0.1626,0.2115004
8285,XGBoost,0.0199,-0.032600436
8286,XGBoost,0.351,0.19178426
8287,XGBoost,0.1391,0.26291016
8288,XGBoost,0.1439,0.20474938
8289,XGBoost,-0.118,-0.10843923
8290,XGBoost,0.1575,0.18473105
8291,XGBoost,0.1039,0.08095371
8292,XGBoost,0.058,0.27662787
8293,XGBoost,0.3379,0.28103802
8294,XGBoost,0.1154,0.11257953
8295,XGBoost,-0.0239,0.058252778
8296,XGBoost,0.018,0.10433298
8297,XGBoost,-0.0247,-0.0785869
8298,XGBoost,0.0036,0.010630017
8299,XGBoost,0.2146,0.21647185
8300,XGBoost,0.8651,0.88317084
8301,XGBoost,0.0975,0.08108694
8302,XGBoost,0.203,0.15265253
8303,XGBoost,0.2146,0.27755615
8304,XGBoost,0.7202,0.80727553
8305,XGBoost,0.0498,0.119425245
8306,XGBoost,-0.0454,-0.0906414
8307,XGBoost,0.0339,0.080914274
8308,XGBoost,0.4762,0.26850945
8309,XGBoost,0.1491,0.27181426
8310,XGBoost,0.3627,0.34542063
8311,XGBoost,0.842,0.83625203
8312,XGBoost,0.2339,0.09719491
8313,XGBoost,0.0146,0.09301326
8314,XGBoost,0.1571,0.15592141
8315,XGBoost,-0.0455,-0.033943545
8316,XGBoost,0.2512,0.2636795
8317,XGBoost,0.1304,0.063884035
8318,XGBoost,0.6412,0.6628507
8319,XGBoost,0.2924,0.26309076
8320,XGBoost,0.1715,0.23474789
8321,XGBoost,0.0157,-0.017623363
8322,XGBoost,0.1155,0.25235137
8323,XGBoost,-0.0113,0.044476733
8324,XGBoost,0.1165,0.050344788
8325,XGBoost,0.4428,0.2925131
8326,XGBoost,0.4851,0.392262
8327,XGBoost,0.3105,0.24926406
8328,XGBoost,0.2339,0.22724041
8329,XGBoost,0.6122,0.6574226
8330,XGBoost,0.0809,0.18574741
8331,XGBoost,0.9447,0.82759356
8332,XGBoost,0.1303,0.12753157
8333,XGBoost,0.2879,0.28512
8334,XGBoost,-0.0406,0.0021045855
8335,XGBoost,0.1661,0.16879536
8336,XGBoost,0.4717,0.5184969
8337,XGBoost,0.2581,0.22718154
8338,XGBoost,0.2614,0.18030812
8339,XGBoost,0.2206,0.19715269
8340,XGBoost,0.4404,0.3059736
8341,XGBoost,-0.0225,0.03864858
8342,XGBoost,0.1362,0.1257485
8343,XGBoost,0.122,0.10491239
8344,XGBoost,0.2478,0.31134722
8345,XGBoost,0.0804,0.14777745
8346,XGBoost,0.0896,0.13452381
8347,XGBoost,0.2589,0.25033304
8348,XGBoost,0.1241,0.3308415
8349,XGBoost,0.0953,0.11355051
8350,XGBoost,0.3806,0.32697186
8351,XGBoost,0.3132,0.37185866
8352,XGBoost,0.1667,0.2492407
8353,XGBoost,0.4849,0.4128105
8354,XGBoost,-0.0329,0.041591823
8355,XGBoost,0.5584,0.64419514
8356,XGBoost,0.0591,0.13843277
8357,XGBoost,0.4223,0.47039247
8358,XGBoost,-0.1287,-0.18566735
8359,XGBoost,0.2548,0.1971291
8360,XGBoost,0.1733,0.15297368
8361,XGBoost,0.0309,0.04272285
8362,XGBoost,0.1838,0.14492497
8363,XGBoost,0.0496,0.10267666
8364,XGBoost,0.6049,0.562272
8365,XGBoost,0.2337,0.17922443
8366,XGBoost,-0.163,0.08667108
8367,XGBoost,0.633,0.5351549
8368,XGBoost,0.2357,0.2926323
8369,XGBoost,0.0549,0.09923844
8370,XGBoost,0.1392,0.17271903
8371,XGBoost,0.499,0.47636315
8372,XGBoost,0.4157,0.3853735
8373,XGBoost,0.3054,0.015799094
8374,XGBoost,0.1348,0.25811866
8375,XGBoost,0.1066,0.24711683
8376,XGBoost,0.2705,0.2837229
8377,XGBoost,0.2422,0.25874293
8378,XGBoost,0.1623,0.13119085
8379,XGBoost,0.1289,0.20815131
8380,XGBoost,0.0515,0.09076638
8381,XGBoost,0.3696,0.36293584
8382,XGBoost,0.5245,0.33185592
8383,XGBoost,0.1274,0.09450675
8384,XGBoost,0.074,0.103070416
8385,XGBoost,0.2207,0.21038756
8386,XGBoost,-0.0335,-0.05258009
8387,XGBoost,0.2783,0.24082425
8388,XGBoost,0.0534,0.07911802
8389,XGBoost,0.5358,0.4024222
8390,XGBoost,0.0646,0.023098195
8391,XGBoost,0.2973,0.29723755
8392,XGBoost,-0.2085,0.32476592
8393,XGBoost,-0.0118,0.13435587
8394,XGBoost,0.3737,0.3701985
8395,XGBoost,0.1555,0.21745989
8396,XGBoost,0.3779,0.36691275
8397,XGBoost,0.1482,0.21661818
8398,XGBoost,0.2755,0.2492585
8399,XGBoost,0.3749,0.3879998
8400,XGBoost,0.0899,0.052361265
8401,XGBoost,0.3519,0.25024837
8402,XGBoost,0.4123,0.4102536
8403,XGBoost,0.1541,0.22976741
8404,XGBoost,-0.0532,0.05110204
8405,XGBoost,0.3114,0.27647614
8406,XGBoost,0.3575,0.32085675
8407,XGBoost,0.3541,0.3457951
8408,XGBoost,0.0643,0.05061885
8409,XGBoost,0.1829,0.19937427
8410,XGBoost,0.4503,0.40012372
8411,XGBoost,-0.1198,0.030690895
8412,XGBoost,0.0585,0.08632423
8413,XGBoost,-0.0512,0.10559786
8414,XGBoost,0.6584,0.50243855
8415,XGBoost,0.4088,0.3025283
8416,XGBoost,0.3131,0.26005214
8417,XGBoost,0.8609,0.9740843
8418,XGBoost,0.3183,0.30355522
8419,XGBoost,0.4465,0.46680614
8420,XGBoost,-0.1397,-0.057714522
8421,XGBoost,0.1518,0.16674776
8422,XGBoost,0.3018,0.3162749
8423,XGBoost,0.2035,0.14293788
8424,XGBoost,0.3751,0.33139175
8425,XGBoost,0.1341,0.08575254
8426,XGBoost,0.0226,0.11954651
8427,XGBoost,0.2792,0.2783114
8428,XGBoost,0.1594,0.16642284
8429,XGBoost,0.1327,0.15664673
8430,XGBoost,0.6031,0.50838286
8431,XGBoost,-0.0169,-0.031101847
8432,XGBoost,-0.2042,-0.18765251
8433,XGBoost,-0.1098,-0.019545997
8434,XGBoost,-0.06,0.09438557
8435,XGBoost,0.5641,0.53121066
8436,XGBoost,0.1709,0.19761834
8437,XGBoost,0.2249,0.21716325
8438,XGBoost,0.2594,0.22667596
8439,XGBoost,-0.2033,-0.19850214
8440,XGBoost,0.3997,0.3777552
8441,XGBoost,0.2886,0.1872306
8442,XGBoost,0.0537,0.009382993
8443,XGBoost,0.1632,0.21314225
8444,XGBoost,0.0502,0.1884874
8445,XGBoost,0.2989,0.129114
8446,XGBoost,0.7463,0.6571334
8447,XGBoost,0.0917,0.09410244
8448,XGBoost,0.1228,0.1172535
8449,XGBoost,0.0764,0.07959956
8450,XGBoost,0.1997,0.21177392
8451,XGBoost,0.0639,0.12489756
8452,XGBoost,0.2147,0.21763311
8453,XGBoost,0.1924,0.2518755
8454,XGBoost,0.2336,0.25875467
8455,XGBoost,0.1368,0.17011294
8456,XGBoost,-0.0726,0.10903701
8457,XGBoost,0.0723,0.05316732
8458,XGBoost,0.5147,0.4382451
8459,XGBoost,0.6486,0.59502715
8460,XGBoost,0.4589,0.40872368
8461,XGBoost,0.1824,0.15003835
8462,XGBoost,0.5554,0.5461074
8463,XGBoost,0.1301,0.099771075
8464,XGBoost,0.0471,0.1005716
8465,XGBoost,0.1604,0.2591078
8466,XGBoost,0.1757,0.14407893
8467,XGBoost,0.1223,0.10678087
8468,XGBoost,0.1768,0.13826126
8469,XGBoost,0.111,0.12306886
8470,XGBoost,0.1488,0.19428477
8471,XGBoost,0.4514,0.3618606
8472,XGBoost,0.0752,0.24346459
8473,XGBoost,0.1796,0.20122102
8474,XGBoost,0.1721,0.14328441
8475,XGBoost,0.3159,0.20175722
8476,XGBoost,0.0185,0.14066514
8477,XGBoost,0.2317,0.21961652
8478,XGBoost,0.839,0.73376626
8479,XGBoost,-0.1053,-0.04076046
8480,XGBoost,0.6241,0.42001393
8481,XGBoost,0.2437,0.29051742
8482,XGBoost,0.4658,0.36772496
8483,XGBoost,0.5296,0.46306854
8484,XGBoost,0.3454,0.2868598
8485,XGBoost,-0.0523,-0.017475136
8486,XGBoost,0.2367,0.21817462
8487,XGBoost,-0.0318,0.024552228
8488,XGBoost,-0.1389,-0.07239533
8489,XGBoost,0.4072,0.2911654
8490,XGBoost,0.2072,0.12918594
8491,XGBoost,-0.1929,-0.16490334
8492,XGBoost,-0.044,-0.03501852
8493,XGBoost,0.024,0.2926812
8494,XGBoost,0.0527,0.07741739
8495,XGBoost,0.4268,0.33233938
8496,XGBoost,0.0467,0.13762704
8497,XGBoost,0.2166,0.17474404
8498,XGBoost,0.3644,0.2744418
8499,XGBoost,0.0742,0.08359006
8500,XGBoost,0.1657,0.17674008
8501,XGBoost,-0.0197,-0.0010374779
8502,XGBoost,0.1168,0.14055955
8503,XGBoost,0.6326,0.5828894
8504,XGBoost,0.7376,0.6205389
8505,XGBoost,0.0216,0.008032769
8506,XGBoost,0.1767,0.21881506
8507,XGBoost,0.1621,0.15554635
8508,XGBoost,0.3109,0.26409534
8509,XGBoost,0.1434,0.22054985
8510,XGBoost,0.1444,0.16674076
8511,XGBoost,0.3419,0.42411113
8512,XGBoost,-0.1969,-0.17223601
8513,XGBoost,0.2819,0.1916233
8514,XGBoost,0.1428,0.108965985
8515,XGBoost,0.0376,0.069713056
8516,XGBoost,0.074,0.17936611
8517,XGBoost,0.1678,0.15869868
8518,XGBoost,0.3727,0.12128492
8519,XGBoost,0.3913,0.3389353
8520,XGBoost,0.59,0.47648972
8521,XGBoost,0.2115,0.22823142
8522,XGBoost,0.1805,0.15231459
8523,XGBoost,0.297,0.1049857
8524,XGBoost,0.0675,0.07219633
8525,XGBoost,0.0249,0.07109515
8526,XGBoost,0.2209,0.2180784
8527,XGBoost,0.0484,0.056921713
8528,XGBoost,0.1844,0.20966819
8529,XGBoost,0.0703,0.15566547
8530,XGBoost,0.7797,0.7693457
8531,XGBoost,0.2194,0.163733
8532,XGBoost,0.2741,0.19961883
8533,XGBoost,0.264,0.03574118
8534,XGBoost,0.089,0.04466829
8535,XGBoost,-0.0174,0.057727993
8536,XGBoost,0.3093,0.42781428
8537,XGBoost,0.0401,0.025412226
8538,XGBoost,0.0969,0.2335291
8539,XGBoost,0.218,0.2543058
8540,XGBoost,0.1445,0.15991542
8541,XGBoost,-0.0434,0.11448997
8542,XGBoost,0.0831,0.078027494
8543,XGBoost,0.1982,0.27426347
8544,XGBoost,0.4415,0.53536016
8545,XGBoost,0.395,0.31277084
8546,XGBoost,0.7228,0.60268134
8547,XGBoost,0.2033,0.1775378
8548,XGBoost,0.3381,0.19033353
8549,XGBoost,-0.0001,0.03472592
8550,XGBoost,0.1251,0.1903455
8551,XGBoost,0.2526,0.21471436
8552,XGBoost,0.3148,0.27961636
8553,XGBoost,0.2407,0.2955316
8554,XGBoost,0.5303,0.5936395
8555,XGBoost,0.2007,0.17539868
8556,XGBoost,0.3103,0.29479754
8557,XGBoost,0.5572,0.60931796
8558,XGBoost,0.1321,0.20159599
8559,XGBoost,0.0921,0.14978674
8560,XGBoost,0.1829,0.29757342
8561,XGBoost,0.7506,0.62397116
8562,XGBoost,0.1686,0.10009849
8563,XGBoost,0.5172,0.56912607
8564,XGBoost,0.04,0.090823166
8565,XGBoost,0.6926,0.6273415
8566,XGBoost,0.2028,0.2162953
8567,XGBoost,0.1676,0.23458536
8568,XGBoost,0.2867,0.17235848
8569,XGBoost,-0.0258,0.12211763
8570,XGBoost,0.6387,0.59211504
8571,XGBoost,0.1085,0.08108255
8572,XGBoost,0.167,0.12385879
8573,XGBoost,-0.0846,-0.048382428
8574,XGBoost,0.3308,0.23216824
8575,XGBoost,0.3568,0.35630837
8576,XGBoost,0.218,0.118154205
8577,XGBoost,0.0208,0.08126392
8578,XGBoost,-0.0647,-0.029756851
8579,XGBoost,0.1977,0.2064708
8580,XGBoost,0.1041,0.11895982
8581,XGBoost,0.9135,0.84666145
8582,XGBoost,-0.2031,-0.14433241
8583,XGBoost,0.0515,0.07281444
8584,XGBoost,0.0193,0.1106189
8585,XGBoost,0.0221,-0.0003225828
8586,XGBoost,0.1164,0.09485333
8587,XGBoost,-0.0303,-0.009788253
8588,XGBoost,0.55,0.38682556
8589,XGBoost,0.3811,0.35099736
8590,XGBoost,0.2575,0.2557192
8591,XGBoost,0.0269,0.018770685
8592,XGBoost,0.4508,0.4233359
8593,XGBoost,0.0571,0.12942535
8594,XGBoost,0.1278,0.13634177
8595,XGBoost,-0.0011,0.005012951
8596,XGBoost,0.0649,0.14004704
8597,XGBoost,0.0711,0.060203604
8598,XGBoost,0.375,0.3392757
8599,XGBoost,0.0558,0.036017247
8600,XGBoost,0.0616,0.09179779
8601,XGBoost,0.5182,0.61223984
8602,XGBoost,0.104,0.17853491
8603,XGBoost,0.444,0.36028403
8604,XGBoost,0.4833,0.45376772
8605,XGBoost,0.6148,0.570016
8606,XGBoost,0.426,0.36869937
8607,XGBoost,0.7315,0.7307581
8608,XGBoost,0.3543,0.24142158
8609,XGBoost,0.0255,0.1287689
8610,XGBoost,0.6569,0.6365477
8611,XGBoost,0.3936,0.21089885
8612,XGBoost,0.2241,0.30399272
8613,XGBoost,0.2179,0.21867101
8614,XGBoost,0.302,0.26523468
8615,XGBoost,0.1527,0.045706432
8616,XGBoost,0.1559,0.123285845
8617,XGBoost,0.2001,0.16338414
8618,XGBoost,0.6468,0.5971397
8619,XGBoost,-0.0176,0.058933794
8620,XGBoost,0.1027,0.12210241
8621,XGBoost,0.5252,0.537213
8622,XGBoost,0.4195,0.32065997
8623,XGBoost,0.5664,0.4323589
8624,XGBoost,0.1416,0.15121621
8625,XGBoost,0.2203,0.18110459
8626,XGBoost,-0.086,-0.046123154
8627,XGBoost,0.0932,0.09410843
8628,XGBoost,0.5271,0.3574426
8629,XGBoost,-0.013,0.0066150054
8630,XGBoost,0.0938,0.028588282
8631,XGBoost,0.206,0.1732458
8632,XGBoost,0.2484,0.2031931
8633,XGBoost,0.7504,0.7264139
8634,XGBoost,0.0003,0.02954533
8635,XGBoost,0.2637,0.3059069
8636,XGBoost,0.5564,0.43142828
8637,XGBoost,0.1587,0.23649946
8638,XGBoost,0.1794,0.15731706
8639,XGBoost,0.1351,0.22283143
8640,XGBoost,0.0623,-0.028005106
8641,XGBoost,0.1824,0.18350214
8642,XGBoost,0.0131,0.046532713
8643,XGBoost,0.3673,0.32183543
8644,XGBoost,0.0234,0.0308032
8645,XGBoost,0.1953,0.16355057
8646,XGBoost,0.5578,0.65790176
8647,XGBoost,0.7461,0.59222066
8648,XGBoost,0.2784,0.3119295
8649,XGBoost,0.5476,0.4823965
8650,XGBoost,-0.0334,0.06444657
8651,XGBoost,0.1289,0.27345288
8652,XGBoost,0.1565,0.28869912
8653,XGBoost,0.7226,0.6773644
8654,XGBoost,0.3916,0.39750156
8655,XGBoost,0.2194,0.21908793
8656,XGBoost,0.3526,0.23338006
8657,XGBoost,0.1283,0.09348327
8658,XGBoost,0.1929,0.25142506
8659,XGBoost,0.9727,0.9135542
8660,XGBoost,0.1142,0.0003391713
8661,XGBoost,-0.1553,-0.1081128
8662,XGBoost,0.128,0.12838574
8663,XGBoost,0.3765,0.3233595
8664,XGBoost,0.2108,0.10582884
8665,XGBoost,0.217,0.1800967
8666,XGBoost,0.0973,0.29119575
8667,XGBoost,0.2432,0.28588772
8668,XGBoost,0.1885,0.14537603
8669,XGBoost,0.1057,0.13363953
8670,XGBoost,0.8701,0.87230474
8671,XGBoost,0.0011,-0.009265589
8672,XGBoost,0.1408,0.17813142
8673,XGBoost,0.3124,0.44735044
8674,XGBoost,0.3196,0.24940078
8675,XGBoost,0.178,0.16803427
8676,XGBoost,0.0912,0.02820292
8677,XGBoost,0.0044,0.10001646
8678,XGBoost,0.0709,0.06499885
8679,XGBoost,0.2204,0.34195593
8680,XGBoost,0.379,0.41757268
8681,XGBoost,0.1896,0.28766674
8682,XGBoost,0.3547,0.47098115
8683,XGBoost,0.1272,0.20738247
8684,XGBoost,0.3462,0.41258118
8685,XGBoost,0.3293,0.2653985
8686,XGBoost,0.0992,0.13830186
8687,XGBoost,0.1706,0.29614457
8688,XGBoost,0.0812,0.0066978736
8689,XGBoost,0.0391,0.19894847
8690,XGBoost,0.1354,0.18141307
8691,XGBoost,0.334,0.31442845
8692,XGBoost,0.4088,0.29592794
8693,XGBoost,0.2823,0.28495497
8694,XGBoost,0.5985,0.5272544
8695,XGBoost,0.6831,0.649568
8696,XGBoost,0.6066,0.6510755
8697,XGBoost,0.3036,0.31039146
8698,XGBoost,0.5453,0.45207405
8699,XGBoost,0.0505,0.081556976
8700,XGBoost,0.3587,0.36378908
8701,XGBoost,0.2416,0.2075874
8702,XGBoost,0.3545,0.3354422
8703,XGBoost,0.8793,0.9554172
8704,XGBoost,-0.105,-0.018383648
8705,XGBoost,0.8845,0.7914945
8706,XGBoost,-0.0169,-0.05379967
8707,XGBoost,-0.0828,0.050248284
8708,XGBoost,0.1403,0.12092869
8709,XGBoost,0.1739,0.22302474
8710,XGBoost,0.202,0.26528
8711,XGBoost,0.0943,0.088530876
8712,XGBoost,0.2933,0.3342363
8713,XGBoost,0.07,0.1438623
8714,XGBoost,0.0956,0.092463575
8715,XGBoost,0.0794,0.14711785
8716,XGBoost,0.5511,0.508367
8717,XGBoost,1.0087,0.8425623
8718,XGBoost,-0.0792,-0.094868526
8719,XGBoost,0.0412,0.1574197
8720,XGBoost,0.2127,0.18547788
8721,XGBoost,0.0715,0.040561784
8722,XGBoost,0.0786,0.33548576
8723,XGBoost,0.1993,0.18512271
8724,XGBoost,-0.1476,0.158938
8725,XGBoost,0.4982,0.46549222
8726,XGBoost,0.5049,0.5281129
8727,XGBoost,0.3699,0.23412731
8728,XGBoost,0.0702,0.09505823
8729,XGBoost,0.1016,0.14942372
8730,XGBoost,0.059,0.07549278
8731,XGBoost,0.0585,0.018255435
8732,XGBoost,0.0948,0.19590747
8733,XGBoost,0.7572,0.6859018
8734,XGBoost,-0.0057,0.06576904
8735,XGBoost,0.6502,0.68293256
8736,XGBoost,0.1441,0.17423587
8737,XGBoost,0.5463,0.42003158
8738,XGBoost,0.0193,0.029172523
8739,XGBoost,0.5895,0.5508172
8740,XGBoost,-0.1888,-0.2203439
8741,XGBoost,0.1717,0.19650538
8742,XGBoost,0.0838,0.06348331
8743,XGBoost,0.7194,0.67895836
8744,XGBoost,-0.0628,-0.03838617
8745,XGBoost,-0.1818,-0.116037
8746,XGBoost,0.2796,0.25700143
8747,XGBoost,0.4335,0.41121507
8748,XGBoost,0.6846,0.6366415
8749,XGBoost,0.5616,0.49425805
8750,XGBoost,0.2364,0.30374524
8751,XGBoost,0.8542,0.7768464
8752,XGBoost,0.2339,0.20358513
8753,XGBoost,0.3931,0.4068327
8754,XGBoost,0.8486,0.8516367
8755,XGBoost,0.1571,0.16535725
8756,XGBoost,0.123,0.057034712
8757,XGBoost,-0.1357,-0.16717097
8758,XGBoost,0.314,0.22803228
8759,XGBoost,0.5013,0.44133466
8760,XGBoost,0.1815,0.123695195
8761,XGBoost,0.6097,0.5265228
8762,XGBoost,0.0008,0.0026386897
8763,XGBoost,0.4833,0.41437238
8764,XGBoost,0.7169,0.74300945
8765,XGBoost,0.775,0.8302793
8766,XGBoost,0.4415,0.19499555
8767,XGBoost,0.1374,0.12533376
8768,XGBoost,0.4842,0.55876464
8769,XGBoost,0.402,0.3734851
8770,XGBoost,0.0492,0.17680998
8771,XGBoost,0.2518,0.29828972
8772,XGBoost,0.8606,0.8315056
8773,XGBoost,0.3908,0.32153502
8774,XGBoost,0.3168,0.4578075
8775,XGBoost,0.7317,0.70029056
8776,XGBoost,0.1058,0.14870325
8777,XGBoost,0.113,0.05913102
8778,XGBoost,0.2431,0.24707057
8779,XGBoost,0.2694,0.20808032
8780,XGBoost,0.2864,0.29068792
8781,XGBoost,0.3009,0.2763456
8782,XGBoost,0.1228,0.13838044
8783,XGBoost,0.0436,0.011790065
8784,XGBoost,0.0602,0.11485622
8785,XGBoost,0.2054,0.15936328
8786,XGBoost,0.1275,0.1338093
8787,XGBoost,0.1402,0.32845938
8788,XGBoost,0.3687,0.3404856
8789,XGBoost,0.1841,0.14606184
8790,XGBoost,0.4592,0.35550407
8791,XGBoost,-0.0305,0.041087095
8792,XGBoost,0.2515,0.39733934
8793,XGBoost,0.0776,0.061945416
8794,XGBoost,0.1262,0.16377196
8795,XGBoost,0.152,0.1896439
8796,XGBoost,0.3442,0.42377746
8797,XGBoost,0.4843,0.48854193
8798,XGBoost,0.1324,0.09542501
8799,XGBoost,0.4714,0.3774979
8800,XGBoost,0.2463,0.21477255
8801,XGBoost,-0.152,-0.054817006
8802,XGBoost,0.7393,0.72936183
8803,XGBoost,0.4274,0.30032352
8804,XGBoost,0.1693,0.24842833
8805,XGBoost,0.5058,0.5411167
8806,XGBoost,0.5043,0.54918164
8807,XGBoost,-0.11,-0.034774218
8808,XGBoost,0.0489,0.09481415
8809,XGBoost,-0.0029,-0.0058880127
8810,XGBoost,0.0359,0.06814254
8811,XGBoost,0.2133,0.1406447
8812,XGBoost,0.5089,0.56155825
8813,XGBoost,0.316,0.27793866
8814,XGBoost,0.2799,0.1297731
8815,XGBoost,0.228,0.29444847
8816,XGBoost,0.5807,0.4181291
8817,XGBoost,0.5129,0.58838415
8818,XGBoost,0.349,0.3984875
8819,XGBoost,0.1349,0.19876842
8820,XGBoost,0.2496,0.2727825
8821,XGBoost,0.0886,0.13449183
8822,XGBoost,0.411,0.44415072
8823,XGBoost,0.4205,0.42158976
8824,XGBoost,0.1695,0.26495746
8825,XGBoost,0.3467,0.2427288
8826,XGBoost,0.0975,0.17714457
8827,XGBoost,-0.0579,-0.0501507
8828,XGBoost,0.2092,0.14896809
8829,XGBoost,0.1089,0.02651587
8830,XGBoost,0.3131,0.32261366
8831,XGBoost,0.5563,0.55375135
8832,XGBoost,0.0166,0.094253264
8833,XGBoost,0.1892,0.2526806
8834,XGBoost,0.1586,0.15258463
8835,XGBoost,0.3294,0.3447029
8836,XGBoost,0.1983,0.24729738
8837,XGBoost,0.1547,0.11157427
8838,XGBoost,0.0751,0.0068950485
8839,XGBoost,0.4295,0.24078608
8840,XGBoost,-0.0502,-0.043760765
8841,XGBoost,0.5133,0.53200716
8842,XGBoost,-0.1092,-0.0867467
8843,XGBoost,-0.0123,0.037766285
8844,XGBoost,0.7003,0.69135445
8845,XGBoost,-0.0303,0.09191006
8846,XGBoost,0.1254,0.04267132
8847,XGBoost,0.4098,0.40871972
8848,XGBoost,0.0535,0.006212047
8849,XGBoost,0.2869,0.2876128
8850,XGBoost,0.5128,0.5070269
8851,XGBoost,0.0724,0.1468737
8852,XGBoost,0.1794,0.14388694
8853,XGBoost,0.6155,0.6834828
8854,XGBoost,0.2079,0.11158114
8855,XGBoost,0.3355,0.3324339
8856,XGBoost,0.2043,0.28268605
8857,XGBoost,0.497,0.4707454
8858,XGBoost,0.1859,0.085980035
8859,XGBoost,0.1302,0.10442022
8860,XGBoost,0.3435,0.28916946
8861,XGBoost,0.0597,0.14001656
8862,XGBoost,0.4149,0.42155337
8863,XGBoost,0.1627,0.18253902
8864,XGBoost,0.3603,0.26121297
8865,XGBoost,0.259,0.22887696
8866,XGBoost,0.5804,0.6087868
8867,XGBoost,0.4961,0.38468045
8868,XGBoost,0.4055,0.39958113
8869,XGBoost,-0.1447,-0.08259225
8870,XGBoost,0.52,0.49958423
8871,XGBoost,-0.0973,-0.11751365
8872,XGBoost,0.1266,0.1382072
8873,XGBoost,-0.1773,-0.12506035
8874,XGBoost,0.0077,0.08783427
8875,XGBoost,-0.1947,-0.2294255
8876,XGBoost,0.1742,0.17181705
8877,XGBoost,0.0883,0.08081818
8878,XGBoost,0.1592,0.30945733
8879,XGBoost,0.2319,0.26954597
8880,XGBoost,0.0809,0.05488393
8881,XGBoost,-0.1656,-0.13181286
8882,XGBoost,0.0301,0.21215668
8883,XGBoost,0.8711,0.8369427
8884,XGBoost,0.0064,-0.021884609
8885,XGBoost,0.7413,0.70473766
8886,XGBoost,0.1538,0.1812186
8887,XGBoost,0.126,0.17774323
8888,XGBoost,0.4213,0.38141802
8889,XGBoost,0.5487,0.4560894
8890,XGBoost,0.1051,0.08879143
8891,XGBoost,0.2526,0.16695447
8892,XGBoost,0.0446,0.047276154
8893,XGBoost,0.3029,0.186914
8894,XGBoost,0.3675,0.2855502
8895,XGBoost,0.12,0.15751632
8896,XGBoost,0.3272,0.3604256
8897,XGBoost,0.3044,0.4184069
8898,XGBoost,0.6197,0.46102
8899,XGBoost,-0.1249,-0.116594076
8900,XGBoost,0.2858,0.29161754
8901,XGBoost,0.0394,0.048932355
8902,XGBoost,0.5866,0.47808212
8903,XGBoost,0.1104,0.24160443
8904,XGBoost,0.3012,0.25527623
8905,XGBoost,0.0195,0.08934785
8906,XGBoost,-0.064,-0.04177138
8907,XGBoost,0.3011,0.3082468
8908,XGBoost,0.1564,0.26613164
8909,XGBoost,0.2869,0.21308391
8910,XGBoost,0.17,0.105267085
8911,XGBoost,0.1081,0.14040561
8912,XGBoost,0.2513,0.26909864
8913,XGBoost,0.1134,0.09194323
8914,XGBoost,0.1789,0.20093757
8915,XGBoost,0.2225,0.22754195
8916,XGBoost,0.4575,0.5075492
8917,XGBoost,1.0372,1.0101229
8918,XGBoost,0.304,0.24653815
8919,XGBoost,0.0947,0.14966069
8920,XGBoost,0.0785,0.08613226
8921,XGBoost,0.4168,0.3509335
8922,XGBoost,0.1076,0.10188334
8923,XGBoost,0.36,0.3755735
8924,XGBoost,0.2679,0.15621148
8925,XGBoost,0.2502,0.2215674
8926,XGBoost,0.4212,0.34758866
8927,XGBoost,0.081,0.15987298
8928,XGBoost,0.4438,0.41067317
8929,XGBoost,0.1166,0.1343085
8930,XGBoost,0.4411,0.45804977
8931,XGBoost,0.1037,0.15243258
8932,XGBoost,0.4777,0.35278708
8933,XGBoost,0.7143,0.60091174
8934,XGBoost,0.465,0.48743394
8935,XGBoost,0.1431,0.106631905
8936,XGBoost,-0.0443,-0.04589272
8937,XGBoost,0.3535,0.3188822
8938,XGBoost,0.1989,0.22653091
8939,XGBoost,0.0753,0.07548447
8940,XGBoost,0.7543,0.7403865
8941,XGBoost,0.1048,0.09464201
8942,XGBoost,0.2423,0.13628224
8943,XGBoost,0.0751,0.087208256
8944,XGBoost,0.1811,0.20171598
8945,XGBoost,0.2077,0.2519508
8946,XGBoost,0.2644,0.29723352
8947,XGBoost,0.1267,0.20870996
8948,XGBoost,0.0905,0.17451452
8949,XGBoost,0.4364,0.44824255
8950,XGBoost,0.1593,0.26885188
8951,XGBoost,0.2516,0.16096272
8952,XGBoost,0.3078,0.20371625
8953,XGBoost,-0.0307,-0.019449998
8954,XGBoost,0.0234,0.059420258
8955,XGBoost,0.1202,0.110193536
8956,XGBoost,0.3412,0.31572503
8957,XGBoost,0.1823,0.15655687
8958,XGBoost,0.2258,0.23675519
8959,XGBoost,0.1107,0.043541294
8960,XGBoost,0.7138,0.61293864
8961,XGBoost,0.2787,0.23718014
8962,XGBoost,0.0409,0.04832632
8963,XGBoost,0.7057,0.6371815
8964,XGBoost,0.1592,0.17917804
8965,XGBoost,0.0628,0.09599117
8966,XGBoost,0.4588,0.38515466
8967,XGBoost,0.5756,0.57276815
8968,XGBoost,0.4857,0.5329323
8969,XGBoost,0.4057,0.06680112
8970,XGBoost,0.217,0.16346365
8971,XGBoost,0.3933,0.27413458
8972,XGBoost,0.4487,0.4219931
8973,XGBoost,0.1067,0.107927315
8974,XGBoost,0.1358,0.120832235
8975,XGBoost,0.0479,0.035785496
8976,XGBoost,0.3972,0.36419454
8977,XGBoost,0.0085,0.073032945
8978,XGBoost,0.5367,0.50087184
8979,XGBoost,0.7953,0.6689123
8980,XGBoost,0.1984,0.18535207
8981,XGBoost,0.2351,0.24097967
8982,XGBoost,0.5608,0.54713964
8983,XGBoost,0.707,0.66460866
8984,XGBoost,0.1896,0.11624102
8985,XGBoost,0.17,0.17106196
8986,XGBoost,0.0265,0.004346608
8987,XGBoost,0.4113,0.35369697
8988,XGBoost,0.6551,0.49745414
8989,XGBoost,-0.0158,0.008709987
8990,XGBoost,0.2872,0.21767193
8991,XGBoost,0.0793,0.060571447
8992,XGBoost,0.1652,0.15862861
8993,XGBoost,0.0771,0.08866568
8994,XGBoost,0.9234,0.9257112
8995,XGBoost,0.1173,0.09292922
8996,XGBoost,0.1833,0.18027745
8997,XGBoost,0.0508,0.12469961
8998,XGBoost,0.065,0.10021316
8999,XGBoost,0.6498,0.6075699
9000,XGBoost,0.698,0.6598237
9001,XGBoost,0.3276,0.2840755
9002,XGBoost,0.6542,0.3234748
9003,XGBoost,0.1239,0.14372098
9004,XGBoost,0.4132,0.46784067
9005,XGBoost,0.1375,0.11452674
9006,XGBoost,0.2242,0.17977047
9007,XGBoost,0.0525,0.050469536
9008,XGBoost,0.193,0.18360238
9009,XGBoost,0.5679,0.5395946
9010,XGBoost,0.1618,0.2420068
9011,XGBoost,0.281,0.21796197
9012,XGBoost,0.162,0.23397069
9013,XGBoost,0.0726,0.1261424
9014,XGBoost,0.1511,0.14291118
9015,XGBoost,0.2536,0.1924942
9016,XGBoost,0.1587,0.23678261
9017,XGBoost,0.216,0.19530697
9018,XGBoost,0.3324,0.3244463
9019,XGBoost,0.417,0.3434506
9020,XGBoost,-0.1014,0.080597155
9021,XGBoost,0.0412,0.14131267
9022,XGBoost,0.0781,0.05081129
9023,XGBoost,-0.0402,0.02359851
9024,XGBoost,0.2982,0.26351184
9025,XGBoost,0.4806,-0.0342512
9026,XGBoost,0.4612,0.41946745
9027,XGBoost,0.0965,0.061389238
9028,XGBoost,0.4105,0.47797215
9029,XGBoost,0.4148,0.3199274
9030,XGBoost,0.8205,0.8333352
9031,XGBoost,0.3381,0.30154982
9032,XGBoost,0.1551,0.21864755
9033,XGBoost,0.3059,0.25372273
9034,XGBoost,-0.1324,-0.13464847
9035,XGBoost,0.4211,0.36099494
9036,XGBoost,0.6454,0.5719863
9037,XGBoost,0.0274,0.06592236
9038,XGBoost,0.1692,0.1677819
9039,XGBoost,0.2795,0.25958276
9040,XGBoost,-0.0724,-0.039375514
9041,XGBoost,-0.097,-0.08934454
9042,XGBoost,-0.116,-0.025602028
9043,XGBoost,0.451,0.44733432
9044,XGBoost,0.6104,0.7007964
9045,XGBoost,0.5859,0.51464266
9046,XGBoost,0.4774,0.5186087
9047,XGBoost,0.6269,0.66046387
9048,XGBoost,-0.1433,-0.13675293
9049,XGBoost,0.1664,0.21345851
9050,XGBoost,0.0982,0.104878865
9051,XGBoost,0.2967,0.27422038
9052,XGBoost,0.7447,0.6867222
9053,XGBoost,0.035,0.11178183
9054,XGBoost,0.9396,0.8598964
9055,XGBoost,0.1447,0.19393902
9056,XGBoost,0.7369,0.6498543
9057,XGBoost,0.0846,0.08524908
9058,XGBoost,0.1836,0.11666409
9059,XGBoost,0.0528,0.10016999
9060,XGBoost,-0.0232,0.05512556
9061,XGBoost,0.1239,0.16690947
9062,XGBoost,0.1943,0.1192556
9063,XGBoost,0.081,0.15848507
9064,XGBoost,0.4332,0.32050347
9065,XGBoost,-0.0172,0.0346183
9066,XGBoost,0.4998,0.35654837
9067,XGBoost,0.6995,0.7379466
9068,XGBoost,0.7247,0.6544306
9069,XGBoost,0.0497,0.16139458
9070,XGBoost,-0.0201,0.085838586
9071,XGBoost,0.1146,0.13535139
9072,XGBoost,0.1783,0.25676358
9073,XGBoost,0.4161,0.39166376
9074,XGBoost,0.2536,0.23547721
9075,XGBoost,0.9311,0.9146732
9076,XGBoost,0.2063,0.1483751
9077,XGBoost,0.0646,0.21212366
9078,XGBoost,0.3422,0.2889515
9079,XGBoost,0.0692,0.16128705
9080,XGBoost,0.2363,0.23854122
9081,XGBoost,0.3791,0.3848508
9082,XGBoost,0.5663,0.55892426
9083,XGBoost,0.2193,0.20240301
9084,XGBoost,0.2128,0.09407701
9085,XGBoost,0.1677,0.24534787
9086,XGBoost,0.3091,0.23968622
9087,XGBoost,0.025,0.11675973
9088,XGBoost,0.0123,0.009657641
9089,XGBoost,0.1395,0.11147995
9090,XGBoost,-0.0458,0.10527567
9091,XGBoost,0.1865,0.107560135
9092,XGBoost,0.0361,0.029580962
9093,XGBoost,0.1338,0.093517065
9094,XGBoost,-0.2173,-0.23406391
9095,XGBoost,0.1973,0.1650921
9096,XGBoost,-0.0599,0.08554923
9097,XGBoost,0.0534,0.043049272
9098,XGBoost,0.8197,0.8399114
9099,XGBoost,0.1452,0.19230461
9100,XGBoost,0.1897,0.22364815
9101,XGBoost,0.1246,0.14126378
9102,XGBoost,0.0804,0.09675399
9103,XGBoost,0.3415,0.35249874
9104,XGBoost,0.7141,0.7837705
9105,XGBoost,0.6777,0.6160195
9106,XGBoost,0.054,0.118945785
9107,XGBoost,0.208,0.15955837
9108,XGBoost,0.0023,0.02954795
9109,XGBoost,0.4453,0.42109784
9110,XGBoost,-0.109,0.04091691
9111,XGBoost,0.0352,0.021178717
9112,XGBoost,0.6094,0.6220615
9113,XGBoost,0.2276,0.23250408
9114,XGBoost,0.2359,0.12178213
9115,XGBoost,0.3483,0.4037359
9116,XGBoost,-0.1801,-0.14730655
9117,XGBoost,-0.0114,0.14782679
9118,XGBoost,1.089,1.354207
9119,XGBoost,0.0183,0.16328931
9120,XGBoost,-0.1799,-0.049798075
9121,XGBoost,0.3473,0.33468857
9122,XGBoost,0.4226,0.33359843
9123,XGBoost,0.5643,0.5639093
9124,XGBoost,0.1009,0.057108678
9125,XGBoost,0.1775,0.102106825
9126,XGBoost,0.4361,0.42804784
9127,XGBoost,0.5251,0.49521887
9128,XGBoost,0.0826,0.15363574
9129,XGBoost,0.2221,0.14917248
9130,XGBoost,0.0646,0.08643102
9131,XGBoost,0.4224,0.31483603
9132,XGBoost,0.4336,0.385403
9133,XGBoost,0.8245,0.7481581
9134,XGBoost,-0.0587,0.053170163
9135,XGBoost,0.0557,0.16590565
9136,XGBoost,0.0479,0.11039229
9137,XGBoost,0.146,0.28822482
9138,XGBoost,0.2619,0.2862794
9139,XGBoost,0.0273,0.18443249
9140,XGBoost,0.0966,0.09878025
9141,XGBoost,0.1323,0.0672871
9142,XGBoost,0.1452,0.20887901
9143,XGBoost,0.1664,0.17217857
9144,XGBoost,0.7897,0.7879363
9145,XGBoost,0.103,0.2465406
9146,XGBoost,0.4162,0.36449447
9147,XGBoost,0.4901,0.50516564
9148,XGBoost,-0.0019,0.014325788
9149,XGBoost,0.3698,0.34213865
9150,XGBoost,0.1127,0.11112722
9151,XGBoost,0.1626,0.1985206
9152,XGBoost,0.1321,0.13846326
9153,XGBoost,-0.0495,0.07441716
9154,XGBoost,0.0541,0.10053913
9155,XGBoost,-0.0178,0.0691679
9156,XGBoost,0.5007,0.5368182
9157,XGBoost,0.6687,0.5923817
9158,XGBoost,-0.0479,0.014139257
9159,XGBoost,-0.0499,0.008058664
9160,XGBoost,0.17,0.09355548
9161,XGBoost,0.4782,0.3363803
9162,XGBoost,-0.0079,0.048880342
9163,XGBoost,0.6023,0.51972795
9164,XGBoost,0.9052,0.8627188
9165,XGBoost,0.0009,0.15632403
9166,XGBoost,0.1406,0.15174128
9167,XGBoost,0.0091,0.14190169
9168,XGBoost,0.1015,0.14144835
9169,XGBoost,-0.0035,0.17738579
9170,XGBoost,-0.1553,-0.11662073
9171,XGBoost,0.2253,0.2858988
9172,XGBoost,0.6501,0.6220983
9173,XGBoost,0.2416,0.30138355
9174,XGBoost,-0.0655,0.059532885
9175,XGBoost,0.4323,0.40635765
9176,XGBoost,0.9483,0.93145627
9177,XGBoost,0.2863,0.23259339
9178,XGBoost,0.1458,0.03889299
9179,XGBoost,0.0581,0.10980992
9180,XGBoost,0.1677,0.21168712
9181,XGBoost,0.3812,0.4184792
9182,XGBoost,0.3159,0.30791044
9183,XGBoost,0.6112,0.69381756
9184,XGBoost,0.6508,0.62088996
9185,XGBoost,0.8592,0.69744235
9186,XGBoost,0.6186,0.5139351
9187,XGBoost,0.2946,0.32778293
9188,XGBoost,-0.0513,0.025610307
9189,XGBoost,0.1201,0.18212697
9190,XGBoost,-0.2098,-0.19665134
9191,XGBoost,0.4466,0.36846796
9192,XGBoost,-0.155,-0.17412084
9193,XGBoost,0.0405,0.02299324
9194,XGBoost,0.1661,-0.026211523
9195,XGBoost,-0.173,-0.1343649
9196,XGBoost,0.09,0.14353438
9197,XGBoost,0.3146,0.22131728
9198,XGBoost,0.5213,0.40197513
9199,XGBoost,0.1976,0.18840383
9200,XGBoost,0.202,0.18346804
9201,XGBoost,0.3496,0.23648822
9202,XGBoost,0.3103,0.23037873
9203,XGBoost,0.0956,0.037792217
9204,XGBoost,0.1671,0.24107487
9205,XGBoost,0.0342,0.09849147
9206,XGBoost,0.1086,0.123054974
9207,XGBoost,0.5722,0.551595
9208,XGBoost,0.5164,0.37035048
9209,XGBoost,0.3901,0.4207455
9210,XGBoost,0.0555,0.06981124
9211,XGBoost,0.7691,0.74796623
9212,XGBoost,0.2969,0.2300573
9213,XGBoost,0.3036,0.20637037
9214,XGBoost,0.0139,0.013977894
9215,XGBoost,-0.1405,-0.118314646
9216,XGBoost,0.1354,0.33776784
9217,XGBoost,0.1829,0.17157514
9218,XGBoost,-0.004,0.045740563
9219,XGBoost,0.0357,0.19524609
9220,XGBoost,-0.0042,-0.023291849
9221,XGBoost,0.2008,0.22512858
9222,XGBoost,0.3133,0.32566208
9223,XGBoost,0.2449,0.12632732
9224,XGBoost,0.0547,0.08331968
9225,XGBoost,0.2477,0.1939984
9226,XGBoost,-0.0964,0.015826225
9227,XGBoost,-0.0088,-0.031841133
9228,XGBoost,0.273,0.24018656
9229,XGBoost,0.0839,0.039739802
9230,XGBoost,0.1091,0.14369534
9231,XGBoost,0.4449,0.7217286
9232,XGBoost,0.2849,0.3020293
9233,XGBoost,0.2534,0.22041373
9234,XGBoost,0.4229,0.548585
9235,XGBoost,0.2793,0.21235947
9236,XGBoost,0.3674,0.35344535
9237,XGBoost,0.3926,0.5197782
9238,XGBoost,0.2665,0.24649015
9239,XGBoost,0.3893,0.38909113
9240,XGBoost,0.3525,0.29464436
9241,XGBoost,0.0951,0.098620236
9242,XGBoost,0.2181,0.16606951
9243,XGBoost,0.1225,0.16155155
9244,XGBoost,0.1145,0.20568499
9245,XGBoost,-0.0783,0.011188781
9246,XGBoost,-0.0482,-0.023330893
9247,XGBoost,0.3295,0.19227923
9248,XGBoost,0.471,0.40333566
9249,XGBoost,0.0731,0.047219127
9250,XGBoost,0.163,0.19423561
9251,XGBoost,0.0915,0.13196172
9252,XGBoost,0.0015,-0.002292031
9253,XGBoost,0.178,0.1946542
9254,XGBoost,0.3283,0.310006
9255,XGBoost,0.2848,0.13906461
9256,XGBoost,0.2433,0.17389622
9257,XGBoost,0.7057,0.69235444
9258,XGBoost,0.0876,0.07878584
9259,XGBoost,0.0898,0.1264541
9260,XGBoost,0.0695,0.10207264
9261,XGBoost,0.3435,0.3245903
9262,XGBoost,-0.1082,-0.06568255
9263,XGBoost,0.1046,0.15582287
9264,XGBoost,-0.014,0.11510543
9265,XGBoost,0.2636,0.22442901
9266,XGBoost,0.1518,0.1400784
9267,XGBoost,0.7739,0.69739574
9268,XGBoost,0.7027,0.56198907
9269,XGBoost,0.0533,0.19828734
9270,XGBoost,0.0512,0.1437721
9271,XGBoost,0.272,0.2653695
9272,XGBoost,0.4255,0.35532165
9273,XGBoost,-0.0029,-0.00920243
9274,XGBoost,-0.0823,-0.08186187
9275,XGBoost,0.1072,0.14416395
9276,XGBoost,0.1425,0.142362
9277,XGBoost,0.1038,0.28199813
9278,XGBoost,0.2698,0.20809087
9279,XGBoost,0.0844,0.09447142
9280,XGBoost,0.0576,0.11383252
9281,XGBoost,0.0762,0.16040115
9282,XGBoost,-0.1801,-0.14520651
9283,XGBoost,0.0106,0.026198763
9284,XGBoost,0.05,0.12932199
9285,XGBoost,0.2834,0.27994853
9286,XGBoost,0.3011,0.2161107
9287,XGBoost,0.2428,0.23425306
9288,XGBoost,0.0383,0.03235868
9289,XGBoost,0.0639,0.068485536
9290,XGBoost,0.2302,0.14135899
9291,XGBoost,-0.0431,-0.07814727
9292,XGBoost,0.4013,0.28193963
9293,XGBoost,-0.0073,-0.021096213
9294,XGBoost,0.7943,0.8117848
9295,XGBoost,0.3901,0.37455067
9296,XGBoost,0.4267,0.33941585
9297,XGBoost,0.1293,0.3184365
9298,XGBoost,0.2189,0.22968015
9299,XGBoost,0.5944,0.49897364
9300,XGBoost,0.6693,0.5499894
9301,XGBoost,0.2613,0.331583
9302,XGBoost,0.2571,0.32623947
9303,XGBoost,0.0608,0.06551391
9304,XGBoost,0.0778,0.32293695
9305,XGBoost,0.0823,0.1255688
9306,XGBoost,-0.0534,0.22195427
9307,XGBoost,0.1749,0.09752041
9308,XGBoost,0.2962,0.26193026
9309,XGBoost,0.5192,0.5657398
9310,XGBoost,0.1508,0.08496542
9311,XGBoost,0.5797,0.5180201
9312,XGBoost,0.5159,0.4300644
9313,XGBoost,0.2282,0.23165458
9314,XGBoost,-0.0267,0.1449915
9315,XGBoost,0.0563,0.08504164
9316,XGBoost,0.8457,0.80718666
9317,XGBoost,0.2939,0.26319167
9318,XGBoost,0.7397,0.6912766
9319,XGBoost,-0.1009,-0.04345308
9320,XGBoost,0.3603,0.31336266
9321,XGBoost,-0.0011,-0.00069886487
9322,XGBoost,-0.0047,-0.03651959
9323,XGBoost,0.1114,0.120378286
9324,XGBoost,-0.0825,-0.017255023
9325,XGBoost,0.7373,0.7448246
9326,XGBoost,-0.081,-0.039899964
9327,XGBoost,0.3541,0.16195834
9328,XGBoost,0.0642,0.026694573
9329,XGBoost,0.2023,0.2298382
9330,XGBoost,0.3568,0.32109213
9331,XGBoost,0.3265,0.33792377
9332,XGBoost,0.2596,0.20529409
9333,XGBoost,0.2489,0.23513678
9334,XGBoost,0.6474,0.5606965
9335,XGBoost,0.1249,0.19613822
9336,XGBoost,0.2951,0.39493158
9337,XGBoost,0.196,0.2893258
9338,XGBoost,0.7194,0.7044656
9339,XGBoost,0.4165,0.299307
9340,XGBoost,0.2483,0.20347248
9341,XGBoost,0.0259,0.06694677
9342,XGBoost,0.2035,0.23984607
9343,XGBoost,1.1005,0.44699326
9344,XGBoost,0.1838,0.21114987
9345,XGBoost,0.8401,0.7215663
9346,XGBoost,0.2459,0.24931684
9347,XGBoost,0.58,0.7556147
9348,XGBoost,0.2526,0.31726184
9349,XGBoost,0.6513,0.6157664
9350,XGBoost,0.0607,0.03590737
9351,XGBoost,0.1071,0.06578571
9352,XGBoost,0.3834,0.43968868
9353,XGBoost,0.5966,0.5494674
9354,XGBoost,0.2624,0.21136177
9355,XGBoost,0.1243,0.11564147
9356,XGBoost,0.045,-0.043388844
9357,XGBoost,-0.0433,0.035640612
9358,XGBoost,0.0725,0.035624474
9359,XGBoost,-0.011,0.038735047
9360,XGBoost,0.1207,0.10534633
9361,XGBoost,0.409,0.27536184
9362,XGBoost,0.0618,0.03259605
9363,XGBoost,-0.0679,-0.086219855
9364,XGBoost,0.1566,0.22935629
9365,XGBoost,-0.1904,-0.124955826
9366,XGBoost,-0.084,-0.0912554
9367,XGBoost,0.0609,-0.03296067
9368,XGBoost,0.5172,0.48032254
9369,XGBoost,0.0232,0.0823908
9370,XGBoost,0.0828,0.07141202
9371,XGBoost,0.1113,0.025726946
9372,XGBoost,0.5179,0.3684057
9373,XGBoost,0.2514,0.3263106
9374,XGBoost,0.0332,0.063532166
9375,XGBoost,0.1674,0.12557583
9376,XGBoost,0.1602,0.23537984
9377,XGBoost,0.0589,0.15387054
9378,XGBoost,0.1073,0.07190415
9379,XGBoost,0.3232,0.24025473
9380,XGBoost,0.0338,0.042930983
9381,XGBoost,0.4093,0.4044638
9382,XGBoost,0.1483,0.08423915
9383,XGBoost,0.4418,0.48957634
9384,XGBoost,1.0954,1.0282221
9385,XGBoost,0.0752,0.07301996
9386,XGBoost,0.2606,0.22414838
9387,XGBoost,0.2895,0.23486875
9388,XGBoost,0.2589,0.20482635
9389,XGBoost,0.2065,0.17090818
9390,XGBoost,0.2511,0.26109713
9391,XGBoost,0.4819,0.39179695
9392,XGBoost,-0.1398,-0.023039386
9393,XGBoost,0.1893,0.08485522
9394,XGBoost,0.1587,0.10878976
9395,XGBoost,-0.1323,-0.11032269
9396,XGBoost,0.7995,0.75527155
9397,XGBoost,0.7259,0.7414586
9398,XGBoost,0.1705,0.24237698
9399,XGBoost,0.2732,0.21777788
9400,XGBoost,0.3708,0.3640546
9401,XGBoost,0.7018,0.7031369
9402,XGBoost,0.6136,0.63648254
9403,XGBoost,0.2571,0.20690726
9404,XGBoost,0.2058,0.18962355
9405,XGBoost,0.2577,0.21501817
9406,XGBoost,0.4679,0.34795612
9407,XGBoost,0.0634,0.08137398
9408,XGBoost,0.0534,0.020717593
9409,XGBoost,0.021,0.14567058
9410,XGBoost,0.1929,0.259909
9411,XGBoost,0.1163,0.09961261
9412,XGBoost,0.0669,0.044654593
9413,XGBoost,0.6328,0.5195251
9414,XGBoost,0.1073,0.090891846
9415,XGBoost,0.889,0.6373657
9416,XGBoost,0.1308,0.10559079
9417,XGBoost,0.1337,0.1428154
9418,XGBoost,0.705,0.6860281
9419,XGBoost,0.499,0.6231179
9420,XGBoost,0.048,0.075486474
9421,XGBoost,0.1035,0.10318539
9422,XGBoost,0.2256,0.27758005
9423,XGBoost,0.9365,0.78878886
9424,XGBoost,0.0043,0.10592524
9425,XGBoost,0.5362,0.52605504
9426,XGBoost,0.2929,0.27701342
9427,XGBoost,0.1385,0.1106219
9428,XGBoost,0.1338,0.16516726
9429,XGBoost,0.3848,0.33870152
9430,XGBoost,0.2528,0.2686891
9431,XGBoost,0.1061,0.1210702
9432,XGBoost,-0.2122,-0.09622507
9433,XGBoost,0.6565,0.55206937
9434,XGBoost,0.8133,0.67759323
9435,XGBoost,0.2406,0.20734324
9436,XGBoost,0.3441,0.32925427
9437,XGBoost,0.5085,0.5237136
9438,XGBoost,0.1014,0.07236679
9439,XGBoost,0.3993,0.40620005
9440,XGBoost,0.3459,0.26635993
9441,XGBoost,0.1441,0.13552114
9442,XGBoost,0.3608,0.27482915
9443,XGBoost,0.0445,0.041596487
9444,XGBoost,0.2572,0.19793512
9445,XGBoost,0.0788,-0.0016210986
9446,XGBoost,0.358,0.34747416
9447,XGBoost,0.6667,0.73654795
9448,XGBoost,0.4349,0.44324
9449,XGBoost,0.2612,0.28856638
9450,XGBoost,0.3301,0.29640356
9451,XGBoost,0.0541,0.12817708
9452,XGBoost,-0.0493,0.019522315
9453,XGBoost,0.1598,0.12731099
9454,XGBoost,0.263,0.24150126
9455,XGBoost,0.2538,0.2343983
9456,XGBoost,0.9651,1.0852163
9457,XGBoost,0.2936,0.29789117
9458,XGBoost,0.2095,0.261221
9459,XGBoost,0.1488,0.14928503
9460,XGBoost,0.1007,0.07005376
9461,XGBoost,0.2958,0.39472198
9462,XGBoost,0.3264,0.27706635
9463,XGBoost,0.5824,0.46311286
9464,XGBoost,0.4068,0.25473827
9465,XGBoost,0.2807,0.21664372
9466,XGBoost,0.1024,0.19676308
9467,XGBoost,0.0433,0.012593515
9468,XGBoost,0.2497,0.23632133
9469,XGBoost,0.6191,0.5914229
9470,XGBoost,0.0401,0.1048155
9471,XGBoost,0.1287,0.15044712
9472,XGBoost,0.129,0.14917597
9473,XGBoost,0.7099,0.71270794
9474,XGBoost,0.3591,0.25645724
9475,XGBoost,0.1385,0.12232157
9476,XGBoost,0.4733,0.442267
9477,XGBoost,0.1108,0.22060832
9478,XGBoost,0.8355,0.72592753
9479,XGBoost,0.419,0.2962065
9480,XGBoost,0.7787,0.67448103
9481,XGBoost,0.0843,0.1365177
9482,XGBoost,0.2513,0.31497613
9483,XGBoost,0.0007,0.047176477
9484,XGBoost,0.1305,0.26115242
9485,XGBoost,0.0379,0.11397296
9486,XGBoost,0.0179,0.0094145425
9487,XGBoost,0.0682,0.07177969
9488,XGBoost,0.4679,0.41450617
9489,XGBoost,0.0004,0.030475968
9490,XGBoost,0.1013,0.15090115
9491,XGBoost,0.3108,0.31516314
9492,XGBoost,0.0511,0.14845647
9493,XGBoost,0.0347,0.17712086
9494,XGBoost,0.2153,0.17405213
9495,XGBoost,0.2857,0.24774927
9496,XGBoost,0.1179,0.18177399
9497,XGBoost,0.0575,0.025758509
9498,XGBoost,0.2357,0.277929
9499,XGBoost,0.1558,0.1633433
9500,XGBoost,0.4699,0.5223119
9501,XGBoost,0.126,0.14093672
9502,XGBoost,0.1459,0.14619279
9503,XGBoost,0.1339,0.09503881
9504,XGBoost,-0.0823,-0.007727734
9505,XGBoost,0.1218,0.111991934
9506,XGBoost,0.295,0.258925
9507,XGBoost,0.0451,-0.0637602
9508,XGBoost,-0.1382,-0.11149744
9509,XGBoost,0.7228,0.828511
9510,XGBoost,0.0411,0.057720926
9511,XGBoost,-0.0503,0.059619956
9512,XGBoost,0.1809,0.26783654
9513,XGBoost,-0.0743,-0.028970968
9514,XGBoost,0.1692,0.12320719
9515,XGBoost,-0.0187,-0.023773773
9516,XGBoost,0.061,0.14924212
9517,XGBoost,0.0334,0.08463422
9518,XGBoost,0.148,0.100368895
9519,XGBoost,0.4291,0.36196765
9520,XGBoost,0.1265,0.15135445
9521,XGBoost,0.1887,0.16665936
9522,XGBoost,0.1974,0.17995973
9523,XGBoost,0.2446,0.19839543
9524,XGBoost,0.0241,0.08765514
9525,XGBoost,0.7444,0.86962897
9526,XGBoost,0.1523,0.13956939
9527,XGBoost,0.4218,0.3628145
9528,XGBoost,0.2543,0.2543714
9529,XGBoost,0.2455,0.2111988
9530,XGBoost,0.0283,0.23074926
9531,XGBoost,0.0755,0.07772232
9532,XGBoost,0.5331,0.5679897
9533,XGBoost,0.0446,0.08155207
9534,XGBoost,0.1312,0.1534047
9535,XGBoost,0.129,0.23557675
9536,XGBoost,0.9347,0.9099237
9537,XGBoost,-0.2161,-0.10433425
9538,XGBoost,0.9059,0.8746611
9539,XGBoost,0.311,0.25589544
9540,XGBoost,0.8458,0.7977732
9541,XGBoost,0.127,0.058382228
9542,XGBoost,0.3697,0.43151817
9543,XGBoost,0.0532,0.0023779357
9544,XGBoost,0.6292,0.55723083
9545,XGBoost,0.2438,0.22465934
9546,XGBoost,0.4411,0.35829264
9547,XGBoost,0.3951,0.3879295
9548,XGBoost,0.1836,0.14655642
9549,XGBoost,0.2106,0.31669563
9550,XGBoost,0.5017,0.53572
9551,XGBoost,0.3235,0.30312297
9552,XGBoost,0.3573,0.30110902
9553,XGBoost,-0.0465,0.031852927
9554,XGBoost,0.3984,0.33921105
9555,XGBoost,0.0441,0.10840268
9556,XGBoost,0.154,0.20322347
9557,XGBoost,0.0318,0.046729885
9558,XGBoost,0.3471,0.3183723
9559,XGBoost,0.2321,0.24420927
9560,XGBoost,0.2519,0.2542464
9561,XGBoost,0.1683,0.15499863
9562,XGBoost,0.6905,0.76115555
9563,XGBoost,0.7929,0.7800469
9564,XGBoost,0.2021,0.112718515
9565,XGBoost,0.202,0.18529463
9566,XGBoost,0.5684,0.54010946
9567,XGBoost,0.0214,0.01633043
9568,XGBoost,0.3543,0.32569805
9569,XGBoost,0.071,0.14264767
9570,XGBoost,0.8694,0.8982914
9571,XGBoost,0.1517,0.15195721
9572,XGBoost,0.1276,0.1252189
9573,XGBoost,0.127,0.18520913
9574,XGBoost,0.0044,0.010268485
9575,XGBoost,0.3768,0.29877707
9576,XGBoost,0.5024,0.29625744
9577,XGBoost,0.1176,0.15060356
9578,XGBoost,0.0666,0.03682536
9579,XGBoost,0.1956,0.15930681
9580,XGBoost,0.5414,0.51554465
9581,XGBoost,0.1355,0.18273562
9582,XGBoost,0.1167,0.09064969
9583,XGBoost,0.0611,0.09532895
9584,XGBoost,0.307,0.32331976
9585,XGBoost,0.0512,-0.022609558
9586,XGBoost,0.295,0.19499217
9587,XGBoost,0.1039,0.111593656
9588,XGBoost,0.7086,0.7460702
9589,XGBoost,0.1651,0.16909699
9590,XGBoost,0.1642,0.17381132
9591,XGBoost,0.1388,0.16245458
9592,XGBoost,-0.0022,-0.051077686
9593,XGBoost,0.4457,0.38129357
9594,XGBoost,-0.0297,-0.006025699
9595,XGBoost,0.2719,0.2309308
9596,XGBoost,-0.0966,-0.010061759
9597,XGBoost,0.1048,0.12737603
9598,XGBoost,0.4069,0.2987905
9599,XGBoost,0.1997,0.10918624
9600,XGBoost,-0.0116,0.040338807
9601,XGBoost,0.2078,0.19608125
9602,XGBoost,0.4836,0.31730574
9603,XGBoost,0.1863,0.22803
9604,XGBoost,0.362,0.1359756
9605,XGBoost,0.2268,0.1813673
9606,XGBoost,0.249,0.21446843
9607,XGBoost,0.4932,0.5043968
9608,XGBoost,0.292,0.3933257
9609,XGBoost,0.1233,0.17367643
9610,XGBoost,0.0517,0.0006494471
9611,XGBoost,0.751,0.83560264
9612,XGBoost,0.1522,0.11866649
9613,XGBoost,0.1936,0.20536025
9614,XGBoost,-0.0445,0.047326244
9615,XGBoost,0.5298,0.5479179
9616,XGBoost,0.3741,0.37746853
9617,XGBoost,0.3903,0.23973858
9618,XGBoost,0.3642,0.40168473
9619,XGBoost,0.8593,0.83135784
9620,XGBoost,-0.048,-0.027770076
9621,XGBoost,-0.0667,0.045381114
9622,XGBoost,0.2688,0.28821743
9623,XGBoost,0.2375,0.22719878
9624,XGBoost,0.1418,0.12703355
9625,XGBoost,0.4094,0.42161694
9626,XGBoost,0.3228,0.28836787
9627,XGBoost,0.2364,0.29967386
9628,XGBoost,0.3392,0.3611884
9629,XGBoost,0.1583,0.15223686
9630,XGBoost,0.0374,0.12719207
9631,XGBoost,0.006,0.0714093
9632,XGBoost,0.628,0.5757424
9633,XGBoost,0.277,0.22126779
9634,XGBoost,0.3404,0.17474867
9635,XGBoost,0.0868,0.107999556
9636,XGBoost,0.1473,0.1946698
9637,XGBoost,0.1708,0.11480092
9638,XGBoost,0.2602,0.31247914
9639,XGBoost,0.6417,0.5128186
9640,XGBoost,0.2694,0.2458503
9641,XGBoost,0.2062,0.16986772
9642,XGBoost,0.2356,0.25616652
9643,XGBoost,0.4068,0.36095864
9644,XGBoost,0.5324,0.47017112
9645,XGBoost,0.4149,0.2983263
9646,XGBoost,0.1489,0.12955673
9647,XGBoost,0.5229,0.48975715
9648,XGBoost,0.2194,0.22936708
9649,XGBoost,0.0457,0.06852468
9650,XGBoost,0.421,0.3912851
9651,XGBoost,-0.2134,-0.084678255
9652,XGBoost,0.0274,0.13776116
9653,XGBoost,0.2479,0.24318443
9654,XGBoost,0.2126,0.2084951
9655,XGBoost,0.261,0.08540633
9656,XGBoost,0.0767,0.16864257
9657,XGBoost,0.1906,0.083148696
9658,XGBoost,0.907,0.7901749
9659,XGBoost,0.3348,0.36155945
9660,XGBoost,0.0981,0.10908852
9661,XGBoost,0.0503,0.06326401
9662,XGBoost,0.0637,0.100177124
9663,XGBoost,0.0812,0.05212162
9664,XGBoost,0.2677,0.30484894
9665,XGBoost,0.2157,0.24885377
9666,XGBoost,0.476,0.27308682
9667,XGBoost,0.0915,0.10791536
9668,XGBoost,0.2307,0.20918284
9669,XGBoost,0.4413,0.31964996
9670,XGBoost,0.4538,0.41765893
9671,XGBoost,0.1267,0.05267528
9672,XGBoost,0.0969,0.106258556
9673,XGBoost,0.5879,0.37227902
9674,XGBoost,0.3947,0.5371888
9675,XGBoost,0.8101,0.748924
9676,XGBoost,0.0612,0.043948814
9677,XGBoost,0.0486,0.09792239
9678,XGBoost,0.1424,0.10154213
9679,XGBoost,0.4787,0.4306875
9680,XGBoost,0.1137,0.12636326
9681,XGBoost,-0.0505,0.058094297
9682,XGBoost,0.1446,0.17572619
9683,XGBoost,0.1384,0.07436805
9684,XGBoost,0.2114,0.18539317
9685,XGBoost,0.0085,0.020833861
9686,XGBoost,-0.1217,-0.05622897
9687,XGBoost,0.211,0.16090591
9688,XGBoost,0.2418,0.12603487
9689,XGBoost,0.3499,0.33618593
9690,XGBoost,0.2659,0.45911187
9691,XGBoost,0.4139,0.41987833
9692,XGBoost,0.2004,0.21975666
9693,XGBoost,0.1268,0.09999422
9694,XGBoost,0.4527,0.39613524
9695,XGBoost,0.0998,0.26177803
9696,XGBoost,-0.2078,-0.09865564
9697,XGBoost,0.0751,0.102104746
9698,XGBoost,0.9662,0.89308155
9699,XGBoost,0.1911,0.19223255
9700,XGBoost,-0.0199,0.0065235705
9701,XGBoost,-0.0262,0.0770511
9702,XGBoost,0.1911,0.16909698
9703,XGBoost,0.1331,0.17478426
9704,XGBoost,0.2628,0.28793213
9705,XGBoost,0.4328,0.36850792
9706,XGBoost,0.1921,0.16478685
9707,XGBoost,0.317,0.36986622
9708,XGBoost,0.4629,0.41937116
9709,XGBoost,0.198,0.27511075
9710,XGBoost,0.4372,0.39024255
9711,XGBoost,-0.0902,-0.04820699
9712,XGBoost,0.2551,0.20300102
9713,XGBoost,0.5555,0.5299163
9714,XGBoost,0.8958,0.7381235
9715,XGBoost,0.1444,0.17572303
9716,XGBoost,0.1311,0.049872223
9717,XGBoost,0.3125,0.28375253
9718,XGBoost,0.4089,0.2149071
9719,XGBoost,0.077,0.033185672
9720,XGBoost,0.8549,0.8408629
9721,XGBoost,0.657,0.77556103
9722,XGBoost,0.2998,0.29136905
9723,XGBoost,0.0915,0.06559137
9724,XGBoost,-0.0765,-0.08611583
9725,XGBoost,0.0437,0.059367694
9726,XGBoost,-0.1632,-0.12408842
9727,XGBoost,0.2769,0.24787685
9728,XGBoost,0.1088,0.087988384
9729,XGBoost,0.4198,0.34387133
9730,XGBoost,0.1674,0.2624413
9731,XGBoost,0.3163,0.27637094
9732,XGBoost,0.2986,0.29296687
9733,XGBoost,0.0935,0.10797305
9734,XGBoost,0.1892,0.16097651
9735,XGBoost,0.8698,0.7486465
9736,XGBoost,0.2915,0.18240404
9737,XGBoost,0.035,0.022517463
9738,XGBoost,0.3009,0.26741454
9739,XGBoost,0.5048,0.45611167
9740,XGBoost,0.0179,0.06945766
9741,XGBoost,0.0901,0.19404817
9742,XGBoost,0.6144,0.5819986
9743,XGBoost,-0.1085,-0.012013605
9744,XGBoost,-0.1185,-0.050746843
9745,XGBoost,0.1697,0.12490031
9746,XGBoost,0.0187,0.23148823
9747,XGBoost,0.4266,0.3716801
9748,XGBoost,0.4312,0.35718435
9749,XGBoost,0.7237,0.55394906
9750,XGBoost,0.0761,0.09891531
9751,XGBoost,0.043,0.11393672
9752,XGBoost,0.2649,0.26798323
9753,XGBoost,-0.0154,-0.019106437
9754,XGBoost,0.083,0.03553435
9755,XGBoost,0.0286,0.034910217
9756,XGBoost,0.01,0.08902323
9757,XGBoost,0.2822,0.28735742
9758,XGBoost,0.6996,0.87887377
9759,XGBoost,0.7837,0.83230907
9760,XGBoost,0.1525,0.17958218
9761,XGBoost,-0.0255,0.023873264
9762,XGBoost,0.3336,0.3425332
9763,XGBoost,0.3572,0.36575285
9764,XGBoost,0.0421,0.1534437
9765,XGBoost,0.3091,0.32634798
9766,XGBoost,0.1278,0.12404423
9767,XGBoost,0.0406,0.07242609
9768,XGBoost,-0.0026,0.1267435
9769,XGBoost,0.7285,0.5971007
9770,XGBoost,-0.0418,0.11351129
9771,XGBoost,0.4164,0.34998357
9772,XGBoost,0.2772,0.19156235
9773,XGBoost,-0.0162,-0.03547858
9774,XGBoost,0.4035,0.36272332
9775,XGBoost,0.5042,0.4827333
9776,XGBoost,0.4648,0.39101404
9777,XGBoost,0.2604,0.21952511
9778,XGBoost,0.1491,0.27851135
9779,XGBoost,0.012,-0.0024887724
9780,XGBoost,0.2225,0.23645851
9781,XGBoost,0.2312,0.0606699
9782,XGBoost,0.6449,0.67786694
9783,XGBoost,0.259,0.21312575
9784,XGBoost,0.1399,0.11752523
9785,XGBoost,0.4947,0.47218704
9786,XGBoost,0.0802,0.072400965
9787,XGBoost,0.0975,0.14989707
9788,XGBoost,0.1282,0.12962508
9789,XGBoost,-0.0397,0.0056447648
9790,XGBoost,0.1034,0.14863649
9791,XGBoost,-0.0912,0.47389653
9792,XGBoost,0.1344,0.13682318
9793,XGBoost,0.1877,0.23277375
9794,XGBoost,0.1106,0.18550126
9795,XGBoost,0.0884,0.04638242
9796,XGBoost,0.2197,0.19378643
9797,XGBoost,-0.0719,-0.09029931
9798,XGBoost,-0.0219,0.088834524
9799,XGBoost,0.2138,0.20961455
9800,XGBoost,-0.0576,-0.13769554
9801,XGBoost,0.5599,0.333131
9802,XGBoost,0.235,0.25497183
9803,XGBoost,0.0638,0.10455425
9804,XGBoost,0.1023,0.060308546
9805,XGBoost,0.4621,0.4474824
9806,XGBoost,0.1566,0.163089
9807,XGBoost,-0.0475,0.026847206
9808,XGBoost,0.2673,0.22059758
9809,XGBoost,0.0987,0.14520507
9810,XGBoost,0.3588,0.11636799
9811,XGBoost,-0.0981,-0.032582853
9812,XGBoost,0.2204,0.28733948
9813,XGBoost,0.3277,0.37224677
9814,XGBoost,0.0259,0.13682096
9815,XGBoost,0.0245,-0.029804183
9816,XGBoost,0.0752,0.08340757
9817,XGBoost,-0.2074,-0.12796819
9818,XGBoost,0.1601,0.43739435
9819,XGBoost,0.3877,0.40226027
9820,XGBoost,0.3747,0.2337378
9821,XGBoost,0.0725,0.0980754
9822,XGBoost,0.3704,0.21051948
9823,XGBoost,-0.0659,0.12177142
9824,XGBoost,0.3402,0.1580202
9825,XGBoost,0.4117,0.32446125
9826,XGBoost,0.2663,0.3413211
9827,XGBoost,0.7291,0.5986293
9828,XGBoost,-0.0922,-0.109685905
9829,XGBoost,0.1399,0.0961163
9830,XGBoost,0.221,0.17217198
9831,XGBoost,0.415,0.5140588
9832,XGBoost,0.0691,0.22782442
9833,XGBoost,0.0356,0.044171505
9834,XGBoost,0.418,0.39978033
9835,XGBoost,0.3318,0.35004893
9836,XGBoost,0.1023,0.17183314
9837,XGBoost,0.6491,0.6229353
9838,XGBoost,0.203,0.13658921
9839,XGBoost,0.2804,0.23577008
9840,XGBoost,0.3307,0.39795586
9841,XGBoost,0.3233,0.2610785
9842,XGBoost,0.1961,0.24642777
9843,XGBoost,0.0142,0.12004077
9844,XGBoost,0.3291,0.33460876
9845,XGBoost,0.2404,0.20853733
9846,XGBoost,0.2357,0.22706254
9847,XGBoost,0.4767,0.4376665
9848,XGBoost,-0.0691,-0.054638296
9849,XGBoost,0.1162,0.24484798
9850,XGBoost,0.0803,0.111245394
9851,XGBoost,0.1129,0.02360221
9852,XGBoost,0.348,0.33382848
9853,XGBoost,0.8981,0.9183828
9854,XGBoost,0.1843,0.22357193
9855,XGBoost,0.194,0.1788382
9856,XGBoost,0.1941,0.20576459
9857,XGBoost,0.5945,0.5073453
9858,XGBoost,0.3253,0.32334602
9859,XGBoost,0.7907,0.81657845
9860,XGBoost,0.5632,0.5809464
9861,XGBoost,0.2268,0.2397179
9862,XGBoost,0.0569,0.010260396
9863,XGBoost,0.0205,0.096070714
9864,XGBoost,0.4199,0.353985
9865,XGBoost,0.147,0.11238433
9866,XGBoost,0.0188,0.10193093
9867,XGBoost,-0.1539,-0.13797042
9868,XGBoost,0.1318,0.1655114
9869,XGBoost,0.1675,0.25162825
9870,XGBoost,-0.2495,-0.21901506
9871,XGBoost,0.3716,0.47623286
9872,XGBoost,0.1775,0.15955627
9873,XGBoost,0.417,0.31559128
9874,XGBoost,0.4731,0.47299024
9875,XGBoost,-0.0632,0.090783834
9876,XGBoost,-0.0378,0.05859193
9877,XGBoost,0.1285,0.07769221
9878,XGBoost,0.5484,0.5627767
9879,XGBoost,0.5413,0.54056686
9880,XGBoost,0.3591,0.3607039
9881,XGBoost,0.2468,0.25245854
9882,XGBoost,0.6208,0.53816366
9883,XGBoost,0.2782,0.2310343
9884,XGBoost,0.4231,0.2235187
9885,XGBoost,0.1098,0.20538633
9886,XGBoost,0.1322,0.19312496
9887,XGBoost,-0.0513,0.10685589
9888,XGBoost,0.3671,0.22504236
9889,XGBoost,0.1984,0.23815139
9890,XGBoost,0.4609,0.4828739
9891,XGBoost,0.2129,0.2541283
9892,XGBoost,0.3308,0.29054266
9893,XGBoost,0.5332,0.3533287
9894,XGBoost,0.1051,0.06039582
9895,XGBoost,0.1219,0.06551302
9896,XGBoost,0.3184,0.27315795
9897,XGBoost,0.5127,0.46475545
9898,XGBoost,-0.0418,0.11569857
9899,XGBoost,0.2453,0.18533379
9900,XGBoost,-0.0526,0.07813632
9901,XGBoost,0.2302,0.2476068
9902,XGBoost,0.2048,0.14196132
9903,XGBoost,0.5012,0.39109626
9904,XGBoost,0.0247,0.0965653
9905,XGBoost,0.3498,0.3124425
9906,XGBoost,0.2581,0.27473104
9907,XGBoost,0.2902,0.20996949
9908,XGBoost,0.127,0.22622576
9909,XGBoost,0.1738,0.11549693
9910,XGBoost,0.3216,0.11893381
9911,XGBoost,0.2038,0.2738497
9912,XGBoost,0.3106,0.24161048
9913,XGBoost,0.2261,0.298812
9914,XGBoost,0.119,0.19312152
9915,XGBoost,0.6291,0.57275826
9916,XGBoost,0.1265,0.11736726
9917,XGBoost,0.6135,0.65782326
9918,XGBoost,0.2088,0.26165152
9919,XGBoost,0.6576,0.6347128
9920,XGBoost,0.2223,0.2911025
9921,XGBoost,0.1441,0.13750976
9922,XGBoost,0.1135,0.15469936
9923,XGBoost,0.1723,0.22534032
9924,XGBoost,0.0413,0.13164638
9925,XGBoost,0.0305,0.17740016
9926,XGBoost,0.2661,0.20860864
9927,XGBoost,-0.2272,-0.0062338663
9928,XGBoost,0.1897,0.19140537
9929,XGBoost,0.1463,0.13758923
9930,XGBoost,0.0954,0.088393435
9931,XGBoost,0.1637,0.24851072
9932,XGBoost,-0.0082,0.17361507
9933,XGBoost,0.0324,0.094807394
9934,XGBoost,0.1432,0.105884135
9935,XGBoost,0.6276,0.6366935
9936,XGBoost,0.5317,0.5741537
9937,XGBoost,0.3003,0.23599006
9938,XGBoost,0.4644,0.412935
9939,XGBoost,0.6357,0.6346547
9940,XGBoost,0.1275,0.16198374
9941,XGBoost,0.0118,0.06952869
9942,XGBoost,-0.0672,-0.06478616
9943,XGBoost,0.6828,0.6263494
9944,XGBoost,0.2908,0.2435137
9945,XGBoost,0.4486,0.46719295
9946,XGBoost,0.035,0.03969684
9947,XGBoost,0.1286,0.13037594
9948,XGBoost,0.3044,0.29446456
9949,XGBoost,0.3054,0.23163824
9950,XGBoost,0.0887,0.05600344
9951,XGBoost,0.303,0.31604886
9952,XGBoost,0.0947,0.10522366
9953,XGBoost,0.3285,0.021074355
9954,XGBoost,0.1502,0.12215316
9955,XGBoost,0.6467,0.5217736
9956,XGBoost,0.1569,0.11128111
9957,XGBoost,0.3489,0.23322093
9958,XGBoost,0.2395,0.22881132
9959,XGBoost,0.0002,0.06922888
9960,XGBoost,0.1714,0.19270994
9961,XGBoost,0.1372,0.17077367
9962,XGBoost,0.551,0.50784534
9963,XGBoost,0.245,0.19334325
9964,XGBoost,0.1127,0.036075942
9965,XGBoost,0.0346,0.1252583
9966,XGBoost,1.0469,0.92130077
9967,XGBoost,0.1668,0.21775395
9968,XGBoost,-0.0004,0.12589177
9969,XGBoost,0.0281,0.1408627
9970,XGBoost,0.2422,0.24290375
9971,XGBoost,0.0906,0.18638466
9972,XGBoost,0.6866,0.65678054
9973,XGBoost,0.2193,0.18171513
9974,XGBoost,0.2241,0.22657031
9975,XGBoost,0.1189,0.08054604
9976,XGBoost,0.0681,0.098640405
9977,XGBoost,0.1981,0.1923684
9978,XGBoost,0.7888,0.70001745
9979,XGBoost,-0.1117,-0.11689723
9980,XGBoost,0.3695,0.28967163
9981,XGBoost,0.2163,0.23419678
9982,XGBoost,-0.0374,-0.05204023
9983,XGBoost,0.3276,0.2855303
9984,XGBoost,0.2161,0.2094915
9985,XGBoost,-0.0338,0.17110027
9986,XGBoost,0.1964,0.2531507
9987,XGBoost,0.2197,0.19370593
9988,XGBoost,0.0488,0.048970968
9989,XGBoost,-0.0139,0.09247979
9990,XGBoost,0.358,0.3649783
9991,XGBoost,0.0146,0.04487205
9992,XGBoost,0.1459,0.17662379
9993,XGBoost,0.0515,0.14421688
9994,XGBoost,-0.191,-0.21006037
9995,XGBoost,0.0064,-0.0073292013
9996,XGBoost,0.2378,0.31164256
9997,XGBoost,0.0804,0.07245908
9998,XGBoost,0.5507,0.4787374
9999,XGBoost,-0.1189,-0.17183264
10000,XGBoost,0.1737,0.2178517
10001,XGBoost,0.1549,0.09023289
10002,XGBoost,-0.1279,0.031976435
10003,XGBoost,0.1672,0.2198633
10004,XGBoost,0.191,0.1685211
10005,XGBoost,0.0489,0.056742974
10006,XGBoost,0.2186,0.20216641
10007,XGBoost,0.4036,0.4187477
10008,XGBoost,0.1032,0.2290153
10009,XGBoost,0.3471,0.25541785
10010,XGBoost,0.1593,0.19537838
10011,XGBoost,0.2669,0.22139865
10012,XGBoost,0.1294,0.14332017
10013,XGBoost,0.7793,0.8015817
10014,XGBoost,0.4005,0.42390805
10015,XGBoost,0.9503,0.641909
10016,XGBoost,0.0115,0.1964208
10017,XGBoost,0.1465,0.14416769
10018,XGBoost,0.121,0.08982494
10019,XGBoost,0.2244,0.40964776
10020,XGBoost,0.7301,0.64574105
10021,XGBoost,0.0773,0.054363318
10022,XGBoost,0.1666,0.19373265
10023,XGBoost,0.4267,0.4230098
10024,XGBoost,0.2615,0.16759855
10025,XGBoost,0.0818,0.09792343
10026,XGBoost,0.1295,0.18342134
10027,XGBoost,0.3442,0.3409297
10028,XGBoost,0.3666,0.3397868
10029,XGBoost,0.396,0.3334476
10030,XGBoost,0.7715,0.8291756
10031,XGBoost,0.4563,0.45613673
10032,XGBoost,0.7455,0.62139535
10033,XGBoost,0.1853,0.09805406
10034,XGBoost,1.0633,1.0159273
10035,XGBoost,0.2337,0.2177192
10036,XGBoost,-0.0135,0.1320649
10037,XGBoost,0.1296,0.14281657
10038,XGBoost,0.1512,0.13777116
10039,XGBoost,0.0931,0.22504848
10040,XGBoost,0.0005,0.012979006
10041,XGBoost,0.3708,0.3408009
10042,XGBoost,0.3079,0.15844478
10043,XGBoost,-0.042,-0.0961707
10044,XGBoost,0.627,0.672864
10045,XGBoost,0.2661,0.31453365
10046,XGBoost,0.0493,0.16380009
10047,XGBoost,0.4473,0.29166007
10048,XGBoost,0.0444,0.061466184
10049,XGBoost,0.4475,0.36374566
10050,XGBoost,0.1068,0.053662267
10051,XGBoost,0.0387,0.068518505
10052,XGBoost,0.8357,0.74613976
10053,XGBoost,0.1957,0.1671009
10054,XGBoost,0.1534,0.18274996
10055,XGBoost,0.1778,0.15904145
10056,XGBoost,0.082,0.021190116
10057,XGBoost,0.0983,0.0428852
10058,XGBoost,0.1909,0.13190308
10059,XGBoost,-0.1421,-0.09327626
10060,XGBoost,0.3538,0.28534493
10061,XGBoost,0.0383,0.10154627
10062,XGBoost,0.1273,0.12525268
10063,XGBoost,0.229,0.24316029
10064,XGBoost,0.7005,0.5593218
10065,XGBoost,0.2638,0.15842745
10066,XGBoost,0.2175,0.2066413
10067,XGBoost,0.2979,0.24899636
10068,XGBoost,0.0459,-0.006579579
10069,XGBoost,0.0454,0.08797007
10070,XGBoost,-0.0247,0.06671989
10071,XGBoost,-0.0405,-0.036416925
10072,XGBoost,0.8188,0.81416816
10073,XGBoost,0.0055,0.019557312
10074,XGBoost,0.3056,0.3401855
10075,XGBoost,0.1291,0.12011555
10076,XGBoost,0.1137,0.12736692
10077,XGBoost,0.1191,0.13850425
10078,XGBoost,0.5019,0.4158173
10079,XGBoost,0.4398,0.39649335
10080,XGBoost,0.0995,0.10843078
10081,XGBoost,0.4024,0.42047167
10082,XGBoost,-0.0104,0.057099033
10083,XGBoost,0.0802,0.15192796
10084,XGBoost,0.243,0.21782787
10085,XGBoost,0.3213,0.27686462
10086,XGBoost,0.1324,0.21736252
10087,XGBoost,0.0276,0.11107384
10088,XGBoost,0.1115,0.11390714
10089,XGBoost,0.2279,0.21706894
10090,XGBoost,0.1277,0.12859477
10091,XGBoost,0.1345,0.18801081
10092,XGBoost,0.6448,0.60152614
10093,XGBoost,0.0634,0.19819516
10094,XGBoost,0.1931,0.18968157
10095,XGBoost,-0.0443,0.035133846
10096,XGBoost,0.5976,0.59106344
10097,XGBoost,0.4237,0.35404456
10098,XGBoost,0.4184,0.24308705
10099,XGBoost,0.2369,0.27082086
10100,XGBoost,0.3262,0.4233984
10101,XGBoost,0.1064,0.22367387
10102,XGBoost,0.2266,0.21718608
10103,XGBoost,0.3056,0.2730763
10104,XGBoost,0.1059,0.02486027
10105,XGBoost,0.1512,0.2329362
10106,XGBoost,0.6412,0.59674084
10107,XGBoost,-0.1093,-0.10706901
10108,XGBoost,0.197,0.14320175
10109,XGBoost,0.2793,0.19430046
10110,XGBoost,0.0949,0.15431608
10111,XGBoost,0.0941,0.21888421
10112,XGBoost,0.2681,0.17707461
10113,XGBoost,0.1506,0.04854441
10114,XGBoost,0.541,0.036428683
10115,XGBoost,-0.197,-0.16191499
10116,XGBoost,0.0207,0.17557473
10117,XGBoost,0.1612,0.14968958
10118,XGBoost,0.2976,0.22032353
10119,XGBoost,0.1053,0.11249507
10120,XGBoost,0.0605,0.117618315
10121,XGBoost,0.203,0.15391341
10122,XGBoost,0.5301,0.41765553
10123,XGBoost,0.0644,0.1285241
10124,XGBoost,0.0101,0.1710914
10125,XGBoost,0.0735,0.21667805
10126,XGBoost,0.2993,0.028999252
10127,XGBoost,0.2165,0.20870933
10128,XGBoost,0.1326,0.22082824
10129,XGBoost,0.2096,0.18758333
10130,XGBoost,0.2176,0.16352285
10131,XGBoost,0.0781,0.10430579
10132,XGBoost,0.5963,0.57084435
10133,XGBoost,0.4866,0.30208203
10134,XGBoost,0.0308,0.104358345
10135,XGBoost,0.1031,0.06057498
10136,XGBoost,0.5107,0.5056688
10137,XGBoost,0.1572,0.15548123
10138,XGBoost,0.0631,0.120995566
10139,XGBoost,0.0194,0.11760675
10140,XGBoost,0.2488,0.21161309
10141,XGBoost,0.3295,0.3614556
10142,XGBoost,0.0123,0.09831588
10143,XGBoost,0.3926,0.31129
10144,XGBoost,0.494,0.53979295
10145,XGBoost,-0.0401,0.13608919
10146,XGBoost,0.4773,0.19971874
10147,XGBoost,0.3363,0.40850672
10148,XGBoost,0.0693,0.19926567
10149,XGBoost,0.095,0.14612149
10150,XGBoost,-0.0204,0.004315771
10151,XGBoost,0.4606,0.3132387
10152,XGBoost,0.2732,0.17861639
10153,XGBoost,-0.221,0.22154227
10154,XGBoost,0.2259,0.31526282
10155,XGBoost,0.1978,0.27586788
10156,XGBoost,0.8971,0.8622996
10157,XGBoost,0.3388,0.3155182
10158,XGBoost,0.0889,0.08440394
10159,XGBoost,0.3391,0.27848795
10160,XGBoost,0.347,0.33747336
10161,XGBoost,-0.0311,-0.013527517
10162,XGBoost,0.0086,-0.0033395481
10163,XGBoost,0.2081,0.26420584
10164,XGBoost,0.3199,0.28650397
10165,XGBoost,0.3753,0.21464913
10166,XGBoost,0.571,0.54669964
10167,XGBoost,0.2248,0.2079344
10168,XGBoost,0.4147,0.3958875
10169,XGBoost,0.0817,0.14270113
10170,XGBoost,0.1542,0.14829652
10171,XGBoost,0.3194,0.30154425
10172,XGBoost,0.1097,0.16259874
10173,XGBoost,0.1974,0.119732246
10174,XGBoost,0.1406,0.07484033
10175,XGBoost,0.3283,0.38171005
10176,XGBoost,-0.0121,0.042950317
10177,XGBoost,0.816,0.8675746
10178,XGBoost,0.0789,0.13113427
10179,XGBoost,-0.0363,-0.019476943
10180,XGBoost,0.1535,0.11214404
10181,XGBoost,0.3245,0.3166618
10182,XGBoost,0.005,0.07931751
10183,XGBoost,0.079,0.0660281
10184,XGBoost,0.2828,0.27332556
10185,XGBoost,0.6512,0.7154648
10186,XGBoost,0.0492,0.0937669
10187,XGBoost,0.3056,0.31353483
10188,XGBoost,0.1809,0.0773767
10189,XGBoost,0.1179,0.019272048
10190,XGBoost,0.3913,0.31011105
10191,XGBoost,0.3729,0.3459063
10192,XGBoost,0.1774,0.20961845
10193,XGBoost,0.078,0.14763203
10194,XGBoost,0.0252,0.14130381
10195,XGBoost,0.1526,0.06589882
10196,XGBoost,0.0115,0.071175426
10197,XGBoost,0.9149,0.83747333
10198,XGBoost,0.2847,0.24145636
10199,XGBoost,0.2467,0.18459193
10200,XGBoost,0.2093,0.20165177
10201,XGBoost,0.1879,0.19949503
10202,XGBoost,0.1796,0.16219097
10203,XGBoost,0.2218,0.235609
10204,XGBoost,0.5081,0.6786833
10205,XGBoost,0.0782,0.14322956
10206,XGBoost,0.1901,0.1890557
10207,XGBoost,0.6441,0.54613334
10208,XGBoost,0.0603,0.099217094
10209,XGBoost,0.0707,-0.003661795
10210,XGBoost,-0.0354,0.018850196
10211,XGBoost,0.1585,0.24142712
10212,XGBoost,0.0387,0.10862895
10213,XGBoost,0.0831,0.15539321
10214,XGBoost,0.2568,0.22422792
10215,XGBoost,0.0097,0.061032537
10216,XGBoost,0.3818,0.4356529
10217,XGBoost,0.316,0.3280418
10218,XGBoost,-0.1671,-0.11927338
10219,XGBoost,-0.2004,-0.15502039
10220,XGBoost,0.0032,0.045678973
10221,XGBoost,0.1909,0.18452431
10222,XGBoost,0.0881,0.12236373
10223,XGBoost,0.3561,0.21457218
10224,XGBoost,0.0406,0.0803891
10225,XGBoost,0.3386,0.30597293
10226,XGBoost,0.4512,0.38059786
10227,XGBoost,0.3188,0.29943293
10228,XGBoost,-0.0581,-0.057399437
10229,XGBoost,0.1224,0.40159196
10230,XGBoost,0.2503,0.053374004
10231,XGBoost,0.3742,0.299259
10232,XGBoost,0.2559,0.24391793
10233,XGBoost,0.251,0.2764542
10234,XGBoost,0.8897,0.7069841
10235,XGBoost,0.2299,0.21912563
10236,XGBoost,0.3352,0.20471646
10237,XGBoost,0.2725,0.2004161
10238,XGBoost,-0.0393,0.0907132
10239,XGBoost,0.341,0.32233372
10240,XGBoost,-0.1158,-0.06658575
10241,XGBoost,0.1794,0.15993753
10242,XGBoost,0.6834,0.720934
10243,XGBoost,0.0123,0.07758274
10244,XGBoost,0.0318,0.09900894
10245,XGBoost,0.4215,0.42712685
10246,XGBoost,0.1461,0.20117237
10247,XGBoost,0.4939,0.5931742
10248,XGBoost,0.2,0.2523433
10249,XGBoost,-0.0005,0.016603582
10250,XGBoost,0.2523,0.18354513
10251,XGBoost,0.3581,0.30653518
10252,XGBoost,0.0932,0.11371111
10253,XGBoost,0.3157,0.2609482
10254,XGBoost,0.3824,0.36489844
10255,XGBoost,0.2338,0.20297664
10256,XGBoost,0.7108,0.7025499
10257,XGBoost,0.273,0.08977682
10258,XGBoost,0.7293,0.69400686
10259,XGBoost,0.0767,0.09709343
10260,XGBoost,0.2564,0.21639477
10261,XGBoost,0.2476,0.3023536
10262,XGBoost,0.2067,0.2832929
10263,XGBoost,0.1913,0.09012488
10264,XGBoost,0.0675,0.23770471
10265,XGBoost,-0.0054,0.060649604
10266,XGBoost,0.2115,0.21760423
10267,XGBoost,0.13,0.10058658
10268,XGBoost,0.4002,0.39999926
10269,XGBoost,0.2019,0.22026765
10270,XGBoost,0.2081,0.19873501
10271,XGBoost,0.1041,0.17003104
10272,XGBoost,0.2262,0.24443194
10273,XGBoost,0.2419,0.23213302
10274,XGBoost,0.1488,0.30439222
10275,XGBoost,0.4167,0.4070141
10276,XGBoost,0.3476,0.24762961
10277,XGBoost,0.1692,0.19343504
10278,XGBoost,0.0908,0.1581006
10279,XGBoost,0.4398,0.3902083
10280,XGBoost,0.1441,0.17145933
10281,XGBoost,-0.151,-0.21338703
10282,XGBoost,0.2805,0.28114367
10283,XGBoost,0.0563,0.018041318
10284,XGBoost,-0.0013,0.029718101
10285,XGBoost,0.3462,0.22416645
10286,XGBoost,0.1595,0.15032238
10287,XGBoost,0.1481,0.1628928
10288,XGBoost,0.1656,0.19585563
10289,XGBoost,0.882,0.8970034
10290,XGBoost,0.4558,0.4835368
10291,XGBoost,-0.0536,-0.06818525
10292,XGBoost,0.1436,0.028766906
10293,XGBoost,0.1817,0.09882587
10294,XGBoost,0.1295,0.2180213
10295,XGBoost,0.0757,0.12917295
10296,XGBoost,0.1167,0.12721337
10297,XGBoost,0.0541,0.16297011
10298,XGBoost,0.0337,0.01032885
10299,XGBoost,0.6602,0.5649238
10300,XGBoost,0.0268,0.04199982
10301,XGBoost,0.0422,0.079831645
10302,XGBoost,0.1782,0.15643556
10303,XGBoost,0.4441,0.20421554
10304,XGBoost,0.0323,0.065391235
10305,XGBoost,0.6639,0.58615977
10306,XGBoost,0.0376,0.15508792
10307,XGBoost,0.5638,0.45183638
10308,XGBoost,0.2352,0.1999405
10309,XGBoost,0.0876,0.12087153
10310,XGBoost,-0.1387,-0.112031266
10311,XGBoost,0.5722,0.48725474
10312,XGBoost,0.2226,0.17053334
10313,XGBoost,0.8884,0.838953
10314,XGBoost,0.227,0.20214029
10315,XGBoost,0.2463,0.2861748
10316,XGBoost,0.5207,0.52996904
10317,XGBoost,0.3029,0.25594684
10318,XGBoost,0.2458,0.23164482
10319,XGBoost,0.0555,0.010730022
10320,XGBoost,0.2703,0.28063914
10321,XGBoost,0.1372,0.16272856
10322,XGBoost,-0.076,-0.10619026
10323,XGBoost,0.2013,0.03492049
10324,XGBoost,0.1571,0.19671288
10325,XGBoost,0.2774,0.25146395
10326,XGBoost,0.7497,0.6574936
10327,XGBoost,0.3513,0.22661734
10328,XGBoost,0.1974,0.20392919
10329,XGBoost,0.0347,0.10133318
10330,XGBoost,-0.1634,0.07221028
10331,XGBoost,0.0919,0.018289225
10332,XGBoost,0.2581,0.2217895
10333,XGBoost,0.2677,0.23760402
10334,XGBoost,0.6615,0.54172033
10335,XGBoost,0.2844,0.2714276
10336,XGBoost,0.2768,0.23257221
10337,XGBoost,0.0322,0.1425195
10338,XGBoost,0.4114,0.45920402
10339,XGBoost,0.2891,0.25749344
10340,XGBoost,-0.1213,0.038223904
10341,XGBoost,0.0137,0.030010616
10342,XGBoost,0.4425,0.41764966
10343,XGBoost,0.171,0.1852852
10344,XGBoost,-0.1109,-0.16863038
10345,XGBoost,0.3187,0.2971686
10346,XGBoost,0.034,0.0127692185
10347,XGBoost,0.0391,0.0993562
10348,XGBoost,0.278,0.21415284
10349,XGBoost,-0.0065,-0.039279822
10350,XGBoost,0.0317,0.09400586
10351,XGBoost,0.2692,0.12348658
10352,XGBoost,0.3194,0.31039733
10353,XGBoost,0.0552,0.06256981
10354,XGBoost,0.1209,0.12461075
10355,XGBoost,0.2694,0.18934059
10356,XGBoost,0.2114,0.27712336
10357,XGBoost,0.0968,0.104120776
10358,XGBoost,0.2243,0.23596022
10359,XGBoost,0.1315,0.2214689
10360,XGBoost,0.4578,0.49963322
10361,XGBoost,0.7186,0.7467375
10362,XGBoost,0.7336,0.74901396
10363,XGBoost,0.2202,0.27518862
10364,XGBoost,0.2336,0.17764129
10365,XGBoost,0.1791,0.15274698
10366,XGBoost,0.5939,0.58160216
10367,XGBoost,0.4736,0.2683496
10368,XGBoost,0.6839,0.6556482
10369,XGBoost,0.4972,0.5264489
10370,XGBoost,0.0961,0.046005897
10371,XGBoost,0.0988,0.05106781
10372,XGBoost,0.3287,0.29248077
10373,XGBoost,0.3233,0.30566666
10374,XGBoost,-0.0581,0.035384756
10375,XGBoost,0.0896,0.06678139
10376,XGBoost,0.6775,0.6289103
10377,XGBoost,0.3069,0.27508548
10378,XGBoost,-0.0195,-0.095183685
10379,XGBoost,0.0418,0.055538796
10380,XGBoost,0.1425,0.1324012
10381,XGBoost,-0.1394,-0.13751282
10382,XGBoost,0.5988,0.43391353
10383,XGBoost,-0.047,-0.010316832
10384,XGBoost,0.0816,0.070674315
10385,XGBoost,0.2695,0.21113811
10386,XGBoost,0.1244,0.05709135
10387,XGBoost,0.1779,0.25553444
10388,XGBoost,0.6033,0.60675836
10389,XGBoost,0.1064,0.11683248
10390,XGBoost,0.046,0.055019584
10391,XGBoost,0.1202,0.15096031
10392,XGBoost,0.5019,0.3267514
10393,XGBoost,0.0017,0.016946195
10394,XGBoost,0.3738,0.26066047
10395,XGBoost,0.0798,0.09246928
10396,XGBoost,0.3139,0.32004586
10397,XGBoost,0.2962,0.225574
10398,XGBoost,0.4756,0.36968872
10399,XGBoost,0.1559,0.1587357
10400,XGBoost,0.8671,0.79090756
10401,XGBoost,0.0357,0.16529475
10402,XGBoost,0.0232,0.10900799
10403,XGBoost,0.2867,0.23251864
10404,XGBoost,0.2936,0.4441289
10405,XGBoost,0.3752,0.24495451
10406,XGBoost,0.3892,0.32201082
10407,XGBoost,0.0857,0.08476948
10408,XGBoost,-0.1297,-0.04516566
10409,XGBoost,0.3019,0.27663448
10410,XGBoost,0.0906,0.123399585
10411,XGBoost,0.0705,0.072345085
10412,XGBoost,0.0892,0.080657855
10413,XGBoost,0.0534,0.08557968
10414,XGBoost,0.3242,0.31230423
10415,XGBoost,0.4617,0.49138775
10416,XGBoost,-0.1094,-0.099348694
10417,XGBoost,0.2628,0.25917196
10418,XGBoost,0.4246,0.24742354
10419,XGBoost,0.3841,0.25519657
10420,XGBoost,0.0125,0.062606126
10421,XGBoost,0.2735,0.24434578
10422,XGBoost,0.3603,0.34475765
10423,XGBoost,0.7488,0.60866785
10424,XGBoost,0.3669,0.31475925
10425,XGBoost,0.4798,0.39089435
10426,XGBoost,0.2088,0.2028371
10427,XGBoost,0.2065,0.2364328
10428,XGBoost,0.4067,0.40373874
10429,XGBoost,0.4177,0.23387524
10430,XGBoost,0.05,0.06951547
10431,XGBoost,-0.0858,-0.10846155
10432,XGBoost,0.3011,0.22245103
10433,XGBoost,0.0367,0.05431586
10434,XGBoost,0.1726,0.14964238
10435,XGBoost,0.2722,0.23680477
10436,XGBoost,0.007,0.12452065
10437,XGBoost,0.1991,0.24380332
10438,XGBoost,0.1447,0.111652456
10439,XGBoost,0.9204,0.8189064
10440,XGBoost,0.1682,0.2249872
10441,XGBoost,0.3648,0.27614298
10442,XGBoost,0.0616,0.029421108
10443,XGBoost,0.9915,0.974644
10444,XGBoost,-0.013,-0.028059077
10445,XGBoost,0.4678,0.31737277
10446,XGBoost,0.4732,0.3398325
10447,XGBoost,0.1624,0.26946416
10448,XGBoost,0.0874,0.084596254
10449,XGBoost,0.2213,0.23117054
10450,XGBoost,0.1921,0.20132548
10451,XGBoost,0.6105,0.6378061
10452,XGBoost,0.2677,0.20212089
10453,XGBoost,0.0104,-0.025764596
10454,XGBoost,0.2394,0.20290981
10455,XGBoost,0.2982,0.23588987
10456,XGBoost,0.0512,0.14849503
10457,XGBoost,0.4783,0.5098062
10458,XGBoost,-0.0343,0.22651668
10459,XGBoost,-0.0991,-0.054607846
10460,XGBoost,-0.1123,-0.1054891
10461,XGBoost,0.2391,0.17389326
10462,XGBoost,0.5738,0.43583918
10463,XGBoost,0.2239,0.016866555
10464,XGBoost,0.051,0.08406201
10465,XGBoost,-0.1367,-0.12126799
10466,XGBoost,0.3705,0.2688625
10467,XGBoost,0.1093,0.18507583
10468,XGBoost,0.1749,0.15907961
10469,XGBoost,0.1765,0.23049435
10470,XGBoost,0.0555,0.088483125
10471,XGBoost,0.2369,0.22184865
10472,XGBoost,0.0737,0.3251424
10473,XGBoost,0.0739,0.07682695
10474,XGBoost,0.0349,0.23660049
10475,XGBoost,0.1911,0.23400903
10476,XGBoost,0.4731,0.51804477
10477,XGBoost,0.6034,0.6362543
10478,XGBoost,0.1201,0.1709841
10479,XGBoost,0.4201,0.33418047
10480,XGBoost,0.0998,0.1313751
10481,XGBoost,0.3019,0.29513803
10482,XGBoost,0.2721,0.27976817
10483,XGBoost,0.5276,0.40343782
10484,XGBoost,-0.1083,-0.06414905
10485,XGBoost,0.2696,0.22087754
10486,XGBoost,-0.0311,0.19240205
10487,XGBoost,0.2508,0.22709253
10488,XGBoost,0.3039,0.24760526
10489,XGBoost,-0.0314,-0.0154553475
10490,XGBoost,0.3863,0.3039886
10491,XGBoost,0.1919,0.17700943
10492,XGBoost,-0.0266,0.08949111
10493,XGBoost,-0.0687,0.0010382744
10494,XGBoost,0.3339,0.29946136
10495,XGBoost,0.0969,0.25320092
10496,XGBoost,0.7938,0.7661214
10497,XGBoost,0.5657,0.60512006
10498,XGBoost,0.1286,0.2020195
10499,XGBoost,0.3885,0.3964321
10500,XGBoost,-0.0489,0.013209036
10501,XGBoost,0.255,0.2550499
10502,XGBoost,0.0386,0.0383797
10503,XGBoost,0.5836,0.4050479
10504,XGBoost,0.3233,0.2595541
10505,XGBoost,0.4311,0.40518126
10506,XGBoost,0.0128,0.09992762
10507,XGBoost,0.0126,0.03688341
10508,XGBoost,0.2527,0.23119919
10509,XGBoost,0.0752,0.17323034
10510,XGBoost,0.334,0.24639657
10511,XGBoost,0.0758,0.14578398
10512,XGBoost,0.3366,-0.020484792
10513,XGBoost,0.1089,0.11647961
10514,XGBoost,0.1692,0.12305909
10515,XGBoost,0.2228,0.23372781
10516,XGBoost,0.0287,0.046505958
10517,XGBoost,0.4356,0.3801361
10518,XGBoost,0.0859,0.11944875
10519,XGBoost,0.6341,0.604733
10520,XGBoost,0.0561,0.15608296
10521,XGBoost,0.0566,0.1332915
10522,XGBoost,0.1331,0.09888897
10523,XGBoost,0.066,0.15525052
10524,XGBoost,0.0936,0.10625971
10525,XGBoost,0.2449,0.25435624
10526,XGBoost,-0.0098,-0.0501317
10527,XGBoost,0.1675,0.15684828
10528,XGBoost,0.4185,0.41233775
10529,XGBoost,0.1566,0.14005227
10530,XGBoost,0.3762,0.33353513
10531,XGBoost,-0.0079,-0.0256831
10532,XGBoost,0.0353,0.059510414
10533,XGBoost,0.1644,0.1269947
10534,XGBoost,0.0658,0.068500325
10535,XGBoost,0.3621,0.31810233
10536,XGBoost,0.1763,0.22643982
10537,XGBoost,0.2067,0.20327316
10538,XGBoost,0.3036,0.3004578
10539,XGBoost,0.1705,0.18058981
10540,XGBoost,0.0643,0.07625443
10541,XGBoost,0.2181,0.24658276
10542,XGBoost,0.359,0.30445066
10543,XGBoost,0.7038,0.61303204
10544,XGBoost,0.0609,0.14257523
10545,XGBoost,-0.0449,-0.002485754
10546,XGBoost,0.1028,0.13983278
10547,XGBoost,0.1165,0.1823634
10548,XGBoost,0.1325,0.15658751
10549,XGBoost,0.4258,0.36669543
10550,XGBoost,0.113,0.19317259
10551,XGBoost,0.2893,0.32170975
10552,XGBoost,0.0332,0.16959146
10553,XGBoost,0.417,0.39156005
10554,XGBoost,0.0296,-0.0022799717
10555,XGBoost,0.3096,0.33856487
10556,XGBoost,0.4775,0.3438401
10557,XGBoost,0.0254,-0.0307505
10558,XGBoost,-0.0355,0.022449434
10559,XGBoost,0.1213,0.09407701
10560,XGBoost,0.1306,0.16421857
10561,XGBoost,0.0947,0.07512461
10562,XGBoost,0.0422,0.09632559
10563,XGBoost,-0.1869,-0.19740961
10564,XGBoost,0.0338,0.11847271
10565,XGBoost,0.093,0.18788576
10566,XGBoost,0.4244,0.3834319
10567,XGBoost,0.146,0.0774507
10568,XGBoost,0.2625,0.17509061
10569,XGBoost,0.6186,0.7476685
10570,XGBoost,0.6094,0.56316304
10571,XGBoost,-0.155,-0.076194726
10572,XGBoost,-0.0334,0.027586237
10573,XGBoost,0.1951,0.2350875
10574,XGBoost,0.2711,0.2923657
10575,XGBoost,0.0548,0.005689458
10576,XGBoost,0.754,0.63031346
10577,XGBoost,-0.0088,0.051553525
10578,XGBoost,0.353,0.37477663
10579,XGBoost,0.2414,0.17102063
10580,XGBoost,0.2154,0.24328409
10581,XGBoost,0.0493,0.052417353
10582,XGBoost,0.3207,0.288202
10583,XGBoost,0.1382,0.18392098
10584,XGBoost,-0.1783,-0.085622445
10585,XGBoost,0.8257,0.6928731
10586,XGBoost,0.4864,0.44707194
10587,XGBoost,0.6914,0.7475045
10588,XGBoost,0.1373,0.25457308
10589,XGBoost,0.2125,0.24995905
10590,XGBoost,0.2492,0.15159212
10591,XGBoost,0.5314,0.40773112
10592,XGBoost,0.4265,0.3960282
10593,XGBoost,0.3585,0.34692264
10594,XGBoost,-0.0642,0.027130553
10595,XGBoost,0.102,0.273598
10596,XGBoost,0.8595,0.73159254
10597,XGBoost,0.2612,0.198752
10598,XGBoost,0.4236,0.35160726
10599,XGBoost,0.1992,0.15390232
10600,XGBoost,0.4507,0.45221454
10601,XGBoost,0.7115,0.7381567
10602,XGBoost,-0.1164,-0.03130466
10603,XGBoost,0.195,0.12469415
10604,XGBoost,-0.0374,-0.056065854
10605,XGBoost,0.2711,0.3136318
10606,XGBoost,-0.0186,0.016980173
10607,XGBoost,0.2629,0.21440698
10608,XGBoost,0.0375,0.08553523
10609,XGBoost,-0.0356,0.20649709
10610,XGBoost,0.1238,0.08187535
10611,XGBoost,-0.0333,-0.04961021
10612,XGBoost,0.3234,0.25713438
10613,XGBoost,0.1518,0.14713573
10614,XGBoost,0.2643,0.3055067
10615,XGBoost,0.1736,0.16540974
10616,XGBoost,0.5562,0.37310392
10617,XGBoost,0.6766,0.55068135
10618,XGBoost,0.8419,0.7774949
10619,XGBoost,0.387,0.33362967
10620,XGBoost,0.8076,0.73557943
10621,XGBoost,0.1448,0.17084607
10622,XGBoost,-0.0785,0.016629377
10623,XGBoost,0.6639,0.7196165
10624,XGBoost,0.0613,0.16796143
10625,XGBoost,-0.0464,-0.03312313
10626,XGBoost,0.3354,0.23075832
10627,XGBoost,0.2963,0.2022569
10628,XGBoost,0.2019,0.20765767
10629,XGBoost,0.1824,0.16604982
10630,XGBoost,0.1763,0.1771306
10631,XGBoost,0.2625,0.17079818
10632,XGBoost,-0.0045,0.08304486
10633,XGBoost,0.1073,0.09040547
10634,XGBoost,0.187,0.17276417
10635,XGBoost,0.0886,0.20233977
10636,XGBoost,-0.0699,-0.002299378
10637,XGBoost,0.1262,0.3070601
10638,XGBoost,0.4338,0.4529028
10639,XGBoost,0.4657,0.470773
10640,XGBoost,0.6045,0.60984087
10641,XGBoost,-0.0867,-0.035537932
10642,XGBoost,0.3523,0.3690657
10643,XGBoost,-0.0355,-0.06868967
10644,XGBoost,0.318,0.32366952
10645,XGBoost,0.2709,0.24206433
10646,XGBoost,0.3761,0.385323
10647,XGBoost,-0.1246,-0.0032284046
10648,XGBoost,0.1193,0.09906861
10649,XGBoost,0.1881,0.15586498
10650,XGBoost,0.3726,0.32976583
10651,XGBoost,0.6418,0.70618767
10652,XGBoost,0.256,0.25586903
10653,XGBoost,0.2293,0.13357897
10654,XGBoost,0.115,0.105206095
10655,XGBoost,0.7218,0.73508847
10656,XGBoost,0.1697,0.25314
10657,XGBoost,0.375,0.44647488
10658,XGBoost,0.4355,0.4068426
10659,XGBoost,0.1799,0.105702296
10660,XGBoost,0.1048,0.14070947
10661,XGBoost,0.2793,0.32427937
10662,XGBoost,0.0345,0.06940543
10663,XGBoost,-0.0262,0.08062767
10664,XGBoost,0.0416,0.034550097
10665,XGBoost,1.0144,0.97758204
10666,XGBoost,0.2524,0.2879724
10667,XGBoost,-0.0124,0.0013671372
10668,XGBoost,-0.1637,-0.14896163
10669,XGBoost,0.1381,0.17040533
10670,XGBoost,0.6514,0.6115181
10671,XGBoost,-0.0627,-0.030047953
10672,XGBoost,0.4353,0.36019245
10673,XGBoost,0.1745,0.16879737
10674,XGBoost,0.122,0.13505062
10675,XGBoost,0.2754,0.21705198
10676,XGBoost,0.111,0.050630298
10677,XGBoost,0.4005,0.41871053
10678,XGBoost,0.475,0.37946385
10679,XGBoost,0.3676,0.50384265
10680,XGBoost,0.0766,0.15536125
10681,XGBoost,0.6857,0.6885947
10682,XGBoost,0.6249,0.5689597
10683,XGBoost,0.2694,0.17660439
10684,XGBoost,0.233,0.16634345
10685,XGBoost,0.353,0.46833575
10686,XGBoost,-0.0391,0.06589286
10687,XGBoost,0.1883,0.1937157
10688,XGBoost,0.2604,0.19029506
10689,XGBoost,0.2336,0.2054839
10690,XGBoost,0.6381,0.5811229
10691,XGBoost,0.0683,0.09686792
10692,XGBoost,0.0146,0.3532471
10693,XGBoost,-0.0181,-0.010852335
10694,XGBoost,0.1454,0.09461666
10695,XGBoost,-0.0251,0.03334828
10696,XGBoost,-0.1216,-0.13360512
10697,XGBoost,0.2582,0.24393465
10698,XGBoost,0.1739,0.24773967
10699,XGBoost,0.1532,0.062546946
10700,XGBoost,0.2166,0.23624967
10701,XGBoost,0.1988,0.24681781
10702,XGBoost,0.1604,0.20654938
10703,XGBoost,0.724,0.64276916
10704,XGBoost,0.0657,0.18586172
10705,XGBoost,0.5618,0.42755377
10706,XGBoost,-0.0271,0.028929867
10707,XGBoost,0.1773,0.13597265
10708,XGBoost,0.3252,0.27156508
10709,XGBoost,0.198,0.22727685
10710,XGBoost,-0.0942,-0.084899396
10711,XGBoost,0.6169,0.6628512
10712,XGBoost,0.0827,0.07016616
10713,XGBoost,0.4194,0.28129357
10714,XGBoost,0.1056,0.124530226
10715,XGBoost,-0.016,-0.015586154
10716,XGBoost,-0.0152,0.025955874
10717,XGBoost,0.1894,0.17361829
10718,XGBoost,0.5376,0.49239433
10719,XGBoost,0.4014,0.07527215
10720,XGBoost,0.8186,0.74170685
10721,XGBoost,-0.0249,-0.042602494
10722,XGBoost,-0.0612,-0.021505335
10723,XGBoost,-0.206,-0.07680138
10724,XGBoost,0.5272,0.46464184
10725,XGBoost,0.2488,0.23480444
10726,XGBoost,0.1423,0.2028838
10727,XGBoost,-0.0698,-0.01805036
10728,XGBoost,0.1052,0.1822446
10729,XGBoost,0.0292,0.03475254
10730,XGBoost,0.0857,0.14462507
10731,XGBoost,0.2841,0.27256852
10732,XGBoost,0.1528,0.19891174
10733,XGBoost,0.4868,0.36287552
10734,XGBoost,0.0453,0.06307746
10735,XGBoost,0.5002,0.5027747
10736,XGBoost,0.2072,0.2242622
10737,XGBoost,0.1822,0.23214409
10738,XGBoost,0.2111,0.1701725
10739,XGBoost,0.2864,0.3259843
10740,XGBoost,0.0528,0.086936556
10741,XGBoost,0.3802,0.2898675
10742,XGBoost,0.5333,0.34790912
10743,XGBoost,0.2706,0.2610749
10744,XGBoost,-0.1413,-0.07895027
10745,XGBoost,0.1266,0.2028999
10746,XGBoost,0.1285,0.14182395
10747,XGBoost,0.3442,0.3526672
10748,XGBoost,0.3737,0.3695939
10749,XGBoost,0.2735,0.18068166
10750,XGBoost,0.362,0.4417338
10751,XGBoost,0.0378,0.039592117
10752,XGBoost,0.3053,0.35723
10753,XGBoost,0.2755,0.21760695
10754,XGBoost,0.2456,0.17586157
10755,XGBoost,0.2428,0.29639846
10756,XGBoost,0.4214,0.11130204
10757,XGBoost,-0.0668,-0.017012443
10758,XGBoost,0.072,0.01392261
10759,XGBoost,0.4906,0.3627771
10760,XGBoost,0.7962,0.77996033
10761,XGBoost,0.1824,0.25506938
10762,XGBoost,0.0267,0.02599895
10763,XGBoost,-0.0807,-0.000705983
10764,XGBoost,0.2998,0.22605406
10765,XGBoost,0.7914,0.69385946
10766,XGBoost,0.5554,0.6103659
10767,XGBoost,0.6613,0.64560354
10768,XGBoost,0.1391,0.20810369
10769,XGBoost,0.0907,0.07727626
10770,XGBoost,0.4981,0.34046966
10771,XGBoost,0.1138,0.12781475
10772,XGBoost,0.2464,0.13505168
10773,XGBoost,0.1193,0.11227725
10774,XGBoost,0.1552,0.12438793
10775,XGBoost,0.1722,0.29839644
10776,XGBoost,0.4893,0.43138507
10777,XGBoost,0.4786,0.47445706
10778,XGBoost,0.5731,0.54629225
10779,XGBoost,0.3182,0.24185082
10780,XGBoost,0.1024,0.101188354
10781,XGBoost,0.834,0.7165169
10782,XGBoost,0.0119,0.060573306
10783,XGBoost,-0.0682,-0.001709019
10784,XGBoost,0.2639,0.29213437
10785,XGBoost,0.0865,0.046901163
10786,XGBoost,0.3875,0.37485462
10787,XGBoost,0.6545,0.5755906
10788,XGBoost,-0.0593,0.0018545416
10789,XGBoost,0.5307,0.47005126
10790,XGBoost,0.4603,0.38951916
10791,XGBoost,0.3729,0.3624837
10792,XGBoost,0.3442,0.25670838
10793,XGBoost,0.2174,0.26689076
10794,XGBoost,0.1505,0.1664702
10795,XGBoost,0.4155,0.28992027
10796,XGBoost,-0.1341,-0.050480306
10797,XGBoost,0.3035,0.16058849
10798,XGBoost,0.2483,0.20209365
10799,XGBoost,0.3472,0.2584239
10800,XGBoost,0.4148,0.34143397
10801,XGBoost,0.074,0.15438618
10802,XGBoost,0.1852,0.2764073
10803,XGBoost,0.0474,0.14141496
10804,XGBoost,-0.2197,-0.19806424
10805,XGBoost,0.2903,0.20875253
10806,XGBoost,0.0917,0.080950245
10807,XGBoost,0.0484,0.044395976
10808,XGBoost,0.1054,0.13494024
10809,XGBoost,0.1959,0.14793028
10810,XGBoost,0.2398,0.26062742
10811,XGBoost,0.0737,0.11764851
10812,XGBoost,0.2692,0.4153548
10813,XGBoost,0.3841,0.28884792
10814,XGBoost,0.6215,0.582443
10815,XGBoost,0.0801,0.102083474
10816,XGBoost,0.0483,0.07087056
10817,XGBoost,0.3929,0.12361646
10818,XGBoost,0.1631,0.19601409
10819,XGBoost,0.0222,0.085610606
10820,XGBoost,0.4742,0.40208623
10821,XGBoost,0.2134,0.16338529
10822,XGBoost,0.1285,0.011429992
10823,XGBoost,0.2461,0.2117303
10824,XGBoost,0.6245,0.46791503
10825,XGBoost,0.0083,0.07509672
10826,XGBoost,0.2612,0.2759828
10827,XGBoost,0.2475,0.18454628
10828,XGBoost,0.0566,0.027142879
10829,XGBoost,0.2895,0.2941238
10830,XGBoost,0.3308,0.30672842
10831,XGBoost,0.2631,0.19701032
10832,XGBoost,-0.2061,-0.216363
10833,XGBoost,0.1494,0.12897882
10834,XGBoost,-0.0297,0.053877413
10835,XGBoost,0.1774,0.15510066
10836,XGBoost,0.0808,0.10573878
10837,XGBoost,0.114,0.1492339
10838,XGBoost,0.0987,0.24853238
10839,XGBoost,-0.0136,0.048798338
10840,XGBoost,0.1174,0.118878156
10841,XGBoost,0.3768,0.38221487
10842,XGBoost,0.2963,0.22388455
10843,XGBoost,0.1514,0.116824575
10844,XGBoost,0.2605,0.3289408
10845,XGBoost,0.1416,0.1697183
10846,XGBoost,0.0,0.028169742
10847,XGBoost,0.2481,0.102772154
10848,XGBoost,0.4925,0.4354569
10849,XGBoost,0.4123,0.36350217
10850,XGBoost,0.2293,0.19107285
10851,XGBoost,0.1969,0.2358367
10852,XGBoost,0.5025,0.33804163
10853,XGBoost,0.0838,0.16676697
10854,XGBoost,0.103,0.11320843
10855,XGBoost,0.3434,0.25272912
10856,XGBoost,0.2999,0.2611222
10857,XGBoost,-0.2141,0.3713469
10858,XGBoost,0.0386,0.09095652
10859,XGBoost,0.2813,0.27885085
10860,XGBoost,0.3179,0.1538332
10861,XGBoost,0.1665,0.18020828
10862,XGBoost,0.068,0.10463264
10863,XGBoost,0.1639,0.1851733
10864,XGBoost,0.1427,0.1549427
10865,XGBoost,0.352,0.44891337
10866,XGBoost,0.3143,0.33514157
10867,XGBoost,0.4993,0.45964754
10868,XGBoost,0.1926,0.22476712
10869,XGBoost,0.2297,0.19368604
10870,XGBoost,0.0957,0.072110325
10871,XGBoost,0.0873,0.0927916
10872,XGBoost,0.2542,0.24658217
10873,XGBoost,0.3934,0.3230517
10874,XGBoost,0.4205,0.2644212
10875,XGBoost,0.2097,0.16340385
10876,XGBoost,-0.0093,-0.018963622
10877,XGBoost,-0.064,0.10234477
10878,XGBoost,-0.0638,0.21558149
10879,XGBoost,0.5304,0.410439
10880,XGBoost,0.1782,0.18477377
10881,XGBoost,0.0668,0.08609144
10882,XGBoost,-0.0223,0.003279717
10883,XGBoost,0.0224,0.072928764
10884,XGBoost,0.0633,0.06891815
10885,XGBoost,0.1513,0.1540677
10886,XGBoost,0.1875,0.093753345
10887,XGBoost,0.2298,0.26492167
10888,XGBoost,0.5945,0.62209
10889,XGBoost,0.405,0.33051923
10890,XGBoost,0.1843,0.17536329
10891,XGBoost,0.2151,0.20614046
10892,XGBoost,0.4072,0.40660653
10893,XGBoost,1.0229,0.96163946
10894,XGBoost,0.2465,0.32466856
10895,XGBoost,0.3792,0.4092275
10896,XGBoost,0.1214,0.23317708
10897,XGBoost,0.2769,0.27363324
10898,XGBoost,0.4407,0.53308547
10899,XGBoost,0.005,0.17484255
10900,XGBoost,0.136,0.106314346
10901,XGBoost,0.3105,0.29912058
10902,XGBoost,0.205,0.18149422
10903,XGBoost,0.3226,0.25302097
10904,XGBoost,0.2561,0.21995428
10905,XGBoost,0.2626,0.20084685
10906,XGBoost,0.0762,0.17654108
10907,XGBoost,0.3176,0.23224989
10908,XGBoost,0.1217,0.06723062
10909,XGBoost,0.3185,0.34696674
10910,XGBoost,0.3052,0.27805057
10911,XGBoost,0.3909,0.26102796
10912,XGBoost,0.7971,0.85221887
10913,XGBoost,0.299,0.2762943
10914,XGBoost,0.4135,0.38010633
10915,XGBoost,0.0792,0.18179658
10916,XGBoost,0.9226,0.8618506
10917,XGBoost,0.1958,0.21922866
10918,XGBoost,0.1063,0.18132009
10919,XGBoost,0.156,0.21946827
10920,XGBoost,0.5999,0.50880337
10921,XGBoost,0.558,0.4726992
10922,XGBoost,0.2627,0.21042158
10923,XGBoost,0.351,0.34302816
10924,XGBoost,0.1938,0.15649784
10925,XGBoost,0.4099,0.32571575
10926,XGBoost,0.0478,0.095079474
10927,XGBoost,0.0251,0.04337562
10928,XGBoost,0.1263,0.124953814
10929,XGBoost,0.2461,0.27871254
10930,XGBoost,0.3564,0.2526952
10931,XGBoost,0.4621,0.44241437
10932,XGBoost,0.2537,0.22335358
10933,XGBoost,0.3808,0.32022896
10934,XGBoost,0.0143,0.12860644
10935,XGBoost,0.3736,0.3053519
10936,XGBoost,0.2683,0.27020118
10937,XGBoost,0.1603,0.106952064
10938,XGBoost,0.3838,0.4582931
10939,XGBoost,0.2206,0.19237277
10940,XGBoost,0.3103,0.23559512
10941,XGBoost,0.1545,0.3141643
10942,XGBoost,0.2975,0.09021885
10943,XGBoost,0.0213,0.16205639
10944,XGBoost,0.139,0.09590805
10945,XGBoost,-0.1196,-0.112319924
10946,XGBoost,0.427,0.42592847
10947,XGBoost,0.1902,0.24129985
10948,XGBoost,0.088,0.06072197
10949,XGBoost,0.1175,0.15807876
10950,XGBoost,0.2849,0.25254184
10951,XGBoost,0.1405,0.10592956
10952,XGBoost,0.7506,0.7765293
10953,XGBoost,0.3688,0.400696
10954,XGBoost,0.3629,0.3121469
10955,XGBoost,0.3063,0.21761389
10956,XGBoost,0.0852,0.13587616
10957,XGBoost,0.3637,0.24335422
10958,XGBoost,0.0919,0.12876718
10959,XGBoost,0.0236,0.09680526
10960,XGBoost,0.7146,0.71928596
10961,XGBoost,0.173,0.2539738
10962,XGBoost,0.2916,0.23865242
10963,XGBoost,0.586,0.41596866
10964,XGBoost,0.0704,0.05493699
10965,XGBoost,0.3744,0.4303238
10966,XGBoost,0.0507,0.0847349
10967,XGBoost,0.0398,0.06319368
10968,XGBoost,0.1713,0.17537007
10969,XGBoost,0.0504,0.21131662
10970,XGBoost,0.1171,0.047297087
10971,XGBoost,0.0365,0.06435531
10972,XGBoost,0.1831,0.13580354
10973,XGBoost,0.4958,0.5532636
10974,XGBoost,0.3801,0.31347653
10975,XGBoost,0.4758,0.51500314
10976,XGBoost,0.1422,0.22116235
10977,XGBoost,-0.0055,-0.022021268
10978,XGBoost,0.228,0.21846476
10979,XGBoost,0.1197,0.13163294
10980,XGBoost,0.3709,0.26928288
10981,XGBoost,0.4927,0.3887489
10982,XGBoost,0.3543,0.3202389
10983,XGBoost,0.1241,0.17685744
10984,XGBoost,0.7845,0.7047158
10985,XGBoost,0.0084,0.075670645
10986,XGBoost,0.2433,0.20580867
10987,XGBoost,0.3002,0.26799947
10988,XGBoost,-0.045,0.03434495
10989,XGBoost,0.809,0.7729921
10990,XGBoost,-0.1874,-0.14867452
10991,XGBoost,0.0954,0.11587576
10992,XGBoost,0.0649,0.11286222
10993,XGBoost,0.0488,0.0024959326
10994,XGBoost,0.0999,0.11104462
10995,XGBoost,0.4613,0.35096407
10996,XGBoost,0.2215,0.20012844
10997,XGBoost,0.0279,0.11613103
10998,XGBoost,0.0804,0.016468344
10999,XGBoost,0.6824,0.8283127
11000,XGBoost,0.1438,0.1873362
11001,XGBoost,0.3329,0.4386538
11002,XGBoost,-0.1231,-0.117933296
11003,XGBoost,0.4077,0.35945615
11004,XGBoost,0.098,0.05888405
11005,XGBoost,0.1445,0.2583132
11006,XGBoost,0.0494,-0.006656897
11007,XGBoost,0.029,0.15741563
11008,XGBoost,0.4666,0.36000928
11009,XGBoost,0.236,0.23724663
11010,XGBoost,0.2067,0.21034347
11011,XGBoost,0.1138,-0.02742967
11012,XGBoost,0.0908,0.059101906
11013,XGBoost,0.0632,0.0855692
11014,XGBoost,0.2981,0.18760464
11015,XGBoost,0.3582,0.39654535
11016,XGBoost,0.0888,0.14641783
11017,XGBoost,0.0949,0.17143798
11018,XGBoost,0.5858,0.53003836
11019,XGBoost,0.0634,0.16493495
11020,XGBoost,-0.0264,0.07224524
11021,XGBoost,0.1495,0.23701532
11022,XGBoost,-0.1293,0.05552911
11023,XGBoost,0.2242,0.27763003
11024,XGBoost,0.1476,0.16893327
11025,XGBoost,-0.1992,-0.098763555
11026,XGBoost,0.1129,0.12799765
11027,XGBoost,0.0901,0.13390943
11028,XGBoost,0.1168,0.053528033
11029,XGBoost,0.3422,0.23909765
11030,XGBoost,0.3234,0.21936136
11031,XGBoost,0.1595,0.12338297
11032,XGBoost,0.4481,0.43234757
11033,XGBoost,0.0839,0.099824674
11034,XGBoost,0.266,0.16594504
11035,XGBoost,0.3038,0.35406265
11036,XGBoost,0.0618,0.14750297
11037,XGBoost,-0.0563,0.062857896
11038,XGBoost,-0.0696,0.08368694
11039,XGBoost,0.2162,0.15543582
11040,XGBoost,0.3247,0.362545
11041,XGBoost,0.1945,0.18321681
11042,XGBoost,0.195,0.16842501
11043,XGBoost,0.0707,0.1929156
11044,XGBoost,0.0883,0.055759583
11045,XGBoost,0.6459,0.7294118
11046,XGBoost,0.752,0.59102166
11047,XGBoost,0.0805,0.10756081
11048,XGBoost,0.4072,0.1890244
11049,XGBoost,0.1375,0.059366375
11050,XGBoost,0.1063,0.13800624
11051,XGBoost,0.017,0.12279345
11052,XGBoost,0.2834,0.34323847
11053,XGBoost,0.1295,0.17784819
11054,XGBoost,0.1867,0.31628692
11055,XGBoost,0.2553,0.21732754
11056,XGBoost,0.1714,0.15713507
11057,XGBoost,0.0848,0.035827607
11058,XGBoost,0.2484,0.21487153
11059,XGBoost,0.567,0.65158576
11060,XGBoost,0.3208,0.2671379
11061,XGBoost,0.1699,0.16328155
11062,XGBoost,0.0792,0.13531342
11063,XGBoost,-0.0587,0.10283904
11064,XGBoost,0.32,0.3003773
11065,XGBoost,0.0676,0.18297735
11066,XGBoost,0.1869,0.22792937
11067,XGBoost,0.3516,0.3075714
11068,XGBoost,0.2406,0.17933632
11069,XGBoost,0.2365,0.28560948
11070,XGBoost,0.7883,0.48139095
11071,XGBoost,0.0477,0.14080724
11072,XGBoost,-0.0058,0.08093206
11073,XGBoost,0.0904,0.07840383
11074,XGBoost,0.216,0.2417143
11075,XGBoost,0.3624,0.3225124
11076,XGBoost,0.4707,0.5041676
11077,XGBoost,0.4918,0.55169344
11078,XGBoost,0.5266,0.4982557
11079,XGBoost,0.0428,0.21872786
11080,XGBoost,0.0559,0.03887575
11081,XGBoost,0.0011,0.05097255
11082,XGBoost,0.3292,0.2943638
11083,XGBoost,0.6414,0.6129242
11084,XGBoost,0.0649,0.16412295
11085,XGBoost,0.2356,0.17547204
11086,XGBoost,0.2241,0.24744579
11087,XGBoost,-0.0184,0.1160317
11088,XGBoost,0.8583,0.78628165
11089,XGBoost,0.0865,0.08710314
11090,XGBoost,0.2614,0.26818594
11091,XGBoost,0.0702,0.11576433
11092,XGBoost,0.0818,0.2948381
11093,XGBoost,0.1874,0.18606499
11094,XGBoost,0.148,0.061763734
11095,XGBoost,0.5617,0.4619515
11096,XGBoost,-0.1217,-0.058337912
11097,XGBoost,0.3277,0.26479045
11098,XGBoost,0.13,0.018222367
11099,XGBoost,0.0293,0.062154524
11100,XGBoost,0.0576,0.020512154
11101,XGBoost,0.4101,0.3842845
11102,XGBoost,0.4201,0.42560747
11103,XGBoost,0.1497,0.19461864
11104,XGBoost,0.4107,0.5924311
11105,XGBoost,0.6921,0.631204
11106,XGBoost,0.3037,0.2879478
11107,XGBoost,0.319,0.31103596
11108,XGBoost,-0.035,0.043491013
11109,XGBoost,0.1777,0.054198317
11110,XGBoost,-0.0038,0.12047395
11111,XGBoost,0.2415,0.25054583
11112,XGBoost,-0.0784,-0.10686153
11113,XGBoost,-0.1111,-0.017336456
11114,XGBoost,0.1459,0.215101
11115,XGBoost,0.3786,0.38454816
11116,XGBoost,0.3347,0.4174181
11117,XGBoost,0.1828,0.21567443
11118,XGBoost,0.2818,0.2789272
11119,XGBoost,0.0881,0.071135305
11120,XGBoost,0.2557,0.28623226
11121,XGBoost,0.2929,0.2927245
11122,XGBoost,0.1651,0.19891605
11123,XGBoost,0.2267,0.23766075
11124,XGBoost,0.1507,0.19719088
11125,XGBoost,0.2934,0.21365455
11126,XGBoost,0.1462,0.07719515
11127,XGBoost,0.2023,0.15553741
11128,XGBoost,0.1702,0.20276056
11129,XGBoost,0.6418,0.63985825
11130,XGBoost,0.158,0.23283908
11131,XGBoost,0.2057,0.20155472
11132,XGBoost,0.0459,0.18275912
11133,XGBoost,0.6986,0.7395722
11134,XGBoost,0.2051,0.22153488
11135,XGBoost,0.3447,0.38488105
11136,XGBoost,0.0844,0.09870141
11137,XGBoost,0.1006,0.12229065
11138,XGBoost,0.4047,0.15457268
11139,XGBoost,0.0489,0.13700098
11140,XGBoost,0.5458,0.4573934
11141,XGBoost,0.3245,0.27067843
11142,XGBoost,0.1788,0.18021818
11143,XGBoost,0.0417,0.08979692
11144,XGBoost,0.0326,0.23175754
11145,XGBoost,0.3791,0.4476798
11146,XGBoost,0.2594,0.34110326
11147,XGBoost,0.4771,0.49875018
11148,XGBoost,0.192,0.25375196
11149,XGBoost,0.5103,0.4252739
11150,XGBoost,0.3477,0.20642851
11151,XGBoost,0.5277,0.44519934
11152,XGBoost,0.4144,0.41758856
11153,XGBoost,0.2183,0.25711688
11154,XGBoost,0.1394,0.19016936
11155,XGBoost,0.6138,0.5763953
11156,XGBoost,0.2474,0.13320345
11157,XGBoost,0.4536,0.3640524
11158,XGBoost,0.1421,0.1267578
11159,XGBoost,0.2981,0.25754628
11160,XGBoost,0.9825,0.88018155
11161,XGBoost,0.9298,0.8510712
11162,XGBoost,0.6964,0.7653809
11163,XGBoost,0.3255,0.20975068
11164,XGBoost,0.3058,0.2677292
11165,XGBoost,-0.0787,-0.055627227
11166,XGBoost,0.7815,0.73792595
11167,XGBoost,0.5367,0.50947976
11168,XGBoost,0.2829,0.3661069
11169,XGBoost,0.1477,0.21743275
11170,XGBoost,0.2789,0.22354919
11171,XGBoost,0.1075,0.12348683
11172,XGBoost,0.1685,0.18968703
11173,XGBoost,-0.2613,0.53558093
11174,XGBoost,-0.0404,0.059627675
11175,XGBoost,0.3044,0.26896033
11176,XGBoost,0.1926,0.26162305
11177,XGBoost,0.1838,0.29916868
11178,XGBoost,0.4107,0.31887084
11179,XGBoost,0.3862,0.3224265
11180,XGBoost,0.2354,0.24695358
11181,XGBoost,0.2961,0.28162768
11182,XGBoost,0.0942,0.32563874
11183,XGBoost,0.1184,0.061026037
11184,XGBoost,0.0921,0.115082614
11185,XGBoost,0.4291,0.42615324
11186,XGBoost,0.7201,0.6992501
11187,XGBoost,0.5858,0.6127
11188,XGBoost,0.3869,0.34593534
11189,XGBoost,0.6304,0.71137947
11190,XGBoost,0.4408,0.41252846
11191,XGBoost,0.1854,0.1837989
11192,XGBoost,-0.0117,0.13417852
11193,XGBoost,0.7519,0.7156395
11194,XGBoost,0.1042,0.07772196
11195,XGBoost,0.3924,0.31957164
11196,XGBoost,0.431,0.34965923
11197,XGBoost,0.1218,0.28945553
11198,XGBoost,0.3164,0.21550894
11199,XGBoost,0.1226,0.11875712
11200,XGBoost,-0.0902,-0.0658226
11201,XGBoost,0.2505,0.28911853
11202,XGBoost,0.413,0.19733433
11203,XGBoost,0.1704,0.16256832
11204,XGBoost,-0.1821,-0.19480526
11205,XGBoost,0.401,0.36729604
11206,XGBoost,0.5054,0.5166475
11207,XGBoost,0.1048,0.020136358
11208,XGBoost,0.3487,0.34271023
11209,XGBoost,0.0807,0.11418633
11210,XGBoost,0.2676,0.2445645
11211,XGBoost,0.0371,0.18406172
11212,XGBoost,0.3336,0.29742783
11213,XGBoost,0.2569,0.19847056
11214,XGBoost,0.348,0.2468654
11215,XGBoost,0.5071,0.5454513
11216,XGBoost,0.0782,0.11757624
11217,XGBoost,0.4709,0.33422485
11218,XGBoost,-0.0239,0.06682124
11219,XGBoost,0.1928,0.16824958
11220,XGBoost,0.0225,0.17199628
11221,XGBoost,-0.0389,0.0012206662
11222,XGBoost,0.4735,0.53517807
11223,XGBoost,0.1408,0.100438364
11224,XGBoost,0.8831,0.89908445
11225,XGBoost,0.037,0.012105792
11226,XGBoost,0.3199,0.2613373
11227,XGBoost,0.0834,0.16534752
11228,XGBoost,0.2327,0.27699646
11229,XGBoost,0.9058,0.91557914
11230,XGBoost,0.3432,0.39530367
11231,XGBoost,0.5666,0.19078356
11232,XGBoost,0.2939,0.28219262
11233,XGBoost,0.1295,0.21246049
11234,XGBoost,0.0317,-0.04178474
11235,XGBoost,0.3671,0.3435875
11236,XGBoost,0.1248,0.10766833
11237,XGBoost,0.6174,0.5511525
11238,XGBoost,0.0598,0.061594974
11239,XGBoost,0.1877,0.19514978
11240,XGBoost,0.105,0.21313956
11241,XGBoost,0.4395,0.3394302
11242,XGBoost,0.0908,0.15486437
11243,XGBoost,0.3508,0.25837606
11244,XGBoost,0.3978,0.2240925
11245,XGBoost,-0.1665,-0.041005746
11246,XGBoost,0.31,0.20166852
11247,XGBoost,0.4222,0.37718207
11248,XGBoost,0.1232,0.12242962
11249,XGBoost,0.3391,0.26169008
11250,XGBoost,0.549,0.4734166
11251,XGBoost,0.1009,0.065582484
11252,XGBoost,-0.0518,-0.061800353
11253,XGBoost,-0.0276,-0.059447926
11254,XGBoost,0.2821,0.24316768
11255,XGBoost,0.7468,0.7104913
11256,XGBoost,-0.0742,-0.060306504
11257,XGBoost,0.1005,0.17467341
11258,XGBoost,0.1921,0.18008773
11259,XGBoost,0.8607,0.8007922
11260,XGBoost,0.7758,0.65970945
11261,XGBoost,0.2861,0.32611144
11262,XGBoost,0.2767,0.24660963
11263,XGBoost,0.0951,0.08574425
11264,XGBoost,0.5097,0.29657096
11265,XGBoost,0.0357,0.03742686
11266,XGBoost,-0.0165,0.10875653
11267,XGBoost,-0.1478,-0.003907936
11268,XGBoost,0.1299,0.18831328
11269,XGBoost,0.2679,0.31773606
11270,XGBoost,0.0111,0.10321599
11271,XGBoost,-0.0681,0.03477571
11272,XGBoost,0.1707,0.2139345
11273,XGBoost,0.3304,0.29856843
11274,XGBoost,0.3407,0.264816
11275,XGBoost,0.398,0.4299211
11276,XGBoost,0.1057,0.15698232
11277,XGBoost,0.259,0.2630657
11278,XGBoost,0.3918,0.30613506
11279,XGBoost,0.4796,0.44571874
11280,XGBoost,0.0013,0.1601081
11281,XGBoost,0.1598,0.12928441
11282,XGBoost,0.5673,0.51411176
11283,XGBoost,-0.0845,-0.08676842
11284,XGBoost,0.188,0.2038432
11285,XGBoost,0.5427,0.603866
11286,XGBoost,-0.1603,-0.18909433
11287,XGBoost,0.4978,0.47923148
11288,XGBoost,0.1261,0.13730974
11289,XGBoost,1.1149,1.1462224
11290,XGBoost,-0.1663,-0.10298293
11291,XGBoost,-0.0119,-0.06345401
11292,XGBoost,-0.0326,0.09572948
11293,XGBoost,0.3459,0.3346036
11294,XGBoost,0.0157,0.07548161
11295,XGBoost,0.4001,0.43653902
11296,XGBoost,-0.0279,0.020430699
11297,XGBoost,0.4198,0.48856276
11298,XGBoost,0.2493,0.33092606
11299,XGBoost,0.1426,0.083925836
11300,XGBoost,0.0584,0.123100854
11301,XGBoost,0.4356,0.40998948
11302,XGBoost,0.1632,0.16999958
11303,XGBoost,0.3685,0.36267653
11304,XGBoost,0.0774,0.061929684
11305,XGBoost,0.103,0.19813405
11306,XGBoost,0.091,0.07351056
11307,XGBoost,0.4157,0.29336363
11308,XGBoost,0.4915,0.47157
11309,XGBoost,0.3208,0.16903102
11310,XGBoost,-0.0642,0.01333728
11311,XGBoost,0.3818,0.32140806
11312,XGBoost,0.3244,0.28568694
11313,XGBoost,0.3363,0.27981162
11314,XGBoost,0.3247,0.20449468
11315,XGBoost,0.5227,0.35794064
11316,XGBoost,0.0922,0.098253064
11317,XGBoost,-0.0668,0.17969467
11318,XGBoost,0.0966,0.08576335
11319,XGBoost,0.0583,0.13331641
11320,XGBoost,0.6074,0.6487278
11321,XGBoost,0.0248,0.06779343
11322,XGBoost,0.5441,0.47894952
11323,XGBoost,0.3205,0.36153087
11324,XGBoost,0.3632,0.25005427
11325,XGBoost,0.0903,0.11971972
11326,XGBoost,0.3414,0.2911664
11327,XGBoost,0.289,0.2927386
11328,XGBoost,0.1289,0.25305194
11329,XGBoost,0.2957,0.21622749
11330,XGBoost,0.1742,0.1956442
11331,XGBoost,0.3178,0.3254712
11332,XGBoost,0.1158,0.15837465
11333,XGBoost,0.1374,0.18396245
11334,XGBoost,0.159,0.2096433
11335,XGBoost,0.3305,0.14895315
11336,XGBoost,-0.199,-0.044046134
11337,XGBoost,0.5141,0.42270088
11338,XGBoost,-0.0726,0.053877894
11339,XGBoost,0.9068,0.8022316
11340,XGBoost,0.431,0.38128513
11341,XGBoost,0.2753,0.28898662
11342,XGBoost,0.5012,0.40698677
11343,XGBoost,0.1876,0.14181748
11344,XGBoost,0.2049,0.25281805
11345,XGBoost,0.2423,0.17923336
11346,XGBoost,0.0304,0.056879055
11347,XGBoost,0.0448,0.06953366
11348,XGBoost,-0.001,0.0034854952
11349,XGBoost,0.2764,0.25676578
11350,XGBoost,0.2038,0.14529459
11351,XGBoost,0.3635,0.26723617
11352,XGBoost,0.1029,0.070061915
11353,XGBoost,-0.149,-0.08445624
11354,XGBoost,0.2571,0.2709918
11355,XGBoost,0.378,0.3168602
11356,XGBoost,-0.001,0.014147341
11357,XGBoost,0.3118,0.3655572
11358,XGBoost,-0.0163,0.012099645
11359,XGBoost,0.3748,0.41196743
11360,XGBoost,0.4103,0.393366
11361,XGBoost,0.1265,0.18469256
11362,XGBoost,0.1366,0.067109786
11363,XGBoost,0.1944,0.14668262
11364,XGBoost,-0.0655,-0.07418212
11365,XGBoost,0.1574,0.2528851
11366,XGBoost,0.6748,0.67666346
11367,XGBoost,0.3382,0.33884835
11368,XGBoost,0.0865,0.11472043
11369,XGBoost,0.0168,0.25174183
11370,XGBoost,-0.0505,-0.015695624
11371,XGBoost,0.3118,0.21676654
11372,XGBoost,0.4521,0.27646405
11373,XGBoost,0.19,0.19041978
11374,XGBoost,0.2891,0.2322171
11375,XGBoost,0.6117,0.5464041
11376,XGBoost,0.8619,0.790128
11377,XGBoost,-0.1676,-0.13177052
11378,XGBoost,0.1286,0.10782826
11379,XGBoost,0.3544,0.33167985
11380,XGBoost,0.214,0.22458246
11381,XGBoost,0.1411,0.18497
11382,XGBoost,0.0737,0.12090999
11383,XGBoost,0.241,0.18352334
11384,XGBoost,0.0041,0.07292722
11385,XGBoost,0.1638,0.25849763
11386,XGBoost,0.1557,0.21007118
11387,XGBoost,0.6845,0.6139493
11388,XGBoost,0.005,0.048315484
11389,XGBoost,-0.1989,-0.20491377
11390,XGBoost,0.1107,0.15071198
11391,XGBoost,0.2336,0.11526504
11392,XGBoost,0.1182,0.16642284
11393,XGBoost,0.2438,0.17580034
11394,XGBoost,0.355,0.34031337
11395,XGBoost,0.2675,0.2755938
11396,XGBoost,0.6704,0.628102
11397,XGBoost,0.8743,0.91337353
11398,XGBoost,-0.0202,0.21761498
11399,XGBoost,0.7464,0.6370293
11400,XGBoost,-0.0334,-0.058368657
11401,XGBoost,0.6194,0.58230346
11402,XGBoost,0.2175,0.19536895
11403,XGBoost,0.4729,0.37415397
11404,XGBoost,0.2485,0.25172466
11405,XGBoost,0.3097,0.23919149
11406,XGBoost,0.162,0.13808788
11407,XGBoost,0.1052,0.13122086
11408,XGBoost,0.206,0.27307293
11409,XGBoost,0.2191,0.16662379
11410,XGBoost,0.1877,0.15386565
11411,XGBoost,0.006,-0.007613331
11412,XGBoost,0.4585,0.42237815
11413,XGBoost,-0.0777,-0.10259847
11414,XGBoost,0.1722,0.22340086
11415,XGBoost,0.1772,0.18711293
11416,XGBoost,0.022,0.0587097
11417,XGBoost,0.0057,0.018626483
11418,XGBoost,0.6311,0.5981373
11419,XGBoost,0.2829,0.23697796
11420,XGBoost,0.1227,0.19203648
11421,XGBoost,0.1707,0.18056412
11422,XGBoost,0.42,0.42324752
11423,XGBoost,0.0278,0.098943174
11424,XGBoost,0.2645,0.31118488
11425,XGBoost,0.0886,-0.0029025984
11426,XGBoost,0.4786,0.4257034
11427,XGBoost,0.2481,0.30545938
11428,XGBoost,0.9944,1.0168366
11429,XGBoost,0.7653,0.7187839
11430,XGBoost,0.9508,0.7234236
11431,XGBoost,0.1723,0.1554627
11432,XGBoost,0.6396,0.61506605
11433,XGBoost,0.6683,0.7660638
11434,XGBoost,0.0043,0.053263888
11435,XGBoost,-0.0599,0.0023312
11436,XGBoost,0.2165,0.22594143
11437,XGBoost,0.1348,0.14897422
11438,XGBoost,0.3933,0.43568832
11439,XGBoost,0.1752,0.25318542
11440,XGBoost,0.0134,0.014875812
11441,XGBoost,0.5965,0.4932735
11442,XGBoost,0.2806,0.26894766
11443,XGBoost,-0.2259,-0.15697782
11444,XGBoost,0.3369,0.2717597
11445,XGBoost,-0.1075,-0.093659095
11446,XGBoost,0.0716,0.16463102
11447,XGBoost,0.2196,0.26231447
11448,XGBoost,0.5954,0.6088271
11449,XGBoost,0.4503,0.44446084
11450,XGBoost,0.4573,0.44693694
11451,XGBoost,-0.114,-0.089765474
11452,XGBoost,0.4692,0.4226379
11453,XGBoost,0.4236,0.45096093
11454,XGBoost,0.1654,0.20059088
11455,XGBoost,0.5159,0.5013722
11456,XGBoost,-0.0773,-0.07365938
11457,XGBoost,0.2111,0.22387186
11458,XGBoost,0.2347,0.25542152
11459,XGBoost,0.399,0.3435543
11460,XGBoost,0.0505,0.15208912
11461,XGBoost,0.2536,0.2517817
11462,XGBoost,0.1721,0.24841392
11463,XGBoost,0.2293,0.25163487
11464,XGBoost,0.3645,0.32031783
11465,XGBoost,-0.2013,-0.1911349
11466,XGBoost,0.4368,0.3250605
11467,XGBoost,0.5238,0.4487096
11468,XGBoost,0.6141,0.544696
11469,XGBoost,0.0623,0.13136333
11470,XGBoost,-0.0022,-0.011787491
11471,XGBoost,0.0771,0.12588677
11472,XGBoost,0.3603,0.28449154
11473,XGBoost,0.776,0.5864972
11474,XGBoost,0.2837,0.26011783
11475,XGBoost,0.162,0.14901845
11476,XGBoost,0.4903,0.44007087
11477,XGBoost,0.096,0.17333958
11478,XGBoost,-0.0188,0.055740524
11479,XGBoost,0.0193,0.018366916
11480,XGBoost,0.1454,0.15391202
11481,XGBoost,0.2203,0.21898584
11482,XGBoost,0.3782,0.45906752
11483,XGBoost,0.1081,0.06784122
11484,XGBoost,-0.0662,-0.04228946
11485,XGBoost,0.6191,0.6861
11486,XGBoost,-0.0491,-0.0464217
11487,XGBoost,0.1175,0.044899747
11488,XGBoost,0.4576,0.440056
11489,XGBoost,0.2655,0.11355851
11490,XGBoost,0.271,0.25103125
11491,XGBoost,0.2974,0.18818934
11492,XGBoost,0.1548,0.13992773
11493,XGBoost,0.1891,0.23015667
11494,XGBoost,0.8132,0.6780176
11495,XGBoost,0.3302,0.35410625
11496,XGBoost,-0.0447,0.024724254
11497,XGBoost,0.1673,0.13501386
11498,XGBoost,0.2428,0.21419969
11499,XGBoost,0.0579,0.087286875
11500,XGBoost,0.6647,0.66764665
11501,XGBoost,0.051,0.082913585
11502,XGBoost,0.2837,0.25973487
11503,XGBoost,-0.0534,0.048118524
11504,XGBoost,-0.2682,-0.2204078
11505,XGBoost,0.1501,0.17088234
11506,XGBoost,0.2098,0.19069043
11507,XGBoost,0.1311,0.14859189
11508,XGBoost,0.3802,0.35717425
11509,XGBoost,0.5262,0.39586437
11510,XGBoost,0.4179,0.38021007
11511,XGBoost,0.0619,0.10417216
11512,XGBoost,0.1194,0.14605667
11513,XGBoost,0.215,0.19768585
11514,XGBoost,0.0761,0.11379394
11515,XGBoost,0.0706,0.3411993
11516,XGBoost,0.0537,0.03167329
11517,XGBoost,0.1886,0.2544774
11518,XGBoost,0.5257,0.36548316
11519,XGBoost,0.6605,0.684391
11520,XGBoost,0.1618,0.115452394
11521,XGBoost,0.0333,0.08016039
11522,XGBoost,0.1143,0.086651064
11523,XGBoost,0.0272,0.091268696
11524,XGBoost,0.5085,0.4629827
11525,XGBoost,0.3091,0.26581684
11526,XGBoost,0.3816,0.37401563
11527,XGBoost,0.4603,0.4683262
11528,XGBoost,0.157,0.21541129
11529,XGBoost,0.527,0.55180484
11530,XGBoost,0.0384,0.02750564
11531,XGBoost,0.7046,0.60213137
11532,XGBoost,-0.0417,0.09993486
11533,XGBoost,0.2511,0.27250168
11534,XGBoost,0.3258,0.20590797
11535,XGBoost,0.2083,0.2657613
11536,XGBoost,0.2428,0.18811983
11537,XGBoost,0.1319,0.05102325
11538,XGBoost,-0.0217,0.028744077
11539,XGBoost,0.5947,0.45062777
11540,XGBoost,0.3167,0.38339704
11541,XGBoost,0.1356,0.1169196
11542,XGBoost,0.1559,0.27188596
11543,XGBoost,0.37,0.46064475
11544,XGBoost,0.2728,0.21319924
11545,XGBoost,0.0136,0.06735387
11546,XGBoost,-0.0551,0.0059242323
11547,XGBoost,0.2897,0.2739263
11548,XGBoost,0.1699,0.27512056
11549,XGBoost,0.4788,0.46715996
11550,XGBoost,0.2873,0.29093763
11551,XGBoost,0.0919,0.059374817
11552,XGBoost,0.4234,0.38094485
11553,XGBoost,0.4921,0.57002616
11554,XGBoost,0.1038,0.0984397
11555,XGBoost,0.0676,0.10136626
11556,XGBoost,0.1953,0.21943845
11557,XGBoost,0.7143,0.67977464
11558,XGBoost,0.3217,0.30664876
11559,XGBoost,0.0417,0.13941953
11560,XGBoost,0.2364,0.17249909
11561,XGBoost,0.0036,0.07579729
11562,XGBoost,0.7117,0.70399874
11563,XGBoost,0.1059,0.024900777
11564,XGBoost,-0.0234,0.05330879
11565,XGBoost,0.3358,0.32443902
11566,XGBoost,0.2895,0.33110383
11567,XGBoost,0.4581,0.38811046
11568,XGBoost,0.065,0.06096108
11569,XGBoost,0.114,0.16476576
11570,XGBoost,0.048,0.12416496
11571,XGBoost,0.1708,0.17111902
11572,XGBoost,0.1106,0.058924645
11573,XGBoost,0.529,0.41014215
11574,XGBoost,0.0318,0.031950522
11575,XGBoost,0.3154,0.29961345
11576,XGBoost,0.1019,0.13656193
11577,XGBoost,0.1684,0.103380576
11578,XGBoost,0.3117,0.2801864
11579,XGBoost,0.2291,0.26776546
11580,XGBoost,0.6071,0.36420104
11581,XGBoost,0.1696,0.20706297
11582,XGBoost,0.2293,0.21895134
11583,XGBoost,0.1625,0.16860715
11584,XGBoost,0.4524,0.42312288
11585,XGBoost,0.1709,0.23691083
11586,XGBoost,-0.1447,-0.13330728
11587,XGBoost,0.1709,0.15781477
11588,XGBoost,0.113,0.13837424
11589,XGBoost,0.1158,0.06476661
11590,XGBoost,0.467,0.3947401
11591,XGBoost,0.2428,0.18427445
11592,XGBoost,0.7755,0.5611966
11593,XGBoost,0.3484,0.3106511
11594,XGBoost,0.9593,0.9622404
11595,XGBoost,0.0991,0.07583946
11596,XGBoost,0.303,0.22833024
11597,XGBoost,0.4121,0.30935487
11598,XGBoost,0.0886,0.08464534
11599,XGBoost,0.2694,0.2092656
11600,XGBoost,0.125,0.11255115
11601,XGBoost,0.0156,0.031379353
11602,XGBoost,0.1642,0.30783188
11603,XGBoost,0.2791,0.27924725
11604,XGBoost,0.0876,0.109607026
11605,XGBoost,0.2815,0.18364705
11606,XGBoost,0.0485,0.17561032
11607,XGBoost,0.3775,0.31220776
11608,XGBoost,0.1896,0.21474719
11609,XGBoost,-0.0798,-0.085386686
11610,XGBoost,0.9095,0.934746
11611,XGBoost,0.0975,0.10575037
11612,XGBoost,0.1048,0.08703603
11613,XGBoost,0.1603,0.18242522
11614,XGBoost,0.1898,0.16636202
11615,XGBoost,0.3441,0.3865266
11616,XGBoost,0.1022,0.023320088
11617,XGBoost,0.6464,0.6893184
11618,XGBoost,0.3675,0.33622545
11619,XGBoost,0.1349,0.07310148
11620,XGBoost,0.216,0.23304887
11621,XGBoost,0.475,0.35695794
11622,XGBoost,0.3702,0.28660184
11623,XGBoost,0.3929,0.27530295
11624,XGBoost,0.0533,0.10680229
11625,XGBoost,0.5746,0.41182762
11626,XGBoost,0.17,0.23064391
11627,XGBoost,0.2161,0.27297026
11628,XGBoost,0.0725,0.09371762
11629,XGBoost,0.003,0.033081654
11630,XGBoost,0.319,0.34244528
11631,XGBoost,0.1522,0.00020679524
11632,XGBoost,0.4052,0.3623395
11633,XGBoost,0.0293,0.057104293
11634,XGBoost,0.3751,0.26252434
11635,XGBoost,0.3787,0.2643736
11636,XGBoost,-0.1232,-0.017344285
11637,XGBoost,0.1062,0.1142618
11638,XGBoost,-0.0854,0.07866453
11639,XGBoost,0.2235,0.25897554
11640,XGBoost,0.3085,0.2849532
11641,XGBoost,0.2658,0.21051972
11642,XGBoost,0.4202,0.3066128
11643,XGBoost,0.2486,0.17745176
11644,XGBoost,-0.1036,0.2115249
11645,XGBoost,0.0603,0.042877603
11646,XGBoost,0.0417,0.043125402
11647,XGBoost,0.1595,0.0977865
11648,XGBoost,0.1782,0.19456543
11649,XGBoost,0.153,0.1531227
11650,XGBoost,0.149,0.24912865
11651,XGBoost,0.0873,0.11543322
11652,XGBoost,0.0858,0.12210685
11653,XGBoost,0.2409,0.18378732
11654,XGBoost,-0.0398,0.047176138
11655,XGBoost,0.3925,0.27475828
11656,XGBoost,0.2143,0.23044711
11657,XGBoost,-0.1957,-0.23441455
11658,XGBoost,0.0472,0.075299315
11659,XGBoost,0.6488,0.6850161
11660,XGBoost,0.0998,0.16745059
11661,XGBoost,0.2083,0.23796031
11662,XGBoost,0.6853,0.58245003
11663,XGBoost,0.4074,0.33595365
11664,XGBoost,0.4462,0.32984293
11665,XGBoost,0.0999,0.091113724
11666,XGBoost,0.2391,0.19506031
11667,XGBoost,0.2243,0.14963296
11668,XGBoost,0.3835,0.3605043
11669,XGBoost,0.1917,0.17748538
11670,XGBoost,0.4574,0.3268922
11671,XGBoost,0.8432,0.7568061
11672,XGBoost,0.4905,0.394852
11673,XGBoost,0.0273,0.006729665
11674,XGBoost,0.1601,0.2728371
11675,XGBoost,0.3144,0.28063342
11676,XGBoost,0.3617,0.2985235
11677,XGBoost,0.1558,0.23244359
11678,XGBoost,0.0412,0.084060706
11679,XGBoost,0.3156,0.23585862
11680,XGBoost,0.1165,0.03331301
11681,XGBoost,-0.1168,-0.08741511
11682,XGBoost,0.1257,0.11069502
11683,XGBoost,0.3255,0.13045773
11684,XGBoost,0.3503,0.33386725
11685,XGBoost,0.6876,0.5316652
11686,XGBoost,-0.0813,-0.00027529764
11687,XGBoost,0.0711,0.021017674
11688,XGBoost,0.7033,0.6158648
11689,XGBoost,0.0917,0.0834523
11690,XGBoost,0.8238,0.8204799
11691,XGBoost,0.3047,0.4016242
11692,XGBoost,0.1768,0.118161686
11693,XGBoost,0.3666,0.39373213
11694,XGBoost,0.3013,0.12960292
11695,XGBoost,0.1511,0.16164069
11696,XGBoost,-0.0287,0.060572267
11697,XGBoost,0.3471,0.3574783
11698,XGBoost,0.321,0.28319913
11699,XGBoost,0.0147,0.119332515
11700,XGBoost,0.4653,0.37955362
11701,XGBoost,0.1572,0.15242898
11702,XGBoost,0.0295,0.053547464
11703,XGBoost,-0.159,0.028736493
11704,XGBoost,0.5776,0.6016307
11705,XGBoost,0.0433,0.030356927
11706,XGBoost,0.3461,0.41255465
11707,XGBoost,0.0217,0.04889808
11708,XGBoost,0.2392,0.20918012
11709,XGBoost,0.2279,0.30957916
11710,XGBoost,0.2365,0.36677
11711,XGBoost,0.2869,0.20331918
11712,XGBoost,0.005,0.10595391
11713,XGBoost,0.2857,0.2885194
11714,XGBoost,0.4109,0.32985008
11715,XGBoost,0.0718,0.2628511
11716,XGBoost,-0.0082,0.06349209
11717,XGBoost,0.4885,0.48746744
11718,XGBoost,0.2314,0.20101006
11719,XGBoost,0.0997,0.067048036
11720,XGBoost,0.4104,0.21758103
11721,XGBoost,-0.0849,-0.008247826
11722,XGBoost,0.5418,0.59667015
11723,XGBoost,0.1985,0.15494496
11724,XGBoost,-0.023,-0.060971823
11725,XGBoost,0.2228,0.15449254
11726,XGBoost,0.4315,0.45090133
11727,XGBoost,0.3684,0.36761904
11728,XGBoost,-0.0106,0.2690164
11729,XGBoost,0.0958,0.13967387
11730,XGBoost,0.4557,0.5236201
11731,XGBoost,0.593,0.7620147
11732,XGBoost,0.251,0.22578278
11733,XGBoost,0.2243,0.25295874
11734,XGBoost,0.0353,0.05818498
11735,XGBoost,0.0268,0.117482804
11736,XGBoost,0.0337,0.09078683
11737,XGBoost,0.0592,-0.023774551
11738,XGBoost,0.1011,0.10872915
11739,XGBoost,0.0995,0.03985306
11740,XGBoost,0.365,0.44064844
11741,XGBoost,0.1736,0.16201963
11742,XGBoost,0.0602,0.07388385
11743,XGBoost,0.0903,0.14159147
11744,XGBoost,-0.0102,-0.037494726
11745,XGBoost,0.3178,0.2976614
11746,XGBoost,0.512,0.5356709
11747,XGBoost,0.1552,0.3067369
11748,XGBoost,0.4109,0.39215794
11749,XGBoost,0.7805,0.80238163
11750,XGBoost,0.4164,0.40218374
11751,XGBoost,0.0548,0.25240633
11752,XGBoost,0.0408,0.1412992
11753,XGBoost,0.1394,0.15345113
11754,XGBoost,0.2527,0.27782822
11755,XGBoost,0.0668,0.10160161
11756,XGBoost,0.7044,0.60176736
11757,XGBoost,0.1543,0.17893918
11758,XGBoost,-0.046,-0.028874356
11759,XGBoost,0.0436,0.16566217
11760,XGBoost,0.0826,0.07258568
11761,XGBoost,0.1611,0.14751574
11762,XGBoost,0.0491,0.060712717
11763,XGBoost,0.0986,0.16878343
11764,XGBoost,0.1751,0.14587727
11765,XGBoost,-0.0325,-0.009465437
11766,XGBoost,0.312,0.19321346
11767,XGBoost,0.3171,0.24935414
11768,XGBoost,-0.0001,0.12873381
11769,XGBoost,0.3182,0.19193651
11770,XGBoost,0.7026,0.679622
11771,XGBoost,0.0734,0.1398313
11772,XGBoost,0.9063,0.94565046
11773,XGBoost,-0.0336,-0.024246657
11774,XGBoost,0.5062,0.26388004
11775,XGBoost,0.3705,0.24411662
11776,XGBoost,0.3183,0.21751782
11777,XGBoost,0.1873,0.19986199
11778,XGBoost,0.3317,0.28036165
11779,XGBoost,0.0357,0.064031176
11780,XGBoost,-0.1047,-0.011846624
11781,XGBoost,0.1237,0.17610504
11782,XGBoost,1.0423,0.89588946
11783,XGBoost,0.9443,0.9293984
11784,XGBoost,0.7544,0.72606486
11785,XGBoost,0.5172,0.5137613
11786,XGBoost,0.1602,0.16762826
11787,XGBoost,0.116,0.21846674
11788,XGBoost,0.4788,0.24645025
11789,XGBoost,0.1521,0.18225095
11790,XGBoost,0.3555,0.41241747
11791,XGBoost,-0.1877,-0.32409292
11792,XGBoost,0.1146,0.19840258
11793,XGBoost,0.6791,0.53955626
11794,XGBoost,0.2011,0.2440148
11795,XGBoost,0.2658,0.22201005
11796,XGBoost,0.3303,0.33614522
11797,XGBoost,0.2502,0.19104199
11798,XGBoost,0.3003,0.20928916
11799,XGBoost,0.1146,0.059134338
11800,XGBoost,0.3595,0.28406644
11801,XGBoost,0.1464,0.2805823
11802,XGBoost,0.0922,0.205167
11803,XGBoost,0.7619,0.7951956
11804,XGBoost,0.0861,0.21131697
11805,XGBoost,0.306,0.2670615
11806,XGBoost,0.062,0.020955656
11807,XGBoost,0.183,0.14096195
11808,XGBoost,0.2923,0.14105652
11809,XGBoost,0.608,0.62588865
11810,XGBoost,0.2762,0.31681353
11811,XGBoost,0.5089,0.33161217
11812,XGBoost,0.2848,0.19280256
11813,XGBoost,0.4641,0.39886424
11814,XGBoost,0.0877,0.14613369
11815,XGBoost,0.233,0.21623284
11816,XGBoost,0.2356,0.21841449
11817,XGBoost,0.2723,0.31374088
11818,XGBoost,0.0371,0.053202204
11819,XGBoost,0.0948,0.17011087
11820,XGBoost,0.1558,0.10722137
11821,XGBoost,0.2235,0.10138857
11822,XGBoost,0.0767,0.028534658
11823,XGBoost,0.1009,0.097853355
11824,XGBoost,0.0842,0.09141738
11825,XGBoost,0.2114,0.15056197
11826,XGBoost,0.4335,0.37446663
11827,XGBoost,0.3325,0.29090703
11828,XGBoost,0.9521,0.8969662
11829,XGBoost,0.0018,0.07492741
11830,XGBoost,0.1956,0.16268025
11831,XGBoost,0.1691,0.13388345
11832,XGBoost,-0.0383,-0.036384773
11833,XGBoost,0.037,0.05473145
11834,XGBoost,0.2242,0.1427544
11835,XGBoost,0.1952,0.17911348
11836,XGBoost,0.465,0.26795107
11837,XGBoost,0.7616,0.70040077
11838,XGBoost,0.534,0.46469375
11839,XGBoost,0.2078,0.25085518
11840,XGBoost,0.0984,0.104212314
11841,XGBoost,0.5467,0.14430207
11842,XGBoost,0.7601,0.70551425
11843,XGBoost,0.2498,0.24910006
11844,XGBoost,0.1477,0.25830942
11845,XGBoost,0.0578,0.11469123
11846,XGBoost,0.1773,0.14200725
11847,XGBoost,0.1059,0.11193761
11848,XGBoost,0.9553,0.6327107
11849,XGBoost,0.2169,0.19953614
11850,XGBoost,0.4745,0.5127091
11851,XGBoost,-0.0708,-0.0780656
11852,XGBoost,0.2137,0.34253016
11853,XGBoost,-0.0833,0.13072857
11854,XGBoost,0.2997,0.29110986
11855,XGBoost,0.1491,0.21496847
11856,XGBoost,0.507,0.50471586
11857,XGBoost,0.0628,0.07980986
11858,XGBoost,-0.2071,-0.19522409
11859,XGBoost,0.0451,0.029952332
11860,XGBoost,0.295,0.24359886
11861,XGBoost,-0.0022,0.024181703
11862,XGBoost,0.0125,0.05140596
11863,XGBoost,0.2333,0.2480602
11864,XGBoost,0.0809,0.2056554
11865,XGBoost,0.2365,0.15137751
11866,XGBoost,0.108,0.004592622
11867,XGBoost,0.3838,0.32819518
11868,XGBoost,0.4012,0.33145967
11869,XGBoost,0.5127,0.5258629
11870,XGBoost,0.127,0.13992773
11871,XGBoost,0.0713,0.23874119
11872,XGBoost,-0.0928,0.010445938
11873,XGBoost,0.1757,0.081587814
11874,XGBoost,0.1351,0.102106944
11875,XGBoost,0.9771,0.41011497
11876,XGBoost,0.1313,0.11791999
11877,XGBoost,0.2147,0.13531153
11878,XGBoost,0.2093,0.28921655
11879,XGBoost,0.4627,0.38939348
11880,XGBoost,-0.1959,-0.22141598
11881,XGBoost,-0.1146,-0.12140007
11882,XGBoost,0.5569,0.51265746
11883,XGBoost,0.7598,0.7045529
11884,XGBoost,0.137,0.16339703
11885,XGBoost,0.1325,0.2008716
11886,XGBoost,0.1731,0.18380728
11887,XGBoost,-0.1352,-0.10491424
11888,XGBoost,0.3547,0.27103227
11889,XGBoost,0.727,0.7085971
11890,XGBoost,0.3951,0.34435895
11891,XGBoost,0.3512,0.30105424
11892,XGBoost,0.5255,0.49737185
11893,XGBoost,0.2186,0.18985099
11894,XGBoost,0.3345,0.37456268
11895,XGBoost,-0.0339,0.033891242
11896,XGBoost,0.1597,0.11567171
11897,XGBoost,0.2647,0.21716456
11898,XGBoost,0.2557,0.22084025
11899,XGBoost,0.0686,0.03468287
11900,XGBoost,0.1508,0.12300577
11901,XGBoost,0.1913,0.21887037
11902,XGBoost,0.3069,0.311973
11903,XGBoost,0.0586,0.0659637
11904,XGBoost,0.0413,0.041846503
11905,XGBoost,0.7071,0.7071965
11906,XGBoost,0.6158,0.5678343
11907,XGBoost,0.0511,0.07135289
11908,XGBoost,0.153,0.12416837
11909,XGBoost,0.3946,0.3017399
11910,XGBoost,0.1342,0.2218597
11911,XGBoost,0.3712,0.3520224
11912,XGBoost,0.1076,0.024961747
11913,XGBoost,0.3683,0.35233292
11914,XGBoost,0.3326,0.24269451
11915,XGBoost,0.2097,0.22344162
11916,XGBoost,0.3543,0.38275242
11917,XGBoost,-0.0182,0.04448713
11918,XGBoost,0.314,0.29131252
11919,XGBoost,0.26,0.111275636
11920,XGBoost,0.0417,0.039138176
11921,XGBoost,0.9621,0.8319804
11922,XGBoost,0.1104,0.16181172
11923,XGBoost,0.0868,0.07317521
11924,XGBoost,0.2733,0.1692602
11925,XGBoost,0.1143,0.14173561
11926,XGBoost,0.2761,0.25169483
11927,XGBoost,-0.0071,0.08238535
11928,XGBoost,-0.0521,0.06373504
11929,XGBoost,0.0374,0.055196658
11930,XGBoost,0.0691,0.12211273
11931,XGBoost,0.3538,0.3080368
11932,XGBoost,0.0748,0.13246217
11933,XGBoost,0.3632,0.26055777
11934,XGBoost,0.4813,0.38254982
11935,XGBoost,0.03,0.094596975
11936,XGBoost,0.343,0.28408897
11937,XGBoost,0.0804,0.16659352
11938,XGBoost,0.5401,0.5606004
11939,XGBoost,0.0466,0.1066404
11940,XGBoost,-0.1724,0.012547652
11941,XGBoost,0.5453,0.44352815
11942,XGBoost,0.8049,0.7138692
11943,XGBoost,0.0429,0.055953354
11944,XGBoost,0.2047,0.12830372
11945,XGBoost,0.0531,0.09583649
11946,XGBoost,0.1167,0.18629895
11947,XGBoost,0.3222,0.22047903
11948,XGBoost,0.8294,0.79152054
11949,XGBoost,0.3726,0.2379976
11950,XGBoost,0.077,0.076449424
11951,XGBoost,0.0653,0.10106166
11952,XGBoost,0.3871,0.33764812
11953,XGBoost,0.3854,0.262265
11954,XGBoost,0.3677,0.38430834
11955,XGBoost,0.1539,0.20500836
11956,XGBoost,0.0157,0.046935223
11957,XGBoost,0.0494,0.053436067
11958,XGBoost,0.3474,0.36114353
11959,XGBoost,-0.0826,0.06004354
11960,XGBoost,0.3704,0.31343764
11961,XGBoost,0.2125,0.19806765
11962,XGBoost,0.0805,0.091884315
11963,XGBoost,0.2033,0.32376733
11964,XGBoost,0.0865,0.074270815
11965,XGBoost,0.0505,0.13347623
11966,XGBoost,0.0158,0.01846859
11967,XGBoost,0.2868,0.23691407
11968,XGBoost,0.5765,0.5465945
11969,XGBoost,0.4482,0.3166414
11970,XGBoost,0.1104,0.22193582
11971,XGBoost,0.0525,0.0062081516
11972,XGBoost,0.257,0.21327262
11973,XGBoost,-0.0257,0.18129948
11974,XGBoost,0.4437,0.4553103
11975,XGBoost,0.0862,0.15401141
11976,XGBoost,-0.0631,0.09094593
11977,XGBoost,0.1411,0.095428295
11978,XGBoost,0.2443,0.23162945
11979,XGBoost,0.1559,0.1536198
11980,XGBoost,0.0694,0.22021438
11981,XGBoost,0.1802,0.19283275
11982,XGBoost,0.1957,0.2077842
11983,XGBoost,0.6495,0.5733426
11984,XGBoost,0.0289,0.08381673
11985,XGBoost,-0.0381,-0.059658363
11986,XGBoost,0.7517,0.74970365
11987,XGBoost,0.1402,0.07846251
11988,XGBoost,0.1915,0.08981182
11989,XGBoost,0.1314,0.13695198
11990,XGBoost,0.6158,0.60697985
11991,XGBoost,0.1766,0.14180817
11992,XGBoost,0.3239,0.23741545
11993,XGBoost,0.4011,0.33202147
11994,XGBoost,0.3023,0.1674975
11995,XGBoost,0.0257,0.12481808
11996,XGBoost,0.1641,0.17760152
11997,XGBoost,0.1688,0.111147575
11998,XGBoost,0.1972,0.15173118
11999,XGBoost,0.3209,0.2526316
12000,XGBoost,0.0824,0.14673474
12001,XGBoost,-0.2574,-0.4056594
12002,XGBoost,0.2357,0.36811975
12003,XGBoost,-0.0537,0.0028559437
12004,XGBoost,0.1384,0.2877064
12005,XGBoost,0.2704,0.2846602
12006,XGBoost,0.0492,0.07391347
12007,XGBoost,0.4292,0.4569162
12008,XGBoost,0.0561,0.0891553
12009,XGBoost,0.422,0.43316987
12010,XGBoost,0.1621,0.16823892
12011,XGBoost,0.4694,0.47864828
12012,XGBoost,0.6701,0.6523396
12013,XGBoost,0.2897,0.21538311
12014,XGBoost,0.0851,0.037813246
12015,XGBoost,0.444,0.49774006
12016,XGBoost,0.1751,0.3224265
12017,XGBoost,0.2739,0.21709669
12018,XGBoost,0.2062,0.18430004
12019,XGBoost,0.3186,0.2861682
12020,XGBoost,0.4658,0.27674973
12021,XGBoost,0.1108,0.24727371
12022,XGBoost,0.3058,0.28039765
12023,XGBoost,0.0073,0.003282639
12024,XGBoost,0.1669,0.15940148
12025,XGBoost,0.1436,0.13350901
12026,XGBoost,0.1688,0.13930006
12027,XGBoost,0.5488,0.46826947
12028,XGBoost,0.1483,0.25239566
12029,XGBoost,0.1801,0.18284738
12030,XGBoost,0.2856,0.24630558
12031,XGBoost,0.1723,0.115992814
12032,XGBoost,-0.003,0.2205723
12033,XGBoost,0.0877,0.055350702
12034,XGBoost,0.5325,0.26068974
12035,XGBoost,0.4467,0.43642738
12036,XGBoost,0.2161,0.27719644
12037,XGBoost,0.0731,0.012668529
12038,XGBoost,0.324,0.3336518
12039,XGBoost,0.5059,0.45869818
12040,XGBoost,0.3098,0.27742618
12041,XGBoost,0.6702,0.56902266
12042,XGBoost,0.4454,0.38579485
12043,XGBoost,0.482,0.25769106
12044,XGBoost,0.1827,0.2357584
12045,XGBoost,0.2382,0.26863402
12046,XGBoost,0.062,0.08102714
12047,XGBoost,0.0764,0.23097427
12048,XGBoost,0.9909,0.8723877
12049,XGBoost,0.0017,0.051177345
12050,XGBoost,0.0725,0.14074652
12051,XGBoost,0.6986,0.57168376
12052,XGBoost,0.1026,0.18467173
12053,XGBoost,0.2602,0.36058122
12054,XGBoost,0.1597,0.23749481
12055,XGBoost,0.0999,0.11115358
12056,XGBoost,0.105,0.0758945
12057,XGBoost,0.1339,0.27766207
12058,XGBoost,0.7248,0.70121807
12059,XGBoost,0.3623,0.28534228
12060,XGBoost,-0.0926,0.04331326
12061,XGBoost,0.5097,0.4508731
12062,XGBoost,0.6611,0.62748104
12063,XGBoost,0.1565,0.13064525
12064,XGBoost,0.2494,0.19691776
12065,XGBoost,0.4328,0.29350442
12066,XGBoost,0.0906,0.22037993
12067,XGBoost,0.2333,0.22751647
12068,XGBoost,0.4523,0.5201467
12069,XGBoost,0.4513,0.4015849
12070,XGBoost,-0.0806,0.12162663
12071,XGBoost,0.2082,0.29000032
12072,XGBoost,0.0444,0.14203231
12073,XGBoost,0.0515,0.22938655
12074,XGBoost,0.1515,0.20969512
12075,XGBoost,0.1362,0.17567149
12076,XGBoost,0.2108,0.14258513
12077,XGBoost,0.5363,0.34546623
12078,XGBoost,-0.0176,0.023573566
12079,XGBoost,-0.0186,0.008818751
12080,XGBoost,0.232,0.31208777
12081,XGBoost,0.1942,0.08560206
12082,XGBoost,-0.0013,0.12148399
12083,XGBoost,0.7549,0.7217011
12084,XGBoost,0.3891,0.35095572
12085,XGBoost,-0.041,-0.13367586
12086,XGBoost,0.3095,0.27359995
12087,XGBoost,0.1665,0.22516525
12088,XGBoost,0.5498,0.51047194
12089,XGBoost,0.0528,0.040164046
12090,XGBoost,0.1209,0.1994398
12091,XGBoost,0.9988,0.99829215
12092,XGBoost,0.3377,0.19468956
12093,XGBoost,0.1862,0.16058052
12094,XGBoost,0.0614,0.13952364
12095,XGBoost,0.3948,0.38218644
12096,XGBoost,0.6397,0.4960173
12097,XGBoost,0.321,0.2514448
12098,XGBoost,0.6869,0.753936
12099,XGBoost,0.4119,0.438999
12100,XGBoost,0.4386,0.44265902
12101,XGBoost,-0.0079,0.21069069
12102,XGBoost,0.0023,0.027926348
12103,XGBoost,0.1769,0.20204325
12104,XGBoost,0.356,0.2651697
12105,XGBoost,0.4449,0.37137467
12106,XGBoost,0.1678,0.15179475
12107,XGBoost,0.1169,0.15706031
12108,XGBoost,0.4938,0.5439732
12109,XGBoost,0.6969,0.69100916
12110,XGBoost,0.1261,0.1477188
12111,XGBoost,0.4533,0.40325806
12112,XGBoost,0.0178,-0.008234595
12113,XGBoost,0.5146,0.5173671
12114,XGBoost,0.2465,0.24479192
12115,XGBoost,0.2617,0.2425854
12116,XGBoost,0.1071,0.18313082
12117,XGBoost,0.0194,0.031898484
12118,XGBoost,-0.0767,-0.03564002
12119,XGBoost,0.3278,0.28802422
12120,XGBoost,0.3123,0.227347
12121,XGBoost,0.245,0.22636156
12122,XGBoost,0.0665,0.04572273
12123,XGBoost,-0.0257,0.028497722
12124,XGBoost,0.0631,0.057421852
12125,XGBoost,0.3602,0.4569066
12126,XGBoost,0.0649,0.069267936
12127,XGBoost,0.3413,0.21944913
12128,XGBoost,0.2721,0.3340143
12129,XGBoost,0.1052,0.22812709
12130,XGBoost,0.1647,0.22561933
12131,XGBoost,0.0129,0.032527186
12132,XGBoost,0.0821,0.09399023
12133,XGBoost,0.9447,0.80377525
12134,XGBoost,0.3237,0.31997678
12135,XGBoost,0.2409,0.24404345
12136,XGBoost,-0.0645,-0.014997908
12137,XGBoost,0.1196,0.2818045
12138,XGBoost,-0.0008,0.067687586
12139,XGBoost,0.1626,0.108922996
12140,XGBoost,0.2777,0.20592566
12141,XGBoost,0.1176,0.10691881
12142,XGBoost,0.0325,0.027715083
12143,XGBoost,0.1183,0.1279236
12144,XGBoost,0.0764,-0.013291442
12145,XGBoost,0.0641,0.0937966
12146,XGBoost,0.0812,0.21612933
12147,XGBoost,0.1039,0.13731419
12148,XGBoost,0.2007,0.23323302
12149,XGBoost,0.5081,0.42196897
12150,XGBoost,0.642,0.63624
12151,XGBoost,0.0237,0.14471473
12152,XGBoost,0.0803,0.0652074
12153,XGBoost,0.2485,0.23476587
12154,XGBoost,0.0893,0.18730144
12155,XGBoost,0.0782,0.027088745
12156,XGBoost,0.3216,0.2290736
12157,XGBoost,0.2341,0.20666905
12158,XGBoost,0.0152,0.038025405
12159,XGBoost,0.3037,0.2691619
12160,XGBoost,-0.0442,-0.095270686
12161,XGBoost,0.3209,0.3482217
12162,XGBoost,0.128,0.13192683
12163,XGBoost,0.1038,0.18903913
12164,XGBoost,0.1089,0.13691574
12165,XGBoost,0.1399,0.07097042
12166,XGBoost,0.6823,0.6790338
12167,XGBoost,0.7385,0.6831638
12168,XGBoost,0.3429,0.24932078
12169,XGBoost,0.2529,0.17280738
12170,XGBoost,0.3689,0.3172818
12171,XGBoost,0.5257,0.4250235
12172,XGBoost,0.0012,-0.005735479
12173,XGBoost,0.8678,0.7232136
12174,XGBoost,0.1774,0.2185417
12175,XGBoost,0.2203,0.20584026
12176,XGBoost,-0.0972,-0.1009161
12177,XGBoost,0.3152,0.33065528
12178,XGBoost,0.1818,0.15693215
12179,XGBoost,0.5364,0.5262049
12180,XGBoost,0.7901,0.75069964
12181,XGBoost,0.0785,0.19869938
12182,XGBoost,0.1997,0.21881913
12183,XGBoost,0.2815,0.2671712
12184,XGBoost,0.2452,0.14667054
12185,XGBoost,0.1275,0.07480149
12186,XGBoost,0.3963,0.2903485
12187,XGBoost,0.089,0.1080178
12188,XGBoost,0.0624,0.16057356
12189,XGBoost,0.0776,0.13635279
12190,XGBoost,0.3946,0.4314271
12191,XGBoost,0.403,0.46778667
12192,XGBoost,0.0627,0.11543702
12193,XGBoost,-0.0737,-0.014112656
12194,XGBoost,0.8804,0.9890646
12195,XGBoost,0.298,0.24628454
12196,XGBoost,-0.0083,0.010491529
12197,XGBoost,0.1106,0.12813495
12198,XGBoost,0.4197,0.43843782
12199,XGBoost,-0.021,0.06403102
12200,XGBoost,0.191,0.11564044
12201,XGBoost,-0.0004,0.09172572
12202,XGBoost,0.1601,0.15837874
12203,XGBoost,0.0154,0.035018995
12204,XGBoost,0.0235,0.0017613285
12205,XGBoost,0.7121,0.6312749
12206,XGBoost,0.6052,0.46067816
12207,XGBoost,0.3601,0.27655813
12208,XGBoost,0.3501,0.36472687
12209,XGBoost,0.4112,0.3790278
12210,XGBoost,0.1825,0.18280959
12211,XGBoost,0.4484,0.34480092
12212,XGBoost,0.234,0.19812538
12213,XGBoost,0.2976,0.24941857
12214,XGBoost,0.2147,0.10697367
12215,XGBoost,0.439,0.41013774
12216,XGBoost,0.1585,0.1844313
12217,XGBoost,0.2821,0.29494348
12218,XGBoost,0.1454,0.104607575
12219,XGBoost,0.4025,0.3060249
12220,XGBoost,0.3501,0.27047673
12221,XGBoost,-0.0383,0.17599596
12222,XGBoost,0.1922,0.16527317
12223,XGBoost,0.2171,0.20803675
12224,XGBoost,0.5988,0.67177564
12225,XGBoost,0.0137,0.13663328
12226,XGBoost,0.4819,0.43401152
12227,XGBoost,0.0926,0.08263522
12228,XGBoost,0.1254,0.08618164
12229,XGBoost,0.8625,0.8012231
12230,XGBoost,0.1567,0.07103761
12231,XGBoost,0.6133,0.60224414
12232,XGBoost,0.0246,-0.03526898
12233,XGBoost,0.1009,0.11242023
12234,XGBoost,0.4123,0.41326138
12235,XGBoost,0.3014,0.2089852
12236,XGBoost,0.3082,0.20873176
12237,XGBoost,0.8376,0.85383743
12238,XGBoost,0.1774,0.14296933
12239,XGBoost,0.6211,0.54748636
12240,XGBoost,0.2409,0.19501121
12241,XGBoost,-0.0716,0.007975645
12242,XGBoost,-0.0724,0.121357836
12243,XGBoost,0.3842,0.24747483
12244,XGBoost,0.3266,0.27762675
12245,XGBoost,0.0744,0.12748547
12246,XGBoost,0.6124,0.58665144
12247,XGBoost,0.1175,0.0918735
12248,XGBoost,0.1588,0.19343504
12249,XGBoost,-0.1069,-0.051497888
12250,XGBoost,0.0678,0.010212766
12251,XGBoost,-0.0896,-0.12543422
12252,XGBoost,0.7713,0.750986
12253,XGBoost,0.0351,0.14401641
12254,XGBoost,0.1707,0.14116283
12255,XGBoost,0.2714,0.24423787
12256,XGBoost,0.0278,0.0586065
12257,XGBoost,0.0846,0.14322689
12258,XGBoost,-0.0503,-0.0076183057
12259,XGBoost,-0.0389,0.0471742
12260,XGBoost,-0.0311,-0.067034036
12261,XGBoost,0.6206,0.70255935
12262,XGBoost,0.2605,0.23958942
12263,XGBoost,0.3653,0.2988456
12264,XGBoost,0.2205,0.21134768
12265,XGBoost,-0.0438,-0.03969111
12266,XGBoost,0.4235,0.3773691
12267,XGBoost,0.121,0.1230969
12268,XGBoost,0.3362,0.18184735
12269,XGBoost,-0.1321,-0.089237064
12270,XGBoost,0.0314,0.035645153
12271,XGBoost,0.1679,0.12959124
12272,XGBoost,0.3675,0.30208138
12273,XGBoost,0.2304,0.19175825
12274,XGBoost,0.167,0.13103446
12275,XGBoost,0.1969,0.19047013
12276,XGBoost,0.023,0.07603103
12277,XGBoost,0.2442,0.25382254
12278,XGBoost,0.2335,0.26330823
12279,XGBoost,0.0371,0.064512886
12280,XGBoost,0.4213,0.27828062
12281,XGBoost,0.5258,0.3111199
12282,XGBoost,-0.2644,-0.17195652
12283,XGBoost,0.0224,0.0031800366
12284,XGBoost,0.0563,0.06327216
12285,XGBoost,0.2866,0.22276744
12286,XGBoost,0.0647,0.14594518
12287,XGBoost,0.1334,0.11166753
12288,XGBoost,0.0877,0.12613948
12289,XGBoost,0.2819,0.24401248
12290,XGBoost,0.2393,0.24039133
12291,XGBoost,0.0375,0.02801703
12292,XGBoost,0.1944,0.23853269
12293,XGBoost,0.5885,0.58403665
12294,XGBoost,-0.0723,0.21659465
12295,XGBoost,0.6856,0.7024368
12296,XGBoost,0.3233,0.33076346
12297,XGBoost,0.0515,0.09956776
12298,XGBoost,0.183,0.28510204
12299,XGBoost,0.9575,0.8171303
12300,XGBoost,-0.0373,-0.041966937
12301,XGBoost,0.0326,0.052098498
12302,XGBoost,0.1989,0.17130065
12303,XGBoost,0.7656,0.8257401
12304,XGBoost,0.102,0.083701015
12305,XGBoost,-0.2391,0.16370803
12306,XGBoost,0.3455,0.24795666
12307,XGBoost,0.2932,0.25015703
12308,XGBoost,0.451,0.4713792
12309,XGBoost,0.8838,0.7330374
12310,XGBoost,0.2518,0.19170666
12311,XGBoost,0.0905,0.11542447
12312,XGBoost,0.2021,0.13538131
12313,XGBoost,0.2407,0.16189373
12314,XGBoost,0.2092,0.21797413
12315,XGBoost,0.7049,0.6864923
12316,XGBoost,0.0254,0.090535134
12317,XGBoost,0.1278,0.11687934
12318,XGBoost,0.3201,0.25925398
12319,XGBoost,0.0056,0.12594256
12320,XGBoost,0.2916,0.25436834
12321,XGBoost,0.3702,0.40444532
12322,XGBoost,0.1984,0.22002147
12323,XGBoost,0.1083,0.1529537
12324,XGBoost,0.003,0.043233715
12325,XGBoost,0.2616,0.1844331
12326,XGBoost,0.2619,0.24398485
12327,XGBoost,0.5927,0.52218074
12328,XGBoost,0.2018,0.22870275
12329,XGBoost,0.221,0.16455491
12330,XGBoost,0.0315,0.007089429
12331,XGBoost,-0.0022,-0.055072
12332,XGBoost,0.4317,0.38975126
12333,XGBoost,0.5453,0.493126
12334,XGBoost,0.4226,0.38179076
12335,XGBoost,0.1121,0.101132005
12336,XGBoost,0.2813,0.34105346
12337,XGBoost,0.3219,0.33751723
12338,XGBoost,1.0694,1.1369137
12339,XGBoost,0.1168,0.03166662
12340,XGBoost,0.0884,0.117386006
12341,XGBoost,0.3383,0.24297564
12342,XGBoost,0.1106,0.15545054
12343,XGBoost,0.0705,0.10002498
12344,XGBoost,0.132,0.41147602
12345,XGBoost,0.362,0.3006333
12346,XGBoost,0.0863,0.10951841
12347,XGBoost,0.0917,0.1276959
12348,XGBoost,0.4727,0.4586446
12349,XGBoost,0.1261,0.110735804
12350,XGBoost,-0.1833,-0.15544184
12351,XGBoost,0.3651,0.27975312
12352,XGBoost,0.0955,0.12197993
12353,XGBoost,0.1457,0.13884017
12354,XGBoost,-0.0158,0.11524266
12355,XGBoost,-0.0288,0.23061973
12356,XGBoost,0.4866,0.41750267
12357,XGBoost,0.2488,0.27140456
12358,XGBoost,0.2733,0.30500525
12359,XGBoost,0.0703,0.070984215
12360,XGBoost,0.6585,0.6187715
12361,XGBoost,0.3023,0.17439781
12362,XGBoost,0.1064,0.16996577
12363,XGBoost,0.1608,0.11538913
12364,XGBoost,0.2236,0.2240359
12365,XGBoost,0.1278,0.08832477
12366,XGBoost,0.5283,0.38333726
12367,XGBoost,-0.0622,-0.073796324
12368,XGBoost,0.3666,0.52613246
12369,XGBoost,0.4571,0.26964688
12370,XGBoost,0.1839,0.18335222
12371,XGBoost,0.1012,0.08338419
12372,XGBoost,0.1767,0.2559049
12373,XGBoost,0.129,0.16050278
12374,XGBoost,1.0084,0.8734936
12375,XGBoost,0.1126,0.15014464
12376,XGBoost,0.2273,0.18582693
12377,XGBoost,0.1495,0.186297
12378,XGBoost,0.4172,0.338558
12379,XGBoost,0.0618,0.01177032
12380,XGBoost,0.2271,0.19949596
12381,XGBoost,0.3056,0.28846937
12382,XGBoost,0.0586,0.17367816
12383,XGBoost,0.2231,0.23325257
12384,XGBoost,0.0123,-0.01907657
12385,XGBoost,0.1047,0.1588016
12386,XGBoost,0.0093,-0.006644902
12387,XGBoost,0.028,-0.009463027
12388,XGBoost,0.0982,0.16473147
12389,XGBoost,0.3204,0.3090665
12390,XGBoost,0.3326,0.28660628
12391,XGBoost,0.0743,0.11904698
12392,XGBoost,0.1978,0.20367216
12393,XGBoost,0.1617,0.18785104
12394,XGBoost,0.2357,0.17003237
12395,XGBoost,0.2791,0.18820556
12396,XGBoost,0.437,0.41238222
12397,XGBoost,0.0417,0.1353357
12398,XGBoost,0.1199,0.12965925
12399,XGBoost,0.2938,0.2552208
12400,XGBoost,0.0197,-0.017997013
12401,XGBoost,0.3909,0.25218084
12402,XGBoost,0.0758,0.14028826
12403,XGBoost,0.302,0.39171758
12404,XGBoost,0.5343,0.5449963
12405,XGBoost,0.5045,0.47758627
12406,XGBoost,0.0099,0.12490034
12407,XGBoost,0.2024,0.07976395
12408,XGBoost,-0.0409,0.06915615
12409,XGBoost,0.0624,0.14724831
12410,XGBoost,0.1756,0.16549169
12411,XGBoost,0.5883,0.5985787
12412,XGBoost,0.1992,0.23433594
12413,XGBoost,-0.0463,-0.02800674
12414,XGBoost,0.3596,0.2830333
12415,XGBoost,-0.1507,0.05137973
12416,XGBoost,0.2598,0.32107988
12417,XGBoost,0.6846,0.6559748
12418,XGBoost,-0.0717,-0.062591456
12419,XGBoost,0.0229,0.040664934
12420,XGBoost,-0.059,-0.014557762
12421,XGBoost,0.0616,0.07615731
12422,XGBoost,0.5577,0.5698223
12423,XGBoost,-0.2074,0.059079595
12424,XGBoost,0.9935,1.0009423
12425,XGBoost,0.042,0.17183593
12426,XGBoost,0.3986,0.2756036
12427,XGBoost,0.0273,-0.00548997
12428,XGBoost,0.7775,0.7043391
12429,XGBoost,0.1545,0.13118623
12430,XGBoost,0.461,0.4127292
12431,XGBoost,0.3274,0.2100395
12432,XGBoost,0.16,0.074259736
12433,XGBoost,0.3145,0.20928936
12434,XGBoost,0.4777,0.39826572
12435,XGBoost,0.4208,0.43099174
12436,XGBoost,0.0288,-0.0066396883
12437,XGBoost,0.0535,0.02704586
12438,XGBoost,0.2877,0.26341218
12439,XGBoost,0.2275,0.30891407
12440,XGBoost,-0.191,-0.2322709
12441,XGBoost,0.4734,0.49410698
12442,XGBoost,0.1687,0.20718405
12443,XGBoost,0.6685,0.6310455
12444,XGBoost,0.0595,0.076860815
12445,XGBoost,0.1041,0.11160992
12446,XGBoost,0.2558,0.22224005
12447,XGBoost,0.2774,0.2697273
12448,XGBoost,0.1777,0.13889167
12449,XGBoost,0.1203,0.15041901
12450,XGBoost,0.2357,0.26777175
12451,XGBoost,0.0812,0.042113625
12452,XGBoost,0.0905,0.18692538
12453,XGBoost,-0.0528,-0.025061103
12454,XGBoost,-0.0019,0.060231052
12455,XGBoost,-0.0341,-0.005077844
12456,XGBoost,0.0679,0.10189135
12457,XGBoost,0.2223,0.13250272
12458,XGBoost,0.231,0.21738115
12459,XGBoost,0.0884,0.08428178
12460,XGBoost,0.3931,0.26428077
12461,XGBoost,0.1375,0.022749698
12462,XGBoost,-0.0795,-0.149723
12463,XGBoost,0.7355,0.71154016
12464,XGBoost,0.3339,0.26406232
12465,XGBoost,-0.2144,-0.15735249
12466,XGBoost,0.118,0.17706023
12467,XGBoost,0.0296,0.08253085
12468,XGBoost,0.6286,0.45356783
12469,XGBoost,0.4091,0.35098928
12470,XGBoost,0.131,0.13106994
12471,XGBoost,-0.115,-0.17989394
12472,XGBoost,0.1049,0.08659779
12473,XGBoost,0.1711,0.23210129
12474,XGBoost,0.1577,0.22865582
12475,XGBoost,0.2978,0.19350237
12476,XGBoost,0.0488,0.1686811
12477,XGBoost,0.2989,0.28994825
12478,XGBoost,0.215,0.27022222
12479,XGBoost,0.128,0.1291997
12480,XGBoost,0.0637,0.09640501
12481,XGBoost,0.1858,0.3170369
12482,XGBoost,0.0393,0.080897346
12483,XGBoost,0.434,0.44363937
12484,XGBoost,0.3888,0.35812786
12485,XGBoost,0.0395,0.07473119
12486,XGBoost,0.1581,0.12403006
12487,XGBoost,-0.03,-0.037580714
12488,XGBoost,0.0291,0.047820166
12489,XGBoost,0.1399,0.16696668
12490,XGBoost,0.0173,-0.035889417
12491,XGBoost,0.1282,0.1531104
12492,XGBoost,0.2572,0.2179215
12493,XGBoost,0.435,0.3513106
12494,XGBoost,0.2802,0.16164225
12495,XGBoost,0.2689,0.25960317
12496,XGBoost,0.0468,0.14693022
12497,XGBoost,0.1025,0.23500828
12498,XGBoost,-0.05,-0.017969597
12499,XGBoost,-0.1592,-0.132777
12500,XGBoost,0.1687,0.15643972
12501,XGBoost,0.4928,0.5431109
12502,XGBoost,-0.0636,-0.0075546233
12503,XGBoost,0.1068,0.16934553
12504,XGBoost,0.0931,0.09897414
12505,XGBoost,0.3282,0.31230667
12506,XGBoost,0.1573,0.096793555
12507,XGBoost,0.1287,0.17754585
12508,XGBoost,0.4604,0.46687627
12509,XGBoost,0.1201,0.16902943
12510,XGBoost,0.3361,0.3417123
12511,XGBoost,0.0621,0.1334103
12512,XGBoost,-0.1847,-0.179676
12513,XGBoost,0.0485,0.030400544
12514,XGBoost,0.4567,0.3968332
12515,XGBoost,-0.1292,-0.029712865
12516,XGBoost,0.7675,0.72198844
12517,XGBoost,0.3149,0.3480602
12518,XGBoost,-0.083,-0.06396343
12519,XGBoost,0.2395,0.2911354
12520,XGBoost,0.2051,0.13036256
12521,XGBoost,0.1324,0.10660619
12522,XGBoost,0.3537,0.30013016
12523,XGBoost,0.0982,0.111149125
12524,XGBoost,0.1095,0.12614703
12525,XGBoost,-0.2217,0.13967533
12526,XGBoost,0.1526,0.12335651
12527,XGBoost,0.232,0.25554162
12528,XGBoost,-0.0158,-0.046108216
12529,XGBoost,0.0166,0.07009457
12530,XGBoost,0.1155,0.11008036
12531,XGBoost,0.2733,0.38754877
12532,XGBoost,0.13,0.08798769
12533,XGBoost,0.3311,0.25879744
12534,XGBoost,0.1182,0.17439818
12535,XGBoost,0.3592,0.28297937
12536,XGBoost,0.3111,0.25028536
12537,XGBoost,0.0415,0.13894825
12538,XGBoost,0.1187,0.09240132
12539,XGBoost,0.7772,0.74807423
12540,XGBoost,0.2588,0.23123261
12541,XGBoost,0.735,0.8511718
12542,XGBoost,0.041,0.29192132
12543,XGBoost,0.2724,0.280391
12544,XGBoost,0.2566,0.23095159
12545,XGBoost,-0.1324,-0.16756524
12546,XGBoost,0.3071,0.36885637
12547,XGBoost,0.5916,0.44323495
12548,XGBoost,0.0077,-0.041300476
12549,XGBoost,0.5662,0.54305464
12550,XGBoost,0.2165,0.22912374
12551,XGBoost,0.5293,0.33565536
12552,XGBoost,0.1005,0.16414744
12553,XGBoost,0.8876,0.9400516
12554,XGBoost,0.173,0.1095399
12555,XGBoost,0.0714,0.094543695
12556,XGBoost,0.0339,0.108898826
12557,XGBoost,0.1482,0.10089689
12558,XGBoost,0.3772,0.31540304
12559,XGBoost,0.034,-0.0025745234
12560,XGBoost,0.567,0.5125459
12561,XGBoost,0.0107,0.15839334
12562,XGBoost,0.3303,0.35318214
12563,XGBoost,0.0591,0.0601208
12564,XGBoost,0.6132,0.4574211
12565,XGBoost,-0.0429,-0.0656241
12566,XGBoost,0.2831,0.24113077
12567,XGBoost,-0.2733,-0.1936006
12568,XGBoost,0.226,0.31188524
12569,XGBoost,0.8807,0.73287576
12570,XGBoost,0.241,0.23133324
12571,XGBoost,0.0381,0.106716774
12572,XGBoost,-0.0338,-0.033323772
12573,XGBoost,0.4345,0.44069186
12574,XGBoost,0.0364,0.13474987
12575,XGBoost,0.4064,0.30268875
12576,XGBoost,0.412,0.26680842
12577,XGBoost,0.2817,0.27122876
12578,XGBoost,0.1879,0.23909491
12579,XGBoost,-0.0113,0.0466435
12580,XGBoost,-0.0236,0.068666115
12581,XGBoost,0.3069,0.23843591
12582,XGBoost,-0.0439,0.02730332
12583,XGBoost,0.2801,0.25489196
12584,XGBoost,0.2033,0.1818778
12585,XGBoost,0.3744,0.20035441
12586,XGBoost,0.1066,0.20019042
12587,XGBoost,0.0532,0.007367074
12588,XGBoost,0.1265,0.13755961
12589,XGBoost,0.086,0.18258779
12590,XGBoost,0.1606,0.22105588
12591,XGBoost,0.1982,0.12238545
12592,XGBoost,0.1505,0.21939169
12593,XGBoost,0.1731,0.2416521
12594,XGBoost,-0.0235,0.051038586
12595,XGBoost,-0.052,-0.031668965
12596,XGBoost,0.147,0.22399698
12597,XGBoost,0.0409,0.13514468
12598,XGBoost,0.1544,0.12842423
12599,XGBoost,0.0369,0.071021385
12600,XGBoost,-0.0288,-0.016253877
12601,XGBoost,0.1176,0.111334585
12602,XGBoost,0.3555,0.2966869
12603,XGBoost,0.0783,0.15221341
12604,XGBoost,0.3068,0.2710815
12605,XGBoost,0.0297,-0.04722329
12606,XGBoost,0.0715,0.047805607
12607,XGBoost,0.349,0.3040486
12608,XGBoost,-0.0808,-0.05468196
12609,XGBoost,0.1447,0.024391524
12610,XGBoost,0.1368,0.11229351
12611,XGBoost,0.3513,0.32247594
12612,XGBoost,0.2381,0.2239105
12613,XGBoost,0.1751,0.19369319
12614,XGBoost,0.5688,0.5237277
12615,XGBoost,0.0665,0.16294046
12616,XGBoost,-0.0838,-0.09545393
12617,XGBoost,0.2989,0.27519965
12618,XGBoost,0.2179,0.2015472
12619,XGBoost,0.076,0.048960123
12620,XGBoost,-0.0258,0.1445442
12621,XGBoost,0.4251,0.5099356
12622,XGBoost,0.0705,0.11919821
12623,XGBoost,0.106,0.22086523
12624,XGBoost,-0.0074,-0.059819903
12625,XGBoost,0.3835,0.09032324
12626,XGBoost,0.5912,0.48394206
12627,XGBoost,0.0357,0.1275831
12628,XGBoost,0.0207,0.07921953
12629,XGBoost,0.0784,0.103249215
12630,XGBoost,0.6486,0.5707386
12631,XGBoost,0.1986,0.37128857
12632,XGBoost,0.0171,0.07205111
12633,XGBoost,0.1963,0.17997418
12634,XGBoost,0.1965,0.21465547
12635,XGBoost,0.9418,0.9287281
12636,XGBoost,0.5196,0.45539352
12637,XGBoost,0.8232,0.759457
12638,XGBoost,0.1177,0.1847591
12639,XGBoost,0.721,0.6856721
12640,XGBoost,0.0585,0.21945184
12641,XGBoost,0.5093,0.4175566
12642,XGBoost,0.0556,0.103358366
12643,XGBoost,0.1981,0.0936653
12644,XGBoost,0.0863,0.13794452
12645,XGBoost,0.2411,0.24476223
12646,XGBoost,0.0484,0.04297425
12647,XGBoost,-0.0212,0.01801619
12648,XGBoost,0.5165,0.37413555
12649,XGBoost,0.2213,0.22811043
12650,XGBoost,0.0019,0.027594166
12651,XGBoost,0.4825,0.59111196
12652,XGBoost,0.1377,0.18397962
12653,XGBoost,0.5618,0.4572403
12654,XGBoost,-0.0784,0.23035814
12655,XGBoost,0.4283,0.43464175
12656,XGBoost,0.2691,0.21403575
12657,XGBoost,0.1053,0.24933875
12658,XGBoost,0.2661,0.21565889
12659,XGBoost,0.1647,0.21144694
12660,XGBoost,0.4259,0.38170424
12661,XGBoost,0.0386,0.024566114
12662,XGBoost,0.566,0.3372703
12663,XGBoost,-0.0127,0.17577551
12664,XGBoost,0.1307,0.17005087
12665,XGBoost,0.3116,0.33139604
12666,XGBoost,0.4665,0.5017307
12667,XGBoost,0.6543,0.65577286
12668,XGBoost,0.2602,0.19523655
12669,XGBoost,0.6845,0.71768665
12670,XGBoost,-0.0589,-0.12170458
12671,XGBoost,0.079,0.13301432
12672,XGBoost,0.1539,0.2167572
12673,XGBoost,0.2943,0.27630463
12674,XGBoost,0.4917,0.6012188
12675,XGBoost,0.1384,0.1041907
12676,XGBoost,0.0702,0.11950177
12677,XGBoost,0.2235,0.2870627
12678,XGBoost,0.2114,0.15397978
12679,XGBoost,-0.0125,0.1351942
12680,XGBoost,0.1483,0.1454666
12681,XGBoost,0.1852,0.3177893
12682,XGBoost,0.0538,0.121880665
12683,XGBoost,0.0913,0.11925904
12684,XGBoost,0.1581,0.15788573
12685,XGBoost,0.1462,0.25266516
12686,XGBoost,0.6081,0.6291788
12687,XGBoost,0.4326,0.44736165
12688,XGBoost,0.1595,0.12676935
12689,XGBoost,0.2902,0.2308947
12690,XGBoost,0.2738,0.26070765
12691,XGBoost,0.2637,0.12498134
12692,XGBoost,0.4687,0.25574583
12693,XGBoost,0.2605,0.22639546
12694,XGBoost,-0.0042,-0.015100598
12695,XGBoost,0.9086,0.7426682
12696,XGBoost,0.3124,0.4021822
12697,XGBoost,0.3717,0.33751586
12698,XGBoost,0.1081,0.11475676
12699,XGBoost,-0.0283,-0.043829136
12700,XGBoost,0.1601,0.17690358
12701,XGBoost,0.1652,0.20388171
12702,XGBoost,0.1156,0.19764271
12703,XGBoost,0.3286,0.20740783
12704,XGBoost,0.1283,0.16947322
12705,XGBoost,-0.0328,0.22738327
12706,XGBoost,0.6685,0.6001425
12707,XGBoost,0.2951,0.38414872
12708,XGBoost,0.2457,0.31940976
12709,XGBoost,-0.0024,0.020439385
12710,XGBoost,0.5856,0.56222165
12711,XGBoost,0.572,0.5667451
12712,XGBoost,-0.0592,-0.058701
12713,XGBoost,0.2104,0.24402632
12714,XGBoost,0.6566,0.6824251
12715,XGBoost,0.2643,0.2580788
12716,XGBoost,0.3508,0.2746664
12717,XGBoost,0.4756,0.40901488
12718,XGBoost,0.488,0.48436996
12719,XGBoost,0.5584,0.41205856
12720,XGBoost,0.0054,0.07134532
12721,XGBoost,0.5034,0.4474113
12722,XGBoost,0.0406,0.119347125
12723,XGBoost,0.1352,0.06969634
12724,XGBoost,0.0801,0.082447484
12725,XGBoost,0.065,0.09089296
12726,XGBoost,0.6081,0.57492995
12727,XGBoost,0.369,0.4984307
12728,XGBoost,0.0143,0.08590174
12729,XGBoost,0.8946,0.7373789
12730,XGBoost,0.3761,0.35341588
12731,XGBoost,0.1528,0.21538912
12732,XGBoost,0.0422,0.0528023
12733,XGBoost,0.2115,0.111855604
12734,XGBoost,0.8827,0.78237057
12735,XGBoost,0.2545,0.28788814
12736,XGBoost,0.206,0.23376851
12737,XGBoost,0.0591,0.09885667
12738,XGBoost,0.3763,0.23813051
12739,XGBoost,0.255,0.27802342
12740,XGBoost,0.4148,0.30826774
12741,XGBoost,0.2358,0.31053984
12742,XGBoost,-0.0634,0.05584361
12743,XGBoost,0.1779,0.11088798
12744,XGBoost,0.166,0.230459
12745,XGBoost,0.038,0.11761319
12746,XGBoost,0.0982,0.121659726
12747,XGBoost,0.0641,0.043157488
12748,XGBoost,0.4112,0.34256393
12749,XGBoost,0.092,0.1532586
12750,XGBoost,0.0035,0.03473268
12751,XGBoost,0.2008,0.1277563
12752,XGBoost,0.0663,0.15186584
12753,XGBoost,0.5619,0.61775637
12754,XGBoost,0.0997,0.12817657
12755,XGBoost,0.1647,0.13267967
12756,XGBoost,0.1373,0.1463017
12757,XGBoost,0.3361,0.26390958
12758,XGBoost,0.0937,0.14924905
12759,XGBoost,0.563,0.57013005
12760,XGBoost,0.3155,0.28627127
12761,XGBoost,0.0261,0.04022311
12762,XGBoost,0.049,0.06513544
12763,XGBoost,0.245,0.23719896
12764,XGBoost,0.3956,0.35636184
12765,XGBoost,0.2245,0.3154571
12766,XGBoost,0.1731,0.24606243
12767,XGBoost,0.0217,0.04443733
12768,XGBoost,0.2011,0.15924922
12769,XGBoost,0.3439,0.22071901
12770,XGBoost,0.3255,0.2771407
12771,XGBoost,0.2361,0.2382215
12772,XGBoost,0.0736,0.13486022
12773,XGBoost,0.0804,0.12901872
12774,XGBoost,0.5891,0.68120426
12775,XGBoost,0.2558,0.1937316
12776,XGBoost,0.1678,0.16608924
12777,XGBoost,-0.2197,-0.12469747
12778,XGBoost,0.1938,0.13739093
12779,XGBoost,0.0716,0.10863273
12780,XGBoost,0.2957,0.25903386
12781,XGBoost,0.2004,0.19406329
12782,XGBoost,0.0797,0.0923771
12783,XGBoost,-0.046,0.09246481
12784,XGBoost,0.1148,0.0638622
12785,XGBoost,0.0891,0.044321228
12786,XGBoost,0.2601,0.29522425
12787,XGBoost,-0.1399,-0.13133088
12788,XGBoost,0.0176,0.06546634
12789,XGBoost,0.0248,0.11047827
12790,XGBoost,0.6591,0.6892255
12791,XGBoost,0.3234,0.24159208
12792,XGBoost,0.1256,0.17185703
12793,XGBoost,0.3433,0.27605733
12794,XGBoost,0.5293,0.42642766
12795,XGBoost,0.1142,0.08312641
12796,XGBoost,0.3092,0.23999228
12797,XGBoost,0.039,0.12496968
12798,XGBoost,0.1734,0.19195515
12799,XGBoost,-0.1775,-0.13919649
12800,XGBoost,0.2009,0.19359761
12801,XGBoost,0.4088,0.338655
12802,XGBoost,0.1724,0.12773216
12803,XGBoost,0.5123,0.3239613
12804,XGBoost,-0.0811,0.045346092
12805,XGBoost,-0.0817,0.0015165842
12806,XGBoost,0.2125,0.2555843
12807,XGBoost,-0.1993,-0.21906585
12808,XGBoost,0.2165,0.24475738
12809,XGBoost,-0.165,-0.17470142
12810,XGBoost,-0.1462,-0.08674482
12811,XGBoost,0.0796,0.13139066
12812,XGBoost,0.3886,0.42702997
12813,XGBoost,0.0652,0.23170367
12814,XGBoost,0.0194,0.036461838
12815,XGBoost,0.3042,0.21031766
12816,XGBoost,0.1018,0.18595783
12817,XGBoost,0.4397,0.3095404
12818,XGBoost,0.0723,0.08312752
12819,XGBoost,0.1931,0.174806
12820,XGBoost,0.4281,0.46161067
12821,XGBoost,0.1722,0.19791146
12822,XGBoost,-0.0123,0.036337435
12823,XGBoost,0.1324,0.25011957
12824,XGBoost,0.4355,0.42914358
12825,XGBoost,0.5291,0.49464428
12826,XGBoost,0.6363,0.59819543
12827,XGBoost,0.1514,0.16372061
12828,XGBoost,0.1863,0.29318714
12829,XGBoost,0.4414,0.3073667
12830,XGBoost,0.3719,0.3985812
12831,XGBoost,0.0158,-0.00070155633
12832,XGBoost,0.5778,0.541249
12833,XGBoost,0.1629,0.16778253
12834,XGBoost,0.4192,0.41968825
12835,XGBoost,0.1708,0.17052838
12836,XGBoost,0.2558,0.22480008
12837,XGBoost,0.0917,0.10802939
12838,XGBoost,0.3537,0.3229957
12839,XGBoost,-0.0368,0.02797221
12840,XGBoost,0.7761,0.65030175
12841,XGBoost,0.0891,0.17991674
12842,XGBoost,-0.0881,-0.14759193
12843,XGBoost,0.1764,0.08357309
12844,XGBoost,-0.052,-0.05075959
12845,XGBoost,0.1426,0.2268819
12846,XGBoost,0.391,0.15876615
12847,XGBoost,0.2517,0.20619482
12848,XGBoost,0.157,0.08288897
12849,XGBoost,0.1531,0.15131637
12850,XGBoost,0.2734,0.25346133
12851,XGBoost,-0.066,-0.055525415
12852,XGBoost,-0.0146,0.10775785
12853,XGBoost,0.2261,0.25986156
12854,XGBoost,0.3354,0.3176866
12855,XGBoost,0.7219,0.67612135
12856,XGBoost,0.4346,0.34396845
12857,XGBoost,0.2178,0.26199105
12858,XGBoost,-0.0181,0.18511732
12859,XGBoost,0.1517,0.16004394
12860,XGBoost,-0.1776,-0.14719833
12861,XGBoost,0.2588,0.21620545
12862,XGBoost,0.0411,0.13795532
12863,XGBoost,0.1639,0.11842484
12864,XGBoost,0.2243,0.17640153
12865,XGBoost,0.5976,0.5809656
12866,XGBoost,-0.1045,0.000867755
12867,XGBoost,-0.0606,-0.033288542
12868,XGBoost,0.1491,0.09841818
12869,XGBoost,0.3917,0.26850516
12870,XGBoost,0.1045,0.15120392
12871,XGBoost,0.1386,0.09946865
12872,XGBoost,0.1509,0.20845155
12873,XGBoost,0.0829,0.13937211
12874,XGBoost,0.8336,0.87596697
12875,XGBoost,0.1276,0.22153284
12876,XGBoost,0.0321,0.023716284
12877,XGBoost,0.5333,0.4061539
12878,XGBoost,-0.0972,0.03331229
12879,XGBoost,0.1745,0.1873773
12880,XGBoost,0.4804,0.53296244
12881,XGBoost,0.4611,0.42200607
12882,XGBoost,-0.0286,0.019139173
12883,XGBoost,0.1235,0.12031543
12884,XGBoost,0.8562,0.7635425
12885,XGBoost,0.1649,0.16838811
12886,XGBoost,0.0255,0.0027865472
12887,XGBoost,-0.0389,-0.08687289
12888,XGBoost,-0.1821,-0.1560672
12889,XGBoost,0.0078,0.051592387
12890,XGBoost,0.0857,0.13745894
12891,XGBoost,0.2202,0.2084983
12892,XGBoost,0.3746,0.4879082
12893,XGBoost,0.9284,0.8394898
12894,XGBoost,0.5441,0.43245998
12895,XGBoost,0.0203,0.08374464
12896,XGBoost,0.099,0.10846105
12897,XGBoost,0.3893,0.23928624
12898,XGBoost,0.03,0.037430156
12899,XGBoost,-0.0803,-0.06553731
12900,XGBoost,0.5742,0.33695206
12901,XGBoost,0.2608,0.26891002
12902,XGBoost,0.3424,0.29367113
12903,XGBoost,0.7563,0.69276386
12904,XGBoost,0.5924,0.4078321
12905,XGBoost,0.451,0.34035355
12906,XGBoost,0.3,0.38016385
12907,XGBoost,0.1947,0.2543856
12908,XGBoost,-0.0702,0.014567816
12909,XGBoost,0.342,0.24259706
12910,XGBoost,0.3785,0.37904125
12911,XGBoost,0.2008,0.19500513
12912,XGBoost,0.67,0.61819464
12913,XGBoost,0.0135,0.009328832
12914,XGBoost,0.6326,0.63987756
12915,XGBoost,0.1651,0.17164761
12916,XGBoost,-0.0075,-0.024394343
12917,XGBoost,0.3243,0.48550332
12918,XGBoost,0.3912,0.26810753
12919,XGBoost,0.0343,0.0723018
12920,XGBoost,0.1206,0.0885052
12921,XGBoost,0.1135,0.24630275
12922,XGBoost,-0.1125,0.030062554
12923,XGBoost,0.3516,0.27182814
12924,XGBoost,0.293,0.30663505
12925,XGBoost,0.2027,0.25252068
12926,XGBoost,0.2425,0.13233215
12927,XGBoost,0.0284,0.100718185
12928,XGBoost,0.28,0.24555165
12929,XGBoost,-0.1329,-0.11252583
12930,XGBoost,-0.1792,-0.10113559
12931,XGBoost,0.0496,0.010773162
12932,XGBoost,0.0071,0.09387625
12933,XGBoost,0.3846,0.2832383
12934,XGBoost,-0.0135,-0.024059689
12935,XGBoost,0.4117,0.24626727
12936,XGBoost,0.4377,0.34808353
12937,XGBoost,0.2263,0.22811025
12938,XGBoost,0.5533,0.51896137
12939,XGBoost,0.0284,0.055119455
12940,XGBoost,0.1983,0.13540664
12941,XGBoost,0.4829,0.50782686
12942,XGBoost,0.9129,0.81363755
12943,XGBoost,0.2616,0.1832978
12944,XGBoost,0.1055,0.07812917
12945,XGBoost,0.0399,0.013716423
12946,XGBoost,0.7594,0.6225919
12947,XGBoost,0.1042,0.103873976
12948,XGBoost,0.1463,0.18673997
12949,XGBoost,-0.0073,0.11175767
12950,XGBoost,0.1361,0.18987489
12951,XGBoost,-0.0054,0.07829315
12952,XGBoost,0.0832,0.06394951
12953,XGBoost,0.1179,0.16870338
12954,XGBoost,0.1619,0.15924244
12955,XGBoost,0.2164,0.19269499
12956,XGBoost,0.5985,0.6793804
12957,XGBoost,-0.2122,-0.11750898
12958,XGBoost,0.6985,0.70095325
12959,XGBoost,0.5042,0.49085546
12960,XGBoost,0.7343,0.57529134
12961,XGBoost,0.6019,0.60050803
12962,XGBoost,1.1122,1.0845294
12963,XGBoost,0.0971,0.10532241
12964,XGBoost,0.3718,0.31834206
12965,XGBoost,-0.0553,-0.08872294
12966,XGBoost,0.0426,0.19188653
12967,XGBoost,0.35,0.3369773
12968,XGBoost,0.1098,0.20769693
12969,XGBoost,0.4064,0.3267192
12970,XGBoost,0.2813,0.2411558
12971,XGBoost,0.4188,0.40001434
12972,XGBoost,0.1664,0.100444674
12973,XGBoost,0.1342,0.021778056
12974,XGBoost,0.0433,0.024003992
12975,XGBoost,0.0848,0.15202874
12976,XGBoost,-0.0383,0.09928257
12977,XGBoost,0.4807,0.4539626
12978,XGBoost,0.5837,0.09558119
12979,XGBoost,0.0805,0.1022634
12980,XGBoost,0.3234,0.16149311
12981,XGBoost,0.2488,0.24938184
12982,XGBoost,0.1852,0.29866222
12983,XGBoost,0.1338,0.0727571
12984,XGBoost,0.1576,0.16069028
12985,XGBoost,0.5512,0.5253514
12986,XGBoost,0.4166,0.417426
12987,XGBoost,0.2141,0.24133486
12988,XGBoost,0.8555,0.8211088
12989,XGBoost,0.4522,0.4534544
12990,XGBoost,0.3551,0.24659207
12991,XGBoost,0.2276,0.15008757
12992,XGBoost,0.1845,0.20341551
12993,XGBoost,0.3565,0.3205551
12994,XGBoost,0.5087,0.4393895
12995,XGBoost,0.0695,0.14742948
12996,XGBoost,0.1732,0.18620712
12997,XGBoost,-0.0577,0.0170127
12998,XGBoost,0.1981,0.24955744
12999,XGBoost,-0.1917,-0.1526705
13000,XGBoost,0.2953,0.45670417
13001,XGBoost,0.296,0.22500476
13002,XGBoost,0.487,0.3004341
13003,XGBoost,0.2441,0.17247802
13004,XGBoost,0.0522,0.12179719
13005,XGBoost,0.0191,0.14302145
13006,XGBoost,-0.0034,0.047560006
13007,XGBoost,0.0962,0.28211445
13008,XGBoost,-0.0496,0.027635114
13009,XGBoost,0.0264,-0.071181074
13010,XGBoost,0.3547,0.3344201
13011,XGBoost,0.2352,0.24593629
13012,XGBoost,0.3528,0.3926646
13013,XGBoost,-0.0739,0.0129144825
13014,XGBoost,0.9373,0.7135816
13015,XGBoost,0.6157,0.676467
13016,XGBoost,-0.1214,-0.14708619
13017,XGBoost,0.2627,0.26160958
13018,XGBoost,0.4245,0.4129107
13019,XGBoost,0.4759,0.3610393
13020,XGBoost,0.3899,0.15069927
13021,XGBoost,0.284,0.26328775
13022,XGBoost,0.1183,0.14047572
13023,XGBoost,0.137,0.10021089
13024,XGBoost,0.0825,0.17589949
13025,XGBoost,0.291,0.35164487
13026,XGBoost,0.5936,0.5937995
13027,XGBoost,0.2891,0.2129712
13028,XGBoost,0.1963,0.18807648
13029,XGBoost,0.0478,0.094162785
13030,XGBoost,-0.2112,-0.15565932
13031,XGBoost,0.429,0.28544375
13032,XGBoost,0.4055,0.27884266
13033,XGBoost,0.0052,0.090989985
13034,XGBoost,0.11,0.13787787
13035,XGBoost,0.5224,0.5129665
13036,XGBoost,0.2109,0.21328159
13037,XGBoost,0.0963,0.14753512
13038,XGBoost,0.0973,0.16244191
13039,XGBoost,0.3659,0.28343257
13040,XGBoost,-0.0723,-0.005827465
13041,XGBoost,0.1341,0.14500801
13042,XGBoost,0.1894,0.201659
13043,XGBoost,0.0907,0.19432472
13044,XGBoost,-0.0892,0.038886055
13045,XGBoost,0.6345,0.7180769
13046,XGBoost,0.7779,0.8309768
13047,XGBoost,0.1558,0.19692077
13048,XGBoost,0.2271,0.2568994
13049,XGBoost,0.1716,0.1230741
13050,XGBoost,0.2336,0.30906928
13051,XGBoost,0.1207,0.13387053
13052,XGBoost,0.9467,0.9715271
13053,XGBoost,0.7206,0.7179123
13054,XGBoost,0.2789,0.2527661
13055,XGBoost,0.3348,0.33542305
13056,XGBoost,0.1485,0.20862255
13057,XGBoost,0.1808,0.15773115
13058,XGBoost,0.2877,0.24676295
13059,XGBoost,0.4756,0.39312702
13060,XGBoost,0.2724,0.26251367
13061,XGBoost,0.142,0.17340995
13062,XGBoost,-0.0088,0.11135945
13063,XGBoost,0.1715,0.12313401
13064,XGBoost,0.5349,0.5175406
13065,XGBoost,0.1872,0.16192515
13066,XGBoost,0.0341,0.06469188
13067,XGBoost,0.5408,0.7476623
13068,XGBoost,0.46,0.44820663
13069,XGBoost,0.1282,0.10283282
13070,XGBoost,0.0597,-0.021000158
13071,XGBoost,0.0547,0.119804025
13072,XGBoost,0.2546,0.22406359
13073,XGBoost,0.0538,0.027511252
13074,XGBoost,0.2136,0.19545342
13075,XGBoost,0.2111,0.20126359
13076,XGBoost,0.3971,0.32013738
13077,XGBoost,0.3892,0.29644373
13078,XGBoost,0.1469,0.08388676
13079,XGBoost,0.2855,0.3366275
13080,XGBoost,0.065,0.07366527
13081,XGBoost,0.1539,0.16625188
13082,XGBoost,0.0312,0.10330938
13083,XGBoost,0.8707,0.8553495
13084,XGBoost,0.2785,0.24479757
13085,XGBoost,0.2351,0.17818224
13086,XGBoost,-0.0285,0.04399984
13087,XGBoost,0.3096,0.21456192
13088,XGBoost,0.0264,-0.014979137
13089,XGBoost,0.0795,0.04077896
13090,XGBoost,0.0566,0.15402418
13091,XGBoost,0.2144,0.18179773
13092,XGBoost,0.4176,0.38366205
13093,XGBoost,0.3137,0.19354914
13094,XGBoost,0.154,0.2646534
13095,XGBoost,-0.0804,0.20202881
13096,XGBoost,0.0441,0.056846086
13097,XGBoost,0.0269,0.055560052
13098,XGBoost,0.0114,0.0669333
13099,XGBoost,0.0689,0.02222474
13100,XGBoost,0.3162,0.29409555
13101,XGBoost,0.3555,0.30505708
13102,XGBoost,-0.0222,-0.031622563
13103,XGBoost,0.1238,0.14977139
13104,XGBoost,0.1071,0.12704514
13105,XGBoost,0.2458,0.28746068
13106,XGBoost,0.2583,0.26108614
13107,XGBoost,0.1056,0.12102144
13108,XGBoost,0.2645,0.32570174
13109,XGBoost,0.211,0.19171688
13110,XGBoost,0.5544,0.54920197
13111,XGBoost,0.0287,0.04686096
13112,XGBoost,0.072,0.1259836
13113,XGBoost,0.452,0.37858903
13114,XGBoost,0.1095,0.051946227
13115,XGBoost,0.8376,0.72334725
13116,XGBoost,0.5036,0.4550483
13117,XGBoost,0.3726,0.29495466
13118,XGBoost,0.1951,0.10317708
13119,XGBoost,0.2187,0.25092956
13120,XGBoost,0.3652,0.4516597
13121,XGBoost,0.327,0.2892051
13122,XGBoost,0.0355,0.16259411
13123,XGBoost,0.5786,0.55629164
13124,XGBoost,0.2727,0.43178952
13125,XGBoost,0.1646,0.13042308
13126,XGBoost,0.1424,0.2583669
13127,XGBoost,0.2931,0.30684602
13128,XGBoost,0.1301,0.074449226
13129,XGBoost,0.3108,0.30476916
13130,XGBoost,0.1729,0.2056554
13131,XGBoost,-0.2126,-0.13261732
13132,XGBoost,0.3504,0.22210574
13133,XGBoost,-0.0529,0.05141453
13134,XGBoost,0.5158,0.547161
13135,XGBoost,0.6658,0.73030704
13136,XGBoost,0.2048,0.13414423
13137,XGBoost,0.0162,0.092684306
13138,XGBoost,0.0962,0.12235693
13139,XGBoost,0.3612,0.37022245
13140,XGBoost,0.1472,0.238721
13141,XGBoost,0.782,0.68976545
13142,XGBoost,0.1146,0.07300012
13143,XGBoost,0.1863,0.1497095
13144,XGBoost,0.5125,0.33309305
13145,XGBoost,0.1419,0.1819838
13146,XGBoost,0.1435,0.10839979
13147,XGBoost,0.2646,0.2249882
13148,XGBoost,0.7454,0.6810778
13149,XGBoost,0.9861,0.85146785
13150,XGBoost,0.1417,0.087939404
13151,XGBoost,0.4211,0.49748787
13152,XGBoost,0.1873,0.312141
13153,XGBoost,0.0253,0.110299565
13154,XGBoost,0.1456,0.15335992
13155,XGBoost,0.2658,0.28880674
13156,XGBoost,0.0329,0.16913006
13157,XGBoost,0.0307,0.07790946
13158,XGBoost,0.5141,0.3276274
13159,XGBoost,0.1393,0.23409581
13160,XGBoost,0.9072,0.8921415
13161,XGBoost,-0.0024,0.21988228
13162,XGBoost,0.3241,0.28541306
13163,XGBoost,0.4579,0.3013749
13164,XGBoost,0.2838,0.2278107
13165,XGBoost,0.1896,0.3303962
13166,XGBoost,0.2833,0.26452234
13167,XGBoost,0.1595,0.14947487
13168,XGBoost,0.0519,0.28491417
13169,XGBoost,0.0289,0.1624358
13170,XGBoost,0.0332,0.10040828
13171,XGBoost,0.365,0.33582792
13172,XGBoost,0.0001,0.07763763
13173,XGBoost,0.5036,0.57768476
13174,XGBoost,0.4386,0.43965542
13175,XGBoost,0.1015,0.17584161
13176,XGBoost,0.1862,0.14632569
13177,XGBoost,0.0048,0.048987944
13178,XGBoost,-0.0113,0.09560423
13179,XGBoost,0.5677,0.5137058
13180,XGBoost,0.314,0.3294532
13181,XGBoost,0.197,0.2224568
13182,XGBoost,0.2981,0.2670536
13183,XGBoost,0.385,0.35893777
13184,XGBoost,0.0922,0.09896561
13185,XGBoost,0.1423,0.15489888
13186,XGBoost,0.2113,0.20471396
13187,XGBoost,0.8454,0.95020556
13188,XGBoost,0.4754,0.349343
13189,XGBoost,0.0502,0.31620193
13190,XGBoost,0.1413,0.14236034
13191,XGBoost,-0.0554,-0.061032053
13192,XGBoost,0.1681,0.11482305
13193,XGBoost,0.4217,0.38326097
13194,XGBoost,0.1583,0.102270685
13195,XGBoost,0.2031,0.21561767
13196,XGBoost,0.4481,0.3472868
13197,XGBoost,0.591,0.74664956
13198,XGBoost,0.3445,0.2619957
13199,XGBoost,0.2028,0.23198643
13200,XGBoost,0.3105,0.28418157
13201,XGBoost,0.0532,0.0927843
13202,XGBoost,0.1011,0.07376688
13203,XGBoost,0.0554,0.22927955
13204,XGBoost,0.3909,0.36610284
13205,XGBoost,0.6055,0.5629908
13206,XGBoost,-0.0279,0.01552164
13207,XGBoost,0.1032,0.13446309
13208,XGBoost,0.0946,0.035473455
13209,XGBoost,0.0314,0.02386737
13210,XGBoost,-0.0354,0.061402988
13211,XGBoost,0.4957,0.34740186
13212,XGBoost,0.0657,0.09793498
13213,XGBoost,0.1778,0.25870427
13214,XGBoost,0.2782,0.1753626
13215,XGBoost,0.2589,0.26174265
13216,XGBoost,0.452,0.5180878
13217,XGBoost,0.0613,-0.017943917
13218,XGBoost,0.0072,0.02687919
13219,XGBoost,1.1488,1.069546
13220,XGBoost,0.7791,0.64824647
13221,XGBoost,0.773,0.8121303
13222,XGBoost,0.0352,0.14077513
13223,XGBoost,0.2377,0.33540976
13224,XGBoost,0.0594,0.19499682
13225,XGBoost,0.0983,0.072264686
13226,XGBoost,0.1972,0.1670719
13227,XGBoost,0.517,0.45721853
13228,XGBoost,-0.0333,0.18044224
13229,XGBoost,0.0014,-0.009945998
13230,XGBoost,0.0082,0.022921836
13231,XGBoost,0.1248,0.21347366
13232,XGBoost,0.3919,0.42416462
13233,XGBoost,0.7631,0.47615105
13234,XGBoost,0.1827,0.101677604
13235,XGBoost,0.457,0.2672371
13236,XGBoost,0.0033,-0.006042797
13237,XGBoost,0.0113,0.10453432
13238,XGBoost,0.1388,0.104115106
13239,XGBoost,-0.0542,0.003174614
13240,XGBoost,0.7521,0.67730373
13241,XGBoost,-0.0126,0.0069418456
13242,XGBoost,0.9116,0.8364994
13243,XGBoost,0.4736,0.52877325
13244,XGBoost,0.9467,0.76815075
13245,XGBoost,0.8626,0.6734611
13246,XGBoost,0.4525,0.31243086
13247,XGBoost,0.4805,0.43563703
13248,XGBoost,0.2294,0.1442497
13249,XGBoost,0.2109,0.16098446
13250,XGBoost,0.3895,0.3052506
13251,XGBoost,0.6194,0.55047095
13252,XGBoost,0.336,0.29159722
13253,XGBoost,0.3508,0.22653656
13254,XGBoost,0.1063,0.006940348
13255,XGBoost,0.3209,0.25756443
13256,XGBoost,-0.1305,0.024752164
13257,XGBoost,0.1308,0.13947086
13258,XGBoost,0.2332,0.2299702
13259,XGBoost,0.0262,0.03170913
13260,XGBoost,0.4121,0.3962675
13261,XGBoost,0.5795,0.46395308
13262,XGBoost,-0.2184,-0.08585905
13263,XGBoost,0.1944,0.100069314
13264,XGBoost,0.3266,0.18959092
13265,XGBoost,0.7498,0.79820853
13266,XGBoost,0.0748,0.17078334
13267,XGBoost,0.2608,0.16327645
13268,XGBoost,0.6066,0.61717695
13269,XGBoost,-0.049,0.08051717
13270,XGBoost,0.4533,0.24821758
13271,XGBoost,0.0489,0.023889944
13272,XGBoost,-0.0524,0.059606582
13273,XGBoost,0.1214,0.033997092
13274,XGBoost,0.1349,0.13184033
13275,XGBoost,0.5979,0.51821315
13276,XGBoost,0.0872,0.0829678
13277,XGBoost,0.318,0.33780986
13278,XGBoost,0.2653,0.28648978
13279,XGBoost,0.0808,0.076720014
13280,XGBoost,0.1323,0.1366974
13281,XGBoost,0.096,0.15992512
13282,XGBoost,0.299,0.2533387
13283,XGBoost,0.0033,0.05698635
13284,XGBoost,-0.0092,0.09353421
13285,XGBoost,0.272,0.2102224
13286,XGBoost,0.4508,0.41639593
13287,XGBoost,0.2634,0.22299302
13288,XGBoost,0.1633,0.18498209
13289,XGBoost,0.1333,0.09282419
13290,XGBoost,0.3495,0.27357185
13291,XGBoost,0.1048,0.24661088
13292,XGBoost,0.1198,0.120662056
13293,XGBoost,-0.0043,-0.016432343
13294,XGBoost,0.4489,0.25030428
13295,XGBoost,0.1631,0.24919027
13296,XGBoost,0.9563,0.8979836
13297,XGBoost,0.4738,0.43818384
13298,XGBoost,0.0725,0.09883187
13299,XGBoost,0.4155,0.32585347
13300,XGBoost,0.1499,0.06784788
13301,XGBoost,0.0688,0.092791274
13302,XGBoost,0.0381,0.044591077
13303,XGBoost,0.3569,0.25152665
13304,XGBoost,0.7972,0.7731131
13305,XGBoost,0.2212,0.20978603
13306,XGBoost,0.355,0.20530203
13307,XGBoost,0.336,0.30166167
13308,XGBoost,0.5555,0.66665095
13309,XGBoost,0.4603,0.32447085
13310,XGBoost,0.7141,0.7111296
13311,XGBoost,0.265,0.31135282
13312,XGBoost,-0.1181,-0.096728675
13313,XGBoost,0.0851,0.1525615
13314,XGBoost,0.385,0.37429735
13315,XGBoost,0.1071,0.11442897
13316,XGBoost,-0.0117,0.049592663
13317,XGBoost,0.1963,0.0816834
13318,XGBoost,0.1242,0.07535081
13319,XGBoost,0.4865,0.40647274
13320,XGBoost,-0.1261,-0.17460997
13321,XGBoost,0.2501,0.18828559
13322,XGBoost,0.4312,0.5257561
13323,XGBoost,0.2962,0.37929925
13324,XGBoost,0.218,0.20701037
13325,XGBoost,0.3698,0.31097382
13326,XGBoost,0.7461,0.6794138
13327,XGBoost,0.194,0.22094338
13328,XGBoost,0.1808,0.19095373
13329,XGBoost,0.4745,0.36559308
13330,XGBoost,0.3008,0.23461561
13331,XGBoost,0.2046,0.1590519
13332,XGBoost,0.1094,0.14955337
13333,XGBoost,-0.2134,-0.1745968
13334,XGBoost,0.5296,0.50379467
13335,XGBoost,0.1539,0.13460197
13336,XGBoost,0.0766,0.08150006
13337,XGBoost,0.6032,0.61769485
13338,XGBoost,0.2886,0.2471571
13339,XGBoost,0.7923,0.78172135
13340,XGBoost,0.5686,0.46239585
13341,XGBoost,0.2972,0.2046302
13342,XGBoost,0.3508,0.29917577
13343,XGBoost,0.3847,0.25274646
13344,XGBoost,0.4299,0.2064201
13345,XGBoost,0.2939,0.2892811
13346,XGBoost,0.1845,0.24853446
13347,XGBoost,-0.0479,-0.005975076
13348,XGBoost,0.172,0.1686204
13349,XGBoost,0.1248,0.089873336
13350,XGBoost,0.5103,0.5198265
13351,XGBoost,0.1977,0.09571414
13352,XGBoost,0.1619,0.021240631
13353,XGBoost,0.2296,0.19308656
13354,XGBoost,0.1099,0.16841635
13355,XGBoost,-0.0637,0.017496215
13356,XGBoost,0.8403,0.7551911
13357,XGBoost,0.0637,0.10159855
13358,XGBoost,0.2041,0.15641487
13359,XGBoost,0.0465,0.10067998
13360,XGBoost,0.0101,0.16625716
13361,XGBoost,0.2409,0.22473389
13362,XGBoost,0.0093,0.0014147884
13363,XGBoost,0.4028,0.31968573
13364,XGBoost,0.2084,0.15744859
13365,XGBoost,0.1163,0.018499821
13366,XGBoost,0.5024,0.372865
13367,XGBoost,0.2284,0.18943733
13368,XGBoost,0.8808,0.84647775
13369,XGBoost,0.2597,0.21699198
13370,XGBoost,0.072,0.036633715
13371,XGBoost,0.1738,0.11226369
13372,XGBoost,0.4511,0.37924182
13373,XGBoost,0.052,0.108423635
13374,XGBoost,-0.0326,0.05679201
13375,XGBoost,0.4512,0.5164941
13376,XGBoost,0.3017,0.3582886
13377,XGBoost,0.1598,0.13048239
13378,XGBoost,0.1222,0.15521371
13379,XGBoost,0.0635,0.13427705
13380,XGBoost,0.6543,0.5741268
13381,XGBoost,0.4857,0.44105694
13382,XGBoost,0.1966,0.21567728
13383,XGBoost,0.5113,0.5517383
13384,XGBoost,0.1198,0.2103324
13385,XGBoost,0.0328,0.011554553
13386,XGBoost,0.0196,0.13476522
13387,XGBoost,0.0331,0.02702557
13388,XGBoost,0.4467,0.4648952
13389,XGBoost,-0.0102,0.0051028635
13390,XGBoost,0.058,0.078719415
13391,XGBoost,0.2564,0.27223596
13392,XGBoost,0.6732,0.6819373
13393,XGBoost,0.4332,0.27997926
13394,XGBoost,0.0675,0.18962154
13395,XGBoost,0.6779,0.6824104
13396,XGBoost,0.7647,0.6748678
13397,XGBoost,-0.0555,0.15463395
13398,XGBoost,0.373,0.2614147
13399,XGBoost,0.0998,0.13651957
13400,XGBoost,0.1463,0.2064713
13401,XGBoost,-0.0189,0.10383659
13402,XGBoost,0.0831,0.020232484
13403,XGBoost,0.1446,0.14467299
13404,XGBoost,0.638,0.5740363
13405,XGBoost,0.6596,0.6562491
13406,XGBoost,0.2615,0.20649672
13407,XGBoost,-0.0527,0.096951604
13408,XGBoost,0.1305,0.2113135
13409,XGBoost,0.479,0.38895378
13410,XGBoost,-0.0128,-0.025659071
13411,XGBoost,0.2885,0.30535945
13412,XGBoost,0.8212,0.8168569
13413,XGBoost,0.9306,0.786721
13414,XGBoost,0.254,0.11361252
13415,XGBoost,0.166,0.2959359
13416,XGBoost,0.4765,0.42226994
13417,XGBoost,0.1633,0.1564598
13418,XGBoost,0.1265,0.15367278
13419,XGBoost,0.1724,0.17642052
13420,XGBoost,0.4079,0.4259032
13421,XGBoost,0.6684,0.7536291
13422,XGBoost,0.1849,0.13502325
13423,XGBoost,-0.0953,-0.053833503
13424,XGBoost,0.5769,0.53700435
13425,XGBoost,0.3919,0.3842961
13426,XGBoost,0.4085,0.34387952
13427,XGBoost,0.144,0.12501338
13428,XGBoost,0.2652,0.2456375
13429,XGBoost,0.1924,0.21201429
13430,XGBoost,0.9163,0.9041718
13431,XGBoost,0.1918,0.11722958
13432,XGBoost,0.7624,0.32857352
13433,XGBoost,0.485,0.35692757
13434,XGBoost,0.0751,0.042888045
13435,XGBoost,-0.05,0.12316745
13436,XGBoost,0.2362,0.16490343
13437,XGBoost,0.348,0.35127145
13438,XGBoost,0.5385,0.51730084
13439,XGBoost,0.3454,0.2739128
13440,XGBoost,0.1225,0.07806889
13441,XGBoost,0.0754,0.059646305
13442,XGBoost,0.6634,0.66926956
13443,XGBoost,0.1094,0.10013531
13444,XGBoost,0.1368,0.16566765
13445,XGBoost,0.2327,0.26688102
13446,XGBoost,0.4911,0.49713433
13447,XGBoost,0.2826,0.27876952
13448,XGBoost,0.1687,0.2668352
13449,XGBoost,0.0848,0.085643165
13450,XGBoost,-0.176,-0.13119178
13451,XGBoost,0.0121,0.07816223
13452,XGBoost,0.6249,0.68440014
13453,XGBoost,0.4349,0.27095386
13454,XGBoost,0.4019,0.42280072
13455,XGBoost,0.1304,0.09865981
13456,XGBoost,0.2117,0.20697314
13457,XGBoost,0.0995,0.18514942
13458,XGBoost,0.4471,0.3489898
13459,XGBoost,0.203,0.1932089
13460,XGBoost,0.033,0.09268381
13461,XGBoost,-0.152,-0.12340131
13462,XGBoost,-0.0279,0.048485953
13463,XGBoost,0.6791,0.7823549
13464,XGBoost,-0.0085,0.002843855
13465,XGBoost,0.2231,0.16417314
13466,XGBoost,0.6359,0.58109444
13467,XGBoost,0.7664,0.81919193
13468,XGBoost,0.4791,0.34384286
13469,XGBoost,0.2057,0.19711179
13470,XGBoost,0.0699,0.08891167
13471,XGBoost,0.1294,0.14862499
13472,XGBoost,0.3033,0.19879194
13473,XGBoost,0.1264,0.2151567
13474,XGBoost,0.2875,0.25250763
13475,XGBoost,0.6002,0.5761779
13476,XGBoost,0.4248,0.49050948
13477,XGBoost,0.4448,0.54888415
13478,XGBoost,0.1347,0.12010902
13479,XGBoost,0.3252,0.26010978
13480,XGBoost,0.2669,0.3292554
13481,XGBoost,0.3598,0.30548304
13482,XGBoost,-0.0156,-0.06000687
13483,XGBoost,0.4737,0.521358
13484,XGBoost,0.0403,0.059200354
13485,XGBoost,0.5694,0.5142745
13486,XGBoost,0.4045,0.44384977
13487,XGBoost,0.009,-0.00018009968
13488,XGBoost,0.1342,0.19545577
13489,XGBoost,0.7054,0.6173753
13490,XGBoost,0.3168,0.29979762
13491,XGBoost,0.1717,0.14848508
13492,XGBoost,0.2772,0.37158427
13493,XGBoost,0.8242,0.67008674
13494,XGBoost,0.2709,0.23152332
13495,XGBoost,0.0393,0.014907195
13496,XGBoost,0.147,0.1100771
13497,XGBoost,0.3942,0.3561141
13498,XGBoost,0.1524,0.080300845
13499,XGBoost,0.2367,0.22541565
13500,XGBoost,0.2284,0.23159103
13501,XGBoost,-0.1283,-0.20878051
13502,XGBoost,0.6358,0.52567744
13503,XGBoost,0.0786,0.07841397
13504,XGBoost,0.5718,0.44087675
13505,XGBoost,0.066,0.09254495
13506,XGBoost,0.2079,0.09335521
13507,XGBoost,0.0708,0.09820519
13508,XGBoost,-0.054,-0.039106335
13509,XGBoost,0.1035,0.15574145
13510,XGBoost,0.108,0.21063378
13511,XGBoost,0.3439,0.27803275
13512,XGBoost,0.0384,0.20360413
13513,XGBoost,0.2795,0.23261668
13514,XGBoost,-0.1262,-0.10947902
13515,XGBoost,0.438,0.43228453
13516,XGBoost,0.3907,0.36675873
13517,XGBoost,-0.0814,-0.12458304
13518,XGBoost,0.1678,0.11274679
13519,XGBoost,0.0802,0.081337534
13520,XGBoost,0.1455,0.09800662
13521,XGBoost,0.2875,0.20218891
13522,XGBoost,0.0117,-0.017371627
13523,XGBoost,0.4269,0.4332334
13524,XGBoost,0.1911,0.293419
13525,XGBoost,0.0549,0.107532755
13526,XGBoost,0.2011,0.26919827
13527,XGBoost,0.5978,0.69169694
13528,XGBoost,0.0324,-0.04844888
13529,XGBoost,0.2864,0.26747552
13530,XGBoost,0.1105,0.22050303
13531,XGBoost,-0.1103,-0.07339786
13532,XGBoost,0.4346,0.37449133
13533,XGBoost,0.2428,0.4570813
13534,XGBoost,0.0361,0.110015795
13535,XGBoost,0.2358,0.2124842
13536,XGBoost,-0.0825,0.08854515
13537,XGBoost,0.0403,0.086027965
13538,XGBoost,0.1929,0.16990186
13539,XGBoost,0.244,0.28916305
13540,XGBoost,0.3449,0.2871926
13541,XGBoost,0.2486,0.19838615
13542,XGBoost,0.0712,0.32314107
13543,XGBoost,-0.103,-0.15555166
13544,XGBoost,0.3753,0.3027415
13545,XGBoost,0.0006,0.008578441
13546,XGBoost,0.044,0.05953271
13547,XGBoost,0.1785,0.1811102
13548,XGBoost,0.4131,0.3814135
13549,XGBoost,0.2087,0.1799927
13550,XGBoost,0.3613,0.254601
13551,XGBoost,0.0645,0.13428107
13552,XGBoost,0.0967,0.1644348
13553,XGBoost,0.6455,0.6587704
13554,XGBoost,0.1528,0.09899843
13555,XGBoost,1.0079,0.94024223
13556,XGBoost,0.6653,0.6810862
13557,XGBoost,0.0932,0.0733474
13558,XGBoost,-0.0429,0.0103470525
13559,XGBoost,0.0913,0.12950318
13560,XGBoost,0.6575,0.6629761
13561,XGBoost,0.8496,0.7209298
13562,XGBoost,0.2605,0.23706686
13563,XGBoost,0.3398,0.32876062
13564,XGBoost,0.2501,0.2640998
13565,XGBoost,0.271,0.11557838
13566,XGBoost,-0.061,0.21613236
13567,XGBoost,0.4203,0.25432912
13568,XGBoost,-0.0005,0.011862045
13569,XGBoost,0.1558,0.18116188
13570,XGBoost,0.3335,0.26809916
13571,XGBoost,-0.0132,-0.09528534
13572,XGBoost,-0.1693,-0.19524433
13573,XGBoost,0.165,0.23669904
13574,XGBoost,0.1295,0.12330946
13575,XGBoost,0.175,0.21275099
13576,XGBoost,-0.0299,0.037482075
13577,XGBoost,0.0498,0.03049038
13578,XGBoost,0.216,0.12106333
13579,XGBoost,0.7059,0.56454974
13580,XGBoost,0.3241,0.23811615
13581,XGBoost,0.2366,0.19723323
13582,XGBoost,0.131,0.17502822
13583,XGBoost,0.3216,-0.006396551
13584,XGBoost,0.5217,0.3875675
13585,XGBoost,0.0427,0.017812533
13586,XGBoost,0.2335,0.2036208
13587,XGBoost,0.1227,0.18888426
13588,XGBoost,0.1921,0.31541377
13589,XGBoost,-0.1265,-0.11039294
13590,XGBoost,0.0169,0.14593329
13591,XGBoost,0.1836,0.17063293
13592,XGBoost,0.4508,0.34535336
13593,XGBoost,0.2019,0.09907442
13594,XGBoost,0.2379,0.21017523
13595,XGBoost,0.308,0.214936
13596,XGBoost,0.4073,0.4870091
13597,XGBoost,0.221,0.19852836
13598,XGBoost,0.1163,0.19836974
13599,XGBoost,0.0952,0.06724026
13600,XGBoost,0.4853,0.5379285
13601,XGBoost,0.1418,0.14557475
13602,XGBoost,0.6652,0.5862654
13603,XGBoost,0.0419,0.0589553
13604,XGBoost,0.1895,0.17421886
13605,XGBoost,-0.0431,-0.071385235
13606,XGBoost,-0.0173,0.004249701
13607,XGBoost,0.5333,0.4035814
13608,XGBoost,0.8141,0.77425843
13609,XGBoost,0.454,0.34315094
13610,XGBoost,0.0665,0.13178
13611,XGBoost,0.1774,0.16715828
13612,XGBoost,0.1839,0.11646534
13613,XGBoost,0.1469,0.13157941
13614,XGBoost,-0.5033,0.19169508
13615,XGBoost,0.3018,0.31327942
13616,XGBoost,0.1145,0.11925295
13617,XGBoost,0.0179,-0.013383953
13618,XGBoost,0.6383,0.7095309
13619,XGBoost,0.36,0.37251362
13620,XGBoost,0.0825,0.13881825
13621,XGBoost,0.6585,0.62919295
13622,XGBoost,0.2583,0.26785973
13623,XGBoost,0.1623,0.21172786
13624,XGBoost,-0.1698,-0.07593529
13625,XGBoost,0.1941,0.22110343
13626,XGBoost,0.3273,0.41568312
13627,XGBoost,0.1749,0.18569376
13628,XGBoost,0.3254,0.3319585
13629,XGBoost,0.0251,0.12429301
13630,XGBoost,0.0766,0.14337619
13631,XGBoost,-0.016,0.035471268
13632,XGBoost,0.3858,0.3891081
13633,XGBoost,-0.0388,0.12042996
13634,XGBoost,0.3729,0.29399675
13635,XGBoost,0.1852,0.1381613
13636,XGBoost,0.6184,0.59830123
13637,XGBoost,0.3669,0.27518383
13638,XGBoost,0.1481,0.15467976
13639,XGBoost,0.0361,0.06519777
13640,XGBoost,0.3179,0.31213823
13641,XGBoost,0.223,0.054242846
13642,XGBoost,0.0428,0.060730692
13643,XGBoost,0.1823,0.48395666
13644,XGBoost,0.1405,0.1393241
13645,XGBoost,0.0957,0.06936562
13646,XGBoost,0.5819,0.5820657
13647,XGBoost,-0.1337,0.035652716
13648,XGBoost,0.2142,0.14820293
13649,XGBoost,-0.0016,0.054235768
13650,XGBoost,0.5373,0.4693338
13651,XGBoost,0.1383,0.13694923
13652,XGBoost,0.3459,0.3675783
13653,XGBoost,0.1608,0.22845139
13654,XGBoost,0.8387,0.540337
13655,XGBoost,0.1567,0.2054005
13656,XGBoost,0.0416,0.02758635
13657,XGBoost,0.1188,0.1499139
13658,XGBoost,0.3047,0.2718247
13659,XGBoost,0.1303,0.20104511
13660,XGBoost,-0.085,-0.06842231
13661,XGBoost,-0.0164,0.059944976
13662,XGBoost,0.1152,0.15385848
13663,XGBoost,-0.0169,0.1357853
13664,XGBoost,0.1036,0.12779526
13665,XGBoost,0.5212,0.51163805
13666,XGBoost,0.3666,0.26110932
13667,XGBoost,-0.098,-0.11958237
13668,XGBoost,0.1084,0.10807973
13669,XGBoost,0.8723,0.8652253
13670,XGBoost,0.1322,0.14083114
13671,XGBoost,0.1147,0.09585956
13672,XGBoost,0.1247,0.114364356
13673,XGBoost,-0.1924,-0.19276555
13674,XGBoost,0.449,0.42880723
13675,XGBoost,0.3894,0.3462416
13676,XGBoost,0.5257,0.28307438
13677,XGBoost,0.1153,0.14601322
13678,XGBoost,0.0533,-0.005769455
13679,XGBoost,0.1737,0.15363349
13680,XGBoost,0.03,0.11135904
13681,XGBoost,-0.0147,0.046163734
13682,XGBoost,0.2641,0.037586063
13683,XGBoost,0.4854,0.65452814
13684,XGBoost,0.3445,0.39203674
13685,XGBoost,0.4229,0.39276636
13686,XGBoost,0.0477,0.119048536
13687,XGBoost,0.1157,0.15892805
13688,XGBoost,0.441,0.40982077
13689,XGBoost,0.1002,0.1295111
13690,XGBoost,0.8973,0.75016993
13691,XGBoost,-0.0655,-0.05684297
13692,XGBoost,0.3526,0.27643555
13693,XGBoost,0.4466,0.5407115
13694,XGBoost,0.0852,0.18693869
13695,XGBoost,0.7809,0.77715605
13696,XGBoost,0.0133,-0.012352596
13697,XGBoost,0.4147,0.31895265
13698,XGBoost,0.0922,0.081014656
13699,XGBoost,0.1637,0.086058185
13700,XGBoost,0.2647,0.16944478
13701,XGBoost,0.2417,0.24626744
13702,XGBoost,0.1029,0.14073446
13703,XGBoost,0.2201,0.25870052
13704,XGBoost,0.0164,0.12646917
13705,XGBoost,0.6812,0.62025404
13706,XGBoost,0.0405,0.15162171
13707,XGBoost,0.5053,0.41815817
13708,XGBoost,0.2447,0.08420915
13709,XGBoost,0.4093,0.4601422
13710,XGBoost,0.0639,0.1391657
13711,XGBoost,0.0072,0.110790655
13712,XGBoost,0.5435,0.5217259
13713,XGBoost,0.2698,0.29528254
13714,XGBoost,0.3711,0.5126377
13715,XGBoost,0.2884,0.26863354
13716,XGBoost,0.1866,0.07511759
13717,XGBoost,0.9287,0.89380914
13718,XGBoost,0.175,0.12998289
13719,XGBoost,-0.0025,0.051929735
13720,XGBoost,0.1725,0.2678577
13721,XGBoost,0.6452,0.7930616
13722,XGBoost,0.3289,0.23890966
13723,XGBoost,0.5133,0.4230925
13724,XGBoost,0.3051,0.30764815
13725,XGBoost,0.8136,0.7938853
13726,XGBoost,0.2089,0.2547327
13727,XGBoost,0.8454,0.8384924
13728,XGBoost,0.7122,0.81705564
13729,XGBoost,0.1855,0.16142464
13730,XGBoost,0.4717,0.39038914
13731,XGBoost,0.4186,0.40522578
13732,XGBoost,0.5399,0.55998397
13733,XGBoost,0.1329,0.12508683
13734,XGBoost,0.1832,0.18400696
13735,XGBoost,0.169,0.26755452
13736,XGBoost,-0.0272,0.020957151
13737,XGBoost,0.0991,0.15804616
13738,XGBoost,0.7323,0.6786973
